Category,speed,direction,lane,episode,Time header,Image_path
Cat1,15mph,lr,opposite,6,1624828705.8249464,/media/batool/MULTIMODAL_DATA/Multimodal_Data/Cat1/opposite/bag_files/Cat1_15mph_lr_opposite_6/camera_images/1624828705.8249464.jpg
Cat1,15mph,lr,opposite,6,1624828705.8582797,/media/batool/MULTIMODAL_DATA/Multimodal_Data/Cat1/opposite/bag_files/Cat1_15mph_lr_opposite_6/camera_images/1624828705.8582797.jpg
Cat1,15mph,lr,opposite,6,1624828705.891613,/media/batool/MULTIMODAL_DATA/Multimodal_Data/Cat1/opposite/bag_files/Cat1_15mph_lr_opposite_6/camera_images/1624828705.891613.jpg
Cat1,15mph,lr,opposite,6,1624828705.9249463,/media/batool/MULTIMODAL_DATA/Multimodal_Data/Cat1/opposite/bag_files/Cat1_15mph_lr_opposite_6/camera_images/1624828705.9249463.jpg
Cat1,15mph,lr,opposite,6,1624828705.9582796,/media/batool/MULTIMODAL_DATA/Multimodal_Data/Cat1/opposite/bag_files/Cat1_15mph_lr_opposite_6/camera_images/1624828705.9582796.jpg
Cat1,15mph,lr,opposite,6,1624828705.991613,/media/batool/MULTIMODAL_DATA/Multimodal_Data/Cat1/opposite/bag_files/Cat1_15mph_lr_opposite_6/camera_images/1624828705.991613.jpg
Cat1,15mph,lr,opposite,6,1624828706.0249462,/media/batool/MULTIMODAL_DATA/Multimodal_Data/Cat1/opposite/bag_files/Cat1_15mph_lr_opposite_6/camera_images/1624828706.0249462.jpg
Cat1,15mph,lr,opposite,6,1624828706.0582795,/media/batool/MULTIMODAL_DATA/Multimodal_Data/Cat1/opposite/bag_files/Cat1_15mph_lr_opposite_6/camera_images/1624828706.0582795.jpg
Cat1,15mph,lr,opposite,6,1624828706.0916128,/media/batool/MULTIMODAL_DATA/Multimodal_Data/Cat1/opposite/bag_files/Cat1_15mph_lr_opposite_6/camera_images/1624828706.0916128.jpg
Cat1,15mph,lr,opposite,6,1624828706.124946,/media/batool/MULTIMODAL_DATA/Multimodal_Data/Cat1/opposite/bag_files/Cat1_15mph_lr_opposite_6/camera_images/1624828706.124946.jpg
Cat1,15mph,lr,opposite,6,1624828706.1582794,/media/batool/MULTIMODAL_DATA/Multimodal_Data/Cat1/opposite/bag_files/Cat1_15mph_lr_opposite_6/camera_images/1624828706.1582794.jpg
Cat1,15mph,lr,opposite,6,1624828706.1916127,/media/batool/MULTIMODAL_DATA/Multimodal_Data/Cat1/opposite/bag_files/Cat1_15mph_lr_opposite_6/camera_images/1624828706.1916127.jpg
Cat1,15mph,lr,opposite,6,1624828706.224946,/media/batool/MULTIMODAL_DATA/Multimodal_Data/Cat1/opposite/bag_files/Cat1_15mph_lr_opposite_6/camera_images/1624828706.224946.jpg
Cat1,15mph,lr,opposite,6,1624828706.2582793,/media/batool/MULTIMODAL_DATA/Multimodal_Data/Cat1/opposite/bag_files/Cat1_15mph_lr_opposite_6/camera_images/1624828706.2582793.jpg
Cat1,15mph,lr,opposite,6,1624828706.2916126,/media/batool/MULTIMODAL_DATA/Multimodal_Data/Cat1/opposite/bag_files/Cat1_15mph_lr_opposite_6/camera_images/1624828706.2916126.jpg
Cat1,15mph,lr,opposite,6,1624828706.3582792,/media/batool/MULTIMODAL_DATA/Multimodal_Data/Cat1/opposite/bag_files/Cat1_15mph_lr_opposite_6/camera_images/1624828706.3582792.jpg
Cat1,15mph,lr,opposite,6,1624828706.3916125,/media/batool/MULTIMODAL_DATA/Multimodal_Data/Cat1/opposite/bag_files/Cat1_15mph_lr_opposite_6/camera_images/1624828706.3916125.jpg
Cat1,15mph,lr,opposite,6,1624828706.4249458,/media/batool/MULTIMODAL_DATA/Multimodal_Data/Cat1/opposite/bag_files/Cat1_15mph_lr_opposite_6/camera_images/1624828706.4249458.jpg
Cat1,15mph,lr,opposite,6,1624828706.4582791,/media/batool/MULTIMODAL_DATA/Multimodal_Data/Cat1/opposite/bag_files/Cat1_15mph_lr_opposite_6/camera_images/1624828706.4582791.jpg
Cat1,15mph,lr,opposite,6,1624828706.4916124,/media/batool/MULTIMODAL_DATA/Multimodal_Data/Cat1/opposite/bag_files/Cat1_15mph_lr_opposite_6/camera_images/1624828706.4916124.jpg
Cat1,15mph,lr,opposite,6,1624828706.5249457,/media/batool/MULTIMODAL_DATA/Multimodal_Data/Cat1/opposite/bag_files/Cat1_15mph_lr_opposite_6/camera_images/1624828706.5249457.jpg
Cat1,15mph,lr,opposite,6,1624828706.558279,/media/batool/MULTIMODAL_DATA/Multimodal_Data/Cat1/opposite/bag_files/Cat1_15mph_lr_opposite_6/camera_images/1624828706.558279.jpg
Cat1,15mph,lr,opposite,6,1624828706.5916123,/media/batool/MULTIMODAL_DATA/Multimodal_Data/Cat1/opposite/bag_files/Cat1_15mph_lr_opposite_6/camera_images/1624828706.5916123.jpg
Cat1,15mph,lr,opposite,6,1624828706.6249456,/media/batool/MULTIMODAL_DATA/Multimodal_Data/Cat1/opposite/bag_files/Cat1_15mph_lr_opposite_6/camera_images/1624828706.6249456.jpg
Cat1,15mph,lr,opposite,6,1624828706.658279,/media/batool/MULTIMODAL_DATA/Multimodal_Data/Cat1/opposite/bag_files/Cat1_15mph_lr_opposite_6/camera_images/1624828706.658279.jpg
Cat1,15mph,lr,opposite,6,1624828706.6916122,/media/batool/MULTIMODAL_DATA/Multimodal_Data/Cat1/opposite/bag_files/Cat1_15mph_lr_opposite_6/camera_images/1624828706.6916122.jpg
Cat1,15mph,lr,opposite,6,1624828706.7249455,/media/batool/MULTIMODAL_DATA/Multimodal_Data/Cat1/opposite/bag_files/Cat1_15mph_lr_opposite_6/camera_images/1624828706.7249455.jpg
Cat1,15mph,lr,opposite,6,1624828706.7582788,/media/batool/MULTIMODAL_DATA/Multimodal_Data/Cat1/opposite/bag_files/Cat1_15mph_lr_opposite_6/camera_images/1624828706.7582788.jpg
Cat1,15mph,lr,opposite,6,1624828706.7916121,/media/batool/MULTIMODAL_DATA/Multimodal_Data/Cat1/opposite/bag_files/Cat1_15mph_lr_opposite_6/camera_images/1624828706.7916121.jpg
Cat1,15mph,lr,opposite,6,1624828706.8249454,/media/batool/MULTIMODAL_DATA/Multimodal_Data/Cat1/opposite/bag_files/Cat1_15mph_lr_opposite_6/camera_images/1624828706.8249454.jpg
Cat1,15mph,lr,opposite,6,1624828706.891612,/media/batool/MULTIMODAL_DATA/Multimodal_Data/Cat1/opposite/bag_files/Cat1_15mph_lr_opposite_6/camera_images/1624828706.891612.jpg
Cat1,15mph,lr,opposite,6,1624828706.9249454,/media/batool/MULTIMODAL_DATA/Multimodal_Data/Cat1/opposite/bag_files/Cat1_15mph_lr_opposite_6/camera_images/1624828706.9249454.jpg
Cat1,15mph,lr,opposite,6,1624828706.9582787,/media/batool/MULTIMODAL_DATA/Multimodal_Data/Cat1/opposite/bag_files/Cat1_15mph_lr_opposite_6/camera_images/1624828706.9582787.jpg
Cat1,15mph,lr,opposite,6,1624828706.991612,/media/batool/MULTIMODAL_DATA/Multimodal_Data/Cat1/opposite/bag_files/Cat1_15mph_lr_opposite_6/camera_images/1624828706.991612.jpg
Cat1,15mph,lr,opposite,6,1624828707.0249453,/media/batool/MULTIMODAL_DATA/Multimodal_Data/Cat1/opposite/bag_files/Cat1_15mph_lr_opposite_6/camera_images/1624828707.0249453.jpg
Cat1,15mph,lr,opposite,6,1624828707.0582786,/media/batool/MULTIMODAL_DATA/Multimodal_Data/Cat1/opposite/bag_files/Cat1_15mph_lr_opposite_6/camera_images/1624828707.0582786.jpg
Cat1,15mph,lr,opposite,6,1624828707.0916119,/media/batool/MULTIMODAL_DATA/Multimodal_Data/Cat1/opposite/bag_files/Cat1_15mph_lr_opposite_6/camera_images/1624828707.0916119.jpg
Cat1,15mph,lr,opposite,6,1624828707.1249452,/media/batool/MULTIMODAL_DATA/Multimodal_Data/Cat1/opposite/bag_files/Cat1_15mph_lr_opposite_6/camera_images/1624828707.1249452.jpg
Cat1,15mph,lr,opposite,6,1624828707.1582785,/media/batool/MULTIMODAL_DATA/Multimodal_Data/Cat1/opposite/bag_files/Cat1_15mph_lr_opposite_6/camera_images/1624828707.1582785.jpg
Cat1,15mph,lr,opposite,6,1624828707.1916118,/media/batool/MULTIMODAL_DATA/Multimodal_Data/Cat1/opposite/bag_files/Cat1_15mph_lr_opposite_6/camera_images/1624828707.1916118.jpg
Cat1,15mph,lr,opposite,6,1624828707.224945,/media/batool/MULTIMODAL_DATA/Multimodal_Data/Cat1/opposite/bag_files/Cat1_15mph_lr_opposite_6/camera_images/1624828707.224945.jpg
Cat1,15mph,lr,opposite,6,1624828707.2582784,/media/batool/MULTIMODAL_DATA/Multimodal_Data/Cat1/opposite/bag_files/Cat1_15mph_lr_opposite_6/camera_images/1624828707.2582784.jpg
Cat1,15mph,lr,opposite,6,1624828707.2916117,/media/batool/MULTIMODAL_DATA/Multimodal_Data/Cat1/opposite/bag_files/Cat1_15mph_lr_opposite_6/camera_images/1624828707.2916117.jpg
Cat1,15mph,lr,opposite,6,1624828707.324945,/media/batool/MULTIMODAL_DATA/Multimodal_Data/Cat1/opposite/bag_files/Cat1_15mph_lr_opposite_6/camera_images/1624828707.324945.jpg
Cat1,15mph,lr,opposite,6,1624828707.3582783,/media/batool/MULTIMODAL_DATA/Multimodal_Data/Cat1/opposite/bag_files/Cat1_15mph_lr_opposite_6/camera_images/1624828707.3582783.jpg
Cat1,15mph,lr,opposite,6,1624828707.4249449,/media/batool/MULTIMODAL_DATA/Multimodal_Data/Cat1/opposite/bag_files/Cat1_15mph_lr_opposite_6/camera_images/1624828707.4249449.jpg
Cat1,15mph,lr,opposite,6,1624828707.4582782,/media/batool/MULTIMODAL_DATA/Multimodal_Data/Cat1/opposite/bag_files/Cat1_15mph_lr_opposite_6/camera_images/1624828707.4582782.jpg
Cat1,15mph,lr,opposite,6,1624828707.4916115,/media/batool/MULTIMODAL_DATA/Multimodal_Data/Cat1/opposite/bag_files/Cat1_15mph_lr_opposite_6/camera_images/1624828707.4916115.jpg
Cat1,15mph,lr,opposite,6,1624828707.5249448,/media/batool/MULTIMODAL_DATA/Multimodal_Data/Cat1/opposite/bag_files/Cat1_15mph_lr_opposite_6/camera_images/1624828707.5249448.jpg
Cat1,15mph,lr,opposite,6,1624828707.558278,/media/batool/MULTIMODAL_DATA/Multimodal_Data/Cat1/opposite/bag_files/Cat1_15mph_lr_opposite_6/camera_images/1624828707.558278.jpg
Cat1,15mph,lr,opposite,6,1624828707.5916114,/media/batool/MULTIMODAL_DATA/Multimodal_Data/Cat1/opposite/bag_files/Cat1_15mph_lr_opposite_6/camera_images/1624828707.5916114.jpg
Cat1,15mph,lr,opposite,6,1624828707.6249447,/media/batool/MULTIMODAL_DATA/Multimodal_Data/Cat1/opposite/bag_files/Cat1_15mph_lr_opposite_6/camera_images/1624828707.6249447.jpg
Cat1,15mph,lr,opposite,6,1624828707.658278,/media/batool/MULTIMODAL_DATA/Multimodal_Data/Cat1/opposite/bag_files/Cat1_15mph_lr_opposite_6/camera_images/1624828707.658278.jpg
Cat1,15mph,lr,opposite,6,1624828707.6916113,/media/batool/MULTIMODAL_DATA/Multimodal_Data/Cat1/opposite/bag_files/Cat1_15mph_lr_opposite_6/camera_images/1624828707.6916113.jpg
Cat1,15mph,lr,opposite,6,1624828707.7249446,/media/batool/MULTIMODAL_DATA/Multimodal_Data/Cat1/opposite/bag_files/Cat1_15mph_lr_opposite_6/camera_images/1624828707.7249446.jpg
Cat1,15mph,lr,opposite,6,1624828707.758278,/media/batool/MULTIMODAL_DATA/Multimodal_Data/Cat1/opposite/bag_files/Cat1_15mph_lr_opposite_6/camera_images/1624828707.758278.jpg
Cat1,15mph,lr,opposite,6,1624828707.7916112,/media/batool/MULTIMODAL_DATA/Multimodal_Data/Cat1/opposite/bag_files/Cat1_15mph_lr_opposite_6/camera_images/1624828707.7916112.jpg
Cat1,15mph,lr,opposite,6,1624828707.8249445,/media/batool/MULTIMODAL_DATA/Multimodal_Data/Cat1/opposite/bag_files/Cat1_15mph_lr_opposite_6/camera_images/1624828707.8249445.jpg
Cat1,15mph,lr,opposite,6,1624828707.8582778,/media/batool/MULTIMODAL_DATA/Multimodal_Data/Cat1/opposite/bag_files/Cat1_15mph_lr_opposite_6/camera_images/1624828707.8582778.jpg
Cat1,15mph,lr,opposite,6,1624828707.891611,/media/batool/MULTIMODAL_DATA/Multimodal_Data/Cat1/opposite/bag_files/Cat1_15mph_lr_opposite_6/camera_images/1624828707.891611.jpg
Cat1,15mph,lr,opposite,6,1624828706.324946,/media/batool/MULTIMODAL_DATA/Multimodal_Data/Cat1/opposite/bag_files/Cat1_15mph_lr_opposite_6/camera_images/1624828706.324946.jpg
Cat1,15mph,lr,opposite,6,1624828706.8582788,/media/batool/MULTIMODAL_DATA/Multimodal_Data/Cat1/opposite/bag_files/Cat1_15mph_lr_opposite_6/camera_images/1624828706.8582788.jpg
Cat1,15mph,lr,opposite,6,1624828707.3916116,/media/batool/MULTIMODAL_DATA/Multimodal_Data/Cat1/opposite/bag_files/Cat1_15mph_lr_opposite_6/camera_images/1624828707.3916116.jpg
Cat1,15mph,lr,opposite,6,1624828707.9249444,/media/batool/MULTIMODAL_DATA/Multimodal_Data/Cat1/opposite/bag_files/Cat1_15mph_lr_opposite_6/camera_images/1624828707.9249444.jpg
Cat1,15mph,lr,opposite,6,1624828708.4582772,/media/batool/MULTIMODAL_DATA/Multimodal_Data/Cat1/opposite/bag_files/Cat1_15mph_lr_opposite_6/camera_images/1624828708.4582772.jpg
Cat1,15mph,lr,opposite,6,1624828708.99161,/media/batool/MULTIMODAL_DATA/Multimodal_Data/Cat1/opposite/bag_files/Cat1_15mph_lr_opposite_6/camera_images/1624828708.99161.jpg
Cat1,15mph,lr,opposite,6,1624828709.5249429,/media/batool/MULTIMODAL_DATA/Multimodal_Data/Cat1/opposite/bag_files/Cat1_15mph_lr_opposite_6/camera_images/1624828709.5249429.jpg
Cat1,15mph,lr,opposite,6,1624828710.0582757,/media/batool/MULTIMODAL_DATA/Multimodal_Data/Cat1/opposite/bag_files/Cat1_15mph_lr_opposite_6/camera_images/1624828710.0582757.jpg
Cat1,15mph,lr,opposite,6,1624828710.5916085,/media/batool/MULTIMODAL_DATA/Multimodal_Data/Cat1/opposite/bag_files/Cat1_15mph_lr_opposite_6/camera_images/1624828710.5916085.jpg
Cat1,15mph,lr,opposite,6,1624828711.1249413,/media/batool/MULTIMODAL_DATA/Multimodal_Data/Cat1/opposite/bag_files/Cat1_15mph_lr_opposite_6/camera_images/1624828711.1249413.jpg
Cat1,15mph,lr,opposite,6,1624828711.6582742,/media/batool/MULTIMODAL_DATA/Multimodal_Data/Cat1/opposite/bag_files/Cat1_15mph_lr_opposite_6/camera_images/1624828711.6582742.jpg
Cat1,15mph,lr,opposite,6,1624828712.191607,/media/batool/MULTIMODAL_DATA/Multimodal_Data/Cat1/opposite/bag_files/Cat1_15mph_lr_opposite_6/camera_images/1624828712.191607.jpg
Cat1,15mph,lr,opposite,6,1624828712.7249398,/media/batool/MULTIMODAL_DATA/Multimodal_Data/Cat1/opposite/bag_files/Cat1_15mph_lr_opposite_6/camera_images/1624828712.7249398.jpg
Cat1,15mph,lr,opposite,6,1624828713.2582726,/media/batool/MULTIMODAL_DATA/Multimodal_Data/Cat1/opposite/bag_files/Cat1_15mph_lr_opposite_6/camera_images/1624828713.2582726.jpg
Cat1,15mph,lr,opposite,6,1624828713.7916055,/media/batool/MULTIMODAL_DATA/Multimodal_Data/Cat1/opposite/bag_files/Cat1_15mph_lr_opposite_6/camera_images/1624828713.7916055.jpg
Cat1,15mph,lr,opposite,6,1624828714.3249383,/media/batool/MULTIMODAL_DATA/Multimodal_Data/Cat1/opposite/bag_files/Cat1_15mph_lr_opposite_6/camera_images/1624828714.3249383.jpg
Cat1,15mph,lr,opposite,6,1624828714.8582711,/media/batool/MULTIMODAL_DATA/Multimodal_Data/Cat1/opposite/bag_files/Cat1_15mph_lr_opposite_6/camera_images/1624828714.8582711.jpg
Cat1,15mph,lr,opposite,6,1624828715.391604,/media/batool/MULTIMODAL_DATA/Multimodal_Data/Cat1/opposite/bag_files/Cat1_15mph_lr_opposite_6/camera_images/1624828715.391604.jpg
Cat1,15mph,lr,opposite,6,1624828715.9249368,/media/batool/MULTIMODAL_DATA/Multimodal_Data/Cat1/opposite/bag_files/Cat1_15mph_lr_opposite_6/camera_images/1624828715.9249368.jpg
Cat1,15mph,lr,opposite,6,1624828716.4582696,/media/batool/MULTIMODAL_DATA/Multimodal_Data/Cat1/opposite/bag_files/Cat1_15mph_lr_opposite_6/camera_images/1624828716.4582696.jpg
Cat1,15mph,lr,opposite,6,1624828716.9916024,/media/batool/MULTIMODAL_DATA/Multimodal_Data/Cat1/opposite/bag_files/Cat1_15mph_lr_opposite_6/camera_images/1624828716.9916024.jpg
Cat1,15mph,lr,opposite,6,1624828717.5249352,/media/batool/MULTIMODAL_DATA/Multimodal_Data/Cat1/opposite/bag_files/Cat1_15mph_lr_opposite_6/camera_images/1624828717.5249352.jpg
Cat1,15mph,lr,opposite,6,1624828718.058268,/media/batool/MULTIMODAL_DATA/Multimodal_Data/Cat1/opposite/bag_files/Cat1_15mph_lr_opposite_6/camera_images/1624828718.058268.jpg
Cat1,15mph,lr,opposite,6,1624828718.591601,/media/batool/MULTIMODAL_DATA/Multimodal_Data/Cat1/opposite/bag_files/Cat1_15mph_lr_opposite_6/camera_images/1624828718.591601.jpg
Cat1,15mph,lr,opposite,6,1624828719.1249337,/media/batool/MULTIMODAL_DATA/Multimodal_Data/Cat1/opposite/bag_files/Cat1_15mph_lr_opposite_6/camera_images/1624828719.1249337.jpg
Cat1,15mph,lr,opposite,6,1624828719.6582665,/media/batool/MULTIMODAL_DATA/Multimodal_Data/Cat1/opposite/bag_files/Cat1_15mph_lr_opposite_6/camera_images/1624828719.6582665.jpg
Cat1,15mph,lr,opposite,6,1624828720.1915994,/media/batool/MULTIMODAL_DATA/Multimodal_Data/Cat1/opposite/bag_files/Cat1_15mph_lr_opposite_6/camera_images/1624828720.1915994.jpg
Cat1,15mph,lr,opposite,6,1624828707.9582777,/media/batool/MULTIMODAL_DATA/Multimodal_Data/Cat1/opposite/bag_files/Cat1_15mph_lr_opposite_6/camera_images/1624828707.9582777.jpg
Cat1,15mph,lr,opposite,6,1624828707.991611,/media/batool/MULTIMODAL_DATA/Multimodal_Data/Cat1/opposite/bag_files/Cat1_15mph_lr_opposite_6/camera_images/1624828707.991611.jpg
Cat1,15mph,lr,opposite,6,1624828708.0249443,/media/batool/MULTIMODAL_DATA/Multimodal_Data/Cat1/opposite/bag_files/Cat1_15mph_lr_opposite_6/camera_images/1624828708.0249443.jpg
Cat1,15mph,lr,opposite,6,1624828708.0582776,/media/batool/MULTIMODAL_DATA/Multimodal_Data/Cat1/opposite/bag_files/Cat1_15mph_lr_opposite_6/camera_images/1624828708.0582776.jpg
Cat1,15mph,lr,opposite,6,1624828708.091611,/media/batool/MULTIMODAL_DATA/Multimodal_Data/Cat1/opposite/bag_files/Cat1_15mph_lr_opposite_6/camera_images/1624828708.091611.jpg
Cat1,15mph,lr,opposite,6,1624828708.1249442,/media/batool/MULTIMODAL_DATA/Multimodal_Data/Cat1/opposite/bag_files/Cat1_15mph_lr_opposite_6/camera_images/1624828708.1249442.jpg
Cat1,15mph,lr,opposite,6,1624828708.1582775,/media/batool/MULTIMODAL_DATA/Multimodal_Data/Cat1/opposite/bag_files/Cat1_15mph_lr_opposite_6/camera_images/1624828708.1582775.jpg
Cat1,15mph,lr,opposite,6,1624828708.1916108,/media/batool/MULTIMODAL_DATA/Multimodal_Data/Cat1/opposite/bag_files/Cat1_15mph_lr_opposite_6/camera_images/1624828708.1916108.jpg
Cat1,15mph,lr,opposite,6,1624828708.224944,/media/batool/MULTIMODAL_DATA/Multimodal_Data/Cat1/opposite/bag_files/Cat1_15mph_lr_opposite_6/camera_images/1624828708.224944.jpg
Cat1,15mph,lr,opposite,6,1624828708.2582774,/media/batool/MULTIMODAL_DATA/Multimodal_Data/Cat1/opposite/bag_files/Cat1_15mph_lr_opposite_6/camera_images/1624828708.2582774.jpg
Cat1,15mph,lr,opposite,6,1624828708.2916107,/media/batool/MULTIMODAL_DATA/Multimodal_Data/Cat1/opposite/bag_files/Cat1_15mph_lr_opposite_6/camera_images/1624828708.2916107.jpg
Cat1,15mph,lr,opposite,6,1624828708.324944,/media/batool/MULTIMODAL_DATA/Multimodal_Data/Cat1/opposite/bag_files/Cat1_15mph_lr_opposite_6/camera_images/1624828708.324944.jpg
Cat1,15mph,lr,opposite,6,1624828708.3582773,/media/batool/MULTIMODAL_DATA/Multimodal_Data/Cat1/opposite/bag_files/Cat1_15mph_lr_opposite_6/camera_images/1624828708.3582773.jpg
Cat1,15mph,lr,opposite,6,1624828708.3916106,/media/batool/MULTIMODAL_DATA/Multimodal_Data/Cat1/opposite/bag_files/Cat1_15mph_lr_opposite_6/camera_images/1624828708.3916106.jpg
Cat1,15mph,lr,opposite,6,1624828708.424944,/media/batool/MULTIMODAL_DATA/Multimodal_Data/Cat1/opposite/bag_files/Cat1_15mph_lr_opposite_6/camera_images/1624828708.424944.jpg
Cat1,15mph,lr,opposite,6,1624828708.4916105,/media/batool/MULTIMODAL_DATA/Multimodal_Data/Cat1/opposite/bag_files/Cat1_15mph_lr_opposite_6/camera_images/1624828708.4916105.jpg
Cat1,15mph,lr,opposite,6,1624828708.5249438,/media/batool/MULTIMODAL_DATA/Multimodal_Data/Cat1/opposite/bag_files/Cat1_15mph_lr_opposite_6/camera_images/1624828708.5249438.jpg
Cat1,15mph,lr,opposite,6,1624828708.5582771,/media/batool/MULTIMODAL_DATA/Multimodal_Data/Cat1/opposite/bag_files/Cat1_15mph_lr_opposite_6/camera_images/1624828708.5582771.jpg
Cat1,15mph,lr,opposite,6,1624828708.5916104,/media/batool/MULTIMODAL_DATA/Multimodal_Data/Cat1/opposite/bag_files/Cat1_15mph_lr_opposite_6/camera_images/1624828708.5916104.jpg
Cat1,15mph,lr,opposite,6,1624828708.6249437,/media/batool/MULTIMODAL_DATA/Multimodal_Data/Cat1/opposite/bag_files/Cat1_15mph_lr_opposite_6/camera_images/1624828708.6249437.jpg
Cat1,15mph,lr,opposite,6,1624828708.658277,/media/batool/MULTIMODAL_DATA/Multimodal_Data/Cat1/opposite/bag_files/Cat1_15mph_lr_opposite_6/camera_images/1624828708.658277.jpg
Cat1,15mph,lr,opposite,6,1624828708.6916103,/media/batool/MULTIMODAL_DATA/Multimodal_Data/Cat1/opposite/bag_files/Cat1_15mph_lr_opposite_6/camera_images/1624828708.6916103.jpg
Cat1,15mph,lr,opposite,6,1624828708.7249436,/media/batool/MULTIMODAL_DATA/Multimodal_Data/Cat1/opposite/bag_files/Cat1_15mph_lr_opposite_6/camera_images/1624828708.7249436.jpg
Cat1,15mph,lr,opposite,6,1624828708.758277,/media/batool/MULTIMODAL_DATA/Multimodal_Data/Cat1/opposite/bag_files/Cat1_15mph_lr_opposite_6/camera_images/1624828708.758277.jpg
Cat1,15mph,lr,opposite,6,1624828708.7916102,/media/batool/MULTIMODAL_DATA/Multimodal_Data/Cat1/opposite/bag_files/Cat1_15mph_lr_opposite_6/camera_images/1624828708.7916102.jpg
Cat1,15mph,lr,opposite,6,1624828708.8249435,/media/batool/MULTIMODAL_DATA/Multimodal_Data/Cat1/opposite/bag_files/Cat1_15mph_lr_opposite_6/camera_images/1624828708.8249435.jpg
Cat1,15mph,lr,opposite,6,1624828708.8582768,/media/batool/MULTIMODAL_DATA/Multimodal_Data/Cat1/opposite/bag_files/Cat1_15mph_lr_opposite_6/camera_images/1624828708.8582768.jpg
Cat1,15mph,lr,opposite,6,1624828708.8916101,/media/batool/MULTIMODAL_DATA/Multimodal_Data/Cat1/opposite/bag_files/Cat1_15mph_lr_opposite_6/camera_images/1624828708.8916101.jpg
Cat1,15mph,lr,opposite,6,1624828708.9249434,/media/batool/MULTIMODAL_DATA/Multimodal_Data/Cat1/opposite/bag_files/Cat1_15mph_lr_opposite_6/camera_images/1624828708.9249434.jpg
Cat1,15mph,lr,opposite,6,1624828708.9582767,/media/batool/MULTIMODAL_DATA/Multimodal_Data/Cat1/opposite/bag_files/Cat1_15mph_lr_opposite_6/camera_images/1624828708.9582767.jpg
Cat1,15mph,lr,opposite,6,1624828709.0249434,/media/batool/MULTIMODAL_DATA/Multimodal_Data/Cat1/opposite/bag_files/Cat1_15mph_lr_opposite_6/camera_images/1624828709.0249434.jpg
Cat1,15mph,lr,opposite,6,1624828709.0582767,/media/batool/MULTIMODAL_DATA/Multimodal_Data/Cat1/opposite/bag_files/Cat1_15mph_lr_opposite_6/camera_images/1624828709.0582767.jpg
Cat1,15mph,lr,opposite,6,1624828709.09161,/media/batool/MULTIMODAL_DATA/Multimodal_Data/Cat1/opposite/bag_files/Cat1_15mph_lr_opposite_6/camera_images/1624828709.09161.jpg
Cat1,15mph,lr,opposite,6,1624828709.1249433,/media/batool/MULTIMODAL_DATA/Multimodal_Data/Cat1/opposite/bag_files/Cat1_15mph_lr_opposite_6/camera_images/1624828709.1249433.jpg
Cat1,15mph,lr,opposite,6,1624828709.1582766,/media/batool/MULTIMODAL_DATA/Multimodal_Data/Cat1/opposite/bag_files/Cat1_15mph_lr_opposite_6/camera_images/1624828709.1582766.jpg
Cat1,15mph,lr,opposite,6,1624828709.1916099,/media/batool/MULTIMODAL_DATA/Multimodal_Data/Cat1/opposite/bag_files/Cat1_15mph_lr_opposite_6/camera_images/1624828709.1916099.jpg
Cat1,15mph,lr,opposite,6,1624828709.2249432,/media/batool/MULTIMODAL_DATA/Multimodal_Data/Cat1/opposite/bag_files/Cat1_15mph_lr_opposite_6/camera_images/1624828709.2249432.jpg
Cat1,15mph,lr,opposite,6,1624828709.2582765,/media/batool/MULTIMODAL_DATA/Multimodal_Data/Cat1/opposite/bag_files/Cat1_15mph_lr_opposite_6/camera_images/1624828709.2582765.jpg
Cat1,15mph,lr,opposite,6,1624828709.2916098,/media/batool/MULTIMODAL_DATA/Multimodal_Data/Cat1/opposite/bag_files/Cat1_15mph_lr_opposite_6/camera_images/1624828709.2916098.jpg
Cat1,15mph,lr,opposite,6,1624828709.324943,/media/batool/MULTIMODAL_DATA/Multimodal_Data/Cat1/opposite/bag_files/Cat1_15mph_lr_opposite_6/camera_images/1624828709.324943.jpg
Cat1,15mph,lr,opposite,6,1624828709.3582764,/media/batool/MULTIMODAL_DATA/Multimodal_Data/Cat1/opposite/bag_files/Cat1_15mph_lr_opposite_6/camera_images/1624828709.3582764.jpg
Cat1,15mph,lr,opposite,6,1624828709.3916097,/media/batool/MULTIMODAL_DATA/Multimodal_Data/Cat1/opposite/bag_files/Cat1_15mph_lr_opposite_6/camera_images/1624828709.3916097.jpg
Cat1,15mph,lr,opposite,6,1624828709.424943,/media/batool/MULTIMODAL_DATA/Multimodal_Data/Cat1/opposite/bag_files/Cat1_15mph_lr_opposite_6/camera_images/1624828709.424943.jpg
Cat1,15mph,lr,opposite,6,1624828709.4582763,/media/batool/MULTIMODAL_DATA/Multimodal_Data/Cat1/opposite/bag_files/Cat1_15mph_lr_opposite_6/camera_images/1624828709.4582763.jpg
Cat1,15mph,lr,opposite,6,1624828709.4916096,/media/batool/MULTIMODAL_DATA/Multimodal_Data/Cat1/opposite/bag_files/Cat1_15mph_lr_opposite_6/camera_images/1624828709.4916096.jpg
Cat1,15mph,lr,opposite,6,1624828709.5582762,/media/batool/MULTIMODAL_DATA/Multimodal_Data/Cat1/opposite/bag_files/Cat1_15mph_lr_opposite_6/camera_images/1624828709.5582762.jpg
Cat1,15mph,lr,opposite,6,1624828709.5916095,/media/batool/MULTIMODAL_DATA/Multimodal_Data/Cat1/opposite/bag_files/Cat1_15mph_lr_opposite_6/camera_images/1624828709.5916095.jpg
Cat1,15mph,lr,opposite,6,1624828709.6249428,/media/batool/MULTIMODAL_DATA/Multimodal_Data/Cat1/opposite/bag_files/Cat1_15mph_lr_opposite_6/camera_images/1624828709.6249428.jpg
Cat1,15mph,lr,opposite,6,1624828709.658276,/media/batool/MULTIMODAL_DATA/Multimodal_Data/Cat1/opposite/bag_files/Cat1_15mph_lr_opposite_6/camera_images/1624828709.658276.jpg
Cat1,15mph,lr,opposite,6,1624828709.6916094,/media/batool/MULTIMODAL_DATA/Multimodal_Data/Cat1/opposite/bag_files/Cat1_15mph_lr_opposite_6/camera_images/1624828709.6916094.jpg
Cat1,15mph,lr,opposite,6,1624828709.7249427,/media/batool/MULTIMODAL_DATA/Multimodal_Data/Cat1/opposite/bag_files/Cat1_15mph_lr_opposite_6/camera_images/1624828709.7249427.jpg
Cat1,15mph,lr,opposite,6,1624828709.758276,/media/batool/MULTIMODAL_DATA/Multimodal_Data/Cat1/opposite/bag_files/Cat1_15mph_lr_opposite_6/camera_images/1624828709.758276.jpg
Cat1,15mph,lr,opposite,6,1624828709.7916093,/media/batool/MULTIMODAL_DATA/Multimodal_Data/Cat1/opposite/bag_files/Cat1_15mph_lr_opposite_6/camera_images/1624828709.7916093.jpg
Cat1,15mph,lr,opposite,6,1624828709.8249426,/media/batool/MULTIMODAL_DATA/Multimodal_Data/Cat1/opposite/bag_files/Cat1_15mph_lr_opposite_6/camera_images/1624828709.8249426.jpg
Cat1,15mph,lr,opposite,6,1624828709.858276,/media/batool/MULTIMODAL_DATA/Multimodal_Data/Cat1/opposite/bag_files/Cat1_15mph_lr_opposite_6/camera_images/1624828709.858276.jpg
Cat1,15mph,lr,opposite,6,1624828709.8916092,/media/batool/MULTIMODAL_DATA/Multimodal_Data/Cat1/opposite/bag_files/Cat1_15mph_lr_opposite_6/camera_images/1624828709.8916092.jpg
Cat1,15mph,lr,opposite,6,1624828709.9249425,/media/batool/MULTIMODAL_DATA/Multimodal_Data/Cat1/opposite/bag_files/Cat1_15mph_lr_opposite_6/camera_images/1624828709.9249425.jpg
Cat1,15mph,lr,opposite,6,1624828709.9582758,/media/batool/MULTIMODAL_DATA/Multimodal_Data/Cat1/opposite/bag_files/Cat1_15mph_lr_opposite_6/camera_images/1624828709.9582758.jpg
Cat1,15mph,lr,opposite,6,1624828709.991609,/media/batool/MULTIMODAL_DATA/Multimodal_Data/Cat1/opposite/bag_files/Cat1_15mph_lr_opposite_6/camera_images/1624828709.991609.jpg
Cat1,15mph,lr,opposite,6,1624828710.0249424,/media/batool/MULTIMODAL_DATA/Multimodal_Data/Cat1/opposite/bag_files/Cat1_15mph_lr_opposite_6/camera_images/1624828710.0249424.jpg
Cat1,15mph,lr,opposite,6,1624828710.091609,/media/batool/MULTIMODAL_DATA/Multimodal_Data/Cat1/opposite/bag_files/Cat1_15mph_lr_opposite_6/camera_images/1624828710.091609.jpg
Cat1,15mph,lr,opposite,6,1624828710.1249423,/media/batool/MULTIMODAL_DATA/Multimodal_Data/Cat1/opposite/bag_files/Cat1_15mph_lr_opposite_6/camera_images/1624828710.1249423.jpg
Cat1,15mph,lr,opposite,6,1624828710.1582756,/media/batool/MULTIMODAL_DATA/Multimodal_Data/Cat1/opposite/bag_files/Cat1_15mph_lr_opposite_6/camera_images/1624828710.1582756.jpg
Cat1,15mph,lr,opposite,6,1624828710.191609,/media/batool/MULTIMODAL_DATA/Multimodal_Data/Cat1/opposite/bag_files/Cat1_15mph_lr_opposite_6/camera_images/1624828710.191609.jpg
Cat1,15mph,lr,opposite,6,1624828710.2249422,/media/batool/MULTIMODAL_DATA/Multimodal_Data/Cat1/opposite/bag_files/Cat1_15mph_lr_opposite_6/camera_images/1624828710.2249422.jpg
Cat1,15mph,lr,opposite,6,1624828710.2582755,/media/batool/MULTIMODAL_DATA/Multimodal_Data/Cat1/opposite/bag_files/Cat1_15mph_lr_opposite_6/camera_images/1624828710.2582755.jpg
Cat1,15mph,lr,opposite,6,1624828710.2916088,/media/batool/MULTIMODAL_DATA/Multimodal_Data/Cat1/opposite/bag_files/Cat1_15mph_lr_opposite_6/camera_images/1624828710.2916088.jpg
Cat1,15mph,lr,opposite,6,1624828710.324942,/media/batool/MULTIMODAL_DATA/Multimodal_Data/Cat1/opposite/bag_files/Cat1_15mph_lr_opposite_6/camera_images/1624828710.324942.jpg
Cat1,15mph,lr,opposite,6,1624828710.3582754,/media/batool/MULTIMODAL_DATA/Multimodal_Data/Cat1/opposite/bag_files/Cat1_15mph_lr_opposite_6/camera_images/1624828710.3582754.jpg
Cat1,15mph,lr,opposite,6,1624828710.3916087,/media/batool/MULTIMODAL_DATA/Multimodal_Data/Cat1/opposite/bag_files/Cat1_15mph_lr_opposite_6/camera_images/1624828710.3916087.jpg
Cat1,15mph,lr,opposite,6,1624828710.424942,/media/batool/MULTIMODAL_DATA/Multimodal_Data/Cat1/opposite/bag_files/Cat1_15mph_lr_opposite_6/camera_images/1624828710.424942.jpg
Cat1,15mph,lr,opposite,6,1624828710.4582753,/media/batool/MULTIMODAL_DATA/Multimodal_Data/Cat1/opposite/bag_files/Cat1_15mph_lr_opposite_6/camera_images/1624828710.4582753.jpg
Cat1,15mph,lr,opposite,6,1624828710.4916086,/media/batool/MULTIMODAL_DATA/Multimodal_Data/Cat1/opposite/bag_files/Cat1_15mph_lr_opposite_6/camera_images/1624828710.4916086.jpg
Cat1,15mph,lr,opposite,6,1624828710.524942,/media/batool/MULTIMODAL_DATA/Multimodal_Data/Cat1/opposite/bag_files/Cat1_15mph_lr_opposite_6/camera_images/1624828710.524942.jpg
Cat1,15mph,lr,opposite,6,1624828710.5582752,/media/batool/MULTIMODAL_DATA/Multimodal_Data/Cat1/opposite/bag_files/Cat1_15mph_lr_opposite_6/camera_images/1624828710.5582752.jpg
Cat1,15mph,lr,opposite,6,1624828710.6249418,/media/batool/MULTIMODAL_DATA/Multimodal_Data/Cat1/opposite/bag_files/Cat1_15mph_lr_opposite_6/camera_images/1624828710.6249418.jpg
Cat1,15mph,lr,opposite,6,1624828710.6582751,/media/batool/MULTIMODAL_DATA/Multimodal_Data/Cat1/opposite/bag_files/Cat1_15mph_lr_opposite_6/camera_images/1624828710.6582751.jpg
Cat1,15mph,lr,opposite,6,1624828710.6916084,/media/batool/MULTIMODAL_DATA/Multimodal_Data/Cat1/opposite/bag_files/Cat1_15mph_lr_opposite_6/camera_images/1624828710.6916084.jpg
Cat1,15mph,lr,opposite,6,1624828710.7249417,/media/batool/MULTIMODAL_DATA/Multimodal_Data/Cat1/opposite/bag_files/Cat1_15mph_lr_opposite_6/camera_images/1624828710.7249417.jpg
Cat1,15mph,lr,opposite,6,1624828710.758275,/media/batool/MULTIMODAL_DATA/Multimodal_Data/Cat1/opposite/bag_files/Cat1_15mph_lr_opposite_6/camera_images/1624828710.758275.jpg
Cat1,15mph,lr,opposite,6,1624828710.7916083,/media/batool/MULTIMODAL_DATA/Multimodal_Data/Cat1/opposite/bag_files/Cat1_15mph_lr_opposite_6/camera_images/1624828710.7916083.jpg
Cat1,15mph,lr,opposite,6,1624828710.8249416,/media/batool/MULTIMODAL_DATA/Multimodal_Data/Cat1/opposite/bag_files/Cat1_15mph_lr_opposite_6/camera_images/1624828710.8249416.jpg
Cat1,15mph,lr,opposite,6,1624828710.858275,/media/batool/MULTIMODAL_DATA/Multimodal_Data/Cat1/opposite/bag_files/Cat1_15mph_lr_opposite_6/camera_images/1624828710.858275.jpg
Cat1,15mph,lr,opposite,6,1624828710.8916082,/media/batool/MULTIMODAL_DATA/Multimodal_Data/Cat1/opposite/bag_files/Cat1_15mph_lr_opposite_6/camera_images/1624828710.8916082.jpg
Cat1,15mph,lr,opposite,6,1624828710.9249415,/media/batool/MULTIMODAL_DATA/Multimodal_Data/Cat1/opposite/bag_files/Cat1_15mph_lr_opposite_6/camera_images/1624828710.9249415.jpg
Cat1,15mph,lr,opposite,6,1624828710.9582748,/media/batool/MULTIMODAL_DATA/Multimodal_Data/Cat1/opposite/bag_files/Cat1_15mph_lr_opposite_6/camera_images/1624828710.9582748.jpg
Cat1,15mph,lr,opposite,6,1624828710.9916081,/media/batool/MULTIMODAL_DATA/Multimodal_Data/Cat1/opposite/bag_files/Cat1_15mph_lr_opposite_6/camera_images/1624828710.9916081.jpg
Cat1,15mph,lr,opposite,6,1624828711.0249414,/media/batool/MULTIMODAL_DATA/Multimodal_Data/Cat1/opposite/bag_files/Cat1_15mph_lr_opposite_6/camera_images/1624828711.0249414.jpg
Cat1,15mph,lr,opposite,6,1624828711.0582747,/media/batool/MULTIMODAL_DATA/Multimodal_Data/Cat1/opposite/bag_files/Cat1_15mph_lr_opposite_6/camera_images/1624828711.0582747.jpg
Cat1,15mph,lr,opposite,6,1624828711.091608,/media/batool/MULTIMODAL_DATA/Multimodal_Data/Cat1/opposite/bag_files/Cat1_15mph_lr_opposite_6/camera_images/1624828711.091608.jpg
Cat1,15mph,lr,opposite,6,1624828711.1582747,/media/batool/MULTIMODAL_DATA/Multimodal_Data/Cat1/opposite/bag_files/Cat1_15mph_lr_opposite_6/camera_images/1624828711.1582747.jpg
Cat1,15mph,lr,opposite,6,1624828711.191608,/media/batool/MULTIMODAL_DATA/Multimodal_Data/Cat1/opposite/bag_files/Cat1_15mph_lr_opposite_6/camera_images/1624828711.191608.jpg
Cat1,15mph,lr,opposite,6,1624828711.2249413,/media/batool/MULTIMODAL_DATA/Multimodal_Data/Cat1/opposite/bag_files/Cat1_15mph_lr_opposite_6/camera_images/1624828711.2249413.jpg
Cat1,15mph,lr,opposite,6,1624828711.2582746,/media/batool/MULTIMODAL_DATA/Multimodal_Data/Cat1/opposite/bag_files/Cat1_15mph_lr_opposite_6/camera_images/1624828711.2582746.jpg
Cat1,15mph,lr,opposite,6,1624828711.2916079,/media/batool/MULTIMODAL_DATA/Multimodal_Data/Cat1/opposite/bag_files/Cat1_15mph_lr_opposite_6/camera_images/1624828711.2916079.jpg
Cat1,15mph,lr,opposite,6,1624828711.3249412,/media/batool/MULTIMODAL_DATA/Multimodal_Data/Cat1/opposite/bag_files/Cat1_15mph_lr_opposite_6/camera_images/1624828711.3249412.jpg
Cat1,15mph,lr,opposite,6,1624828711.3582745,/media/batool/MULTIMODAL_DATA/Multimodal_Data/Cat1/opposite/bag_files/Cat1_15mph_lr_opposite_6/camera_images/1624828711.3582745.jpg
Cat1,15mph,lr,opposite,6,1624828711.3916078,/media/batool/MULTIMODAL_DATA/Multimodal_Data/Cat1/opposite/bag_files/Cat1_15mph_lr_opposite_6/camera_images/1624828711.3916078.jpg
Cat1,15mph,lr,opposite,6,1624828711.424941,/media/batool/MULTIMODAL_DATA/Multimodal_Data/Cat1/opposite/bag_files/Cat1_15mph_lr_opposite_6/camera_images/1624828711.424941.jpg
Cat1,15mph,lr,opposite,6,1624828711.4582744,/media/batool/MULTIMODAL_DATA/Multimodal_Data/Cat1/opposite/bag_files/Cat1_15mph_lr_opposite_6/camera_images/1624828711.4582744.jpg
Cat1,15mph,lr,opposite,6,1624828711.4916077,/media/batool/MULTIMODAL_DATA/Multimodal_Data/Cat1/opposite/bag_files/Cat1_15mph_lr_opposite_6/camera_images/1624828711.4916077.jpg
Cat1,15mph,lr,opposite,6,1624828711.524941,/media/batool/MULTIMODAL_DATA/Multimodal_Data/Cat1/opposite/bag_files/Cat1_15mph_lr_opposite_6/camera_images/1624828711.524941.jpg
Cat1,15mph,lr,opposite,6,1624828711.5582743,/media/batool/MULTIMODAL_DATA/Multimodal_Data/Cat1/opposite/bag_files/Cat1_15mph_lr_opposite_6/camera_images/1624828711.5582743.jpg
Cat1,15mph,lr,opposite,6,1624828711.5916076,/media/batool/MULTIMODAL_DATA/Multimodal_Data/Cat1/opposite/bag_files/Cat1_15mph_lr_opposite_6/camera_images/1624828711.5916076.jpg
Cat1,15mph,lr,opposite,6,1624828711.6249409,/media/batool/MULTIMODAL_DATA/Multimodal_Data/Cat1/opposite/bag_files/Cat1_15mph_lr_opposite_6/camera_images/1624828711.6249409.jpg
Cat1,15mph,lr,opposite,6,1624828711.6916075,/media/batool/MULTIMODAL_DATA/Multimodal_Data/Cat1/opposite/bag_files/Cat1_15mph_lr_opposite_6/camera_images/1624828711.6916075.jpg
Cat1,15mph,lr,opposite,6,1624828711.7249408,/media/batool/MULTIMODAL_DATA/Multimodal_Data/Cat1/opposite/bag_files/Cat1_15mph_lr_opposite_6/camera_images/1624828711.7249408.jpg
Cat1,15mph,lr,opposite,6,1624828711.758274,/media/batool/MULTIMODAL_DATA/Multimodal_Data/Cat1/opposite/bag_files/Cat1_15mph_lr_opposite_6/camera_images/1624828711.758274.jpg
Cat1,15mph,lr,opposite,6,1624828711.7916074,/media/batool/MULTIMODAL_DATA/Multimodal_Data/Cat1/opposite/bag_files/Cat1_15mph_lr_opposite_6/camera_images/1624828711.7916074.jpg
Cat1,15mph,lr,opposite,6,1624828711.8249407,/media/batool/MULTIMODAL_DATA/Multimodal_Data/Cat1/opposite/bag_files/Cat1_15mph_lr_opposite_6/camera_images/1624828711.8249407.jpg
Cat1,15mph,lr,opposite,6,1624828711.858274,/media/batool/MULTIMODAL_DATA/Multimodal_Data/Cat1/opposite/bag_files/Cat1_15mph_lr_opposite_6/camera_images/1624828711.858274.jpg
Cat1,15mph,lr,opposite,6,1624828711.8916073,/media/batool/MULTIMODAL_DATA/Multimodal_Data/Cat1/opposite/bag_files/Cat1_15mph_lr_opposite_6/camera_images/1624828711.8916073.jpg
Cat1,15mph,lr,opposite,6,1624828711.9249406,/media/batool/MULTIMODAL_DATA/Multimodal_Data/Cat1/opposite/bag_files/Cat1_15mph_lr_opposite_6/camera_images/1624828711.9249406.jpg
Cat1,15mph,lr,opposite,6,1624828711.958274,/media/batool/MULTIMODAL_DATA/Multimodal_Data/Cat1/opposite/bag_files/Cat1_15mph_lr_opposite_6/camera_images/1624828711.958274.jpg
Cat1,15mph,lr,opposite,6,1624828711.9916072,/media/batool/MULTIMODAL_DATA/Multimodal_Data/Cat1/opposite/bag_files/Cat1_15mph_lr_opposite_6/camera_images/1624828711.9916072.jpg
Cat1,15mph,lr,opposite,6,1624828712.0249405,/media/batool/MULTIMODAL_DATA/Multimodal_Data/Cat1/opposite/bag_files/Cat1_15mph_lr_opposite_6/camera_images/1624828712.0249405.jpg
Cat1,15mph,lr,opposite,6,1624828712.0582738,/media/batool/MULTIMODAL_DATA/Multimodal_Data/Cat1/opposite/bag_files/Cat1_15mph_lr_opposite_6/camera_images/1624828712.0582738.jpg
Cat1,15mph,lr,opposite,6,1624828712.091607,/media/batool/MULTIMODAL_DATA/Multimodal_Data/Cat1/opposite/bag_files/Cat1_15mph_lr_opposite_6/camera_images/1624828712.091607.jpg
Cat1,15mph,lr,opposite,6,1624828712.1249404,/media/batool/MULTIMODAL_DATA/Multimodal_Data/Cat1/opposite/bag_files/Cat1_15mph_lr_opposite_6/camera_images/1624828712.1249404.jpg
Cat1,15mph,lr,opposite,6,1624828712.1582737,/media/batool/MULTIMODAL_DATA/Multimodal_Data/Cat1/opposite/bag_files/Cat1_15mph_lr_opposite_6/camera_images/1624828712.1582737.jpg
Cat1,15mph,lr,opposite,6,1624828712.2249403,/media/batool/MULTIMODAL_DATA/Multimodal_Data/Cat1/opposite/bag_files/Cat1_15mph_lr_opposite_6/camera_images/1624828712.2249403.jpg
Cat1,15mph,lr,opposite,6,1624828712.2582736,/media/batool/MULTIMODAL_DATA/Multimodal_Data/Cat1/opposite/bag_files/Cat1_15mph_lr_opposite_6/camera_images/1624828712.2582736.jpg
Cat1,15mph,lr,opposite,6,1624828712.291607,/media/batool/MULTIMODAL_DATA/Multimodal_Data/Cat1/opposite/bag_files/Cat1_15mph_lr_opposite_6/camera_images/1624828712.291607.jpg
Cat1,15mph,lr,opposite,6,1624828712.3249402,/media/batool/MULTIMODAL_DATA/Multimodal_Data/Cat1/opposite/bag_files/Cat1_15mph_lr_opposite_6/camera_images/1624828712.3249402.jpg
Cat1,15mph,lr,opposite,6,1624828712.3582735,/media/batool/MULTIMODAL_DATA/Multimodal_Data/Cat1/opposite/bag_files/Cat1_15mph_lr_opposite_6/camera_images/1624828712.3582735.jpg
Cat1,15mph,lr,opposite,6,1624828712.3916068,/media/batool/MULTIMODAL_DATA/Multimodal_Data/Cat1/opposite/bag_files/Cat1_15mph_lr_opposite_6/camera_images/1624828712.3916068.jpg
Cat1,15mph,lr,opposite,6,1624828712.42494,/media/batool/MULTIMODAL_DATA/Multimodal_Data/Cat1/opposite/bag_files/Cat1_15mph_lr_opposite_6/camera_images/1624828712.42494.jpg
Cat1,15mph,lr,opposite,6,1624828712.4582734,/media/batool/MULTIMODAL_DATA/Multimodal_Data/Cat1/opposite/bag_files/Cat1_15mph_lr_opposite_6/camera_images/1624828712.4582734.jpg
Cat1,15mph,lr,opposite,6,1624828712.4916067,/media/batool/MULTIMODAL_DATA/Multimodal_Data/Cat1/opposite/bag_files/Cat1_15mph_lr_opposite_6/camera_images/1624828712.4916067.jpg
Cat1,15mph,lr,opposite,6,1624828712.52494,/media/batool/MULTIMODAL_DATA/Multimodal_Data/Cat1/opposite/bag_files/Cat1_15mph_lr_opposite_6/camera_images/1624828712.52494.jpg
Cat1,15mph,lr,opposite,6,1624828712.5582733,/media/batool/MULTIMODAL_DATA/Multimodal_Data/Cat1/opposite/bag_files/Cat1_15mph_lr_opposite_6/camera_images/1624828712.5582733.jpg
Cat1,15mph,lr,opposite,6,1624828712.5916066,/media/batool/MULTIMODAL_DATA/Multimodal_Data/Cat1/opposite/bag_files/Cat1_15mph_lr_opposite_6/camera_images/1624828712.5916066.jpg
Cat1,15mph,lr,opposite,6,1624828712.62494,/media/batool/MULTIMODAL_DATA/Multimodal_Data/Cat1/opposite/bag_files/Cat1_15mph_lr_opposite_6/camera_images/1624828712.62494.jpg
Cat1,15mph,lr,opposite,6,1624828712.6582732,/media/batool/MULTIMODAL_DATA/Multimodal_Data/Cat1/opposite/bag_files/Cat1_15mph_lr_opposite_6/camera_images/1624828712.6582732.jpg
Cat1,15mph,lr,opposite,6,1624828712.6916065,/media/batool/MULTIMODAL_DATA/Multimodal_Data/Cat1/opposite/bag_files/Cat1_15mph_lr_opposite_6/camera_images/1624828712.6916065.jpg
Cat1,15mph,lr,opposite,6,1624828712.7582731,/media/batool/MULTIMODAL_DATA/Multimodal_Data/Cat1/opposite/bag_files/Cat1_15mph_lr_opposite_6/camera_images/1624828712.7582731.jpg
Cat1,15mph,lr,opposite,6,1624828712.7916064,/media/batool/MULTIMODAL_DATA/Multimodal_Data/Cat1/opposite/bag_files/Cat1_15mph_lr_opposite_6/camera_images/1624828712.7916064.jpg
Cat1,15mph,lr,opposite,6,1624828712.8249397,/media/batool/MULTIMODAL_DATA/Multimodal_Data/Cat1/opposite/bag_files/Cat1_15mph_lr_opposite_6/camera_images/1624828712.8249397.jpg
Cat1,15mph,lr,opposite,6,1624828712.858273,/media/batool/MULTIMODAL_DATA/Multimodal_Data/Cat1/opposite/bag_files/Cat1_15mph_lr_opposite_6/camera_images/1624828712.858273.jpg
Cat1,15mph,lr,opposite,6,1624828712.8916063,/media/batool/MULTIMODAL_DATA/Multimodal_Data/Cat1/opposite/bag_files/Cat1_15mph_lr_opposite_6/camera_images/1624828712.8916063.jpg
Cat1,15mph,lr,opposite,6,1624828712.9249396,/media/batool/MULTIMODAL_DATA/Multimodal_Data/Cat1/opposite/bag_files/Cat1_15mph_lr_opposite_6/camera_images/1624828712.9249396.jpg
Cat1,15mph,lr,opposite,6,1624828712.958273,/media/batool/MULTIMODAL_DATA/Multimodal_Data/Cat1/opposite/bag_files/Cat1_15mph_lr_opposite_6/camera_images/1624828712.958273.jpg
Cat1,15mph,lr,opposite,6,1624828712.9916062,/media/batool/MULTIMODAL_DATA/Multimodal_Data/Cat1/opposite/bag_files/Cat1_15mph_lr_opposite_6/camera_images/1624828712.9916062.jpg
Cat1,15mph,lr,opposite,6,1624828713.0249395,/media/batool/MULTIMODAL_DATA/Multimodal_Data/Cat1/opposite/bag_files/Cat1_15mph_lr_opposite_6/camera_images/1624828713.0249395.jpg
Cat1,15mph,lr,opposite,6,1624828713.0582728,/media/batool/MULTIMODAL_DATA/Multimodal_Data/Cat1/opposite/bag_files/Cat1_15mph_lr_opposite_6/camera_images/1624828713.0582728.jpg
Cat1,15mph,lr,opposite,6,1624828713.0916061,/media/batool/MULTIMODAL_DATA/Multimodal_Data/Cat1/opposite/bag_files/Cat1_15mph_lr_opposite_6/camera_images/1624828713.0916061.jpg
Cat1,15mph,lr,opposite,6,1624828713.1249394,/media/batool/MULTIMODAL_DATA/Multimodal_Data/Cat1/opposite/bag_files/Cat1_15mph_lr_opposite_6/camera_images/1624828713.1249394.jpg
Cat1,15mph,lr,opposite,6,1624828713.1582727,/media/batool/MULTIMODAL_DATA/Multimodal_Data/Cat1/opposite/bag_files/Cat1_15mph_lr_opposite_6/camera_images/1624828713.1582727.jpg
Cat1,15mph,lr,opposite,6,1624828713.191606,/media/batool/MULTIMODAL_DATA/Multimodal_Data/Cat1/opposite/bag_files/Cat1_15mph_lr_opposite_6/camera_images/1624828713.191606.jpg
Cat1,15mph,lr,opposite,6,1624828713.2249393,/media/batool/MULTIMODAL_DATA/Multimodal_Data/Cat1/opposite/bag_files/Cat1_15mph_lr_opposite_6/camera_images/1624828713.2249393.jpg
Cat1,15mph,lr,opposite,6,1624828713.291606,/media/batool/MULTIMODAL_DATA/Multimodal_Data/Cat1/opposite/bag_files/Cat1_15mph_lr_opposite_6/camera_images/1624828713.291606.jpg
Cat1,15mph,lr,opposite,6,1624828713.3249393,/media/batool/MULTIMODAL_DATA/Multimodal_Data/Cat1/opposite/bag_files/Cat1_15mph_lr_opposite_6/camera_images/1624828713.3249393.jpg
Cat1,15mph,lr,opposite,6,1624828713.3582726,/media/batool/MULTIMODAL_DATA/Multimodal_Data/Cat1/opposite/bag_files/Cat1_15mph_lr_opposite_6/camera_images/1624828713.3582726.jpg
Cat1,15mph,lr,opposite,6,1624828713.3916059,/media/batool/MULTIMODAL_DATA/Multimodal_Data/Cat1/opposite/bag_files/Cat1_15mph_lr_opposite_6/camera_images/1624828713.3916059.jpg
Cat1,15mph,lr,opposite,6,1624828713.4249392,/media/batool/MULTIMODAL_DATA/Multimodal_Data/Cat1/opposite/bag_files/Cat1_15mph_lr_opposite_6/camera_images/1624828713.4249392.jpg
Cat1,15mph,lr,opposite,6,1624828713.4582725,/media/batool/MULTIMODAL_DATA/Multimodal_Data/Cat1/opposite/bag_files/Cat1_15mph_lr_opposite_6/camera_images/1624828713.4582725.jpg
Cat1,15mph,lr,opposite,6,1624828713.4916058,/media/batool/MULTIMODAL_DATA/Multimodal_Data/Cat1/opposite/bag_files/Cat1_15mph_lr_opposite_6/camera_images/1624828713.4916058.jpg
Cat1,15mph,lr,opposite,6,1624828713.524939,/media/batool/MULTIMODAL_DATA/Multimodal_Data/Cat1/opposite/bag_files/Cat1_15mph_lr_opposite_6/camera_images/1624828713.524939.jpg
Cat1,15mph,lr,opposite,6,1624828713.5582724,/media/batool/MULTIMODAL_DATA/Multimodal_Data/Cat1/opposite/bag_files/Cat1_15mph_lr_opposite_6/camera_images/1624828713.5582724.jpg
Cat1,15mph,lr,opposite,6,1624828713.5916057,/media/batool/MULTIMODAL_DATA/Multimodal_Data/Cat1/opposite/bag_files/Cat1_15mph_lr_opposite_6/camera_images/1624828713.5916057.jpg
Cat1,15mph,lr,opposite,6,1624828713.624939,/media/batool/MULTIMODAL_DATA/Multimodal_Data/Cat1/opposite/bag_files/Cat1_15mph_lr_opposite_6/camera_images/1624828713.624939.jpg
Cat1,15mph,lr,opposite,6,1624828713.6582723,/media/batool/MULTIMODAL_DATA/Multimodal_Data/Cat1/opposite/bag_files/Cat1_15mph_lr_opposite_6/camera_images/1624828713.6582723.jpg
Cat1,15mph,lr,opposite,6,1624828713.6916056,/media/batool/MULTIMODAL_DATA/Multimodal_Data/Cat1/opposite/bag_files/Cat1_15mph_lr_opposite_6/camera_images/1624828713.6916056.jpg
Cat1,15mph,lr,opposite,6,1624828713.7249389,/media/batool/MULTIMODAL_DATA/Multimodal_Data/Cat1/opposite/bag_files/Cat1_15mph_lr_opposite_6/camera_images/1624828713.7249389.jpg
Cat1,15mph,lr,opposite,6,1624828713.7582722,/media/batool/MULTIMODAL_DATA/Multimodal_Data/Cat1/opposite/bag_files/Cat1_15mph_lr_opposite_6/camera_images/1624828713.7582722.jpg
Cat1,15mph,lr,opposite,6,1624828713.8249388,/media/batool/MULTIMODAL_DATA/Multimodal_Data/Cat1/opposite/bag_files/Cat1_15mph_lr_opposite_6/camera_images/1624828713.8249388.jpg
Cat1,15mph,lr,opposite,6,1624828713.858272,/media/batool/MULTIMODAL_DATA/Multimodal_Data/Cat1/opposite/bag_files/Cat1_15mph_lr_opposite_6/camera_images/1624828713.858272.jpg
Cat1,15mph,lr,opposite,6,1624828713.8916054,/media/batool/MULTIMODAL_DATA/Multimodal_Data/Cat1/opposite/bag_files/Cat1_15mph_lr_opposite_6/camera_images/1624828713.8916054.jpg
Cat1,15mph,lr,opposite,6,1624828713.9249387,/media/batool/MULTIMODAL_DATA/Multimodal_Data/Cat1/opposite/bag_files/Cat1_15mph_lr_opposite_6/camera_images/1624828713.9249387.jpg
Cat1,15mph,lr,opposite,6,1624828713.958272,/media/batool/MULTIMODAL_DATA/Multimodal_Data/Cat1/opposite/bag_files/Cat1_15mph_lr_opposite_6/camera_images/1624828713.958272.jpg
Cat1,15mph,lr,opposite,6,1624828713.9916053,/media/batool/MULTIMODAL_DATA/Multimodal_Data/Cat1/opposite/bag_files/Cat1_15mph_lr_opposite_6/camera_images/1624828713.9916053.jpg
Cat1,15mph,lr,opposite,6,1624828714.0249386,/media/batool/MULTIMODAL_DATA/Multimodal_Data/Cat1/opposite/bag_files/Cat1_15mph_lr_opposite_6/camera_images/1624828714.0249386.jpg
Cat1,15mph,lr,opposite,6,1624828714.058272,/media/batool/MULTIMODAL_DATA/Multimodal_Data/Cat1/opposite/bag_files/Cat1_15mph_lr_opposite_6/camera_images/1624828714.058272.jpg
Cat1,15mph,lr,opposite,6,1624828714.0916052,/media/batool/MULTIMODAL_DATA/Multimodal_Data/Cat1/opposite/bag_files/Cat1_15mph_lr_opposite_6/camera_images/1624828714.0916052.jpg
Cat1,15mph,lr,opposite,6,1624828714.1249385,/media/batool/MULTIMODAL_DATA/Multimodal_Data/Cat1/opposite/bag_files/Cat1_15mph_lr_opposite_6/camera_images/1624828714.1249385.jpg
Cat1,15mph,lr,opposite,6,1624828714.1582718,/media/batool/MULTIMODAL_DATA/Multimodal_Data/Cat1/opposite/bag_files/Cat1_15mph_lr_opposite_6/camera_images/1624828714.1582718.jpg
Cat1,15mph,lr,opposite,6,1624828714.191605,/media/batool/MULTIMODAL_DATA/Multimodal_Data/Cat1/opposite/bag_files/Cat1_15mph_lr_opposite_6/camera_images/1624828714.191605.jpg
Cat1,15mph,lr,opposite,6,1624828714.2249384,/media/batool/MULTIMODAL_DATA/Multimodal_Data/Cat1/opposite/bag_files/Cat1_15mph_lr_opposite_6/camera_images/1624828714.2249384.jpg
Cat1,15mph,lr,opposite,6,1624828714.2582717,/media/batool/MULTIMODAL_DATA/Multimodal_Data/Cat1/opposite/bag_files/Cat1_15mph_lr_opposite_6/camera_images/1624828714.2582717.jpg
Cat1,15mph,lr,opposite,6,1624828714.291605,/media/batool/MULTIMODAL_DATA/Multimodal_Data/Cat1/opposite/bag_files/Cat1_15mph_lr_opposite_6/camera_images/1624828714.291605.jpg
Cat1,15mph,lr,opposite,6,1624828714.3582716,/media/batool/MULTIMODAL_DATA/Multimodal_Data/Cat1/opposite/bag_files/Cat1_15mph_lr_opposite_6/camera_images/1624828714.3582716.jpg
Cat1,15mph,lr,opposite,6,1624828714.391605,/media/batool/MULTIMODAL_DATA/Multimodal_Data/Cat1/opposite/bag_files/Cat1_15mph_lr_opposite_6/camera_images/1624828714.391605.jpg
Cat1,15mph,lr,opposite,6,1624828714.4249382,/media/batool/MULTIMODAL_DATA/Multimodal_Data/Cat1/opposite/bag_files/Cat1_15mph_lr_opposite_6/camera_images/1624828714.4249382.jpg
Cat1,15mph,lr,opposite,6,1624828714.4582715,/media/batool/MULTIMODAL_DATA/Multimodal_Data/Cat1/opposite/bag_files/Cat1_15mph_lr_opposite_6/camera_images/1624828714.4582715.jpg
Cat1,15mph,lr,opposite,6,1624828714.4916048,/media/batool/MULTIMODAL_DATA/Multimodal_Data/Cat1/opposite/bag_files/Cat1_15mph_lr_opposite_6/camera_images/1624828714.4916048.jpg
Cat1,15mph,lr,opposite,6,1624828714.524938,/media/batool/MULTIMODAL_DATA/Multimodal_Data/Cat1/opposite/bag_files/Cat1_15mph_lr_opposite_6/camera_images/1624828714.524938.jpg
Cat1,15mph,lr,opposite,6,1624828714.5582714,/media/batool/MULTIMODAL_DATA/Multimodal_Data/Cat1/opposite/bag_files/Cat1_15mph_lr_opposite_6/camera_images/1624828714.5582714.jpg
Cat1,15mph,lr,opposite,6,1624828714.5916047,/media/batool/MULTIMODAL_DATA/Multimodal_Data/Cat1/opposite/bag_files/Cat1_15mph_lr_opposite_6/camera_images/1624828714.5916047.jpg
Cat1,15mph,lr,opposite,6,1624828714.624938,/media/batool/MULTIMODAL_DATA/Multimodal_Data/Cat1/opposite/bag_files/Cat1_15mph_lr_opposite_6/camera_images/1624828714.624938.jpg
Cat1,15mph,lr,opposite,6,1624828714.6582713,/media/batool/MULTIMODAL_DATA/Multimodal_Data/Cat1/opposite/bag_files/Cat1_15mph_lr_opposite_6/camera_images/1624828714.6582713.jpg
Cat1,15mph,lr,opposite,6,1624828714.6916046,/media/batool/MULTIMODAL_DATA/Multimodal_Data/Cat1/opposite/bag_files/Cat1_15mph_lr_opposite_6/camera_images/1624828714.6916046.jpg
Cat1,15mph,lr,opposite,6,1624828714.724938,/media/batool/MULTIMODAL_DATA/Multimodal_Data/Cat1/opposite/bag_files/Cat1_15mph_lr_opposite_6/camera_images/1624828714.724938.jpg
Cat1,15mph,lr,opposite,6,1624828714.7582712,/media/batool/MULTIMODAL_DATA/Multimodal_Data/Cat1/opposite/bag_files/Cat1_15mph_lr_opposite_6/camera_images/1624828714.7582712.jpg
Cat1,15mph,lr,opposite,6,1624828714.7916045,/media/batool/MULTIMODAL_DATA/Multimodal_Data/Cat1/opposite/bag_files/Cat1_15mph_lr_opposite_6/camera_images/1624828714.7916045.jpg
Cat1,15mph,lr,opposite,6,1624828714.8249378,/media/batool/MULTIMODAL_DATA/Multimodal_Data/Cat1/opposite/bag_files/Cat1_15mph_lr_opposite_6/camera_images/1624828714.8249378.jpg
Cat1,15mph,lr,opposite,6,1624828714.8916044,/media/batool/MULTIMODAL_DATA/Multimodal_Data/Cat1/opposite/bag_files/Cat1_15mph_lr_opposite_6/camera_images/1624828714.8916044.jpg
Cat1,15mph,lr,opposite,6,1624828714.9249377,/media/batool/MULTIMODAL_DATA/Multimodal_Data/Cat1/opposite/bag_files/Cat1_15mph_lr_opposite_6/camera_images/1624828714.9249377.jpg
Cat1,15mph,lr,opposite,6,1624828714.958271,/media/batool/MULTIMODAL_DATA/Multimodal_Data/Cat1/opposite/bag_files/Cat1_15mph_lr_opposite_6/camera_images/1624828714.958271.jpg
Cat1,15mph,lr,opposite,6,1624828714.9916043,/media/batool/MULTIMODAL_DATA/Multimodal_Data/Cat1/opposite/bag_files/Cat1_15mph_lr_opposite_6/camera_images/1624828714.9916043.jpg
Cat1,15mph,lr,opposite,6,1624828715.0249376,/media/batool/MULTIMODAL_DATA/Multimodal_Data/Cat1/opposite/bag_files/Cat1_15mph_lr_opposite_6/camera_images/1624828715.0249376.jpg
Cat1,15mph,lr,opposite,6,1624828715.058271,/media/batool/MULTIMODAL_DATA/Multimodal_Data/Cat1/opposite/bag_files/Cat1_15mph_lr_opposite_6/camera_images/1624828715.058271.jpg
Cat1,15mph,lr,opposite,6,1624828715.0916042,/media/batool/MULTIMODAL_DATA/Multimodal_Data/Cat1/opposite/bag_files/Cat1_15mph_lr_opposite_6/camera_images/1624828715.0916042.jpg
Cat1,15mph,lr,opposite,6,1624828715.1249375,/media/batool/MULTIMODAL_DATA/Multimodal_Data/Cat1/opposite/bag_files/Cat1_15mph_lr_opposite_6/camera_images/1624828715.1249375.jpg
Cat1,15mph,lr,opposite,6,1624828715.1582708,/media/batool/MULTIMODAL_DATA/Multimodal_Data/Cat1/opposite/bag_files/Cat1_15mph_lr_opposite_6/camera_images/1624828715.1582708.jpg
Cat1,15mph,lr,opposite,6,1624828715.1916041,/media/batool/MULTIMODAL_DATA/Multimodal_Data/Cat1/opposite/bag_files/Cat1_15mph_lr_opposite_6/camera_images/1624828715.1916041.jpg
Cat1,15mph,lr,opposite,6,1624828715.2249374,/media/batool/MULTIMODAL_DATA/Multimodal_Data/Cat1/opposite/bag_files/Cat1_15mph_lr_opposite_6/camera_images/1624828715.2249374.jpg
Cat1,15mph,lr,opposite,6,1624828715.2582707,/media/batool/MULTIMODAL_DATA/Multimodal_Data/Cat1/opposite/bag_files/Cat1_15mph_lr_opposite_6/camera_images/1624828715.2582707.jpg
Cat1,15mph,lr,opposite,6,1624828715.291604,/media/batool/MULTIMODAL_DATA/Multimodal_Data/Cat1/opposite/bag_files/Cat1_15mph_lr_opposite_6/camera_images/1624828715.291604.jpg
Cat1,15mph,lr,opposite,6,1624828715.3249373,/media/batool/MULTIMODAL_DATA/Multimodal_Data/Cat1/opposite/bag_files/Cat1_15mph_lr_opposite_6/camera_images/1624828715.3249373.jpg
Cat1,15mph,lr,opposite,6,1624828715.3582706,/media/batool/MULTIMODAL_DATA/Multimodal_Data/Cat1/opposite/bag_files/Cat1_15mph_lr_opposite_6/camera_images/1624828715.3582706.jpg
Cat1,15mph,lr,opposite,6,1624828715.4249372,/media/batool/MULTIMODAL_DATA/Multimodal_Data/Cat1/opposite/bag_files/Cat1_15mph_lr_opposite_6/camera_images/1624828715.4249372.jpg
Cat1,15mph,lr,opposite,6,1624828715.4582705,/media/batool/MULTIMODAL_DATA/Multimodal_Data/Cat1/opposite/bag_files/Cat1_15mph_lr_opposite_6/camera_images/1624828715.4582705.jpg
Cat1,15mph,lr,opposite,6,1624828715.4916039,/media/batool/MULTIMODAL_DATA/Multimodal_Data/Cat1/opposite/bag_files/Cat1_15mph_lr_opposite_6/camera_images/1624828715.4916039.jpg
Cat1,15mph,lr,opposite,6,1624828715.5249372,/media/batool/MULTIMODAL_DATA/Multimodal_Data/Cat1/opposite/bag_files/Cat1_15mph_lr_opposite_6/camera_images/1624828715.5249372.jpg
Cat1,15mph,lr,opposite,6,1624828715.5582705,/media/batool/MULTIMODAL_DATA/Multimodal_Data/Cat1/opposite/bag_files/Cat1_15mph_lr_opposite_6/camera_images/1624828715.5582705.jpg
Cat1,15mph,lr,opposite,6,1624828715.5916038,/media/batool/MULTIMODAL_DATA/Multimodal_Data/Cat1/opposite/bag_files/Cat1_15mph_lr_opposite_6/camera_images/1624828715.5916038.jpg
Cat1,15mph,lr,opposite,6,1624828715.624937,/media/batool/MULTIMODAL_DATA/Multimodal_Data/Cat1/opposite/bag_files/Cat1_15mph_lr_opposite_6/camera_images/1624828715.624937.jpg
Cat1,15mph,lr,opposite,6,1624828715.6582704,/media/batool/MULTIMODAL_DATA/Multimodal_Data/Cat1/opposite/bag_files/Cat1_15mph_lr_opposite_6/camera_images/1624828715.6582704.jpg
Cat1,15mph,lr,opposite,6,1624828715.6916037,/media/batool/MULTIMODAL_DATA/Multimodal_Data/Cat1/opposite/bag_files/Cat1_15mph_lr_opposite_6/camera_images/1624828715.6916037.jpg
Cat1,15mph,lr,opposite,6,1624828715.724937,/media/batool/MULTIMODAL_DATA/Multimodal_Data/Cat1/opposite/bag_files/Cat1_15mph_lr_opposite_6/camera_images/1624828715.724937.jpg
Cat1,15mph,lr,opposite,6,1624828715.7582703,/media/batool/MULTIMODAL_DATA/Multimodal_Data/Cat1/opposite/bag_files/Cat1_15mph_lr_opposite_6/camera_images/1624828715.7582703.jpg
Cat1,15mph,lr,opposite,6,1624828715.7916036,/media/batool/MULTIMODAL_DATA/Multimodal_Data/Cat1/opposite/bag_files/Cat1_15mph_lr_opposite_6/camera_images/1624828715.7916036.jpg
Cat1,15mph,lr,opposite,6,1624828715.8249369,/media/batool/MULTIMODAL_DATA/Multimodal_Data/Cat1/opposite/bag_files/Cat1_15mph_lr_opposite_6/camera_images/1624828715.8249369.jpg
Cat1,15mph,lr,opposite,6,1624828715.8582702,/media/batool/MULTIMODAL_DATA/Multimodal_Data/Cat1/opposite/bag_files/Cat1_15mph_lr_opposite_6/camera_images/1624828715.8582702.jpg
Cat1,15mph,lr,opposite,6,1624828715.8916035,/media/batool/MULTIMODAL_DATA/Multimodal_Data/Cat1/opposite/bag_files/Cat1_15mph_lr_opposite_6/camera_images/1624828715.8916035.jpg
Cat1,15mph,lr,opposite,6,1624828715.95827,/media/batool/MULTIMODAL_DATA/Multimodal_Data/Cat1/opposite/bag_files/Cat1_15mph_lr_opposite_6/camera_images/1624828715.95827.jpg
Cat1,15mph,lr,opposite,6,1624828715.9916034,/media/batool/MULTIMODAL_DATA/Multimodal_Data/Cat1/opposite/bag_files/Cat1_15mph_lr_opposite_6/camera_images/1624828715.9916034.jpg
Cat1,15mph,lr,opposite,6,1624828716.0249367,/media/batool/MULTIMODAL_DATA/Multimodal_Data/Cat1/opposite/bag_files/Cat1_15mph_lr_opposite_6/camera_images/1624828716.0249367.jpg
Cat1,15mph,lr,opposite,6,1624828716.05827,/media/batool/MULTIMODAL_DATA/Multimodal_Data/Cat1/opposite/bag_files/Cat1_15mph_lr_opposite_6/camera_images/1624828716.05827.jpg
Cat1,15mph,lr,opposite,6,1624828716.0916033,/media/batool/MULTIMODAL_DATA/Multimodal_Data/Cat1/opposite/bag_files/Cat1_15mph_lr_opposite_6/camera_images/1624828716.0916033.jpg
Cat1,15mph,lr,opposite,6,1624828716.1249366,/media/batool/MULTIMODAL_DATA/Multimodal_Data/Cat1/opposite/bag_files/Cat1_15mph_lr_opposite_6/camera_images/1624828716.1249366.jpg
Cat1,15mph,lr,opposite,6,1624828716.15827,/media/batool/MULTIMODAL_DATA/Multimodal_Data/Cat1/opposite/bag_files/Cat1_15mph_lr_opposite_6/camera_images/1624828716.15827.jpg
Cat1,15mph,lr,opposite,6,1624828716.1916032,/media/batool/MULTIMODAL_DATA/Multimodal_Data/Cat1/opposite/bag_files/Cat1_15mph_lr_opposite_6/camera_images/1624828716.1916032.jpg
Cat1,15mph,lr,opposite,6,1624828716.2249365,/media/batool/MULTIMODAL_DATA/Multimodal_Data/Cat1/opposite/bag_files/Cat1_15mph_lr_opposite_6/camera_images/1624828716.2249365.jpg
Cat1,15mph,lr,opposite,6,1624828716.2582698,/media/batool/MULTIMODAL_DATA/Multimodal_Data/Cat1/opposite/bag_files/Cat1_15mph_lr_opposite_6/camera_images/1624828716.2582698.jpg
Cat1,15mph,lr,opposite,6,1624828716.291603,/media/batool/MULTIMODAL_DATA/Multimodal_Data/Cat1/opposite/bag_files/Cat1_15mph_lr_opposite_6/camera_images/1624828716.291603.jpg
Cat1,15mph,lr,opposite,6,1624828716.3249364,/media/batool/MULTIMODAL_DATA/Multimodal_Data/Cat1/opposite/bag_files/Cat1_15mph_lr_opposite_6/camera_images/1624828716.3249364.jpg
Cat1,15mph,lr,opposite,6,1624828716.3582697,/media/batool/MULTIMODAL_DATA/Multimodal_Data/Cat1/opposite/bag_files/Cat1_15mph_lr_opposite_6/camera_images/1624828716.3582697.jpg
Cat1,15mph,lr,opposite,6,1624828716.391603,/media/batool/MULTIMODAL_DATA/Multimodal_Data/Cat1/opposite/bag_files/Cat1_15mph_lr_opposite_6/camera_images/1624828716.391603.jpg
Cat1,15mph,lr,opposite,6,1624828716.4249363,/media/batool/MULTIMODAL_DATA/Multimodal_Data/Cat1/opposite/bag_files/Cat1_15mph_lr_opposite_6/camera_images/1624828716.4249363.jpg
Cat1,15mph,lr,opposite,6,1624828716.491603,/media/batool/MULTIMODAL_DATA/Multimodal_Data/Cat1/opposite/bag_files/Cat1_15mph_lr_opposite_6/camera_images/1624828716.491603.jpg
Cat1,15mph,lr,opposite,6,1624828716.5249362,/media/batool/MULTIMODAL_DATA/Multimodal_Data/Cat1/opposite/bag_files/Cat1_15mph_lr_opposite_6/camera_images/1624828716.5249362.jpg
Cat1,15mph,lr,opposite,6,1624828716.5582695,/media/batool/MULTIMODAL_DATA/Multimodal_Data/Cat1/opposite/bag_files/Cat1_15mph_lr_opposite_6/camera_images/1624828716.5582695.jpg
Cat1,15mph,lr,opposite,6,1624828716.5916028,/media/batool/MULTIMODAL_DATA/Multimodal_Data/Cat1/opposite/bag_files/Cat1_15mph_lr_opposite_6/camera_images/1624828716.5916028.jpg
Cat1,15mph,lr,opposite,6,1624828716.624936,/media/batool/MULTIMODAL_DATA/Multimodal_Data/Cat1/opposite/bag_files/Cat1_15mph_lr_opposite_6/camera_images/1624828716.624936.jpg
Cat1,15mph,lr,opposite,6,1624828716.6582694,/media/batool/MULTIMODAL_DATA/Multimodal_Data/Cat1/opposite/bag_files/Cat1_15mph_lr_opposite_6/camera_images/1624828716.6582694.jpg
Cat1,15mph,lr,opposite,6,1624828716.6916027,/media/batool/MULTIMODAL_DATA/Multimodal_Data/Cat1/opposite/bag_files/Cat1_15mph_lr_opposite_6/camera_images/1624828716.6916027.jpg
Cat1,15mph,lr,opposite,6,1624828716.724936,/media/batool/MULTIMODAL_DATA/Multimodal_Data/Cat1/opposite/bag_files/Cat1_15mph_lr_opposite_6/camera_images/1624828716.724936.jpg
Cat1,15mph,lr,opposite,6,1624828716.7582693,/media/batool/MULTIMODAL_DATA/Multimodal_Data/Cat1/opposite/bag_files/Cat1_15mph_lr_opposite_6/camera_images/1624828716.7582693.jpg
Cat1,15mph,lr,opposite,6,1624828716.7916026,/media/batool/MULTIMODAL_DATA/Multimodal_Data/Cat1/opposite/bag_files/Cat1_15mph_lr_opposite_6/camera_images/1624828716.7916026.jpg
Cat1,15mph,lr,opposite,6,1624828716.824936,/media/batool/MULTIMODAL_DATA/Multimodal_Data/Cat1/opposite/bag_files/Cat1_15mph_lr_opposite_6/camera_images/1624828716.824936.jpg
Cat1,15mph,lr,opposite,6,1624828716.8582692,/media/batool/MULTIMODAL_DATA/Multimodal_Data/Cat1/opposite/bag_files/Cat1_15mph_lr_opposite_6/camera_images/1624828716.8582692.jpg
Cat1,15mph,lr,opposite,6,1624828716.8916025,/media/batool/MULTIMODAL_DATA/Multimodal_Data/Cat1/opposite/bag_files/Cat1_15mph_lr_opposite_6/camera_images/1624828716.8916025.jpg
Cat1,15mph,lr,opposite,6,1624828716.9249358,/media/batool/MULTIMODAL_DATA/Multimodal_Data/Cat1/opposite/bag_files/Cat1_15mph_lr_opposite_6/camera_images/1624828716.9249358.jpg
Cat1,15mph,lr,opposite,6,1624828716.9582691,/media/batool/MULTIMODAL_DATA/Multimodal_Data/Cat1/opposite/bag_files/Cat1_15mph_lr_opposite_6/camera_images/1624828716.9582691.jpg
Cat1,15mph,lr,opposite,6,1624828717.0249357,/media/batool/MULTIMODAL_DATA/Multimodal_Data/Cat1/opposite/bag_files/Cat1_15mph_lr_opposite_6/camera_images/1624828717.0249357.jpg
Cat1,15mph,lr,opposite,6,1624828717.058269,/media/batool/MULTIMODAL_DATA/Multimodal_Data/Cat1/opposite/bag_files/Cat1_15mph_lr_opposite_6/camera_images/1624828717.058269.jpg
Cat1,15mph,lr,opposite,6,1624828717.0916023,/media/batool/MULTIMODAL_DATA/Multimodal_Data/Cat1/opposite/bag_files/Cat1_15mph_lr_opposite_6/camera_images/1624828717.0916023.jpg
Cat1,15mph,lr,opposite,6,1624828717.1249356,/media/batool/MULTIMODAL_DATA/Multimodal_Data/Cat1/opposite/bag_files/Cat1_15mph_lr_opposite_6/camera_images/1624828717.1249356.jpg
Cat1,15mph,lr,opposite,6,1624828717.158269,/media/batool/MULTIMODAL_DATA/Multimodal_Data/Cat1/opposite/bag_files/Cat1_15mph_lr_opposite_6/camera_images/1624828717.158269.jpg
Cat1,15mph,lr,opposite,6,1624828717.1916022,/media/batool/MULTIMODAL_DATA/Multimodal_Data/Cat1/opposite/bag_files/Cat1_15mph_lr_opposite_6/camera_images/1624828717.1916022.jpg
Cat1,15mph,lr,opposite,6,1624828717.2249355,/media/batool/MULTIMODAL_DATA/Multimodal_Data/Cat1/opposite/bag_files/Cat1_15mph_lr_opposite_6/camera_images/1624828717.2249355.jpg
Cat1,15mph,lr,opposite,6,1624828717.2582688,/media/batool/MULTIMODAL_DATA/Multimodal_Data/Cat1/opposite/bag_files/Cat1_15mph_lr_opposite_6/camera_images/1624828717.2582688.jpg
Cat1,15mph,lr,opposite,6,1624828717.2916021,/media/batool/MULTIMODAL_DATA/Multimodal_Data/Cat1/opposite/bag_files/Cat1_15mph_lr_opposite_6/camera_images/1624828717.2916021.jpg
Cat1,15mph,lr,opposite,6,1624828717.3249354,/media/batool/MULTIMODAL_DATA/Multimodal_Data/Cat1/opposite/bag_files/Cat1_15mph_lr_opposite_6/camera_images/1624828717.3249354.jpg
Cat1,15mph,lr,opposite,6,1624828717.3582687,/media/batool/MULTIMODAL_DATA/Multimodal_Data/Cat1/opposite/bag_files/Cat1_15mph_lr_opposite_6/camera_images/1624828717.3582687.jpg
Cat1,15mph,lr,opposite,6,1624828717.391602,/media/batool/MULTIMODAL_DATA/Multimodal_Data/Cat1/opposite/bag_files/Cat1_15mph_lr_opposite_6/camera_images/1624828717.391602.jpg
Cat1,15mph,lr,opposite,6,1624828717.4249353,/media/batool/MULTIMODAL_DATA/Multimodal_Data/Cat1/opposite/bag_files/Cat1_15mph_lr_opposite_6/camera_images/1624828717.4249353.jpg
Cat1,15mph,lr,opposite,6,1624828717.4582686,/media/batool/MULTIMODAL_DATA/Multimodal_Data/Cat1/opposite/bag_files/Cat1_15mph_lr_opposite_6/camera_images/1624828717.4582686.jpg
Cat1,15mph,lr,opposite,6,1624828717.491602,/media/batool/MULTIMODAL_DATA/Multimodal_Data/Cat1/opposite/bag_files/Cat1_15mph_lr_opposite_6/camera_images/1624828717.491602.jpg
Cat1,15mph,lr,opposite,6,1624828717.5582685,/media/batool/MULTIMODAL_DATA/Multimodal_Data/Cat1/opposite/bag_files/Cat1_15mph_lr_opposite_6/camera_images/1624828717.5582685.jpg
Cat1,15mph,lr,opposite,6,1624828717.5916018,/media/batool/MULTIMODAL_DATA/Multimodal_Data/Cat1/opposite/bag_files/Cat1_15mph_lr_opposite_6/camera_images/1624828717.5916018.jpg
Cat1,15mph,lr,opposite,6,1624828717.6249352,/media/batool/MULTIMODAL_DATA/Multimodal_Data/Cat1/opposite/bag_files/Cat1_15mph_lr_opposite_6/camera_images/1624828717.6249352.jpg
Cat1,15mph,lr,opposite,6,1624828717.6582685,/media/batool/MULTIMODAL_DATA/Multimodal_Data/Cat1/opposite/bag_files/Cat1_15mph_lr_opposite_6/camera_images/1624828717.6582685.jpg
Cat1,15mph,lr,opposite,6,1624828717.6916018,/media/batool/MULTIMODAL_DATA/Multimodal_Data/Cat1/opposite/bag_files/Cat1_15mph_lr_opposite_6/camera_images/1624828717.6916018.jpg
Cat1,15mph,lr,opposite,6,1624828717.724935,/media/batool/MULTIMODAL_DATA/Multimodal_Data/Cat1/opposite/bag_files/Cat1_15mph_lr_opposite_6/camera_images/1624828717.724935.jpg
Cat1,15mph,lr,opposite,6,1624828717.7582684,/media/batool/MULTIMODAL_DATA/Multimodal_Data/Cat1/opposite/bag_files/Cat1_15mph_lr_opposite_6/camera_images/1624828717.7582684.jpg
Cat1,15mph,lr,opposite,6,1624828717.7916017,/media/batool/MULTIMODAL_DATA/Multimodal_Data/Cat1/opposite/bag_files/Cat1_15mph_lr_opposite_6/camera_images/1624828717.7916017.jpg
Cat1,15mph,lr,opposite,6,1624828717.824935,/media/batool/MULTIMODAL_DATA/Multimodal_Data/Cat1/opposite/bag_files/Cat1_15mph_lr_opposite_6/camera_images/1624828717.824935.jpg
Cat1,15mph,lr,opposite,6,1624828717.8582683,/media/batool/MULTIMODAL_DATA/Multimodal_Data/Cat1/opposite/bag_files/Cat1_15mph_lr_opposite_6/camera_images/1624828717.8582683.jpg
Cat1,15mph,lr,opposite,6,1624828717.8916016,/media/batool/MULTIMODAL_DATA/Multimodal_Data/Cat1/opposite/bag_files/Cat1_15mph_lr_opposite_6/camera_images/1624828717.8916016.jpg
Cat1,15mph,lr,opposite,6,1624828717.9249349,/media/batool/MULTIMODAL_DATA/Multimodal_Data/Cat1/opposite/bag_files/Cat1_15mph_lr_opposite_6/camera_images/1624828717.9249349.jpg
Cat1,15mph,lr,opposite,6,1624828717.9582682,/media/batool/MULTIMODAL_DATA/Multimodal_Data/Cat1/opposite/bag_files/Cat1_15mph_lr_opposite_6/camera_images/1624828717.9582682.jpg
Cat1,15mph,lr,opposite,6,1624828717.9916015,/media/batool/MULTIMODAL_DATA/Multimodal_Data/Cat1/opposite/bag_files/Cat1_15mph_lr_opposite_6/camera_images/1624828717.9916015.jpg
Cat1,15mph,lr,opposite,6,1624828718.0249348,/media/batool/MULTIMODAL_DATA/Multimodal_Data/Cat1/opposite/bag_files/Cat1_15mph_lr_opposite_6/camera_images/1624828718.0249348.jpg
Cat1,15mph,lr,opposite,6,1624828718.0916014,/media/batool/MULTIMODAL_DATA/Multimodal_Data/Cat1/opposite/bag_files/Cat1_15mph_lr_opposite_6/camera_images/1624828718.0916014.jpg
Cat1,15mph,lr,opposite,6,1624828718.1249347,/media/batool/MULTIMODAL_DATA/Multimodal_Data/Cat1/opposite/bag_files/Cat1_15mph_lr_opposite_6/camera_images/1624828718.1249347.jpg
Cat1,15mph,lr,opposite,6,1624828718.158268,/media/batool/MULTIMODAL_DATA/Multimodal_Data/Cat1/opposite/bag_files/Cat1_15mph_lr_opposite_6/camera_images/1624828718.158268.jpg
Cat1,15mph,lr,opposite,6,1624828718.1916013,/media/batool/MULTIMODAL_DATA/Multimodal_Data/Cat1/opposite/bag_files/Cat1_15mph_lr_opposite_6/camera_images/1624828718.1916013.jpg
Cat1,15mph,lr,opposite,6,1624828718.2249346,/media/batool/MULTIMODAL_DATA/Multimodal_Data/Cat1/opposite/bag_files/Cat1_15mph_lr_opposite_6/camera_images/1624828718.2249346.jpg
Cat1,15mph,lr,opposite,6,1624828718.2582679,/media/batool/MULTIMODAL_DATA/Multimodal_Data/Cat1/opposite/bag_files/Cat1_15mph_lr_opposite_6/camera_images/1624828718.2582679.jpg
Cat1,15mph,lr,opposite,6,1624828718.2916012,/media/batool/MULTIMODAL_DATA/Multimodal_Data/Cat1/opposite/bag_files/Cat1_15mph_lr_opposite_6/camera_images/1624828718.2916012.jpg
Cat1,15mph,lr,opposite,6,1624828718.3249345,/media/batool/MULTIMODAL_DATA/Multimodal_Data/Cat1/opposite/bag_files/Cat1_15mph_lr_opposite_6/camera_images/1624828718.3249345.jpg
Cat1,15mph,lr,opposite,6,1624828718.3582678,/media/batool/MULTIMODAL_DATA/Multimodal_Data/Cat1/opposite/bag_files/Cat1_15mph_lr_opposite_6/camera_images/1624828718.3582678.jpg
Cat1,15mph,lr,opposite,6,1624828718.391601,/media/batool/MULTIMODAL_DATA/Multimodal_Data/Cat1/opposite/bag_files/Cat1_15mph_lr_opposite_6/camera_images/1624828718.391601.jpg
Cat1,15mph,lr,opposite,6,1624828718.4249344,/media/batool/MULTIMODAL_DATA/Multimodal_Data/Cat1/opposite/bag_files/Cat1_15mph_lr_opposite_6/camera_images/1624828718.4249344.jpg
Cat1,15mph,lr,opposite,6,1624828718.4582677,/media/batool/MULTIMODAL_DATA/Multimodal_Data/Cat1/opposite/bag_files/Cat1_15mph_lr_opposite_6/camera_images/1624828718.4582677.jpg
Cat1,15mph,lr,opposite,6,1624828718.491601,/media/batool/MULTIMODAL_DATA/Multimodal_Data/Cat1/opposite/bag_files/Cat1_15mph_lr_opposite_6/camera_images/1624828718.491601.jpg
Cat1,15mph,lr,opposite,6,1624828718.5249343,/media/batool/MULTIMODAL_DATA/Multimodal_Data/Cat1/opposite/bag_files/Cat1_15mph_lr_opposite_6/camera_images/1624828718.5249343.jpg
Cat1,15mph,lr,opposite,6,1624828718.5582676,/media/batool/MULTIMODAL_DATA/Multimodal_Data/Cat1/opposite/bag_files/Cat1_15mph_lr_opposite_6/camera_images/1624828718.5582676.jpg
Cat1,15mph,lr,opposite,6,1624828718.6249342,/media/batool/MULTIMODAL_DATA/Multimodal_Data/Cat1/opposite/bag_files/Cat1_15mph_lr_opposite_6/camera_images/1624828718.6249342.jpg
Cat1,15mph,lr,opposite,6,1624828718.6582675,/media/batool/MULTIMODAL_DATA/Multimodal_Data/Cat1/opposite/bag_files/Cat1_15mph_lr_opposite_6/camera_images/1624828718.6582675.jpg
Cat1,15mph,lr,opposite,6,1624828718.6916008,/media/batool/MULTIMODAL_DATA/Multimodal_Data/Cat1/opposite/bag_files/Cat1_15mph_lr_opposite_6/camera_images/1624828718.6916008.jpg
Cat1,15mph,lr,opposite,6,1624828718.724934,/media/batool/MULTIMODAL_DATA/Multimodal_Data/Cat1/opposite/bag_files/Cat1_15mph_lr_opposite_6/camera_images/1624828718.724934.jpg
Cat1,15mph,lr,opposite,6,1624828718.7582674,/media/batool/MULTIMODAL_DATA/Multimodal_Data/Cat1/opposite/bag_files/Cat1_15mph_lr_opposite_6/camera_images/1624828718.7582674.jpg
Cat1,15mph,lr,opposite,6,1624828718.7916007,/media/batool/MULTIMODAL_DATA/Multimodal_Data/Cat1/opposite/bag_files/Cat1_15mph_lr_opposite_6/camera_images/1624828718.7916007.jpg
Cat1,15mph,lr,opposite,6,1624828718.824934,/media/batool/MULTIMODAL_DATA/Multimodal_Data/Cat1/opposite/bag_files/Cat1_15mph_lr_opposite_6/camera_images/1624828718.824934.jpg
Cat1,15mph,lr,opposite,6,1624828718.8582673,/media/batool/MULTIMODAL_DATA/Multimodal_Data/Cat1/opposite/bag_files/Cat1_15mph_lr_opposite_6/camera_images/1624828718.8582673.jpg
Cat1,15mph,lr,opposite,6,1624828718.8916006,/media/batool/MULTIMODAL_DATA/Multimodal_Data/Cat1/opposite/bag_files/Cat1_15mph_lr_opposite_6/camera_images/1624828718.8916006.jpg
Cat1,15mph,lr,opposite,6,1624828718.924934,/media/batool/MULTIMODAL_DATA/Multimodal_Data/Cat1/opposite/bag_files/Cat1_15mph_lr_opposite_6/camera_images/1624828718.924934.jpg
Cat1,15mph,lr,opposite,6,1624828718.9582672,/media/batool/MULTIMODAL_DATA/Multimodal_Data/Cat1/opposite/bag_files/Cat1_15mph_lr_opposite_6/camera_images/1624828718.9582672.jpg
Cat1,15mph,lr,opposite,6,1624828718.9916005,/media/batool/MULTIMODAL_DATA/Multimodal_Data/Cat1/opposite/bag_files/Cat1_15mph_lr_opposite_6/camera_images/1624828718.9916005.jpg
Cat1,15mph,lr,opposite,6,1624828719.0249338,/media/batool/MULTIMODAL_DATA/Multimodal_Data/Cat1/opposite/bag_files/Cat1_15mph_lr_opposite_6/camera_images/1624828719.0249338.jpg
Cat1,15mph,lr,opposite,6,1624828719.058267,/media/batool/MULTIMODAL_DATA/Multimodal_Data/Cat1/opposite/bag_files/Cat1_15mph_lr_opposite_6/camera_images/1624828719.058267.jpg
Cat1,15mph,lr,opposite,6,1624828719.0916004,/media/batool/MULTIMODAL_DATA/Multimodal_Data/Cat1/opposite/bag_files/Cat1_15mph_lr_opposite_6/camera_images/1624828719.0916004.jpg
Cat1,15mph,lr,opposite,6,1624828719.158267,/media/batool/MULTIMODAL_DATA/Multimodal_Data/Cat1/opposite/bag_files/Cat1_15mph_lr_opposite_6/camera_images/1624828719.158267.jpg
Cat1,15mph,lr,opposite,6,1624828719.1916003,/media/batool/MULTIMODAL_DATA/Multimodal_Data/Cat1/opposite/bag_files/Cat1_15mph_lr_opposite_6/camera_images/1624828719.1916003.jpg
Cat1,15mph,lr,opposite,6,1624828719.2249336,/media/batool/MULTIMODAL_DATA/Multimodal_Data/Cat1/opposite/bag_files/Cat1_15mph_lr_opposite_6/camera_images/1624828719.2249336.jpg
Cat1,15mph,lr,opposite,6,1624828719.258267,/media/batool/MULTIMODAL_DATA/Multimodal_Data/Cat1/opposite/bag_files/Cat1_15mph_lr_opposite_6/camera_images/1624828719.258267.jpg
Cat1,15mph,lr,opposite,6,1624828719.2916002,/media/batool/MULTIMODAL_DATA/Multimodal_Data/Cat1/opposite/bag_files/Cat1_15mph_lr_opposite_6/camera_images/1624828719.2916002.jpg
Cat1,15mph,lr,opposite,6,1624828719.3249335,/media/batool/MULTIMODAL_DATA/Multimodal_Data/Cat1/opposite/bag_files/Cat1_15mph_lr_opposite_6/camera_images/1624828719.3249335.jpg
Cat1,15mph,lr,opposite,6,1624828719.3582668,/media/batool/MULTIMODAL_DATA/Multimodal_Data/Cat1/opposite/bag_files/Cat1_15mph_lr_opposite_6/camera_images/1624828719.3582668.jpg
Cat1,15mph,lr,opposite,6,1624828719.3916001,/media/batool/MULTIMODAL_DATA/Multimodal_Data/Cat1/opposite/bag_files/Cat1_15mph_lr_opposite_6/camera_images/1624828719.3916001.jpg
Cat1,15mph,lr,opposite,6,1624828719.4249334,/media/batool/MULTIMODAL_DATA/Multimodal_Data/Cat1/opposite/bag_files/Cat1_15mph_lr_opposite_6/camera_images/1624828719.4249334.jpg
Cat1,15mph,lr,opposite,6,1624828719.4582667,/media/batool/MULTIMODAL_DATA/Multimodal_Data/Cat1/opposite/bag_files/Cat1_15mph_lr_opposite_6/camera_images/1624828719.4582667.jpg
Cat1,15mph,lr,opposite,6,1624828719.4916,/media/batool/MULTIMODAL_DATA/Multimodal_Data/Cat1/opposite/bag_files/Cat1_15mph_lr_opposite_6/camera_images/1624828719.4916.jpg
Cat1,15mph,lr,opposite,6,1624828719.5249333,/media/batool/MULTIMODAL_DATA/Multimodal_Data/Cat1/opposite/bag_files/Cat1_15mph_lr_opposite_6/camera_images/1624828719.5249333.jpg
Cat1,15mph,lr,opposite,6,1624828719.5582666,/media/batool/MULTIMODAL_DATA/Multimodal_Data/Cat1/opposite/bag_files/Cat1_15mph_lr_opposite_6/camera_images/1624828719.5582666.jpg
Cat1,15mph,lr,opposite,6,1624828719.5916,/media/batool/MULTIMODAL_DATA/Multimodal_Data/Cat1/opposite/bag_files/Cat1_15mph_lr_opposite_6/camera_images/1624828719.5916.jpg
Cat1,15mph,lr,opposite,6,1624828719.6249332,/media/batool/MULTIMODAL_DATA/Multimodal_Data/Cat1/opposite/bag_files/Cat1_15mph_lr_opposite_6/camera_images/1624828719.6249332.jpg
Cat1,15mph,lr,opposite,6,1624828719.6915998,/media/batool/MULTIMODAL_DATA/Multimodal_Data/Cat1/opposite/bag_files/Cat1_15mph_lr_opposite_6/camera_images/1624828719.6915998.jpg
Cat1,15mph,lr,opposite,6,1624828719.7249331,/media/batool/MULTIMODAL_DATA/Multimodal_Data/Cat1/opposite/bag_files/Cat1_15mph_lr_opposite_6/camera_images/1624828719.7249331.jpg
Cat1,15mph,lr,opposite,6,1624828719.7582664,/media/batool/MULTIMODAL_DATA/Multimodal_Data/Cat1/opposite/bag_files/Cat1_15mph_lr_opposite_6/camera_images/1624828719.7582664.jpg
Cat1,15mph,lr,opposite,6,1624828719.7915998,/media/batool/MULTIMODAL_DATA/Multimodal_Data/Cat1/opposite/bag_files/Cat1_15mph_lr_opposite_6/camera_images/1624828719.7915998.jpg
Cat1,15mph,lr,opposite,6,1624828719.824933,/media/batool/MULTIMODAL_DATA/Multimodal_Data/Cat1/opposite/bag_files/Cat1_15mph_lr_opposite_6/camera_images/1624828719.824933.jpg
Cat1,15mph,lr,opposite,6,1624828719.8582664,/media/batool/MULTIMODAL_DATA/Multimodal_Data/Cat1/opposite/bag_files/Cat1_15mph_lr_opposite_6/camera_images/1624828719.8582664.jpg
Cat1,15mph,lr,opposite,6,1624828719.8915997,/media/batool/MULTIMODAL_DATA/Multimodal_Data/Cat1/opposite/bag_files/Cat1_15mph_lr_opposite_6/camera_images/1624828719.8915997.jpg
Cat1,15mph,lr,opposite,6,1624828719.924933,/media/batool/MULTIMODAL_DATA/Multimodal_Data/Cat1/opposite/bag_files/Cat1_15mph_lr_opposite_6/camera_images/1624828719.924933.jpg
Cat1,15mph,lr,opposite,6,1624828719.9582663,/media/batool/MULTIMODAL_DATA/Multimodal_Data/Cat1/opposite/bag_files/Cat1_15mph_lr_opposite_6/camera_images/1624828719.9582663.jpg
Cat1,15mph,lr,opposite,6,1624828719.9915996,/media/batool/MULTIMODAL_DATA/Multimodal_Data/Cat1/opposite/bag_files/Cat1_15mph_lr_opposite_6/camera_images/1624828719.9915996.jpg
Cat1,15mph,lr,opposite,6,1624828720.0249329,/media/batool/MULTIMODAL_DATA/Multimodal_Data/Cat1/opposite/bag_files/Cat1_15mph_lr_opposite_6/camera_images/1624828720.0249329.jpg
Cat1,15mph,lr,opposite,6,1624828720.0582662,/media/batool/MULTIMODAL_DATA/Multimodal_Data/Cat1/opposite/bag_files/Cat1_15mph_lr_opposite_6/camera_images/1624828720.0582662.jpg
Cat1,15mph,lr,opposite,6,1624828720.0915995,/media/batool/MULTIMODAL_DATA/Multimodal_Data/Cat1/opposite/bag_files/Cat1_15mph_lr_opposite_6/camera_images/1624828720.0915995.jpg
Cat1,15mph,lr,opposite,6,1624828720.1249328,/media/batool/MULTIMODAL_DATA/Multimodal_Data/Cat1/opposite/bag_files/Cat1_15mph_lr_opposite_6/camera_images/1624828720.1249328.jpg
Cat1,15mph,lr,opposite,6,1624828720.158266,/media/batool/MULTIMODAL_DATA/Multimodal_Data/Cat1/opposite/bag_files/Cat1_15mph_lr_opposite_6/camera_images/1624828720.158266.jpg
Cat1,15mph,lr,opposite,6,1624828720.2249327,/media/batool/MULTIMODAL_DATA/Multimodal_Data/Cat1/opposite/bag_files/Cat1_15mph_lr_opposite_6/camera_images/1624828720.2249327.jpg
Cat1,15mph,lr,opposite,6,1624828720.258266,/media/batool/MULTIMODAL_DATA/Multimodal_Data/Cat1/opposite/bag_files/Cat1_15mph_lr_opposite_6/camera_images/1624828720.258266.jpg
Cat1,15mph,lr,opposite,6,1624828720.2915993,/media/batool/MULTIMODAL_DATA/Multimodal_Data/Cat1/opposite/bag_files/Cat1_15mph_lr_opposite_6/camera_images/1624828720.2915993.jpg
Cat1,15mph,lr,opposite,6,1624828720.3249326,/media/batool/MULTIMODAL_DATA/Multimodal_Data/Cat1/opposite/bag_files/Cat1_15mph_lr_opposite_6/camera_images/1624828720.3249326.jpg
Cat1,15mph,lr,opposite,6,1624828720.3582659,/media/batool/MULTIMODAL_DATA/Multimodal_Data/Cat1/opposite/bag_files/Cat1_15mph_lr_opposite_6/camera_images/1624828720.3582659.jpg
Cat1,15mph,lr,opposite,6,1624828720.3915992,/media/batool/MULTIMODAL_DATA/Multimodal_Data/Cat1/opposite/bag_files/Cat1_15mph_lr_opposite_6/camera_images/1624828720.3915992.jpg
Cat1,15mph,lr,opposite,6,1624828720.4249325,/media/batool/MULTIMODAL_DATA/Multimodal_Data/Cat1/opposite/bag_files/Cat1_15mph_lr_opposite_6/camera_images/1624828720.4249325.jpg
Cat1,15mph,lr,opposite,6,1624828720.4582658,/media/batool/MULTIMODAL_DATA/Multimodal_Data/Cat1/opposite/bag_files/Cat1_15mph_lr_opposite_6/camera_images/1624828720.4582658.jpg
Cat1,15mph,lr,opposite,6,1624828720.491599,/media/batool/MULTIMODAL_DATA/Multimodal_Data/Cat1/opposite/bag_files/Cat1_15mph_lr_opposite_6/camera_images/1624828720.491599.jpg
Cat1,15mph,lr,opposite,6,1624828720.5249324,/media/batool/MULTIMODAL_DATA/Multimodal_Data/Cat1/opposite/bag_files/Cat1_15mph_lr_opposite_6/camera_images/1624828720.5249324.jpg
Cat1,15mph,lr,opposite,6,1624828720.5582657,/media/batool/MULTIMODAL_DATA/Multimodal_Data/Cat1/opposite/bag_files/Cat1_15mph_lr_opposite_6/camera_images/1624828720.5582657.jpg
Cat1,15mph,lr,opposite,6,1624828720.591599,/media/batool/MULTIMODAL_DATA/Multimodal_Data/Cat1/opposite/bag_files/Cat1_15mph_lr_opposite_6/camera_images/1624828720.591599.jpg
Cat1,15mph,lr,opposite,6,1624828720.6249323,/media/batool/MULTIMODAL_DATA/Multimodal_Data/Cat1/opposite/bag_files/Cat1_15mph_lr_opposite_6/camera_images/1624828720.6249323.jpg
Cat1,15mph,lr,opposite,6,1624828720.6582656,/media/batool/MULTIMODAL_DATA/Multimodal_Data/Cat1/opposite/bag_files/Cat1_15mph_lr_opposite_6/camera_images/1624828720.6582656.jpg
Cat1,15mph,lr,opposite,6,1624828720.691599,/media/batool/MULTIMODAL_DATA/Multimodal_Data/Cat1/opposite/bag_files/Cat1_15mph_lr_opposite_6/camera_images/1624828720.691599.jpg
Cat1,15mph,lr,opposite,6,1624828720.7249322,/media/batool/MULTIMODAL_DATA/Multimodal_Data/Cat1/opposite/bag_files/Cat1_15mph_lr_opposite_6/camera_images/1624828720.7249322.jpg
Cat1,15mph,lr,opposite,6,1624828720.7582655,/media/batool/MULTIMODAL_DATA/Multimodal_Data/Cat1/opposite/bag_files/Cat1_15mph_lr_opposite_6/camera_images/1624828720.7582655.jpg
Cat1,15mph,lr,opposite,6,1624828720.7915988,/media/batool/MULTIMODAL_DATA/Multimodal_Data/Cat1/opposite/bag_files/Cat1_15mph_lr_opposite_6/camera_images/1624828720.7915988.jpg
Cat1,15mph,lr,opposite,6,1624828720.824932,/media/batool/MULTIMODAL_DATA/Multimodal_Data/Cat1/opposite/bag_files/Cat1_15mph_lr_opposite_6/camera_images/1624828720.824932.jpg
Cat1,15mph,lr,opposite,6,1624828720.8582654,/media/batool/MULTIMODAL_DATA/Multimodal_Data/Cat1/opposite/bag_files/Cat1_15mph_lr_opposite_6/camera_images/1624828720.8582654.jpg
Cat1,15mph,lr,opposite,6,1624828720.8915987,/media/batool/MULTIMODAL_DATA/Multimodal_Data/Cat1/opposite/bag_files/Cat1_15mph_lr_opposite_6/camera_images/1624828720.8915987.jpg
Cat1,15mph,lr,opposite,6,1624828720.924932,/media/batool/MULTIMODAL_DATA/Multimodal_Data/Cat1/opposite/bag_files/Cat1_15mph_lr_opposite_6/camera_images/1624828720.924932.jpg
Cat1,15mph,lr,opposite,6,1624828720.9582653,/media/batool/MULTIMODAL_DATA/Multimodal_Data/Cat1/opposite/bag_files/Cat1_15mph_lr_opposite_6/camera_images/1624828720.9582653.jpg
Cat1,15mph,lr,opposite,6,1624828720.9915986,/media/batool/MULTIMODAL_DATA/Multimodal_Data/Cat1/opposite/bag_files/Cat1_15mph_lr_opposite_6/camera_images/1624828720.9915986.jpg
Cat1,15mph,lr,opposite,6,1624828721.024932,/media/batool/MULTIMODAL_DATA/Multimodal_Data/Cat1/opposite/bag_files/Cat1_15mph_lr_opposite_6/camera_images/1624828721.024932.jpg
