Category,speed,direction,lane,episode,Time header,lidar number,path to the file
Cat1,15mph,lr,opposite,6,1624828704.478031000,ns1,/media/batool/MULTIMODAL_DATA/Multimodal_Data/Cat1/opposite/bag_files/Cat1_15mph_lr_opposite_6/lidar_pcd/ns1/velodyne_points/1624828704.478031000.pcd
Cat1,15mph,lr,opposite,6,1624828704.578889000,ns1,/media/batool/MULTIMODAL_DATA/Multimodal_Data/Cat1/opposite/bag_files/Cat1_15mph_lr_opposite_6/lidar_pcd/ns1/velodyne_points/1624828704.578889000.pcd
Cat1,15mph,lr,opposite,6,1624828704.679731000,ns1,/media/batool/MULTIMODAL_DATA/Multimodal_Data/Cat1/opposite/bag_files/Cat1_15mph_lr_opposite_6/lidar_pcd/ns1/velodyne_points/1624828704.679731000.pcd
Cat1,15mph,lr,opposite,6,1624828704.780609000,ns1,/media/batool/MULTIMODAL_DATA/Multimodal_Data/Cat1/opposite/bag_files/Cat1_15mph_lr_opposite_6/lidar_pcd/ns1/velodyne_points/1624828704.780609000.pcd
Cat1,15mph,lr,opposite,6,1624828704.881477000,ns1,/media/batool/MULTIMODAL_DATA/Multimodal_Data/Cat1/opposite/bag_files/Cat1_15mph_lr_opposite_6/lidar_pcd/ns1/velodyne_points/1624828704.881477000.pcd
Cat1,15mph,lr,opposite,6,1624828704.982336000,ns1,/media/batool/MULTIMODAL_DATA/Multimodal_Data/Cat1/opposite/bag_files/Cat1_15mph_lr_opposite_6/lidar_pcd/ns1/velodyne_points/1624828704.982336000.pcd
Cat1,15mph,lr,opposite,6,1624828705.083147000,ns1,/media/batool/MULTIMODAL_DATA/Multimodal_Data/Cat1/opposite/bag_files/Cat1_15mph_lr_opposite_6/lidar_pcd/ns1/velodyne_points/1624828705.083147000.pcd
Cat1,15mph,lr,opposite,6,1624828705.184023000,ns1,/media/batool/MULTIMODAL_DATA/Multimodal_Data/Cat1/opposite/bag_files/Cat1_15mph_lr_opposite_6/lidar_pcd/ns1/velodyne_points/1624828705.184023000.pcd
Cat1,15mph,lr,opposite,6,1624828705.284896000,ns1,/media/batool/MULTIMODAL_DATA/Multimodal_Data/Cat1/opposite/bag_files/Cat1_15mph_lr_opposite_6/lidar_pcd/ns1/velodyne_points/1624828705.284896000.pcd
Cat1,15mph,lr,opposite,6,1624828705.385757000,ns1,/media/batool/MULTIMODAL_DATA/Multimodal_Data/Cat1/opposite/bag_files/Cat1_15mph_lr_opposite_6/lidar_pcd/ns1/velodyne_points/1624828705.385757000.pcd
Cat1,15mph,lr,opposite,6,1624828705.486621000,ns1,/media/batool/MULTIMODAL_DATA/Multimodal_Data/Cat1/opposite/bag_files/Cat1_15mph_lr_opposite_6/lidar_pcd/ns1/velodyne_points/1624828705.486621000.pcd
Cat1,15mph,lr,opposite,6,1624828705.587466000,ns1,/media/batool/MULTIMODAL_DATA/Multimodal_Data/Cat1/opposite/bag_files/Cat1_15mph_lr_opposite_6/lidar_pcd/ns1/velodyne_points/1624828705.587466000.pcd
Cat1,15mph,lr,opposite,6,1624828705.688352000,ns1,/media/batool/MULTIMODAL_DATA/Multimodal_Data/Cat1/opposite/bag_files/Cat1_15mph_lr_opposite_6/lidar_pcd/ns1/velodyne_points/1624828705.688352000.pcd
Cat1,15mph,lr,opposite,6,1624828705.789173000,ns1,/media/batool/MULTIMODAL_DATA/Multimodal_Data/Cat1/opposite/bag_files/Cat1_15mph_lr_opposite_6/lidar_pcd/ns1/velodyne_points/1624828705.789173000.pcd
Cat1,15mph,lr,opposite,6,1624828705.990874000,ns1,/media/batool/MULTIMODAL_DATA/Multimodal_Data/Cat1/opposite/bag_files/Cat1_15mph_lr_opposite_6/lidar_pcd/ns1/velodyne_points/1624828705.990874000.pcd
Cat1,15mph,lr,opposite,6,1624828706.091733000,ns1,/media/batool/MULTIMODAL_DATA/Multimodal_Data/Cat1/opposite/bag_files/Cat1_15mph_lr_opposite_6/lidar_pcd/ns1/velodyne_points/1624828706.091733000.pcd
Cat1,15mph,lr,opposite,6,1624828706.192612000,ns1,/media/batool/MULTIMODAL_DATA/Multimodal_Data/Cat1/opposite/bag_files/Cat1_15mph_lr_opposite_6/lidar_pcd/ns1/velodyne_points/1624828706.192612000.pcd
Cat1,15mph,lr,opposite,6,1624828706.293500000,ns1,/media/batool/MULTIMODAL_DATA/Multimodal_Data/Cat1/opposite/bag_files/Cat1_15mph_lr_opposite_6/lidar_pcd/ns1/velodyne_points/1624828706.293500000.pcd
Cat1,15mph,lr,opposite,6,1624828706.394342000,ns1,/media/batool/MULTIMODAL_DATA/Multimodal_Data/Cat1/opposite/bag_files/Cat1_15mph_lr_opposite_6/lidar_pcd/ns1/velodyne_points/1624828706.394342000.pcd
Cat1,15mph,lr,opposite,6,1624828706.495198000,ns1,/media/batool/MULTIMODAL_DATA/Multimodal_Data/Cat1/opposite/bag_files/Cat1_15mph_lr_opposite_6/lidar_pcd/ns1/velodyne_points/1624828706.495198000.pcd
Cat1,15mph,lr,opposite,6,1624828706.596045000,ns1,/media/batool/MULTIMODAL_DATA/Multimodal_Data/Cat1/opposite/bag_files/Cat1_15mph_lr_opposite_6/lidar_pcd/ns1/velodyne_points/1624828706.596045000.pcd
Cat1,15mph,lr,opposite,6,1624828706.696893000,ns1,/media/batool/MULTIMODAL_DATA/Multimodal_Data/Cat1/opposite/bag_files/Cat1_15mph_lr_opposite_6/lidar_pcd/ns1/velodyne_points/1624828706.696893000.pcd
Cat1,15mph,lr,opposite,6,1624828706.797783000,ns1,/media/batool/MULTIMODAL_DATA/Multimodal_Data/Cat1/opposite/bag_files/Cat1_15mph_lr_opposite_6/lidar_pcd/ns1/velodyne_points/1624828706.797783000.pcd
Cat1,15mph,lr,opposite,6,1624828706.898620000,ns1,/media/batool/MULTIMODAL_DATA/Multimodal_Data/Cat1/opposite/bag_files/Cat1_15mph_lr_opposite_6/lidar_pcd/ns1/velodyne_points/1624828706.898620000.pcd
Cat1,15mph,lr,opposite,6,1624828706.999446000,ns1,/media/batool/MULTIMODAL_DATA/Multimodal_Data/Cat1/opposite/bag_files/Cat1_15mph_lr_opposite_6/lidar_pcd/ns1/velodyne_points/1624828706.999446000.pcd
Cat1,15mph,lr,opposite,6,1624828707.100304000,ns1,/media/batool/MULTIMODAL_DATA/Multimodal_Data/Cat1/opposite/bag_files/Cat1_15mph_lr_opposite_6/lidar_pcd/ns1/velodyne_points/1624828707.100304000.pcd
Cat1,15mph,lr,opposite,6,1624828707.201173000,ns1,/media/batool/MULTIMODAL_DATA/Multimodal_Data/Cat1/opposite/bag_files/Cat1_15mph_lr_opposite_6/lidar_pcd/ns1/velodyne_points/1624828707.201173000.pcd
Cat1,15mph,lr,opposite,6,1624828707.302048000,ns1,/media/batool/MULTIMODAL_DATA/Multimodal_Data/Cat1/opposite/bag_files/Cat1_15mph_lr_opposite_6/lidar_pcd/ns1/velodyne_points/1624828707.302048000.pcd
Cat1,15mph,lr,opposite,6,1624828707.503752000,ns1,/media/batool/MULTIMODAL_DATA/Multimodal_Data/Cat1/opposite/bag_files/Cat1_15mph_lr_opposite_6/lidar_pcd/ns1/velodyne_points/1624828707.503752000.pcd
Cat1,15mph,lr,opposite,6,1624828707.604597000,ns1,/media/batool/MULTIMODAL_DATA/Multimodal_Data/Cat1/opposite/bag_files/Cat1_15mph_lr_opposite_6/lidar_pcd/ns1/velodyne_points/1624828707.604597000.pcd
Cat1,15mph,lr,opposite,6,1624828707.705436000,ns1,/media/batool/MULTIMODAL_DATA/Multimodal_Data/Cat1/opposite/bag_files/Cat1_15mph_lr_opposite_6/lidar_pcd/ns1/velodyne_points/1624828707.705436000.pcd
Cat1,15mph,lr,opposite,6,1624828707.806334000,ns1,/media/batool/MULTIMODAL_DATA/Multimodal_Data/Cat1/opposite/bag_files/Cat1_15mph_lr_opposite_6/lidar_pcd/ns1/velodyne_points/1624828707.806334000.pcd
Cat1,15mph,lr,opposite,6,1624828707.907177000,ns1,/media/batool/MULTIMODAL_DATA/Multimodal_Data/Cat1/opposite/bag_files/Cat1_15mph_lr_opposite_6/lidar_pcd/ns1/velodyne_points/1624828707.907177000.pcd
Cat1,15mph,lr,opposite,6,1624828708.007986000,ns1,/media/batool/MULTIMODAL_DATA/Multimodal_Data/Cat1/opposite/bag_files/Cat1_15mph_lr_opposite_6/lidar_pcd/ns1/velodyne_points/1624828708.007986000.pcd
Cat1,15mph,lr,opposite,6,1624828708.108866000,ns1,/media/batool/MULTIMODAL_DATA/Multimodal_Data/Cat1/opposite/bag_files/Cat1_15mph_lr_opposite_6/lidar_pcd/ns1/velodyne_points/1624828708.108866000.pcd
Cat1,15mph,lr,opposite,6,1624828708.209714000,ns1,/media/batool/MULTIMODAL_DATA/Multimodal_Data/Cat1/opposite/bag_files/Cat1_15mph_lr_opposite_6/lidar_pcd/ns1/velodyne_points/1624828708.209714000.pcd
Cat1,15mph,lr,opposite,6,1624828708.310602000,ns1,/media/batool/MULTIMODAL_DATA/Multimodal_Data/Cat1/opposite/bag_files/Cat1_15mph_lr_opposite_6/lidar_pcd/ns1/velodyne_points/1624828708.310602000.pcd
Cat1,15mph,lr,opposite,6,1624828708.411467000,ns1,/media/batool/MULTIMODAL_DATA/Multimodal_Data/Cat1/opposite/bag_files/Cat1_15mph_lr_opposite_6/lidar_pcd/ns1/velodyne_points/1624828708.411467000.pcd
Cat1,15mph,lr,opposite,6,1624828708.512307000,ns1,/media/batool/MULTIMODAL_DATA/Multimodal_Data/Cat1/opposite/bag_files/Cat1_15mph_lr_opposite_6/lidar_pcd/ns1/velodyne_points/1624828708.512307000.pcd
Cat1,15mph,lr,opposite,6,1624828708.613177000,ns1,/media/batool/MULTIMODAL_DATA/Multimodal_Data/Cat1/opposite/bag_files/Cat1_15mph_lr_opposite_6/lidar_pcd/ns1/velodyne_points/1624828708.613177000.pcd
Cat1,15mph,lr,opposite,6,1624828708.714043000,ns1,/media/batool/MULTIMODAL_DATA/Multimodal_Data/Cat1/opposite/bag_files/Cat1_15mph_lr_opposite_6/lidar_pcd/ns1/velodyne_points/1624828708.714043000.pcd
Cat1,15mph,lr,opposite,6,1624828708.814898000,ns1,/media/batool/MULTIMODAL_DATA/Multimodal_Data/Cat1/opposite/bag_files/Cat1_15mph_lr_opposite_6/lidar_pcd/ns1/velodyne_points/1624828708.814898000.pcd
Cat1,15mph,lr,opposite,6,1624828709.016594000,ns1,/media/batool/MULTIMODAL_DATA/Multimodal_Data/Cat1/opposite/bag_files/Cat1_15mph_lr_opposite_6/lidar_pcd/ns1/velodyne_points/1624828709.016594000.pcd
Cat1,15mph,lr,opposite,6,1624828709.117469000,ns1,/media/batool/MULTIMODAL_DATA/Multimodal_Data/Cat1/opposite/bag_files/Cat1_15mph_lr_opposite_6/lidar_pcd/ns1/velodyne_points/1624828709.117469000.pcd
Cat1,15mph,lr,opposite,6,1624828709.218300000,ns1,/media/batool/MULTIMODAL_DATA/Multimodal_Data/Cat1/opposite/bag_files/Cat1_15mph_lr_opposite_6/lidar_pcd/ns1/velodyne_points/1624828709.218300000.pcd
Cat1,15mph,lr,opposite,6,1624828709.319126000,ns1,/media/batool/MULTIMODAL_DATA/Multimodal_Data/Cat1/opposite/bag_files/Cat1_15mph_lr_opposite_6/lidar_pcd/ns1/velodyne_points/1624828709.319126000.pcd
Cat1,15mph,lr,opposite,6,1624828709.419987000,ns1,/media/batool/MULTIMODAL_DATA/Multimodal_Data/Cat1/opposite/bag_files/Cat1_15mph_lr_opposite_6/lidar_pcd/ns1/velodyne_points/1624828709.419987000.pcd
Cat1,15mph,lr,opposite,6,1624828709.520890000,ns1,/media/batool/MULTIMODAL_DATA/Multimodal_Data/Cat1/opposite/bag_files/Cat1_15mph_lr_opposite_6/lidar_pcd/ns1/velodyne_points/1624828709.520890000.pcd
Cat1,15mph,lr,opposite,6,1624828709.621747000,ns1,/media/batool/MULTIMODAL_DATA/Multimodal_Data/Cat1/opposite/bag_files/Cat1_15mph_lr_opposite_6/lidar_pcd/ns1/velodyne_points/1624828709.621747000.pcd
Cat1,15mph,lr,opposite,6,1624828709.722593000,ns1,/media/batool/MULTIMODAL_DATA/Multimodal_Data/Cat1/opposite/bag_files/Cat1_15mph_lr_opposite_6/lidar_pcd/ns1/velodyne_points/1624828709.722593000.pcd
Cat1,15mph,lr,opposite,6,1624828709.823432000,ns1,/media/batool/MULTIMODAL_DATA/Multimodal_Data/Cat1/opposite/bag_files/Cat1_15mph_lr_opposite_6/lidar_pcd/ns1/velodyne_points/1624828709.823432000.pcd
Cat1,15mph,lr,opposite,6,1624828709.924300000,ns1,/media/batool/MULTIMODAL_DATA/Multimodal_Data/Cat1/opposite/bag_files/Cat1_15mph_lr_opposite_6/lidar_pcd/ns1/velodyne_points/1624828709.924300000.pcd
Cat1,15mph,lr,opposite,6,1624828710.025184000,ns1,/media/batool/MULTIMODAL_DATA/Multimodal_Data/Cat1/opposite/bag_files/Cat1_15mph_lr_opposite_6/lidar_pcd/ns1/velodyne_points/1624828710.025184000.pcd
Cat1,15mph,lr,opposite,6,1624828710.126037000,ns1,/media/batool/MULTIMODAL_DATA/Multimodal_Data/Cat1/opposite/bag_files/Cat1_15mph_lr_opposite_6/lidar_pcd/ns1/velodyne_points/1624828710.126037000.pcd
Cat1,15mph,lr,opposite,6,1624828710.226832000,ns1,/media/batool/MULTIMODAL_DATA/Multimodal_Data/Cat1/opposite/bag_files/Cat1_15mph_lr_opposite_6/lidar_pcd/ns1/velodyne_points/1624828710.226832000.pcd
Cat1,15mph,lr,opposite,6,1624828710.327693000,ns1,/media/batool/MULTIMODAL_DATA/Multimodal_Data/Cat1/opposite/bag_files/Cat1_15mph_lr_opposite_6/lidar_pcd/ns1/velodyne_points/1624828710.327693000.pcd
Cat1,15mph,lr,opposite,6,1624828705.890047000,ns1,/media/batool/MULTIMODAL_DATA/Multimodal_Data/Cat1/opposite/bag_files/Cat1_15mph_lr_opposite_6/lidar_pcd/ns1/velodyne_points/1624828705.890047000.pcd
Cat1,15mph,lr,opposite,6,1624828707.402892000,ns1,/media/batool/MULTIMODAL_DATA/Multimodal_Data/Cat1/opposite/bag_files/Cat1_15mph_lr_opposite_6/lidar_pcd/ns1/velodyne_points/1624828707.402892000.pcd
Cat1,15mph,lr,opposite,6,1624828708.915720000,ns1,/media/batool/MULTIMODAL_DATA/Multimodal_Data/Cat1/opposite/bag_files/Cat1_15mph_lr_opposite_6/lidar_pcd/ns1/velodyne_points/1624828708.915720000.pcd
Cat1,15mph,lr,opposite,6,1624828710.428548000,ns1,/media/batool/MULTIMODAL_DATA/Multimodal_Data/Cat1/opposite/bag_files/Cat1_15mph_lr_opposite_6/lidar_pcd/ns1/velodyne_points/1624828710.428548000.pcd
Cat1,15mph,lr,opposite,6,1624828711.941437000,ns1,/media/batool/MULTIMODAL_DATA/Multimodal_Data/Cat1/opposite/bag_files/Cat1_15mph_lr_opposite_6/lidar_pcd/ns1/velodyne_points/1624828711.941437000.pcd
Cat1,15mph,lr,opposite,6,1624828713.454282000,ns1,/media/batool/MULTIMODAL_DATA/Multimodal_Data/Cat1/opposite/bag_files/Cat1_15mph_lr_opposite_6/lidar_pcd/ns1/velodyne_points/1624828713.454282000.pcd
Cat1,15mph,lr,opposite,6,1624828714.967157000,ns1,/media/batool/MULTIMODAL_DATA/Multimodal_Data/Cat1/opposite/bag_files/Cat1_15mph_lr_opposite_6/lidar_pcd/ns1/velodyne_points/1624828714.967157000.pcd
Cat1,15mph,lr,opposite,6,1624828716.479963000,ns1,/media/batool/MULTIMODAL_DATA/Multimodal_Data/Cat1/opposite/bag_files/Cat1_15mph_lr_opposite_6/lidar_pcd/ns1/velodyne_points/1624828716.479963000.pcd
Cat1,15mph,lr,opposite,6,1624828717.992861000,ns1,/media/batool/MULTIMODAL_DATA/Multimodal_Data/Cat1/opposite/bag_files/Cat1_15mph_lr_opposite_6/lidar_pcd/ns1/velodyne_points/1624828717.992861000.pcd
Cat1,15mph,lr,opposite,6,1624828719.505705000,ns1,/media/batool/MULTIMODAL_DATA/Multimodal_Data/Cat1/opposite/bag_files/Cat1_15mph_lr_opposite_6/lidar_pcd/ns1/velodyne_points/1624828719.505705000.pcd
Cat1,15mph,lr,opposite,6,1624828721.018547000,ns1,/media/batool/MULTIMODAL_DATA/Multimodal_Data/Cat1/opposite/bag_files/Cat1_15mph_lr_opposite_6/lidar_pcd/ns1/velodyne_points/1624828721.018547000.pcd
Cat1,15mph,lr,opposite,6,1624828722.531421000,ns1,/media/batool/MULTIMODAL_DATA/Multimodal_Data/Cat1/opposite/bag_files/Cat1_15mph_lr_opposite_6/lidar_pcd/ns1/velodyne_points/1624828722.531421000.pcd
Cat1,15mph,lr,opposite,6,1624828724.044260000,ns1,/media/batool/MULTIMODAL_DATA/Multimodal_Data/Cat1/opposite/bag_files/Cat1_15mph_lr_opposite_6/lidar_pcd/ns1/velodyne_points/1624828724.044260000.pcd
Cat1,15mph,lr,opposite,6,1624828725.557120000,ns1,/media/batool/MULTIMODAL_DATA/Multimodal_Data/Cat1/opposite/bag_files/Cat1_15mph_lr_opposite_6/lidar_pcd/ns1/velodyne_points/1624828725.557120000.pcd
Cat1,15mph,lr,opposite,6,1624828727.069976000,ns1,/media/batool/MULTIMODAL_DATA/Multimodal_Data/Cat1/opposite/bag_files/Cat1_15mph_lr_opposite_6/lidar_pcd/ns1/velodyne_points/1624828727.069976000.pcd
Cat1,15mph,lr,opposite,6,1624828728.582817000,ns1,/media/batool/MULTIMODAL_DATA/Multimodal_Data/Cat1/opposite/bag_files/Cat1_15mph_lr_opposite_6/lidar_pcd/ns1/velodyne_points/1624828728.582817000.pcd
Cat1,15mph,lr,opposite,6,1624828710.529420000,ns1,/media/batool/MULTIMODAL_DATA/Multimodal_Data/Cat1/opposite/bag_files/Cat1_15mph_lr_opposite_6/lidar_pcd/ns1/velodyne_points/1624828710.529420000.pcd
Cat1,15mph,lr,opposite,6,1624828710.630317000,ns1,/media/batool/MULTIMODAL_DATA/Multimodal_Data/Cat1/opposite/bag_files/Cat1_15mph_lr_opposite_6/lidar_pcd/ns1/velodyne_points/1624828710.630317000.pcd
Cat1,15mph,lr,opposite,6,1624828710.731164000,ns1,/media/batool/MULTIMODAL_DATA/Multimodal_Data/Cat1/opposite/bag_files/Cat1_15mph_lr_opposite_6/lidar_pcd/ns1/velodyne_points/1624828710.731164000.pcd
Cat1,15mph,lr,opposite,6,1624828710.832005000,ns1,/media/batool/MULTIMODAL_DATA/Multimodal_Data/Cat1/opposite/bag_files/Cat1_15mph_lr_opposite_6/lidar_pcd/ns1/velodyne_points/1624828710.832005000.pcd
Cat1,15mph,lr,opposite,6,1624828710.932882000,ns1,/media/batool/MULTIMODAL_DATA/Multimodal_Data/Cat1/opposite/bag_files/Cat1_15mph_lr_opposite_6/lidar_pcd/ns1/velodyne_points/1624828710.932882000.pcd
Cat1,15mph,lr,opposite,6,1624828711.033705000,ns1,/media/batool/MULTIMODAL_DATA/Multimodal_Data/Cat1/opposite/bag_files/Cat1_15mph_lr_opposite_6/lidar_pcd/ns1/velodyne_points/1624828711.033705000.pcd
Cat1,15mph,lr,opposite,6,1624828711.134599000,ns1,/media/batool/MULTIMODAL_DATA/Multimodal_Data/Cat1/opposite/bag_files/Cat1_15mph_lr_opposite_6/lidar_pcd/ns1/velodyne_points/1624828711.134599000.pcd
Cat1,15mph,lr,opposite,6,1624828711.235457000,ns1,/media/batool/MULTIMODAL_DATA/Multimodal_Data/Cat1/opposite/bag_files/Cat1_15mph_lr_opposite_6/lidar_pcd/ns1/velodyne_points/1624828711.235457000.pcd
Cat1,15mph,lr,opposite,6,1624828711.336315000,ns1,/media/batool/MULTIMODAL_DATA/Multimodal_Data/Cat1/opposite/bag_files/Cat1_15mph_lr_opposite_6/lidar_pcd/ns1/velodyne_points/1624828711.336315000.pcd
Cat1,15mph,lr,opposite,6,1624828711.437177000,ns1,/media/batool/MULTIMODAL_DATA/Multimodal_Data/Cat1/opposite/bag_files/Cat1_15mph_lr_opposite_6/lidar_pcd/ns1/velodyne_points/1624828711.437177000.pcd
Cat1,15mph,lr,opposite,6,1624828711.538013000,ns1,/media/batool/MULTIMODAL_DATA/Multimodal_Data/Cat1/opposite/bag_files/Cat1_15mph_lr_opposite_6/lidar_pcd/ns1/velodyne_points/1624828711.538013000.pcd
Cat1,15mph,lr,opposite,6,1624828711.638886000,ns1,/media/batool/MULTIMODAL_DATA/Multimodal_Data/Cat1/opposite/bag_files/Cat1_15mph_lr_opposite_6/lidar_pcd/ns1/velodyne_points/1624828711.638886000.pcd
Cat1,15mph,lr,opposite,6,1624828711.739701000,ns1,/media/batool/MULTIMODAL_DATA/Multimodal_Data/Cat1/opposite/bag_files/Cat1_15mph_lr_opposite_6/lidar_pcd/ns1/velodyne_points/1624828711.739701000.pcd
Cat1,15mph,lr,opposite,6,1624828711.840587000,ns1,/media/batool/MULTIMODAL_DATA/Multimodal_Data/Cat1/opposite/bag_files/Cat1_15mph_lr_opposite_6/lidar_pcd/ns1/velodyne_points/1624828711.840587000.pcd
Cat1,15mph,lr,opposite,6,1624828712.042289000,ns1,/media/batool/MULTIMODAL_DATA/Multimodal_Data/Cat1/opposite/bag_files/Cat1_15mph_lr_opposite_6/lidar_pcd/ns1/velodyne_points/1624828712.042289000.pcd
Cat1,15mph,lr,opposite,6,1624828712.143169000,ns1,/media/batool/MULTIMODAL_DATA/Multimodal_Data/Cat1/opposite/bag_files/Cat1_15mph_lr_opposite_6/lidar_pcd/ns1/velodyne_points/1624828712.143169000.pcd
Cat1,15mph,lr,opposite,6,1624828712.243983000,ns1,/media/batool/MULTIMODAL_DATA/Multimodal_Data/Cat1/opposite/bag_files/Cat1_15mph_lr_opposite_6/lidar_pcd/ns1/velodyne_points/1624828712.243983000.pcd
Cat1,15mph,lr,opposite,6,1624828712.344866000,ns1,/media/batool/MULTIMODAL_DATA/Multimodal_Data/Cat1/opposite/bag_files/Cat1_15mph_lr_opposite_6/lidar_pcd/ns1/velodyne_points/1624828712.344866000.pcd
Cat1,15mph,lr,opposite,6,1624828712.445724000,ns1,/media/batool/MULTIMODAL_DATA/Multimodal_Data/Cat1/opposite/bag_files/Cat1_15mph_lr_opposite_6/lidar_pcd/ns1/velodyne_points/1624828712.445724000.pcd
Cat1,15mph,lr,opposite,6,1624828712.546566000,ns1,/media/batool/MULTIMODAL_DATA/Multimodal_Data/Cat1/opposite/bag_files/Cat1_15mph_lr_opposite_6/lidar_pcd/ns1/velodyne_points/1624828712.546566000.pcd
Cat1,15mph,lr,opposite,6,1624828712.647453000,ns1,/media/batool/MULTIMODAL_DATA/Multimodal_Data/Cat1/opposite/bag_files/Cat1_15mph_lr_opposite_6/lidar_pcd/ns1/velodyne_points/1624828712.647453000.pcd
Cat1,15mph,lr,opposite,6,1624828712.748307000,ns1,/media/batool/MULTIMODAL_DATA/Multimodal_Data/Cat1/opposite/bag_files/Cat1_15mph_lr_opposite_6/lidar_pcd/ns1/velodyne_points/1624828712.748307000.pcd
Cat1,15mph,lr,opposite,6,1624828712.849120000,ns1,/media/batool/MULTIMODAL_DATA/Multimodal_Data/Cat1/opposite/bag_files/Cat1_15mph_lr_opposite_6/lidar_pcd/ns1/velodyne_points/1624828712.849120000.pcd
Cat1,15mph,lr,opposite,6,1624828712.950007000,ns1,/media/batool/MULTIMODAL_DATA/Multimodal_Data/Cat1/opposite/bag_files/Cat1_15mph_lr_opposite_6/lidar_pcd/ns1/velodyne_points/1624828712.950007000.pcd
Cat1,15mph,lr,opposite,6,1624828713.050865000,ns1,/media/batool/MULTIMODAL_DATA/Multimodal_Data/Cat1/opposite/bag_files/Cat1_15mph_lr_opposite_6/lidar_pcd/ns1/velodyne_points/1624828713.050865000.pcd
Cat1,15mph,lr,opposite,6,1624828713.151736000,ns1,/media/batool/MULTIMODAL_DATA/Multimodal_Data/Cat1/opposite/bag_files/Cat1_15mph_lr_opposite_6/lidar_pcd/ns1/velodyne_points/1624828713.151736000.pcd
Cat1,15mph,lr,opposite,6,1624828713.252554000,ns1,/media/batool/MULTIMODAL_DATA/Multimodal_Data/Cat1/opposite/bag_files/Cat1_15mph_lr_opposite_6/lidar_pcd/ns1/velodyne_points/1624828713.252554000.pcd
Cat1,15mph,lr,opposite,6,1624828713.353432000,ns1,/media/batool/MULTIMODAL_DATA/Multimodal_Data/Cat1/opposite/bag_files/Cat1_15mph_lr_opposite_6/lidar_pcd/ns1/velodyne_points/1624828713.353432000.pcd
Cat1,15mph,lr,opposite,6,1624828713.555146000,ns1,/media/batool/MULTIMODAL_DATA/Multimodal_Data/Cat1/opposite/bag_files/Cat1_15mph_lr_opposite_6/lidar_pcd/ns1/velodyne_points/1624828713.555146000.pcd
Cat1,15mph,lr,opposite,6,1624828713.655997000,ns1,/media/batool/MULTIMODAL_DATA/Multimodal_Data/Cat1/opposite/bag_files/Cat1_15mph_lr_opposite_6/lidar_pcd/ns1/velodyne_points/1624828713.655997000.pcd
Cat1,15mph,lr,opposite,6,1624828713.756866000,ns1,/media/batool/MULTIMODAL_DATA/Multimodal_Data/Cat1/opposite/bag_files/Cat1_15mph_lr_opposite_6/lidar_pcd/ns1/velodyne_points/1624828713.756866000.pcd
Cat1,15mph,lr,opposite,6,1624828713.857745000,ns1,/media/batool/MULTIMODAL_DATA/Multimodal_Data/Cat1/opposite/bag_files/Cat1_15mph_lr_opposite_6/lidar_pcd/ns1/velodyne_points/1624828713.857745000.pcd
Cat1,15mph,lr,opposite,6,1624828713.958589000,ns1,/media/batool/MULTIMODAL_DATA/Multimodal_Data/Cat1/opposite/bag_files/Cat1_15mph_lr_opposite_6/lidar_pcd/ns1/velodyne_points/1624828713.958589000.pcd
Cat1,15mph,lr,opposite,6,1624828714.059409000,ns1,/media/batool/MULTIMODAL_DATA/Multimodal_Data/Cat1/opposite/bag_files/Cat1_15mph_lr_opposite_6/lidar_pcd/ns1/velodyne_points/1624828714.059409000.pcd
Cat1,15mph,lr,opposite,6,1624828714.160268000,ns1,/media/batool/MULTIMODAL_DATA/Multimodal_Data/Cat1/opposite/bag_files/Cat1_15mph_lr_opposite_6/lidar_pcd/ns1/velodyne_points/1624828714.160268000.pcd
Cat1,15mph,lr,opposite,6,1624828714.261114000,ns1,/media/batool/MULTIMODAL_DATA/Multimodal_Data/Cat1/opposite/bag_files/Cat1_15mph_lr_opposite_6/lidar_pcd/ns1/velodyne_points/1624828714.261114000.pcd
Cat1,15mph,lr,opposite,6,1624828714.361960000,ns1,/media/batool/MULTIMODAL_DATA/Multimodal_Data/Cat1/opposite/bag_files/Cat1_15mph_lr_opposite_6/lidar_pcd/ns1/velodyne_points/1624828714.361960000.pcd
Cat1,15mph,lr,opposite,6,1624828714.462836000,ns1,/media/batool/MULTIMODAL_DATA/Multimodal_Data/Cat1/opposite/bag_files/Cat1_15mph_lr_opposite_6/lidar_pcd/ns1/velodyne_points/1624828714.462836000.pcd
Cat1,15mph,lr,opposite,6,1624828714.563681000,ns1,/media/batool/MULTIMODAL_DATA/Multimodal_Data/Cat1/opposite/bag_files/Cat1_15mph_lr_opposite_6/lidar_pcd/ns1/velodyne_points/1624828714.563681000.pcd
Cat1,15mph,lr,opposite,6,1624828714.664562000,ns1,/media/batool/MULTIMODAL_DATA/Multimodal_Data/Cat1/opposite/bag_files/Cat1_15mph_lr_opposite_6/lidar_pcd/ns1/velodyne_points/1624828714.664562000.pcd
Cat1,15mph,lr,opposite,6,1624828714.765423000,ns1,/media/batool/MULTIMODAL_DATA/Multimodal_Data/Cat1/opposite/bag_files/Cat1_15mph_lr_opposite_6/lidar_pcd/ns1/velodyne_points/1624828714.765423000.pcd
Cat1,15mph,lr,opposite,6,1624828714.866302000,ns1,/media/batool/MULTIMODAL_DATA/Multimodal_Data/Cat1/opposite/bag_files/Cat1_15mph_lr_opposite_6/lidar_pcd/ns1/velodyne_points/1624828714.866302000.pcd
Cat1,15mph,lr,opposite,6,1624828715.067992000,ns1,/media/batool/MULTIMODAL_DATA/Multimodal_Data/Cat1/opposite/bag_files/Cat1_15mph_lr_opposite_6/lidar_pcd/ns1/velodyne_points/1624828715.067992000.pcd
Cat1,15mph,lr,opposite,6,1624828715.168875000,ns1,/media/batool/MULTIMODAL_DATA/Multimodal_Data/Cat1/opposite/bag_files/Cat1_15mph_lr_opposite_6/lidar_pcd/ns1/velodyne_points/1624828715.168875000.pcd
Cat1,15mph,lr,opposite,6,1624828715.269734000,ns1,/media/batool/MULTIMODAL_DATA/Multimodal_Data/Cat1/opposite/bag_files/Cat1_15mph_lr_opposite_6/lidar_pcd/ns1/velodyne_points/1624828715.269734000.pcd
Cat1,15mph,lr,opposite,6,1624828715.370587000,ns1,/media/batool/MULTIMODAL_DATA/Multimodal_Data/Cat1/opposite/bag_files/Cat1_15mph_lr_opposite_6/lidar_pcd/ns1/velodyne_points/1624828715.370587000.pcd
Cat1,15mph,lr,opposite,6,1624828715.471444000,ns1,/media/batool/MULTIMODAL_DATA/Multimodal_Data/Cat1/opposite/bag_files/Cat1_15mph_lr_opposite_6/lidar_pcd/ns1/velodyne_points/1624828715.471444000.pcd
Cat1,15mph,lr,opposite,6,1624828715.572290000,ns1,/media/batool/MULTIMODAL_DATA/Multimodal_Data/Cat1/opposite/bag_files/Cat1_15mph_lr_opposite_6/lidar_pcd/ns1/velodyne_points/1624828715.572290000.pcd
Cat1,15mph,lr,opposite,6,1624828715.673152000,ns1,/media/batool/MULTIMODAL_DATA/Multimodal_Data/Cat1/opposite/bag_files/Cat1_15mph_lr_opposite_6/lidar_pcd/ns1/velodyne_points/1624828715.673152000.pcd
Cat1,15mph,lr,opposite,6,1624828715.773999000,ns1,/media/batool/MULTIMODAL_DATA/Multimodal_Data/Cat1/opposite/bag_files/Cat1_15mph_lr_opposite_6/lidar_pcd/ns1/velodyne_points/1624828715.773999000.pcd
Cat1,15mph,lr,opposite,6,1624828715.874857000,ns1,/media/batool/MULTIMODAL_DATA/Multimodal_Data/Cat1/opposite/bag_files/Cat1_15mph_lr_opposite_6/lidar_pcd/ns1/velodyne_points/1624828715.874857000.pcd
Cat1,15mph,lr,opposite,6,1624828715.975701000,ns1,/media/batool/MULTIMODAL_DATA/Multimodal_Data/Cat1/opposite/bag_files/Cat1_15mph_lr_opposite_6/lidar_pcd/ns1/velodyne_points/1624828715.975701000.pcd
Cat1,15mph,lr,opposite,6,1624828716.076546000,ns1,/media/batool/MULTIMODAL_DATA/Multimodal_Data/Cat1/opposite/bag_files/Cat1_15mph_lr_opposite_6/lidar_pcd/ns1/velodyne_points/1624828716.076546000.pcd
Cat1,15mph,lr,opposite,6,1624828716.177417000,ns1,/media/batool/MULTIMODAL_DATA/Multimodal_Data/Cat1/opposite/bag_files/Cat1_15mph_lr_opposite_6/lidar_pcd/ns1/velodyne_points/1624828716.177417000.pcd
Cat1,15mph,lr,opposite,6,1624828716.278264000,ns1,/media/batool/MULTIMODAL_DATA/Multimodal_Data/Cat1/opposite/bag_files/Cat1_15mph_lr_opposite_6/lidar_pcd/ns1/velodyne_points/1624828716.278264000.pcd
Cat1,15mph,lr,opposite,6,1624828716.379133000,ns1,/media/batool/MULTIMODAL_DATA/Multimodal_Data/Cat1/opposite/bag_files/Cat1_15mph_lr_opposite_6/lidar_pcd/ns1/velodyne_points/1624828716.379133000.pcd
Cat1,15mph,lr,opposite,6,1624828716.580852000,ns1,/media/batool/MULTIMODAL_DATA/Multimodal_Data/Cat1/opposite/bag_files/Cat1_15mph_lr_opposite_6/lidar_pcd/ns1/velodyne_points/1624828716.580852000.pcd
Cat1,15mph,lr,opposite,6,1624828716.681725000,ns1,/media/batool/MULTIMODAL_DATA/Multimodal_Data/Cat1/opposite/bag_files/Cat1_15mph_lr_opposite_6/lidar_pcd/ns1/velodyne_points/1624828716.681725000.pcd
Cat1,15mph,lr,opposite,6,1624828716.782583000,ns1,/media/batool/MULTIMODAL_DATA/Multimodal_Data/Cat1/opposite/bag_files/Cat1_15mph_lr_opposite_6/lidar_pcd/ns1/velodyne_points/1624828716.782583000.pcd
Cat1,15mph,lr,opposite,6,1624828716.883441000,ns1,/media/batool/MULTIMODAL_DATA/Multimodal_Data/Cat1/opposite/bag_files/Cat1_15mph_lr_opposite_6/lidar_pcd/ns1/velodyne_points/1624828716.883441000.pcd
Cat1,15mph,lr,opposite,6,1624828716.984276000,ns1,/media/batool/MULTIMODAL_DATA/Multimodal_Data/Cat1/opposite/bag_files/Cat1_15mph_lr_opposite_6/lidar_pcd/ns1/velodyne_points/1624828716.984276000.pcd
Cat1,15mph,lr,opposite,6,1624828717.085140000,ns1,/media/batool/MULTIMODAL_DATA/Multimodal_Data/Cat1/opposite/bag_files/Cat1_15mph_lr_opposite_6/lidar_pcd/ns1/velodyne_points/1624828717.085140000.pcd
Cat1,15mph,lr,opposite,6,1624828717.185994000,ns1,/media/batool/MULTIMODAL_DATA/Multimodal_Data/Cat1/opposite/bag_files/Cat1_15mph_lr_opposite_6/lidar_pcd/ns1/velodyne_points/1624828717.185994000.pcd
Cat1,15mph,lr,opposite,6,1624828717.286834000,ns1,/media/batool/MULTIMODAL_DATA/Multimodal_Data/Cat1/opposite/bag_files/Cat1_15mph_lr_opposite_6/lidar_pcd/ns1/velodyne_points/1624828717.286834000.pcd
Cat1,15mph,lr,opposite,6,1624828717.387727000,ns1,/media/batool/MULTIMODAL_DATA/Multimodal_Data/Cat1/opposite/bag_files/Cat1_15mph_lr_opposite_6/lidar_pcd/ns1/velodyne_points/1624828717.387727000.pcd
Cat1,15mph,lr,opposite,6,1624828717.488554000,ns1,/media/batool/MULTIMODAL_DATA/Multimodal_Data/Cat1/opposite/bag_files/Cat1_15mph_lr_opposite_6/lidar_pcd/ns1/velodyne_points/1624828717.488554000.pcd
Cat1,15mph,lr,opposite,6,1624828717.589409000,ns1,/media/batool/MULTIMODAL_DATA/Multimodal_Data/Cat1/opposite/bag_files/Cat1_15mph_lr_opposite_6/lidar_pcd/ns1/velodyne_points/1624828717.589409000.pcd
Cat1,15mph,lr,opposite,6,1624828717.690291000,ns1,/media/batool/MULTIMODAL_DATA/Multimodal_Data/Cat1/opposite/bag_files/Cat1_15mph_lr_opposite_6/lidar_pcd/ns1/velodyne_points/1624828717.690291000.pcd
Cat1,15mph,lr,opposite,6,1624828717.791127000,ns1,/media/batool/MULTIMODAL_DATA/Multimodal_Data/Cat1/opposite/bag_files/Cat1_15mph_lr_opposite_6/lidar_pcd/ns1/velodyne_points/1624828717.791127000.pcd
Cat1,15mph,lr,opposite,6,1624828717.891954000,ns1,/media/batool/MULTIMODAL_DATA/Multimodal_Data/Cat1/opposite/bag_files/Cat1_15mph_lr_opposite_6/lidar_pcd/ns1/velodyne_points/1624828717.891954000.pcd
Cat1,15mph,lr,opposite,6,1624828718.093720000,ns1,/media/batool/MULTIMODAL_DATA/Multimodal_Data/Cat1/opposite/bag_files/Cat1_15mph_lr_opposite_6/lidar_pcd/ns1/velodyne_points/1624828718.093720000.pcd
Cat1,15mph,lr,opposite,6,1624828718.194525000,ns1,/media/batool/MULTIMODAL_DATA/Multimodal_Data/Cat1/opposite/bag_files/Cat1_15mph_lr_opposite_6/lidar_pcd/ns1/velodyne_points/1624828718.194525000.pcd
Cat1,15mph,lr,opposite,6,1624828718.295435000,ns1,/media/batool/MULTIMODAL_DATA/Multimodal_Data/Cat1/opposite/bag_files/Cat1_15mph_lr_opposite_6/lidar_pcd/ns1/velodyne_points/1624828718.295435000.pcd
Cat1,15mph,lr,opposite,6,1624828718.396276000,ns1,/media/batool/MULTIMODAL_DATA/Multimodal_Data/Cat1/opposite/bag_files/Cat1_15mph_lr_opposite_6/lidar_pcd/ns1/velodyne_points/1624828718.396276000.pcd
Cat1,15mph,lr,opposite,6,1624828718.497129000,ns1,/media/batool/MULTIMODAL_DATA/Multimodal_Data/Cat1/opposite/bag_files/Cat1_15mph_lr_opposite_6/lidar_pcd/ns1/velodyne_points/1624828718.497129000.pcd
Cat1,15mph,lr,opposite,6,1624828718.597973000,ns1,/media/batool/MULTIMODAL_DATA/Multimodal_Data/Cat1/opposite/bag_files/Cat1_15mph_lr_opposite_6/lidar_pcd/ns1/velodyne_points/1624828718.597973000.pcd
Cat1,15mph,lr,opposite,6,1624828718.698834000,ns1,/media/batool/MULTIMODAL_DATA/Multimodal_Data/Cat1/opposite/bag_files/Cat1_15mph_lr_opposite_6/lidar_pcd/ns1/velodyne_points/1624828718.698834000.pcd
Cat1,15mph,lr,opposite,6,1624828718.799662000,ns1,/media/batool/MULTIMODAL_DATA/Multimodal_Data/Cat1/opposite/bag_files/Cat1_15mph_lr_opposite_6/lidar_pcd/ns1/velodyne_points/1624828718.799662000.pcd
Cat1,15mph,lr,opposite,6,1624828718.900532000,ns1,/media/batool/MULTIMODAL_DATA/Multimodal_Data/Cat1/opposite/bag_files/Cat1_15mph_lr_opposite_6/lidar_pcd/ns1/velodyne_points/1624828718.900532000.pcd
Cat1,15mph,lr,opposite,6,1624828719.001409000,ns1,/media/batool/MULTIMODAL_DATA/Multimodal_Data/Cat1/opposite/bag_files/Cat1_15mph_lr_opposite_6/lidar_pcd/ns1/velodyne_points/1624828719.001409000.pcd
Cat1,15mph,lr,opposite,6,1624828719.102293000,ns1,/media/batool/MULTIMODAL_DATA/Multimodal_Data/Cat1/opposite/bag_files/Cat1_15mph_lr_opposite_6/lidar_pcd/ns1/velodyne_points/1624828719.102293000.pcd
Cat1,15mph,lr,opposite,6,1624828719.203149000,ns1,/media/batool/MULTIMODAL_DATA/Multimodal_Data/Cat1/opposite/bag_files/Cat1_15mph_lr_opposite_6/lidar_pcd/ns1/velodyne_points/1624828719.203149000.pcd
Cat1,15mph,lr,opposite,6,1624828719.303957000,ns1,/media/batool/MULTIMODAL_DATA/Multimodal_Data/Cat1/opposite/bag_files/Cat1_15mph_lr_opposite_6/lidar_pcd/ns1/velodyne_points/1624828719.303957000.pcd
Cat1,15mph,lr,opposite,6,1624828719.404858000,ns1,/media/batool/MULTIMODAL_DATA/Multimodal_Data/Cat1/opposite/bag_files/Cat1_15mph_lr_opposite_6/lidar_pcd/ns1/velodyne_points/1624828719.404858000.pcd
Cat1,15mph,lr,opposite,6,1624828719.606555000,ns1,/media/batool/MULTIMODAL_DATA/Multimodal_Data/Cat1/opposite/bag_files/Cat1_15mph_lr_opposite_6/lidar_pcd/ns1/velodyne_points/1624828719.606555000.pcd
Cat1,15mph,lr,opposite,6,1624828719.707428000,ns1,/media/batool/MULTIMODAL_DATA/Multimodal_Data/Cat1/opposite/bag_files/Cat1_15mph_lr_opposite_6/lidar_pcd/ns1/velodyne_points/1624828719.707428000.pcd
Cat1,15mph,lr,opposite,6,1624828719.808275000,ns1,/media/batool/MULTIMODAL_DATA/Multimodal_Data/Cat1/opposite/bag_files/Cat1_15mph_lr_opposite_6/lidar_pcd/ns1/velodyne_points/1624828719.808275000.pcd
Cat1,15mph,lr,opposite,6,1624828719.909152000,ns1,/media/batool/MULTIMODAL_DATA/Multimodal_Data/Cat1/opposite/bag_files/Cat1_15mph_lr_opposite_6/lidar_pcd/ns1/velodyne_points/1624828719.909152000.pcd
Cat1,15mph,lr,opposite,6,1624828720.009998000,ns1,/media/batool/MULTIMODAL_DATA/Multimodal_Data/Cat1/opposite/bag_files/Cat1_15mph_lr_opposite_6/lidar_pcd/ns1/velodyne_points/1624828720.009998000.pcd
Cat1,15mph,lr,opposite,6,1624828720.110840000,ns1,/media/batool/MULTIMODAL_DATA/Multimodal_Data/Cat1/opposite/bag_files/Cat1_15mph_lr_opposite_6/lidar_pcd/ns1/velodyne_points/1624828720.110840000.pcd
Cat1,15mph,lr,opposite,6,1624828720.211670000,ns1,/media/batool/MULTIMODAL_DATA/Multimodal_Data/Cat1/opposite/bag_files/Cat1_15mph_lr_opposite_6/lidar_pcd/ns1/velodyne_points/1624828720.211670000.pcd
Cat1,15mph,lr,opposite,6,1624828720.312550000,ns1,/media/batool/MULTIMODAL_DATA/Multimodal_Data/Cat1/opposite/bag_files/Cat1_15mph_lr_opposite_6/lidar_pcd/ns1/velodyne_points/1624828720.312550000.pcd
Cat1,15mph,lr,opposite,6,1624828720.413412000,ns1,/media/batool/MULTIMODAL_DATA/Multimodal_Data/Cat1/opposite/bag_files/Cat1_15mph_lr_opposite_6/lidar_pcd/ns1/velodyne_points/1624828720.413412000.pcd
Cat1,15mph,lr,opposite,6,1624828720.514282000,ns1,/media/batool/MULTIMODAL_DATA/Multimodal_Data/Cat1/opposite/bag_files/Cat1_15mph_lr_opposite_6/lidar_pcd/ns1/velodyne_points/1624828720.514282000.pcd
Cat1,15mph,lr,opposite,6,1624828720.615124000,ns1,/media/batool/MULTIMODAL_DATA/Multimodal_Data/Cat1/opposite/bag_files/Cat1_15mph_lr_opposite_6/lidar_pcd/ns1/velodyne_points/1624828720.615124000.pcd
Cat1,15mph,lr,opposite,6,1624828720.715980000,ns1,/media/batool/MULTIMODAL_DATA/Multimodal_Data/Cat1/opposite/bag_files/Cat1_15mph_lr_opposite_6/lidar_pcd/ns1/velodyne_points/1624828720.715980000.pcd
Cat1,15mph,lr,opposite,6,1624828720.816822000,ns1,/media/batool/MULTIMODAL_DATA/Multimodal_Data/Cat1/opposite/bag_files/Cat1_15mph_lr_opposite_6/lidar_pcd/ns1/velodyne_points/1624828720.816822000.pcd
Cat1,15mph,lr,opposite,6,1624828720.917672000,ns1,/media/batool/MULTIMODAL_DATA/Multimodal_Data/Cat1/opposite/bag_files/Cat1_15mph_lr_opposite_6/lidar_pcd/ns1/velodyne_points/1624828720.917672000.pcd
Cat1,15mph,lr,opposite,6,1624828721.119405000,ns1,/media/batool/MULTIMODAL_DATA/Multimodal_Data/Cat1/opposite/bag_files/Cat1_15mph_lr_opposite_6/lidar_pcd/ns1/velodyne_points/1624828721.119405000.pcd
Cat1,15mph,lr,opposite,6,1624828721.220270000,ns1,/media/batool/MULTIMODAL_DATA/Multimodal_Data/Cat1/opposite/bag_files/Cat1_15mph_lr_opposite_6/lidar_pcd/ns1/velodyne_points/1624828721.220270000.pcd
Cat1,15mph,lr,opposite,6,1624828721.321123000,ns1,/media/batool/MULTIMODAL_DATA/Multimodal_Data/Cat1/opposite/bag_files/Cat1_15mph_lr_opposite_6/lidar_pcd/ns1/velodyne_points/1624828721.321123000.pcd
Cat1,15mph,lr,opposite,6,1624828721.421996000,ns1,/media/batool/MULTIMODAL_DATA/Multimodal_Data/Cat1/opposite/bag_files/Cat1_15mph_lr_opposite_6/lidar_pcd/ns1/velodyne_points/1624828721.421996000.pcd
Cat1,15mph,lr,opposite,6,1624828721.522850000,ns1,/media/batool/MULTIMODAL_DATA/Multimodal_Data/Cat1/opposite/bag_files/Cat1_15mph_lr_opposite_6/lidar_pcd/ns1/velodyne_points/1624828721.522850000.pcd
Cat1,15mph,lr,opposite,6,1624828721.623693000,ns1,/media/batool/MULTIMODAL_DATA/Multimodal_Data/Cat1/opposite/bag_files/Cat1_15mph_lr_opposite_6/lidar_pcd/ns1/velodyne_points/1624828721.623693000.pcd
Cat1,15mph,lr,opposite,6,1624828721.724530000,ns1,/media/batool/MULTIMODAL_DATA/Multimodal_Data/Cat1/opposite/bag_files/Cat1_15mph_lr_opposite_6/lidar_pcd/ns1/velodyne_points/1624828721.724530000.pcd
Cat1,15mph,lr,opposite,6,1624828721.825385000,ns1,/media/batool/MULTIMODAL_DATA/Multimodal_Data/Cat1/opposite/bag_files/Cat1_15mph_lr_opposite_6/lidar_pcd/ns1/velodyne_points/1624828721.825385000.pcd
Cat1,15mph,lr,opposite,6,1624828721.926285000,ns1,/media/batool/MULTIMODAL_DATA/Multimodal_Data/Cat1/opposite/bag_files/Cat1_15mph_lr_opposite_6/lidar_pcd/ns1/velodyne_points/1624828721.926285000.pcd
Cat1,15mph,lr,opposite,6,1624828722.027109000,ns1,/media/batool/MULTIMODAL_DATA/Multimodal_Data/Cat1/opposite/bag_files/Cat1_15mph_lr_opposite_6/lidar_pcd/ns1/velodyne_points/1624828722.027109000.pcd
Cat1,15mph,lr,opposite,6,1624828722.127939000,ns1,/media/batool/MULTIMODAL_DATA/Multimodal_Data/Cat1/opposite/bag_files/Cat1_15mph_lr_opposite_6/lidar_pcd/ns1/velodyne_points/1624828722.127939000.pcd
Cat1,15mph,lr,opposite,6,1624828722.228843000,ns1,/media/batool/MULTIMODAL_DATA/Multimodal_Data/Cat1/opposite/bag_files/Cat1_15mph_lr_opposite_6/lidar_pcd/ns1/velodyne_points/1624828722.228843000.pcd
Cat1,15mph,lr,opposite,6,1624828722.329705000,ns1,/media/batool/MULTIMODAL_DATA/Multimodal_Data/Cat1/opposite/bag_files/Cat1_15mph_lr_opposite_6/lidar_pcd/ns1/velodyne_points/1624828722.329705000.pcd
Cat1,15mph,lr,opposite,6,1624828722.430550000,ns1,/media/batool/MULTIMODAL_DATA/Multimodal_Data/Cat1/opposite/bag_files/Cat1_15mph_lr_opposite_6/lidar_pcd/ns1/velodyne_points/1624828722.430550000.pcd
Cat1,15mph,lr,opposite,6,1624828722.632282000,ns1,/media/batool/MULTIMODAL_DATA/Multimodal_Data/Cat1/opposite/bag_files/Cat1_15mph_lr_opposite_6/lidar_pcd/ns1/velodyne_points/1624828722.632282000.pcd
Cat1,15mph,lr,opposite,6,1624828722.733107000,ns1,/media/batool/MULTIMODAL_DATA/Multimodal_Data/Cat1/opposite/bag_files/Cat1_15mph_lr_opposite_6/lidar_pcd/ns1/velodyne_points/1624828722.733107000.pcd
Cat1,15mph,lr,opposite,6,1624828722.833971000,ns1,/media/batool/MULTIMODAL_DATA/Multimodal_Data/Cat1/opposite/bag_files/Cat1_15mph_lr_opposite_6/lidar_pcd/ns1/velodyne_points/1624828722.833971000.pcd
Cat1,15mph,lr,opposite,6,1624828722.934851000,ns1,/media/batool/MULTIMODAL_DATA/Multimodal_Data/Cat1/opposite/bag_files/Cat1_15mph_lr_opposite_6/lidar_pcd/ns1/velodyne_points/1624828722.934851000.pcd
Cat1,15mph,lr,opposite,6,1624828723.035692000,ns1,/media/batool/MULTIMODAL_DATA/Multimodal_Data/Cat1/opposite/bag_files/Cat1_15mph_lr_opposite_6/lidar_pcd/ns1/velodyne_points/1624828723.035692000.pcd
Cat1,15mph,lr,opposite,6,1624828723.136547000,ns1,/media/batool/MULTIMODAL_DATA/Multimodal_Data/Cat1/opposite/bag_files/Cat1_15mph_lr_opposite_6/lidar_pcd/ns1/velodyne_points/1624828723.136547000.pcd
Cat1,15mph,lr,opposite,6,1624828723.237382000,ns1,/media/batool/MULTIMODAL_DATA/Multimodal_Data/Cat1/opposite/bag_files/Cat1_15mph_lr_opposite_6/lidar_pcd/ns1/velodyne_points/1624828723.237382000.pcd
Cat1,15mph,lr,opposite,6,1624828723.338274000,ns1,/media/batool/MULTIMODAL_DATA/Multimodal_Data/Cat1/opposite/bag_files/Cat1_15mph_lr_opposite_6/lidar_pcd/ns1/velodyne_points/1624828723.338274000.pcd
Cat1,15mph,lr,opposite,6,1624828723.439101000,ns1,/media/batool/MULTIMODAL_DATA/Multimodal_Data/Cat1/opposite/bag_files/Cat1_15mph_lr_opposite_6/lidar_pcd/ns1/velodyne_points/1624828723.439101000.pcd
Cat1,15mph,lr,opposite,6,1624828723.539960000,ns1,/media/batool/MULTIMODAL_DATA/Multimodal_Data/Cat1/opposite/bag_files/Cat1_15mph_lr_opposite_6/lidar_pcd/ns1/velodyne_points/1624828723.539960000.pcd
Cat1,15mph,lr,opposite,6,1624828723.640828000,ns1,/media/batool/MULTIMODAL_DATA/Multimodal_Data/Cat1/opposite/bag_files/Cat1_15mph_lr_opposite_6/lidar_pcd/ns1/velodyne_points/1624828723.640828000.pcd
Cat1,15mph,lr,opposite,6,1624828723.741662000,ns1,/media/batool/MULTIMODAL_DATA/Multimodal_Data/Cat1/opposite/bag_files/Cat1_15mph_lr_opposite_6/lidar_pcd/ns1/velodyne_points/1624828723.741662000.pcd
Cat1,15mph,lr,opposite,6,1624828723.842561000,ns1,/media/batool/MULTIMODAL_DATA/Multimodal_Data/Cat1/opposite/bag_files/Cat1_15mph_lr_opposite_6/lidar_pcd/ns1/velodyne_points/1624828723.842561000.pcd
Cat1,15mph,lr,opposite,6,1624828723.943434000,ns1,/media/batool/MULTIMODAL_DATA/Multimodal_Data/Cat1/opposite/bag_files/Cat1_15mph_lr_opposite_6/lidar_pcd/ns1/velodyne_points/1624828723.943434000.pcd
Cat1,15mph,lr,opposite,6,1624828724.145094000,ns1,/media/batool/MULTIMODAL_DATA/Multimodal_Data/Cat1/opposite/bag_files/Cat1_15mph_lr_opposite_6/lidar_pcd/ns1/velodyne_points/1624828724.145094000.pcd
Cat1,15mph,lr,opposite,6,1624828724.245984000,ns1,/media/batool/MULTIMODAL_DATA/Multimodal_Data/Cat1/opposite/bag_files/Cat1_15mph_lr_opposite_6/lidar_pcd/ns1/velodyne_points/1624828724.245984000.pcd
Cat1,15mph,lr,opposite,6,1624828724.346841000,ns1,/media/batool/MULTIMODAL_DATA/Multimodal_Data/Cat1/opposite/bag_files/Cat1_15mph_lr_opposite_6/lidar_pcd/ns1/velodyne_points/1624828724.346841000.pcd
Cat1,15mph,lr,opposite,6,1624828724.447659000,ns1,/media/batool/MULTIMODAL_DATA/Multimodal_Data/Cat1/opposite/bag_files/Cat1_15mph_lr_opposite_6/lidar_pcd/ns1/velodyne_points/1624828724.447659000.pcd
Cat1,15mph,lr,opposite,6,1624828724.548558000,ns1,/media/batool/MULTIMODAL_DATA/Multimodal_Data/Cat1/opposite/bag_files/Cat1_15mph_lr_opposite_6/lidar_pcd/ns1/velodyne_points/1624828724.548558000.pcd
Cat1,15mph,lr,opposite,6,1624828724.649392000,ns1,/media/batool/MULTIMODAL_DATA/Multimodal_Data/Cat1/opposite/bag_files/Cat1_15mph_lr_opposite_6/lidar_pcd/ns1/velodyne_points/1624828724.649392000.pcd
Cat1,15mph,lr,opposite,6,1624828724.750237000,ns1,/media/batool/MULTIMODAL_DATA/Multimodal_Data/Cat1/opposite/bag_files/Cat1_15mph_lr_opposite_6/lidar_pcd/ns1/velodyne_points/1624828724.750237000.pcd
Cat1,15mph,lr,opposite,6,1624828724.851110000,ns1,/media/batool/MULTIMODAL_DATA/Multimodal_Data/Cat1/opposite/bag_files/Cat1_15mph_lr_opposite_6/lidar_pcd/ns1/velodyne_points/1624828724.851110000.pcd
Cat1,15mph,lr,opposite,6,1624828724.951956000,ns1,/media/batool/MULTIMODAL_DATA/Multimodal_Data/Cat1/opposite/bag_files/Cat1_15mph_lr_opposite_6/lidar_pcd/ns1/velodyne_points/1624828724.951956000.pcd
Cat1,15mph,lr,opposite,6,1624828725.052824000,ns1,/media/batool/MULTIMODAL_DATA/Multimodal_Data/Cat1/opposite/bag_files/Cat1_15mph_lr_opposite_6/lidar_pcd/ns1/velodyne_points/1624828725.052824000.pcd
Cat1,15mph,lr,opposite,6,1624828725.153695000,ns1,/media/batool/MULTIMODAL_DATA/Multimodal_Data/Cat1/opposite/bag_files/Cat1_15mph_lr_opposite_6/lidar_pcd/ns1/velodyne_points/1624828725.153695000.pcd
Cat1,15mph,lr,opposite,6,1624828725.254542000,ns1,/media/batool/MULTIMODAL_DATA/Multimodal_Data/Cat1/opposite/bag_files/Cat1_15mph_lr_opposite_6/lidar_pcd/ns1/velodyne_points/1624828725.254542000.pcd
Cat1,15mph,lr,opposite,6,1624828725.355404000,ns1,/media/batool/MULTIMODAL_DATA/Multimodal_Data/Cat1/opposite/bag_files/Cat1_15mph_lr_opposite_6/lidar_pcd/ns1/velodyne_points/1624828725.355404000.pcd
Cat1,15mph,lr,opposite,6,1624828725.456266000,ns1,/media/batool/MULTIMODAL_DATA/Multimodal_Data/Cat1/opposite/bag_files/Cat1_15mph_lr_opposite_6/lidar_pcd/ns1/velodyne_points/1624828725.456266000.pcd
Cat1,15mph,lr,opposite,6,1624828725.657977000,ns1,/media/batool/MULTIMODAL_DATA/Multimodal_Data/Cat1/opposite/bag_files/Cat1_15mph_lr_opposite_6/lidar_pcd/ns1/velodyne_points/1624828725.657977000.pcd
Cat1,15mph,lr,opposite,6,1624828725.758800000,ns1,/media/batool/MULTIMODAL_DATA/Multimodal_Data/Cat1/opposite/bag_files/Cat1_15mph_lr_opposite_6/lidar_pcd/ns1/velodyne_points/1624828725.758800000.pcd
Cat1,15mph,lr,opposite,6,1624828725.859698000,ns1,/media/batool/MULTIMODAL_DATA/Multimodal_Data/Cat1/opposite/bag_files/Cat1_15mph_lr_opposite_6/lidar_pcd/ns1/velodyne_points/1624828725.859698000.pcd
Cat1,15mph,lr,opposite,6,1624828725.960533000,ns1,/media/batool/MULTIMODAL_DATA/Multimodal_Data/Cat1/opposite/bag_files/Cat1_15mph_lr_opposite_6/lidar_pcd/ns1/velodyne_points/1624828725.960533000.pcd
Cat1,15mph,lr,opposite,6,1624828726.061385000,ns1,/media/batool/MULTIMODAL_DATA/Multimodal_Data/Cat1/opposite/bag_files/Cat1_15mph_lr_opposite_6/lidar_pcd/ns1/velodyne_points/1624828726.061385000.pcd
Cat1,15mph,lr,opposite,6,1624828726.162213000,ns1,/media/batool/MULTIMODAL_DATA/Multimodal_Data/Cat1/opposite/bag_files/Cat1_15mph_lr_opposite_6/lidar_pcd/ns1/velodyne_points/1624828726.162213000.pcd
Cat1,15mph,lr,opposite,6,1624828726.263123000,ns1,/media/batool/MULTIMODAL_DATA/Multimodal_Data/Cat1/opposite/bag_files/Cat1_15mph_lr_opposite_6/lidar_pcd/ns1/velodyne_points/1624828726.263123000.pcd
Cat1,15mph,lr,opposite,6,1624828726.363955000,ns1,/media/batool/MULTIMODAL_DATA/Multimodal_Data/Cat1/opposite/bag_files/Cat1_15mph_lr_opposite_6/lidar_pcd/ns1/velodyne_points/1624828726.363955000.pcd
Cat1,15mph,lr,opposite,6,1624828726.464834000,ns1,/media/batool/MULTIMODAL_DATA/Multimodal_Data/Cat1/opposite/bag_files/Cat1_15mph_lr_opposite_6/lidar_pcd/ns1/velodyne_points/1624828726.464834000.pcd
Cat1,15mph,lr,opposite,6,1624828726.565673000,ns1,/media/batool/MULTIMODAL_DATA/Multimodal_Data/Cat1/opposite/bag_files/Cat1_15mph_lr_opposite_6/lidar_pcd/ns1/velodyne_points/1624828726.565673000.pcd
Cat1,15mph,lr,opposite,6,1624828726.666549000,ns1,/media/batool/MULTIMODAL_DATA/Multimodal_Data/Cat1/opposite/bag_files/Cat1_15mph_lr_opposite_6/lidar_pcd/ns1/velodyne_points/1624828726.666549000.pcd
Cat1,15mph,lr,opposite,6,1624828726.767381000,ns1,/media/batool/MULTIMODAL_DATA/Multimodal_Data/Cat1/opposite/bag_files/Cat1_15mph_lr_opposite_6/lidar_pcd/ns1/velodyne_points/1624828726.767381000.pcd
Cat1,15mph,lr,opposite,6,1624828726.868210000,ns1,/media/batool/MULTIMODAL_DATA/Multimodal_Data/Cat1/opposite/bag_files/Cat1_15mph_lr_opposite_6/lidar_pcd/ns1/velodyne_points/1624828726.868210000.pcd
Cat1,15mph,lr,opposite,6,1624828726.969067000,ns1,/media/batool/MULTIMODAL_DATA/Multimodal_Data/Cat1/opposite/bag_files/Cat1_15mph_lr_opposite_6/lidar_pcd/ns1/velodyne_points/1624828726.969067000.pcd
Cat1,15mph,lr,opposite,6,1624828727.170834000,ns1,/media/batool/MULTIMODAL_DATA/Multimodal_Data/Cat1/opposite/bag_files/Cat1_15mph_lr_opposite_6/lidar_pcd/ns1/velodyne_points/1624828727.170834000.pcd
Cat1,15mph,lr,opposite,6,1624828727.271692000,ns1,/media/batool/MULTIMODAL_DATA/Multimodal_Data/Cat1/opposite/bag_files/Cat1_15mph_lr_opposite_6/lidar_pcd/ns1/velodyne_points/1624828727.271692000.pcd
Cat1,15mph,lr,opposite,6,1624828727.372545000,ns1,/media/batool/MULTIMODAL_DATA/Multimodal_Data/Cat1/opposite/bag_files/Cat1_15mph_lr_opposite_6/lidar_pcd/ns1/velodyne_points/1624828727.372545000.pcd
Cat1,15mph,lr,opposite,6,1624828727.473378000,ns1,/media/batool/MULTIMODAL_DATA/Multimodal_Data/Cat1/opposite/bag_files/Cat1_15mph_lr_opposite_6/lidar_pcd/ns1/velodyne_points/1624828727.473378000.pcd
Cat1,15mph,lr,opposite,6,1624828727.574237000,ns1,/media/batool/MULTIMODAL_DATA/Multimodal_Data/Cat1/opposite/bag_files/Cat1_15mph_lr_opposite_6/lidar_pcd/ns1/velodyne_points/1624828727.574237000.pcd
Cat1,15mph,lr,opposite,6,1624828727.675106000,ns1,/media/batool/MULTIMODAL_DATA/Multimodal_Data/Cat1/opposite/bag_files/Cat1_15mph_lr_opposite_6/lidar_pcd/ns1/velodyne_points/1624828727.675106000.pcd
Cat1,15mph,lr,opposite,6,1624828727.775958000,ns1,/media/batool/MULTIMODAL_DATA/Multimodal_Data/Cat1/opposite/bag_files/Cat1_15mph_lr_opposite_6/lidar_pcd/ns1/velodyne_points/1624828727.775958000.pcd
Cat1,15mph,lr,opposite,6,1624828727.876809000,ns1,/media/batool/MULTIMODAL_DATA/Multimodal_Data/Cat1/opposite/bag_files/Cat1_15mph_lr_opposite_6/lidar_pcd/ns1/velodyne_points/1624828727.876809000.pcd
Cat1,15mph,lr,opposite,6,1624828727.977679000,ns1,/media/batool/MULTIMODAL_DATA/Multimodal_Data/Cat1/opposite/bag_files/Cat1_15mph_lr_opposite_6/lidar_pcd/ns1/velodyne_points/1624828727.977679000.pcd
Cat1,15mph,lr,opposite,6,1624828728.078556000,ns1,/media/batool/MULTIMODAL_DATA/Multimodal_Data/Cat1/opposite/bag_files/Cat1_15mph_lr_opposite_6/lidar_pcd/ns1/velodyne_points/1624828728.078556000.pcd
Cat1,15mph,lr,opposite,6,1624828728.179388000,ns1,/media/batool/MULTIMODAL_DATA/Multimodal_Data/Cat1/opposite/bag_files/Cat1_15mph_lr_opposite_6/lidar_pcd/ns1/velodyne_points/1624828728.179388000.pcd
Cat1,15mph,lr,opposite,6,1624828728.280254000,ns1,/media/batool/MULTIMODAL_DATA/Multimodal_Data/Cat1/opposite/bag_files/Cat1_15mph_lr_opposite_6/lidar_pcd/ns1/velodyne_points/1624828728.280254000.pcd
Cat1,15mph,lr,opposite,6,1624828728.381112000,ns1,/media/batool/MULTIMODAL_DATA/Multimodal_Data/Cat1/opposite/bag_files/Cat1_15mph_lr_opposite_6/lidar_pcd/ns1/velodyne_points/1624828728.381112000.pcd
Cat1,15mph,lr,opposite,6,1624828728.481964000,ns1,/media/batool/MULTIMODAL_DATA/Multimodal_Data/Cat1/opposite/bag_files/Cat1_15mph_lr_opposite_6/lidar_pcd/ns1/velodyne_points/1624828728.481964000.pcd
Cat1,15mph,lr,opposite,6,1624828728.683675000,ns1,/media/batool/MULTIMODAL_DATA/Multimodal_Data/Cat1/opposite/bag_files/Cat1_15mph_lr_opposite_6/lidar_pcd/ns1/velodyne_points/1624828728.683675000.pcd
Cat1,15mph,lr,opposite,6,1624828728.784525000,ns1,/media/batool/MULTIMODAL_DATA/Multimodal_Data/Cat1/opposite/bag_files/Cat1_15mph_lr_opposite_6/lidar_pcd/ns1/velodyne_points/1624828728.784525000.pcd
Cat1,15mph,lr,opposite,6,1624828728.885370000,ns1,/media/batool/MULTIMODAL_DATA/Multimodal_Data/Cat1/opposite/bag_files/Cat1_15mph_lr_opposite_6/lidar_pcd/ns1/velodyne_points/1624828728.885370000.pcd
Cat1,15mph,lr,opposite,6,1624828728.986212000,ns1,/media/batool/MULTIMODAL_DATA/Multimodal_Data/Cat1/opposite/bag_files/Cat1_15mph_lr_opposite_6/lidar_pcd/ns1/velodyne_points/1624828728.986212000.pcd
Cat1,15mph,lr,opposite,6,1624828729.087090000,ns1,/media/batool/MULTIMODAL_DATA/Multimodal_Data/Cat1/opposite/bag_files/Cat1_15mph_lr_opposite_6/lidar_pcd/ns1/velodyne_points/1624828729.087090000.pcd
Cat1,15mph,lr,opposite,6,1624828729.187938000,ns1,/media/batool/MULTIMODAL_DATA/Multimodal_Data/Cat1/opposite/bag_files/Cat1_15mph_lr_opposite_6/lidar_pcd/ns1/velodyne_points/1624828729.187938000.pcd
Cat1,15mph,lr,opposite,6,1624828729.288815000,ns1,/media/batool/MULTIMODAL_DATA/Multimodal_Data/Cat1/opposite/bag_files/Cat1_15mph_lr_opposite_6/lidar_pcd/ns1/velodyne_points/1624828729.288815000.pcd
Cat1,15mph,lr,opposite,6,1624828729.389663000,ns1,/media/batool/MULTIMODAL_DATA/Multimodal_Data/Cat1/opposite/bag_files/Cat1_15mph_lr_opposite_6/lidar_pcd/ns1/velodyne_points/1624828729.389663000.pcd
Cat1,15mph,lr,opposite,6,1624828729.490529000,ns1,/media/batool/MULTIMODAL_DATA/Multimodal_Data/Cat1/opposite/bag_files/Cat1_15mph_lr_opposite_6/lidar_pcd/ns1/velodyne_points/1624828729.490529000.pcd
Cat1,15mph,lr,opposite,6,1624828729.591376000,ns1,/media/batool/MULTIMODAL_DATA/Multimodal_Data/Cat1/opposite/bag_files/Cat1_15mph_lr_opposite_6/lidar_pcd/ns1/velodyne_points/1624828729.591376000.pcd
Cat1,15mph,lr,opposite,6,1624828729.692226000,ns1,/media/batool/MULTIMODAL_DATA/Multimodal_Data/Cat1/opposite/bag_files/Cat1_15mph_lr_opposite_6/lidar_pcd/ns1/velodyne_points/1624828729.692226000.pcd
Cat1,15mph,lr,opposite,6,1624828729.793110000,ns1,/media/batool/MULTIMODAL_DATA/Multimodal_Data/Cat1/opposite/bag_files/Cat1_15mph_lr_opposite_6/lidar_pcd/ns1/velodyne_points/1624828729.793110000.pcd
Cat1,15mph,lr,opposite,6,1624828729.893949000,ns1,/media/batool/MULTIMODAL_DATA/Multimodal_Data/Cat1/opposite/bag_files/Cat1_15mph_lr_opposite_6/lidar_pcd/ns1/velodyne_points/1624828729.893949000.pcd
Cat1,15mph,lr,opposite,6,1624828729.994797000,ns1,/media/batool/MULTIMODAL_DATA/Multimodal_Data/Cat1/opposite/bag_files/Cat1_15mph_lr_opposite_6/lidar_pcd/ns1/velodyne_points/1624828729.994797000.pcd
Cat1,15mph,lr,opposite,6,1624828730.095661000,ns1,/media/batool/MULTIMODAL_DATA/Multimodal_Data/Cat1/opposite/bag_files/Cat1_15mph_lr_opposite_6/lidar_pcd/ns1/velodyne_points/1624828730.095661000.pcd
Cat1,15mph,lr,opposite,6,1624828730.196534000,ns1,/media/batool/MULTIMODAL_DATA/Multimodal_Data/Cat1/opposite/bag_files/Cat1_15mph_lr_opposite_6/lidar_pcd/ns1/velodyne_points/1624828730.196534000.pcd
Cat1,15mph,lr,opposite,6,1624828730.297369000,ns1,/media/batool/MULTIMODAL_DATA/Multimodal_Data/Cat1/opposite/bag_files/Cat1_15mph_lr_opposite_6/lidar_pcd/ns1/velodyne_points/1624828730.297369000.pcd
