Category,speed,direction,lane,episode,Time header,lidar number,path to the file
Cat3,15mph,lr,opposite,3,1625003774.732948000,ns1,/media/batool/MULTIMODAL_DATA/Multimodal_Data/Cat3/static_in_front/bag_files/Cat3_15mph_lr_opposite_3/lidar_pcd/ns1/velodyne_points/1625003774.732948000.pcd
Cat3,15mph,lr,opposite,3,1625003774.833779000,ns1,/media/batool/MULTIMODAL_DATA/Multimodal_Data/Cat3/static_in_front/bag_files/Cat3_15mph_lr_opposite_3/lidar_pcd/ns1/velodyne_points/1625003774.833779000.pcd
Cat3,15mph,lr,opposite,3,1625003774.934650000,ns1,/media/batool/MULTIMODAL_DATA/Multimodal_Data/Cat3/static_in_front/bag_files/Cat3_15mph_lr_opposite_3/lidar_pcd/ns1/velodyne_points/1625003774.934650000.pcd
Cat3,15mph,lr,opposite,3,1625003775.035505000,ns1,/media/batool/MULTIMODAL_DATA/Multimodal_Data/Cat3/static_in_front/bag_files/Cat3_15mph_lr_opposite_3/lidar_pcd/ns1/velodyne_points/1625003775.035505000.pcd
Cat3,15mph,lr,opposite,3,1625003775.136384000,ns1,/media/batool/MULTIMODAL_DATA/Multimodal_Data/Cat3/static_in_front/bag_files/Cat3_15mph_lr_opposite_3/lidar_pcd/ns1/velodyne_points/1625003775.136384000.pcd
Cat3,15mph,lr,opposite,3,1625003775.237231000,ns1,/media/batool/MULTIMODAL_DATA/Multimodal_Data/Cat3/static_in_front/bag_files/Cat3_15mph_lr_opposite_3/lidar_pcd/ns1/velodyne_points/1625003775.237231000.pcd
Cat3,15mph,lr,opposite,3,1625003775.338077000,ns1,/media/batool/MULTIMODAL_DATA/Multimodal_Data/Cat3/static_in_front/bag_files/Cat3_15mph_lr_opposite_3/lidar_pcd/ns1/velodyne_points/1625003775.338077000.pcd
Cat3,15mph,lr,opposite,3,1625003775.438953000,ns1,/media/batool/MULTIMODAL_DATA/Multimodal_Data/Cat3/static_in_front/bag_files/Cat3_15mph_lr_opposite_3/lidar_pcd/ns1/velodyne_points/1625003775.438953000.pcd
Cat3,15mph,lr,opposite,3,1625003775.539802000,ns1,/media/batool/MULTIMODAL_DATA/Multimodal_Data/Cat3/static_in_front/bag_files/Cat3_15mph_lr_opposite_3/lidar_pcd/ns1/velodyne_points/1625003775.539802000.pcd
Cat3,15mph,lr,opposite,3,1625003775.640681000,ns1,/media/batool/MULTIMODAL_DATA/Multimodal_Data/Cat3/static_in_front/bag_files/Cat3_15mph_lr_opposite_3/lidar_pcd/ns1/velodyne_points/1625003775.640681000.pcd
Cat3,15mph,lr,opposite,3,1625003775.741497000,ns1,/media/batool/MULTIMODAL_DATA/Multimodal_Data/Cat3/static_in_front/bag_files/Cat3_15mph_lr_opposite_3/lidar_pcd/ns1/velodyne_points/1625003775.741497000.pcd
Cat3,15mph,lr,opposite,3,1625003775.842351000,ns1,/media/batool/MULTIMODAL_DATA/Multimodal_Data/Cat3/static_in_front/bag_files/Cat3_15mph_lr_opposite_3/lidar_pcd/ns1/velodyne_points/1625003775.842351000.pcd
Cat3,15mph,lr,opposite,3,1625003775.943217000,ns1,/media/batool/MULTIMODAL_DATA/Multimodal_Data/Cat3/static_in_front/bag_files/Cat3_15mph_lr_opposite_3/lidar_pcd/ns1/velodyne_points/1625003775.943217000.pcd
Cat3,15mph,lr,opposite,3,1625003776.044147000,ns1,/media/batool/MULTIMODAL_DATA/Multimodal_Data/Cat3/static_in_front/bag_files/Cat3_15mph_lr_opposite_3/lidar_pcd/ns1/velodyne_points/1625003776.044147000.pcd
Cat3,15mph,lr,opposite,3,1625003776.245832000,ns1,/media/batool/MULTIMODAL_DATA/Multimodal_Data/Cat3/static_in_front/bag_files/Cat3_15mph_lr_opposite_3/lidar_pcd/ns1/velodyne_points/1625003776.245832000.pcd
Cat3,15mph,lr,opposite,3,1625003776.346647000,ns1,/media/batool/MULTIMODAL_DATA/Multimodal_Data/Cat3/static_in_front/bag_files/Cat3_15mph_lr_opposite_3/lidar_pcd/ns1/velodyne_points/1625003776.346647000.pcd
Cat3,15mph,lr,opposite,3,1625003776.447571000,ns1,/media/batool/MULTIMODAL_DATA/Multimodal_Data/Cat3/static_in_front/bag_files/Cat3_15mph_lr_opposite_3/lidar_pcd/ns1/velodyne_points/1625003776.447571000.pcd
Cat3,15mph,lr,opposite,3,1625003776.548368000,ns1,/media/batool/MULTIMODAL_DATA/Multimodal_Data/Cat3/static_in_front/bag_files/Cat3_15mph_lr_opposite_3/lidar_pcd/ns1/velodyne_points/1625003776.548368000.pcd
Cat3,15mph,lr,opposite,3,1625003776.649233000,ns1,/media/batool/MULTIMODAL_DATA/Multimodal_Data/Cat3/static_in_front/bag_files/Cat3_15mph_lr_opposite_3/lidar_pcd/ns1/velodyne_points/1625003776.649233000.pcd
Cat3,15mph,lr,opposite,3,1625003776.750096000,ns1,/media/batool/MULTIMODAL_DATA/Multimodal_Data/Cat3/static_in_front/bag_files/Cat3_15mph_lr_opposite_3/lidar_pcd/ns1/velodyne_points/1625003776.750096000.pcd
Cat3,15mph,lr,opposite,3,1625003776.850934000,ns1,/media/batool/MULTIMODAL_DATA/Multimodal_Data/Cat3/static_in_front/bag_files/Cat3_15mph_lr_opposite_3/lidar_pcd/ns1/velodyne_points/1625003776.850934000.pcd
Cat3,15mph,lr,opposite,3,1625003776.951820000,ns1,/media/batool/MULTIMODAL_DATA/Multimodal_Data/Cat3/static_in_front/bag_files/Cat3_15mph_lr_opposite_3/lidar_pcd/ns1/velodyne_points/1625003776.951820000.pcd
Cat3,15mph,lr,opposite,3,1625003777.052638000,ns1,/media/batool/MULTIMODAL_DATA/Multimodal_Data/Cat3/static_in_front/bag_files/Cat3_15mph_lr_opposite_3/lidar_pcd/ns1/velodyne_points/1625003777.052638000.pcd
Cat3,15mph,lr,opposite,3,1625003777.153512000,ns1,/media/batool/MULTIMODAL_DATA/Multimodal_Data/Cat3/static_in_front/bag_files/Cat3_15mph_lr_opposite_3/lidar_pcd/ns1/velodyne_points/1625003777.153512000.pcd
Cat3,15mph,lr,opposite,3,1625003777.254382000,ns1,/media/batool/MULTIMODAL_DATA/Multimodal_Data/Cat3/static_in_front/bag_files/Cat3_15mph_lr_opposite_3/lidar_pcd/ns1/velodyne_points/1625003777.254382000.pcd
Cat3,15mph,lr,opposite,3,1625003777.355256000,ns1,/media/batool/MULTIMODAL_DATA/Multimodal_Data/Cat3/static_in_front/bag_files/Cat3_15mph_lr_opposite_3/lidar_pcd/ns1/velodyne_points/1625003777.355256000.pcd
Cat3,15mph,lr,opposite,3,1625003777.456104000,ns1,/media/batool/MULTIMODAL_DATA/Multimodal_Data/Cat3/static_in_front/bag_files/Cat3_15mph_lr_opposite_3/lidar_pcd/ns1/velodyne_points/1625003777.456104000.pcd
Cat3,15mph,lr,opposite,3,1625003777.556981000,ns1,/media/batool/MULTIMODAL_DATA/Multimodal_Data/Cat3/static_in_front/bag_files/Cat3_15mph_lr_opposite_3/lidar_pcd/ns1/velodyne_points/1625003777.556981000.pcd
Cat3,15mph,lr,opposite,3,1625003777.758648000,ns1,/media/batool/MULTIMODAL_DATA/Multimodal_Data/Cat3/static_in_front/bag_files/Cat3_15mph_lr_opposite_3/lidar_pcd/ns1/velodyne_points/1625003777.758648000.pcd
Cat3,15mph,lr,opposite,3,1625003777.859514000,ns1,/media/batool/MULTIMODAL_DATA/Multimodal_Data/Cat3/static_in_front/bag_files/Cat3_15mph_lr_opposite_3/lidar_pcd/ns1/velodyne_points/1625003777.859514000.pcd
Cat3,15mph,lr,opposite,3,1625003777.960366000,ns1,/media/batool/MULTIMODAL_DATA/Multimodal_Data/Cat3/static_in_front/bag_files/Cat3_15mph_lr_opposite_3/lidar_pcd/ns1/velodyne_points/1625003777.960366000.pcd
Cat3,15mph,lr,opposite,3,1625003778.061244000,ns1,/media/batool/MULTIMODAL_DATA/Multimodal_Data/Cat3/static_in_front/bag_files/Cat3_15mph_lr_opposite_3/lidar_pcd/ns1/velodyne_points/1625003778.061244000.pcd
Cat3,15mph,lr,opposite,3,1625003778.162079000,ns1,/media/batool/MULTIMODAL_DATA/Multimodal_Data/Cat3/static_in_front/bag_files/Cat3_15mph_lr_opposite_3/lidar_pcd/ns1/velodyne_points/1625003778.162079000.pcd
Cat3,15mph,lr,opposite,3,1625003778.262931000,ns1,/media/batool/MULTIMODAL_DATA/Multimodal_Data/Cat3/static_in_front/bag_files/Cat3_15mph_lr_opposite_3/lidar_pcd/ns1/velodyne_points/1625003778.262931000.pcd
Cat3,15mph,lr,opposite,3,1625003778.363778000,ns1,/media/batool/MULTIMODAL_DATA/Multimodal_Data/Cat3/static_in_front/bag_files/Cat3_15mph_lr_opposite_3/lidar_pcd/ns1/velodyne_points/1625003778.363778000.pcd
Cat3,15mph,lr,opposite,3,1625003778.464653000,ns1,/media/batool/MULTIMODAL_DATA/Multimodal_Data/Cat3/static_in_front/bag_files/Cat3_15mph_lr_opposite_3/lidar_pcd/ns1/velodyne_points/1625003778.464653000.pcd
Cat3,15mph,lr,opposite,3,1625003778.565583000,ns1,/media/batool/MULTIMODAL_DATA/Multimodal_Data/Cat3/static_in_front/bag_files/Cat3_15mph_lr_opposite_3/lidar_pcd/ns1/velodyne_points/1625003778.565583000.pcd
Cat3,15mph,lr,opposite,3,1625003778.666352000,ns1,/media/batool/MULTIMODAL_DATA/Multimodal_Data/Cat3/static_in_front/bag_files/Cat3_15mph_lr_opposite_3/lidar_pcd/ns1/velodyne_points/1625003778.666352000.pcd
Cat3,15mph,lr,opposite,3,1625003778.767200000,ns1,/media/batool/MULTIMODAL_DATA/Multimodal_Data/Cat3/static_in_front/bag_files/Cat3_15mph_lr_opposite_3/lidar_pcd/ns1/velodyne_points/1625003778.767200000.pcd
Cat3,15mph,lr,opposite,3,1625003778.868080000,ns1,/media/batool/MULTIMODAL_DATA/Multimodal_Data/Cat3/static_in_front/bag_files/Cat3_15mph_lr_opposite_3/lidar_pcd/ns1/velodyne_points/1625003778.868080000.pcd
Cat3,15mph,lr,opposite,3,1625003778.968958000,ns1,/media/batool/MULTIMODAL_DATA/Multimodal_Data/Cat3/static_in_front/bag_files/Cat3_15mph_lr_opposite_3/lidar_pcd/ns1/velodyne_points/1625003778.968958000.pcd
Cat3,15mph,lr,opposite,3,1625003779.069804000,ns1,/media/batool/MULTIMODAL_DATA/Multimodal_Data/Cat3/static_in_front/bag_files/Cat3_15mph_lr_opposite_3/lidar_pcd/ns1/velodyne_points/1625003779.069804000.pcd
Cat3,15mph,lr,opposite,3,1625003779.271516000,ns1,/media/batool/MULTIMODAL_DATA/Multimodal_Data/Cat3/static_in_front/bag_files/Cat3_15mph_lr_opposite_3/lidar_pcd/ns1/velodyne_points/1625003779.271516000.pcd
Cat3,15mph,lr,opposite,3,1625003779.372355000,ns1,/media/batool/MULTIMODAL_DATA/Multimodal_Data/Cat3/static_in_front/bag_files/Cat3_15mph_lr_opposite_3/lidar_pcd/ns1/velodyne_points/1625003779.372355000.pcd
Cat3,15mph,lr,opposite,3,1625003779.473190000,ns1,/media/batool/MULTIMODAL_DATA/Multimodal_Data/Cat3/static_in_front/bag_files/Cat3_15mph_lr_opposite_3/lidar_pcd/ns1/velodyne_points/1625003779.473190000.pcd
Cat3,15mph,lr,opposite,3,1625003779.574068000,ns1,/media/batool/MULTIMODAL_DATA/Multimodal_Data/Cat3/static_in_front/bag_files/Cat3_15mph_lr_opposite_3/lidar_pcd/ns1/velodyne_points/1625003779.574068000.pcd
Cat3,15mph,lr,opposite,3,1625003779.674912000,ns1,/media/batool/MULTIMODAL_DATA/Multimodal_Data/Cat3/static_in_front/bag_files/Cat3_15mph_lr_opposite_3/lidar_pcd/ns1/velodyne_points/1625003779.674912000.pcd
Cat3,15mph,lr,opposite,3,1625003779.775762000,ns1,/media/batool/MULTIMODAL_DATA/Multimodal_Data/Cat3/static_in_front/bag_files/Cat3_15mph_lr_opposite_3/lidar_pcd/ns1/velodyne_points/1625003779.775762000.pcd
Cat3,15mph,lr,opposite,3,1625003779.876634000,ns1,/media/batool/MULTIMODAL_DATA/Multimodal_Data/Cat3/static_in_front/bag_files/Cat3_15mph_lr_opposite_3/lidar_pcd/ns1/velodyne_points/1625003779.876634000.pcd
Cat3,15mph,lr,opposite,3,1625003779.977507000,ns1,/media/batool/MULTIMODAL_DATA/Multimodal_Data/Cat3/static_in_front/bag_files/Cat3_15mph_lr_opposite_3/lidar_pcd/ns1/velodyne_points/1625003779.977507000.pcd
Cat3,15mph,lr,opposite,3,1625003780.078366000,ns1,/media/batool/MULTIMODAL_DATA/Multimodal_Data/Cat3/static_in_front/bag_files/Cat3_15mph_lr_opposite_3/lidar_pcd/ns1/velodyne_points/1625003780.078366000.pcd
Cat3,15mph,lr,opposite,3,1625003780.179229000,ns1,/media/batool/MULTIMODAL_DATA/Multimodal_Data/Cat3/static_in_front/bag_files/Cat3_15mph_lr_opposite_3/lidar_pcd/ns1/velodyne_points/1625003780.179229000.pcd
Cat3,15mph,lr,opposite,3,1625003780.280054000,ns1,/media/batool/MULTIMODAL_DATA/Multimodal_Data/Cat3/static_in_front/bag_files/Cat3_15mph_lr_opposite_3/lidar_pcd/ns1/velodyne_points/1625003780.280054000.pcd
Cat3,15mph,lr,opposite,3,1625003780.380908000,ns1,/media/batool/MULTIMODAL_DATA/Multimodal_Data/Cat3/static_in_front/bag_files/Cat3_15mph_lr_opposite_3/lidar_pcd/ns1/velodyne_points/1625003780.380908000.pcd
Cat3,15mph,lr,opposite,3,1625003780.481762000,ns1,/media/batool/MULTIMODAL_DATA/Multimodal_Data/Cat3/static_in_front/bag_files/Cat3_15mph_lr_opposite_3/lidar_pcd/ns1/velodyne_points/1625003780.481762000.pcd
Cat3,15mph,lr,opposite,3,1625003780.582643000,ns1,/media/batool/MULTIMODAL_DATA/Multimodal_Data/Cat3/static_in_front/bag_files/Cat3_15mph_lr_opposite_3/lidar_pcd/ns1/velodyne_points/1625003780.582643000.pcd
Cat3,15mph,lr,opposite,3,1625003776.144956000,ns1,/media/batool/MULTIMODAL_DATA/Multimodal_Data/Cat3/static_in_front/bag_files/Cat3_15mph_lr_opposite_3/lidar_pcd/ns1/velodyne_points/1625003776.144956000.pcd
Cat3,15mph,lr,opposite,3,1625003777.657793000,ns1,/media/batool/MULTIMODAL_DATA/Multimodal_Data/Cat3/static_in_front/bag_files/Cat3_15mph_lr_opposite_3/lidar_pcd/ns1/velodyne_points/1625003777.657793000.pcd
Cat3,15mph,lr,opposite,3,1625003779.170661000,ns1,/media/batool/MULTIMODAL_DATA/Multimodal_Data/Cat3/static_in_front/bag_files/Cat3_15mph_lr_opposite_3/lidar_pcd/ns1/velodyne_points/1625003779.170661000.pcd
Cat3,15mph,lr,opposite,3,1625003780.683513000,ns1,/media/batool/MULTIMODAL_DATA/Multimodal_Data/Cat3/static_in_front/bag_files/Cat3_15mph_lr_opposite_3/lidar_pcd/ns1/velodyne_points/1625003780.683513000.pcd
Cat3,15mph,lr,opposite,3,1625003782.196346000,ns1,/media/batool/MULTIMODAL_DATA/Multimodal_Data/Cat3/static_in_front/bag_files/Cat3_15mph_lr_opposite_3/lidar_pcd/ns1/velodyne_points/1625003782.196346000.pcd
Cat3,15mph,lr,opposite,3,1625003783.709173000,ns1,/media/batool/MULTIMODAL_DATA/Multimodal_Data/Cat3/static_in_front/bag_files/Cat3_15mph_lr_opposite_3/lidar_pcd/ns1/velodyne_points/1625003783.709173000.pcd
Cat3,15mph,lr,opposite,3,1625003785.222063000,ns1,/media/batool/MULTIMODAL_DATA/Multimodal_Data/Cat3/static_in_front/bag_files/Cat3_15mph_lr_opposite_3/lidar_pcd/ns1/velodyne_points/1625003785.222063000.pcd
Cat3,15mph,lr,opposite,3,1625003786.734919000,ns1,/media/batool/MULTIMODAL_DATA/Multimodal_Data/Cat3/static_in_front/bag_files/Cat3_15mph_lr_opposite_3/lidar_pcd/ns1/velodyne_points/1625003786.734919000.pcd
Cat3,15mph,lr,opposite,3,1625003788.247759000,ns1,/media/batool/MULTIMODAL_DATA/Multimodal_Data/Cat3/static_in_front/bag_files/Cat3_15mph_lr_opposite_3/lidar_pcd/ns1/velodyne_points/1625003788.247759000.pcd
Cat3,15mph,lr,opposite,3,1625003789.760589000,ns1,/media/batool/MULTIMODAL_DATA/Multimodal_Data/Cat3/static_in_front/bag_files/Cat3_15mph_lr_opposite_3/lidar_pcd/ns1/velodyne_points/1625003789.760589000.pcd
Cat3,15mph,lr,opposite,3,1625003791.273460000,ns1,/media/batool/MULTIMODAL_DATA/Multimodal_Data/Cat3/static_in_front/bag_files/Cat3_15mph_lr_opposite_3/lidar_pcd/ns1/velodyne_points/1625003791.273460000.pcd
Cat3,15mph,lr,opposite,3,1625003792.786320000,ns1,/media/batool/MULTIMODAL_DATA/Multimodal_Data/Cat3/static_in_front/bag_files/Cat3_15mph_lr_opposite_3/lidar_pcd/ns1/velodyne_points/1625003792.786320000.pcd
Cat3,15mph,lr,opposite,3,1625003794.299160000,ns1,/media/batool/MULTIMODAL_DATA/Multimodal_Data/Cat3/static_in_front/bag_files/Cat3_15mph_lr_opposite_3/lidar_pcd/ns1/velodyne_points/1625003794.299160000.pcd
Cat3,15mph,lr,opposite,3,1625003795.812018000,ns1,/media/batool/MULTIMODAL_DATA/Multimodal_Data/Cat3/static_in_front/bag_files/Cat3_15mph_lr_opposite_3/lidar_pcd/ns1/velodyne_points/1625003795.812018000.pcd
Cat3,15mph,lr,opposite,3,1625003797.324877000,ns1,/media/batool/MULTIMODAL_DATA/Multimodal_Data/Cat3/static_in_front/bag_files/Cat3_15mph_lr_opposite_3/lidar_pcd/ns1/velodyne_points/1625003797.324877000.pcd
Cat3,15mph,lr,opposite,3,1625003798.938568000,ns1,/media/batool/MULTIMODAL_DATA/Multimodal_Data/Cat3/static_in_front/bag_files/Cat3_15mph_lr_opposite_3/lidar_pcd/ns1/velodyne_points/1625003798.938568000.pcd
Cat3,15mph,lr,opposite,3,1625003800.451397000,ns1,/media/batool/MULTIMODAL_DATA/Multimodal_Data/Cat3/static_in_front/bag_files/Cat3_15mph_lr_opposite_3/lidar_pcd/ns1/velodyne_points/1625003800.451397000.pcd
Cat3,15mph,lr,opposite,3,1625003801.964314000,ns1,/media/batool/MULTIMODAL_DATA/Multimodal_Data/Cat3/static_in_front/bag_files/Cat3_15mph_lr_opposite_3/lidar_pcd/ns1/velodyne_points/1625003801.964314000.pcd
Cat3,15mph,lr,opposite,3,1625003780.784352000,ns1,/media/batool/MULTIMODAL_DATA/Multimodal_Data/Cat3/static_in_front/bag_files/Cat3_15mph_lr_opposite_3/lidar_pcd/ns1/velodyne_points/1625003780.784352000.pcd
Cat3,15mph,lr,opposite,3,1625003780.885200000,ns1,/media/batool/MULTIMODAL_DATA/Multimodal_Data/Cat3/static_in_front/bag_files/Cat3_15mph_lr_opposite_3/lidar_pcd/ns1/velodyne_points/1625003780.885200000.pcd
Cat3,15mph,lr,opposite,3,1625003780.986055000,ns1,/media/batool/MULTIMODAL_DATA/Multimodal_Data/Cat3/static_in_front/bag_files/Cat3_15mph_lr_opposite_3/lidar_pcd/ns1/velodyne_points/1625003780.986055000.pcd
Cat3,15mph,lr,opposite,3,1625003781.086910000,ns1,/media/batool/MULTIMODAL_DATA/Multimodal_Data/Cat3/static_in_front/bag_files/Cat3_15mph_lr_opposite_3/lidar_pcd/ns1/velodyne_points/1625003781.086910000.pcd
Cat3,15mph,lr,opposite,3,1625003781.187795000,ns1,/media/batool/MULTIMODAL_DATA/Multimodal_Data/Cat3/static_in_front/bag_files/Cat3_15mph_lr_opposite_3/lidar_pcd/ns1/velodyne_points/1625003781.187795000.pcd
Cat3,15mph,lr,opposite,3,1625003781.288641000,ns1,/media/batool/MULTIMODAL_DATA/Multimodal_Data/Cat3/static_in_front/bag_files/Cat3_15mph_lr_opposite_3/lidar_pcd/ns1/velodyne_points/1625003781.288641000.pcd
Cat3,15mph,lr,opposite,3,1625003781.389489000,ns1,/media/batool/MULTIMODAL_DATA/Multimodal_Data/Cat3/static_in_front/bag_files/Cat3_15mph_lr_opposite_3/lidar_pcd/ns1/velodyne_points/1625003781.389489000.pcd
Cat3,15mph,lr,opposite,3,1625003781.490327000,ns1,/media/batool/MULTIMODAL_DATA/Multimodal_Data/Cat3/static_in_front/bag_files/Cat3_15mph_lr_opposite_3/lidar_pcd/ns1/velodyne_points/1625003781.490327000.pcd
Cat3,15mph,lr,opposite,3,1625003781.591261000,ns1,/media/batool/MULTIMODAL_DATA/Multimodal_Data/Cat3/static_in_front/bag_files/Cat3_15mph_lr_opposite_3/lidar_pcd/ns1/velodyne_points/1625003781.591261000.pcd
Cat3,15mph,lr,opposite,3,1625003781.692075000,ns1,/media/batool/MULTIMODAL_DATA/Multimodal_Data/Cat3/static_in_front/bag_files/Cat3_15mph_lr_opposite_3/lidar_pcd/ns1/velodyne_points/1625003781.692075000.pcd
Cat3,15mph,lr,opposite,3,1625003781.792905000,ns1,/media/batool/MULTIMODAL_DATA/Multimodal_Data/Cat3/static_in_front/bag_files/Cat3_15mph_lr_opposite_3/lidar_pcd/ns1/velodyne_points/1625003781.792905000.pcd
Cat3,15mph,lr,opposite,3,1625003781.893761000,ns1,/media/batool/MULTIMODAL_DATA/Multimodal_Data/Cat3/static_in_front/bag_files/Cat3_15mph_lr_opposite_3/lidar_pcd/ns1/velodyne_points/1625003781.893761000.pcd
Cat3,15mph,lr,opposite,3,1625003781.994606000,ns1,/media/batool/MULTIMODAL_DATA/Multimodal_Data/Cat3/static_in_front/bag_files/Cat3_15mph_lr_opposite_3/lidar_pcd/ns1/velodyne_points/1625003781.994606000.pcd
Cat3,15mph,lr,opposite,3,1625003782.095461000,ns1,/media/batool/MULTIMODAL_DATA/Multimodal_Data/Cat3/static_in_front/bag_files/Cat3_15mph_lr_opposite_3/lidar_pcd/ns1/velodyne_points/1625003782.095461000.pcd
Cat3,15mph,lr,opposite,3,1625003782.297196000,ns1,/media/batool/MULTIMODAL_DATA/Multimodal_Data/Cat3/static_in_front/bag_files/Cat3_15mph_lr_opposite_3/lidar_pcd/ns1/velodyne_points/1625003782.297196000.pcd
Cat3,15mph,lr,opposite,3,1625003782.398074000,ns1,/media/batool/MULTIMODAL_DATA/Multimodal_Data/Cat3/static_in_front/bag_files/Cat3_15mph_lr_opposite_3/lidar_pcd/ns1/velodyne_points/1625003782.398074000.pcd
Cat3,15mph,lr,opposite,3,1625003782.498920000,ns1,/media/batool/MULTIMODAL_DATA/Multimodal_Data/Cat3/static_in_front/bag_files/Cat3_15mph_lr_opposite_3/lidar_pcd/ns1/velodyne_points/1625003782.498920000.pcd
Cat3,15mph,lr,opposite,3,1625003782.599745000,ns1,/media/batool/MULTIMODAL_DATA/Multimodal_Data/Cat3/static_in_front/bag_files/Cat3_15mph_lr_opposite_3/lidar_pcd/ns1/velodyne_points/1625003782.599745000.pcd
Cat3,15mph,lr,opposite,3,1625003782.700609000,ns1,/media/batool/MULTIMODAL_DATA/Multimodal_Data/Cat3/static_in_front/bag_files/Cat3_15mph_lr_opposite_3/lidar_pcd/ns1/velodyne_points/1625003782.700609000.pcd
Cat3,15mph,lr,opposite,3,1625003782.801482000,ns1,/media/batool/MULTIMODAL_DATA/Multimodal_Data/Cat3/static_in_front/bag_files/Cat3_15mph_lr_opposite_3/lidar_pcd/ns1/velodyne_points/1625003782.801482000.pcd
Cat3,15mph,lr,opposite,3,1625003782.902337000,ns1,/media/batool/MULTIMODAL_DATA/Multimodal_Data/Cat3/static_in_front/bag_files/Cat3_15mph_lr_opposite_3/lidar_pcd/ns1/velodyne_points/1625003782.902337000.pcd
Cat3,15mph,lr,opposite,3,1625003783.003201000,ns1,/media/batool/MULTIMODAL_DATA/Multimodal_Data/Cat3/static_in_front/bag_files/Cat3_15mph_lr_opposite_3/lidar_pcd/ns1/velodyne_points/1625003783.003201000.pcd
Cat3,15mph,lr,opposite,3,1625003783.104032000,ns1,/media/batool/MULTIMODAL_DATA/Multimodal_Data/Cat3/static_in_front/bag_files/Cat3_15mph_lr_opposite_3/lidar_pcd/ns1/velodyne_points/1625003783.104032000.pcd
Cat3,15mph,lr,opposite,3,1625003783.204898000,ns1,/media/batool/MULTIMODAL_DATA/Multimodal_Data/Cat3/static_in_front/bag_files/Cat3_15mph_lr_opposite_3/lidar_pcd/ns1/velodyne_points/1625003783.204898000.pcd
Cat3,15mph,lr,opposite,3,1625003783.305741000,ns1,/media/batool/MULTIMODAL_DATA/Multimodal_Data/Cat3/static_in_front/bag_files/Cat3_15mph_lr_opposite_3/lidar_pcd/ns1/velodyne_points/1625003783.305741000.pcd
Cat3,15mph,lr,opposite,3,1625003783.406613000,ns1,/media/batool/MULTIMODAL_DATA/Multimodal_Data/Cat3/static_in_front/bag_files/Cat3_15mph_lr_opposite_3/lidar_pcd/ns1/velodyne_points/1625003783.406613000.pcd
Cat3,15mph,lr,opposite,3,1625003783.507487000,ns1,/media/batool/MULTIMODAL_DATA/Multimodal_Data/Cat3/static_in_front/bag_files/Cat3_15mph_lr_opposite_3/lidar_pcd/ns1/velodyne_points/1625003783.507487000.pcd
Cat3,15mph,lr,opposite,3,1625003783.608336000,ns1,/media/batool/MULTIMODAL_DATA/Multimodal_Data/Cat3/static_in_front/bag_files/Cat3_15mph_lr_opposite_3/lidar_pcd/ns1/velodyne_points/1625003783.608336000.pcd
Cat3,15mph,lr,opposite,3,1625003783.810039000,ns1,/media/batool/MULTIMODAL_DATA/Multimodal_Data/Cat3/static_in_front/bag_files/Cat3_15mph_lr_opposite_3/lidar_pcd/ns1/velodyne_points/1625003783.810039000.pcd
Cat3,15mph,lr,opposite,3,1625003783.910922000,ns1,/media/batool/MULTIMODAL_DATA/Multimodal_Data/Cat3/static_in_front/bag_files/Cat3_15mph_lr_opposite_3/lidar_pcd/ns1/velodyne_points/1625003783.910922000.pcd
Cat3,15mph,lr,opposite,3,1625003784.011745000,ns1,/media/batool/MULTIMODAL_DATA/Multimodal_Data/Cat3/static_in_front/bag_files/Cat3_15mph_lr_opposite_3/lidar_pcd/ns1/velodyne_points/1625003784.011745000.pcd
Cat3,15mph,lr,opposite,3,1625003784.112689000,ns1,/media/batool/MULTIMODAL_DATA/Multimodal_Data/Cat3/static_in_front/bag_files/Cat3_15mph_lr_opposite_3/lidar_pcd/ns1/velodyne_points/1625003784.112689000.pcd
Cat3,15mph,lr,opposite,3,1625003784.213475000,ns1,/media/batool/MULTIMODAL_DATA/Multimodal_Data/Cat3/static_in_front/bag_files/Cat3_15mph_lr_opposite_3/lidar_pcd/ns1/velodyne_points/1625003784.213475000.pcd
Cat3,15mph,lr,opposite,3,1625003784.314320000,ns1,/media/batool/MULTIMODAL_DATA/Multimodal_Data/Cat3/static_in_front/bag_files/Cat3_15mph_lr_opposite_3/lidar_pcd/ns1/velodyne_points/1625003784.314320000.pcd
Cat3,15mph,lr,opposite,3,1625003784.415208000,ns1,/media/batool/MULTIMODAL_DATA/Multimodal_Data/Cat3/static_in_front/bag_files/Cat3_15mph_lr_opposite_3/lidar_pcd/ns1/velodyne_points/1625003784.415208000.pcd
Cat3,15mph,lr,opposite,3,1625003784.516082000,ns1,/media/batool/MULTIMODAL_DATA/Multimodal_Data/Cat3/static_in_front/bag_files/Cat3_15mph_lr_opposite_3/lidar_pcd/ns1/velodyne_points/1625003784.516082000.pcd
Cat3,15mph,lr,opposite,3,1625003784.616892000,ns1,/media/batool/MULTIMODAL_DATA/Multimodal_Data/Cat3/static_in_front/bag_files/Cat3_15mph_lr_opposite_3/lidar_pcd/ns1/velodyne_points/1625003784.616892000.pcd
Cat3,15mph,lr,opposite,3,1625003784.717780000,ns1,/media/batool/MULTIMODAL_DATA/Multimodal_Data/Cat3/static_in_front/bag_files/Cat3_15mph_lr_opposite_3/lidar_pcd/ns1/velodyne_points/1625003784.717780000.pcd
Cat3,15mph,lr,opposite,3,1625003784.818619000,ns1,/media/batool/MULTIMODAL_DATA/Multimodal_Data/Cat3/static_in_front/bag_files/Cat3_15mph_lr_opposite_3/lidar_pcd/ns1/velodyne_points/1625003784.818619000.pcd
Cat3,15mph,lr,opposite,3,1625003784.919479000,ns1,/media/batool/MULTIMODAL_DATA/Multimodal_Data/Cat3/static_in_front/bag_files/Cat3_15mph_lr_opposite_3/lidar_pcd/ns1/velodyne_points/1625003784.919479000.pcd
Cat3,15mph,lr,opposite,3,1625003785.020394000,ns1,/media/batool/MULTIMODAL_DATA/Multimodal_Data/Cat3/static_in_front/bag_files/Cat3_15mph_lr_opposite_3/lidar_pcd/ns1/velodyne_points/1625003785.020394000.pcd
Cat3,15mph,lr,opposite,3,1625003785.121172000,ns1,/media/batool/MULTIMODAL_DATA/Multimodal_Data/Cat3/static_in_front/bag_files/Cat3_15mph_lr_opposite_3/lidar_pcd/ns1/velodyne_points/1625003785.121172000.pcd
Cat3,15mph,lr,opposite,3,1625003785.322932000,ns1,/media/batool/MULTIMODAL_DATA/Multimodal_Data/Cat3/static_in_front/bag_files/Cat3_15mph_lr_opposite_3/lidar_pcd/ns1/velodyne_points/1625003785.322932000.pcd
Cat3,15mph,lr,opposite,3,1625003785.423750000,ns1,/media/batool/MULTIMODAL_DATA/Multimodal_Data/Cat3/static_in_front/bag_files/Cat3_15mph_lr_opposite_3/lidar_pcd/ns1/velodyne_points/1625003785.423750000.pcd
Cat3,15mph,lr,opposite,3,1625003785.524636000,ns1,/media/batool/MULTIMODAL_DATA/Multimodal_Data/Cat3/static_in_front/bag_files/Cat3_15mph_lr_opposite_3/lidar_pcd/ns1/velodyne_points/1625003785.524636000.pcd
Cat3,15mph,lr,opposite,3,1625003785.625497000,ns1,/media/batool/MULTIMODAL_DATA/Multimodal_Data/Cat3/static_in_front/bag_files/Cat3_15mph_lr_opposite_3/lidar_pcd/ns1/velodyne_points/1625003785.625497000.pcd
Cat3,15mph,lr,opposite,3,1625003785.726352000,ns1,/media/batool/MULTIMODAL_DATA/Multimodal_Data/Cat3/static_in_front/bag_files/Cat3_15mph_lr_opposite_3/lidar_pcd/ns1/velodyne_points/1625003785.726352000.pcd
Cat3,15mph,lr,opposite,3,1625003785.827186000,ns1,/media/batool/MULTIMODAL_DATA/Multimodal_Data/Cat3/static_in_front/bag_files/Cat3_15mph_lr_opposite_3/lidar_pcd/ns1/velodyne_points/1625003785.827186000.pcd
Cat3,15mph,lr,opposite,3,1625003785.928027000,ns1,/media/batool/MULTIMODAL_DATA/Multimodal_Data/Cat3/static_in_front/bag_files/Cat3_15mph_lr_opposite_3/lidar_pcd/ns1/velodyne_points/1625003785.928027000.pcd
Cat3,15mph,lr,opposite,3,1625003786.028932000,ns1,/media/batool/MULTIMODAL_DATA/Multimodal_Data/Cat3/static_in_front/bag_files/Cat3_15mph_lr_opposite_3/lidar_pcd/ns1/velodyne_points/1625003786.028932000.pcd
Cat3,15mph,lr,opposite,3,1625003786.129776000,ns1,/media/batool/MULTIMODAL_DATA/Multimodal_Data/Cat3/static_in_front/bag_files/Cat3_15mph_lr_opposite_3/lidar_pcd/ns1/velodyne_points/1625003786.129776000.pcd
Cat3,15mph,lr,opposite,3,1625003786.230633000,ns1,/media/batool/MULTIMODAL_DATA/Multimodal_Data/Cat3/static_in_front/bag_files/Cat3_15mph_lr_opposite_3/lidar_pcd/ns1/velodyne_points/1625003786.230633000.pcd
Cat3,15mph,lr,opposite,3,1625003786.331491000,ns1,/media/batool/MULTIMODAL_DATA/Multimodal_Data/Cat3/static_in_front/bag_files/Cat3_15mph_lr_opposite_3/lidar_pcd/ns1/velodyne_points/1625003786.331491000.pcd
Cat3,15mph,lr,opposite,3,1625003786.432301000,ns1,/media/batool/MULTIMODAL_DATA/Multimodal_Data/Cat3/static_in_front/bag_files/Cat3_15mph_lr_opposite_3/lidar_pcd/ns1/velodyne_points/1625003786.432301000.pcd
Cat3,15mph,lr,opposite,3,1625003786.533164000,ns1,/media/batool/MULTIMODAL_DATA/Multimodal_Data/Cat3/static_in_front/bag_files/Cat3_15mph_lr_opposite_3/lidar_pcd/ns1/velodyne_points/1625003786.533164000.pcd
Cat3,15mph,lr,opposite,3,1625003786.634023000,ns1,/media/batool/MULTIMODAL_DATA/Multimodal_Data/Cat3/static_in_front/bag_files/Cat3_15mph_lr_opposite_3/lidar_pcd/ns1/velodyne_points/1625003786.634023000.pcd
Cat3,15mph,lr,opposite,3,1625003786.835761000,ns1,/media/batool/MULTIMODAL_DATA/Multimodal_Data/Cat3/static_in_front/bag_files/Cat3_15mph_lr_opposite_3/lidar_pcd/ns1/velodyne_points/1625003786.835761000.pcd
Cat3,15mph,lr,opposite,3,1625003786.936634000,ns1,/media/batool/MULTIMODAL_DATA/Multimodal_Data/Cat3/static_in_front/bag_files/Cat3_15mph_lr_opposite_3/lidar_pcd/ns1/velodyne_points/1625003786.936634000.pcd
Cat3,15mph,lr,opposite,3,1625003787.037486000,ns1,/media/batool/MULTIMODAL_DATA/Multimodal_Data/Cat3/static_in_front/bag_files/Cat3_15mph_lr_opposite_3/lidar_pcd/ns1/velodyne_points/1625003787.037486000.pcd
Cat3,15mph,lr,opposite,3,1625003787.138321000,ns1,/media/batool/MULTIMODAL_DATA/Multimodal_Data/Cat3/static_in_front/bag_files/Cat3_15mph_lr_opposite_3/lidar_pcd/ns1/velodyne_points/1625003787.138321000.pcd
Cat3,15mph,lr,opposite,3,1625003787.239158000,ns1,/media/batool/MULTIMODAL_DATA/Multimodal_Data/Cat3/static_in_front/bag_files/Cat3_15mph_lr_opposite_3/lidar_pcd/ns1/velodyne_points/1625003787.239158000.pcd
Cat3,15mph,lr,opposite,3,1625003787.340011000,ns1,/media/batool/MULTIMODAL_DATA/Multimodal_Data/Cat3/static_in_front/bag_files/Cat3_15mph_lr_opposite_3/lidar_pcd/ns1/velodyne_points/1625003787.340011000.pcd
Cat3,15mph,lr,opposite,3,1625003787.440920000,ns1,/media/batool/MULTIMODAL_DATA/Multimodal_Data/Cat3/static_in_front/bag_files/Cat3_15mph_lr_opposite_3/lidar_pcd/ns1/velodyne_points/1625003787.440920000.pcd
Cat3,15mph,lr,opposite,3,1625003787.541759000,ns1,/media/batool/MULTIMODAL_DATA/Multimodal_Data/Cat3/static_in_front/bag_files/Cat3_15mph_lr_opposite_3/lidar_pcd/ns1/velodyne_points/1625003787.541759000.pcd
Cat3,15mph,lr,opposite,3,1625003787.642628000,ns1,/media/batool/MULTIMODAL_DATA/Multimodal_Data/Cat3/static_in_front/bag_files/Cat3_15mph_lr_opposite_3/lidar_pcd/ns1/velodyne_points/1625003787.642628000.pcd
Cat3,15mph,lr,opposite,3,1625003787.743465000,ns1,/media/batool/MULTIMODAL_DATA/Multimodal_Data/Cat3/static_in_front/bag_files/Cat3_15mph_lr_opposite_3/lidar_pcd/ns1/velodyne_points/1625003787.743465000.pcd
Cat3,15mph,lr,opposite,3,1625003787.844344000,ns1,/media/batool/MULTIMODAL_DATA/Multimodal_Data/Cat3/static_in_front/bag_files/Cat3_15mph_lr_opposite_3/lidar_pcd/ns1/velodyne_points/1625003787.844344000.pcd
Cat3,15mph,lr,opposite,3,1625003787.945175000,ns1,/media/batool/MULTIMODAL_DATA/Multimodal_Data/Cat3/static_in_front/bag_files/Cat3_15mph_lr_opposite_3/lidar_pcd/ns1/velodyne_points/1625003787.945175000.pcd
Cat3,15mph,lr,opposite,3,1625003788.046056000,ns1,/media/batool/MULTIMODAL_DATA/Multimodal_Data/Cat3/static_in_front/bag_files/Cat3_15mph_lr_opposite_3/lidar_pcd/ns1/velodyne_points/1625003788.046056000.pcd
Cat3,15mph,lr,opposite,3,1625003788.146899000,ns1,/media/batool/MULTIMODAL_DATA/Multimodal_Data/Cat3/static_in_front/bag_files/Cat3_15mph_lr_opposite_3/lidar_pcd/ns1/velodyne_points/1625003788.146899000.pcd
Cat3,15mph,lr,opposite,3,1625003788.348594000,ns1,/media/batool/MULTIMODAL_DATA/Multimodal_Data/Cat3/static_in_front/bag_files/Cat3_15mph_lr_opposite_3/lidar_pcd/ns1/velodyne_points/1625003788.348594000.pcd
Cat3,15mph,lr,opposite,3,1625003788.449467000,ns1,/media/batool/MULTIMODAL_DATA/Multimodal_Data/Cat3/static_in_front/bag_files/Cat3_15mph_lr_opposite_3/lidar_pcd/ns1/velodyne_points/1625003788.449467000.pcd
Cat3,15mph,lr,opposite,3,1625003788.550320000,ns1,/media/batool/MULTIMODAL_DATA/Multimodal_Data/Cat3/static_in_front/bag_files/Cat3_15mph_lr_opposite_3/lidar_pcd/ns1/velodyne_points/1625003788.550320000.pcd
Cat3,15mph,lr,opposite,3,1625003788.651201000,ns1,/media/batool/MULTIMODAL_DATA/Multimodal_Data/Cat3/static_in_front/bag_files/Cat3_15mph_lr_opposite_3/lidar_pcd/ns1/velodyne_points/1625003788.651201000.pcd
Cat3,15mph,lr,opposite,3,1625003788.752060000,ns1,/media/batool/MULTIMODAL_DATA/Multimodal_Data/Cat3/static_in_front/bag_files/Cat3_15mph_lr_opposite_3/lidar_pcd/ns1/velodyne_points/1625003788.752060000.pcd
Cat3,15mph,lr,opposite,3,1625003788.852899000,ns1,/media/batool/MULTIMODAL_DATA/Multimodal_Data/Cat3/static_in_front/bag_files/Cat3_15mph_lr_opposite_3/lidar_pcd/ns1/velodyne_points/1625003788.852899000.pcd
Cat3,15mph,lr,opposite,3,1625003788.953751000,ns1,/media/batool/MULTIMODAL_DATA/Multimodal_Data/Cat3/static_in_front/bag_files/Cat3_15mph_lr_opposite_3/lidar_pcd/ns1/velodyne_points/1625003788.953751000.pcd
Cat3,15mph,lr,opposite,3,1625003789.054621000,ns1,/media/batool/MULTIMODAL_DATA/Multimodal_Data/Cat3/static_in_front/bag_files/Cat3_15mph_lr_opposite_3/lidar_pcd/ns1/velodyne_points/1625003789.054621000.pcd
Cat3,15mph,lr,opposite,3,1625003789.155476000,ns1,/media/batool/MULTIMODAL_DATA/Multimodal_Data/Cat3/static_in_front/bag_files/Cat3_15mph_lr_opposite_3/lidar_pcd/ns1/velodyne_points/1625003789.155476000.pcd
Cat3,15mph,lr,opposite,3,1625003789.256328000,ns1,/media/batool/MULTIMODAL_DATA/Multimodal_Data/Cat3/static_in_front/bag_files/Cat3_15mph_lr_opposite_3/lidar_pcd/ns1/velodyne_points/1625003789.256328000.pcd
Cat3,15mph,lr,opposite,3,1625003789.357168000,ns1,/media/batool/MULTIMODAL_DATA/Multimodal_Data/Cat3/static_in_front/bag_files/Cat3_15mph_lr_opposite_3/lidar_pcd/ns1/velodyne_points/1625003789.357168000.pcd
Cat3,15mph,lr,opposite,3,1625003789.458051000,ns1,/media/batool/MULTIMODAL_DATA/Multimodal_Data/Cat3/static_in_front/bag_files/Cat3_15mph_lr_opposite_3/lidar_pcd/ns1/velodyne_points/1625003789.458051000.pcd
Cat3,15mph,lr,opposite,3,1625003789.558892000,ns1,/media/batool/MULTIMODAL_DATA/Multimodal_Data/Cat3/static_in_front/bag_files/Cat3_15mph_lr_opposite_3/lidar_pcd/ns1/velodyne_points/1625003789.558892000.pcd
Cat3,15mph,lr,opposite,3,1625003789.659746000,ns1,/media/batool/MULTIMODAL_DATA/Multimodal_Data/Cat3/static_in_front/bag_files/Cat3_15mph_lr_opposite_3/lidar_pcd/ns1/velodyne_points/1625003789.659746000.pcd
Cat3,15mph,lr,opposite,3,1625003789.861464000,ns1,/media/batool/MULTIMODAL_DATA/Multimodal_Data/Cat3/static_in_front/bag_files/Cat3_15mph_lr_opposite_3/lidar_pcd/ns1/velodyne_points/1625003789.861464000.pcd
Cat3,15mph,lr,opposite,3,1625003789.962300000,ns1,/media/batool/MULTIMODAL_DATA/Multimodal_Data/Cat3/static_in_front/bag_files/Cat3_15mph_lr_opposite_3/lidar_pcd/ns1/velodyne_points/1625003789.962300000.pcd
Cat3,15mph,lr,opposite,3,1625003790.063191000,ns1,/media/batool/MULTIMODAL_DATA/Multimodal_Data/Cat3/static_in_front/bag_files/Cat3_15mph_lr_opposite_3/lidar_pcd/ns1/velodyne_points/1625003790.063191000.pcd
Cat3,15mph,lr,opposite,3,1625003790.164023000,ns1,/media/batool/MULTIMODAL_DATA/Multimodal_Data/Cat3/static_in_front/bag_files/Cat3_15mph_lr_opposite_3/lidar_pcd/ns1/velodyne_points/1625003790.164023000.pcd
Cat3,15mph,lr,opposite,3,1625003790.264899000,ns1,/media/batool/MULTIMODAL_DATA/Multimodal_Data/Cat3/static_in_front/bag_files/Cat3_15mph_lr_opposite_3/lidar_pcd/ns1/velodyne_points/1625003790.264899000.pcd
Cat3,15mph,lr,opposite,3,1625003790.365740000,ns1,/media/batool/MULTIMODAL_DATA/Multimodal_Data/Cat3/static_in_front/bag_files/Cat3_15mph_lr_opposite_3/lidar_pcd/ns1/velodyne_points/1625003790.365740000.pcd
Cat3,15mph,lr,opposite,3,1625003790.466598000,ns1,/media/batool/MULTIMODAL_DATA/Multimodal_Data/Cat3/static_in_front/bag_files/Cat3_15mph_lr_opposite_3/lidar_pcd/ns1/velodyne_points/1625003790.466598000.pcd
Cat3,15mph,lr,opposite,3,1625003790.567462000,ns1,/media/batool/MULTIMODAL_DATA/Multimodal_Data/Cat3/static_in_front/bag_files/Cat3_15mph_lr_opposite_3/lidar_pcd/ns1/velodyne_points/1625003790.567462000.pcd
Cat3,15mph,lr,opposite,3,1625003790.668332000,ns1,/media/batool/MULTIMODAL_DATA/Multimodal_Data/Cat3/static_in_front/bag_files/Cat3_15mph_lr_opposite_3/lidar_pcd/ns1/velodyne_points/1625003790.668332000.pcd
Cat3,15mph,lr,opposite,3,1625003790.769171000,ns1,/media/batool/MULTIMODAL_DATA/Multimodal_Data/Cat3/static_in_front/bag_files/Cat3_15mph_lr_opposite_3/lidar_pcd/ns1/velodyne_points/1625003790.769171000.pcd
Cat3,15mph,lr,opposite,3,1625003790.870046000,ns1,/media/batool/MULTIMODAL_DATA/Multimodal_Data/Cat3/static_in_front/bag_files/Cat3_15mph_lr_opposite_3/lidar_pcd/ns1/velodyne_points/1625003790.870046000.pcd
Cat3,15mph,lr,opposite,3,1625003790.970901000,ns1,/media/batool/MULTIMODAL_DATA/Multimodal_Data/Cat3/static_in_front/bag_files/Cat3_15mph_lr_opposite_3/lidar_pcd/ns1/velodyne_points/1625003790.970901000.pcd
Cat3,15mph,lr,opposite,3,1625003791.071762000,ns1,/media/batool/MULTIMODAL_DATA/Multimodal_Data/Cat3/static_in_front/bag_files/Cat3_15mph_lr_opposite_3/lidar_pcd/ns1/velodyne_points/1625003791.071762000.pcd
Cat3,15mph,lr,opposite,3,1625003791.172601000,ns1,/media/batool/MULTIMODAL_DATA/Multimodal_Data/Cat3/static_in_front/bag_files/Cat3_15mph_lr_opposite_3/lidar_pcd/ns1/velodyne_points/1625003791.172601000.pcd
Cat3,15mph,lr,opposite,3,1625003791.374379000,ns1,/media/batool/MULTIMODAL_DATA/Multimodal_Data/Cat3/static_in_front/bag_files/Cat3_15mph_lr_opposite_3/lidar_pcd/ns1/velodyne_points/1625003791.374379000.pcd
Cat3,15mph,lr,opposite,3,1625003791.475159000,ns1,/media/batool/MULTIMODAL_DATA/Multimodal_Data/Cat3/static_in_front/bag_files/Cat3_15mph_lr_opposite_3/lidar_pcd/ns1/velodyne_points/1625003791.475159000.pcd
Cat3,15mph,lr,opposite,3,1625003791.576029000,ns1,/media/batool/MULTIMODAL_DATA/Multimodal_Data/Cat3/static_in_front/bag_files/Cat3_15mph_lr_opposite_3/lidar_pcd/ns1/velodyne_points/1625003791.576029000.pcd
Cat3,15mph,lr,opposite,3,1625003791.676884000,ns1,/media/batool/MULTIMODAL_DATA/Multimodal_Data/Cat3/static_in_front/bag_files/Cat3_15mph_lr_opposite_3/lidar_pcd/ns1/velodyne_points/1625003791.676884000.pcd
Cat3,15mph,lr,opposite,3,1625003791.777741000,ns1,/media/batool/MULTIMODAL_DATA/Multimodal_Data/Cat3/static_in_front/bag_files/Cat3_15mph_lr_opposite_3/lidar_pcd/ns1/velodyne_points/1625003791.777741000.pcd
Cat3,15mph,lr,opposite,3,1625003791.878653000,ns1,/media/batool/MULTIMODAL_DATA/Multimodal_Data/Cat3/static_in_front/bag_files/Cat3_15mph_lr_opposite_3/lidar_pcd/ns1/velodyne_points/1625003791.878653000.pcd
Cat3,15mph,lr,opposite,3,1625003791.979457000,ns1,/media/batool/MULTIMODAL_DATA/Multimodal_Data/Cat3/static_in_front/bag_files/Cat3_15mph_lr_opposite_3/lidar_pcd/ns1/velodyne_points/1625003791.979457000.pcd
Cat3,15mph,lr,opposite,3,1625003792.080315000,ns1,/media/batool/MULTIMODAL_DATA/Multimodal_Data/Cat3/static_in_front/bag_files/Cat3_15mph_lr_opposite_3/lidar_pcd/ns1/velodyne_points/1625003792.080315000.pcd
Cat3,15mph,lr,opposite,3,1625003792.181138000,ns1,/media/batool/MULTIMODAL_DATA/Multimodal_Data/Cat3/static_in_front/bag_files/Cat3_15mph_lr_opposite_3/lidar_pcd/ns1/velodyne_points/1625003792.181138000.pcd
Cat3,15mph,lr,opposite,3,1625003792.281995000,ns1,/media/batool/MULTIMODAL_DATA/Multimodal_Data/Cat3/static_in_front/bag_files/Cat3_15mph_lr_opposite_3/lidar_pcd/ns1/velodyne_points/1625003792.281995000.pcd
Cat3,15mph,lr,opposite,3,1625003792.382894000,ns1,/media/batool/MULTIMODAL_DATA/Multimodal_Data/Cat3/static_in_front/bag_files/Cat3_15mph_lr_opposite_3/lidar_pcd/ns1/velodyne_points/1625003792.382894000.pcd
Cat3,15mph,lr,opposite,3,1625003792.483744000,ns1,/media/batool/MULTIMODAL_DATA/Multimodal_Data/Cat3/static_in_front/bag_files/Cat3_15mph_lr_opposite_3/lidar_pcd/ns1/velodyne_points/1625003792.483744000.pcd
Cat3,15mph,lr,opposite,3,1625003792.584566000,ns1,/media/batool/MULTIMODAL_DATA/Multimodal_Data/Cat3/static_in_front/bag_files/Cat3_15mph_lr_opposite_3/lidar_pcd/ns1/velodyne_points/1625003792.584566000.pcd
Cat3,15mph,lr,opposite,3,1625003792.685464000,ns1,/media/batool/MULTIMODAL_DATA/Multimodal_Data/Cat3/static_in_front/bag_files/Cat3_15mph_lr_opposite_3/lidar_pcd/ns1/velodyne_points/1625003792.685464000.pcd
Cat3,15mph,lr,opposite,3,1625003792.887177000,ns1,/media/batool/MULTIMODAL_DATA/Multimodal_Data/Cat3/static_in_front/bag_files/Cat3_15mph_lr_opposite_3/lidar_pcd/ns1/velodyne_points/1625003792.887177000.pcd
Cat3,15mph,lr,opposite,3,1625003792.988036000,ns1,/media/batool/MULTIMODAL_DATA/Multimodal_Data/Cat3/static_in_front/bag_files/Cat3_15mph_lr_opposite_3/lidar_pcd/ns1/velodyne_points/1625003792.988036000.pcd
Cat3,15mph,lr,opposite,3,1625003793.088871000,ns1,/media/batool/MULTIMODAL_DATA/Multimodal_Data/Cat3/static_in_front/bag_files/Cat3_15mph_lr_opposite_3/lidar_pcd/ns1/velodyne_points/1625003793.088871000.pcd
Cat3,15mph,lr,opposite,3,1625003793.189748000,ns1,/media/batool/MULTIMODAL_DATA/Multimodal_Data/Cat3/static_in_front/bag_files/Cat3_15mph_lr_opposite_3/lidar_pcd/ns1/velodyne_points/1625003793.189748000.pcd
Cat3,15mph,lr,opposite,3,1625003793.290608000,ns1,/media/batool/MULTIMODAL_DATA/Multimodal_Data/Cat3/static_in_front/bag_files/Cat3_15mph_lr_opposite_3/lidar_pcd/ns1/velodyne_points/1625003793.290608000.pcd
Cat3,15mph,lr,opposite,3,1625003793.391465000,ns1,/media/batool/MULTIMODAL_DATA/Multimodal_Data/Cat3/static_in_front/bag_files/Cat3_15mph_lr_opposite_3/lidar_pcd/ns1/velodyne_points/1625003793.391465000.pcd
Cat3,15mph,lr,opposite,3,1625003793.492318000,ns1,/media/batool/MULTIMODAL_DATA/Multimodal_Data/Cat3/static_in_front/bag_files/Cat3_15mph_lr_opposite_3/lidar_pcd/ns1/velodyne_points/1625003793.492318000.pcd
Cat3,15mph,lr,opposite,3,1625003793.593147000,ns1,/media/batool/MULTIMODAL_DATA/Multimodal_Data/Cat3/static_in_front/bag_files/Cat3_15mph_lr_opposite_3/lidar_pcd/ns1/velodyne_points/1625003793.593147000.pcd
Cat3,15mph,lr,opposite,3,1625003793.694019000,ns1,/media/batool/MULTIMODAL_DATA/Multimodal_Data/Cat3/static_in_front/bag_files/Cat3_15mph_lr_opposite_3/lidar_pcd/ns1/velodyne_points/1625003793.694019000.pcd
Cat3,15mph,lr,opposite,3,1625003793.794879000,ns1,/media/batool/MULTIMODAL_DATA/Multimodal_Data/Cat3/static_in_front/bag_files/Cat3_15mph_lr_opposite_3/lidar_pcd/ns1/velodyne_points/1625003793.794879000.pcd
Cat3,15mph,lr,opposite,3,1625003793.895746000,ns1,/media/batool/MULTIMODAL_DATA/Multimodal_Data/Cat3/static_in_front/bag_files/Cat3_15mph_lr_opposite_3/lidar_pcd/ns1/velodyne_points/1625003793.895746000.pcd
Cat3,15mph,lr,opposite,3,1625003793.996589000,ns1,/media/batool/MULTIMODAL_DATA/Multimodal_Data/Cat3/static_in_front/bag_files/Cat3_15mph_lr_opposite_3/lidar_pcd/ns1/velodyne_points/1625003793.996589000.pcd
Cat3,15mph,lr,opposite,3,1625003794.097459000,ns1,/media/batool/MULTIMODAL_DATA/Multimodal_Data/Cat3/static_in_front/bag_files/Cat3_15mph_lr_opposite_3/lidar_pcd/ns1/velodyne_points/1625003794.097459000.pcd
Cat3,15mph,lr,opposite,3,1625003794.198328000,ns1,/media/batool/MULTIMODAL_DATA/Multimodal_Data/Cat3/static_in_front/bag_files/Cat3_15mph_lr_opposite_3/lidar_pcd/ns1/velodyne_points/1625003794.198328000.pcd
Cat3,15mph,lr,opposite,3,1625003794.400002000,ns1,/media/batool/MULTIMODAL_DATA/Multimodal_Data/Cat3/static_in_front/bag_files/Cat3_15mph_lr_opposite_3/lidar_pcd/ns1/velodyne_points/1625003794.400002000.pcd
Cat3,15mph,lr,opposite,3,1625003794.500847000,ns1,/media/batool/MULTIMODAL_DATA/Multimodal_Data/Cat3/static_in_front/bag_files/Cat3_15mph_lr_opposite_3/lidar_pcd/ns1/velodyne_points/1625003794.500847000.pcd
Cat3,15mph,lr,opposite,3,1625003794.601733000,ns1,/media/batool/MULTIMODAL_DATA/Multimodal_Data/Cat3/static_in_front/bag_files/Cat3_15mph_lr_opposite_3/lidar_pcd/ns1/velodyne_points/1625003794.601733000.pcd
Cat3,15mph,lr,opposite,3,1625003794.702585000,ns1,/media/batool/MULTIMODAL_DATA/Multimodal_Data/Cat3/static_in_front/bag_files/Cat3_15mph_lr_opposite_3/lidar_pcd/ns1/velodyne_points/1625003794.702585000.pcd
Cat3,15mph,lr,opposite,3,1625003794.803458000,ns1,/media/batool/MULTIMODAL_DATA/Multimodal_Data/Cat3/static_in_front/bag_files/Cat3_15mph_lr_opposite_3/lidar_pcd/ns1/velodyne_points/1625003794.803458000.pcd
Cat3,15mph,lr,opposite,3,1625003794.904263000,ns1,/media/batool/MULTIMODAL_DATA/Multimodal_Data/Cat3/static_in_front/bag_files/Cat3_15mph_lr_opposite_3/lidar_pcd/ns1/velodyne_points/1625003794.904263000.pcd
Cat3,15mph,lr,opposite,3,1625003795.005135000,ns1,/media/batool/MULTIMODAL_DATA/Multimodal_Data/Cat3/static_in_front/bag_files/Cat3_15mph_lr_opposite_3/lidar_pcd/ns1/velodyne_points/1625003795.005135000.pcd
Cat3,15mph,lr,opposite,3,1625003795.105979000,ns1,/media/batool/MULTIMODAL_DATA/Multimodal_Data/Cat3/static_in_front/bag_files/Cat3_15mph_lr_opposite_3/lidar_pcd/ns1/velodyne_points/1625003795.105979000.pcd
Cat3,15mph,lr,opposite,3,1625003795.206868000,ns1,/media/batool/MULTIMODAL_DATA/Multimodal_Data/Cat3/static_in_front/bag_files/Cat3_15mph_lr_opposite_3/lidar_pcd/ns1/velodyne_points/1625003795.206868000.pcd
Cat3,15mph,lr,opposite,3,1625003795.307743000,ns1,/media/batool/MULTIMODAL_DATA/Multimodal_Data/Cat3/static_in_front/bag_files/Cat3_15mph_lr_opposite_3/lidar_pcd/ns1/velodyne_points/1625003795.307743000.pcd
Cat3,15mph,lr,opposite,3,1625003795.408576000,ns1,/media/batool/MULTIMODAL_DATA/Multimodal_Data/Cat3/static_in_front/bag_files/Cat3_15mph_lr_opposite_3/lidar_pcd/ns1/velodyne_points/1625003795.408576000.pcd
Cat3,15mph,lr,opposite,3,1625003795.509514000,ns1,/media/batool/MULTIMODAL_DATA/Multimodal_Data/Cat3/static_in_front/bag_files/Cat3_15mph_lr_opposite_3/lidar_pcd/ns1/velodyne_points/1625003795.509514000.pcd
Cat3,15mph,lr,opposite,3,1625003795.610310000,ns1,/media/batool/MULTIMODAL_DATA/Multimodal_Data/Cat3/static_in_front/bag_files/Cat3_15mph_lr_opposite_3/lidar_pcd/ns1/velodyne_points/1625003795.610310000.pcd
Cat3,15mph,lr,opposite,3,1625003795.711138000,ns1,/media/batool/MULTIMODAL_DATA/Multimodal_Data/Cat3/static_in_front/bag_files/Cat3_15mph_lr_opposite_3/lidar_pcd/ns1/velodyne_points/1625003795.711138000.pcd
Cat3,15mph,lr,opposite,3,1625003795.912861000,ns1,/media/batool/MULTIMODAL_DATA/Multimodal_Data/Cat3/static_in_front/bag_files/Cat3_15mph_lr_opposite_3/lidar_pcd/ns1/velodyne_points/1625003795.912861000.pcd
Cat3,15mph,lr,opposite,3,1625003796.013700000,ns1,/media/batool/MULTIMODAL_DATA/Multimodal_Data/Cat3/static_in_front/bag_files/Cat3_15mph_lr_opposite_3/lidar_pcd/ns1/velodyne_points/1625003796.013700000.pcd
Cat3,15mph,lr,opposite,3,1625003796.114552000,ns1,/media/batool/MULTIMODAL_DATA/Multimodal_Data/Cat3/static_in_front/bag_files/Cat3_15mph_lr_opposite_3/lidar_pcd/ns1/velodyne_points/1625003796.114552000.pcd
Cat3,15mph,lr,opposite,3,1625003796.215412000,ns1,/media/batool/MULTIMODAL_DATA/Multimodal_Data/Cat3/static_in_front/bag_files/Cat3_15mph_lr_opposite_3/lidar_pcd/ns1/velodyne_points/1625003796.215412000.pcd
Cat3,15mph,lr,opposite,3,1625003796.316258000,ns1,/media/batool/MULTIMODAL_DATA/Multimodal_Data/Cat3/static_in_front/bag_files/Cat3_15mph_lr_opposite_3/lidar_pcd/ns1/velodyne_points/1625003796.316258000.pcd
Cat3,15mph,lr,opposite,3,1625003796.417136000,ns1,/media/batool/MULTIMODAL_DATA/Multimodal_Data/Cat3/static_in_front/bag_files/Cat3_15mph_lr_opposite_3/lidar_pcd/ns1/velodyne_points/1625003796.417136000.pcd
Cat3,15mph,lr,opposite,3,1625003796.518008000,ns1,/media/batool/MULTIMODAL_DATA/Multimodal_Data/Cat3/static_in_front/bag_files/Cat3_15mph_lr_opposite_3/lidar_pcd/ns1/velodyne_points/1625003796.518008000.pcd
Cat3,15mph,lr,opposite,3,1625003796.618846000,ns1,/media/batool/MULTIMODAL_DATA/Multimodal_Data/Cat3/static_in_front/bag_files/Cat3_15mph_lr_opposite_3/lidar_pcd/ns1/velodyne_points/1625003796.618846000.pcd
Cat3,15mph,lr,opposite,3,1625003796.719723000,ns1,/media/batool/MULTIMODAL_DATA/Multimodal_Data/Cat3/static_in_front/bag_files/Cat3_15mph_lr_opposite_3/lidar_pcd/ns1/velodyne_points/1625003796.719723000.pcd
Cat3,15mph,lr,opposite,3,1625003796.820559000,ns1,/media/batool/MULTIMODAL_DATA/Multimodal_Data/Cat3/static_in_front/bag_files/Cat3_15mph_lr_opposite_3/lidar_pcd/ns1/velodyne_points/1625003796.820559000.pcd
Cat3,15mph,lr,opposite,3,1625003796.921411000,ns1,/media/batool/MULTIMODAL_DATA/Multimodal_Data/Cat3/static_in_front/bag_files/Cat3_15mph_lr_opposite_3/lidar_pcd/ns1/velodyne_points/1625003796.921411000.pcd
Cat3,15mph,lr,opposite,3,1625003797.022261000,ns1,/media/batool/MULTIMODAL_DATA/Multimodal_Data/Cat3/static_in_front/bag_files/Cat3_15mph_lr_opposite_3/lidar_pcd/ns1/velodyne_points/1625003797.022261000.pcd
Cat3,15mph,lr,opposite,3,1625003797.123189000,ns1,/media/batool/MULTIMODAL_DATA/Multimodal_Data/Cat3/static_in_front/bag_files/Cat3_15mph_lr_opposite_3/lidar_pcd/ns1/velodyne_points/1625003797.123189000.pcd
Cat3,15mph,lr,opposite,3,1625003797.223975000,ns1,/media/batool/MULTIMODAL_DATA/Multimodal_Data/Cat3/static_in_front/bag_files/Cat3_15mph_lr_opposite_3/lidar_pcd/ns1/velodyne_points/1625003797.223975000.pcd
Cat3,15mph,lr,opposite,3,1625003797.425686000,ns1,/media/batool/MULTIMODAL_DATA/Multimodal_Data/Cat3/static_in_front/bag_files/Cat3_15mph_lr_opposite_3/lidar_pcd/ns1/velodyne_points/1625003797.425686000.pcd
Cat3,15mph,lr,opposite,3,1625003797.627404000,ns1,/media/batool/MULTIMODAL_DATA/Multimodal_Data/Cat3/static_in_front/bag_files/Cat3_15mph_lr_opposite_3/lidar_pcd/ns1/velodyne_points/1625003797.627404000.pcd
Cat3,15mph,lr,opposite,3,1625003797.728260000,ns1,/media/batool/MULTIMODAL_DATA/Multimodal_Data/Cat3/static_in_front/bag_files/Cat3_15mph_lr_opposite_3/lidar_pcd/ns1/velodyne_points/1625003797.728260000.pcd
Cat3,15mph,lr,opposite,3,1625003797.829115000,ns1,/media/batool/MULTIMODAL_DATA/Multimodal_Data/Cat3/static_in_front/bag_files/Cat3_15mph_lr_opposite_3/lidar_pcd/ns1/velodyne_points/1625003797.829115000.pcd
Cat3,15mph,lr,opposite,3,1625003797.929974000,ns1,/media/batool/MULTIMODAL_DATA/Multimodal_Data/Cat3/static_in_front/bag_files/Cat3_15mph_lr_opposite_3/lidar_pcd/ns1/velodyne_points/1625003797.929974000.pcd
Cat3,15mph,lr,opposite,3,1625003798.030830000,ns1,/media/batool/MULTIMODAL_DATA/Multimodal_Data/Cat3/static_in_front/bag_files/Cat3_15mph_lr_opposite_3/lidar_pcd/ns1/velodyne_points/1625003798.030830000.pcd
Cat3,15mph,lr,opposite,3,1625003798.131689000,ns1,/media/batool/MULTIMODAL_DATA/Multimodal_Data/Cat3/static_in_front/bag_files/Cat3_15mph_lr_opposite_3/lidar_pcd/ns1/velodyne_points/1625003798.131689000.pcd
Cat3,15mph,lr,opposite,3,1625003798.232551000,ns1,/media/batool/MULTIMODAL_DATA/Multimodal_Data/Cat3/static_in_front/bag_files/Cat3_15mph_lr_opposite_3/lidar_pcd/ns1/velodyne_points/1625003798.232551000.pcd
Cat3,15mph,lr,opposite,3,1625003798.333410000,ns1,/media/batool/MULTIMODAL_DATA/Multimodal_Data/Cat3/static_in_front/bag_files/Cat3_15mph_lr_opposite_3/lidar_pcd/ns1/velodyne_points/1625003798.333410000.pcd
Cat3,15mph,lr,opposite,3,1625003798.434305000,ns1,/media/batool/MULTIMODAL_DATA/Multimodal_Data/Cat3/static_in_front/bag_files/Cat3_15mph_lr_opposite_3/lidar_pcd/ns1/velodyne_points/1625003798.434305000.pcd
Cat3,15mph,lr,opposite,3,1625003798.535116000,ns1,/media/batool/MULTIMODAL_DATA/Multimodal_Data/Cat3/static_in_front/bag_files/Cat3_15mph_lr_opposite_3/lidar_pcd/ns1/velodyne_points/1625003798.535116000.pcd
Cat3,15mph,lr,opposite,3,1625003798.636050000,ns1,/media/batool/MULTIMODAL_DATA/Multimodal_Data/Cat3/static_in_front/bag_files/Cat3_15mph_lr_opposite_3/lidar_pcd/ns1/velodyne_points/1625003798.636050000.pcd
Cat3,15mph,lr,opposite,3,1625003798.736833000,ns1,/media/batool/MULTIMODAL_DATA/Multimodal_Data/Cat3/static_in_front/bag_files/Cat3_15mph_lr_opposite_3/lidar_pcd/ns1/velodyne_points/1625003798.736833000.pcd
Cat3,15mph,lr,opposite,3,1625003798.837726000,ns1,/media/batool/MULTIMODAL_DATA/Multimodal_Data/Cat3/static_in_front/bag_files/Cat3_15mph_lr_opposite_3/lidar_pcd/ns1/velodyne_points/1625003798.837726000.pcd
Cat3,15mph,lr,opposite,3,1625003799.039398000,ns1,/media/batool/MULTIMODAL_DATA/Multimodal_Data/Cat3/static_in_front/bag_files/Cat3_15mph_lr_opposite_3/lidar_pcd/ns1/velodyne_points/1625003799.039398000.pcd
Cat3,15mph,lr,opposite,3,1625003799.140278000,ns1,/media/batool/MULTIMODAL_DATA/Multimodal_Data/Cat3/static_in_front/bag_files/Cat3_15mph_lr_opposite_3/lidar_pcd/ns1/velodyne_points/1625003799.140278000.pcd
Cat3,15mph,lr,opposite,3,1625003799.241117000,ns1,/media/batool/MULTIMODAL_DATA/Multimodal_Data/Cat3/static_in_front/bag_files/Cat3_15mph_lr_opposite_3/lidar_pcd/ns1/velodyne_points/1625003799.241117000.pcd
Cat3,15mph,lr,opposite,3,1625003799.342000000,ns1,/media/batool/MULTIMODAL_DATA/Multimodal_Data/Cat3/static_in_front/bag_files/Cat3_15mph_lr_opposite_3/lidar_pcd/ns1/velodyne_points/1625003799.342000000.pcd
Cat3,15mph,lr,opposite,3,1625003799.442822000,ns1,/media/batool/MULTIMODAL_DATA/Multimodal_Data/Cat3/static_in_front/bag_files/Cat3_15mph_lr_opposite_3/lidar_pcd/ns1/velodyne_points/1625003799.442822000.pcd
Cat3,15mph,lr,opposite,3,1625003799.543710000,ns1,/media/batool/MULTIMODAL_DATA/Multimodal_Data/Cat3/static_in_front/bag_files/Cat3_15mph_lr_opposite_3/lidar_pcd/ns1/velodyne_points/1625003799.543710000.pcd
Cat3,15mph,lr,opposite,3,1625003799.644580000,ns1,/media/batool/MULTIMODAL_DATA/Multimodal_Data/Cat3/static_in_front/bag_files/Cat3_15mph_lr_opposite_3/lidar_pcd/ns1/velodyne_points/1625003799.644580000.pcd
Cat3,15mph,lr,opposite,3,1625003799.745411000,ns1,/media/batool/MULTIMODAL_DATA/Multimodal_Data/Cat3/static_in_front/bag_files/Cat3_15mph_lr_opposite_3/lidar_pcd/ns1/velodyne_points/1625003799.745411000.pcd
Cat3,15mph,lr,opposite,3,1625003799.846293000,ns1,/media/batool/MULTIMODAL_DATA/Multimodal_Data/Cat3/static_in_front/bag_files/Cat3_15mph_lr_opposite_3/lidar_pcd/ns1/velodyne_points/1625003799.846293000.pcd
Cat3,15mph,lr,opposite,3,1625003799.947341000,ns1,/media/batool/MULTIMODAL_DATA/Multimodal_Data/Cat3/static_in_front/bag_files/Cat3_15mph_lr_opposite_3/lidar_pcd/ns1/velodyne_points/1625003799.947341000.pcd
Cat3,15mph,lr,opposite,3,1625003800.048013000,ns1,/media/batool/MULTIMODAL_DATA/Multimodal_Data/Cat3/static_in_front/bag_files/Cat3_15mph_lr_opposite_3/lidar_pcd/ns1/velodyne_points/1625003800.048013000.pcd
Cat3,15mph,lr,opposite,3,1625003800.148856000,ns1,/media/batool/MULTIMODAL_DATA/Multimodal_Data/Cat3/static_in_front/bag_files/Cat3_15mph_lr_opposite_3/lidar_pcd/ns1/velodyne_points/1625003800.148856000.pcd
Cat3,15mph,lr,opposite,3,1625003800.249785000,ns1,/media/batool/MULTIMODAL_DATA/Multimodal_Data/Cat3/static_in_front/bag_files/Cat3_15mph_lr_opposite_3/lidar_pcd/ns1/velodyne_points/1625003800.249785000.pcd
Cat3,15mph,lr,opposite,3,1625003800.350585000,ns1,/media/batool/MULTIMODAL_DATA/Multimodal_Data/Cat3/static_in_front/bag_files/Cat3_15mph_lr_opposite_3/lidar_pcd/ns1/velodyne_points/1625003800.350585000.pcd
Cat3,15mph,lr,opposite,3,1625003800.552281000,ns1,/media/batool/MULTIMODAL_DATA/Multimodal_Data/Cat3/static_in_front/bag_files/Cat3_15mph_lr_opposite_3/lidar_pcd/ns1/velodyne_points/1625003800.552281000.pcd
Cat3,15mph,lr,opposite,3,1625003800.653131000,ns1,/media/batool/MULTIMODAL_DATA/Multimodal_Data/Cat3/static_in_front/bag_files/Cat3_15mph_lr_opposite_3/lidar_pcd/ns1/velodyne_points/1625003800.653131000.pcd
Cat3,15mph,lr,opposite,3,1625003800.753981000,ns1,/media/batool/MULTIMODAL_DATA/Multimodal_Data/Cat3/static_in_front/bag_files/Cat3_15mph_lr_opposite_3/lidar_pcd/ns1/velodyne_points/1625003800.753981000.pcd
Cat3,15mph,lr,opposite,3,1625003800.854863000,ns1,/media/batool/MULTIMODAL_DATA/Multimodal_Data/Cat3/static_in_front/bag_files/Cat3_15mph_lr_opposite_3/lidar_pcd/ns1/velodyne_points/1625003800.854863000.pcd
Cat3,15mph,lr,opposite,3,1625003800.955722000,ns1,/media/batool/MULTIMODAL_DATA/Multimodal_Data/Cat3/static_in_front/bag_files/Cat3_15mph_lr_opposite_3/lidar_pcd/ns1/velodyne_points/1625003800.955722000.pcd
Cat3,15mph,lr,opposite,3,1625003801.056577000,ns1,/media/batool/MULTIMODAL_DATA/Multimodal_Data/Cat3/static_in_front/bag_files/Cat3_15mph_lr_opposite_3/lidar_pcd/ns1/velodyne_points/1625003801.056577000.pcd
Cat3,15mph,lr,opposite,3,1625003801.157417000,ns1,/media/batool/MULTIMODAL_DATA/Multimodal_Data/Cat3/static_in_front/bag_files/Cat3_15mph_lr_opposite_3/lidar_pcd/ns1/velodyne_points/1625003801.157417000.pcd
Cat3,15mph,lr,opposite,3,1625003801.258302000,ns1,/media/batool/MULTIMODAL_DATA/Multimodal_Data/Cat3/static_in_front/bag_files/Cat3_15mph_lr_opposite_3/lidar_pcd/ns1/velodyne_points/1625003801.258302000.pcd
Cat3,15mph,lr,opposite,3,1625003801.359134000,ns1,/media/batool/MULTIMODAL_DATA/Multimodal_Data/Cat3/static_in_front/bag_files/Cat3_15mph_lr_opposite_3/lidar_pcd/ns1/velodyne_points/1625003801.359134000.pcd
Cat3,15mph,lr,opposite,3,1625003801.460037000,ns1,/media/batool/MULTIMODAL_DATA/Multimodal_Data/Cat3/static_in_front/bag_files/Cat3_15mph_lr_opposite_3/lidar_pcd/ns1/velodyne_points/1625003801.460037000.pcd
Cat3,15mph,lr,opposite,3,1625003801.560826000,ns1,/media/batool/MULTIMODAL_DATA/Multimodal_Data/Cat3/static_in_front/bag_files/Cat3_15mph_lr_opposite_3/lidar_pcd/ns1/velodyne_points/1625003801.560826000.pcd
Cat3,15mph,lr,opposite,3,1625003801.661683000,ns1,/media/batool/MULTIMODAL_DATA/Multimodal_Data/Cat3/static_in_front/bag_files/Cat3_15mph_lr_opposite_3/lidar_pcd/ns1/velodyne_points/1625003801.661683000.pcd
Cat3,15mph,lr,opposite,3,1625003801.762551000,ns1,/media/batool/MULTIMODAL_DATA/Multimodal_Data/Cat3/static_in_front/bag_files/Cat3_15mph_lr_opposite_3/lidar_pcd/ns1/velodyne_points/1625003801.762551000.pcd
Cat3,15mph,lr,opposite,3,1625003801.863431000,ns1,/media/batool/MULTIMODAL_DATA/Multimodal_Data/Cat3/static_in_front/bag_files/Cat3_15mph_lr_opposite_3/lidar_pcd/ns1/velodyne_points/1625003801.863431000.pcd
Cat3,15mph,lr,opposite,3,1625003802.065094000,ns1,/media/batool/MULTIMODAL_DATA/Multimodal_Data/Cat3/static_in_front/bag_files/Cat3_15mph_lr_opposite_3/lidar_pcd/ns1/velodyne_points/1625003802.065094000.pcd
Cat3,15mph,lr,opposite,3,1625003802.165989000,ns1,/media/batool/MULTIMODAL_DATA/Multimodal_Data/Cat3/static_in_front/bag_files/Cat3_15mph_lr_opposite_3/lidar_pcd/ns1/velodyne_points/1625003802.165989000.pcd
Cat3,15mph,lr,opposite,3,1625003802.266825000,ns1,/media/batool/MULTIMODAL_DATA/Multimodal_Data/Cat3/static_in_front/bag_files/Cat3_15mph_lr_opposite_3/lidar_pcd/ns1/velodyne_points/1625003802.266825000.pcd
Cat3,15mph,lr,opposite,3,1625003802.367712000,ns1,/media/batool/MULTIMODAL_DATA/Multimodal_Data/Cat3/static_in_front/bag_files/Cat3_15mph_lr_opposite_3/lidar_pcd/ns1/velodyne_points/1625003802.367712000.pcd
Cat3,15mph,lr,opposite,3,1625003802.468559000,ns1,/media/batool/MULTIMODAL_DATA/Multimodal_Data/Cat3/static_in_front/bag_files/Cat3_15mph_lr_opposite_3/lidar_pcd/ns1/velodyne_points/1625003802.468559000.pcd
Cat3,15mph,lr,opposite,3,1625003802.569412000,ns1,/media/batool/MULTIMODAL_DATA/Multimodal_Data/Cat3/static_in_front/bag_files/Cat3_15mph_lr_opposite_3/lidar_pcd/ns1/velodyne_points/1625003802.569412000.pcd
Cat3,15mph,lr,opposite,3,1625003802.670276000,ns1,/media/batool/MULTIMODAL_DATA/Multimodal_Data/Cat3/static_in_front/bag_files/Cat3_15mph_lr_opposite_3/lidar_pcd/ns1/velodyne_points/1625003802.670276000.pcd
Cat3,15mph,lr,opposite,3,1625003802.771144000,ns1,/media/batool/MULTIMODAL_DATA/Multimodal_Data/Cat3/static_in_front/bag_files/Cat3_15mph_lr_opposite_3/lidar_pcd/ns1/velodyne_points/1625003802.771144000.pcd
Cat3,15mph,lr,opposite,3,1625003802.871966000,ns1,/media/batool/MULTIMODAL_DATA/Multimodal_Data/Cat3/static_in_front/bag_files/Cat3_15mph_lr_opposite_3/lidar_pcd/ns1/velodyne_points/1625003802.871966000.pcd
Cat3,15mph,lr,opposite,3,1625003802.972856000,ns1,/media/batool/MULTIMODAL_DATA/Multimodal_Data/Cat3/static_in_front/bag_files/Cat3_15mph_lr_opposite_3/lidar_pcd/ns1/velodyne_points/1625003802.972856000.pcd
Cat3,15mph,lr,opposite,3,1625003803.073713000,ns1,/media/batool/MULTIMODAL_DATA/Multimodal_Data/Cat3/static_in_front/bag_files/Cat3_15mph_lr_opposite_3/lidar_pcd/ns1/velodyne_points/1625003803.073713000.pcd
Cat3,15mph,lr,opposite,3,1625003803.174570000,ns1,/media/batool/MULTIMODAL_DATA/Multimodal_Data/Cat3/static_in_front/bag_files/Cat3_15mph_lr_opposite_3/lidar_pcd/ns1/velodyne_points/1625003803.174570000.pcd
Cat3,15mph,lr,opposite,3,1625003803.275425000,ns1,/media/batool/MULTIMODAL_DATA/Multimodal_Data/Cat3/static_in_front/bag_files/Cat3_15mph_lr_opposite_3/lidar_pcd/ns1/velodyne_points/1625003803.275425000.pcd
Cat3,15mph,lr,opposite,3,1625003803.376267000,ns1,/media/batool/MULTIMODAL_DATA/Multimodal_Data/Cat3/static_in_front/bag_files/Cat3_15mph_lr_opposite_3/lidar_pcd/ns1/velodyne_points/1625003803.376267000.pcd
Cat3,15mph,lr,opposite,3,1625003803.477123000,ns1,/media/batool/MULTIMODAL_DATA/Multimodal_Data/Cat3/static_in_front/bag_files/Cat3_15mph_lr_opposite_3/lidar_pcd/ns1/velodyne_points/1625003803.477123000.pcd
Cat3,15mph,lr,opposite,3,1625003803.578017000,ns1,/media/batool/MULTIMODAL_DATA/Multimodal_Data/Cat3/static_in_front/bag_files/Cat3_15mph_lr_opposite_3/lidar_pcd/ns1/velodyne_points/1625003803.578017000.pcd
Cat3,15mph,lr,opposite,3,1625003803.678859000,ns1,/media/batool/MULTIMODAL_DATA/Multimodal_Data/Cat3/static_in_front/bag_files/Cat3_15mph_lr_opposite_3/lidar_pcd/ns1/velodyne_points/1625003803.678859000.pcd
