Category,speed,direction,lane,episode,Time header,Image_path
Cat3,15mph,lr,opposite,8,1625004302.6504211,/media/batool/MULTIMODAL_DATA/Multimodal_Data/Cat3/static_in_front/bag_files/Cat3_15mph_lr_opposite_8/camera_images/1625004302.6504211.jpg
Cat3,15mph,lr,opposite,8,1625004302.6837544,/media/batool/MULTIMODAL_DATA/Multimodal_Data/Cat3/static_in_front/bag_files/Cat3_15mph_lr_opposite_8/camera_images/1625004302.6837544.jpg
Cat3,15mph,lr,opposite,8,1625004302.7170877,/media/batool/MULTIMODAL_DATA/Multimodal_Data/Cat3/static_in_front/bag_files/Cat3_15mph_lr_opposite_8/camera_images/1625004302.7170877.jpg
Cat3,15mph,lr,opposite,8,1625004302.750421,/media/batool/MULTIMODAL_DATA/Multimodal_Data/Cat3/static_in_front/bag_files/Cat3_15mph_lr_opposite_8/camera_images/1625004302.750421.jpg
Cat3,15mph,lr,opposite,8,1625004302.7837543,/media/batool/MULTIMODAL_DATA/Multimodal_Data/Cat3/static_in_front/bag_files/Cat3_15mph_lr_opposite_8/camera_images/1625004302.7837543.jpg
Cat3,15mph,lr,opposite,8,1625004302.8170877,/media/batool/MULTIMODAL_DATA/Multimodal_Data/Cat3/static_in_front/bag_files/Cat3_15mph_lr_opposite_8/camera_images/1625004302.8170877.jpg
Cat3,15mph,lr,opposite,8,1625004302.850421,/media/batool/MULTIMODAL_DATA/Multimodal_Data/Cat3/static_in_front/bag_files/Cat3_15mph_lr_opposite_8/camera_images/1625004302.850421.jpg
Cat3,15mph,lr,opposite,8,1625004302.8837543,/media/batool/MULTIMODAL_DATA/Multimodal_Data/Cat3/static_in_front/bag_files/Cat3_15mph_lr_opposite_8/camera_images/1625004302.8837543.jpg
Cat3,15mph,lr,opposite,8,1625004302.9170876,/media/batool/MULTIMODAL_DATA/Multimodal_Data/Cat3/static_in_front/bag_files/Cat3_15mph_lr_opposite_8/camera_images/1625004302.9170876.jpg
Cat3,15mph,lr,opposite,8,1625004302.9504209,/media/batool/MULTIMODAL_DATA/Multimodal_Data/Cat3/static_in_front/bag_files/Cat3_15mph_lr_opposite_8/camera_images/1625004302.9504209.jpg
Cat3,15mph,lr,opposite,8,1625004302.9837542,/media/batool/MULTIMODAL_DATA/Multimodal_Data/Cat3/static_in_front/bag_files/Cat3_15mph_lr_opposite_8/camera_images/1625004302.9837542.jpg
Cat3,15mph,lr,opposite,8,1625004303.0170875,/media/batool/MULTIMODAL_DATA/Multimodal_Data/Cat3/static_in_front/bag_files/Cat3_15mph_lr_opposite_8/camera_images/1625004303.0170875.jpg
Cat3,15mph,lr,opposite,8,1625004303.0504208,/media/batool/MULTIMODAL_DATA/Multimodal_Data/Cat3/static_in_front/bag_files/Cat3_15mph_lr_opposite_8/camera_images/1625004303.0504208.jpg
Cat3,15mph,lr,opposite,8,1625004303.083754,/media/batool/MULTIMODAL_DATA/Multimodal_Data/Cat3/static_in_front/bag_files/Cat3_15mph_lr_opposite_8/camera_images/1625004303.083754.jpg
Cat3,15mph,lr,opposite,8,1625004303.1170874,/media/batool/MULTIMODAL_DATA/Multimodal_Data/Cat3/static_in_front/bag_files/Cat3_15mph_lr_opposite_8/camera_images/1625004303.1170874.jpg
Cat3,15mph,lr,opposite,8,1625004303.183754,/media/batool/MULTIMODAL_DATA/Multimodal_Data/Cat3/static_in_front/bag_files/Cat3_15mph_lr_opposite_8/camera_images/1625004303.183754.jpg
Cat3,15mph,lr,opposite,8,1625004303.2170873,/media/batool/MULTIMODAL_DATA/Multimodal_Data/Cat3/static_in_front/bag_files/Cat3_15mph_lr_opposite_8/camera_images/1625004303.2170873.jpg
Cat3,15mph,lr,opposite,8,1625004303.2504206,/media/batool/MULTIMODAL_DATA/Multimodal_Data/Cat3/static_in_front/bag_files/Cat3_15mph_lr_opposite_8/camera_images/1625004303.2504206.jpg
Cat3,15mph,lr,opposite,8,1625004303.2837539,/media/batool/MULTIMODAL_DATA/Multimodal_Data/Cat3/static_in_front/bag_files/Cat3_15mph_lr_opposite_8/camera_images/1625004303.2837539.jpg
Cat3,15mph,lr,opposite,8,1625004303.3170872,/media/batool/MULTIMODAL_DATA/Multimodal_Data/Cat3/static_in_front/bag_files/Cat3_15mph_lr_opposite_8/camera_images/1625004303.3170872.jpg
Cat3,15mph,lr,opposite,8,1625004303.3504205,/media/batool/MULTIMODAL_DATA/Multimodal_Data/Cat3/static_in_front/bag_files/Cat3_15mph_lr_opposite_8/camera_images/1625004303.3504205.jpg
Cat3,15mph,lr,opposite,8,1625004303.3837538,/media/batool/MULTIMODAL_DATA/Multimodal_Data/Cat3/static_in_front/bag_files/Cat3_15mph_lr_opposite_8/camera_images/1625004303.3837538.jpg
Cat3,15mph,lr,opposite,8,1625004303.417087,/media/batool/MULTIMODAL_DATA/Multimodal_Data/Cat3/static_in_front/bag_files/Cat3_15mph_lr_opposite_8/camera_images/1625004303.417087.jpg
Cat3,15mph,lr,opposite,8,1625004303.4504204,/media/batool/MULTIMODAL_DATA/Multimodal_Data/Cat3/static_in_front/bag_files/Cat3_15mph_lr_opposite_8/camera_images/1625004303.4504204.jpg
Cat3,15mph,lr,opposite,8,1625004303.4837537,/media/batool/MULTIMODAL_DATA/Multimodal_Data/Cat3/static_in_front/bag_files/Cat3_15mph_lr_opposite_8/camera_images/1625004303.4837537.jpg
Cat3,15mph,lr,opposite,8,1625004303.517087,/media/batool/MULTIMODAL_DATA/Multimodal_Data/Cat3/static_in_front/bag_files/Cat3_15mph_lr_opposite_8/camera_images/1625004303.517087.jpg
Cat3,15mph,lr,opposite,8,1625004303.5504203,/media/batool/MULTIMODAL_DATA/Multimodal_Data/Cat3/static_in_front/bag_files/Cat3_15mph_lr_opposite_8/camera_images/1625004303.5504203.jpg
Cat3,15mph,lr,opposite,8,1625004303.5837536,/media/batool/MULTIMODAL_DATA/Multimodal_Data/Cat3/static_in_front/bag_files/Cat3_15mph_lr_opposite_8/camera_images/1625004303.5837536.jpg
Cat3,15mph,lr,opposite,8,1625004303.617087,/media/batool/MULTIMODAL_DATA/Multimodal_Data/Cat3/static_in_front/bag_files/Cat3_15mph_lr_opposite_8/camera_images/1625004303.617087.jpg
Cat3,15mph,lr,opposite,8,1625004303.6504202,/media/batool/MULTIMODAL_DATA/Multimodal_Data/Cat3/static_in_front/bag_files/Cat3_15mph_lr_opposite_8/camera_images/1625004303.6504202.jpg
Cat3,15mph,lr,opposite,8,1625004303.7170868,/media/batool/MULTIMODAL_DATA/Multimodal_Data/Cat3/static_in_front/bag_files/Cat3_15mph_lr_opposite_8/camera_images/1625004303.7170868.jpg
Cat3,15mph,lr,opposite,8,1625004303.75042,/media/batool/MULTIMODAL_DATA/Multimodal_Data/Cat3/static_in_front/bag_files/Cat3_15mph_lr_opposite_8/camera_images/1625004303.75042.jpg
Cat3,15mph,lr,opposite,8,1625004303.7837534,/media/batool/MULTIMODAL_DATA/Multimodal_Data/Cat3/static_in_front/bag_files/Cat3_15mph_lr_opposite_8/camera_images/1625004303.7837534.jpg
Cat3,15mph,lr,opposite,8,1625004303.8170867,/media/batool/MULTIMODAL_DATA/Multimodal_Data/Cat3/static_in_front/bag_files/Cat3_15mph_lr_opposite_8/camera_images/1625004303.8170867.jpg
Cat3,15mph,lr,opposite,8,1625004303.85042,/media/batool/MULTIMODAL_DATA/Multimodal_Data/Cat3/static_in_front/bag_files/Cat3_15mph_lr_opposite_8/camera_images/1625004303.85042.jpg
Cat3,15mph,lr,opposite,8,1625004303.8837533,/media/batool/MULTIMODAL_DATA/Multimodal_Data/Cat3/static_in_front/bag_files/Cat3_15mph_lr_opposite_8/camera_images/1625004303.8837533.jpg
Cat3,15mph,lr,opposite,8,1625004303.9170866,/media/batool/MULTIMODAL_DATA/Multimodal_Data/Cat3/static_in_front/bag_files/Cat3_15mph_lr_opposite_8/camera_images/1625004303.9170866.jpg
Cat3,15mph,lr,opposite,8,1625004303.95042,/media/batool/MULTIMODAL_DATA/Multimodal_Data/Cat3/static_in_front/bag_files/Cat3_15mph_lr_opposite_8/camera_images/1625004303.95042.jpg
Cat3,15mph,lr,opposite,8,1625004303.9837532,/media/batool/MULTIMODAL_DATA/Multimodal_Data/Cat3/static_in_front/bag_files/Cat3_15mph_lr_opposite_8/camera_images/1625004303.9837532.jpg
Cat3,15mph,lr,opposite,8,1625004304.0170865,/media/batool/MULTIMODAL_DATA/Multimodal_Data/Cat3/static_in_front/bag_files/Cat3_15mph_lr_opposite_8/camera_images/1625004304.0170865.jpg
Cat3,15mph,lr,opposite,8,1625004304.0504198,/media/batool/MULTIMODAL_DATA/Multimodal_Data/Cat3/static_in_front/bag_files/Cat3_15mph_lr_opposite_8/camera_images/1625004304.0504198.jpg
Cat3,15mph,lr,opposite,8,1625004304.083753,/media/batool/MULTIMODAL_DATA/Multimodal_Data/Cat3/static_in_front/bag_files/Cat3_15mph_lr_opposite_8/camera_images/1625004304.083753.jpg
Cat3,15mph,lr,opposite,8,1625004304.1170864,/media/batool/MULTIMODAL_DATA/Multimodal_Data/Cat3/static_in_front/bag_files/Cat3_15mph_lr_opposite_8/camera_images/1625004304.1170864.jpg
Cat3,15mph,lr,opposite,8,1625004304.1504197,/media/batool/MULTIMODAL_DATA/Multimodal_Data/Cat3/static_in_front/bag_files/Cat3_15mph_lr_opposite_8/camera_images/1625004304.1504197.jpg
Cat3,15mph,lr,opposite,8,1625004304.183753,/media/batool/MULTIMODAL_DATA/Multimodal_Data/Cat3/static_in_front/bag_files/Cat3_15mph_lr_opposite_8/camera_images/1625004304.183753.jpg
Cat3,15mph,lr,opposite,8,1625004304.2504196,/media/batool/MULTIMODAL_DATA/Multimodal_Data/Cat3/static_in_front/bag_files/Cat3_15mph_lr_opposite_8/camera_images/1625004304.2504196.jpg
Cat3,15mph,lr,opposite,8,1625004304.283753,/media/batool/MULTIMODAL_DATA/Multimodal_Data/Cat3/static_in_front/bag_files/Cat3_15mph_lr_opposite_8/camera_images/1625004304.283753.jpg
Cat3,15mph,lr,opposite,8,1625004304.3170862,/media/batool/MULTIMODAL_DATA/Multimodal_Data/Cat3/static_in_front/bag_files/Cat3_15mph_lr_opposite_8/camera_images/1625004304.3170862.jpg
Cat3,15mph,lr,opposite,8,1625004304.3504195,/media/batool/MULTIMODAL_DATA/Multimodal_Data/Cat3/static_in_front/bag_files/Cat3_15mph_lr_opposite_8/camera_images/1625004304.3504195.jpg
Cat3,15mph,lr,opposite,8,1625004304.3837528,/media/batool/MULTIMODAL_DATA/Multimodal_Data/Cat3/static_in_front/bag_files/Cat3_15mph_lr_opposite_8/camera_images/1625004304.3837528.jpg
Cat3,15mph,lr,opposite,8,1625004304.4170861,/media/batool/MULTIMODAL_DATA/Multimodal_Data/Cat3/static_in_front/bag_files/Cat3_15mph_lr_opposite_8/camera_images/1625004304.4170861.jpg
Cat3,15mph,lr,opposite,8,1625004304.4504194,/media/batool/MULTIMODAL_DATA/Multimodal_Data/Cat3/static_in_front/bag_files/Cat3_15mph_lr_opposite_8/camera_images/1625004304.4504194.jpg
Cat3,15mph,lr,opposite,8,1625004304.4837527,/media/batool/MULTIMODAL_DATA/Multimodal_Data/Cat3/static_in_front/bag_files/Cat3_15mph_lr_opposite_8/camera_images/1625004304.4837527.jpg
Cat3,15mph,lr,opposite,8,1625004304.517086,/media/batool/MULTIMODAL_DATA/Multimodal_Data/Cat3/static_in_front/bag_files/Cat3_15mph_lr_opposite_8/camera_images/1625004304.517086.jpg
Cat3,15mph,lr,opposite,8,1625004304.5504193,/media/batool/MULTIMODAL_DATA/Multimodal_Data/Cat3/static_in_front/bag_files/Cat3_15mph_lr_opposite_8/camera_images/1625004304.5504193.jpg
Cat3,15mph,lr,opposite,8,1625004304.5837526,/media/batool/MULTIMODAL_DATA/Multimodal_Data/Cat3/static_in_front/bag_files/Cat3_15mph_lr_opposite_8/camera_images/1625004304.5837526.jpg
Cat3,15mph,lr,opposite,8,1625004304.617086,/media/batool/MULTIMODAL_DATA/Multimodal_Data/Cat3/static_in_front/bag_files/Cat3_15mph_lr_opposite_8/camera_images/1625004304.617086.jpg
Cat3,15mph,lr,opposite,8,1625004304.6504192,/media/batool/MULTIMODAL_DATA/Multimodal_Data/Cat3/static_in_front/bag_files/Cat3_15mph_lr_opposite_8/camera_images/1625004304.6504192.jpg
Cat3,15mph,lr,opposite,8,1625004304.6837525,/media/batool/MULTIMODAL_DATA/Multimodal_Data/Cat3/static_in_front/bag_files/Cat3_15mph_lr_opposite_8/camera_images/1625004304.6837525.jpg
Cat3,15mph,lr,opposite,8,1625004304.7170858,/media/batool/MULTIMODAL_DATA/Multimodal_Data/Cat3/static_in_front/bag_files/Cat3_15mph_lr_opposite_8/camera_images/1625004304.7170858.jpg
Cat3,15mph,lr,opposite,8,1625004303.1504207,/media/batool/MULTIMODAL_DATA/Multimodal_Data/Cat3/static_in_front/bag_files/Cat3_15mph_lr_opposite_8/camera_images/1625004303.1504207.jpg
Cat3,15mph,lr,opposite,8,1625004303.6837535,/media/batool/MULTIMODAL_DATA/Multimodal_Data/Cat3/static_in_front/bag_files/Cat3_15mph_lr_opposite_8/camera_images/1625004303.6837535.jpg
Cat3,15mph,lr,opposite,8,1625004304.2170863,/media/batool/MULTIMODAL_DATA/Multimodal_Data/Cat3/static_in_front/bag_files/Cat3_15mph_lr_opposite_8/camera_images/1625004304.2170863.jpg
Cat3,15mph,lr,opposite,8,1625004304.7504191,/media/batool/MULTIMODAL_DATA/Multimodal_Data/Cat3/static_in_front/bag_files/Cat3_15mph_lr_opposite_8/camera_images/1625004304.7504191.jpg
Cat3,15mph,lr,opposite,8,1625004305.283752,/media/batool/MULTIMODAL_DATA/Multimodal_Data/Cat3/static_in_front/bag_files/Cat3_15mph_lr_opposite_8/camera_images/1625004305.283752.jpg
Cat3,15mph,lr,opposite,8,1625004305.8170848,/media/batool/MULTIMODAL_DATA/Multimodal_Data/Cat3/static_in_front/bag_files/Cat3_15mph_lr_opposite_8/camera_images/1625004305.8170848.jpg
Cat3,15mph,lr,opposite,8,1625004306.3504176,/media/batool/MULTIMODAL_DATA/Multimodal_Data/Cat3/static_in_front/bag_files/Cat3_15mph_lr_opposite_8/camera_images/1625004306.3504176.jpg
Cat3,15mph,lr,opposite,8,1625004306.8837504,/media/batool/MULTIMODAL_DATA/Multimodal_Data/Cat3/static_in_front/bag_files/Cat3_15mph_lr_opposite_8/camera_images/1625004306.8837504.jpg
Cat3,15mph,lr,opposite,8,1625004307.4170833,/media/batool/MULTIMODAL_DATA/Multimodal_Data/Cat3/static_in_front/bag_files/Cat3_15mph_lr_opposite_8/camera_images/1625004307.4170833.jpg
Cat3,15mph,lr,opposite,8,1625004307.950416,/media/batool/MULTIMODAL_DATA/Multimodal_Data/Cat3/static_in_front/bag_files/Cat3_15mph_lr_opposite_8/camera_images/1625004307.950416.jpg
Cat3,15mph,lr,opposite,8,1625004308.483749,/media/batool/MULTIMODAL_DATA/Multimodal_Data/Cat3/static_in_front/bag_files/Cat3_15mph_lr_opposite_8/camera_images/1625004308.483749.jpg
Cat3,15mph,lr,opposite,8,1625004309.0170817,/media/batool/MULTIMODAL_DATA/Multimodal_Data/Cat3/static_in_front/bag_files/Cat3_15mph_lr_opposite_8/camera_images/1625004309.0170817.jpg
Cat3,15mph,lr,opposite,8,1625004309.5504146,/media/batool/MULTIMODAL_DATA/Multimodal_Data/Cat3/static_in_front/bag_files/Cat3_15mph_lr_opposite_8/camera_images/1625004309.5504146.jpg
Cat3,15mph,lr,opposite,8,1625004310.0837474,/media/batool/MULTIMODAL_DATA/Multimodal_Data/Cat3/static_in_front/bag_files/Cat3_15mph_lr_opposite_8/camera_images/1625004310.0837474.jpg
Cat3,15mph,lr,opposite,8,1625004310.6170802,/media/batool/MULTIMODAL_DATA/Multimodal_Data/Cat3/static_in_front/bag_files/Cat3_15mph_lr_opposite_8/camera_images/1625004310.6170802.jpg
Cat3,15mph,lr,opposite,8,1625004311.150413,/media/batool/MULTIMODAL_DATA/Multimodal_Data/Cat3/static_in_front/bag_files/Cat3_15mph_lr_opposite_8/camera_images/1625004311.150413.jpg
Cat3,15mph,lr,opposite,8,1625004311.6837459,/media/batool/MULTIMODAL_DATA/Multimodal_Data/Cat3/static_in_front/bag_files/Cat3_15mph_lr_opposite_8/camera_images/1625004311.6837459.jpg
Cat3,15mph,lr,opposite,8,1625004312.2170787,/media/batool/MULTIMODAL_DATA/Multimodal_Data/Cat3/static_in_front/bag_files/Cat3_15mph_lr_opposite_8/camera_images/1625004312.2170787.jpg
Cat3,15mph,lr,opposite,8,1625004312.7504115,/media/batool/MULTIMODAL_DATA/Multimodal_Data/Cat3/static_in_front/bag_files/Cat3_15mph_lr_opposite_8/camera_images/1625004312.7504115.jpg
Cat3,15mph,lr,opposite,8,1625004313.2837443,/media/batool/MULTIMODAL_DATA/Multimodal_Data/Cat3/static_in_front/bag_files/Cat3_15mph_lr_opposite_8/camera_images/1625004313.2837443.jpg
Cat3,15mph,lr,opposite,8,1625004313.8170772,/media/batool/MULTIMODAL_DATA/Multimodal_Data/Cat3/static_in_front/bag_files/Cat3_15mph_lr_opposite_8/camera_images/1625004313.8170772.jpg
Cat3,15mph,lr,opposite,8,1625004314.35041,/media/batool/MULTIMODAL_DATA/Multimodal_Data/Cat3/static_in_front/bag_files/Cat3_15mph_lr_opposite_8/camera_images/1625004314.35041.jpg
Cat3,15mph,lr,opposite,8,1625004314.8837428,/media/batool/MULTIMODAL_DATA/Multimodal_Data/Cat3/static_in_front/bag_files/Cat3_15mph_lr_opposite_8/camera_images/1625004314.8837428.jpg
Cat3,15mph,lr,opposite,8,1625004315.4170756,/media/batool/MULTIMODAL_DATA/Multimodal_Data/Cat3/static_in_front/bag_files/Cat3_15mph_lr_opposite_8/camera_images/1625004315.4170756.jpg
Cat3,15mph,lr,opposite,8,1625004315.9504085,/media/batool/MULTIMODAL_DATA/Multimodal_Data/Cat3/static_in_front/bag_files/Cat3_15mph_lr_opposite_8/camera_images/1625004315.9504085.jpg
Cat3,15mph,lr,opposite,8,1625004316.4837413,/media/batool/MULTIMODAL_DATA/Multimodal_Data/Cat3/static_in_front/bag_files/Cat3_15mph_lr_opposite_8/camera_images/1625004316.4837413.jpg
Cat3,15mph,lr,opposite,8,1625004317.017074,/media/batool/MULTIMODAL_DATA/Multimodal_Data/Cat3/static_in_front/bag_files/Cat3_15mph_lr_opposite_8/camera_images/1625004317.017074.jpg
Cat3,15mph,lr,opposite,8,1625004304.7837524,/media/batool/MULTIMODAL_DATA/Multimodal_Data/Cat3/static_in_front/bag_files/Cat3_15mph_lr_opposite_8/camera_images/1625004304.7837524.jpg
Cat3,15mph,lr,opposite,8,1625004304.8170857,/media/batool/MULTIMODAL_DATA/Multimodal_Data/Cat3/static_in_front/bag_files/Cat3_15mph_lr_opposite_8/camera_images/1625004304.8170857.jpg
Cat3,15mph,lr,opposite,8,1625004304.850419,/media/batool/MULTIMODAL_DATA/Multimodal_Data/Cat3/static_in_front/bag_files/Cat3_15mph_lr_opposite_8/camera_images/1625004304.850419.jpg
Cat3,15mph,lr,opposite,8,1625004304.8837523,/media/batool/MULTIMODAL_DATA/Multimodal_Data/Cat3/static_in_front/bag_files/Cat3_15mph_lr_opposite_8/camera_images/1625004304.8837523.jpg
Cat3,15mph,lr,opposite,8,1625004304.9170856,/media/batool/MULTIMODAL_DATA/Multimodal_Data/Cat3/static_in_front/bag_files/Cat3_15mph_lr_opposite_8/camera_images/1625004304.9170856.jpg
Cat3,15mph,lr,opposite,8,1625004304.950419,/media/batool/MULTIMODAL_DATA/Multimodal_Data/Cat3/static_in_front/bag_files/Cat3_15mph_lr_opposite_8/camera_images/1625004304.950419.jpg
Cat3,15mph,lr,opposite,8,1625004304.9837523,/media/batool/MULTIMODAL_DATA/Multimodal_Data/Cat3/static_in_front/bag_files/Cat3_15mph_lr_opposite_8/camera_images/1625004304.9837523.jpg
Cat3,15mph,lr,opposite,8,1625004305.0170856,/media/batool/MULTIMODAL_DATA/Multimodal_Data/Cat3/static_in_front/bag_files/Cat3_15mph_lr_opposite_8/camera_images/1625004305.0170856.jpg
Cat3,15mph,lr,opposite,8,1625004305.0504189,/media/batool/MULTIMODAL_DATA/Multimodal_Data/Cat3/static_in_front/bag_files/Cat3_15mph_lr_opposite_8/camera_images/1625004305.0504189.jpg
Cat3,15mph,lr,opposite,8,1625004305.0837522,/media/batool/MULTIMODAL_DATA/Multimodal_Data/Cat3/static_in_front/bag_files/Cat3_15mph_lr_opposite_8/camera_images/1625004305.0837522.jpg
Cat3,15mph,lr,opposite,8,1625004305.1170855,/media/batool/MULTIMODAL_DATA/Multimodal_Data/Cat3/static_in_front/bag_files/Cat3_15mph_lr_opposite_8/camera_images/1625004305.1170855.jpg
Cat3,15mph,lr,opposite,8,1625004305.1504188,/media/batool/MULTIMODAL_DATA/Multimodal_Data/Cat3/static_in_front/bag_files/Cat3_15mph_lr_opposite_8/camera_images/1625004305.1504188.jpg
Cat3,15mph,lr,opposite,8,1625004305.183752,/media/batool/MULTIMODAL_DATA/Multimodal_Data/Cat3/static_in_front/bag_files/Cat3_15mph_lr_opposite_8/camera_images/1625004305.183752.jpg
Cat3,15mph,lr,opposite,8,1625004305.2170854,/media/batool/MULTIMODAL_DATA/Multimodal_Data/Cat3/static_in_front/bag_files/Cat3_15mph_lr_opposite_8/camera_images/1625004305.2170854.jpg
Cat3,15mph,lr,opposite,8,1625004305.2504187,/media/batool/MULTIMODAL_DATA/Multimodal_Data/Cat3/static_in_front/bag_files/Cat3_15mph_lr_opposite_8/camera_images/1625004305.2504187.jpg
Cat3,15mph,lr,opposite,8,1625004305.3170853,/media/batool/MULTIMODAL_DATA/Multimodal_Data/Cat3/static_in_front/bag_files/Cat3_15mph_lr_opposite_8/camera_images/1625004305.3170853.jpg
Cat3,15mph,lr,opposite,8,1625004305.3504186,/media/batool/MULTIMODAL_DATA/Multimodal_Data/Cat3/static_in_front/bag_files/Cat3_15mph_lr_opposite_8/camera_images/1625004305.3504186.jpg
Cat3,15mph,lr,opposite,8,1625004305.3837519,/media/batool/MULTIMODAL_DATA/Multimodal_Data/Cat3/static_in_front/bag_files/Cat3_15mph_lr_opposite_8/camera_images/1625004305.3837519.jpg
Cat3,15mph,lr,opposite,8,1625004305.4170852,/media/batool/MULTIMODAL_DATA/Multimodal_Data/Cat3/static_in_front/bag_files/Cat3_15mph_lr_opposite_8/camera_images/1625004305.4170852.jpg
Cat3,15mph,lr,opposite,8,1625004305.4504185,/media/batool/MULTIMODAL_DATA/Multimodal_Data/Cat3/static_in_front/bag_files/Cat3_15mph_lr_opposite_8/camera_images/1625004305.4504185.jpg
Cat3,15mph,lr,opposite,8,1625004305.4837518,/media/batool/MULTIMODAL_DATA/Multimodal_Data/Cat3/static_in_front/bag_files/Cat3_15mph_lr_opposite_8/camera_images/1625004305.4837518.jpg
Cat3,15mph,lr,opposite,8,1625004305.517085,/media/batool/MULTIMODAL_DATA/Multimodal_Data/Cat3/static_in_front/bag_files/Cat3_15mph_lr_opposite_8/camera_images/1625004305.517085.jpg
Cat3,15mph,lr,opposite,8,1625004305.5504184,/media/batool/MULTIMODAL_DATA/Multimodal_Data/Cat3/static_in_front/bag_files/Cat3_15mph_lr_opposite_8/camera_images/1625004305.5504184.jpg
Cat3,15mph,lr,opposite,8,1625004305.5837517,/media/batool/MULTIMODAL_DATA/Multimodal_Data/Cat3/static_in_front/bag_files/Cat3_15mph_lr_opposite_8/camera_images/1625004305.5837517.jpg
Cat3,15mph,lr,opposite,8,1625004305.617085,/media/batool/MULTIMODAL_DATA/Multimodal_Data/Cat3/static_in_front/bag_files/Cat3_15mph_lr_opposite_8/camera_images/1625004305.617085.jpg
Cat3,15mph,lr,opposite,8,1625004305.6504183,/media/batool/MULTIMODAL_DATA/Multimodal_Data/Cat3/static_in_front/bag_files/Cat3_15mph_lr_opposite_8/camera_images/1625004305.6504183.jpg
Cat3,15mph,lr,opposite,8,1625004305.6837516,/media/batool/MULTIMODAL_DATA/Multimodal_Data/Cat3/static_in_front/bag_files/Cat3_15mph_lr_opposite_8/camera_images/1625004305.6837516.jpg
Cat3,15mph,lr,opposite,8,1625004305.717085,/media/batool/MULTIMODAL_DATA/Multimodal_Data/Cat3/static_in_front/bag_files/Cat3_15mph_lr_opposite_8/camera_images/1625004305.717085.jpg
Cat3,15mph,lr,opposite,8,1625004305.7504182,/media/batool/MULTIMODAL_DATA/Multimodal_Data/Cat3/static_in_front/bag_files/Cat3_15mph_lr_opposite_8/camera_images/1625004305.7504182.jpg
Cat3,15mph,lr,opposite,8,1625004305.7837515,/media/batool/MULTIMODAL_DATA/Multimodal_Data/Cat3/static_in_front/bag_files/Cat3_15mph_lr_opposite_8/camera_images/1625004305.7837515.jpg
Cat3,15mph,lr,opposite,8,1625004305.850418,/media/batool/MULTIMODAL_DATA/Multimodal_Data/Cat3/static_in_front/bag_files/Cat3_15mph_lr_opposite_8/camera_images/1625004305.850418.jpg
Cat3,15mph,lr,opposite,8,1625004305.8837514,/media/batool/MULTIMODAL_DATA/Multimodal_Data/Cat3/static_in_front/bag_files/Cat3_15mph_lr_opposite_8/camera_images/1625004305.8837514.jpg
Cat3,15mph,lr,opposite,8,1625004305.9170847,/media/batool/MULTIMODAL_DATA/Multimodal_Data/Cat3/static_in_front/bag_files/Cat3_15mph_lr_opposite_8/camera_images/1625004305.9170847.jpg
Cat3,15mph,lr,opposite,8,1625004305.950418,/media/batool/MULTIMODAL_DATA/Multimodal_Data/Cat3/static_in_front/bag_files/Cat3_15mph_lr_opposite_8/camera_images/1625004305.950418.jpg
Cat3,15mph,lr,opposite,8,1625004305.9837513,/media/batool/MULTIMODAL_DATA/Multimodal_Data/Cat3/static_in_front/bag_files/Cat3_15mph_lr_opposite_8/camera_images/1625004305.9837513.jpg
Cat3,15mph,lr,opposite,8,1625004306.0170846,/media/batool/MULTIMODAL_DATA/Multimodal_Data/Cat3/static_in_front/bag_files/Cat3_15mph_lr_opposite_8/camera_images/1625004306.0170846.jpg
Cat3,15mph,lr,opposite,8,1625004306.050418,/media/batool/MULTIMODAL_DATA/Multimodal_Data/Cat3/static_in_front/bag_files/Cat3_15mph_lr_opposite_8/camera_images/1625004306.050418.jpg
Cat3,15mph,lr,opposite,8,1625004306.0837512,/media/batool/MULTIMODAL_DATA/Multimodal_Data/Cat3/static_in_front/bag_files/Cat3_15mph_lr_opposite_8/camera_images/1625004306.0837512.jpg
Cat3,15mph,lr,opposite,8,1625004306.1170845,/media/batool/MULTIMODAL_DATA/Multimodal_Data/Cat3/static_in_front/bag_files/Cat3_15mph_lr_opposite_8/camera_images/1625004306.1170845.jpg
Cat3,15mph,lr,opposite,8,1625004306.1504178,/media/batool/MULTIMODAL_DATA/Multimodal_Data/Cat3/static_in_front/bag_files/Cat3_15mph_lr_opposite_8/camera_images/1625004306.1504178.jpg
Cat3,15mph,lr,opposite,8,1625004306.183751,/media/batool/MULTIMODAL_DATA/Multimodal_Data/Cat3/static_in_front/bag_files/Cat3_15mph_lr_opposite_8/camera_images/1625004306.183751.jpg
Cat3,15mph,lr,opposite,8,1625004306.2170844,/media/batool/MULTIMODAL_DATA/Multimodal_Data/Cat3/static_in_front/bag_files/Cat3_15mph_lr_opposite_8/camera_images/1625004306.2170844.jpg
Cat3,15mph,lr,opposite,8,1625004306.2504177,/media/batool/MULTIMODAL_DATA/Multimodal_Data/Cat3/static_in_front/bag_files/Cat3_15mph_lr_opposite_8/camera_images/1625004306.2504177.jpg
Cat3,15mph,lr,opposite,8,1625004306.283751,/media/batool/MULTIMODAL_DATA/Multimodal_Data/Cat3/static_in_front/bag_files/Cat3_15mph_lr_opposite_8/camera_images/1625004306.283751.jpg
Cat3,15mph,lr,opposite,8,1625004306.3170843,/media/batool/MULTIMODAL_DATA/Multimodal_Data/Cat3/static_in_front/bag_files/Cat3_15mph_lr_opposite_8/camera_images/1625004306.3170843.jpg
Cat3,15mph,lr,opposite,8,1625004306.383751,/media/batool/MULTIMODAL_DATA/Multimodal_Data/Cat3/static_in_front/bag_files/Cat3_15mph_lr_opposite_8/camera_images/1625004306.383751.jpg
Cat3,15mph,lr,opposite,8,1625004306.4170842,/media/batool/MULTIMODAL_DATA/Multimodal_Data/Cat3/static_in_front/bag_files/Cat3_15mph_lr_opposite_8/camera_images/1625004306.4170842.jpg
Cat3,15mph,lr,opposite,8,1625004306.4504175,/media/batool/MULTIMODAL_DATA/Multimodal_Data/Cat3/static_in_front/bag_files/Cat3_15mph_lr_opposite_8/camera_images/1625004306.4504175.jpg
Cat3,15mph,lr,opposite,8,1625004306.4837508,/media/batool/MULTIMODAL_DATA/Multimodal_Data/Cat3/static_in_front/bag_files/Cat3_15mph_lr_opposite_8/camera_images/1625004306.4837508.jpg
Cat3,15mph,lr,opposite,8,1625004306.5170841,/media/batool/MULTIMODAL_DATA/Multimodal_Data/Cat3/static_in_front/bag_files/Cat3_15mph_lr_opposite_8/camera_images/1625004306.5170841.jpg
Cat3,15mph,lr,opposite,8,1625004306.5504174,/media/batool/MULTIMODAL_DATA/Multimodal_Data/Cat3/static_in_front/bag_files/Cat3_15mph_lr_opposite_8/camera_images/1625004306.5504174.jpg
Cat3,15mph,lr,opposite,8,1625004306.5837507,/media/batool/MULTIMODAL_DATA/Multimodal_Data/Cat3/static_in_front/bag_files/Cat3_15mph_lr_opposite_8/camera_images/1625004306.5837507.jpg
Cat3,15mph,lr,opposite,8,1625004306.617084,/media/batool/MULTIMODAL_DATA/Multimodal_Data/Cat3/static_in_front/bag_files/Cat3_15mph_lr_opposite_8/camera_images/1625004306.617084.jpg
Cat3,15mph,lr,opposite,8,1625004306.6504173,/media/batool/MULTIMODAL_DATA/Multimodal_Data/Cat3/static_in_front/bag_files/Cat3_15mph_lr_opposite_8/camera_images/1625004306.6504173.jpg
Cat3,15mph,lr,opposite,8,1625004306.6837506,/media/batool/MULTIMODAL_DATA/Multimodal_Data/Cat3/static_in_front/bag_files/Cat3_15mph_lr_opposite_8/camera_images/1625004306.6837506.jpg
Cat3,15mph,lr,opposite,8,1625004306.717084,/media/batool/MULTIMODAL_DATA/Multimodal_Data/Cat3/static_in_front/bag_files/Cat3_15mph_lr_opposite_8/camera_images/1625004306.717084.jpg
Cat3,15mph,lr,opposite,8,1625004306.7504172,/media/batool/MULTIMODAL_DATA/Multimodal_Data/Cat3/static_in_front/bag_files/Cat3_15mph_lr_opposite_8/camera_images/1625004306.7504172.jpg
Cat3,15mph,lr,opposite,8,1625004306.7837505,/media/batool/MULTIMODAL_DATA/Multimodal_Data/Cat3/static_in_front/bag_files/Cat3_15mph_lr_opposite_8/camera_images/1625004306.7837505.jpg
Cat3,15mph,lr,opposite,8,1625004306.8170838,/media/batool/MULTIMODAL_DATA/Multimodal_Data/Cat3/static_in_front/bag_files/Cat3_15mph_lr_opposite_8/camera_images/1625004306.8170838.jpg
Cat3,15mph,lr,opposite,8,1625004306.8504171,/media/batool/MULTIMODAL_DATA/Multimodal_Data/Cat3/static_in_front/bag_files/Cat3_15mph_lr_opposite_8/camera_images/1625004306.8504171.jpg
Cat3,15mph,lr,opposite,8,1625004306.9170837,/media/batool/MULTIMODAL_DATA/Multimodal_Data/Cat3/static_in_front/bag_files/Cat3_15mph_lr_opposite_8/camera_images/1625004306.9170837.jpg
Cat3,15mph,lr,opposite,8,1625004306.950417,/media/batool/MULTIMODAL_DATA/Multimodal_Data/Cat3/static_in_front/bag_files/Cat3_15mph_lr_opposite_8/camera_images/1625004306.950417.jpg
Cat3,15mph,lr,opposite,8,1625004306.9837503,/media/batool/MULTIMODAL_DATA/Multimodal_Data/Cat3/static_in_front/bag_files/Cat3_15mph_lr_opposite_8/camera_images/1625004306.9837503.jpg
Cat3,15mph,lr,opposite,8,1625004307.0170836,/media/batool/MULTIMODAL_DATA/Multimodal_Data/Cat3/static_in_front/bag_files/Cat3_15mph_lr_opposite_8/camera_images/1625004307.0170836.jpg
Cat3,15mph,lr,opposite,8,1625004307.050417,/media/batool/MULTIMODAL_DATA/Multimodal_Data/Cat3/static_in_front/bag_files/Cat3_15mph_lr_opposite_8/camera_images/1625004307.050417.jpg
Cat3,15mph,lr,opposite,8,1625004307.0837502,/media/batool/MULTIMODAL_DATA/Multimodal_Data/Cat3/static_in_front/bag_files/Cat3_15mph_lr_opposite_8/camera_images/1625004307.0837502.jpg
Cat3,15mph,lr,opposite,8,1625004307.1170835,/media/batool/MULTIMODAL_DATA/Multimodal_Data/Cat3/static_in_front/bag_files/Cat3_15mph_lr_opposite_8/camera_images/1625004307.1170835.jpg
Cat3,15mph,lr,opposite,8,1625004307.1504169,/media/batool/MULTIMODAL_DATA/Multimodal_Data/Cat3/static_in_front/bag_files/Cat3_15mph_lr_opposite_8/camera_images/1625004307.1504169.jpg
Cat3,15mph,lr,opposite,8,1625004307.1837502,/media/batool/MULTIMODAL_DATA/Multimodal_Data/Cat3/static_in_front/bag_files/Cat3_15mph_lr_opposite_8/camera_images/1625004307.1837502.jpg
Cat3,15mph,lr,opposite,8,1625004307.2170835,/media/batool/MULTIMODAL_DATA/Multimodal_Data/Cat3/static_in_front/bag_files/Cat3_15mph_lr_opposite_8/camera_images/1625004307.2170835.jpg
Cat3,15mph,lr,opposite,8,1625004307.2504168,/media/batool/MULTIMODAL_DATA/Multimodal_Data/Cat3/static_in_front/bag_files/Cat3_15mph_lr_opposite_8/camera_images/1625004307.2504168.jpg
Cat3,15mph,lr,opposite,8,1625004307.28375,/media/batool/MULTIMODAL_DATA/Multimodal_Data/Cat3/static_in_front/bag_files/Cat3_15mph_lr_opposite_8/camera_images/1625004307.28375.jpg
Cat3,15mph,lr,opposite,8,1625004307.3170834,/media/batool/MULTIMODAL_DATA/Multimodal_Data/Cat3/static_in_front/bag_files/Cat3_15mph_lr_opposite_8/camera_images/1625004307.3170834.jpg
Cat3,15mph,lr,opposite,8,1625004307.3504167,/media/batool/MULTIMODAL_DATA/Multimodal_Data/Cat3/static_in_front/bag_files/Cat3_15mph_lr_opposite_8/camera_images/1625004307.3504167.jpg
Cat3,15mph,lr,opposite,8,1625004307.38375,/media/batool/MULTIMODAL_DATA/Multimodal_Data/Cat3/static_in_front/bag_files/Cat3_15mph_lr_opposite_8/camera_images/1625004307.38375.jpg
Cat3,15mph,lr,opposite,8,1625004307.4504166,/media/batool/MULTIMODAL_DATA/Multimodal_Data/Cat3/static_in_front/bag_files/Cat3_15mph_lr_opposite_8/camera_images/1625004307.4504166.jpg
Cat3,15mph,lr,opposite,8,1625004307.4837499,/media/batool/MULTIMODAL_DATA/Multimodal_Data/Cat3/static_in_front/bag_files/Cat3_15mph_lr_opposite_8/camera_images/1625004307.4837499.jpg
Cat3,15mph,lr,opposite,8,1625004307.5170832,/media/batool/MULTIMODAL_DATA/Multimodal_Data/Cat3/static_in_front/bag_files/Cat3_15mph_lr_opposite_8/camera_images/1625004307.5170832.jpg
Cat3,15mph,lr,opposite,8,1625004307.5504165,/media/batool/MULTIMODAL_DATA/Multimodal_Data/Cat3/static_in_front/bag_files/Cat3_15mph_lr_opposite_8/camera_images/1625004307.5504165.jpg
Cat3,15mph,lr,opposite,8,1625004307.5837498,/media/batool/MULTIMODAL_DATA/Multimodal_Data/Cat3/static_in_front/bag_files/Cat3_15mph_lr_opposite_8/camera_images/1625004307.5837498.jpg
Cat3,15mph,lr,opposite,8,1625004307.617083,/media/batool/MULTIMODAL_DATA/Multimodal_Data/Cat3/static_in_front/bag_files/Cat3_15mph_lr_opposite_8/camera_images/1625004307.617083.jpg
Cat3,15mph,lr,opposite,8,1625004307.6504164,/media/batool/MULTIMODAL_DATA/Multimodal_Data/Cat3/static_in_front/bag_files/Cat3_15mph_lr_opposite_8/camera_images/1625004307.6504164.jpg
Cat3,15mph,lr,opposite,8,1625004307.6837497,/media/batool/MULTIMODAL_DATA/Multimodal_Data/Cat3/static_in_front/bag_files/Cat3_15mph_lr_opposite_8/camera_images/1625004307.6837497.jpg
Cat3,15mph,lr,opposite,8,1625004307.717083,/media/batool/MULTIMODAL_DATA/Multimodal_Data/Cat3/static_in_front/bag_files/Cat3_15mph_lr_opposite_8/camera_images/1625004307.717083.jpg
Cat3,15mph,lr,opposite,8,1625004307.7504163,/media/batool/MULTIMODAL_DATA/Multimodal_Data/Cat3/static_in_front/bag_files/Cat3_15mph_lr_opposite_8/camera_images/1625004307.7504163.jpg
Cat3,15mph,lr,opposite,8,1625004307.7837496,/media/batool/MULTIMODAL_DATA/Multimodal_Data/Cat3/static_in_front/bag_files/Cat3_15mph_lr_opposite_8/camera_images/1625004307.7837496.jpg
Cat3,15mph,lr,opposite,8,1625004307.817083,/media/batool/MULTIMODAL_DATA/Multimodal_Data/Cat3/static_in_front/bag_files/Cat3_15mph_lr_opposite_8/camera_images/1625004307.817083.jpg
Cat3,15mph,lr,opposite,8,1625004307.8504162,/media/batool/MULTIMODAL_DATA/Multimodal_Data/Cat3/static_in_front/bag_files/Cat3_15mph_lr_opposite_8/camera_images/1625004307.8504162.jpg
Cat3,15mph,lr,opposite,8,1625004307.8837495,/media/batool/MULTIMODAL_DATA/Multimodal_Data/Cat3/static_in_front/bag_files/Cat3_15mph_lr_opposite_8/camera_images/1625004307.8837495.jpg
Cat3,15mph,lr,opposite,8,1625004307.9170828,/media/batool/MULTIMODAL_DATA/Multimodal_Data/Cat3/static_in_front/bag_files/Cat3_15mph_lr_opposite_8/camera_images/1625004307.9170828.jpg
Cat3,15mph,lr,opposite,8,1625004307.9837494,/media/batool/MULTIMODAL_DATA/Multimodal_Data/Cat3/static_in_front/bag_files/Cat3_15mph_lr_opposite_8/camera_images/1625004307.9837494.jpg
Cat3,15mph,lr,opposite,8,1625004308.0170827,/media/batool/MULTIMODAL_DATA/Multimodal_Data/Cat3/static_in_front/bag_files/Cat3_15mph_lr_opposite_8/camera_images/1625004308.0170827.jpg
Cat3,15mph,lr,opposite,8,1625004308.050416,/media/batool/MULTIMODAL_DATA/Multimodal_Data/Cat3/static_in_front/bag_files/Cat3_15mph_lr_opposite_8/camera_images/1625004308.050416.jpg
Cat3,15mph,lr,opposite,8,1625004308.0837493,/media/batool/MULTIMODAL_DATA/Multimodal_Data/Cat3/static_in_front/bag_files/Cat3_15mph_lr_opposite_8/camera_images/1625004308.0837493.jpg
Cat3,15mph,lr,opposite,8,1625004308.1170826,/media/batool/MULTIMODAL_DATA/Multimodal_Data/Cat3/static_in_front/bag_files/Cat3_15mph_lr_opposite_8/camera_images/1625004308.1170826.jpg
Cat3,15mph,lr,opposite,8,1625004308.150416,/media/batool/MULTIMODAL_DATA/Multimodal_Data/Cat3/static_in_front/bag_files/Cat3_15mph_lr_opposite_8/camera_images/1625004308.150416.jpg
Cat3,15mph,lr,opposite,8,1625004308.1837492,/media/batool/MULTIMODAL_DATA/Multimodal_Data/Cat3/static_in_front/bag_files/Cat3_15mph_lr_opposite_8/camera_images/1625004308.1837492.jpg
Cat3,15mph,lr,opposite,8,1625004308.2170825,/media/batool/MULTIMODAL_DATA/Multimodal_Data/Cat3/static_in_front/bag_files/Cat3_15mph_lr_opposite_8/camera_images/1625004308.2170825.jpg
Cat3,15mph,lr,opposite,8,1625004308.2504158,/media/batool/MULTIMODAL_DATA/Multimodal_Data/Cat3/static_in_front/bag_files/Cat3_15mph_lr_opposite_8/camera_images/1625004308.2504158.jpg
Cat3,15mph,lr,opposite,8,1625004308.283749,/media/batool/MULTIMODAL_DATA/Multimodal_Data/Cat3/static_in_front/bag_files/Cat3_15mph_lr_opposite_8/camera_images/1625004308.283749.jpg
Cat3,15mph,lr,opposite,8,1625004308.3170824,/media/batool/MULTIMODAL_DATA/Multimodal_Data/Cat3/static_in_front/bag_files/Cat3_15mph_lr_opposite_8/camera_images/1625004308.3170824.jpg
Cat3,15mph,lr,opposite,8,1625004308.3504157,/media/batool/MULTIMODAL_DATA/Multimodal_Data/Cat3/static_in_front/bag_files/Cat3_15mph_lr_opposite_8/camera_images/1625004308.3504157.jpg
Cat3,15mph,lr,opposite,8,1625004308.383749,/media/batool/MULTIMODAL_DATA/Multimodal_Data/Cat3/static_in_front/bag_files/Cat3_15mph_lr_opposite_8/camera_images/1625004308.383749.jpg
Cat3,15mph,lr,opposite,8,1625004308.4170823,/media/batool/MULTIMODAL_DATA/Multimodal_Data/Cat3/static_in_front/bag_files/Cat3_15mph_lr_opposite_8/camera_images/1625004308.4170823.jpg
Cat3,15mph,lr,opposite,8,1625004308.4504156,/media/batool/MULTIMODAL_DATA/Multimodal_Data/Cat3/static_in_front/bag_files/Cat3_15mph_lr_opposite_8/camera_images/1625004308.4504156.jpg
Cat3,15mph,lr,opposite,8,1625004308.5170822,/media/batool/MULTIMODAL_DATA/Multimodal_Data/Cat3/static_in_front/bag_files/Cat3_15mph_lr_opposite_8/camera_images/1625004308.5170822.jpg
Cat3,15mph,lr,opposite,8,1625004308.5504155,/media/batool/MULTIMODAL_DATA/Multimodal_Data/Cat3/static_in_front/bag_files/Cat3_15mph_lr_opposite_8/camera_images/1625004308.5504155.jpg
Cat3,15mph,lr,opposite,8,1625004308.5837488,/media/batool/MULTIMODAL_DATA/Multimodal_Data/Cat3/static_in_front/bag_files/Cat3_15mph_lr_opposite_8/camera_images/1625004308.5837488.jpg
Cat3,15mph,lr,opposite,8,1625004308.617082,/media/batool/MULTIMODAL_DATA/Multimodal_Data/Cat3/static_in_front/bag_files/Cat3_15mph_lr_opposite_8/camera_images/1625004308.617082.jpg
Cat3,15mph,lr,opposite,8,1625004308.6504154,/media/batool/MULTIMODAL_DATA/Multimodal_Data/Cat3/static_in_front/bag_files/Cat3_15mph_lr_opposite_8/camera_images/1625004308.6504154.jpg
Cat3,15mph,lr,opposite,8,1625004308.6837487,/media/batool/MULTIMODAL_DATA/Multimodal_Data/Cat3/static_in_front/bag_files/Cat3_15mph_lr_opposite_8/camera_images/1625004308.6837487.jpg
Cat3,15mph,lr,opposite,8,1625004308.717082,/media/batool/MULTIMODAL_DATA/Multimodal_Data/Cat3/static_in_front/bag_files/Cat3_15mph_lr_opposite_8/camera_images/1625004308.717082.jpg
Cat3,15mph,lr,opposite,8,1625004308.7504153,/media/batool/MULTIMODAL_DATA/Multimodal_Data/Cat3/static_in_front/bag_files/Cat3_15mph_lr_opposite_8/camera_images/1625004308.7504153.jpg
Cat3,15mph,lr,opposite,8,1625004308.7837486,/media/batool/MULTIMODAL_DATA/Multimodal_Data/Cat3/static_in_front/bag_files/Cat3_15mph_lr_opposite_8/camera_images/1625004308.7837486.jpg
Cat3,15mph,lr,opposite,8,1625004308.817082,/media/batool/MULTIMODAL_DATA/Multimodal_Data/Cat3/static_in_front/bag_files/Cat3_15mph_lr_opposite_8/camera_images/1625004308.817082.jpg
Cat3,15mph,lr,opposite,8,1625004308.8504152,/media/batool/MULTIMODAL_DATA/Multimodal_Data/Cat3/static_in_front/bag_files/Cat3_15mph_lr_opposite_8/camera_images/1625004308.8504152.jpg
Cat3,15mph,lr,opposite,8,1625004308.8837485,/media/batool/MULTIMODAL_DATA/Multimodal_Data/Cat3/static_in_front/bag_files/Cat3_15mph_lr_opposite_8/camera_images/1625004308.8837485.jpg
Cat3,15mph,lr,opposite,8,1625004308.9170818,/media/batool/MULTIMODAL_DATA/Multimodal_Data/Cat3/static_in_front/bag_files/Cat3_15mph_lr_opposite_8/camera_images/1625004308.9170818.jpg
Cat3,15mph,lr,opposite,8,1625004308.9504151,/media/batool/MULTIMODAL_DATA/Multimodal_Data/Cat3/static_in_front/bag_files/Cat3_15mph_lr_opposite_8/camera_images/1625004308.9504151.jpg
Cat3,15mph,lr,opposite,8,1625004308.9837484,/media/batool/MULTIMODAL_DATA/Multimodal_Data/Cat3/static_in_front/bag_files/Cat3_15mph_lr_opposite_8/camera_images/1625004308.9837484.jpg
Cat3,15mph,lr,opposite,8,1625004309.050415,/media/batool/MULTIMODAL_DATA/Multimodal_Data/Cat3/static_in_front/bag_files/Cat3_15mph_lr_opposite_8/camera_images/1625004309.050415.jpg
Cat3,15mph,lr,opposite,8,1625004309.0837483,/media/batool/MULTIMODAL_DATA/Multimodal_Data/Cat3/static_in_front/bag_files/Cat3_15mph_lr_opposite_8/camera_images/1625004309.0837483.jpg
Cat3,15mph,lr,opposite,8,1625004309.1170816,/media/batool/MULTIMODAL_DATA/Multimodal_Data/Cat3/static_in_front/bag_files/Cat3_15mph_lr_opposite_8/camera_images/1625004309.1170816.jpg
Cat3,15mph,lr,opposite,8,1625004309.150415,/media/batool/MULTIMODAL_DATA/Multimodal_Data/Cat3/static_in_front/bag_files/Cat3_15mph_lr_opposite_8/camera_images/1625004309.150415.jpg
Cat3,15mph,lr,opposite,8,1625004309.1837482,/media/batool/MULTIMODAL_DATA/Multimodal_Data/Cat3/static_in_front/bag_files/Cat3_15mph_lr_opposite_8/camera_images/1625004309.1837482.jpg
Cat3,15mph,lr,opposite,8,1625004309.2170815,/media/batool/MULTIMODAL_DATA/Multimodal_Data/Cat3/static_in_front/bag_files/Cat3_15mph_lr_opposite_8/camera_images/1625004309.2170815.jpg
Cat3,15mph,lr,opposite,8,1625004309.2504148,/media/batool/MULTIMODAL_DATA/Multimodal_Data/Cat3/static_in_front/bag_files/Cat3_15mph_lr_opposite_8/camera_images/1625004309.2504148.jpg
Cat3,15mph,lr,opposite,8,1625004309.2837481,/media/batool/MULTIMODAL_DATA/Multimodal_Data/Cat3/static_in_front/bag_files/Cat3_15mph_lr_opposite_8/camera_images/1625004309.2837481.jpg
Cat3,15mph,lr,opposite,8,1625004309.3170815,/media/batool/MULTIMODAL_DATA/Multimodal_Data/Cat3/static_in_front/bag_files/Cat3_15mph_lr_opposite_8/camera_images/1625004309.3170815.jpg
Cat3,15mph,lr,opposite,8,1625004309.3504148,/media/batool/MULTIMODAL_DATA/Multimodal_Data/Cat3/static_in_front/bag_files/Cat3_15mph_lr_opposite_8/camera_images/1625004309.3504148.jpg
Cat3,15mph,lr,opposite,8,1625004309.383748,/media/batool/MULTIMODAL_DATA/Multimodal_Data/Cat3/static_in_front/bag_files/Cat3_15mph_lr_opposite_8/camera_images/1625004309.383748.jpg
Cat3,15mph,lr,opposite,8,1625004309.4170814,/media/batool/MULTIMODAL_DATA/Multimodal_Data/Cat3/static_in_front/bag_files/Cat3_15mph_lr_opposite_8/camera_images/1625004309.4170814.jpg
Cat3,15mph,lr,opposite,8,1625004309.4504147,/media/batool/MULTIMODAL_DATA/Multimodal_Data/Cat3/static_in_front/bag_files/Cat3_15mph_lr_opposite_8/camera_images/1625004309.4504147.jpg
Cat3,15mph,lr,opposite,8,1625004309.483748,/media/batool/MULTIMODAL_DATA/Multimodal_Data/Cat3/static_in_front/bag_files/Cat3_15mph_lr_opposite_8/camera_images/1625004309.483748.jpg
Cat3,15mph,lr,opposite,8,1625004309.5170813,/media/batool/MULTIMODAL_DATA/Multimodal_Data/Cat3/static_in_front/bag_files/Cat3_15mph_lr_opposite_8/camera_images/1625004309.5170813.jpg
Cat3,15mph,lr,opposite,8,1625004309.5837479,/media/batool/MULTIMODAL_DATA/Multimodal_Data/Cat3/static_in_front/bag_files/Cat3_15mph_lr_opposite_8/camera_images/1625004309.5837479.jpg
Cat3,15mph,lr,opposite,8,1625004309.6170812,/media/batool/MULTIMODAL_DATA/Multimodal_Data/Cat3/static_in_front/bag_files/Cat3_15mph_lr_opposite_8/camera_images/1625004309.6170812.jpg
Cat3,15mph,lr,opposite,8,1625004309.6504145,/media/batool/MULTIMODAL_DATA/Multimodal_Data/Cat3/static_in_front/bag_files/Cat3_15mph_lr_opposite_8/camera_images/1625004309.6504145.jpg
Cat3,15mph,lr,opposite,8,1625004309.6837478,/media/batool/MULTIMODAL_DATA/Multimodal_Data/Cat3/static_in_front/bag_files/Cat3_15mph_lr_opposite_8/camera_images/1625004309.6837478.jpg
Cat3,15mph,lr,opposite,8,1625004309.717081,/media/batool/MULTIMODAL_DATA/Multimodal_Data/Cat3/static_in_front/bag_files/Cat3_15mph_lr_opposite_8/camera_images/1625004309.717081.jpg
Cat3,15mph,lr,opposite,8,1625004309.7504144,/media/batool/MULTIMODAL_DATA/Multimodal_Data/Cat3/static_in_front/bag_files/Cat3_15mph_lr_opposite_8/camera_images/1625004309.7504144.jpg
Cat3,15mph,lr,opposite,8,1625004309.7837477,/media/batool/MULTIMODAL_DATA/Multimodal_Data/Cat3/static_in_front/bag_files/Cat3_15mph_lr_opposite_8/camera_images/1625004309.7837477.jpg
Cat3,15mph,lr,opposite,8,1625004309.817081,/media/batool/MULTIMODAL_DATA/Multimodal_Data/Cat3/static_in_front/bag_files/Cat3_15mph_lr_opposite_8/camera_images/1625004309.817081.jpg
Cat3,15mph,lr,opposite,8,1625004309.8504143,/media/batool/MULTIMODAL_DATA/Multimodal_Data/Cat3/static_in_front/bag_files/Cat3_15mph_lr_opposite_8/camera_images/1625004309.8504143.jpg
Cat3,15mph,lr,opposite,8,1625004309.8837476,/media/batool/MULTIMODAL_DATA/Multimodal_Data/Cat3/static_in_front/bag_files/Cat3_15mph_lr_opposite_8/camera_images/1625004309.8837476.jpg
Cat3,15mph,lr,opposite,8,1625004309.9170809,/media/batool/MULTIMODAL_DATA/Multimodal_Data/Cat3/static_in_front/bag_files/Cat3_15mph_lr_opposite_8/camera_images/1625004309.9170809.jpg
Cat3,15mph,lr,opposite,8,1625004309.9504142,/media/batool/MULTIMODAL_DATA/Multimodal_Data/Cat3/static_in_front/bag_files/Cat3_15mph_lr_opposite_8/camera_images/1625004309.9504142.jpg
Cat3,15mph,lr,opposite,8,1625004309.9837475,/media/batool/MULTIMODAL_DATA/Multimodal_Data/Cat3/static_in_front/bag_files/Cat3_15mph_lr_opposite_8/camera_images/1625004309.9837475.jpg
Cat3,15mph,lr,opposite,8,1625004310.0170808,/media/batool/MULTIMODAL_DATA/Multimodal_Data/Cat3/static_in_front/bag_files/Cat3_15mph_lr_opposite_8/camera_images/1625004310.0170808.jpg
Cat3,15mph,lr,opposite,8,1625004310.050414,/media/batool/MULTIMODAL_DATA/Multimodal_Data/Cat3/static_in_front/bag_files/Cat3_15mph_lr_opposite_8/camera_images/1625004310.050414.jpg
Cat3,15mph,lr,opposite,8,1625004310.1170807,/media/batool/MULTIMODAL_DATA/Multimodal_Data/Cat3/static_in_front/bag_files/Cat3_15mph_lr_opposite_8/camera_images/1625004310.1170807.jpg
Cat3,15mph,lr,opposite,8,1625004310.150414,/media/batool/MULTIMODAL_DATA/Multimodal_Data/Cat3/static_in_front/bag_files/Cat3_15mph_lr_opposite_8/camera_images/1625004310.150414.jpg
Cat3,15mph,lr,opposite,8,1625004310.1837473,/media/batool/MULTIMODAL_DATA/Multimodal_Data/Cat3/static_in_front/bag_files/Cat3_15mph_lr_opposite_8/camera_images/1625004310.1837473.jpg
Cat3,15mph,lr,opposite,8,1625004310.2170806,/media/batool/MULTIMODAL_DATA/Multimodal_Data/Cat3/static_in_front/bag_files/Cat3_15mph_lr_opposite_8/camera_images/1625004310.2170806.jpg
Cat3,15mph,lr,opposite,8,1625004310.250414,/media/batool/MULTIMODAL_DATA/Multimodal_Data/Cat3/static_in_front/bag_files/Cat3_15mph_lr_opposite_8/camera_images/1625004310.250414.jpg
Cat3,15mph,lr,opposite,8,1625004310.2837472,/media/batool/MULTIMODAL_DATA/Multimodal_Data/Cat3/static_in_front/bag_files/Cat3_15mph_lr_opposite_8/camera_images/1625004310.2837472.jpg
Cat3,15mph,lr,opposite,8,1625004310.3170805,/media/batool/MULTIMODAL_DATA/Multimodal_Data/Cat3/static_in_front/bag_files/Cat3_15mph_lr_opposite_8/camera_images/1625004310.3170805.jpg
Cat3,15mph,lr,opposite,8,1625004310.3504138,/media/batool/MULTIMODAL_DATA/Multimodal_Data/Cat3/static_in_front/bag_files/Cat3_15mph_lr_opposite_8/camera_images/1625004310.3504138.jpg
Cat3,15mph,lr,opposite,8,1625004310.383747,/media/batool/MULTIMODAL_DATA/Multimodal_Data/Cat3/static_in_front/bag_files/Cat3_15mph_lr_opposite_8/camera_images/1625004310.383747.jpg
Cat3,15mph,lr,opposite,8,1625004310.4170804,/media/batool/MULTIMODAL_DATA/Multimodal_Data/Cat3/static_in_front/bag_files/Cat3_15mph_lr_opposite_8/camera_images/1625004310.4170804.jpg
Cat3,15mph,lr,opposite,8,1625004310.4504137,/media/batool/MULTIMODAL_DATA/Multimodal_Data/Cat3/static_in_front/bag_files/Cat3_15mph_lr_opposite_8/camera_images/1625004310.4504137.jpg
Cat3,15mph,lr,opposite,8,1625004310.483747,/media/batool/MULTIMODAL_DATA/Multimodal_Data/Cat3/static_in_front/bag_files/Cat3_15mph_lr_opposite_8/camera_images/1625004310.483747.jpg
Cat3,15mph,lr,opposite,8,1625004310.5170803,/media/batool/MULTIMODAL_DATA/Multimodal_Data/Cat3/static_in_front/bag_files/Cat3_15mph_lr_opposite_8/camera_images/1625004310.5170803.jpg
Cat3,15mph,lr,opposite,8,1625004310.5504136,/media/batool/MULTIMODAL_DATA/Multimodal_Data/Cat3/static_in_front/bag_files/Cat3_15mph_lr_opposite_8/camera_images/1625004310.5504136.jpg
Cat3,15mph,lr,opposite,8,1625004310.583747,/media/batool/MULTIMODAL_DATA/Multimodal_Data/Cat3/static_in_front/bag_files/Cat3_15mph_lr_opposite_8/camera_images/1625004310.583747.jpg
Cat3,15mph,lr,opposite,8,1625004310.6504135,/media/batool/MULTIMODAL_DATA/Multimodal_Data/Cat3/static_in_front/bag_files/Cat3_15mph_lr_opposite_8/camera_images/1625004310.6504135.jpg
Cat3,15mph,lr,opposite,8,1625004310.6837468,/media/batool/MULTIMODAL_DATA/Multimodal_Data/Cat3/static_in_front/bag_files/Cat3_15mph_lr_opposite_8/camera_images/1625004310.6837468.jpg
Cat3,15mph,lr,opposite,8,1625004310.71708,/media/batool/MULTIMODAL_DATA/Multimodal_Data/Cat3/static_in_front/bag_files/Cat3_15mph_lr_opposite_8/camera_images/1625004310.71708.jpg
Cat3,15mph,lr,opposite,8,1625004310.7504134,/media/batool/MULTIMODAL_DATA/Multimodal_Data/Cat3/static_in_front/bag_files/Cat3_15mph_lr_opposite_8/camera_images/1625004310.7504134.jpg
Cat3,15mph,lr,opposite,8,1625004310.7837467,/media/batool/MULTIMODAL_DATA/Multimodal_Data/Cat3/static_in_front/bag_files/Cat3_15mph_lr_opposite_8/camera_images/1625004310.7837467.jpg
Cat3,15mph,lr,opposite,8,1625004310.81708,/media/batool/MULTIMODAL_DATA/Multimodal_Data/Cat3/static_in_front/bag_files/Cat3_15mph_lr_opposite_8/camera_images/1625004310.81708.jpg
Cat3,15mph,lr,opposite,8,1625004310.8504133,/media/batool/MULTIMODAL_DATA/Multimodal_Data/Cat3/static_in_front/bag_files/Cat3_15mph_lr_opposite_8/camera_images/1625004310.8504133.jpg
Cat3,15mph,lr,opposite,8,1625004310.8837466,/media/batool/MULTIMODAL_DATA/Multimodal_Data/Cat3/static_in_front/bag_files/Cat3_15mph_lr_opposite_8/camera_images/1625004310.8837466.jpg
Cat3,15mph,lr,opposite,8,1625004310.91708,/media/batool/MULTIMODAL_DATA/Multimodal_Data/Cat3/static_in_front/bag_files/Cat3_15mph_lr_opposite_8/camera_images/1625004310.91708.jpg
Cat3,15mph,lr,opposite,8,1625004310.9504132,/media/batool/MULTIMODAL_DATA/Multimodal_Data/Cat3/static_in_front/bag_files/Cat3_15mph_lr_opposite_8/camera_images/1625004310.9504132.jpg
Cat3,15mph,lr,opposite,8,1625004310.9837465,/media/batool/MULTIMODAL_DATA/Multimodal_Data/Cat3/static_in_front/bag_files/Cat3_15mph_lr_opposite_8/camera_images/1625004310.9837465.jpg
Cat3,15mph,lr,opposite,8,1625004311.0170798,/media/batool/MULTIMODAL_DATA/Multimodal_Data/Cat3/static_in_front/bag_files/Cat3_15mph_lr_opposite_8/camera_images/1625004311.0170798.jpg
Cat3,15mph,lr,opposite,8,1625004311.0504131,/media/batool/MULTIMODAL_DATA/Multimodal_Data/Cat3/static_in_front/bag_files/Cat3_15mph_lr_opposite_8/camera_images/1625004311.0504131.jpg
Cat3,15mph,lr,opposite,8,1625004311.0837464,/media/batool/MULTIMODAL_DATA/Multimodal_Data/Cat3/static_in_front/bag_files/Cat3_15mph_lr_opposite_8/camera_images/1625004311.0837464.jpg
Cat3,15mph,lr,opposite,8,1625004311.1170797,/media/batool/MULTIMODAL_DATA/Multimodal_Data/Cat3/static_in_front/bag_files/Cat3_15mph_lr_opposite_8/camera_images/1625004311.1170797.jpg
Cat3,15mph,lr,opposite,8,1625004311.1837463,/media/batool/MULTIMODAL_DATA/Multimodal_Data/Cat3/static_in_front/bag_files/Cat3_15mph_lr_opposite_8/camera_images/1625004311.1837463.jpg
Cat3,15mph,lr,opposite,8,1625004311.2170796,/media/batool/MULTIMODAL_DATA/Multimodal_Data/Cat3/static_in_front/bag_files/Cat3_15mph_lr_opposite_8/camera_images/1625004311.2170796.jpg
Cat3,15mph,lr,opposite,8,1625004311.250413,/media/batool/MULTIMODAL_DATA/Multimodal_Data/Cat3/static_in_front/bag_files/Cat3_15mph_lr_opposite_8/camera_images/1625004311.250413.jpg
Cat3,15mph,lr,opposite,8,1625004311.2837462,/media/batool/MULTIMODAL_DATA/Multimodal_Data/Cat3/static_in_front/bag_files/Cat3_15mph_lr_opposite_8/camera_images/1625004311.2837462.jpg
Cat3,15mph,lr,opposite,8,1625004311.3170795,/media/batool/MULTIMODAL_DATA/Multimodal_Data/Cat3/static_in_front/bag_files/Cat3_15mph_lr_opposite_8/camera_images/1625004311.3170795.jpg
Cat3,15mph,lr,opposite,8,1625004311.3504128,/media/batool/MULTIMODAL_DATA/Multimodal_Data/Cat3/static_in_front/bag_files/Cat3_15mph_lr_opposite_8/camera_images/1625004311.3504128.jpg
Cat3,15mph,lr,opposite,8,1625004311.3837461,/media/batool/MULTIMODAL_DATA/Multimodal_Data/Cat3/static_in_front/bag_files/Cat3_15mph_lr_opposite_8/camera_images/1625004311.3837461.jpg
Cat3,15mph,lr,opposite,8,1625004311.4170794,/media/batool/MULTIMODAL_DATA/Multimodal_Data/Cat3/static_in_front/bag_files/Cat3_15mph_lr_opposite_8/camera_images/1625004311.4170794.jpg
Cat3,15mph,lr,opposite,8,1625004311.4504128,/media/batool/MULTIMODAL_DATA/Multimodal_Data/Cat3/static_in_front/bag_files/Cat3_15mph_lr_opposite_8/camera_images/1625004311.4504128.jpg
Cat3,15mph,lr,opposite,8,1625004311.483746,/media/batool/MULTIMODAL_DATA/Multimodal_Data/Cat3/static_in_front/bag_files/Cat3_15mph_lr_opposite_8/camera_images/1625004311.483746.jpg
Cat3,15mph,lr,opposite,8,1625004311.5170794,/media/batool/MULTIMODAL_DATA/Multimodal_Data/Cat3/static_in_front/bag_files/Cat3_15mph_lr_opposite_8/camera_images/1625004311.5170794.jpg
Cat3,15mph,lr,opposite,8,1625004311.5504127,/media/batool/MULTIMODAL_DATA/Multimodal_Data/Cat3/static_in_front/bag_files/Cat3_15mph_lr_opposite_8/camera_images/1625004311.5504127.jpg
Cat3,15mph,lr,opposite,8,1625004311.583746,/media/batool/MULTIMODAL_DATA/Multimodal_Data/Cat3/static_in_front/bag_files/Cat3_15mph_lr_opposite_8/camera_images/1625004311.583746.jpg
Cat3,15mph,lr,opposite,8,1625004311.6170793,/media/batool/MULTIMODAL_DATA/Multimodal_Data/Cat3/static_in_front/bag_files/Cat3_15mph_lr_opposite_8/camera_images/1625004311.6170793.jpg
Cat3,15mph,lr,opposite,8,1625004311.6504126,/media/batool/MULTIMODAL_DATA/Multimodal_Data/Cat3/static_in_front/bag_files/Cat3_15mph_lr_opposite_8/camera_images/1625004311.6504126.jpg
Cat3,15mph,lr,opposite,8,1625004311.7170792,/media/batool/MULTIMODAL_DATA/Multimodal_Data/Cat3/static_in_front/bag_files/Cat3_15mph_lr_opposite_8/camera_images/1625004311.7170792.jpg
Cat3,15mph,lr,opposite,8,1625004311.7504125,/media/batool/MULTIMODAL_DATA/Multimodal_Data/Cat3/static_in_front/bag_files/Cat3_15mph_lr_opposite_8/camera_images/1625004311.7504125.jpg
Cat3,15mph,lr,opposite,8,1625004311.7837458,/media/batool/MULTIMODAL_DATA/Multimodal_Data/Cat3/static_in_front/bag_files/Cat3_15mph_lr_opposite_8/camera_images/1625004311.7837458.jpg
Cat3,15mph,lr,opposite,8,1625004311.817079,/media/batool/MULTIMODAL_DATA/Multimodal_Data/Cat3/static_in_front/bag_files/Cat3_15mph_lr_opposite_8/camera_images/1625004311.817079.jpg
Cat3,15mph,lr,opposite,8,1625004311.8504124,/media/batool/MULTIMODAL_DATA/Multimodal_Data/Cat3/static_in_front/bag_files/Cat3_15mph_lr_opposite_8/camera_images/1625004311.8504124.jpg
Cat3,15mph,lr,opposite,8,1625004311.8837457,/media/batool/MULTIMODAL_DATA/Multimodal_Data/Cat3/static_in_front/bag_files/Cat3_15mph_lr_opposite_8/camera_images/1625004311.8837457.jpg
Cat3,15mph,lr,opposite,8,1625004311.917079,/media/batool/MULTIMODAL_DATA/Multimodal_Data/Cat3/static_in_front/bag_files/Cat3_15mph_lr_opposite_8/camera_images/1625004311.917079.jpg
Cat3,15mph,lr,opposite,8,1625004311.9504123,/media/batool/MULTIMODAL_DATA/Multimodal_Data/Cat3/static_in_front/bag_files/Cat3_15mph_lr_opposite_8/camera_images/1625004311.9504123.jpg
Cat3,15mph,lr,opposite,8,1625004311.9837456,/media/batool/MULTIMODAL_DATA/Multimodal_Data/Cat3/static_in_front/bag_files/Cat3_15mph_lr_opposite_8/camera_images/1625004311.9837456.jpg
Cat3,15mph,lr,opposite,8,1625004312.0170789,/media/batool/MULTIMODAL_DATA/Multimodal_Data/Cat3/static_in_front/bag_files/Cat3_15mph_lr_opposite_8/camera_images/1625004312.0170789.jpg
Cat3,15mph,lr,opposite,8,1625004312.0504122,/media/batool/MULTIMODAL_DATA/Multimodal_Data/Cat3/static_in_front/bag_files/Cat3_15mph_lr_opposite_8/camera_images/1625004312.0504122.jpg
Cat3,15mph,lr,opposite,8,1625004312.0837455,/media/batool/MULTIMODAL_DATA/Multimodal_Data/Cat3/static_in_front/bag_files/Cat3_15mph_lr_opposite_8/camera_images/1625004312.0837455.jpg
Cat3,15mph,lr,opposite,8,1625004312.1170788,/media/batool/MULTIMODAL_DATA/Multimodal_Data/Cat3/static_in_front/bag_files/Cat3_15mph_lr_opposite_8/camera_images/1625004312.1170788.jpg
Cat3,15mph,lr,opposite,8,1625004312.150412,/media/batool/MULTIMODAL_DATA/Multimodal_Data/Cat3/static_in_front/bag_files/Cat3_15mph_lr_opposite_8/camera_images/1625004312.150412.jpg
Cat3,15mph,lr,opposite,8,1625004312.1837454,/media/batool/MULTIMODAL_DATA/Multimodal_Data/Cat3/static_in_front/bag_files/Cat3_15mph_lr_opposite_8/camera_images/1625004312.1837454.jpg
Cat3,15mph,lr,opposite,8,1625004312.250412,/media/batool/MULTIMODAL_DATA/Multimodal_Data/Cat3/static_in_front/bag_files/Cat3_15mph_lr_opposite_8/camera_images/1625004312.250412.jpg
Cat3,15mph,lr,opposite,8,1625004312.2837453,/media/batool/MULTIMODAL_DATA/Multimodal_Data/Cat3/static_in_front/bag_files/Cat3_15mph_lr_opposite_8/camera_images/1625004312.2837453.jpg
Cat3,15mph,lr,opposite,8,1625004312.3170786,/media/batool/MULTIMODAL_DATA/Multimodal_Data/Cat3/static_in_front/bag_files/Cat3_15mph_lr_opposite_8/camera_images/1625004312.3170786.jpg
Cat3,15mph,lr,opposite,8,1625004312.350412,/media/batool/MULTIMODAL_DATA/Multimodal_Data/Cat3/static_in_front/bag_files/Cat3_15mph_lr_opposite_8/camera_images/1625004312.350412.jpg
Cat3,15mph,lr,opposite,8,1625004312.3837452,/media/batool/MULTIMODAL_DATA/Multimodal_Data/Cat3/static_in_front/bag_files/Cat3_15mph_lr_opposite_8/camera_images/1625004312.3837452.jpg
Cat3,15mph,lr,opposite,8,1625004312.4170785,/media/batool/MULTIMODAL_DATA/Multimodal_Data/Cat3/static_in_front/bag_files/Cat3_15mph_lr_opposite_8/camera_images/1625004312.4170785.jpg
Cat3,15mph,lr,opposite,8,1625004312.4504118,/media/batool/MULTIMODAL_DATA/Multimodal_Data/Cat3/static_in_front/bag_files/Cat3_15mph_lr_opposite_8/camera_images/1625004312.4504118.jpg
Cat3,15mph,lr,opposite,8,1625004312.483745,/media/batool/MULTIMODAL_DATA/Multimodal_Data/Cat3/static_in_front/bag_files/Cat3_15mph_lr_opposite_8/camera_images/1625004312.483745.jpg
Cat3,15mph,lr,opposite,8,1625004312.5170784,/media/batool/MULTIMODAL_DATA/Multimodal_Data/Cat3/static_in_front/bag_files/Cat3_15mph_lr_opposite_8/camera_images/1625004312.5170784.jpg
Cat3,15mph,lr,opposite,8,1625004312.5504117,/media/batool/MULTIMODAL_DATA/Multimodal_Data/Cat3/static_in_front/bag_files/Cat3_15mph_lr_opposite_8/camera_images/1625004312.5504117.jpg
Cat3,15mph,lr,opposite,8,1625004312.583745,/media/batool/MULTIMODAL_DATA/Multimodal_Data/Cat3/static_in_front/bag_files/Cat3_15mph_lr_opposite_8/camera_images/1625004312.583745.jpg
Cat3,15mph,lr,opposite,8,1625004312.6170783,/media/batool/MULTIMODAL_DATA/Multimodal_Data/Cat3/static_in_front/bag_files/Cat3_15mph_lr_opposite_8/camera_images/1625004312.6170783.jpg
Cat3,15mph,lr,opposite,8,1625004312.6504116,/media/batool/MULTIMODAL_DATA/Multimodal_Data/Cat3/static_in_front/bag_files/Cat3_15mph_lr_opposite_8/camera_images/1625004312.6504116.jpg
Cat3,15mph,lr,opposite,8,1625004312.683745,/media/batool/MULTIMODAL_DATA/Multimodal_Data/Cat3/static_in_front/bag_files/Cat3_15mph_lr_opposite_8/camera_images/1625004312.683745.jpg
Cat3,15mph,lr,opposite,8,1625004312.7170782,/media/batool/MULTIMODAL_DATA/Multimodal_Data/Cat3/static_in_front/bag_files/Cat3_15mph_lr_opposite_8/camera_images/1625004312.7170782.jpg
Cat3,15mph,lr,opposite,8,1625004312.7837448,/media/batool/MULTIMODAL_DATA/Multimodal_Data/Cat3/static_in_front/bag_files/Cat3_15mph_lr_opposite_8/camera_images/1625004312.7837448.jpg
Cat3,15mph,lr,opposite,8,1625004312.817078,/media/batool/MULTIMODAL_DATA/Multimodal_Data/Cat3/static_in_front/bag_files/Cat3_15mph_lr_opposite_8/camera_images/1625004312.817078.jpg
Cat3,15mph,lr,opposite,8,1625004312.8504114,/media/batool/MULTIMODAL_DATA/Multimodal_Data/Cat3/static_in_front/bag_files/Cat3_15mph_lr_opposite_8/camera_images/1625004312.8504114.jpg
Cat3,15mph,lr,opposite,8,1625004312.8837447,/media/batool/MULTIMODAL_DATA/Multimodal_Data/Cat3/static_in_front/bag_files/Cat3_15mph_lr_opposite_8/camera_images/1625004312.8837447.jpg
Cat3,15mph,lr,opposite,8,1625004312.917078,/media/batool/MULTIMODAL_DATA/Multimodal_Data/Cat3/static_in_front/bag_files/Cat3_15mph_lr_opposite_8/camera_images/1625004312.917078.jpg
Cat3,15mph,lr,opposite,8,1625004312.9504113,/media/batool/MULTIMODAL_DATA/Multimodal_Data/Cat3/static_in_front/bag_files/Cat3_15mph_lr_opposite_8/camera_images/1625004312.9504113.jpg
Cat3,15mph,lr,opposite,8,1625004312.9837446,/media/batool/MULTIMODAL_DATA/Multimodal_Data/Cat3/static_in_front/bag_files/Cat3_15mph_lr_opposite_8/camera_images/1625004312.9837446.jpg
Cat3,15mph,lr,opposite,8,1625004313.017078,/media/batool/MULTIMODAL_DATA/Multimodal_Data/Cat3/static_in_front/bag_files/Cat3_15mph_lr_opposite_8/camera_images/1625004313.017078.jpg
Cat3,15mph,lr,opposite,8,1625004313.0504112,/media/batool/MULTIMODAL_DATA/Multimodal_Data/Cat3/static_in_front/bag_files/Cat3_15mph_lr_opposite_8/camera_images/1625004313.0504112.jpg
Cat3,15mph,lr,opposite,8,1625004313.0837445,/media/batool/MULTIMODAL_DATA/Multimodal_Data/Cat3/static_in_front/bag_files/Cat3_15mph_lr_opposite_8/camera_images/1625004313.0837445.jpg
Cat3,15mph,lr,opposite,8,1625004313.1170778,/media/batool/MULTIMODAL_DATA/Multimodal_Data/Cat3/static_in_front/bag_files/Cat3_15mph_lr_opposite_8/camera_images/1625004313.1170778.jpg
Cat3,15mph,lr,opposite,8,1625004313.1504111,/media/batool/MULTIMODAL_DATA/Multimodal_Data/Cat3/static_in_front/bag_files/Cat3_15mph_lr_opposite_8/camera_images/1625004313.1504111.jpg
Cat3,15mph,lr,opposite,8,1625004313.1837444,/media/batool/MULTIMODAL_DATA/Multimodal_Data/Cat3/static_in_front/bag_files/Cat3_15mph_lr_opposite_8/camera_images/1625004313.1837444.jpg
Cat3,15mph,lr,opposite,8,1625004313.2170777,/media/batool/MULTIMODAL_DATA/Multimodal_Data/Cat3/static_in_front/bag_files/Cat3_15mph_lr_opposite_8/camera_images/1625004313.2170777.jpg
Cat3,15mph,lr,opposite,8,1625004313.250411,/media/batool/MULTIMODAL_DATA/Multimodal_Data/Cat3/static_in_front/bag_files/Cat3_15mph_lr_opposite_8/camera_images/1625004313.250411.jpg
Cat3,15mph,lr,opposite,8,1625004313.3170776,/media/batool/MULTIMODAL_DATA/Multimodal_Data/Cat3/static_in_front/bag_files/Cat3_15mph_lr_opposite_8/camera_images/1625004313.3170776.jpg
Cat3,15mph,lr,opposite,8,1625004313.350411,/media/batool/MULTIMODAL_DATA/Multimodal_Data/Cat3/static_in_front/bag_files/Cat3_15mph_lr_opposite_8/camera_images/1625004313.350411.jpg
Cat3,15mph,lr,opposite,8,1625004313.3837442,/media/batool/MULTIMODAL_DATA/Multimodal_Data/Cat3/static_in_front/bag_files/Cat3_15mph_lr_opposite_8/camera_images/1625004313.3837442.jpg
Cat3,15mph,lr,opposite,8,1625004313.4170775,/media/batool/MULTIMODAL_DATA/Multimodal_Data/Cat3/static_in_front/bag_files/Cat3_15mph_lr_opposite_8/camera_images/1625004313.4170775.jpg
Cat3,15mph,lr,opposite,8,1625004313.4504108,/media/batool/MULTIMODAL_DATA/Multimodal_Data/Cat3/static_in_front/bag_files/Cat3_15mph_lr_opposite_8/camera_images/1625004313.4504108.jpg
Cat3,15mph,lr,opposite,8,1625004313.4837441,/media/batool/MULTIMODAL_DATA/Multimodal_Data/Cat3/static_in_front/bag_files/Cat3_15mph_lr_opposite_8/camera_images/1625004313.4837441.jpg
Cat3,15mph,lr,opposite,8,1625004313.5170774,/media/batool/MULTIMODAL_DATA/Multimodal_Data/Cat3/static_in_front/bag_files/Cat3_15mph_lr_opposite_8/camera_images/1625004313.5170774.jpg
Cat3,15mph,lr,opposite,8,1625004313.5504107,/media/batool/MULTIMODAL_DATA/Multimodal_Data/Cat3/static_in_front/bag_files/Cat3_15mph_lr_opposite_8/camera_images/1625004313.5504107.jpg
Cat3,15mph,lr,opposite,8,1625004313.583744,/media/batool/MULTIMODAL_DATA/Multimodal_Data/Cat3/static_in_front/bag_files/Cat3_15mph_lr_opposite_8/camera_images/1625004313.583744.jpg
Cat3,15mph,lr,opposite,8,1625004313.6170774,/media/batool/MULTIMODAL_DATA/Multimodal_Data/Cat3/static_in_front/bag_files/Cat3_15mph_lr_opposite_8/camera_images/1625004313.6170774.jpg
Cat3,15mph,lr,opposite,8,1625004313.6504107,/media/batool/MULTIMODAL_DATA/Multimodal_Data/Cat3/static_in_front/bag_files/Cat3_15mph_lr_opposite_8/camera_images/1625004313.6504107.jpg
Cat3,15mph,lr,opposite,8,1625004313.683744,/media/batool/MULTIMODAL_DATA/Multimodal_Data/Cat3/static_in_front/bag_files/Cat3_15mph_lr_opposite_8/camera_images/1625004313.683744.jpg
Cat3,15mph,lr,opposite,8,1625004313.7170773,/media/batool/MULTIMODAL_DATA/Multimodal_Data/Cat3/static_in_front/bag_files/Cat3_15mph_lr_opposite_8/camera_images/1625004313.7170773.jpg
Cat3,15mph,lr,opposite,8,1625004313.7504106,/media/batool/MULTIMODAL_DATA/Multimodal_Data/Cat3/static_in_front/bag_files/Cat3_15mph_lr_opposite_8/camera_images/1625004313.7504106.jpg
Cat3,15mph,lr,opposite,8,1625004313.7837439,/media/batool/MULTIMODAL_DATA/Multimodal_Data/Cat3/static_in_front/bag_files/Cat3_15mph_lr_opposite_8/camera_images/1625004313.7837439.jpg
Cat3,15mph,lr,opposite,8,1625004313.8504105,/media/batool/MULTIMODAL_DATA/Multimodal_Data/Cat3/static_in_front/bag_files/Cat3_15mph_lr_opposite_8/camera_images/1625004313.8504105.jpg
Cat3,15mph,lr,opposite,8,1625004313.8837438,/media/batool/MULTIMODAL_DATA/Multimodal_Data/Cat3/static_in_front/bag_files/Cat3_15mph_lr_opposite_8/camera_images/1625004313.8837438.jpg
Cat3,15mph,lr,opposite,8,1625004313.917077,/media/batool/MULTIMODAL_DATA/Multimodal_Data/Cat3/static_in_front/bag_files/Cat3_15mph_lr_opposite_8/camera_images/1625004313.917077.jpg
Cat3,15mph,lr,opposite,8,1625004313.9504104,/media/batool/MULTIMODAL_DATA/Multimodal_Data/Cat3/static_in_front/bag_files/Cat3_15mph_lr_opposite_8/camera_images/1625004313.9504104.jpg
Cat3,15mph,lr,opposite,8,1625004313.9837437,/media/batool/MULTIMODAL_DATA/Multimodal_Data/Cat3/static_in_front/bag_files/Cat3_15mph_lr_opposite_8/camera_images/1625004313.9837437.jpg
Cat3,15mph,lr,opposite,8,1625004314.017077,/media/batool/MULTIMODAL_DATA/Multimodal_Data/Cat3/static_in_front/bag_files/Cat3_15mph_lr_opposite_8/camera_images/1625004314.017077.jpg
Cat3,15mph,lr,opposite,8,1625004314.0504103,/media/batool/MULTIMODAL_DATA/Multimodal_Data/Cat3/static_in_front/bag_files/Cat3_15mph_lr_opposite_8/camera_images/1625004314.0504103.jpg
Cat3,15mph,lr,opposite,8,1625004314.0837436,/media/batool/MULTIMODAL_DATA/Multimodal_Data/Cat3/static_in_front/bag_files/Cat3_15mph_lr_opposite_8/camera_images/1625004314.0837436.jpg
Cat3,15mph,lr,opposite,8,1625004314.1170769,/media/batool/MULTIMODAL_DATA/Multimodal_Data/Cat3/static_in_front/bag_files/Cat3_15mph_lr_opposite_8/camera_images/1625004314.1170769.jpg
Cat3,15mph,lr,opposite,8,1625004314.1504102,/media/batool/MULTIMODAL_DATA/Multimodal_Data/Cat3/static_in_front/bag_files/Cat3_15mph_lr_opposite_8/camera_images/1625004314.1504102.jpg
Cat3,15mph,lr,opposite,8,1625004314.1837435,/media/batool/MULTIMODAL_DATA/Multimodal_Data/Cat3/static_in_front/bag_files/Cat3_15mph_lr_opposite_8/camera_images/1625004314.1837435.jpg
Cat3,15mph,lr,opposite,8,1625004314.2170768,/media/batool/MULTIMODAL_DATA/Multimodal_Data/Cat3/static_in_front/bag_files/Cat3_15mph_lr_opposite_8/camera_images/1625004314.2170768.jpg
Cat3,15mph,lr,opposite,8,1625004314.25041,/media/batool/MULTIMODAL_DATA/Multimodal_Data/Cat3/static_in_front/bag_files/Cat3_15mph_lr_opposite_8/camera_images/1625004314.25041.jpg
Cat3,15mph,lr,opposite,8,1625004314.2837434,/media/batool/MULTIMODAL_DATA/Multimodal_Data/Cat3/static_in_front/bag_files/Cat3_15mph_lr_opposite_8/camera_images/1625004314.2837434.jpg
Cat3,15mph,lr,opposite,8,1625004314.3170767,/media/batool/MULTIMODAL_DATA/Multimodal_Data/Cat3/static_in_front/bag_files/Cat3_15mph_lr_opposite_8/camera_images/1625004314.3170767.jpg
Cat3,15mph,lr,opposite,8,1625004314.3837433,/media/batool/MULTIMODAL_DATA/Multimodal_Data/Cat3/static_in_front/bag_files/Cat3_15mph_lr_opposite_8/camera_images/1625004314.3837433.jpg
Cat3,15mph,lr,opposite,8,1625004314.4170766,/media/batool/MULTIMODAL_DATA/Multimodal_Data/Cat3/static_in_front/bag_files/Cat3_15mph_lr_opposite_8/camera_images/1625004314.4170766.jpg
Cat3,15mph,lr,opposite,8,1625004314.45041,/media/batool/MULTIMODAL_DATA/Multimodal_Data/Cat3/static_in_front/bag_files/Cat3_15mph_lr_opposite_8/camera_images/1625004314.45041.jpg
Cat3,15mph,lr,opposite,8,1625004314.4837432,/media/batool/MULTIMODAL_DATA/Multimodal_Data/Cat3/static_in_front/bag_files/Cat3_15mph_lr_opposite_8/camera_images/1625004314.4837432.jpg
Cat3,15mph,lr,opposite,8,1625004314.5170765,/media/batool/MULTIMODAL_DATA/Multimodal_Data/Cat3/static_in_front/bag_files/Cat3_15mph_lr_opposite_8/camera_images/1625004314.5170765.jpg
Cat3,15mph,lr,opposite,8,1625004314.5504098,/media/batool/MULTIMODAL_DATA/Multimodal_Data/Cat3/static_in_front/bag_files/Cat3_15mph_lr_opposite_8/camera_images/1625004314.5504098.jpg
Cat3,15mph,lr,opposite,8,1625004314.583743,/media/batool/MULTIMODAL_DATA/Multimodal_Data/Cat3/static_in_front/bag_files/Cat3_15mph_lr_opposite_8/camera_images/1625004314.583743.jpg
Cat3,15mph,lr,opposite,8,1625004314.6170764,/media/batool/MULTIMODAL_DATA/Multimodal_Data/Cat3/static_in_front/bag_files/Cat3_15mph_lr_opposite_8/camera_images/1625004314.6170764.jpg
Cat3,15mph,lr,opposite,8,1625004314.6504097,/media/batool/MULTIMODAL_DATA/Multimodal_Data/Cat3/static_in_front/bag_files/Cat3_15mph_lr_opposite_8/camera_images/1625004314.6504097.jpg
Cat3,15mph,lr,opposite,8,1625004314.683743,/media/batool/MULTIMODAL_DATA/Multimodal_Data/Cat3/static_in_front/bag_files/Cat3_15mph_lr_opposite_8/camera_images/1625004314.683743.jpg
Cat3,15mph,lr,opposite,8,1625004314.7170763,/media/batool/MULTIMODAL_DATA/Multimodal_Data/Cat3/static_in_front/bag_files/Cat3_15mph_lr_opposite_8/camera_images/1625004314.7170763.jpg
Cat3,15mph,lr,opposite,8,1625004314.7504096,/media/batool/MULTIMODAL_DATA/Multimodal_Data/Cat3/static_in_front/bag_files/Cat3_15mph_lr_opposite_8/camera_images/1625004314.7504096.jpg
Cat3,15mph,lr,opposite,8,1625004314.783743,/media/batool/MULTIMODAL_DATA/Multimodal_Data/Cat3/static_in_front/bag_files/Cat3_15mph_lr_opposite_8/camera_images/1625004314.783743.jpg
Cat3,15mph,lr,opposite,8,1625004314.8170762,/media/batool/MULTIMODAL_DATA/Multimodal_Data/Cat3/static_in_front/bag_files/Cat3_15mph_lr_opposite_8/camera_images/1625004314.8170762.jpg
Cat3,15mph,lr,opposite,8,1625004314.8504095,/media/batool/MULTIMODAL_DATA/Multimodal_Data/Cat3/static_in_front/bag_files/Cat3_15mph_lr_opposite_8/camera_images/1625004314.8504095.jpg
Cat3,15mph,lr,opposite,8,1625004314.917076,/media/batool/MULTIMODAL_DATA/Multimodal_Data/Cat3/static_in_front/bag_files/Cat3_15mph_lr_opposite_8/camera_images/1625004314.917076.jpg
Cat3,15mph,lr,opposite,8,1625004314.9504094,/media/batool/MULTIMODAL_DATA/Multimodal_Data/Cat3/static_in_front/bag_files/Cat3_15mph_lr_opposite_8/camera_images/1625004314.9504094.jpg
Cat3,15mph,lr,opposite,8,1625004314.9837427,/media/batool/MULTIMODAL_DATA/Multimodal_Data/Cat3/static_in_front/bag_files/Cat3_15mph_lr_opposite_8/camera_images/1625004314.9837427.jpg
Cat3,15mph,lr,opposite,8,1625004315.017076,/media/batool/MULTIMODAL_DATA/Multimodal_Data/Cat3/static_in_front/bag_files/Cat3_15mph_lr_opposite_8/camera_images/1625004315.017076.jpg
Cat3,15mph,lr,opposite,8,1625004315.0504093,/media/batool/MULTIMODAL_DATA/Multimodal_Data/Cat3/static_in_front/bag_files/Cat3_15mph_lr_opposite_8/camera_images/1625004315.0504093.jpg
Cat3,15mph,lr,opposite,8,1625004315.0837426,/media/batool/MULTIMODAL_DATA/Multimodal_Data/Cat3/static_in_front/bag_files/Cat3_15mph_lr_opposite_8/camera_images/1625004315.0837426.jpg
Cat3,15mph,lr,opposite,8,1625004315.117076,/media/batool/MULTIMODAL_DATA/Multimodal_Data/Cat3/static_in_front/bag_files/Cat3_15mph_lr_opposite_8/camera_images/1625004315.117076.jpg
Cat3,15mph,lr,opposite,8,1625004315.1504092,/media/batool/MULTIMODAL_DATA/Multimodal_Data/Cat3/static_in_front/bag_files/Cat3_15mph_lr_opposite_8/camera_images/1625004315.1504092.jpg
Cat3,15mph,lr,opposite,8,1625004315.1837425,/media/batool/MULTIMODAL_DATA/Multimodal_Data/Cat3/static_in_front/bag_files/Cat3_15mph_lr_opposite_8/camera_images/1625004315.1837425.jpg
Cat3,15mph,lr,opposite,8,1625004315.2170758,/media/batool/MULTIMODAL_DATA/Multimodal_Data/Cat3/static_in_front/bag_files/Cat3_15mph_lr_opposite_8/camera_images/1625004315.2170758.jpg
Cat3,15mph,lr,opposite,8,1625004315.2504091,/media/batool/MULTIMODAL_DATA/Multimodal_Data/Cat3/static_in_front/bag_files/Cat3_15mph_lr_opposite_8/camera_images/1625004315.2504091.jpg
Cat3,15mph,lr,opposite,8,1625004315.2837424,/media/batool/MULTIMODAL_DATA/Multimodal_Data/Cat3/static_in_front/bag_files/Cat3_15mph_lr_opposite_8/camera_images/1625004315.2837424.jpg
Cat3,15mph,lr,opposite,8,1625004315.3170757,/media/batool/MULTIMODAL_DATA/Multimodal_Data/Cat3/static_in_front/bag_files/Cat3_15mph_lr_opposite_8/camera_images/1625004315.3170757.jpg
Cat3,15mph,lr,opposite,8,1625004315.350409,/media/batool/MULTIMODAL_DATA/Multimodal_Data/Cat3/static_in_front/bag_files/Cat3_15mph_lr_opposite_8/camera_images/1625004315.350409.jpg
Cat3,15mph,lr,opposite,8,1625004315.3837423,/media/batool/MULTIMODAL_DATA/Multimodal_Data/Cat3/static_in_front/bag_files/Cat3_15mph_lr_opposite_8/camera_images/1625004315.3837423.jpg
Cat3,15mph,lr,opposite,8,1625004315.450409,/media/batool/MULTIMODAL_DATA/Multimodal_Data/Cat3/static_in_front/bag_files/Cat3_15mph_lr_opposite_8/camera_images/1625004315.450409.jpg
Cat3,15mph,lr,opposite,8,1625004315.4837422,/media/batool/MULTIMODAL_DATA/Multimodal_Data/Cat3/static_in_front/bag_files/Cat3_15mph_lr_opposite_8/camera_images/1625004315.4837422.jpg
Cat3,15mph,lr,opposite,8,1625004315.5170755,/media/batool/MULTIMODAL_DATA/Multimodal_Data/Cat3/static_in_front/bag_files/Cat3_15mph_lr_opposite_8/camera_images/1625004315.5170755.jpg
Cat3,15mph,lr,opposite,8,1625004315.5504088,/media/batool/MULTIMODAL_DATA/Multimodal_Data/Cat3/static_in_front/bag_files/Cat3_15mph_lr_opposite_8/camera_images/1625004315.5504088.jpg
Cat3,15mph,lr,opposite,8,1625004315.5837421,/media/batool/MULTIMODAL_DATA/Multimodal_Data/Cat3/static_in_front/bag_files/Cat3_15mph_lr_opposite_8/camera_images/1625004315.5837421.jpg
Cat3,15mph,lr,opposite,8,1625004315.6170754,/media/batool/MULTIMODAL_DATA/Multimodal_Data/Cat3/static_in_front/bag_files/Cat3_15mph_lr_opposite_8/camera_images/1625004315.6170754.jpg
Cat3,15mph,lr,opposite,8,1625004315.6504087,/media/batool/MULTIMODAL_DATA/Multimodal_Data/Cat3/static_in_front/bag_files/Cat3_15mph_lr_opposite_8/camera_images/1625004315.6504087.jpg
Cat3,15mph,lr,opposite,8,1625004315.683742,/media/batool/MULTIMODAL_DATA/Multimodal_Data/Cat3/static_in_front/bag_files/Cat3_15mph_lr_opposite_8/camera_images/1625004315.683742.jpg
Cat3,15mph,lr,opposite,8,1625004315.7170753,/media/batool/MULTIMODAL_DATA/Multimodal_Data/Cat3/static_in_front/bag_files/Cat3_15mph_lr_opposite_8/camera_images/1625004315.7170753.jpg
Cat3,15mph,lr,opposite,8,1625004315.7504086,/media/batool/MULTIMODAL_DATA/Multimodal_Data/Cat3/static_in_front/bag_files/Cat3_15mph_lr_opposite_8/camera_images/1625004315.7504086.jpg
Cat3,15mph,lr,opposite,8,1625004315.783742,/media/batool/MULTIMODAL_DATA/Multimodal_Data/Cat3/static_in_front/bag_files/Cat3_15mph_lr_opposite_8/camera_images/1625004315.783742.jpg
Cat3,15mph,lr,opposite,8,1625004315.8170753,/media/batool/MULTIMODAL_DATA/Multimodal_Data/Cat3/static_in_front/bag_files/Cat3_15mph_lr_opposite_8/camera_images/1625004315.8170753.jpg
Cat3,15mph,lr,opposite,8,1625004315.8504086,/media/batool/MULTIMODAL_DATA/Multimodal_Data/Cat3/static_in_front/bag_files/Cat3_15mph_lr_opposite_8/camera_images/1625004315.8504086.jpg
Cat3,15mph,lr,opposite,8,1625004315.8837419,/media/batool/MULTIMODAL_DATA/Multimodal_Data/Cat3/static_in_front/bag_files/Cat3_15mph_lr_opposite_8/camera_images/1625004315.8837419.jpg
Cat3,15mph,lr,opposite,8,1625004315.9170752,/media/batool/MULTIMODAL_DATA/Multimodal_Data/Cat3/static_in_front/bag_files/Cat3_15mph_lr_opposite_8/camera_images/1625004315.9170752.jpg
Cat3,15mph,lr,opposite,8,1625004315.9837418,/media/batool/MULTIMODAL_DATA/Multimodal_Data/Cat3/static_in_front/bag_files/Cat3_15mph_lr_opposite_8/camera_images/1625004315.9837418.jpg
Cat3,15mph,lr,opposite,8,1625004316.017075,/media/batool/MULTIMODAL_DATA/Multimodal_Data/Cat3/static_in_front/bag_files/Cat3_15mph_lr_opposite_8/camera_images/1625004316.017075.jpg
Cat3,15mph,lr,opposite,8,1625004316.0504084,/media/batool/MULTIMODAL_DATA/Multimodal_Data/Cat3/static_in_front/bag_files/Cat3_15mph_lr_opposite_8/camera_images/1625004316.0504084.jpg
Cat3,15mph,lr,opposite,8,1625004316.0837417,/media/batool/MULTIMODAL_DATA/Multimodal_Data/Cat3/static_in_front/bag_files/Cat3_15mph_lr_opposite_8/camera_images/1625004316.0837417.jpg
Cat3,15mph,lr,opposite,8,1625004316.117075,/media/batool/MULTIMODAL_DATA/Multimodal_Data/Cat3/static_in_front/bag_files/Cat3_15mph_lr_opposite_8/camera_images/1625004316.117075.jpg
Cat3,15mph,lr,opposite,8,1625004316.1504083,/media/batool/MULTIMODAL_DATA/Multimodal_Data/Cat3/static_in_front/bag_files/Cat3_15mph_lr_opposite_8/camera_images/1625004316.1504083.jpg
Cat3,15mph,lr,opposite,8,1625004316.1837416,/media/batool/MULTIMODAL_DATA/Multimodal_Data/Cat3/static_in_front/bag_files/Cat3_15mph_lr_opposite_8/camera_images/1625004316.1837416.jpg
Cat3,15mph,lr,opposite,8,1625004316.2170749,/media/batool/MULTIMODAL_DATA/Multimodal_Data/Cat3/static_in_front/bag_files/Cat3_15mph_lr_opposite_8/camera_images/1625004316.2170749.jpg
Cat3,15mph,lr,opposite,8,1625004316.2504082,/media/batool/MULTIMODAL_DATA/Multimodal_Data/Cat3/static_in_front/bag_files/Cat3_15mph_lr_opposite_8/camera_images/1625004316.2504082.jpg
Cat3,15mph,lr,opposite,8,1625004316.2837415,/media/batool/MULTIMODAL_DATA/Multimodal_Data/Cat3/static_in_front/bag_files/Cat3_15mph_lr_opposite_8/camera_images/1625004316.2837415.jpg
Cat3,15mph,lr,opposite,8,1625004316.3170748,/media/batool/MULTIMODAL_DATA/Multimodal_Data/Cat3/static_in_front/bag_files/Cat3_15mph_lr_opposite_8/camera_images/1625004316.3170748.jpg
Cat3,15mph,lr,opposite,8,1625004316.350408,/media/batool/MULTIMODAL_DATA/Multimodal_Data/Cat3/static_in_front/bag_files/Cat3_15mph_lr_opposite_8/camera_images/1625004316.350408.jpg
Cat3,15mph,lr,opposite,8,1625004316.3837414,/media/batool/MULTIMODAL_DATA/Multimodal_Data/Cat3/static_in_front/bag_files/Cat3_15mph_lr_opposite_8/camera_images/1625004316.3837414.jpg
Cat3,15mph,lr,opposite,8,1625004316.4170747,/media/batool/MULTIMODAL_DATA/Multimodal_Data/Cat3/static_in_front/bag_files/Cat3_15mph_lr_opposite_8/camera_images/1625004316.4170747.jpg
Cat3,15mph,lr,opposite,8,1625004316.450408,/media/batool/MULTIMODAL_DATA/Multimodal_Data/Cat3/static_in_front/bag_files/Cat3_15mph_lr_opposite_8/camera_images/1625004316.450408.jpg
Cat3,15mph,lr,opposite,8,1625004316.5170746,/media/batool/MULTIMODAL_DATA/Multimodal_Data/Cat3/static_in_front/bag_files/Cat3_15mph_lr_opposite_8/camera_images/1625004316.5170746.jpg
Cat3,15mph,lr,opposite,8,1625004316.550408,/media/batool/MULTIMODAL_DATA/Multimodal_Data/Cat3/static_in_front/bag_files/Cat3_15mph_lr_opposite_8/camera_images/1625004316.550408.jpg
Cat3,15mph,lr,opposite,8,1625004316.5837412,/media/batool/MULTIMODAL_DATA/Multimodal_Data/Cat3/static_in_front/bag_files/Cat3_15mph_lr_opposite_8/camera_images/1625004316.5837412.jpg
Cat3,15mph,lr,opposite,8,1625004316.6170745,/media/batool/MULTIMODAL_DATA/Multimodal_Data/Cat3/static_in_front/bag_files/Cat3_15mph_lr_opposite_8/camera_images/1625004316.6170745.jpg
Cat3,15mph,lr,opposite,8,1625004316.6504078,/media/batool/MULTIMODAL_DATA/Multimodal_Data/Cat3/static_in_front/bag_files/Cat3_15mph_lr_opposite_8/camera_images/1625004316.6504078.jpg
Cat3,15mph,lr,opposite,8,1625004316.683741,/media/batool/MULTIMODAL_DATA/Multimodal_Data/Cat3/static_in_front/bag_files/Cat3_15mph_lr_opposite_8/camera_images/1625004316.683741.jpg
Cat3,15mph,lr,opposite,8,1625004316.7170744,/media/batool/MULTIMODAL_DATA/Multimodal_Data/Cat3/static_in_front/bag_files/Cat3_15mph_lr_opposite_8/camera_images/1625004316.7170744.jpg
Cat3,15mph,lr,opposite,8,1625004316.7504077,/media/batool/MULTIMODAL_DATA/Multimodal_Data/Cat3/static_in_front/bag_files/Cat3_15mph_lr_opposite_8/camera_images/1625004316.7504077.jpg
Cat3,15mph,lr,opposite,8,1625004316.783741,/media/batool/MULTIMODAL_DATA/Multimodal_Data/Cat3/static_in_front/bag_files/Cat3_15mph_lr_opposite_8/camera_images/1625004316.783741.jpg
Cat3,15mph,lr,opposite,8,1625004316.8170743,/media/batool/MULTIMODAL_DATA/Multimodal_Data/Cat3/static_in_front/bag_files/Cat3_15mph_lr_opposite_8/camera_images/1625004316.8170743.jpg
Cat3,15mph,lr,opposite,8,1625004316.8504076,/media/batool/MULTIMODAL_DATA/Multimodal_Data/Cat3/static_in_front/bag_files/Cat3_15mph_lr_opposite_8/camera_images/1625004316.8504076.jpg
Cat3,15mph,lr,opposite,8,1625004316.883741,/media/batool/MULTIMODAL_DATA/Multimodal_Data/Cat3/static_in_front/bag_files/Cat3_15mph_lr_opposite_8/camera_images/1625004316.883741.jpg
Cat3,15mph,lr,opposite,8,1625004316.9170742,/media/batool/MULTIMODAL_DATA/Multimodal_Data/Cat3/static_in_front/bag_files/Cat3_15mph_lr_opposite_8/camera_images/1625004316.9170742.jpg
Cat3,15mph,lr,opposite,8,1625004316.9504075,/media/batool/MULTIMODAL_DATA/Multimodal_Data/Cat3/static_in_front/bag_files/Cat3_15mph_lr_opposite_8/camera_images/1625004316.9504075.jpg
Cat3,15mph,lr,opposite,8,1625004316.9837408,/media/batool/MULTIMODAL_DATA/Multimodal_Data/Cat3/static_in_front/bag_files/Cat3_15mph_lr_opposite_8/camera_images/1625004316.9837408.jpg
Cat3,15mph,lr,opposite,8,1625004317.0504074,/media/batool/MULTIMODAL_DATA/Multimodal_Data/Cat3/static_in_front/bag_files/Cat3_15mph_lr_opposite_8/camera_images/1625004317.0504074.jpg
Cat3,15mph,lr,opposite,8,1625004317.0837407,/media/batool/MULTIMODAL_DATA/Multimodal_Data/Cat3/static_in_front/bag_files/Cat3_15mph_lr_opposite_8/camera_images/1625004317.0837407.jpg
Cat3,15mph,lr,opposite,8,1625004317.117074,/media/batool/MULTIMODAL_DATA/Multimodal_Data/Cat3/static_in_front/bag_files/Cat3_15mph_lr_opposite_8/camera_images/1625004317.117074.jpg
Cat3,15mph,lr,opposite,8,1625004317.1504073,/media/batool/MULTIMODAL_DATA/Multimodal_Data/Cat3/static_in_front/bag_files/Cat3_15mph_lr_opposite_8/camera_images/1625004317.1504073.jpg
Cat3,15mph,lr,opposite,8,1625004317.1837406,/media/batool/MULTIMODAL_DATA/Multimodal_Data/Cat3/static_in_front/bag_files/Cat3_15mph_lr_opposite_8/camera_images/1625004317.1837406.jpg
Cat3,15mph,lr,opposite,8,1625004317.217074,/media/batool/MULTIMODAL_DATA/Multimodal_Data/Cat3/static_in_front/bag_files/Cat3_15mph_lr_opposite_8/camera_images/1625004317.217074.jpg
Cat3,15mph,lr,opposite,8,1625004317.2504072,/media/batool/MULTIMODAL_DATA/Multimodal_Data/Cat3/static_in_front/bag_files/Cat3_15mph_lr_opposite_8/camera_images/1625004317.2504072.jpg
Cat3,15mph,lr,opposite,8,1625004317.2837405,/media/batool/MULTIMODAL_DATA/Multimodal_Data/Cat3/static_in_front/bag_files/Cat3_15mph_lr_opposite_8/camera_images/1625004317.2837405.jpg
Cat3,15mph,lr,opposite,8,1625004317.3170738,/media/batool/MULTIMODAL_DATA/Multimodal_Data/Cat3/static_in_front/bag_files/Cat3_15mph_lr_opposite_8/camera_images/1625004317.3170738.jpg
Cat3,15mph,lr,opposite,8,1625004317.3504071,/media/batool/MULTIMODAL_DATA/Multimodal_Data/Cat3/static_in_front/bag_files/Cat3_15mph_lr_opposite_8/camera_images/1625004317.3504071.jpg
Cat3,15mph,lr,opposite,8,1625004317.3837404,/media/batool/MULTIMODAL_DATA/Multimodal_Data/Cat3/static_in_front/bag_files/Cat3_15mph_lr_opposite_8/camera_images/1625004317.3837404.jpg
Cat3,15mph,lr,opposite,8,1625004317.4170737,/media/batool/MULTIMODAL_DATA/Multimodal_Data/Cat3/static_in_front/bag_files/Cat3_15mph_lr_opposite_8/camera_images/1625004317.4170737.jpg
Cat3,15mph,lr,opposite,8,1625004317.450407,/media/batool/MULTIMODAL_DATA/Multimodal_Data/Cat3/static_in_front/bag_files/Cat3_15mph_lr_opposite_8/camera_images/1625004317.450407.jpg
Cat3,15mph,lr,opposite,8,1625004317.4837403,/media/batool/MULTIMODAL_DATA/Multimodal_Data/Cat3/static_in_front/bag_files/Cat3_15mph_lr_opposite_8/camera_images/1625004317.4837403.jpg
Cat3,15mph,lr,opposite,8,1625004317.5170736,/media/batool/MULTIMODAL_DATA/Multimodal_Data/Cat3/static_in_front/bag_files/Cat3_15mph_lr_opposite_8/camera_images/1625004317.5170736.jpg
Cat3,15mph,lr,opposite,8,1625004317.550407,/media/batool/MULTIMODAL_DATA/Multimodal_Data/Cat3/static_in_front/bag_files/Cat3_15mph_lr_opposite_8/camera_images/1625004317.550407.jpg
Cat3,15mph,lr,opposite,8,1625004317.5837402,/media/batool/MULTIMODAL_DATA/Multimodal_Data/Cat3/static_in_front/bag_files/Cat3_15mph_lr_opposite_8/camera_images/1625004317.5837402.jpg
Cat3,15mph,lr,opposite,8,1625004317.6170735,/media/batool/MULTIMODAL_DATA/Multimodal_Data/Cat3/static_in_front/bag_files/Cat3_15mph_lr_opposite_8/camera_images/1625004317.6170735.jpg
Cat3,15mph,lr,opposite,8,1625004317.6504068,/media/batool/MULTIMODAL_DATA/Multimodal_Data/Cat3/static_in_front/bag_files/Cat3_15mph_lr_opposite_8/camera_images/1625004317.6504068.jpg
Cat3,15mph,lr,opposite,8,1625004317.6837401,/media/batool/MULTIMODAL_DATA/Multimodal_Data/Cat3/static_in_front/bag_files/Cat3_15mph_lr_opposite_8/camera_images/1625004317.6837401.jpg
Cat3,15mph,lr,opposite,8,1625004317.7170734,/media/batool/MULTIMODAL_DATA/Multimodal_Data/Cat3/static_in_front/bag_files/Cat3_15mph_lr_opposite_8/camera_images/1625004317.7170734.jpg
Cat3,15mph,lr,opposite,8,1625004317.7504067,/media/batool/MULTIMODAL_DATA/Multimodal_Data/Cat3/static_in_front/bag_files/Cat3_15mph_lr_opposite_8/camera_images/1625004317.7504067.jpg
