Category,speed,direction,lane,episode,Time header,Image_path
Cat1,20mph,lr,opposite,0,1624829162.2305336,/media/batool/MULTIMODAL_DATA/Multimodal_Data/Cat1/opposite/bag_files/Cat1_20mph_lr_opposite_0/camera_images/1624829162.2305336.jpg
Cat1,20mph,lr,opposite,0,1624829162.263867,/media/batool/MULTIMODAL_DATA/Multimodal_Data/Cat1/opposite/bag_files/Cat1_20mph_lr_opposite_0/camera_images/1624829162.263867.jpg
Cat1,20mph,lr,opposite,0,1624829162.2972002,/media/batool/MULTIMODAL_DATA/Multimodal_Data/Cat1/opposite/bag_files/Cat1_20mph_lr_opposite_0/camera_images/1624829162.2972002.jpg
Cat1,20mph,lr,opposite,0,1624829162.3305335,/media/batool/MULTIMODAL_DATA/Multimodal_Data/Cat1/opposite/bag_files/Cat1_20mph_lr_opposite_0/camera_images/1624829162.3305335.jpg
Cat1,20mph,lr,opposite,0,1624829162.3638668,/media/batool/MULTIMODAL_DATA/Multimodal_Data/Cat1/opposite/bag_files/Cat1_20mph_lr_opposite_0/camera_images/1624829162.3638668.jpg
Cat1,20mph,lr,opposite,0,1624829162.3972,/media/batool/MULTIMODAL_DATA/Multimodal_Data/Cat1/opposite/bag_files/Cat1_20mph_lr_opposite_0/camera_images/1624829162.3972.jpg
Cat1,20mph,lr,opposite,0,1624829162.4305334,/media/batool/MULTIMODAL_DATA/Multimodal_Data/Cat1/opposite/bag_files/Cat1_20mph_lr_opposite_0/camera_images/1624829162.4305334.jpg
Cat1,20mph,lr,opposite,0,1624829162.4638667,/media/batool/MULTIMODAL_DATA/Multimodal_Data/Cat1/opposite/bag_files/Cat1_20mph_lr_opposite_0/camera_images/1624829162.4638667.jpg
Cat1,20mph,lr,opposite,0,1624829162.4972,/media/batool/MULTIMODAL_DATA/Multimodal_Data/Cat1/opposite/bag_files/Cat1_20mph_lr_opposite_0/camera_images/1624829162.4972.jpg
Cat1,20mph,lr,opposite,0,1624829162.5305333,/media/batool/MULTIMODAL_DATA/Multimodal_Data/Cat1/opposite/bag_files/Cat1_20mph_lr_opposite_0/camera_images/1624829162.5305333.jpg
Cat1,20mph,lr,opposite,0,1624829162.5638666,/media/batool/MULTIMODAL_DATA/Multimodal_Data/Cat1/opposite/bag_files/Cat1_20mph_lr_opposite_0/camera_images/1624829162.5638666.jpg
Cat1,20mph,lr,opposite,0,1624829162.5972,/media/batool/MULTIMODAL_DATA/Multimodal_Data/Cat1/opposite/bag_files/Cat1_20mph_lr_opposite_0/camera_images/1624829162.5972.jpg
Cat1,20mph,lr,opposite,0,1624829162.6305332,/media/batool/MULTIMODAL_DATA/Multimodal_Data/Cat1/opposite/bag_files/Cat1_20mph_lr_opposite_0/camera_images/1624829162.6305332.jpg
Cat1,20mph,lr,opposite,0,1624829162.6638665,/media/batool/MULTIMODAL_DATA/Multimodal_Data/Cat1/opposite/bag_files/Cat1_20mph_lr_opposite_0/camera_images/1624829162.6638665.jpg
Cat1,20mph,lr,opposite,0,1624829162.6971998,/media/batool/MULTIMODAL_DATA/Multimodal_Data/Cat1/opposite/bag_files/Cat1_20mph_lr_opposite_0/camera_images/1624829162.6971998.jpg
Cat1,20mph,lr,opposite,0,1624829162.7638664,/media/batool/MULTIMODAL_DATA/Multimodal_Data/Cat1/opposite/bag_files/Cat1_20mph_lr_opposite_0/camera_images/1624829162.7638664.jpg
Cat1,20mph,lr,opposite,0,1624829162.7971997,/media/batool/MULTIMODAL_DATA/Multimodal_Data/Cat1/opposite/bag_files/Cat1_20mph_lr_opposite_0/camera_images/1624829162.7971997.jpg
Cat1,20mph,lr,opposite,0,1624829162.830533,/media/batool/MULTIMODAL_DATA/Multimodal_Data/Cat1/opposite/bag_files/Cat1_20mph_lr_opposite_0/camera_images/1624829162.830533.jpg
Cat1,20mph,lr,opposite,0,1624829162.8638663,/media/batool/MULTIMODAL_DATA/Multimodal_Data/Cat1/opposite/bag_files/Cat1_20mph_lr_opposite_0/camera_images/1624829162.8638663.jpg
Cat1,20mph,lr,opposite,0,1624829162.8971996,/media/batool/MULTIMODAL_DATA/Multimodal_Data/Cat1/opposite/bag_files/Cat1_20mph_lr_opposite_0/camera_images/1624829162.8971996.jpg
Cat1,20mph,lr,opposite,0,1624829162.930533,/media/batool/MULTIMODAL_DATA/Multimodal_Data/Cat1/opposite/bag_files/Cat1_20mph_lr_opposite_0/camera_images/1624829162.930533.jpg
Cat1,20mph,lr,opposite,0,1624829162.9638662,/media/batool/MULTIMODAL_DATA/Multimodal_Data/Cat1/opposite/bag_files/Cat1_20mph_lr_opposite_0/camera_images/1624829162.9638662.jpg
Cat1,20mph,lr,opposite,0,1624829162.9971995,/media/batool/MULTIMODAL_DATA/Multimodal_Data/Cat1/opposite/bag_files/Cat1_20mph_lr_opposite_0/camera_images/1624829162.9971995.jpg
Cat1,20mph,lr,opposite,0,1624829163.0305328,/media/batool/MULTIMODAL_DATA/Multimodal_Data/Cat1/opposite/bag_files/Cat1_20mph_lr_opposite_0/camera_images/1624829163.0305328.jpg
Cat1,20mph,lr,opposite,0,1624829163.0638661,/media/batool/MULTIMODAL_DATA/Multimodal_Data/Cat1/opposite/bag_files/Cat1_20mph_lr_opposite_0/camera_images/1624829163.0638661.jpg
Cat1,20mph,lr,opposite,0,1624829163.0971994,/media/batool/MULTIMODAL_DATA/Multimodal_Data/Cat1/opposite/bag_files/Cat1_20mph_lr_opposite_0/camera_images/1624829163.0971994.jpg
Cat1,20mph,lr,opposite,0,1624829163.1305327,/media/batool/MULTIMODAL_DATA/Multimodal_Data/Cat1/opposite/bag_files/Cat1_20mph_lr_opposite_0/camera_images/1624829163.1305327.jpg
Cat1,20mph,lr,opposite,0,1624829163.163866,/media/batool/MULTIMODAL_DATA/Multimodal_Data/Cat1/opposite/bag_files/Cat1_20mph_lr_opposite_0/camera_images/1624829163.163866.jpg
Cat1,20mph,lr,opposite,0,1624829163.1971993,/media/batool/MULTIMODAL_DATA/Multimodal_Data/Cat1/opposite/bag_files/Cat1_20mph_lr_opposite_0/camera_images/1624829163.1971993.jpg
Cat1,20mph,lr,opposite,0,1624829163.2305326,/media/batool/MULTIMODAL_DATA/Multimodal_Data/Cat1/opposite/bag_files/Cat1_20mph_lr_opposite_0/camera_images/1624829163.2305326.jpg
Cat1,20mph,lr,opposite,0,1624829163.2971992,/media/batool/MULTIMODAL_DATA/Multimodal_Data/Cat1/opposite/bag_files/Cat1_20mph_lr_opposite_0/camera_images/1624829163.2971992.jpg
Cat1,20mph,lr,opposite,0,1624829163.3305326,/media/batool/MULTIMODAL_DATA/Multimodal_Data/Cat1/opposite/bag_files/Cat1_20mph_lr_opposite_0/camera_images/1624829163.3305326.jpg
Cat1,20mph,lr,opposite,0,1624829163.3638659,/media/batool/MULTIMODAL_DATA/Multimodal_Data/Cat1/opposite/bag_files/Cat1_20mph_lr_opposite_0/camera_images/1624829163.3638659.jpg
Cat1,20mph,lr,opposite,0,1624829163.3971992,/media/batool/MULTIMODAL_DATA/Multimodal_Data/Cat1/opposite/bag_files/Cat1_20mph_lr_opposite_0/camera_images/1624829163.3971992.jpg
Cat1,20mph,lr,opposite,0,1624829163.4305325,/media/batool/MULTIMODAL_DATA/Multimodal_Data/Cat1/opposite/bag_files/Cat1_20mph_lr_opposite_0/camera_images/1624829163.4305325.jpg
Cat1,20mph,lr,opposite,0,1624829163.4638658,/media/batool/MULTIMODAL_DATA/Multimodal_Data/Cat1/opposite/bag_files/Cat1_20mph_lr_opposite_0/camera_images/1624829163.4638658.jpg
Cat1,20mph,lr,opposite,0,1624829163.497199,/media/batool/MULTIMODAL_DATA/Multimodal_Data/Cat1/opposite/bag_files/Cat1_20mph_lr_opposite_0/camera_images/1624829163.497199.jpg
Cat1,20mph,lr,opposite,0,1624829163.5305324,/media/batool/MULTIMODAL_DATA/Multimodal_Data/Cat1/opposite/bag_files/Cat1_20mph_lr_opposite_0/camera_images/1624829163.5305324.jpg
Cat1,20mph,lr,opposite,0,1624829163.5638657,/media/batool/MULTIMODAL_DATA/Multimodal_Data/Cat1/opposite/bag_files/Cat1_20mph_lr_opposite_0/camera_images/1624829163.5638657.jpg
Cat1,20mph,lr,opposite,0,1624829163.597199,/media/batool/MULTIMODAL_DATA/Multimodal_Data/Cat1/opposite/bag_files/Cat1_20mph_lr_opposite_0/camera_images/1624829163.597199.jpg
Cat1,20mph,lr,opposite,0,1624829163.6305323,/media/batool/MULTIMODAL_DATA/Multimodal_Data/Cat1/opposite/bag_files/Cat1_20mph_lr_opposite_0/camera_images/1624829163.6305323.jpg
Cat1,20mph,lr,opposite,0,1624829163.6638656,/media/batool/MULTIMODAL_DATA/Multimodal_Data/Cat1/opposite/bag_files/Cat1_20mph_lr_opposite_0/camera_images/1624829163.6638656.jpg
Cat1,20mph,lr,opposite,0,1624829163.6971989,/media/batool/MULTIMODAL_DATA/Multimodal_Data/Cat1/opposite/bag_files/Cat1_20mph_lr_opposite_0/camera_images/1624829163.6971989.jpg
Cat1,20mph,lr,opposite,0,1624829163.7305322,/media/batool/MULTIMODAL_DATA/Multimodal_Data/Cat1/opposite/bag_files/Cat1_20mph_lr_opposite_0/camera_images/1624829163.7305322.jpg
Cat1,20mph,lr,opposite,0,1624829163.7638655,/media/batool/MULTIMODAL_DATA/Multimodal_Data/Cat1/opposite/bag_files/Cat1_20mph_lr_opposite_0/camera_images/1624829163.7638655.jpg
Cat1,20mph,lr,opposite,0,1624829163.830532,/media/batool/MULTIMODAL_DATA/Multimodal_Data/Cat1/opposite/bag_files/Cat1_20mph_lr_opposite_0/camera_images/1624829163.830532.jpg
Cat1,20mph,lr,opposite,0,1624829163.8638654,/media/batool/MULTIMODAL_DATA/Multimodal_Data/Cat1/opposite/bag_files/Cat1_20mph_lr_opposite_0/camera_images/1624829163.8638654.jpg
Cat1,20mph,lr,opposite,0,1624829163.8971987,/media/batool/MULTIMODAL_DATA/Multimodal_Data/Cat1/opposite/bag_files/Cat1_20mph_lr_opposite_0/camera_images/1624829163.8971987.jpg
Cat1,20mph,lr,opposite,0,1624829163.930532,/media/batool/MULTIMODAL_DATA/Multimodal_Data/Cat1/opposite/bag_files/Cat1_20mph_lr_opposite_0/camera_images/1624829163.930532.jpg
Cat1,20mph,lr,opposite,0,1624829163.9638653,/media/batool/MULTIMODAL_DATA/Multimodal_Data/Cat1/opposite/bag_files/Cat1_20mph_lr_opposite_0/camera_images/1624829163.9638653.jpg
Cat1,20mph,lr,opposite,0,1624829163.9971986,/media/batool/MULTIMODAL_DATA/Multimodal_Data/Cat1/opposite/bag_files/Cat1_20mph_lr_opposite_0/camera_images/1624829163.9971986.jpg
Cat1,20mph,lr,opposite,0,1624829164.030532,/media/batool/MULTIMODAL_DATA/Multimodal_Data/Cat1/opposite/bag_files/Cat1_20mph_lr_opposite_0/camera_images/1624829164.030532.jpg
Cat1,20mph,lr,opposite,0,1624829164.0638652,/media/batool/MULTIMODAL_DATA/Multimodal_Data/Cat1/opposite/bag_files/Cat1_20mph_lr_opposite_0/camera_images/1624829164.0638652.jpg
Cat1,20mph,lr,opposite,0,1624829164.0971985,/media/batool/MULTIMODAL_DATA/Multimodal_Data/Cat1/opposite/bag_files/Cat1_20mph_lr_opposite_0/camera_images/1624829164.0971985.jpg
Cat1,20mph,lr,opposite,0,1624829164.1305318,/media/batool/MULTIMODAL_DATA/Multimodal_Data/Cat1/opposite/bag_files/Cat1_20mph_lr_opposite_0/camera_images/1624829164.1305318.jpg
Cat1,20mph,lr,opposite,0,1624829164.163865,/media/batool/MULTIMODAL_DATA/Multimodal_Data/Cat1/opposite/bag_files/Cat1_20mph_lr_opposite_0/camera_images/1624829164.163865.jpg
Cat1,20mph,lr,opposite,0,1624829164.1971984,/media/batool/MULTIMODAL_DATA/Multimodal_Data/Cat1/opposite/bag_files/Cat1_20mph_lr_opposite_0/camera_images/1624829164.1971984.jpg
Cat1,20mph,lr,opposite,0,1624829164.2305317,/media/batool/MULTIMODAL_DATA/Multimodal_Data/Cat1/opposite/bag_files/Cat1_20mph_lr_opposite_0/camera_images/1624829164.2305317.jpg
Cat1,20mph,lr,opposite,0,1624829164.263865,/media/batool/MULTIMODAL_DATA/Multimodal_Data/Cat1/opposite/bag_files/Cat1_20mph_lr_opposite_0/camera_images/1624829164.263865.jpg
Cat1,20mph,lr,opposite,0,1624829164.2971983,/media/batool/MULTIMODAL_DATA/Multimodal_Data/Cat1/opposite/bag_files/Cat1_20mph_lr_opposite_0/camera_images/1624829164.2971983.jpg
Cat1,20mph,lr,opposite,0,1624829162.7305331,/media/batool/MULTIMODAL_DATA/Multimodal_Data/Cat1/opposite/bag_files/Cat1_20mph_lr_opposite_0/camera_images/1624829162.7305331.jpg
Cat1,20mph,lr,opposite,0,1624829163.263866,/media/batool/MULTIMODAL_DATA/Multimodal_Data/Cat1/opposite/bag_files/Cat1_20mph_lr_opposite_0/camera_images/1624829163.263866.jpg
Cat1,20mph,lr,opposite,0,1624829163.7971988,/media/batool/MULTIMODAL_DATA/Multimodal_Data/Cat1/opposite/bag_files/Cat1_20mph_lr_opposite_0/camera_images/1624829163.7971988.jpg
Cat1,20mph,lr,opposite,0,1624829164.3305316,/media/batool/MULTIMODAL_DATA/Multimodal_Data/Cat1/opposite/bag_files/Cat1_20mph_lr_opposite_0/camera_images/1624829164.3305316.jpg
Cat1,20mph,lr,opposite,0,1624829164.8638644,/media/batool/MULTIMODAL_DATA/Multimodal_Data/Cat1/opposite/bag_files/Cat1_20mph_lr_opposite_0/camera_images/1624829164.8638644.jpg
Cat1,20mph,lr,opposite,0,1624829165.3971972,/media/batool/MULTIMODAL_DATA/Multimodal_Data/Cat1/opposite/bag_files/Cat1_20mph_lr_opposite_0/camera_images/1624829165.3971972.jpg
Cat1,20mph,lr,opposite,0,1624829165.93053,/media/batool/MULTIMODAL_DATA/Multimodal_Data/Cat1/opposite/bag_files/Cat1_20mph_lr_opposite_0/camera_images/1624829165.93053.jpg
Cat1,20mph,lr,opposite,0,1624829166.463863,/media/batool/MULTIMODAL_DATA/Multimodal_Data/Cat1/opposite/bag_files/Cat1_20mph_lr_opposite_0/camera_images/1624829166.463863.jpg
Cat1,20mph,lr,opposite,0,1624829166.9971957,/media/batool/MULTIMODAL_DATA/Multimodal_Data/Cat1/opposite/bag_files/Cat1_20mph_lr_opposite_0/camera_images/1624829166.9971957.jpg
Cat1,20mph,lr,opposite,0,1624829167.5305285,/media/batool/MULTIMODAL_DATA/Multimodal_Data/Cat1/opposite/bag_files/Cat1_20mph_lr_opposite_0/camera_images/1624829167.5305285.jpg
Cat1,20mph,lr,opposite,0,1624829168.0638614,/media/batool/MULTIMODAL_DATA/Multimodal_Data/Cat1/opposite/bag_files/Cat1_20mph_lr_opposite_0/camera_images/1624829168.0638614.jpg
Cat1,20mph,lr,opposite,0,1624829168.5971942,/media/batool/MULTIMODAL_DATA/Multimodal_Data/Cat1/opposite/bag_files/Cat1_20mph_lr_opposite_0/camera_images/1624829168.5971942.jpg
Cat1,20mph,lr,opposite,0,1624829169.130527,/media/batool/MULTIMODAL_DATA/Multimodal_Data/Cat1/opposite/bag_files/Cat1_20mph_lr_opposite_0/camera_images/1624829169.130527.jpg
Cat1,20mph,lr,opposite,0,1624829169.6638598,/media/batool/MULTIMODAL_DATA/Multimodal_Data/Cat1/opposite/bag_files/Cat1_20mph_lr_opposite_0/camera_images/1624829169.6638598.jpg
Cat1,20mph,lr,opposite,0,1624829170.1971927,/media/batool/MULTIMODAL_DATA/Multimodal_Data/Cat1/opposite/bag_files/Cat1_20mph_lr_opposite_0/camera_images/1624829170.1971927.jpg
Cat1,20mph,lr,opposite,0,1624829170.7305255,/media/batool/MULTIMODAL_DATA/Multimodal_Data/Cat1/opposite/bag_files/Cat1_20mph_lr_opposite_0/camera_images/1624829170.7305255.jpg
Cat1,20mph,lr,opposite,0,1624829171.2638583,/media/batool/MULTIMODAL_DATA/Multimodal_Data/Cat1/opposite/bag_files/Cat1_20mph_lr_opposite_0/camera_images/1624829171.2638583.jpg
Cat1,20mph,lr,opposite,0,1624829171.7971911,/media/batool/MULTIMODAL_DATA/Multimodal_Data/Cat1/opposite/bag_files/Cat1_20mph_lr_opposite_0/camera_images/1624829171.7971911.jpg
Cat1,20mph,lr,opposite,0,1624829172.330524,/media/batool/MULTIMODAL_DATA/Multimodal_Data/Cat1/opposite/bag_files/Cat1_20mph_lr_opposite_0/camera_images/1624829172.330524.jpg
Cat1,20mph,lr,opposite,0,1624829172.8638568,/media/batool/MULTIMODAL_DATA/Multimodal_Data/Cat1/opposite/bag_files/Cat1_20mph_lr_opposite_0/camera_images/1624829172.8638568.jpg
Cat1,20mph,lr,opposite,0,1624829173.3971896,/media/batool/MULTIMODAL_DATA/Multimodal_Data/Cat1/opposite/bag_files/Cat1_20mph_lr_opposite_0/camera_images/1624829173.3971896.jpg
Cat1,20mph,lr,opposite,0,1624829173.9305224,/media/batool/MULTIMODAL_DATA/Multimodal_Data/Cat1/opposite/bag_files/Cat1_20mph_lr_opposite_0/camera_images/1624829173.9305224.jpg
Cat1,20mph,lr,opposite,0,1624829174.4638553,/media/batool/MULTIMODAL_DATA/Multimodal_Data/Cat1/opposite/bag_files/Cat1_20mph_lr_opposite_0/camera_images/1624829174.4638553.jpg
Cat1,20mph,lr,opposite,0,1624829174.997188,/media/batool/MULTIMODAL_DATA/Multimodal_Data/Cat1/opposite/bag_files/Cat1_20mph_lr_opposite_0/camera_images/1624829174.997188.jpg
Cat1,20mph,lr,opposite,0,1624829175.530521,/media/batool/MULTIMODAL_DATA/Multimodal_Data/Cat1/opposite/bag_files/Cat1_20mph_lr_opposite_0/camera_images/1624829175.530521.jpg
Cat1,20mph,lr,opposite,0,1624829176.0638537,/media/batool/MULTIMODAL_DATA/Multimodal_Data/Cat1/opposite/bag_files/Cat1_20mph_lr_opposite_0/camera_images/1624829176.0638537.jpg
Cat1,20mph,lr,opposite,0,1624829176.5971866,/media/batool/MULTIMODAL_DATA/Multimodal_Data/Cat1/opposite/bag_files/Cat1_20mph_lr_opposite_0/camera_images/1624829176.5971866.jpg
Cat1,20mph,lr,opposite,0,1624829164.363865,/media/batool/MULTIMODAL_DATA/Multimodal_Data/Cat1/opposite/bag_files/Cat1_20mph_lr_opposite_0/camera_images/1624829164.363865.jpg
Cat1,20mph,lr,opposite,0,1624829164.3971982,/media/batool/MULTIMODAL_DATA/Multimodal_Data/Cat1/opposite/bag_files/Cat1_20mph_lr_opposite_0/camera_images/1624829164.3971982.jpg
Cat1,20mph,lr,opposite,0,1624829164.4305315,/media/batool/MULTIMODAL_DATA/Multimodal_Data/Cat1/opposite/bag_files/Cat1_20mph_lr_opposite_0/camera_images/1624829164.4305315.jpg
Cat1,20mph,lr,opposite,0,1624829164.4638648,/media/batool/MULTIMODAL_DATA/Multimodal_Data/Cat1/opposite/bag_files/Cat1_20mph_lr_opposite_0/camera_images/1624829164.4638648.jpg
Cat1,20mph,lr,opposite,0,1624829164.497198,/media/batool/MULTIMODAL_DATA/Multimodal_Data/Cat1/opposite/bag_files/Cat1_20mph_lr_opposite_0/camera_images/1624829164.497198.jpg
Cat1,20mph,lr,opposite,0,1624829164.5305314,/media/batool/MULTIMODAL_DATA/Multimodal_Data/Cat1/opposite/bag_files/Cat1_20mph_lr_opposite_0/camera_images/1624829164.5305314.jpg
Cat1,20mph,lr,opposite,0,1624829164.5638647,/media/batool/MULTIMODAL_DATA/Multimodal_Data/Cat1/opposite/bag_files/Cat1_20mph_lr_opposite_0/camera_images/1624829164.5638647.jpg
Cat1,20mph,lr,opposite,0,1624829164.597198,/media/batool/MULTIMODAL_DATA/Multimodal_Data/Cat1/opposite/bag_files/Cat1_20mph_lr_opposite_0/camera_images/1624829164.597198.jpg
Cat1,20mph,lr,opposite,0,1624829164.6305313,/media/batool/MULTIMODAL_DATA/Multimodal_Data/Cat1/opposite/bag_files/Cat1_20mph_lr_opposite_0/camera_images/1624829164.6305313.jpg
Cat1,20mph,lr,opposite,0,1624829164.6638646,/media/batool/MULTIMODAL_DATA/Multimodal_Data/Cat1/opposite/bag_files/Cat1_20mph_lr_opposite_0/camera_images/1624829164.6638646.jpg
Cat1,20mph,lr,opposite,0,1624829164.697198,/media/batool/MULTIMODAL_DATA/Multimodal_Data/Cat1/opposite/bag_files/Cat1_20mph_lr_opposite_0/camera_images/1624829164.697198.jpg
Cat1,20mph,lr,opposite,0,1624829164.7305312,/media/batool/MULTIMODAL_DATA/Multimodal_Data/Cat1/opposite/bag_files/Cat1_20mph_lr_opposite_0/camera_images/1624829164.7305312.jpg
Cat1,20mph,lr,opposite,0,1624829164.7638645,/media/batool/MULTIMODAL_DATA/Multimodal_Data/Cat1/opposite/bag_files/Cat1_20mph_lr_opposite_0/camera_images/1624829164.7638645.jpg
Cat1,20mph,lr,opposite,0,1624829164.7971978,/media/batool/MULTIMODAL_DATA/Multimodal_Data/Cat1/opposite/bag_files/Cat1_20mph_lr_opposite_0/camera_images/1624829164.7971978.jpg
Cat1,20mph,lr,opposite,0,1624829164.8305311,/media/batool/MULTIMODAL_DATA/Multimodal_Data/Cat1/opposite/bag_files/Cat1_20mph_lr_opposite_0/camera_images/1624829164.8305311.jpg
Cat1,20mph,lr,opposite,0,1624829164.8971977,/media/batool/MULTIMODAL_DATA/Multimodal_Data/Cat1/opposite/bag_files/Cat1_20mph_lr_opposite_0/camera_images/1624829164.8971977.jpg
Cat1,20mph,lr,opposite,0,1624829164.930531,/media/batool/MULTIMODAL_DATA/Multimodal_Data/Cat1/opposite/bag_files/Cat1_20mph_lr_opposite_0/camera_images/1624829164.930531.jpg
Cat1,20mph,lr,opposite,0,1624829164.9638643,/media/batool/MULTIMODAL_DATA/Multimodal_Data/Cat1/opposite/bag_files/Cat1_20mph_lr_opposite_0/camera_images/1624829164.9638643.jpg
Cat1,20mph,lr,opposite,0,1624829164.9971976,/media/batool/MULTIMODAL_DATA/Multimodal_Data/Cat1/opposite/bag_files/Cat1_20mph_lr_opposite_0/camera_images/1624829164.9971976.jpg
Cat1,20mph,lr,opposite,0,1624829165.030531,/media/batool/MULTIMODAL_DATA/Multimodal_Data/Cat1/opposite/bag_files/Cat1_20mph_lr_opposite_0/camera_images/1624829165.030531.jpg
Cat1,20mph,lr,opposite,0,1624829165.0638642,/media/batool/MULTIMODAL_DATA/Multimodal_Data/Cat1/opposite/bag_files/Cat1_20mph_lr_opposite_0/camera_images/1624829165.0638642.jpg
Cat1,20mph,lr,opposite,0,1624829165.0971975,/media/batool/MULTIMODAL_DATA/Multimodal_Data/Cat1/opposite/bag_files/Cat1_20mph_lr_opposite_0/camera_images/1624829165.0971975.jpg
Cat1,20mph,lr,opposite,0,1624829165.1305308,/media/batool/MULTIMODAL_DATA/Multimodal_Data/Cat1/opposite/bag_files/Cat1_20mph_lr_opposite_0/camera_images/1624829165.1305308.jpg
Cat1,20mph,lr,opposite,0,1624829165.1638641,/media/batool/MULTIMODAL_DATA/Multimodal_Data/Cat1/opposite/bag_files/Cat1_20mph_lr_opposite_0/camera_images/1624829165.1638641.jpg
Cat1,20mph,lr,opposite,0,1624829165.1971974,/media/batool/MULTIMODAL_DATA/Multimodal_Data/Cat1/opposite/bag_files/Cat1_20mph_lr_opposite_0/camera_images/1624829165.1971974.jpg
Cat1,20mph,lr,opposite,0,1624829165.2305307,/media/batool/MULTIMODAL_DATA/Multimodal_Data/Cat1/opposite/bag_files/Cat1_20mph_lr_opposite_0/camera_images/1624829165.2305307.jpg
Cat1,20mph,lr,opposite,0,1624829165.263864,/media/batool/MULTIMODAL_DATA/Multimodal_Data/Cat1/opposite/bag_files/Cat1_20mph_lr_opposite_0/camera_images/1624829165.263864.jpg
Cat1,20mph,lr,opposite,0,1624829165.2971973,/media/batool/MULTIMODAL_DATA/Multimodal_Data/Cat1/opposite/bag_files/Cat1_20mph_lr_opposite_0/camera_images/1624829165.2971973.jpg
Cat1,20mph,lr,opposite,0,1624829165.3305306,/media/batool/MULTIMODAL_DATA/Multimodal_Data/Cat1/opposite/bag_files/Cat1_20mph_lr_opposite_0/camera_images/1624829165.3305306.jpg
Cat1,20mph,lr,opposite,0,1624829165.363864,/media/batool/MULTIMODAL_DATA/Multimodal_Data/Cat1/opposite/bag_files/Cat1_20mph_lr_opposite_0/camera_images/1624829165.363864.jpg
Cat1,20mph,lr,opposite,0,1624829165.4305305,/media/batool/MULTIMODAL_DATA/Multimodal_Data/Cat1/opposite/bag_files/Cat1_20mph_lr_opposite_0/camera_images/1624829165.4305305.jpg
Cat1,20mph,lr,opposite,0,1624829165.4638638,/media/batool/MULTIMODAL_DATA/Multimodal_Data/Cat1/opposite/bag_files/Cat1_20mph_lr_opposite_0/camera_images/1624829165.4638638.jpg
Cat1,20mph,lr,opposite,0,1624829165.4971972,/media/batool/MULTIMODAL_DATA/Multimodal_Data/Cat1/opposite/bag_files/Cat1_20mph_lr_opposite_0/camera_images/1624829165.4971972.jpg
Cat1,20mph,lr,opposite,0,1624829165.5305305,/media/batool/MULTIMODAL_DATA/Multimodal_Data/Cat1/opposite/bag_files/Cat1_20mph_lr_opposite_0/camera_images/1624829165.5305305.jpg
Cat1,20mph,lr,opposite,0,1624829165.5638638,/media/batool/MULTIMODAL_DATA/Multimodal_Data/Cat1/opposite/bag_files/Cat1_20mph_lr_opposite_0/camera_images/1624829165.5638638.jpg
Cat1,20mph,lr,opposite,0,1624829165.597197,/media/batool/MULTIMODAL_DATA/Multimodal_Data/Cat1/opposite/bag_files/Cat1_20mph_lr_opposite_0/camera_images/1624829165.597197.jpg
Cat1,20mph,lr,opposite,0,1624829165.6305304,/media/batool/MULTIMODAL_DATA/Multimodal_Data/Cat1/opposite/bag_files/Cat1_20mph_lr_opposite_0/camera_images/1624829165.6305304.jpg
Cat1,20mph,lr,opposite,0,1624829165.6638637,/media/batool/MULTIMODAL_DATA/Multimodal_Data/Cat1/opposite/bag_files/Cat1_20mph_lr_opposite_0/camera_images/1624829165.6638637.jpg
Cat1,20mph,lr,opposite,0,1624829165.697197,/media/batool/MULTIMODAL_DATA/Multimodal_Data/Cat1/opposite/bag_files/Cat1_20mph_lr_opposite_0/camera_images/1624829165.697197.jpg
Cat1,20mph,lr,opposite,0,1624829165.7305303,/media/batool/MULTIMODAL_DATA/Multimodal_Data/Cat1/opposite/bag_files/Cat1_20mph_lr_opposite_0/camera_images/1624829165.7305303.jpg
Cat1,20mph,lr,opposite,0,1624829165.7638636,/media/batool/MULTIMODAL_DATA/Multimodal_Data/Cat1/opposite/bag_files/Cat1_20mph_lr_opposite_0/camera_images/1624829165.7638636.jpg
Cat1,20mph,lr,opposite,0,1624829165.7971969,/media/batool/MULTIMODAL_DATA/Multimodal_Data/Cat1/opposite/bag_files/Cat1_20mph_lr_opposite_0/camera_images/1624829165.7971969.jpg
Cat1,20mph,lr,opposite,0,1624829165.8305302,/media/batool/MULTIMODAL_DATA/Multimodal_Data/Cat1/opposite/bag_files/Cat1_20mph_lr_opposite_0/camera_images/1624829165.8305302.jpg
Cat1,20mph,lr,opposite,0,1624829165.8638635,/media/batool/MULTIMODAL_DATA/Multimodal_Data/Cat1/opposite/bag_files/Cat1_20mph_lr_opposite_0/camera_images/1624829165.8638635.jpg
Cat1,20mph,lr,opposite,0,1624829165.8971968,/media/batool/MULTIMODAL_DATA/Multimodal_Data/Cat1/opposite/bag_files/Cat1_20mph_lr_opposite_0/camera_images/1624829165.8971968.jpg
Cat1,20mph,lr,opposite,0,1624829165.9638634,/media/batool/MULTIMODAL_DATA/Multimodal_Data/Cat1/opposite/bag_files/Cat1_20mph_lr_opposite_0/camera_images/1624829165.9638634.jpg
Cat1,20mph,lr,opposite,0,1624829165.9971967,/media/batool/MULTIMODAL_DATA/Multimodal_Data/Cat1/opposite/bag_files/Cat1_20mph_lr_opposite_0/camera_images/1624829165.9971967.jpg
Cat1,20mph,lr,opposite,0,1624829166.03053,/media/batool/MULTIMODAL_DATA/Multimodal_Data/Cat1/opposite/bag_files/Cat1_20mph_lr_opposite_0/camera_images/1624829166.03053.jpg
Cat1,20mph,lr,opposite,0,1624829166.0638633,/media/batool/MULTIMODAL_DATA/Multimodal_Data/Cat1/opposite/bag_files/Cat1_20mph_lr_opposite_0/camera_images/1624829166.0638633.jpg
Cat1,20mph,lr,opposite,0,1624829166.0971966,/media/batool/MULTIMODAL_DATA/Multimodal_Data/Cat1/opposite/bag_files/Cat1_20mph_lr_opposite_0/camera_images/1624829166.0971966.jpg
Cat1,20mph,lr,opposite,0,1624829166.1305299,/media/batool/MULTIMODAL_DATA/Multimodal_Data/Cat1/opposite/bag_files/Cat1_20mph_lr_opposite_0/camera_images/1624829166.1305299.jpg
Cat1,20mph,lr,opposite,0,1624829166.1638632,/media/batool/MULTIMODAL_DATA/Multimodal_Data/Cat1/opposite/bag_files/Cat1_20mph_lr_opposite_0/camera_images/1624829166.1638632.jpg
Cat1,20mph,lr,opposite,0,1624829166.1971965,/media/batool/MULTIMODAL_DATA/Multimodal_Data/Cat1/opposite/bag_files/Cat1_20mph_lr_opposite_0/camera_images/1624829166.1971965.jpg
Cat1,20mph,lr,opposite,0,1624829166.2305298,/media/batool/MULTIMODAL_DATA/Multimodal_Data/Cat1/opposite/bag_files/Cat1_20mph_lr_opposite_0/camera_images/1624829166.2305298.jpg
Cat1,20mph,lr,opposite,0,1624829166.263863,/media/batool/MULTIMODAL_DATA/Multimodal_Data/Cat1/opposite/bag_files/Cat1_20mph_lr_opposite_0/camera_images/1624829166.263863.jpg
Cat1,20mph,lr,opposite,0,1624829166.2971964,/media/batool/MULTIMODAL_DATA/Multimodal_Data/Cat1/opposite/bag_files/Cat1_20mph_lr_opposite_0/camera_images/1624829166.2971964.jpg
Cat1,20mph,lr,opposite,0,1624829166.3305297,/media/batool/MULTIMODAL_DATA/Multimodal_Data/Cat1/opposite/bag_files/Cat1_20mph_lr_opposite_0/camera_images/1624829166.3305297.jpg
Cat1,20mph,lr,opposite,0,1624829166.363863,/media/batool/MULTIMODAL_DATA/Multimodal_Data/Cat1/opposite/bag_files/Cat1_20mph_lr_opposite_0/camera_images/1624829166.363863.jpg
Cat1,20mph,lr,opposite,0,1624829166.3971963,/media/batool/MULTIMODAL_DATA/Multimodal_Data/Cat1/opposite/bag_files/Cat1_20mph_lr_opposite_0/camera_images/1624829166.3971963.jpg
Cat1,20mph,lr,opposite,0,1624829166.4305296,/media/batool/MULTIMODAL_DATA/Multimodal_Data/Cat1/opposite/bag_files/Cat1_20mph_lr_opposite_0/camera_images/1624829166.4305296.jpg
Cat1,20mph,lr,opposite,0,1624829166.4971962,/media/batool/MULTIMODAL_DATA/Multimodal_Data/Cat1/opposite/bag_files/Cat1_20mph_lr_opposite_0/camera_images/1624829166.4971962.jpg
Cat1,20mph,lr,opposite,0,1624829166.5305295,/media/batool/MULTIMODAL_DATA/Multimodal_Data/Cat1/opposite/bag_files/Cat1_20mph_lr_opposite_0/camera_images/1624829166.5305295.jpg
Cat1,20mph,lr,opposite,0,1624829166.5638628,/media/batool/MULTIMODAL_DATA/Multimodal_Data/Cat1/opposite/bag_files/Cat1_20mph_lr_opposite_0/camera_images/1624829166.5638628.jpg
Cat1,20mph,lr,opposite,0,1624829166.597196,/media/batool/MULTIMODAL_DATA/Multimodal_Data/Cat1/opposite/bag_files/Cat1_20mph_lr_opposite_0/camera_images/1624829166.597196.jpg
Cat1,20mph,lr,opposite,0,1624829166.6305294,/media/batool/MULTIMODAL_DATA/Multimodal_Data/Cat1/opposite/bag_files/Cat1_20mph_lr_opposite_0/camera_images/1624829166.6305294.jpg
Cat1,20mph,lr,opposite,0,1624829166.6638627,/media/batool/MULTIMODAL_DATA/Multimodal_Data/Cat1/opposite/bag_files/Cat1_20mph_lr_opposite_0/camera_images/1624829166.6638627.jpg
Cat1,20mph,lr,opposite,0,1624829166.697196,/media/batool/MULTIMODAL_DATA/Multimodal_Data/Cat1/opposite/bag_files/Cat1_20mph_lr_opposite_0/camera_images/1624829166.697196.jpg
Cat1,20mph,lr,opposite,0,1624829166.7305293,/media/batool/MULTIMODAL_DATA/Multimodal_Data/Cat1/opposite/bag_files/Cat1_20mph_lr_opposite_0/camera_images/1624829166.7305293.jpg
Cat1,20mph,lr,opposite,0,1624829166.7638626,/media/batool/MULTIMODAL_DATA/Multimodal_Data/Cat1/opposite/bag_files/Cat1_20mph_lr_opposite_0/camera_images/1624829166.7638626.jpg
Cat1,20mph,lr,opposite,0,1624829166.797196,/media/batool/MULTIMODAL_DATA/Multimodal_Data/Cat1/opposite/bag_files/Cat1_20mph_lr_opposite_0/camera_images/1624829166.797196.jpg
Cat1,20mph,lr,opposite,0,1624829166.8305292,/media/batool/MULTIMODAL_DATA/Multimodal_Data/Cat1/opposite/bag_files/Cat1_20mph_lr_opposite_0/camera_images/1624829166.8305292.jpg
Cat1,20mph,lr,opposite,0,1624829166.8638625,/media/batool/MULTIMODAL_DATA/Multimodal_Data/Cat1/opposite/bag_files/Cat1_20mph_lr_opposite_0/camera_images/1624829166.8638625.jpg
Cat1,20mph,lr,opposite,0,1624829166.8971958,/media/batool/MULTIMODAL_DATA/Multimodal_Data/Cat1/opposite/bag_files/Cat1_20mph_lr_opposite_0/camera_images/1624829166.8971958.jpg
Cat1,20mph,lr,opposite,0,1624829166.930529,/media/batool/MULTIMODAL_DATA/Multimodal_Data/Cat1/opposite/bag_files/Cat1_20mph_lr_opposite_0/camera_images/1624829166.930529.jpg
Cat1,20mph,lr,opposite,0,1624829166.9638624,/media/batool/MULTIMODAL_DATA/Multimodal_Data/Cat1/opposite/bag_files/Cat1_20mph_lr_opposite_0/camera_images/1624829166.9638624.jpg
Cat1,20mph,lr,opposite,0,1624829167.030529,/media/batool/MULTIMODAL_DATA/Multimodal_Data/Cat1/opposite/bag_files/Cat1_20mph_lr_opposite_0/camera_images/1624829167.030529.jpg
Cat1,20mph,lr,opposite,0,1624829167.0638623,/media/batool/MULTIMODAL_DATA/Multimodal_Data/Cat1/opposite/bag_files/Cat1_20mph_lr_opposite_0/camera_images/1624829167.0638623.jpg
Cat1,20mph,lr,opposite,0,1624829167.0971956,/media/batool/MULTIMODAL_DATA/Multimodal_Data/Cat1/opposite/bag_files/Cat1_20mph_lr_opposite_0/camera_images/1624829167.0971956.jpg
Cat1,20mph,lr,opposite,0,1624829167.130529,/media/batool/MULTIMODAL_DATA/Multimodal_Data/Cat1/opposite/bag_files/Cat1_20mph_lr_opposite_0/camera_images/1624829167.130529.jpg
Cat1,20mph,lr,opposite,0,1624829167.1638622,/media/batool/MULTIMODAL_DATA/Multimodal_Data/Cat1/opposite/bag_files/Cat1_20mph_lr_opposite_0/camera_images/1624829167.1638622.jpg
Cat1,20mph,lr,opposite,0,1624829167.1971955,/media/batool/MULTIMODAL_DATA/Multimodal_Data/Cat1/opposite/bag_files/Cat1_20mph_lr_opposite_0/camera_images/1624829167.1971955.jpg
Cat1,20mph,lr,opposite,0,1624829167.2305288,/media/batool/MULTIMODAL_DATA/Multimodal_Data/Cat1/opposite/bag_files/Cat1_20mph_lr_opposite_0/camera_images/1624829167.2305288.jpg
Cat1,20mph,lr,opposite,0,1624829167.2638621,/media/batool/MULTIMODAL_DATA/Multimodal_Data/Cat1/opposite/bag_files/Cat1_20mph_lr_opposite_0/camera_images/1624829167.2638621.jpg
Cat1,20mph,lr,opposite,0,1624829167.2971954,/media/batool/MULTIMODAL_DATA/Multimodal_Data/Cat1/opposite/bag_files/Cat1_20mph_lr_opposite_0/camera_images/1624829167.2971954.jpg
Cat1,20mph,lr,opposite,0,1624829167.3305287,/media/batool/MULTIMODAL_DATA/Multimodal_Data/Cat1/opposite/bag_files/Cat1_20mph_lr_opposite_0/camera_images/1624829167.3305287.jpg
Cat1,20mph,lr,opposite,0,1624829167.363862,/media/batool/MULTIMODAL_DATA/Multimodal_Data/Cat1/opposite/bag_files/Cat1_20mph_lr_opposite_0/camera_images/1624829167.363862.jpg
Cat1,20mph,lr,opposite,0,1624829167.3971953,/media/batool/MULTIMODAL_DATA/Multimodal_Data/Cat1/opposite/bag_files/Cat1_20mph_lr_opposite_0/camera_images/1624829167.3971953.jpg
Cat1,20mph,lr,opposite,0,1624829167.4305286,/media/batool/MULTIMODAL_DATA/Multimodal_Data/Cat1/opposite/bag_files/Cat1_20mph_lr_opposite_0/camera_images/1624829167.4305286.jpg
Cat1,20mph,lr,opposite,0,1624829167.463862,/media/batool/MULTIMODAL_DATA/Multimodal_Data/Cat1/opposite/bag_files/Cat1_20mph_lr_opposite_0/camera_images/1624829167.463862.jpg
Cat1,20mph,lr,opposite,0,1624829167.4971952,/media/batool/MULTIMODAL_DATA/Multimodal_Data/Cat1/opposite/bag_files/Cat1_20mph_lr_opposite_0/camera_images/1624829167.4971952.jpg
Cat1,20mph,lr,opposite,0,1624829167.5638618,/media/batool/MULTIMODAL_DATA/Multimodal_Data/Cat1/opposite/bag_files/Cat1_20mph_lr_opposite_0/camera_images/1624829167.5638618.jpg
Cat1,20mph,lr,opposite,0,1624829167.5971951,/media/batool/MULTIMODAL_DATA/Multimodal_Data/Cat1/opposite/bag_files/Cat1_20mph_lr_opposite_0/camera_images/1624829167.5971951.jpg
Cat1,20mph,lr,opposite,0,1624829167.6305285,/media/batool/MULTIMODAL_DATA/Multimodal_Data/Cat1/opposite/bag_files/Cat1_20mph_lr_opposite_0/camera_images/1624829167.6305285.jpg
Cat1,20mph,lr,opposite,0,1624829167.6638618,/media/batool/MULTIMODAL_DATA/Multimodal_Data/Cat1/opposite/bag_files/Cat1_20mph_lr_opposite_0/camera_images/1624829167.6638618.jpg
Cat1,20mph,lr,opposite,0,1624829167.697195,/media/batool/MULTIMODAL_DATA/Multimodal_Data/Cat1/opposite/bag_files/Cat1_20mph_lr_opposite_0/camera_images/1624829167.697195.jpg
Cat1,20mph,lr,opposite,0,1624829167.7305284,/media/batool/MULTIMODAL_DATA/Multimodal_Data/Cat1/opposite/bag_files/Cat1_20mph_lr_opposite_0/camera_images/1624829167.7305284.jpg
Cat1,20mph,lr,opposite,0,1624829167.7638617,/media/batool/MULTIMODAL_DATA/Multimodal_Data/Cat1/opposite/bag_files/Cat1_20mph_lr_opposite_0/camera_images/1624829167.7638617.jpg
Cat1,20mph,lr,opposite,0,1624829167.797195,/media/batool/MULTIMODAL_DATA/Multimodal_Data/Cat1/opposite/bag_files/Cat1_20mph_lr_opposite_0/camera_images/1624829167.797195.jpg
Cat1,20mph,lr,opposite,0,1624829167.8305283,/media/batool/MULTIMODAL_DATA/Multimodal_Data/Cat1/opposite/bag_files/Cat1_20mph_lr_opposite_0/camera_images/1624829167.8305283.jpg
Cat1,20mph,lr,opposite,0,1624829167.8638616,/media/batool/MULTIMODAL_DATA/Multimodal_Data/Cat1/opposite/bag_files/Cat1_20mph_lr_opposite_0/camera_images/1624829167.8638616.jpg
Cat1,20mph,lr,opposite,0,1624829167.8971949,/media/batool/MULTIMODAL_DATA/Multimodal_Data/Cat1/opposite/bag_files/Cat1_20mph_lr_opposite_0/camera_images/1624829167.8971949.jpg
Cat1,20mph,lr,opposite,0,1624829167.9305282,/media/batool/MULTIMODAL_DATA/Multimodal_Data/Cat1/opposite/bag_files/Cat1_20mph_lr_opposite_0/camera_images/1624829167.9305282.jpg
Cat1,20mph,lr,opposite,0,1624829167.9638615,/media/batool/MULTIMODAL_DATA/Multimodal_Data/Cat1/opposite/bag_files/Cat1_20mph_lr_opposite_0/camera_images/1624829167.9638615.jpg
Cat1,20mph,lr,opposite,0,1624829167.9971948,/media/batool/MULTIMODAL_DATA/Multimodal_Data/Cat1/opposite/bag_files/Cat1_20mph_lr_opposite_0/camera_images/1624829167.9971948.jpg
Cat1,20mph,lr,opposite,0,1624829168.030528,/media/batool/MULTIMODAL_DATA/Multimodal_Data/Cat1/opposite/bag_files/Cat1_20mph_lr_opposite_0/camera_images/1624829168.030528.jpg
Cat1,20mph,lr,opposite,0,1624829168.0971947,/media/batool/MULTIMODAL_DATA/Multimodal_Data/Cat1/opposite/bag_files/Cat1_20mph_lr_opposite_0/camera_images/1624829168.0971947.jpg
Cat1,20mph,lr,opposite,0,1624829168.130528,/media/batool/MULTIMODAL_DATA/Multimodal_Data/Cat1/opposite/bag_files/Cat1_20mph_lr_opposite_0/camera_images/1624829168.130528.jpg
Cat1,20mph,lr,opposite,0,1624829168.1638613,/media/batool/MULTIMODAL_DATA/Multimodal_Data/Cat1/opposite/bag_files/Cat1_20mph_lr_opposite_0/camera_images/1624829168.1638613.jpg
Cat1,20mph,lr,opposite,0,1624829168.1971946,/media/batool/MULTIMODAL_DATA/Multimodal_Data/Cat1/opposite/bag_files/Cat1_20mph_lr_opposite_0/camera_images/1624829168.1971946.jpg
Cat1,20mph,lr,opposite,0,1624829168.2305279,/media/batool/MULTIMODAL_DATA/Multimodal_Data/Cat1/opposite/bag_files/Cat1_20mph_lr_opposite_0/camera_images/1624829168.2305279.jpg
Cat1,20mph,lr,opposite,0,1624829168.2638612,/media/batool/MULTIMODAL_DATA/Multimodal_Data/Cat1/opposite/bag_files/Cat1_20mph_lr_opposite_0/camera_images/1624829168.2638612.jpg
Cat1,20mph,lr,opposite,0,1624829168.2971945,/media/batool/MULTIMODAL_DATA/Multimodal_Data/Cat1/opposite/bag_files/Cat1_20mph_lr_opposite_0/camera_images/1624829168.2971945.jpg
Cat1,20mph,lr,opposite,0,1624829168.3305278,/media/batool/MULTIMODAL_DATA/Multimodal_Data/Cat1/opposite/bag_files/Cat1_20mph_lr_opposite_0/camera_images/1624829168.3305278.jpg
Cat1,20mph,lr,opposite,0,1624829168.363861,/media/batool/MULTIMODAL_DATA/Multimodal_Data/Cat1/opposite/bag_files/Cat1_20mph_lr_opposite_0/camera_images/1624829168.363861.jpg
Cat1,20mph,lr,opposite,0,1624829168.3971944,/media/batool/MULTIMODAL_DATA/Multimodal_Data/Cat1/opposite/bag_files/Cat1_20mph_lr_opposite_0/camera_images/1624829168.3971944.jpg
Cat1,20mph,lr,opposite,0,1624829168.4305277,/media/batool/MULTIMODAL_DATA/Multimodal_Data/Cat1/opposite/bag_files/Cat1_20mph_lr_opposite_0/camera_images/1624829168.4305277.jpg
Cat1,20mph,lr,opposite,0,1624829168.463861,/media/batool/MULTIMODAL_DATA/Multimodal_Data/Cat1/opposite/bag_files/Cat1_20mph_lr_opposite_0/camera_images/1624829168.463861.jpg
Cat1,20mph,lr,opposite,0,1624829168.4971943,/media/batool/MULTIMODAL_DATA/Multimodal_Data/Cat1/opposite/bag_files/Cat1_20mph_lr_opposite_0/camera_images/1624829168.4971943.jpg
Cat1,20mph,lr,opposite,0,1624829168.5305276,/media/batool/MULTIMODAL_DATA/Multimodal_Data/Cat1/opposite/bag_files/Cat1_20mph_lr_opposite_0/camera_images/1624829168.5305276.jpg
Cat1,20mph,lr,opposite,0,1624829168.563861,/media/batool/MULTIMODAL_DATA/Multimodal_Data/Cat1/opposite/bag_files/Cat1_20mph_lr_opposite_0/camera_images/1624829168.563861.jpg
Cat1,20mph,lr,opposite,0,1624829168.6305275,/media/batool/MULTIMODAL_DATA/Multimodal_Data/Cat1/opposite/bag_files/Cat1_20mph_lr_opposite_0/camera_images/1624829168.6305275.jpg
Cat1,20mph,lr,opposite,0,1624829168.6638608,/media/batool/MULTIMODAL_DATA/Multimodal_Data/Cat1/opposite/bag_files/Cat1_20mph_lr_opposite_0/camera_images/1624829168.6638608.jpg
Cat1,20mph,lr,opposite,0,1624829168.697194,/media/batool/MULTIMODAL_DATA/Multimodal_Data/Cat1/opposite/bag_files/Cat1_20mph_lr_opposite_0/camera_images/1624829168.697194.jpg
Cat1,20mph,lr,opposite,0,1624829168.7305274,/media/batool/MULTIMODAL_DATA/Multimodal_Data/Cat1/opposite/bag_files/Cat1_20mph_lr_opposite_0/camera_images/1624829168.7305274.jpg
Cat1,20mph,lr,opposite,0,1624829168.7638607,/media/batool/MULTIMODAL_DATA/Multimodal_Data/Cat1/opposite/bag_files/Cat1_20mph_lr_opposite_0/camera_images/1624829168.7638607.jpg
Cat1,20mph,lr,opposite,0,1624829168.797194,/media/batool/MULTIMODAL_DATA/Multimodal_Data/Cat1/opposite/bag_files/Cat1_20mph_lr_opposite_0/camera_images/1624829168.797194.jpg
Cat1,20mph,lr,opposite,0,1624829168.8305273,/media/batool/MULTIMODAL_DATA/Multimodal_Data/Cat1/opposite/bag_files/Cat1_20mph_lr_opposite_0/camera_images/1624829168.8305273.jpg
Cat1,20mph,lr,opposite,0,1624829168.8638606,/media/batool/MULTIMODAL_DATA/Multimodal_Data/Cat1/opposite/bag_files/Cat1_20mph_lr_opposite_0/camera_images/1624829168.8638606.jpg
Cat1,20mph,lr,opposite,0,1624829168.897194,/media/batool/MULTIMODAL_DATA/Multimodal_Data/Cat1/opposite/bag_files/Cat1_20mph_lr_opposite_0/camera_images/1624829168.897194.jpg
Cat1,20mph,lr,opposite,0,1624829168.9305272,/media/batool/MULTIMODAL_DATA/Multimodal_Data/Cat1/opposite/bag_files/Cat1_20mph_lr_opposite_0/camera_images/1624829168.9305272.jpg
Cat1,20mph,lr,opposite,0,1624829168.9638605,/media/batool/MULTIMODAL_DATA/Multimodal_Data/Cat1/opposite/bag_files/Cat1_20mph_lr_opposite_0/camera_images/1624829168.9638605.jpg
Cat1,20mph,lr,opposite,0,1624829168.9971938,/media/batool/MULTIMODAL_DATA/Multimodal_Data/Cat1/opposite/bag_files/Cat1_20mph_lr_opposite_0/camera_images/1624829168.9971938.jpg
Cat1,20mph,lr,opposite,0,1624829169.030527,/media/batool/MULTIMODAL_DATA/Multimodal_Data/Cat1/opposite/bag_files/Cat1_20mph_lr_opposite_0/camera_images/1624829169.030527.jpg
Cat1,20mph,lr,opposite,0,1624829169.0638604,/media/batool/MULTIMODAL_DATA/Multimodal_Data/Cat1/opposite/bag_files/Cat1_20mph_lr_opposite_0/camera_images/1624829169.0638604.jpg
Cat1,20mph,lr,opposite,0,1624829169.0971937,/media/batool/MULTIMODAL_DATA/Multimodal_Data/Cat1/opposite/bag_files/Cat1_20mph_lr_opposite_0/camera_images/1624829169.0971937.jpg
Cat1,20mph,lr,opposite,0,1624829169.1638603,/media/batool/MULTIMODAL_DATA/Multimodal_Data/Cat1/opposite/bag_files/Cat1_20mph_lr_opposite_0/camera_images/1624829169.1638603.jpg
Cat1,20mph,lr,opposite,0,1624829169.1971936,/media/batool/MULTIMODAL_DATA/Multimodal_Data/Cat1/opposite/bag_files/Cat1_20mph_lr_opposite_0/camera_images/1624829169.1971936.jpg
Cat1,20mph,lr,opposite,0,1624829169.230527,/media/batool/MULTIMODAL_DATA/Multimodal_Data/Cat1/opposite/bag_files/Cat1_20mph_lr_opposite_0/camera_images/1624829169.230527.jpg
Cat1,20mph,lr,opposite,0,1624829169.2638602,/media/batool/MULTIMODAL_DATA/Multimodal_Data/Cat1/opposite/bag_files/Cat1_20mph_lr_opposite_0/camera_images/1624829169.2638602.jpg
Cat1,20mph,lr,opposite,0,1624829169.2971935,/media/batool/MULTIMODAL_DATA/Multimodal_Data/Cat1/opposite/bag_files/Cat1_20mph_lr_opposite_0/camera_images/1624829169.2971935.jpg
Cat1,20mph,lr,opposite,0,1624829169.3305268,/media/batool/MULTIMODAL_DATA/Multimodal_Data/Cat1/opposite/bag_files/Cat1_20mph_lr_opposite_0/camera_images/1624829169.3305268.jpg
Cat1,20mph,lr,opposite,0,1624829169.3638601,/media/batool/MULTIMODAL_DATA/Multimodal_Data/Cat1/opposite/bag_files/Cat1_20mph_lr_opposite_0/camera_images/1624829169.3638601.jpg
Cat1,20mph,lr,opposite,0,1624829169.3971934,/media/batool/MULTIMODAL_DATA/Multimodal_Data/Cat1/opposite/bag_files/Cat1_20mph_lr_opposite_0/camera_images/1624829169.3971934.jpg
Cat1,20mph,lr,opposite,0,1624829169.4305267,/media/batool/MULTIMODAL_DATA/Multimodal_Data/Cat1/opposite/bag_files/Cat1_20mph_lr_opposite_0/camera_images/1624829169.4305267.jpg
Cat1,20mph,lr,opposite,0,1624829169.46386,/media/batool/MULTIMODAL_DATA/Multimodal_Data/Cat1/opposite/bag_files/Cat1_20mph_lr_opposite_0/camera_images/1624829169.46386.jpg
Cat1,20mph,lr,opposite,0,1624829169.4971933,/media/batool/MULTIMODAL_DATA/Multimodal_Data/Cat1/opposite/bag_files/Cat1_20mph_lr_opposite_0/camera_images/1624829169.4971933.jpg
Cat1,20mph,lr,opposite,0,1624829169.5305266,/media/batool/MULTIMODAL_DATA/Multimodal_Data/Cat1/opposite/bag_files/Cat1_20mph_lr_opposite_0/camera_images/1624829169.5305266.jpg
Cat1,20mph,lr,opposite,0,1624829169.56386,/media/batool/MULTIMODAL_DATA/Multimodal_Data/Cat1/opposite/bag_files/Cat1_20mph_lr_opposite_0/camera_images/1624829169.56386.jpg
Cat1,20mph,lr,opposite,0,1624829169.5971932,/media/batool/MULTIMODAL_DATA/Multimodal_Data/Cat1/opposite/bag_files/Cat1_20mph_lr_opposite_0/camera_images/1624829169.5971932.jpg
Cat1,20mph,lr,opposite,0,1624829169.6305265,/media/batool/MULTIMODAL_DATA/Multimodal_Data/Cat1/opposite/bag_files/Cat1_20mph_lr_opposite_0/camera_images/1624829169.6305265.jpg
Cat1,20mph,lr,opposite,0,1624829169.6971931,/media/batool/MULTIMODAL_DATA/Multimodal_Data/Cat1/opposite/bag_files/Cat1_20mph_lr_opposite_0/camera_images/1624829169.6971931.jpg
Cat1,20mph,lr,opposite,0,1624829169.7305264,/media/batool/MULTIMODAL_DATA/Multimodal_Data/Cat1/opposite/bag_files/Cat1_20mph_lr_opposite_0/camera_images/1624829169.7305264.jpg
Cat1,20mph,lr,opposite,0,1624829169.7638597,/media/batool/MULTIMODAL_DATA/Multimodal_Data/Cat1/opposite/bag_files/Cat1_20mph_lr_opposite_0/camera_images/1624829169.7638597.jpg
Cat1,20mph,lr,opposite,0,1624829169.797193,/media/batool/MULTIMODAL_DATA/Multimodal_Data/Cat1/opposite/bag_files/Cat1_20mph_lr_opposite_0/camera_images/1624829169.797193.jpg
Cat1,20mph,lr,opposite,0,1624829169.8305264,/media/batool/MULTIMODAL_DATA/Multimodal_Data/Cat1/opposite/bag_files/Cat1_20mph_lr_opposite_0/camera_images/1624829169.8305264.jpg
Cat1,20mph,lr,opposite,0,1624829169.8638597,/media/batool/MULTIMODAL_DATA/Multimodal_Data/Cat1/opposite/bag_files/Cat1_20mph_lr_opposite_0/camera_images/1624829169.8638597.jpg
Cat1,20mph,lr,opposite,0,1624829169.897193,/media/batool/MULTIMODAL_DATA/Multimodal_Data/Cat1/opposite/bag_files/Cat1_20mph_lr_opposite_0/camera_images/1624829169.897193.jpg
Cat1,20mph,lr,opposite,0,1624829169.9305263,/media/batool/MULTIMODAL_DATA/Multimodal_Data/Cat1/opposite/bag_files/Cat1_20mph_lr_opposite_0/camera_images/1624829169.9305263.jpg
Cat1,20mph,lr,opposite,0,1624829169.9638596,/media/batool/MULTIMODAL_DATA/Multimodal_Data/Cat1/opposite/bag_files/Cat1_20mph_lr_opposite_0/camera_images/1624829169.9638596.jpg
Cat1,20mph,lr,opposite,0,1624829169.9971929,/media/batool/MULTIMODAL_DATA/Multimodal_Data/Cat1/opposite/bag_files/Cat1_20mph_lr_opposite_0/camera_images/1624829169.9971929.jpg
Cat1,20mph,lr,opposite,0,1624829170.0305262,/media/batool/MULTIMODAL_DATA/Multimodal_Data/Cat1/opposite/bag_files/Cat1_20mph_lr_opposite_0/camera_images/1624829170.0305262.jpg
Cat1,20mph,lr,opposite,0,1624829170.0638595,/media/batool/MULTIMODAL_DATA/Multimodal_Data/Cat1/opposite/bag_files/Cat1_20mph_lr_opposite_0/camera_images/1624829170.0638595.jpg
Cat1,20mph,lr,opposite,0,1624829170.0971928,/media/batool/MULTIMODAL_DATA/Multimodal_Data/Cat1/opposite/bag_files/Cat1_20mph_lr_opposite_0/camera_images/1624829170.0971928.jpg
Cat1,20mph,lr,opposite,0,1624829170.130526,/media/batool/MULTIMODAL_DATA/Multimodal_Data/Cat1/opposite/bag_files/Cat1_20mph_lr_opposite_0/camera_images/1624829170.130526.jpg
Cat1,20mph,lr,opposite,0,1624829170.1638594,/media/batool/MULTIMODAL_DATA/Multimodal_Data/Cat1/opposite/bag_files/Cat1_20mph_lr_opposite_0/camera_images/1624829170.1638594.jpg
Cat1,20mph,lr,opposite,0,1624829170.230526,/media/batool/MULTIMODAL_DATA/Multimodal_Data/Cat1/opposite/bag_files/Cat1_20mph_lr_opposite_0/camera_images/1624829170.230526.jpg
Cat1,20mph,lr,opposite,0,1624829170.2638593,/media/batool/MULTIMODAL_DATA/Multimodal_Data/Cat1/opposite/bag_files/Cat1_20mph_lr_opposite_0/camera_images/1624829170.2638593.jpg
Cat1,20mph,lr,opposite,0,1624829170.2971926,/media/batool/MULTIMODAL_DATA/Multimodal_Data/Cat1/opposite/bag_files/Cat1_20mph_lr_opposite_0/camera_images/1624829170.2971926.jpg
Cat1,20mph,lr,opposite,0,1624829170.3305259,/media/batool/MULTIMODAL_DATA/Multimodal_Data/Cat1/opposite/bag_files/Cat1_20mph_lr_opposite_0/camera_images/1624829170.3305259.jpg
Cat1,20mph,lr,opposite,0,1624829170.3638592,/media/batool/MULTIMODAL_DATA/Multimodal_Data/Cat1/opposite/bag_files/Cat1_20mph_lr_opposite_0/camera_images/1624829170.3638592.jpg
Cat1,20mph,lr,opposite,0,1624829170.3971925,/media/batool/MULTIMODAL_DATA/Multimodal_Data/Cat1/opposite/bag_files/Cat1_20mph_lr_opposite_0/camera_images/1624829170.3971925.jpg
Cat1,20mph,lr,opposite,0,1624829170.4305258,/media/batool/MULTIMODAL_DATA/Multimodal_Data/Cat1/opposite/bag_files/Cat1_20mph_lr_opposite_0/camera_images/1624829170.4305258.jpg
Cat1,20mph,lr,opposite,0,1624829170.463859,/media/batool/MULTIMODAL_DATA/Multimodal_Data/Cat1/opposite/bag_files/Cat1_20mph_lr_opposite_0/camera_images/1624829170.463859.jpg
Cat1,20mph,lr,opposite,0,1624829170.4971924,/media/batool/MULTIMODAL_DATA/Multimodal_Data/Cat1/opposite/bag_files/Cat1_20mph_lr_opposite_0/camera_images/1624829170.4971924.jpg
Cat1,20mph,lr,opposite,0,1624829170.5305257,/media/batool/MULTIMODAL_DATA/Multimodal_Data/Cat1/opposite/bag_files/Cat1_20mph_lr_opposite_0/camera_images/1624829170.5305257.jpg
Cat1,20mph,lr,opposite,0,1624829170.563859,/media/batool/MULTIMODAL_DATA/Multimodal_Data/Cat1/opposite/bag_files/Cat1_20mph_lr_opposite_0/camera_images/1624829170.563859.jpg
Cat1,20mph,lr,opposite,0,1624829170.5971923,/media/batool/MULTIMODAL_DATA/Multimodal_Data/Cat1/opposite/bag_files/Cat1_20mph_lr_opposite_0/camera_images/1624829170.5971923.jpg
Cat1,20mph,lr,opposite,0,1624829170.6305256,/media/batool/MULTIMODAL_DATA/Multimodal_Data/Cat1/opposite/bag_files/Cat1_20mph_lr_opposite_0/camera_images/1624829170.6305256.jpg
Cat1,20mph,lr,opposite,0,1624829170.663859,/media/batool/MULTIMODAL_DATA/Multimodal_Data/Cat1/opposite/bag_files/Cat1_20mph_lr_opposite_0/camera_images/1624829170.663859.jpg
Cat1,20mph,lr,opposite,0,1624829170.6971922,/media/batool/MULTIMODAL_DATA/Multimodal_Data/Cat1/opposite/bag_files/Cat1_20mph_lr_opposite_0/camera_images/1624829170.6971922.jpg
Cat1,20mph,lr,opposite,0,1624829170.7638588,/media/batool/MULTIMODAL_DATA/Multimodal_Data/Cat1/opposite/bag_files/Cat1_20mph_lr_opposite_0/camera_images/1624829170.7638588.jpg
Cat1,20mph,lr,opposite,0,1624829170.797192,/media/batool/MULTIMODAL_DATA/Multimodal_Data/Cat1/opposite/bag_files/Cat1_20mph_lr_opposite_0/camera_images/1624829170.797192.jpg
Cat1,20mph,lr,opposite,0,1624829170.8305254,/media/batool/MULTIMODAL_DATA/Multimodal_Data/Cat1/opposite/bag_files/Cat1_20mph_lr_opposite_0/camera_images/1624829170.8305254.jpg
Cat1,20mph,lr,opposite,0,1624829170.8638587,/media/batool/MULTIMODAL_DATA/Multimodal_Data/Cat1/opposite/bag_files/Cat1_20mph_lr_opposite_0/camera_images/1624829170.8638587.jpg
Cat1,20mph,lr,opposite,0,1624829170.897192,/media/batool/MULTIMODAL_DATA/Multimodal_Data/Cat1/opposite/bag_files/Cat1_20mph_lr_opposite_0/camera_images/1624829170.897192.jpg
Cat1,20mph,lr,opposite,0,1624829170.9305253,/media/batool/MULTIMODAL_DATA/Multimodal_Data/Cat1/opposite/bag_files/Cat1_20mph_lr_opposite_0/camera_images/1624829170.9305253.jpg
Cat1,20mph,lr,opposite,0,1624829170.9638586,/media/batool/MULTIMODAL_DATA/Multimodal_Data/Cat1/opposite/bag_files/Cat1_20mph_lr_opposite_0/camera_images/1624829170.9638586.jpg
Cat1,20mph,lr,opposite,0,1624829170.997192,/media/batool/MULTIMODAL_DATA/Multimodal_Data/Cat1/opposite/bag_files/Cat1_20mph_lr_opposite_0/camera_images/1624829170.997192.jpg
Cat1,20mph,lr,opposite,0,1624829171.0305252,/media/batool/MULTIMODAL_DATA/Multimodal_Data/Cat1/opposite/bag_files/Cat1_20mph_lr_opposite_0/camera_images/1624829171.0305252.jpg
Cat1,20mph,lr,opposite,0,1624829171.0638585,/media/batool/MULTIMODAL_DATA/Multimodal_Data/Cat1/opposite/bag_files/Cat1_20mph_lr_opposite_0/camera_images/1624829171.0638585.jpg
Cat1,20mph,lr,opposite,0,1624829171.0971918,/media/batool/MULTIMODAL_DATA/Multimodal_Data/Cat1/opposite/bag_files/Cat1_20mph_lr_opposite_0/camera_images/1624829171.0971918.jpg
Cat1,20mph,lr,opposite,0,1624829171.130525,/media/batool/MULTIMODAL_DATA/Multimodal_Data/Cat1/opposite/bag_files/Cat1_20mph_lr_opposite_0/camera_images/1624829171.130525.jpg
Cat1,20mph,lr,opposite,0,1624829171.1638584,/media/batool/MULTIMODAL_DATA/Multimodal_Data/Cat1/opposite/bag_files/Cat1_20mph_lr_opposite_0/camera_images/1624829171.1638584.jpg
Cat1,20mph,lr,opposite,0,1624829171.1971917,/media/batool/MULTIMODAL_DATA/Multimodal_Data/Cat1/opposite/bag_files/Cat1_20mph_lr_opposite_0/camera_images/1624829171.1971917.jpg
Cat1,20mph,lr,opposite,0,1624829171.230525,/media/batool/MULTIMODAL_DATA/Multimodal_Data/Cat1/opposite/bag_files/Cat1_20mph_lr_opposite_0/camera_images/1624829171.230525.jpg
Cat1,20mph,lr,opposite,0,1624829171.2971916,/media/batool/MULTIMODAL_DATA/Multimodal_Data/Cat1/opposite/bag_files/Cat1_20mph_lr_opposite_0/camera_images/1624829171.2971916.jpg
Cat1,20mph,lr,opposite,0,1624829171.330525,/media/batool/MULTIMODAL_DATA/Multimodal_Data/Cat1/opposite/bag_files/Cat1_20mph_lr_opposite_0/camera_images/1624829171.330525.jpg
Cat1,20mph,lr,opposite,0,1624829171.3638582,/media/batool/MULTIMODAL_DATA/Multimodal_Data/Cat1/opposite/bag_files/Cat1_20mph_lr_opposite_0/camera_images/1624829171.3638582.jpg
Cat1,20mph,lr,opposite,0,1624829171.3971915,/media/batool/MULTIMODAL_DATA/Multimodal_Data/Cat1/opposite/bag_files/Cat1_20mph_lr_opposite_0/camera_images/1624829171.3971915.jpg
Cat1,20mph,lr,opposite,0,1624829171.4305248,/media/batool/MULTIMODAL_DATA/Multimodal_Data/Cat1/opposite/bag_files/Cat1_20mph_lr_opposite_0/camera_images/1624829171.4305248.jpg
Cat1,20mph,lr,opposite,0,1624829171.4638581,/media/batool/MULTIMODAL_DATA/Multimodal_Data/Cat1/opposite/bag_files/Cat1_20mph_lr_opposite_0/camera_images/1624829171.4638581.jpg
Cat1,20mph,lr,opposite,0,1624829171.4971914,/media/batool/MULTIMODAL_DATA/Multimodal_Data/Cat1/opposite/bag_files/Cat1_20mph_lr_opposite_0/camera_images/1624829171.4971914.jpg
Cat1,20mph,lr,opposite,0,1624829171.5305247,/media/batool/MULTIMODAL_DATA/Multimodal_Data/Cat1/opposite/bag_files/Cat1_20mph_lr_opposite_0/camera_images/1624829171.5305247.jpg
Cat1,20mph,lr,opposite,0,1624829171.563858,/media/batool/MULTIMODAL_DATA/Multimodal_Data/Cat1/opposite/bag_files/Cat1_20mph_lr_opposite_0/camera_images/1624829171.563858.jpg
Cat1,20mph,lr,opposite,0,1624829171.5971913,/media/batool/MULTIMODAL_DATA/Multimodal_Data/Cat1/opposite/bag_files/Cat1_20mph_lr_opposite_0/camera_images/1624829171.5971913.jpg
Cat1,20mph,lr,opposite,0,1624829171.6305246,/media/batool/MULTIMODAL_DATA/Multimodal_Data/Cat1/opposite/bag_files/Cat1_20mph_lr_opposite_0/camera_images/1624829171.6305246.jpg
Cat1,20mph,lr,opposite,0,1624829171.663858,/media/batool/MULTIMODAL_DATA/Multimodal_Data/Cat1/opposite/bag_files/Cat1_20mph_lr_opposite_0/camera_images/1624829171.663858.jpg
Cat1,20mph,lr,opposite,0,1624829171.6971912,/media/batool/MULTIMODAL_DATA/Multimodal_Data/Cat1/opposite/bag_files/Cat1_20mph_lr_opposite_0/camera_images/1624829171.6971912.jpg
Cat1,20mph,lr,opposite,0,1624829171.7305245,/media/batool/MULTIMODAL_DATA/Multimodal_Data/Cat1/opposite/bag_files/Cat1_20mph_lr_opposite_0/camera_images/1624829171.7305245.jpg
Cat1,20mph,lr,opposite,0,1624829171.7638578,/media/batool/MULTIMODAL_DATA/Multimodal_Data/Cat1/opposite/bag_files/Cat1_20mph_lr_opposite_0/camera_images/1624829171.7638578.jpg
Cat1,20mph,lr,opposite,0,1624829171.8305244,/media/batool/MULTIMODAL_DATA/Multimodal_Data/Cat1/opposite/bag_files/Cat1_20mph_lr_opposite_0/camera_images/1624829171.8305244.jpg
Cat1,20mph,lr,opposite,0,1624829171.8638577,/media/batool/MULTIMODAL_DATA/Multimodal_Data/Cat1/opposite/bag_files/Cat1_20mph_lr_opposite_0/camera_images/1624829171.8638577.jpg
Cat1,20mph,lr,opposite,0,1624829171.897191,/media/batool/MULTIMODAL_DATA/Multimodal_Data/Cat1/opposite/bag_files/Cat1_20mph_lr_opposite_0/camera_images/1624829171.897191.jpg
Cat1,20mph,lr,opposite,0,1624829171.9305243,/media/batool/MULTIMODAL_DATA/Multimodal_Data/Cat1/opposite/bag_files/Cat1_20mph_lr_opposite_0/camera_images/1624829171.9305243.jpg
Cat1,20mph,lr,opposite,0,1624829171.9638577,/media/batool/MULTIMODAL_DATA/Multimodal_Data/Cat1/opposite/bag_files/Cat1_20mph_lr_opposite_0/camera_images/1624829171.9638577.jpg
Cat1,20mph,lr,opposite,0,1624829171.997191,/media/batool/MULTIMODAL_DATA/Multimodal_Data/Cat1/opposite/bag_files/Cat1_20mph_lr_opposite_0/camera_images/1624829171.997191.jpg
Cat1,20mph,lr,opposite,0,1624829172.0305243,/media/batool/MULTIMODAL_DATA/Multimodal_Data/Cat1/opposite/bag_files/Cat1_20mph_lr_opposite_0/camera_images/1624829172.0305243.jpg
Cat1,20mph,lr,opposite,0,1624829172.0638576,/media/batool/MULTIMODAL_DATA/Multimodal_Data/Cat1/opposite/bag_files/Cat1_20mph_lr_opposite_0/camera_images/1624829172.0638576.jpg
Cat1,20mph,lr,opposite,0,1624829172.0971909,/media/batool/MULTIMODAL_DATA/Multimodal_Data/Cat1/opposite/bag_files/Cat1_20mph_lr_opposite_0/camera_images/1624829172.0971909.jpg
Cat1,20mph,lr,opposite,0,1624829172.1305242,/media/batool/MULTIMODAL_DATA/Multimodal_Data/Cat1/opposite/bag_files/Cat1_20mph_lr_opposite_0/camera_images/1624829172.1305242.jpg
Cat1,20mph,lr,opposite,0,1624829172.1638575,/media/batool/MULTIMODAL_DATA/Multimodal_Data/Cat1/opposite/bag_files/Cat1_20mph_lr_opposite_0/camera_images/1624829172.1638575.jpg
Cat1,20mph,lr,opposite,0,1624829172.1971908,/media/batool/MULTIMODAL_DATA/Multimodal_Data/Cat1/opposite/bag_files/Cat1_20mph_lr_opposite_0/camera_images/1624829172.1971908.jpg
Cat1,20mph,lr,opposite,0,1624829172.230524,/media/batool/MULTIMODAL_DATA/Multimodal_Data/Cat1/opposite/bag_files/Cat1_20mph_lr_opposite_0/camera_images/1624829172.230524.jpg
Cat1,20mph,lr,opposite,0,1624829172.2638574,/media/batool/MULTIMODAL_DATA/Multimodal_Data/Cat1/opposite/bag_files/Cat1_20mph_lr_opposite_0/camera_images/1624829172.2638574.jpg
Cat1,20mph,lr,opposite,0,1624829172.2971907,/media/batool/MULTIMODAL_DATA/Multimodal_Data/Cat1/opposite/bag_files/Cat1_20mph_lr_opposite_0/camera_images/1624829172.2971907.jpg
Cat1,20mph,lr,opposite,0,1624829172.3638573,/media/batool/MULTIMODAL_DATA/Multimodal_Data/Cat1/opposite/bag_files/Cat1_20mph_lr_opposite_0/camera_images/1624829172.3638573.jpg
Cat1,20mph,lr,opposite,0,1624829172.3971906,/media/batool/MULTIMODAL_DATA/Multimodal_Data/Cat1/opposite/bag_files/Cat1_20mph_lr_opposite_0/camera_images/1624829172.3971906.jpg
Cat1,20mph,lr,opposite,0,1624829172.4305239,/media/batool/MULTIMODAL_DATA/Multimodal_Data/Cat1/opposite/bag_files/Cat1_20mph_lr_opposite_0/camera_images/1624829172.4305239.jpg
Cat1,20mph,lr,opposite,0,1624829172.4638572,/media/batool/MULTIMODAL_DATA/Multimodal_Data/Cat1/opposite/bag_files/Cat1_20mph_lr_opposite_0/camera_images/1624829172.4638572.jpg
Cat1,20mph,lr,opposite,0,1624829172.4971905,/media/batool/MULTIMODAL_DATA/Multimodal_Data/Cat1/opposite/bag_files/Cat1_20mph_lr_opposite_0/camera_images/1624829172.4971905.jpg
Cat1,20mph,lr,opposite,0,1624829172.5305238,/media/batool/MULTIMODAL_DATA/Multimodal_Data/Cat1/opposite/bag_files/Cat1_20mph_lr_opposite_0/camera_images/1624829172.5305238.jpg
Cat1,20mph,lr,opposite,0,1624829172.563857,/media/batool/MULTIMODAL_DATA/Multimodal_Data/Cat1/opposite/bag_files/Cat1_20mph_lr_opposite_0/camera_images/1624829172.563857.jpg
Cat1,20mph,lr,opposite,0,1624829172.5971904,/media/batool/MULTIMODAL_DATA/Multimodal_Data/Cat1/opposite/bag_files/Cat1_20mph_lr_opposite_0/camera_images/1624829172.5971904.jpg
Cat1,20mph,lr,opposite,0,1624829172.6305237,/media/batool/MULTIMODAL_DATA/Multimodal_Data/Cat1/opposite/bag_files/Cat1_20mph_lr_opposite_0/camera_images/1624829172.6305237.jpg
Cat1,20mph,lr,opposite,0,1624829172.663857,/media/batool/MULTIMODAL_DATA/Multimodal_Data/Cat1/opposite/bag_files/Cat1_20mph_lr_opposite_0/camera_images/1624829172.663857.jpg
Cat1,20mph,lr,opposite,0,1624829172.6971903,/media/batool/MULTIMODAL_DATA/Multimodal_Data/Cat1/opposite/bag_files/Cat1_20mph_lr_opposite_0/camera_images/1624829172.6971903.jpg
Cat1,20mph,lr,opposite,0,1624829172.7305236,/media/batool/MULTIMODAL_DATA/Multimodal_Data/Cat1/opposite/bag_files/Cat1_20mph_lr_opposite_0/camera_images/1624829172.7305236.jpg
Cat1,20mph,lr,opposite,0,1624829172.763857,/media/batool/MULTIMODAL_DATA/Multimodal_Data/Cat1/opposite/bag_files/Cat1_20mph_lr_opposite_0/camera_images/1624829172.763857.jpg
Cat1,20mph,lr,opposite,0,1624829172.7971902,/media/batool/MULTIMODAL_DATA/Multimodal_Data/Cat1/opposite/bag_files/Cat1_20mph_lr_opposite_0/camera_images/1624829172.7971902.jpg
Cat1,20mph,lr,opposite,0,1624829172.8305235,/media/batool/MULTIMODAL_DATA/Multimodal_Data/Cat1/opposite/bag_files/Cat1_20mph_lr_opposite_0/camera_images/1624829172.8305235.jpg
Cat1,20mph,lr,opposite,0,1624829172.89719,/media/batool/MULTIMODAL_DATA/Multimodal_Data/Cat1/opposite/bag_files/Cat1_20mph_lr_opposite_0/camera_images/1624829172.89719.jpg
Cat1,20mph,lr,opposite,0,1624829172.9305234,/media/batool/MULTIMODAL_DATA/Multimodal_Data/Cat1/opposite/bag_files/Cat1_20mph_lr_opposite_0/camera_images/1624829172.9305234.jpg
Cat1,20mph,lr,opposite,0,1624829172.9638567,/media/batool/MULTIMODAL_DATA/Multimodal_Data/Cat1/opposite/bag_files/Cat1_20mph_lr_opposite_0/camera_images/1624829172.9638567.jpg
Cat1,20mph,lr,opposite,0,1624829172.99719,/media/batool/MULTIMODAL_DATA/Multimodal_Data/Cat1/opposite/bag_files/Cat1_20mph_lr_opposite_0/camera_images/1624829172.99719.jpg
Cat1,20mph,lr,opposite,0,1624829173.0305233,/media/batool/MULTIMODAL_DATA/Multimodal_Data/Cat1/opposite/bag_files/Cat1_20mph_lr_opposite_0/camera_images/1624829173.0305233.jpg
Cat1,20mph,lr,opposite,0,1624829173.0638566,/media/batool/MULTIMODAL_DATA/Multimodal_Data/Cat1/opposite/bag_files/Cat1_20mph_lr_opposite_0/camera_images/1624829173.0638566.jpg
Cat1,20mph,lr,opposite,0,1624829173.09719,/media/batool/MULTIMODAL_DATA/Multimodal_Data/Cat1/opposite/bag_files/Cat1_20mph_lr_opposite_0/camera_images/1624829173.09719.jpg
Cat1,20mph,lr,opposite,0,1624829173.1305232,/media/batool/MULTIMODAL_DATA/Multimodal_Data/Cat1/opposite/bag_files/Cat1_20mph_lr_opposite_0/camera_images/1624829173.1305232.jpg
Cat1,20mph,lr,opposite,0,1624829173.1638565,/media/batool/MULTIMODAL_DATA/Multimodal_Data/Cat1/opposite/bag_files/Cat1_20mph_lr_opposite_0/camera_images/1624829173.1638565.jpg
Cat1,20mph,lr,opposite,0,1624829173.1971898,/media/batool/MULTIMODAL_DATA/Multimodal_Data/Cat1/opposite/bag_files/Cat1_20mph_lr_opposite_0/camera_images/1624829173.1971898.jpg
Cat1,20mph,lr,opposite,0,1624829173.230523,/media/batool/MULTIMODAL_DATA/Multimodal_Data/Cat1/opposite/bag_files/Cat1_20mph_lr_opposite_0/camera_images/1624829173.230523.jpg
Cat1,20mph,lr,opposite,0,1624829173.2638564,/media/batool/MULTIMODAL_DATA/Multimodal_Data/Cat1/opposite/bag_files/Cat1_20mph_lr_opposite_0/camera_images/1624829173.2638564.jpg
Cat1,20mph,lr,opposite,0,1624829173.2971897,/media/batool/MULTIMODAL_DATA/Multimodal_Data/Cat1/opposite/bag_files/Cat1_20mph_lr_opposite_0/camera_images/1624829173.2971897.jpg
Cat1,20mph,lr,opposite,0,1624829173.330523,/media/batool/MULTIMODAL_DATA/Multimodal_Data/Cat1/opposite/bag_files/Cat1_20mph_lr_opposite_0/camera_images/1624829173.330523.jpg
Cat1,20mph,lr,opposite,0,1624829173.3638563,/media/batool/MULTIMODAL_DATA/Multimodal_Data/Cat1/opposite/bag_files/Cat1_20mph_lr_opposite_0/camera_images/1624829173.3638563.jpg
Cat1,20mph,lr,opposite,0,1624829173.430523,/media/batool/MULTIMODAL_DATA/Multimodal_Data/Cat1/opposite/bag_files/Cat1_20mph_lr_opposite_0/camera_images/1624829173.430523.jpg
Cat1,20mph,lr,opposite,0,1624829173.4638562,/media/batool/MULTIMODAL_DATA/Multimodal_Data/Cat1/opposite/bag_files/Cat1_20mph_lr_opposite_0/camera_images/1624829173.4638562.jpg
Cat1,20mph,lr,opposite,0,1624829173.4971895,/media/batool/MULTIMODAL_DATA/Multimodal_Data/Cat1/opposite/bag_files/Cat1_20mph_lr_opposite_0/camera_images/1624829173.4971895.jpg
Cat1,20mph,lr,opposite,0,1624829173.5305228,/media/batool/MULTIMODAL_DATA/Multimodal_Data/Cat1/opposite/bag_files/Cat1_20mph_lr_opposite_0/camera_images/1624829173.5305228.jpg
Cat1,20mph,lr,opposite,0,1624829173.5638561,/media/batool/MULTIMODAL_DATA/Multimodal_Data/Cat1/opposite/bag_files/Cat1_20mph_lr_opposite_0/camera_images/1624829173.5638561.jpg
Cat1,20mph,lr,opposite,0,1624829173.5971894,/media/batool/MULTIMODAL_DATA/Multimodal_Data/Cat1/opposite/bag_files/Cat1_20mph_lr_opposite_0/camera_images/1624829173.5971894.jpg
Cat1,20mph,lr,opposite,0,1624829173.6305227,/media/batool/MULTIMODAL_DATA/Multimodal_Data/Cat1/opposite/bag_files/Cat1_20mph_lr_opposite_0/camera_images/1624829173.6305227.jpg
Cat1,20mph,lr,opposite,0,1624829173.663856,/media/batool/MULTIMODAL_DATA/Multimodal_Data/Cat1/opposite/bag_files/Cat1_20mph_lr_opposite_0/camera_images/1624829173.663856.jpg
Cat1,20mph,lr,opposite,0,1624829173.6971893,/media/batool/MULTIMODAL_DATA/Multimodal_Data/Cat1/opposite/bag_files/Cat1_20mph_lr_opposite_0/camera_images/1624829173.6971893.jpg
Cat1,20mph,lr,opposite,0,1624829173.7305226,/media/batool/MULTIMODAL_DATA/Multimodal_Data/Cat1/opposite/bag_files/Cat1_20mph_lr_opposite_0/camera_images/1624829173.7305226.jpg
Cat1,20mph,lr,opposite,0,1624829173.763856,/media/batool/MULTIMODAL_DATA/Multimodal_Data/Cat1/opposite/bag_files/Cat1_20mph_lr_opposite_0/camera_images/1624829173.763856.jpg
Cat1,20mph,lr,opposite,0,1624829173.7971892,/media/batool/MULTIMODAL_DATA/Multimodal_Data/Cat1/opposite/bag_files/Cat1_20mph_lr_opposite_0/camera_images/1624829173.7971892.jpg
Cat1,20mph,lr,opposite,0,1624829173.8305225,/media/batool/MULTIMODAL_DATA/Multimodal_Data/Cat1/opposite/bag_files/Cat1_20mph_lr_opposite_0/camera_images/1624829173.8305225.jpg
Cat1,20mph,lr,opposite,0,1624829173.8638558,/media/batool/MULTIMODAL_DATA/Multimodal_Data/Cat1/opposite/bag_files/Cat1_20mph_lr_opposite_0/camera_images/1624829173.8638558.jpg
Cat1,20mph,lr,opposite,0,1624829173.8971891,/media/batool/MULTIMODAL_DATA/Multimodal_Data/Cat1/opposite/bag_files/Cat1_20mph_lr_opposite_0/camera_images/1624829173.8971891.jpg
Cat1,20mph,lr,opposite,0,1624829173.9638557,/media/batool/MULTIMODAL_DATA/Multimodal_Data/Cat1/opposite/bag_files/Cat1_20mph_lr_opposite_0/camera_images/1624829173.9638557.jpg
Cat1,20mph,lr,opposite,0,1624829173.997189,/media/batool/MULTIMODAL_DATA/Multimodal_Data/Cat1/opposite/bag_files/Cat1_20mph_lr_opposite_0/camera_images/1624829173.997189.jpg
Cat1,20mph,lr,opposite,0,1624829174.0305223,/media/batool/MULTIMODAL_DATA/Multimodal_Data/Cat1/opposite/bag_files/Cat1_20mph_lr_opposite_0/camera_images/1624829174.0305223.jpg
Cat1,20mph,lr,opposite,0,1624829174.0638556,/media/batool/MULTIMODAL_DATA/Multimodal_Data/Cat1/opposite/bag_files/Cat1_20mph_lr_opposite_0/camera_images/1624829174.0638556.jpg
Cat1,20mph,lr,opposite,0,1624829174.097189,/media/batool/MULTIMODAL_DATA/Multimodal_Data/Cat1/opposite/bag_files/Cat1_20mph_lr_opposite_0/camera_images/1624829174.097189.jpg
Cat1,20mph,lr,opposite,0,1624829174.1305223,/media/batool/MULTIMODAL_DATA/Multimodal_Data/Cat1/opposite/bag_files/Cat1_20mph_lr_opposite_0/camera_images/1624829174.1305223.jpg
Cat1,20mph,lr,opposite,0,1624829174.1638556,/media/batool/MULTIMODAL_DATA/Multimodal_Data/Cat1/opposite/bag_files/Cat1_20mph_lr_opposite_0/camera_images/1624829174.1638556.jpg
Cat1,20mph,lr,opposite,0,1624829174.1971889,/media/batool/MULTIMODAL_DATA/Multimodal_Data/Cat1/opposite/bag_files/Cat1_20mph_lr_opposite_0/camera_images/1624829174.1971889.jpg
Cat1,20mph,lr,opposite,0,1624829174.2305222,/media/batool/MULTIMODAL_DATA/Multimodal_Data/Cat1/opposite/bag_files/Cat1_20mph_lr_opposite_0/camera_images/1624829174.2305222.jpg
Cat1,20mph,lr,opposite,0,1624829174.2638555,/media/batool/MULTIMODAL_DATA/Multimodal_Data/Cat1/opposite/bag_files/Cat1_20mph_lr_opposite_0/camera_images/1624829174.2638555.jpg
Cat1,20mph,lr,opposite,0,1624829174.2971888,/media/batool/MULTIMODAL_DATA/Multimodal_Data/Cat1/opposite/bag_files/Cat1_20mph_lr_opposite_0/camera_images/1624829174.2971888.jpg
Cat1,20mph,lr,opposite,0,1624829174.330522,/media/batool/MULTIMODAL_DATA/Multimodal_Data/Cat1/opposite/bag_files/Cat1_20mph_lr_opposite_0/camera_images/1624829174.330522.jpg
Cat1,20mph,lr,opposite,0,1624829174.3638554,/media/batool/MULTIMODAL_DATA/Multimodal_Data/Cat1/opposite/bag_files/Cat1_20mph_lr_opposite_0/camera_images/1624829174.3638554.jpg
Cat1,20mph,lr,opposite,0,1624829174.3971887,/media/batool/MULTIMODAL_DATA/Multimodal_Data/Cat1/opposite/bag_files/Cat1_20mph_lr_opposite_0/camera_images/1624829174.3971887.jpg
Cat1,20mph,lr,opposite,0,1624829174.430522,/media/batool/MULTIMODAL_DATA/Multimodal_Data/Cat1/opposite/bag_files/Cat1_20mph_lr_opposite_0/camera_images/1624829174.430522.jpg
Cat1,20mph,lr,opposite,0,1624829174.4971886,/media/batool/MULTIMODAL_DATA/Multimodal_Data/Cat1/opposite/bag_files/Cat1_20mph_lr_opposite_0/camera_images/1624829174.4971886.jpg
Cat1,20mph,lr,opposite,0,1624829174.5305219,/media/batool/MULTIMODAL_DATA/Multimodal_Data/Cat1/opposite/bag_files/Cat1_20mph_lr_opposite_0/camera_images/1624829174.5305219.jpg
Cat1,20mph,lr,opposite,0,1624829174.5638552,/media/batool/MULTIMODAL_DATA/Multimodal_Data/Cat1/opposite/bag_files/Cat1_20mph_lr_opposite_0/camera_images/1624829174.5638552.jpg
Cat1,20mph,lr,opposite,0,1624829174.5971885,/media/batool/MULTIMODAL_DATA/Multimodal_Data/Cat1/opposite/bag_files/Cat1_20mph_lr_opposite_0/camera_images/1624829174.5971885.jpg
Cat1,20mph,lr,opposite,0,1624829174.6305218,/media/batool/MULTIMODAL_DATA/Multimodal_Data/Cat1/opposite/bag_files/Cat1_20mph_lr_opposite_0/camera_images/1624829174.6305218.jpg
Cat1,20mph,lr,opposite,0,1624829174.663855,/media/batool/MULTIMODAL_DATA/Multimodal_Data/Cat1/opposite/bag_files/Cat1_20mph_lr_opposite_0/camera_images/1624829174.663855.jpg
Cat1,20mph,lr,opposite,0,1624829174.6971884,/media/batool/MULTIMODAL_DATA/Multimodal_Data/Cat1/opposite/bag_files/Cat1_20mph_lr_opposite_0/camera_images/1624829174.6971884.jpg
Cat1,20mph,lr,opposite,0,1624829174.7305217,/media/batool/MULTIMODAL_DATA/Multimodal_Data/Cat1/opposite/bag_files/Cat1_20mph_lr_opposite_0/camera_images/1624829174.7305217.jpg
Cat1,20mph,lr,opposite,0,1624829174.763855,/media/batool/MULTIMODAL_DATA/Multimodal_Data/Cat1/opposite/bag_files/Cat1_20mph_lr_opposite_0/camera_images/1624829174.763855.jpg
Cat1,20mph,lr,opposite,0,1624829174.7971883,/media/batool/MULTIMODAL_DATA/Multimodal_Data/Cat1/opposite/bag_files/Cat1_20mph_lr_opposite_0/camera_images/1624829174.7971883.jpg
Cat1,20mph,lr,opposite,0,1624829174.8305216,/media/batool/MULTIMODAL_DATA/Multimodal_Data/Cat1/opposite/bag_files/Cat1_20mph_lr_opposite_0/camera_images/1624829174.8305216.jpg
Cat1,20mph,lr,opposite,0,1624829174.863855,/media/batool/MULTIMODAL_DATA/Multimodal_Data/Cat1/opposite/bag_files/Cat1_20mph_lr_opposite_0/camera_images/1624829174.863855.jpg
Cat1,20mph,lr,opposite,0,1624829174.8971882,/media/batool/MULTIMODAL_DATA/Multimodal_Data/Cat1/opposite/bag_files/Cat1_20mph_lr_opposite_0/camera_images/1624829174.8971882.jpg
Cat1,20mph,lr,opposite,0,1624829174.9305215,/media/batool/MULTIMODAL_DATA/Multimodal_Data/Cat1/opposite/bag_files/Cat1_20mph_lr_opposite_0/camera_images/1624829174.9305215.jpg
Cat1,20mph,lr,opposite,0,1624829174.9638548,/media/batool/MULTIMODAL_DATA/Multimodal_Data/Cat1/opposite/bag_files/Cat1_20mph_lr_opposite_0/camera_images/1624829174.9638548.jpg
Cat1,20mph,lr,opposite,0,1624829175.0305214,/media/batool/MULTIMODAL_DATA/Multimodal_Data/Cat1/opposite/bag_files/Cat1_20mph_lr_opposite_0/camera_images/1624829175.0305214.jpg
Cat1,20mph,lr,opposite,0,1624829175.0638547,/media/batool/MULTIMODAL_DATA/Multimodal_Data/Cat1/opposite/bag_files/Cat1_20mph_lr_opposite_0/camera_images/1624829175.0638547.jpg
Cat1,20mph,lr,opposite,0,1624829175.097188,/media/batool/MULTIMODAL_DATA/Multimodal_Data/Cat1/opposite/bag_files/Cat1_20mph_lr_opposite_0/camera_images/1624829175.097188.jpg
Cat1,20mph,lr,opposite,0,1624829175.1305213,/media/batool/MULTIMODAL_DATA/Multimodal_Data/Cat1/opposite/bag_files/Cat1_20mph_lr_opposite_0/camera_images/1624829175.1305213.jpg
Cat1,20mph,lr,opposite,0,1624829175.1638546,/media/batool/MULTIMODAL_DATA/Multimodal_Data/Cat1/opposite/bag_files/Cat1_20mph_lr_opposite_0/camera_images/1624829175.1638546.jpg
Cat1,20mph,lr,opposite,0,1624829175.197188,/media/batool/MULTIMODAL_DATA/Multimodal_Data/Cat1/opposite/bag_files/Cat1_20mph_lr_opposite_0/camera_images/1624829175.197188.jpg
Cat1,20mph,lr,opposite,0,1624829175.2305212,/media/batool/MULTIMODAL_DATA/Multimodal_Data/Cat1/opposite/bag_files/Cat1_20mph_lr_opposite_0/camera_images/1624829175.2305212.jpg
Cat1,20mph,lr,opposite,0,1624829175.2638545,/media/batool/MULTIMODAL_DATA/Multimodal_Data/Cat1/opposite/bag_files/Cat1_20mph_lr_opposite_0/camera_images/1624829175.2638545.jpg
Cat1,20mph,lr,opposite,0,1624829175.2971878,/media/batool/MULTIMODAL_DATA/Multimodal_Data/Cat1/opposite/bag_files/Cat1_20mph_lr_opposite_0/camera_images/1624829175.2971878.jpg
Cat1,20mph,lr,opposite,0,1624829175.330521,/media/batool/MULTIMODAL_DATA/Multimodal_Data/Cat1/opposite/bag_files/Cat1_20mph_lr_opposite_0/camera_images/1624829175.330521.jpg
Cat1,20mph,lr,opposite,0,1624829175.3638544,/media/batool/MULTIMODAL_DATA/Multimodal_Data/Cat1/opposite/bag_files/Cat1_20mph_lr_opposite_0/camera_images/1624829175.3638544.jpg
Cat1,20mph,lr,opposite,0,1624829175.3971877,/media/batool/MULTIMODAL_DATA/Multimodal_Data/Cat1/opposite/bag_files/Cat1_20mph_lr_opposite_0/camera_images/1624829175.3971877.jpg
Cat1,20mph,lr,opposite,0,1624829175.430521,/media/batool/MULTIMODAL_DATA/Multimodal_Data/Cat1/opposite/bag_files/Cat1_20mph_lr_opposite_0/camera_images/1624829175.430521.jpg
Cat1,20mph,lr,opposite,0,1624829175.4638543,/media/batool/MULTIMODAL_DATA/Multimodal_Data/Cat1/opposite/bag_files/Cat1_20mph_lr_opposite_0/camera_images/1624829175.4638543.jpg
Cat1,20mph,lr,opposite,0,1624829175.4971876,/media/batool/MULTIMODAL_DATA/Multimodal_Data/Cat1/opposite/bag_files/Cat1_20mph_lr_opposite_0/camera_images/1624829175.4971876.jpg
Cat1,20mph,lr,opposite,0,1624829175.5638542,/media/batool/MULTIMODAL_DATA/Multimodal_Data/Cat1/opposite/bag_files/Cat1_20mph_lr_opposite_0/camera_images/1624829175.5638542.jpg
Cat1,20mph,lr,opposite,0,1624829175.5971875,/media/batool/MULTIMODAL_DATA/Multimodal_Data/Cat1/opposite/bag_files/Cat1_20mph_lr_opposite_0/camera_images/1624829175.5971875.jpg
Cat1,20mph,lr,opposite,0,1624829175.6305208,/media/batool/MULTIMODAL_DATA/Multimodal_Data/Cat1/opposite/bag_files/Cat1_20mph_lr_opposite_0/camera_images/1624829175.6305208.jpg
Cat1,20mph,lr,opposite,0,1624829175.6638541,/media/batool/MULTIMODAL_DATA/Multimodal_Data/Cat1/opposite/bag_files/Cat1_20mph_lr_opposite_0/camera_images/1624829175.6638541.jpg
Cat1,20mph,lr,opposite,0,1624829175.6971874,/media/batool/MULTIMODAL_DATA/Multimodal_Data/Cat1/opposite/bag_files/Cat1_20mph_lr_opposite_0/camera_images/1624829175.6971874.jpg
Cat1,20mph,lr,opposite,0,1624829175.7305207,/media/batool/MULTIMODAL_DATA/Multimodal_Data/Cat1/opposite/bag_files/Cat1_20mph_lr_opposite_0/camera_images/1624829175.7305207.jpg
Cat1,20mph,lr,opposite,0,1624829175.763854,/media/batool/MULTIMODAL_DATA/Multimodal_Data/Cat1/opposite/bag_files/Cat1_20mph_lr_opposite_0/camera_images/1624829175.763854.jpg
Cat1,20mph,lr,opposite,0,1624829175.7971873,/media/batool/MULTIMODAL_DATA/Multimodal_Data/Cat1/opposite/bag_files/Cat1_20mph_lr_opposite_0/camera_images/1624829175.7971873.jpg
Cat1,20mph,lr,opposite,0,1624829175.8305206,/media/batool/MULTIMODAL_DATA/Multimodal_Data/Cat1/opposite/bag_files/Cat1_20mph_lr_opposite_0/camera_images/1624829175.8305206.jpg
Cat1,20mph,lr,opposite,0,1624829175.863854,/media/batool/MULTIMODAL_DATA/Multimodal_Data/Cat1/opposite/bag_files/Cat1_20mph_lr_opposite_0/camera_images/1624829175.863854.jpg
Cat1,20mph,lr,opposite,0,1624829175.8971872,/media/batool/MULTIMODAL_DATA/Multimodal_Data/Cat1/opposite/bag_files/Cat1_20mph_lr_opposite_0/camera_images/1624829175.8971872.jpg
Cat1,20mph,lr,opposite,0,1624829175.9305205,/media/batool/MULTIMODAL_DATA/Multimodal_Data/Cat1/opposite/bag_files/Cat1_20mph_lr_opposite_0/camera_images/1624829175.9305205.jpg
Cat1,20mph,lr,opposite,0,1624829175.9638538,/media/batool/MULTIMODAL_DATA/Multimodal_Data/Cat1/opposite/bag_files/Cat1_20mph_lr_opposite_0/camera_images/1624829175.9638538.jpg
Cat1,20mph,lr,opposite,0,1624829175.9971871,/media/batool/MULTIMODAL_DATA/Multimodal_Data/Cat1/opposite/bag_files/Cat1_20mph_lr_opposite_0/camera_images/1624829175.9971871.jpg
Cat1,20mph,lr,opposite,0,1624829176.0305204,/media/batool/MULTIMODAL_DATA/Multimodal_Data/Cat1/opposite/bag_files/Cat1_20mph_lr_opposite_0/camera_images/1624829176.0305204.jpg
Cat1,20mph,lr,opposite,0,1624829176.097187,/media/batool/MULTIMODAL_DATA/Multimodal_Data/Cat1/opposite/bag_files/Cat1_20mph_lr_opposite_0/camera_images/1624829176.097187.jpg
Cat1,20mph,lr,opposite,0,1624829176.1305203,/media/batool/MULTIMODAL_DATA/Multimodal_Data/Cat1/opposite/bag_files/Cat1_20mph_lr_opposite_0/camera_images/1624829176.1305203.jpg
Cat1,20mph,lr,opposite,0,1624829176.1638536,/media/batool/MULTIMODAL_DATA/Multimodal_Data/Cat1/opposite/bag_files/Cat1_20mph_lr_opposite_0/camera_images/1624829176.1638536.jpg
Cat1,20mph,lr,opposite,0,1624829176.197187,/media/batool/MULTIMODAL_DATA/Multimodal_Data/Cat1/opposite/bag_files/Cat1_20mph_lr_opposite_0/camera_images/1624829176.197187.jpg
Cat1,20mph,lr,opposite,0,1624829176.2305202,/media/batool/MULTIMODAL_DATA/Multimodal_Data/Cat1/opposite/bag_files/Cat1_20mph_lr_opposite_0/camera_images/1624829176.2305202.jpg
Cat1,20mph,lr,opposite,0,1624829176.2638535,/media/batool/MULTIMODAL_DATA/Multimodal_Data/Cat1/opposite/bag_files/Cat1_20mph_lr_opposite_0/camera_images/1624829176.2638535.jpg
Cat1,20mph,lr,opposite,0,1624829176.2971869,/media/batool/MULTIMODAL_DATA/Multimodal_Data/Cat1/opposite/bag_files/Cat1_20mph_lr_opposite_0/camera_images/1624829176.2971869.jpg
Cat1,20mph,lr,opposite,0,1624829176.3305202,/media/batool/MULTIMODAL_DATA/Multimodal_Data/Cat1/opposite/bag_files/Cat1_20mph_lr_opposite_0/camera_images/1624829176.3305202.jpg
Cat1,20mph,lr,opposite,0,1624829176.3638535,/media/batool/MULTIMODAL_DATA/Multimodal_Data/Cat1/opposite/bag_files/Cat1_20mph_lr_opposite_0/camera_images/1624829176.3638535.jpg
Cat1,20mph,lr,opposite,0,1624829176.3971868,/media/batool/MULTIMODAL_DATA/Multimodal_Data/Cat1/opposite/bag_files/Cat1_20mph_lr_opposite_0/camera_images/1624829176.3971868.jpg
Cat1,20mph,lr,opposite,0,1624829176.43052,/media/batool/MULTIMODAL_DATA/Multimodal_Data/Cat1/opposite/bag_files/Cat1_20mph_lr_opposite_0/camera_images/1624829176.43052.jpg
Cat1,20mph,lr,opposite,0,1624829176.4638534,/media/batool/MULTIMODAL_DATA/Multimodal_Data/Cat1/opposite/bag_files/Cat1_20mph_lr_opposite_0/camera_images/1624829176.4638534.jpg
Cat1,20mph,lr,opposite,0,1624829176.4971867,/media/batool/MULTIMODAL_DATA/Multimodal_Data/Cat1/opposite/bag_files/Cat1_20mph_lr_opposite_0/camera_images/1624829176.4971867.jpg
Cat1,20mph,lr,opposite,0,1624829176.53052,/media/batool/MULTIMODAL_DATA/Multimodal_Data/Cat1/opposite/bag_files/Cat1_20mph_lr_opposite_0/camera_images/1624829176.53052.jpg
Cat1,20mph,lr,opposite,0,1624829176.5638533,/media/batool/MULTIMODAL_DATA/Multimodal_Data/Cat1/opposite/bag_files/Cat1_20mph_lr_opposite_0/camera_images/1624829176.5638533.jpg
Cat1,20mph,lr,opposite,0,1624829176.6305199,/media/batool/MULTIMODAL_DATA/Multimodal_Data/Cat1/opposite/bag_files/Cat1_20mph_lr_opposite_0/camera_images/1624829176.6305199.jpg
Cat1,20mph,lr,opposite,0,1624829176.6638532,/media/batool/MULTIMODAL_DATA/Multimodal_Data/Cat1/opposite/bag_files/Cat1_20mph_lr_opposite_0/camera_images/1624829176.6638532.jpg
Cat1,20mph,lr,opposite,0,1624829176.6971865,/media/batool/MULTIMODAL_DATA/Multimodal_Data/Cat1/opposite/bag_files/Cat1_20mph_lr_opposite_0/camera_images/1624829176.6971865.jpg
Cat1,20mph,lr,opposite,0,1624829176.7305198,/media/batool/MULTIMODAL_DATA/Multimodal_Data/Cat1/opposite/bag_files/Cat1_20mph_lr_opposite_0/camera_images/1624829176.7305198.jpg
Cat1,20mph,lr,opposite,0,1624829176.763853,/media/batool/MULTIMODAL_DATA/Multimodal_Data/Cat1/opposite/bag_files/Cat1_20mph_lr_opposite_0/camera_images/1624829176.763853.jpg
Cat1,20mph,lr,opposite,0,1624829176.7971864,/media/batool/MULTIMODAL_DATA/Multimodal_Data/Cat1/opposite/bag_files/Cat1_20mph_lr_opposite_0/camera_images/1624829176.7971864.jpg
Cat1,20mph,lr,opposite,0,1624829176.8305197,/media/batool/MULTIMODAL_DATA/Multimodal_Data/Cat1/opposite/bag_files/Cat1_20mph_lr_opposite_0/camera_images/1624829176.8305197.jpg
Cat1,20mph,lr,opposite,0,1624829176.863853,/media/batool/MULTIMODAL_DATA/Multimodal_Data/Cat1/opposite/bag_files/Cat1_20mph_lr_opposite_0/camera_images/1624829176.863853.jpg
Cat1,20mph,lr,opposite,0,1624829176.8971863,/media/batool/MULTIMODAL_DATA/Multimodal_Data/Cat1/opposite/bag_files/Cat1_20mph_lr_opposite_0/camera_images/1624829176.8971863.jpg
Cat1,20mph,lr,opposite,0,1624829176.9305196,/media/batool/MULTIMODAL_DATA/Multimodal_Data/Cat1/opposite/bag_files/Cat1_20mph_lr_opposite_0/camera_images/1624829176.9305196.jpg
Cat1,20mph,lr,opposite,0,1624829176.963853,/media/batool/MULTIMODAL_DATA/Multimodal_Data/Cat1/opposite/bag_files/Cat1_20mph_lr_opposite_0/camera_images/1624829176.963853.jpg
Cat1,20mph,lr,opposite,0,1624829176.9971862,/media/batool/MULTIMODAL_DATA/Multimodal_Data/Cat1/opposite/bag_files/Cat1_20mph_lr_opposite_0/camera_images/1624829176.9971862.jpg
Cat1,20mph,lr,opposite,0,1624829177.0305195,/media/batool/MULTIMODAL_DATA/Multimodal_Data/Cat1/opposite/bag_files/Cat1_20mph_lr_opposite_0/camera_images/1624829177.0305195.jpg
Cat1,20mph,lr,opposite,0,1624829177.0638528,/media/batool/MULTIMODAL_DATA/Multimodal_Data/Cat1/opposite/bag_files/Cat1_20mph_lr_opposite_0/camera_images/1624829177.0638528.jpg
Cat1,20mph,lr,opposite,0,1624829177.097186,/media/batool/MULTIMODAL_DATA/Multimodal_Data/Cat1/opposite/bag_files/Cat1_20mph_lr_opposite_0/camera_images/1624829177.097186.jpg
Cat1,20mph,lr,opposite,0,1624829177.1305194,/media/batool/MULTIMODAL_DATA/Multimodal_Data/Cat1/opposite/bag_files/Cat1_20mph_lr_opposite_0/camera_images/1624829177.1305194.jpg
Cat1,20mph,lr,opposite,0,1624829177.1638527,/media/batool/MULTIMODAL_DATA/Multimodal_Data/Cat1/opposite/bag_files/Cat1_20mph_lr_opposite_0/camera_images/1624829177.1638527.jpg
Cat1,20mph,lr,opposite,0,1624829177.197186,/media/batool/MULTIMODAL_DATA/Multimodal_Data/Cat1/opposite/bag_files/Cat1_20mph_lr_opposite_0/camera_images/1624829177.197186.jpg
Cat1,20mph,lr,opposite,0,1624829177.2305193,/media/batool/MULTIMODAL_DATA/Multimodal_Data/Cat1/opposite/bag_files/Cat1_20mph_lr_opposite_0/camera_images/1624829177.2305193.jpg
Cat1,20mph,lr,opposite,0,1624829177.2638526,/media/batool/MULTIMODAL_DATA/Multimodal_Data/Cat1/opposite/bag_files/Cat1_20mph_lr_opposite_0/camera_images/1624829177.2638526.jpg
Cat1,20mph,lr,opposite,0,1624829177.297186,/media/batool/MULTIMODAL_DATA/Multimodal_Data/Cat1/opposite/bag_files/Cat1_20mph_lr_opposite_0/camera_images/1624829177.297186.jpg
Cat1,20mph,lr,opposite,0,1624829177.3305192,/media/batool/MULTIMODAL_DATA/Multimodal_Data/Cat1/opposite/bag_files/Cat1_20mph_lr_opposite_0/camera_images/1624829177.3305192.jpg
Cat1,20mph,lr,opposite,0,1624829177.3638525,/media/batool/MULTIMODAL_DATA/Multimodal_Data/Cat1/opposite/bag_files/Cat1_20mph_lr_opposite_0/camera_images/1624829177.3638525.jpg
Cat1,20mph,lr,opposite,0,1624829177.3971858,/media/batool/MULTIMODAL_DATA/Multimodal_Data/Cat1/opposite/bag_files/Cat1_20mph_lr_opposite_0/camera_images/1624829177.3971858.jpg
