Category,speed,direction,lane,episode,Time header,lidar number,path to the file
Cat1,15mph,lr,opposite,1,1624827653.651067000,ns1,/media/batool/MULTIMODAL_DATA/Multimodal_Data/Cat1/opposite/bag_files/Cat1_15mph_lr_opposite_1/lidar_pcd/ns1/velodyne_points/1624827653.651067000.pcd
Cat1,15mph,lr,opposite,1,1624827653.751893000,ns1,/media/batool/MULTIMODAL_DATA/Multimodal_Data/Cat1/opposite/bag_files/Cat1_15mph_lr_opposite_1/lidar_pcd/ns1/velodyne_points/1624827653.751893000.pcd
Cat1,15mph,lr,opposite,1,1624827653.852777000,ns1,/media/batool/MULTIMODAL_DATA/Multimodal_Data/Cat1/opposite/bag_files/Cat1_15mph_lr_opposite_1/lidar_pcd/ns1/velodyne_points/1624827653.852777000.pcd
Cat1,15mph,lr,opposite,1,1624827653.953598000,ns1,/media/batool/MULTIMODAL_DATA/Multimodal_Data/Cat1/opposite/bag_files/Cat1_15mph_lr_opposite_1/lidar_pcd/ns1/velodyne_points/1624827653.953598000.pcd
Cat1,15mph,lr,opposite,1,1624827654.054493000,ns1,/media/batool/MULTIMODAL_DATA/Multimodal_Data/Cat1/opposite/bag_files/Cat1_15mph_lr_opposite_1/lidar_pcd/ns1/velodyne_points/1624827654.054493000.pcd
Cat1,15mph,lr,opposite,1,1624827654.155336000,ns1,/media/batool/MULTIMODAL_DATA/Multimodal_Data/Cat1/opposite/bag_files/Cat1_15mph_lr_opposite_1/lidar_pcd/ns1/velodyne_points/1624827654.155336000.pcd
Cat1,15mph,lr,opposite,1,1624827654.256168000,ns1,/media/batool/MULTIMODAL_DATA/Multimodal_Data/Cat1/opposite/bag_files/Cat1_15mph_lr_opposite_1/lidar_pcd/ns1/velodyne_points/1624827654.256168000.pcd
Cat1,15mph,lr,opposite,1,1624827654.357065000,ns1,/media/batool/MULTIMODAL_DATA/Multimodal_Data/Cat1/opposite/bag_files/Cat1_15mph_lr_opposite_1/lidar_pcd/ns1/velodyne_points/1624827654.357065000.pcd
Cat1,15mph,lr,opposite,1,1624827654.457909000,ns1,/media/batool/MULTIMODAL_DATA/Multimodal_Data/Cat1/opposite/bag_files/Cat1_15mph_lr_opposite_1/lidar_pcd/ns1/velodyne_points/1624827654.457909000.pcd
Cat1,15mph,lr,opposite,1,1624827654.558754000,ns1,/media/batool/MULTIMODAL_DATA/Multimodal_Data/Cat1/opposite/bag_files/Cat1_15mph_lr_opposite_1/lidar_pcd/ns1/velodyne_points/1624827654.558754000.pcd
Cat1,15mph,lr,opposite,1,1624827654.659638000,ns1,/media/batool/MULTIMODAL_DATA/Multimodal_Data/Cat1/opposite/bag_files/Cat1_15mph_lr_opposite_1/lidar_pcd/ns1/velodyne_points/1624827654.659638000.pcd
Cat1,15mph,lr,opposite,1,1624827654.760455000,ns1,/media/batool/MULTIMODAL_DATA/Multimodal_Data/Cat1/opposite/bag_files/Cat1_15mph_lr_opposite_1/lidar_pcd/ns1/velodyne_points/1624827654.760455000.pcd
Cat1,15mph,lr,opposite,1,1624827654.861316000,ns1,/media/batool/MULTIMODAL_DATA/Multimodal_Data/Cat1/opposite/bag_files/Cat1_15mph_lr_opposite_1/lidar_pcd/ns1/velodyne_points/1624827654.861316000.pcd
Cat1,15mph,lr,opposite,1,1624827654.962189000,ns1,/media/batool/MULTIMODAL_DATA/Multimodal_Data/Cat1/opposite/bag_files/Cat1_15mph_lr_opposite_1/lidar_pcd/ns1/velodyne_points/1624827654.962189000.pcd
Cat1,15mph,lr,opposite,1,1624827655.163916000,ns1,/media/batool/MULTIMODAL_DATA/Multimodal_Data/Cat1/opposite/bag_files/Cat1_15mph_lr_opposite_1/lidar_pcd/ns1/velodyne_points/1624827655.163916000.pcd
Cat1,15mph,lr,opposite,1,1624827655.264757000,ns1,/media/batool/MULTIMODAL_DATA/Multimodal_Data/Cat1/opposite/bag_files/Cat1_15mph_lr_opposite_1/lidar_pcd/ns1/velodyne_points/1624827655.264757000.pcd
Cat1,15mph,lr,opposite,1,1624827655.365613000,ns1,/media/batool/MULTIMODAL_DATA/Multimodal_Data/Cat1/opposite/bag_files/Cat1_15mph_lr_opposite_1/lidar_pcd/ns1/velodyne_points/1624827655.365613000.pcd
Cat1,15mph,lr,opposite,1,1624827655.466454000,ns1,/media/batool/MULTIMODAL_DATA/Multimodal_Data/Cat1/opposite/bag_files/Cat1_15mph_lr_opposite_1/lidar_pcd/ns1/velodyne_points/1624827655.466454000.pcd
Cat1,15mph,lr,opposite,1,1624827655.567317000,ns1,/media/batool/MULTIMODAL_DATA/Multimodal_Data/Cat1/opposite/bag_files/Cat1_15mph_lr_opposite_1/lidar_pcd/ns1/velodyne_points/1624827655.567317000.pcd
Cat1,15mph,lr,opposite,1,1624827655.668205000,ns1,/media/batool/MULTIMODAL_DATA/Multimodal_Data/Cat1/opposite/bag_files/Cat1_15mph_lr_opposite_1/lidar_pcd/ns1/velodyne_points/1624827655.668205000.pcd
Cat1,15mph,lr,opposite,1,1624827655.769059000,ns1,/media/batool/MULTIMODAL_DATA/Multimodal_Data/Cat1/opposite/bag_files/Cat1_15mph_lr_opposite_1/lidar_pcd/ns1/velodyne_points/1624827655.769059000.pcd
Cat1,15mph,lr,opposite,1,1624827655.869929000,ns1,/media/batool/MULTIMODAL_DATA/Multimodal_Data/Cat1/opposite/bag_files/Cat1_15mph_lr_opposite_1/lidar_pcd/ns1/velodyne_points/1624827655.869929000.pcd
Cat1,15mph,lr,opposite,1,1624827655.970786000,ns1,/media/batool/MULTIMODAL_DATA/Multimodal_Data/Cat1/opposite/bag_files/Cat1_15mph_lr_opposite_1/lidar_pcd/ns1/velodyne_points/1624827655.970786000.pcd
Cat1,15mph,lr,opposite,1,1624827656.071640000,ns1,/media/batool/MULTIMODAL_DATA/Multimodal_Data/Cat1/opposite/bag_files/Cat1_15mph_lr_opposite_1/lidar_pcd/ns1/velodyne_points/1624827656.071640000.pcd
Cat1,15mph,lr,opposite,1,1624827656.172484000,ns1,/media/batool/MULTIMODAL_DATA/Multimodal_Data/Cat1/opposite/bag_files/Cat1_15mph_lr_opposite_1/lidar_pcd/ns1/velodyne_points/1624827656.172484000.pcd
Cat1,15mph,lr,opposite,1,1624827656.273304000,ns1,/media/batool/MULTIMODAL_DATA/Multimodal_Data/Cat1/opposite/bag_files/Cat1_15mph_lr_opposite_1/lidar_pcd/ns1/velodyne_points/1624827656.273304000.pcd
Cat1,15mph,lr,opposite,1,1624827656.374182000,ns1,/media/batool/MULTIMODAL_DATA/Multimodal_Data/Cat1/opposite/bag_files/Cat1_15mph_lr_opposite_1/lidar_pcd/ns1/velodyne_points/1624827656.374182000.pcd
Cat1,15mph,lr,opposite,1,1624827656.475051000,ns1,/media/batool/MULTIMODAL_DATA/Multimodal_Data/Cat1/opposite/bag_files/Cat1_15mph_lr_opposite_1/lidar_pcd/ns1/velodyne_points/1624827656.475051000.pcd
Cat1,15mph,lr,opposite,1,1624827656.676728000,ns1,/media/batool/MULTIMODAL_DATA/Multimodal_Data/Cat1/opposite/bag_files/Cat1_15mph_lr_opposite_1/lidar_pcd/ns1/velodyne_points/1624827656.676728000.pcd
Cat1,15mph,lr,opposite,1,1624827656.777623000,ns1,/media/batool/MULTIMODAL_DATA/Multimodal_Data/Cat1/opposite/bag_files/Cat1_15mph_lr_opposite_1/lidar_pcd/ns1/velodyne_points/1624827656.777623000.pcd
Cat1,15mph,lr,opposite,1,1624827656.878480000,ns1,/media/batool/MULTIMODAL_DATA/Multimodal_Data/Cat1/opposite/bag_files/Cat1_15mph_lr_opposite_1/lidar_pcd/ns1/velodyne_points/1624827656.878480000.pcd
Cat1,15mph,lr,opposite,1,1624827656.979315000,ns1,/media/batool/MULTIMODAL_DATA/Multimodal_Data/Cat1/opposite/bag_files/Cat1_15mph_lr_opposite_1/lidar_pcd/ns1/velodyne_points/1624827656.979315000.pcd
Cat1,15mph,lr,opposite,1,1624827657.080188000,ns1,/media/batool/MULTIMODAL_DATA/Multimodal_Data/Cat1/opposite/bag_files/Cat1_15mph_lr_opposite_1/lidar_pcd/ns1/velodyne_points/1624827657.080188000.pcd
Cat1,15mph,lr,opposite,1,1624827657.181047000,ns1,/media/batool/MULTIMODAL_DATA/Multimodal_Data/Cat1/opposite/bag_files/Cat1_15mph_lr_opposite_1/lidar_pcd/ns1/velodyne_points/1624827657.181047000.pcd
Cat1,15mph,lr,opposite,1,1624827657.281867000,ns1,/media/batool/MULTIMODAL_DATA/Multimodal_Data/Cat1/opposite/bag_files/Cat1_15mph_lr_opposite_1/lidar_pcd/ns1/velodyne_points/1624827657.281867000.pcd
Cat1,15mph,lr,opposite,1,1624827657.382742000,ns1,/media/batool/MULTIMODAL_DATA/Multimodal_Data/Cat1/opposite/bag_files/Cat1_15mph_lr_opposite_1/lidar_pcd/ns1/velodyne_points/1624827657.382742000.pcd
Cat1,15mph,lr,opposite,1,1624827657.483604000,ns1,/media/batool/MULTIMODAL_DATA/Multimodal_Data/Cat1/opposite/bag_files/Cat1_15mph_lr_opposite_1/lidar_pcd/ns1/velodyne_points/1624827657.483604000.pcd
Cat1,15mph,lr,opposite,1,1624827657.584477000,ns1,/media/batool/MULTIMODAL_DATA/Multimodal_Data/Cat1/opposite/bag_files/Cat1_15mph_lr_opposite_1/lidar_pcd/ns1/velodyne_points/1624827657.584477000.pcd
Cat1,15mph,lr,opposite,1,1624827657.685325000,ns1,/media/batool/MULTIMODAL_DATA/Multimodal_Data/Cat1/opposite/bag_files/Cat1_15mph_lr_opposite_1/lidar_pcd/ns1/velodyne_points/1624827657.685325000.pcd
Cat1,15mph,lr,opposite,1,1624827657.786175000,ns1,/media/batool/MULTIMODAL_DATA/Multimodal_Data/Cat1/opposite/bag_files/Cat1_15mph_lr_opposite_1/lidar_pcd/ns1/velodyne_points/1624827657.786175000.pcd
Cat1,15mph,lr,opposite,1,1624827657.887034000,ns1,/media/batool/MULTIMODAL_DATA/Multimodal_Data/Cat1/opposite/bag_files/Cat1_15mph_lr_opposite_1/lidar_pcd/ns1/velodyne_points/1624827657.887034000.pcd
Cat1,15mph,lr,opposite,1,1624827657.987869000,ns1,/media/batool/MULTIMODAL_DATA/Multimodal_Data/Cat1/opposite/bag_files/Cat1_15mph_lr_opposite_1/lidar_pcd/ns1/velodyne_points/1624827657.987869000.pcd
Cat1,15mph,lr,opposite,1,1624827658.189615000,ns1,/media/batool/MULTIMODAL_DATA/Multimodal_Data/Cat1/opposite/bag_files/Cat1_15mph_lr_opposite_1/lidar_pcd/ns1/velodyne_points/1624827658.189615000.pcd
Cat1,15mph,lr,opposite,1,1624827658.290493000,ns1,/media/batool/MULTIMODAL_DATA/Multimodal_Data/Cat1/opposite/bag_files/Cat1_15mph_lr_opposite_1/lidar_pcd/ns1/velodyne_points/1624827658.290493000.pcd
Cat1,15mph,lr,opposite,1,1624827658.391346000,ns1,/media/batool/MULTIMODAL_DATA/Multimodal_Data/Cat1/opposite/bag_files/Cat1_15mph_lr_opposite_1/lidar_pcd/ns1/velodyne_points/1624827658.391346000.pcd
Cat1,15mph,lr,opposite,1,1624827658.492199000,ns1,/media/batool/MULTIMODAL_DATA/Multimodal_Data/Cat1/opposite/bag_files/Cat1_15mph_lr_opposite_1/lidar_pcd/ns1/velodyne_points/1624827658.492199000.pcd
Cat1,15mph,lr,opposite,1,1624827658.593034000,ns1,/media/batool/MULTIMODAL_DATA/Multimodal_Data/Cat1/opposite/bag_files/Cat1_15mph_lr_opposite_1/lidar_pcd/ns1/velodyne_points/1624827658.593034000.pcd
Cat1,15mph,lr,opposite,1,1624827658.693906000,ns1,/media/batool/MULTIMODAL_DATA/Multimodal_Data/Cat1/opposite/bag_files/Cat1_15mph_lr_opposite_1/lidar_pcd/ns1/velodyne_points/1624827658.693906000.pcd
Cat1,15mph,lr,opposite,1,1624827658.794718000,ns1,/media/batool/MULTIMODAL_DATA/Multimodal_Data/Cat1/opposite/bag_files/Cat1_15mph_lr_opposite_1/lidar_pcd/ns1/velodyne_points/1624827658.794718000.pcd
Cat1,15mph,lr,opposite,1,1624827658.895595000,ns1,/media/batool/MULTIMODAL_DATA/Multimodal_Data/Cat1/opposite/bag_files/Cat1_15mph_lr_opposite_1/lidar_pcd/ns1/velodyne_points/1624827658.895595000.pcd
Cat1,15mph,lr,opposite,1,1624827658.996485000,ns1,/media/batool/MULTIMODAL_DATA/Multimodal_Data/Cat1/opposite/bag_files/Cat1_15mph_lr_opposite_1/lidar_pcd/ns1/velodyne_points/1624827658.996485000.pcd
Cat1,15mph,lr,opposite,1,1624827659.097327000,ns1,/media/batool/MULTIMODAL_DATA/Multimodal_Data/Cat1/opposite/bag_files/Cat1_15mph_lr_opposite_1/lidar_pcd/ns1/velodyne_points/1624827659.097327000.pcd
Cat1,15mph,lr,opposite,1,1624827659.198196000,ns1,/media/batool/MULTIMODAL_DATA/Multimodal_Data/Cat1/opposite/bag_files/Cat1_15mph_lr_opposite_1/lidar_pcd/ns1/velodyne_points/1624827659.198196000.pcd
Cat1,15mph,lr,opposite,1,1624827659.299043000,ns1,/media/batool/MULTIMODAL_DATA/Multimodal_Data/Cat1/opposite/bag_files/Cat1_15mph_lr_opposite_1/lidar_pcd/ns1/velodyne_points/1624827659.299043000.pcd
Cat1,15mph,lr,opposite,1,1624827659.399865000,ns1,/media/batool/MULTIMODAL_DATA/Multimodal_Data/Cat1/opposite/bag_files/Cat1_15mph_lr_opposite_1/lidar_pcd/ns1/velodyne_points/1624827659.399865000.pcd
Cat1,15mph,lr,opposite,1,1624827659.500745000,ns1,/media/batool/MULTIMODAL_DATA/Multimodal_Data/Cat1/opposite/bag_files/Cat1_15mph_lr_opposite_1/lidar_pcd/ns1/velodyne_points/1624827659.500745000.pcd
Cat1,15mph,lr,opposite,1,1624827655.063035000,ns1,/media/batool/MULTIMODAL_DATA/Multimodal_Data/Cat1/opposite/bag_files/Cat1_15mph_lr_opposite_1/lidar_pcd/ns1/velodyne_points/1624827655.063035000.pcd
Cat1,15mph,lr,opposite,1,1624827656.575880000,ns1,/media/batool/MULTIMODAL_DATA/Multimodal_Data/Cat1/opposite/bag_files/Cat1_15mph_lr_opposite_1/lidar_pcd/ns1/velodyne_points/1624827656.575880000.pcd
Cat1,15mph,lr,opposite,1,1624827658.088750000,ns1,/media/batool/MULTIMODAL_DATA/Multimodal_Data/Cat1/opposite/bag_files/Cat1_15mph_lr_opposite_1/lidar_pcd/ns1/velodyne_points/1624827658.088750000.pcd
Cat1,15mph,lr,opposite,1,1624827659.601597000,ns1,/media/batool/MULTIMODAL_DATA/Multimodal_Data/Cat1/opposite/bag_files/Cat1_15mph_lr_opposite_1/lidar_pcd/ns1/velodyne_points/1624827659.601597000.pcd
Cat1,15mph,lr,opposite,1,1624827661.114461000,ns1,/media/batool/MULTIMODAL_DATA/Multimodal_Data/Cat1/opposite/bag_files/Cat1_15mph_lr_opposite_1/lidar_pcd/ns1/velodyne_points/1624827661.114461000.pcd
Cat1,15mph,lr,opposite,1,1624827662.627304000,ns1,/media/batool/MULTIMODAL_DATA/Multimodal_Data/Cat1/opposite/bag_files/Cat1_15mph_lr_opposite_1/lidar_pcd/ns1/velodyne_points/1624827662.627304000.pcd
Cat1,15mph,lr,opposite,1,1624827664.140163000,ns1,/media/batool/MULTIMODAL_DATA/Multimodal_Data/Cat1/opposite/bag_files/Cat1_15mph_lr_opposite_1/lidar_pcd/ns1/velodyne_points/1624827664.140163000.pcd
Cat1,15mph,lr,opposite,1,1624827665.653060000,ns1,/media/batool/MULTIMODAL_DATA/Multimodal_Data/Cat1/opposite/bag_files/Cat1_15mph_lr_opposite_1/lidar_pcd/ns1/velodyne_points/1624827665.653060000.pcd
Cat1,15mph,lr,opposite,1,1624827667.165866000,ns1,/media/batool/MULTIMODAL_DATA/Multimodal_Data/Cat1/opposite/bag_files/Cat1_15mph_lr_opposite_1/lidar_pcd/ns1/velodyne_points/1624827667.165866000.pcd
Cat1,15mph,lr,opposite,1,1624827668.678709000,ns1,/media/batool/MULTIMODAL_DATA/Multimodal_Data/Cat1/opposite/bag_files/Cat1_15mph_lr_opposite_1/lidar_pcd/ns1/velodyne_points/1624827668.678709000.pcd
Cat1,15mph,lr,opposite,1,1624827670.191588000,ns1,/media/batool/MULTIMODAL_DATA/Multimodal_Data/Cat1/opposite/bag_files/Cat1_15mph_lr_opposite_1/lidar_pcd/ns1/velodyne_points/1624827670.191588000.pcd
Cat1,15mph,lr,opposite,1,1624827671.704425000,ns1,/media/batool/MULTIMODAL_DATA/Multimodal_Data/Cat1/opposite/bag_files/Cat1_15mph_lr_opposite_1/lidar_pcd/ns1/velodyne_points/1624827671.704425000.pcd
Cat1,15mph,lr,opposite,1,1624827673.217256000,ns1,/media/batool/MULTIMODAL_DATA/Multimodal_Data/Cat1/opposite/bag_files/Cat1_15mph_lr_opposite_1/lidar_pcd/ns1/velodyne_points/1624827673.217256000.pcd
Cat1,15mph,lr,opposite,1,1624827674.730143000,ns1,/media/batool/MULTIMODAL_DATA/Multimodal_Data/Cat1/opposite/bag_files/Cat1_15mph_lr_opposite_1/lidar_pcd/ns1/velodyne_points/1624827674.730143000.pcd
Cat1,15mph,lr,opposite,1,1624827659.702489000,ns1,/media/batool/MULTIMODAL_DATA/Multimodal_Data/Cat1/opposite/bag_files/Cat1_15mph_lr_opposite_1/lidar_pcd/ns1/velodyne_points/1624827659.702489000.pcd
Cat1,15mph,lr,opposite,1,1624827659.803308000,ns1,/media/batool/MULTIMODAL_DATA/Multimodal_Data/Cat1/opposite/bag_files/Cat1_15mph_lr_opposite_1/lidar_pcd/ns1/velodyne_points/1624827659.803308000.pcd
Cat1,15mph,lr,opposite,1,1624827659.904195000,ns1,/media/batool/MULTIMODAL_DATA/Multimodal_Data/Cat1/opposite/bag_files/Cat1_15mph_lr_opposite_1/lidar_pcd/ns1/velodyne_points/1624827659.904195000.pcd
Cat1,15mph,lr,opposite,1,1624827660.005063000,ns1,/media/batool/MULTIMODAL_DATA/Multimodal_Data/Cat1/opposite/bag_files/Cat1_15mph_lr_opposite_1/lidar_pcd/ns1/velodyne_points/1624827660.005063000.pcd
Cat1,15mph,lr,opposite,1,1624827660.105878000,ns1,/media/batool/MULTIMODAL_DATA/Multimodal_Data/Cat1/opposite/bag_files/Cat1_15mph_lr_opposite_1/lidar_pcd/ns1/velodyne_points/1624827660.105878000.pcd
Cat1,15mph,lr,opposite,1,1624827660.206713000,ns1,/media/batool/MULTIMODAL_DATA/Multimodal_Data/Cat1/opposite/bag_files/Cat1_15mph_lr_opposite_1/lidar_pcd/ns1/velodyne_points/1624827660.206713000.pcd
Cat1,15mph,lr,opposite,1,1624827660.307607000,ns1,/media/batool/MULTIMODAL_DATA/Multimodal_Data/Cat1/opposite/bag_files/Cat1_15mph_lr_opposite_1/lidar_pcd/ns1/velodyne_points/1624827660.307607000.pcd
Cat1,15mph,lr,opposite,1,1624827660.408479000,ns1,/media/batool/MULTIMODAL_DATA/Multimodal_Data/Cat1/opposite/bag_files/Cat1_15mph_lr_opposite_1/lidar_pcd/ns1/velodyne_points/1624827660.408479000.pcd
Cat1,15mph,lr,opposite,1,1624827660.509317000,ns1,/media/batool/MULTIMODAL_DATA/Multimodal_Data/Cat1/opposite/bag_files/Cat1_15mph_lr_opposite_1/lidar_pcd/ns1/velodyne_points/1624827660.509317000.pcd
Cat1,15mph,lr,opposite,1,1624827660.610193000,ns1,/media/batool/MULTIMODAL_DATA/Multimodal_Data/Cat1/opposite/bag_files/Cat1_15mph_lr_opposite_1/lidar_pcd/ns1/velodyne_points/1624827660.610193000.pcd
Cat1,15mph,lr,opposite,1,1624827660.711035000,ns1,/media/batool/MULTIMODAL_DATA/Multimodal_Data/Cat1/opposite/bag_files/Cat1_15mph_lr_opposite_1/lidar_pcd/ns1/velodyne_points/1624827660.711035000.pcd
Cat1,15mph,lr,opposite,1,1624827660.811862000,ns1,/media/batool/MULTIMODAL_DATA/Multimodal_Data/Cat1/opposite/bag_files/Cat1_15mph_lr_opposite_1/lidar_pcd/ns1/velodyne_points/1624827660.811862000.pcd
Cat1,15mph,lr,opposite,1,1624827660.912732000,ns1,/media/batool/MULTIMODAL_DATA/Multimodal_Data/Cat1/opposite/bag_files/Cat1_15mph_lr_opposite_1/lidar_pcd/ns1/velodyne_points/1624827660.912732000.pcd
Cat1,15mph,lr,opposite,1,1624827661.013602000,ns1,/media/batool/MULTIMODAL_DATA/Multimodal_Data/Cat1/opposite/bag_files/Cat1_15mph_lr_opposite_1/lidar_pcd/ns1/velodyne_points/1624827661.013602000.pcd
Cat1,15mph,lr,opposite,1,1624827661.215342000,ns1,/media/batool/MULTIMODAL_DATA/Multimodal_Data/Cat1/opposite/bag_files/Cat1_15mph_lr_opposite_1/lidar_pcd/ns1/velodyne_points/1624827661.215342000.pcd
Cat1,15mph,lr,opposite,1,1624827661.316194000,ns1,/media/batool/MULTIMODAL_DATA/Multimodal_Data/Cat1/opposite/bag_files/Cat1_15mph_lr_opposite_1/lidar_pcd/ns1/velodyne_points/1624827661.316194000.pcd
Cat1,15mph,lr,opposite,1,1624827661.417050000,ns1,/media/batool/MULTIMODAL_DATA/Multimodal_Data/Cat1/opposite/bag_files/Cat1_15mph_lr_opposite_1/lidar_pcd/ns1/velodyne_points/1624827661.417050000.pcd
Cat1,15mph,lr,opposite,1,1624827661.517896000,ns1,/media/batool/MULTIMODAL_DATA/Multimodal_Data/Cat1/opposite/bag_files/Cat1_15mph_lr_opposite_1/lidar_pcd/ns1/velodyne_points/1624827661.517896000.pcd
Cat1,15mph,lr,opposite,1,1624827661.618729000,ns1,/media/batool/MULTIMODAL_DATA/Multimodal_Data/Cat1/opposite/bag_files/Cat1_15mph_lr_opposite_1/lidar_pcd/ns1/velodyne_points/1624827661.618729000.pcd
Cat1,15mph,lr,opposite,1,1624827661.719621000,ns1,/media/batool/MULTIMODAL_DATA/Multimodal_Data/Cat1/opposite/bag_files/Cat1_15mph_lr_opposite_1/lidar_pcd/ns1/velodyne_points/1624827661.719621000.pcd
Cat1,15mph,lr,opposite,1,1624827661.820466000,ns1,/media/batool/MULTIMODAL_DATA/Multimodal_Data/Cat1/opposite/bag_files/Cat1_15mph_lr_opposite_1/lidar_pcd/ns1/velodyne_points/1624827661.820466000.pcd
Cat1,15mph,lr,opposite,1,1624827661.921316000,ns1,/media/batool/MULTIMODAL_DATA/Multimodal_Data/Cat1/opposite/bag_files/Cat1_15mph_lr_opposite_1/lidar_pcd/ns1/velodyne_points/1624827661.921316000.pcd
Cat1,15mph,lr,opposite,1,1624827662.022189000,ns1,/media/batool/MULTIMODAL_DATA/Multimodal_Data/Cat1/opposite/bag_files/Cat1_15mph_lr_opposite_1/lidar_pcd/ns1/velodyne_points/1624827662.022189000.pcd
Cat1,15mph,lr,opposite,1,1624827662.123035000,ns1,/media/batool/MULTIMODAL_DATA/Multimodal_Data/Cat1/opposite/bag_files/Cat1_15mph_lr_opposite_1/lidar_pcd/ns1/velodyne_points/1624827662.123035000.pcd
Cat1,15mph,lr,opposite,1,1624827662.223930000,ns1,/media/batool/MULTIMODAL_DATA/Multimodal_Data/Cat1/opposite/bag_files/Cat1_15mph_lr_opposite_1/lidar_pcd/ns1/velodyne_points/1624827662.223930000.pcd
Cat1,15mph,lr,opposite,1,1624827662.324759000,ns1,/media/batool/MULTIMODAL_DATA/Multimodal_Data/Cat1/opposite/bag_files/Cat1_15mph_lr_opposite_1/lidar_pcd/ns1/velodyne_points/1624827662.324759000.pcd
Cat1,15mph,lr,opposite,1,1624827662.425615000,ns1,/media/batool/MULTIMODAL_DATA/Multimodal_Data/Cat1/opposite/bag_files/Cat1_15mph_lr_opposite_1/lidar_pcd/ns1/velodyne_points/1624827662.425615000.pcd
Cat1,15mph,lr,opposite,1,1624827662.526477000,ns1,/media/batool/MULTIMODAL_DATA/Multimodal_Data/Cat1/opposite/bag_files/Cat1_15mph_lr_opposite_1/lidar_pcd/ns1/velodyne_points/1624827662.526477000.pcd
Cat1,15mph,lr,opposite,1,1624827662.728140000,ns1,/media/batool/MULTIMODAL_DATA/Multimodal_Data/Cat1/opposite/bag_files/Cat1_15mph_lr_opposite_1/lidar_pcd/ns1/velodyne_points/1624827662.728140000.pcd
Cat1,15mph,lr,opposite,1,1624827662.829011000,ns1,/media/batool/MULTIMODAL_DATA/Multimodal_Data/Cat1/opposite/bag_files/Cat1_15mph_lr_opposite_1/lidar_pcd/ns1/velodyne_points/1624827662.829011000.pcd
Cat1,15mph,lr,opposite,1,1624827662.929894000,ns1,/media/batool/MULTIMODAL_DATA/Multimodal_Data/Cat1/opposite/bag_files/Cat1_15mph_lr_opposite_1/lidar_pcd/ns1/velodyne_points/1624827662.929894000.pcd
Cat1,15mph,lr,opposite,1,1624827663.030767000,ns1,/media/batool/MULTIMODAL_DATA/Multimodal_Data/Cat1/opposite/bag_files/Cat1_15mph_lr_opposite_1/lidar_pcd/ns1/velodyne_points/1624827663.030767000.pcd
Cat1,15mph,lr,opposite,1,1624827663.131597000,ns1,/media/batool/MULTIMODAL_DATA/Multimodal_Data/Cat1/opposite/bag_files/Cat1_15mph_lr_opposite_1/lidar_pcd/ns1/velodyne_points/1624827663.131597000.pcd
Cat1,15mph,lr,opposite,1,1624827663.232453000,ns1,/media/batool/MULTIMODAL_DATA/Multimodal_Data/Cat1/opposite/bag_files/Cat1_15mph_lr_opposite_1/lidar_pcd/ns1/velodyne_points/1624827663.232453000.pcd
Cat1,15mph,lr,opposite,1,1624827663.333320000,ns1,/media/batool/MULTIMODAL_DATA/Multimodal_Data/Cat1/opposite/bag_files/Cat1_15mph_lr_opposite_1/lidar_pcd/ns1/velodyne_points/1624827663.333320000.pcd
Cat1,15mph,lr,opposite,1,1624827663.434166000,ns1,/media/batool/MULTIMODAL_DATA/Multimodal_Data/Cat1/opposite/bag_files/Cat1_15mph_lr_opposite_1/lidar_pcd/ns1/velodyne_points/1624827663.434166000.pcd
Cat1,15mph,lr,opposite,1,1624827663.535014000,ns1,/media/batool/MULTIMODAL_DATA/Multimodal_Data/Cat1/opposite/bag_files/Cat1_15mph_lr_opposite_1/lidar_pcd/ns1/velodyne_points/1624827663.535014000.pcd
Cat1,15mph,lr,opposite,1,1624827663.635880000,ns1,/media/batool/MULTIMODAL_DATA/Multimodal_Data/Cat1/opposite/bag_files/Cat1_15mph_lr_opposite_1/lidar_pcd/ns1/velodyne_points/1624827663.635880000.pcd
Cat1,15mph,lr,opposite,1,1624827663.736752000,ns1,/media/batool/MULTIMODAL_DATA/Multimodal_Data/Cat1/opposite/bag_files/Cat1_15mph_lr_opposite_1/lidar_pcd/ns1/velodyne_points/1624827663.736752000.pcd
Cat1,15mph,lr,opposite,1,1624827663.837596000,ns1,/media/batool/MULTIMODAL_DATA/Multimodal_Data/Cat1/opposite/bag_files/Cat1_15mph_lr_opposite_1/lidar_pcd/ns1/velodyne_points/1624827663.837596000.pcd
Cat1,15mph,lr,opposite,1,1624827663.938469000,ns1,/media/batool/MULTIMODAL_DATA/Multimodal_Data/Cat1/opposite/bag_files/Cat1_15mph_lr_opposite_1/lidar_pcd/ns1/velodyne_points/1624827663.938469000.pcd
Cat1,15mph,lr,opposite,1,1624827664.039317000,ns1,/media/batool/MULTIMODAL_DATA/Multimodal_Data/Cat1/opposite/bag_files/Cat1_15mph_lr_opposite_1/lidar_pcd/ns1/velodyne_points/1624827664.039317000.pcd
Cat1,15mph,lr,opposite,1,1624827664.240985000,ns1,/media/batool/MULTIMODAL_DATA/Multimodal_Data/Cat1/opposite/bag_files/Cat1_15mph_lr_opposite_1/lidar_pcd/ns1/velodyne_points/1624827664.240985000.pcd
Cat1,15mph,lr,opposite,1,1624827664.341911000,ns1,/media/batool/MULTIMODAL_DATA/Multimodal_Data/Cat1/opposite/bag_files/Cat1_15mph_lr_opposite_1/lidar_pcd/ns1/velodyne_points/1624827664.341911000.pcd
Cat1,15mph,lr,opposite,1,1624827664.442745000,ns1,/media/batool/MULTIMODAL_DATA/Multimodal_Data/Cat1/opposite/bag_files/Cat1_15mph_lr_opposite_1/lidar_pcd/ns1/velodyne_points/1624827664.442745000.pcd
Cat1,15mph,lr,opposite,1,1624827664.543583000,ns1,/media/batool/MULTIMODAL_DATA/Multimodal_Data/Cat1/opposite/bag_files/Cat1_15mph_lr_opposite_1/lidar_pcd/ns1/velodyne_points/1624827664.543583000.pcd
Cat1,15mph,lr,opposite,1,1624827664.644445000,ns1,/media/batool/MULTIMODAL_DATA/Multimodal_Data/Cat1/opposite/bag_files/Cat1_15mph_lr_opposite_1/lidar_pcd/ns1/velodyne_points/1624827664.644445000.pcd
Cat1,15mph,lr,opposite,1,1624827664.745301000,ns1,/media/batool/MULTIMODAL_DATA/Multimodal_Data/Cat1/opposite/bag_files/Cat1_15mph_lr_opposite_1/lidar_pcd/ns1/velodyne_points/1624827664.745301000.pcd
Cat1,15mph,lr,opposite,1,1624827664.846166000,ns1,/media/batool/MULTIMODAL_DATA/Multimodal_Data/Cat1/opposite/bag_files/Cat1_15mph_lr_opposite_1/lidar_pcd/ns1/velodyne_points/1624827664.846166000.pcd
Cat1,15mph,lr,opposite,1,1624827664.946995000,ns1,/media/batool/MULTIMODAL_DATA/Multimodal_Data/Cat1/opposite/bag_files/Cat1_15mph_lr_opposite_1/lidar_pcd/ns1/velodyne_points/1624827664.946995000.pcd
Cat1,15mph,lr,opposite,1,1624827665.047850000,ns1,/media/batool/MULTIMODAL_DATA/Multimodal_Data/Cat1/opposite/bag_files/Cat1_15mph_lr_opposite_1/lidar_pcd/ns1/velodyne_points/1624827665.047850000.pcd
Cat1,15mph,lr,opposite,1,1624827665.148736000,ns1,/media/batool/MULTIMODAL_DATA/Multimodal_Data/Cat1/opposite/bag_files/Cat1_15mph_lr_opposite_1/lidar_pcd/ns1/velodyne_points/1624827665.148736000.pcd
Cat1,15mph,lr,opposite,1,1624827665.249557000,ns1,/media/batool/MULTIMODAL_DATA/Multimodal_Data/Cat1/opposite/bag_files/Cat1_15mph_lr_opposite_1/lidar_pcd/ns1/velodyne_points/1624827665.249557000.pcd
Cat1,15mph,lr,opposite,1,1624827665.350441000,ns1,/media/batool/MULTIMODAL_DATA/Multimodal_Data/Cat1/opposite/bag_files/Cat1_15mph_lr_opposite_1/lidar_pcd/ns1/velodyne_points/1624827665.350441000.pcd
Cat1,15mph,lr,opposite,1,1624827665.451342000,ns1,/media/batool/MULTIMODAL_DATA/Multimodal_Data/Cat1/opposite/bag_files/Cat1_15mph_lr_opposite_1/lidar_pcd/ns1/velodyne_points/1624827665.451342000.pcd
Cat1,15mph,lr,opposite,1,1624827665.552135000,ns1,/media/batool/MULTIMODAL_DATA/Multimodal_Data/Cat1/opposite/bag_files/Cat1_15mph_lr_opposite_1/lidar_pcd/ns1/velodyne_points/1624827665.552135000.pcd
Cat1,15mph,lr,opposite,1,1624827665.753881000,ns1,/media/batool/MULTIMODAL_DATA/Multimodal_Data/Cat1/opposite/bag_files/Cat1_15mph_lr_opposite_1/lidar_pcd/ns1/velodyne_points/1624827665.753881000.pcd
Cat1,15mph,lr,opposite,1,1624827665.854702000,ns1,/media/batool/MULTIMODAL_DATA/Multimodal_Data/Cat1/opposite/bag_files/Cat1_15mph_lr_opposite_1/lidar_pcd/ns1/velodyne_points/1624827665.854702000.pcd
Cat1,15mph,lr,opposite,1,1624827665.955584000,ns1,/media/batool/MULTIMODAL_DATA/Multimodal_Data/Cat1/opposite/bag_files/Cat1_15mph_lr_opposite_1/lidar_pcd/ns1/velodyne_points/1624827665.955584000.pcd
Cat1,15mph,lr,opposite,1,1624827666.056459000,ns1,/media/batool/MULTIMODAL_DATA/Multimodal_Data/Cat1/opposite/bag_files/Cat1_15mph_lr_opposite_1/lidar_pcd/ns1/velodyne_points/1624827666.056459000.pcd
Cat1,15mph,lr,opposite,1,1624827666.157296000,ns1,/media/batool/MULTIMODAL_DATA/Multimodal_Data/Cat1/opposite/bag_files/Cat1_15mph_lr_opposite_1/lidar_pcd/ns1/velodyne_points/1624827666.157296000.pcd
Cat1,15mph,lr,opposite,1,1624827666.258170000,ns1,/media/batool/MULTIMODAL_DATA/Multimodal_Data/Cat1/opposite/bag_files/Cat1_15mph_lr_opposite_1/lidar_pcd/ns1/velodyne_points/1624827666.258170000.pcd
Cat1,15mph,lr,opposite,1,1624827666.359012000,ns1,/media/batool/MULTIMODAL_DATA/Multimodal_Data/Cat1/opposite/bag_files/Cat1_15mph_lr_opposite_1/lidar_pcd/ns1/velodyne_points/1624827666.359012000.pcd
Cat1,15mph,lr,opposite,1,1624827666.459889000,ns1,/media/batool/MULTIMODAL_DATA/Multimodal_Data/Cat1/opposite/bag_files/Cat1_15mph_lr_opposite_1/lidar_pcd/ns1/velodyne_points/1624827666.459889000.pcd
Cat1,15mph,lr,opposite,1,1624827666.560713000,ns1,/media/batool/MULTIMODAL_DATA/Multimodal_Data/Cat1/opposite/bag_files/Cat1_15mph_lr_opposite_1/lidar_pcd/ns1/velodyne_points/1624827666.560713000.pcd
Cat1,15mph,lr,opposite,1,1624827666.661609000,ns1,/media/batool/MULTIMODAL_DATA/Multimodal_Data/Cat1/opposite/bag_files/Cat1_15mph_lr_opposite_1/lidar_pcd/ns1/velodyne_points/1624827666.661609000.pcd
Cat1,15mph,lr,opposite,1,1624827666.762451000,ns1,/media/batool/MULTIMODAL_DATA/Multimodal_Data/Cat1/opposite/bag_files/Cat1_15mph_lr_opposite_1/lidar_pcd/ns1/velodyne_points/1624827666.762451000.pcd
Cat1,15mph,lr,opposite,1,1624827666.863299000,ns1,/media/batool/MULTIMODAL_DATA/Multimodal_Data/Cat1/opposite/bag_files/Cat1_15mph_lr_opposite_1/lidar_pcd/ns1/velodyne_points/1624827666.863299000.pcd
Cat1,15mph,lr,opposite,1,1624827666.964132000,ns1,/media/batool/MULTIMODAL_DATA/Multimodal_Data/Cat1/opposite/bag_files/Cat1_15mph_lr_opposite_1/lidar_pcd/ns1/velodyne_points/1624827666.964132000.pcd
Cat1,15mph,lr,opposite,1,1624827667.065017000,ns1,/media/batool/MULTIMODAL_DATA/Multimodal_Data/Cat1/opposite/bag_files/Cat1_15mph_lr_opposite_1/lidar_pcd/ns1/velodyne_points/1624827667.065017000.pcd
Cat1,15mph,lr,opposite,1,1624827667.266728000,ns1,/media/batool/MULTIMODAL_DATA/Multimodal_Data/Cat1/opposite/bag_files/Cat1_15mph_lr_opposite_1/lidar_pcd/ns1/velodyne_points/1624827667.266728000.pcd
Cat1,15mph,lr,opposite,1,1624827667.367599000,ns1,/media/batool/MULTIMODAL_DATA/Multimodal_Data/Cat1/opposite/bag_files/Cat1_15mph_lr_opposite_1/lidar_pcd/ns1/velodyne_points/1624827667.367599000.pcd
Cat1,15mph,lr,opposite,1,1624827667.468441000,ns1,/media/batool/MULTIMODAL_DATA/Multimodal_Data/Cat1/opposite/bag_files/Cat1_15mph_lr_opposite_1/lidar_pcd/ns1/velodyne_points/1624827667.468441000.pcd
Cat1,15mph,lr,opposite,1,1624827667.569308000,ns1,/media/batool/MULTIMODAL_DATA/Multimodal_Data/Cat1/opposite/bag_files/Cat1_15mph_lr_opposite_1/lidar_pcd/ns1/velodyne_points/1624827667.569308000.pcd
Cat1,15mph,lr,opposite,1,1624827667.670169000,ns1,/media/batool/MULTIMODAL_DATA/Multimodal_Data/Cat1/opposite/bag_files/Cat1_15mph_lr_opposite_1/lidar_pcd/ns1/velodyne_points/1624827667.670169000.pcd
Cat1,15mph,lr,opposite,1,1624827667.771029000,ns1,/media/batool/MULTIMODAL_DATA/Multimodal_Data/Cat1/opposite/bag_files/Cat1_15mph_lr_opposite_1/lidar_pcd/ns1/velodyne_points/1624827667.771029000.pcd
Cat1,15mph,lr,opposite,1,1624827667.871875000,ns1,/media/batool/MULTIMODAL_DATA/Multimodal_Data/Cat1/opposite/bag_files/Cat1_15mph_lr_opposite_1/lidar_pcd/ns1/velodyne_points/1624827667.871875000.pcd
Cat1,15mph,lr,opposite,1,1624827667.972693000,ns1,/media/batool/MULTIMODAL_DATA/Multimodal_Data/Cat1/opposite/bag_files/Cat1_15mph_lr_opposite_1/lidar_pcd/ns1/velodyne_points/1624827667.972693000.pcd
Cat1,15mph,lr,opposite,1,1624827668.073567000,ns1,/media/batool/MULTIMODAL_DATA/Multimodal_Data/Cat1/opposite/bag_files/Cat1_15mph_lr_opposite_1/lidar_pcd/ns1/velodyne_points/1624827668.073567000.pcd
Cat1,15mph,lr,opposite,1,1624827668.174407000,ns1,/media/batool/MULTIMODAL_DATA/Multimodal_Data/Cat1/opposite/bag_files/Cat1_15mph_lr_opposite_1/lidar_pcd/ns1/velodyne_points/1624827668.174407000.pcd
Cat1,15mph,lr,opposite,1,1624827668.275307000,ns1,/media/batool/MULTIMODAL_DATA/Multimodal_Data/Cat1/opposite/bag_files/Cat1_15mph_lr_opposite_1/lidar_pcd/ns1/velodyne_points/1624827668.275307000.pcd
Cat1,15mph,lr,opposite,1,1624827668.376132000,ns1,/media/batool/MULTIMODAL_DATA/Multimodal_Data/Cat1/opposite/bag_files/Cat1_15mph_lr_opposite_1/lidar_pcd/ns1/velodyne_points/1624827668.376132000.pcd
Cat1,15mph,lr,opposite,1,1624827668.477003000,ns1,/media/batool/MULTIMODAL_DATA/Multimodal_Data/Cat1/opposite/bag_files/Cat1_15mph_lr_opposite_1/lidar_pcd/ns1/velodyne_points/1624827668.477003000.pcd
Cat1,15mph,lr,opposite,1,1624827668.577867000,ns1,/media/batool/MULTIMODAL_DATA/Multimodal_Data/Cat1/opposite/bag_files/Cat1_15mph_lr_opposite_1/lidar_pcd/ns1/velodyne_points/1624827668.577867000.pcd
Cat1,15mph,lr,opposite,1,1624827668.779578000,ns1,/media/batool/MULTIMODAL_DATA/Multimodal_Data/Cat1/opposite/bag_files/Cat1_15mph_lr_opposite_1/lidar_pcd/ns1/velodyne_points/1624827668.779578000.pcd
Cat1,15mph,lr,opposite,1,1624827668.880455000,ns1,/media/batool/MULTIMODAL_DATA/Multimodal_Data/Cat1/opposite/bag_files/Cat1_15mph_lr_opposite_1/lidar_pcd/ns1/velodyne_points/1624827668.880455000.pcd
Cat1,15mph,lr,opposite,1,1624827668.981297000,ns1,/media/batool/MULTIMODAL_DATA/Multimodal_Data/Cat1/opposite/bag_files/Cat1_15mph_lr_opposite_1/lidar_pcd/ns1/velodyne_points/1624827668.981297000.pcd
Cat1,15mph,lr,opposite,1,1624827669.082163000,ns1,/media/batool/MULTIMODAL_DATA/Multimodal_Data/Cat1/opposite/bag_files/Cat1_15mph_lr_opposite_1/lidar_pcd/ns1/velodyne_points/1624827669.082163000.pcd
Cat1,15mph,lr,opposite,1,1624827669.183009000,ns1,/media/batool/MULTIMODAL_DATA/Multimodal_Data/Cat1/opposite/bag_files/Cat1_15mph_lr_opposite_1/lidar_pcd/ns1/velodyne_points/1624827669.183009000.pcd
Cat1,15mph,lr,opposite,1,1624827669.283877000,ns1,/media/batool/MULTIMODAL_DATA/Multimodal_Data/Cat1/opposite/bag_files/Cat1_15mph_lr_opposite_1/lidar_pcd/ns1/velodyne_points/1624827669.283877000.pcd
Cat1,15mph,lr,opposite,1,1624827669.384709000,ns1,/media/batool/MULTIMODAL_DATA/Multimodal_Data/Cat1/opposite/bag_files/Cat1_15mph_lr_opposite_1/lidar_pcd/ns1/velodyne_points/1624827669.384709000.pcd
Cat1,15mph,lr,opposite,1,1624827669.485597000,ns1,/media/batool/MULTIMODAL_DATA/Multimodal_Data/Cat1/opposite/bag_files/Cat1_15mph_lr_opposite_1/lidar_pcd/ns1/velodyne_points/1624827669.485597000.pcd
Cat1,15mph,lr,opposite,1,1624827669.586436000,ns1,/media/batool/MULTIMODAL_DATA/Multimodal_Data/Cat1/opposite/bag_files/Cat1_15mph_lr_opposite_1/lidar_pcd/ns1/velodyne_points/1624827669.586436000.pcd
Cat1,15mph,lr,opposite,1,1624827669.687294000,ns1,/media/batool/MULTIMODAL_DATA/Multimodal_Data/Cat1/opposite/bag_files/Cat1_15mph_lr_opposite_1/lidar_pcd/ns1/velodyne_points/1624827669.687294000.pcd
Cat1,15mph,lr,opposite,1,1624827669.788122000,ns1,/media/batool/MULTIMODAL_DATA/Multimodal_Data/Cat1/opposite/bag_files/Cat1_15mph_lr_opposite_1/lidar_pcd/ns1/velodyne_points/1624827669.788122000.pcd
Cat1,15mph,lr,opposite,1,1624827669.889025000,ns1,/media/batool/MULTIMODAL_DATA/Multimodal_Data/Cat1/opposite/bag_files/Cat1_15mph_lr_opposite_1/lidar_pcd/ns1/velodyne_points/1624827669.889025000.pcd
Cat1,15mph,lr,opposite,1,1624827669.989863000,ns1,/media/batool/MULTIMODAL_DATA/Multimodal_Data/Cat1/opposite/bag_files/Cat1_15mph_lr_opposite_1/lidar_pcd/ns1/velodyne_points/1624827669.989863000.pcd
Cat1,15mph,lr,opposite,1,1624827670.090736000,ns1,/media/batool/MULTIMODAL_DATA/Multimodal_Data/Cat1/opposite/bag_files/Cat1_15mph_lr_opposite_1/lidar_pcd/ns1/velodyne_points/1624827670.090736000.pcd
Cat1,15mph,lr,opposite,1,1624827670.292407000,ns1,/media/batool/MULTIMODAL_DATA/Multimodal_Data/Cat1/opposite/bag_files/Cat1_15mph_lr_opposite_1/lidar_pcd/ns1/velodyne_points/1624827670.292407000.pcd
Cat1,15mph,lr,opposite,1,1624827670.393287000,ns1,/media/batool/MULTIMODAL_DATA/Multimodal_Data/Cat1/opposite/bag_files/Cat1_15mph_lr_opposite_1/lidar_pcd/ns1/velodyne_points/1624827670.393287000.pcd
Cat1,15mph,lr,opposite,1,1624827670.494161000,ns1,/media/batool/MULTIMODAL_DATA/Multimodal_Data/Cat1/opposite/bag_files/Cat1_15mph_lr_opposite_1/lidar_pcd/ns1/velodyne_points/1624827670.494161000.pcd
Cat1,15mph,lr,opposite,1,1624827670.594972000,ns1,/media/batool/MULTIMODAL_DATA/Multimodal_Data/Cat1/opposite/bag_files/Cat1_15mph_lr_opposite_1/lidar_pcd/ns1/velodyne_points/1624827670.594972000.pcd
Cat1,15mph,lr,opposite,1,1624827670.695849000,ns1,/media/batool/MULTIMODAL_DATA/Multimodal_Data/Cat1/opposite/bag_files/Cat1_15mph_lr_opposite_1/lidar_pcd/ns1/velodyne_points/1624827670.695849000.pcd
Cat1,15mph,lr,opposite,1,1624827670.796733000,ns1,/media/batool/MULTIMODAL_DATA/Multimodal_Data/Cat1/opposite/bag_files/Cat1_15mph_lr_opposite_1/lidar_pcd/ns1/velodyne_points/1624827670.796733000.pcd
Cat1,15mph,lr,opposite,1,1624827670.897577000,ns1,/media/batool/MULTIMODAL_DATA/Multimodal_Data/Cat1/opposite/bag_files/Cat1_15mph_lr_opposite_1/lidar_pcd/ns1/velodyne_points/1624827670.897577000.pcd
Cat1,15mph,lr,opposite,1,1624827670.998428000,ns1,/media/batool/MULTIMODAL_DATA/Multimodal_Data/Cat1/opposite/bag_files/Cat1_15mph_lr_opposite_1/lidar_pcd/ns1/velodyne_points/1624827670.998428000.pcd
Cat1,15mph,lr,opposite,1,1624827671.099274000,ns1,/media/batool/MULTIMODAL_DATA/Multimodal_Data/Cat1/opposite/bag_files/Cat1_15mph_lr_opposite_1/lidar_pcd/ns1/velodyne_points/1624827671.099274000.pcd
Cat1,15mph,lr,opposite,1,1624827671.200143000,ns1,/media/batool/MULTIMODAL_DATA/Multimodal_Data/Cat1/opposite/bag_files/Cat1_15mph_lr_opposite_1/lidar_pcd/ns1/velodyne_points/1624827671.200143000.pcd
Cat1,15mph,lr,opposite,1,1624827671.300998000,ns1,/media/batool/MULTIMODAL_DATA/Multimodal_Data/Cat1/opposite/bag_files/Cat1_15mph_lr_opposite_1/lidar_pcd/ns1/velodyne_points/1624827671.300998000.pcd
Cat1,15mph,lr,opposite,1,1624827671.401851000,ns1,/media/batool/MULTIMODAL_DATA/Multimodal_Data/Cat1/opposite/bag_files/Cat1_15mph_lr_opposite_1/lidar_pcd/ns1/velodyne_points/1624827671.401851000.pcd
Cat1,15mph,lr,opposite,1,1624827671.502727000,ns1,/media/batool/MULTIMODAL_DATA/Multimodal_Data/Cat1/opposite/bag_files/Cat1_15mph_lr_opposite_1/lidar_pcd/ns1/velodyne_points/1624827671.502727000.pcd
Cat1,15mph,lr,opposite,1,1624827671.603538000,ns1,/media/batool/MULTIMODAL_DATA/Multimodal_Data/Cat1/opposite/bag_files/Cat1_15mph_lr_opposite_1/lidar_pcd/ns1/velodyne_points/1624827671.603538000.pcd
Cat1,15mph,lr,opposite,1,1624827671.805284000,ns1,/media/batool/MULTIMODAL_DATA/Multimodal_Data/Cat1/opposite/bag_files/Cat1_15mph_lr_opposite_1/lidar_pcd/ns1/velodyne_points/1624827671.805284000.pcd
Cat1,15mph,lr,opposite,1,1624827671.906155000,ns1,/media/batool/MULTIMODAL_DATA/Multimodal_Data/Cat1/opposite/bag_files/Cat1_15mph_lr_opposite_1/lidar_pcd/ns1/velodyne_points/1624827671.906155000.pcd
Cat1,15mph,lr,opposite,1,1624827672.006980000,ns1,/media/batool/MULTIMODAL_DATA/Multimodal_Data/Cat1/opposite/bag_files/Cat1_15mph_lr_opposite_1/lidar_pcd/ns1/velodyne_points/1624827672.006980000.pcd
Cat1,15mph,lr,opposite,1,1624827672.107856000,ns1,/media/batool/MULTIMODAL_DATA/Multimodal_Data/Cat1/opposite/bag_files/Cat1_15mph_lr_opposite_1/lidar_pcd/ns1/velodyne_points/1624827672.107856000.pcd
Cat1,15mph,lr,opposite,1,1624827672.208728000,ns1,/media/batool/MULTIMODAL_DATA/Multimodal_Data/Cat1/opposite/bag_files/Cat1_15mph_lr_opposite_1/lidar_pcd/ns1/velodyne_points/1624827672.208728000.pcd
Cat1,15mph,lr,opposite,1,1624827672.309584000,ns1,/media/batool/MULTIMODAL_DATA/Multimodal_Data/Cat1/opposite/bag_files/Cat1_15mph_lr_opposite_1/lidar_pcd/ns1/velodyne_points/1624827672.309584000.pcd
Cat1,15mph,lr,opposite,1,1624827672.410418000,ns1,/media/batool/MULTIMODAL_DATA/Multimodal_Data/Cat1/opposite/bag_files/Cat1_15mph_lr_opposite_1/lidar_pcd/ns1/velodyne_points/1624827672.410418000.pcd
Cat1,15mph,lr,opposite,1,1624827672.511237000,ns1,/media/batool/MULTIMODAL_DATA/Multimodal_Data/Cat1/opposite/bag_files/Cat1_15mph_lr_opposite_1/lidar_pcd/ns1/velodyne_points/1624827672.511237000.pcd
Cat1,15mph,lr,opposite,1,1624827672.612096000,ns1,/media/batool/MULTIMODAL_DATA/Multimodal_Data/Cat1/opposite/bag_files/Cat1_15mph_lr_opposite_1/lidar_pcd/ns1/velodyne_points/1624827672.612096000.pcd
Cat1,15mph,lr,opposite,1,1624827672.712995000,ns1,/media/batool/MULTIMODAL_DATA/Multimodal_Data/Cat1/opposite/bag_files/Cat1_15mph_lr_opposite_1/lidar_pcd/ns1/velodyne_points/1624827672.712995000.pcd
Cat1,15mph,lr,opposite,1,1624827672.813851000,ns1,/media/batool/MULTIMODAL_DATA/Multimodal_Data/Cat1/opposite/bag_files/Cat1_15mph_lr_opposite_1/lidar_pcd/ns1/velodyne_points/1624827672.813851000.pcd
Cat1,15mph,lr,opposite,1,1624827672.914667000,ns1,/media/batool/MULTIMODAL_DATA/Multimodal_Data/Cat1/opposite/bag_files/Cat1_15mph_lr_opposite_1/lidar_pcd/ns1/velodyne_points/1624827672.914667000.pcd
Cat1,15mph,lr,opposite,1,1624827673.015542000,ns1,/media/batool/MULTIMODAL_DATA/Multimodal_Data/Cat1/opposite/bag_files/Cat1_15mph_lr_opposite_1/lidar_pcd/ns1/velodyne_points/1624827673.015542000.pcd
Cat1,15mph,lr,opposite,1,1624827673.116413000,ns1,/media/batool/MULTIMODAL_DATA/Multimodal_Data/Cat1/opposite/bag_files/Cat1_15mph_lr_opposite_1/lidar_pcd/ns1/velodyne_points/1624827673.116413000.pcd
Cat1,15mph,lr,opposite,1,1624827673.318149000,ns1,/media/batool/MULTIMODAL_DATA/Multimodal_Data/Cat1/opposite/bag_files/Cat1_15mph_lr_opposite_1/lidar_pcd/ns1/velodyne_points/1624827673.318149000.pcd
Cat1,15mph,lr,opposite,1,1624827673.418995000,ns1,/media/batool/MULTIMODAL_DATA/Multimodal_Data/Cat1/opposite/bag_files/Cat1_15mph_lr_opposite_1/lidar_pcd/ns1/velodyne_points/1624827673.418995000.pcd
Cat1,15mph,lr,opposite,1,1624827673.519845000,ns1,/media/batool/MULTIMODAL_DATA/Multimodal_Data/Cat1/opposite/bag_files/Cat1_15mph_lr_opposite_1/lidar_pcd/ns1/velodyne_points/1624827673.519845000.pcd
Cat1,15mph,lr,opposite,1,1624827673.620728000,ns1,/media/batool/MULTIMODAL_DATA/Multimodal_Data/Cat1/opposite/bag_files/Cat1_15mph_lr_opposite_1/lidar_pcd/ns1/velodyne_points/1624827673.620728000.pcd
Cat1,15mph,lr,opposite,1,1624827673.721526000,ns1,/media/batool/MULTIMODAL_DATA/Multimodal_Data/Cat1/opposite/bag_files/Cat1_15mph_lr_opposite_1/lidar_pcd/ns1/velodyne_points/1624827673.721526000.pcd
Cat1,15mph,lr,opposite,1,1624827673.822417000,ns1,/media/batool/MULTIMODAL_DATA/Multimodal_Data/Cat1/opposite/bag_files/Cat1_15mph_lr_opposite_1/lidar_pcd/ns1/velodyne_points/1624827673.822417000.pcd
Cat1,15mph,lr,opposite,1,1624827673.923292000,ns1,/media/batool/MULTIMODAL_DATA/Multimodal_Data/Cat1/opposite/bag_files/Cat1_15mph_lr_opposite_1/lidar_pcd/ns1/velodyne_points/1624827673.923292000.pcd
Cat1,15mph,lr,opposite,1,1624827674.024129000,ns1,/media/batool/MULTIMODAL_DATA/Multimodal_Data/Cat1/opposite/bag_files/Cat1_15mph_lr_opposite_1/lidar_pcd/ns1/velodyne_points/1624827674.024129000.pcd
Cat1,15mph,lr,opposite,1,1624827674.124989000,ns1,/media/batool/MULTIMODAL_DATA/Multimodal_Data/Cat1/opposite/bag_files/Cat1_15mph_lr_opposite_1/lidar_pcd/ns1/velodyne_points/1624827674.124989000.pcd
Cat1,15mph,lr,opposite,1,1624827674.225849000,ns1,/media/batool/MULTIMODAL_DATA/Multimodal_Data/Cat1/opposite/bag_files/Cat1_15mph_lr_opposite_1/lidar_pcd/ns1/velodyne_points/1624827674.225849000.pcd
Cat1,15mph,lr,opposite,1,1624827674.326701000,ns1,/media/batool/MULTIMODAL_DATA/Multimodal_Data/Cat1/opposite/bag_files/Cat1_15mph_lr_opposite_1/lidar_pcd/ns1/velodyne_points/1624827674.326701000.pcd
Cat1,15mph,lr,opposite,1,1624827674.427580000,ns1,/media/batool/MULTIMODAL_DATA/Multimodal_Data/Cat1/opposite/bag_files/Cat1_15mph_lr_opposite_1/lidar_pcd/ns1/velodyne_points/1624827674.427580000.pcd
Cat1,15mph,lr,opposite,1,1624827674.528404000,ns1,/media/batool/MULTIMODAL_DATA/Multimodal_Data/Cat1/opposite/bag_files/Cat1_15mph_lr_opposite_1/lidar_pcd/ns1/velodyne_points/1624827674.528404000.pcd
Cat1,15mph,lr,opposite,1,1624827674.629276000,ns1,/media/batool/MULTIMODAL_DATA/Multimodal_Data/Cat1/opposite/bag_files/Cat1_15mph_lr_opposite_1/lidar_pcd/ns1/velodyne_points/1624827674.629276000.pcd
Cat1,15mph,lr,opposite,1,1624827674.831000000,ns1,/media/batool/MULTIMODAL_DATA/Multimodal_Data/Cat1/opposite/bag_files/Cat1_15mph_lr_opposite_1/lidar_pcd/ns1/velodyne_points/1624827674.831000000.pcd
Cat1,15mph,lr,opposite,1,1624827674.931882000,ns1,/media/batool/MULTIMODAL_DATA/Multimodal_Data/Cat1/opposite/bag_files/Cat1_15mph_lr_opposite_1/lidar_pcd/ns1/velodyne_points/1624827674.931882000.pcd
Cat1,15mph,lr,opposite,1,1624827675.032690000,ns1,/media/batool/MULTIMODAL_DATA/Multimodal_Data/Cat1/opposite/bag_files/Cat1_15mph_lr_opposite_1/lidar_pcd/ns1/velodyne_points/1624827675.032690000.pcd
Cat1,15mph,lr,opposite,1,1624827675.133522000,ns1,/media/batool/MULTIMODAL_DATA/Multimodal_Data/Cat1/opposite/bag_files/Cat1_15mph_lr_opposite_1/lidar_pcd/ns1/velodyne_points/1624827675.133522000.pcd
Cat1,15mph,lr,opposite,1,1624827675.234429000,ns1,/media/batool/MULTIMODAL_DATA/Multimodal_Data/Cat1/opposite/bag_files/Cat1_15mph_lr_opposite_1/lidar_pcd/ns1/velodyne_points/1624827675.234429000.pcd
Cat1,15mph,lr,opposite,1,1624827675.335270000,ns1,/media/batool/MULTIMODAL_DATA/Multimodal_Data/Cat1/opposite/bag_files/Cat1_15mph_lr_opposite_1/lidar_pcd/ns1/velodyne_points/1624827675.335270000.pcd
Cat1,15mph,lr,opposite,1,1624827675.436085000,ns1,/media/batool/MULTIMODAL_DATA/Multimodal_Data/Cat1/opposite/bag_files/Cat1_15mph_lr_opposite_1/lidar_pcd/ns1/velodyne_points/1624827675.436085000.pcd
Cat1,15mph,lr,opposite,1,1624827675.536994000,ns1,/media/batool/MULTIMODAL_DATA/Multimodal_Data/Cat1/opposite/bag_files/Cat1_15mph_lr_opposite_1/lidar_pcd/ns1/velodyne_points/1624827675.536994000.pcd
Cat1,15mph,lr,opposite,1,1624827675.637835000,ns1,/media/batool/MULTIMODAL_DATA/Multimodal_Data/Cat1/opposite/bag_files/Cat1_15mph_lr_opposite_1/lidar_pcd/ns1/velodyne_points/1624827675.637835000.pcd
Cat1,15mph,lr,opposite,1,1624827675.738710000,ns1,/media/batool/MULTIMODAL_DATA/Multimodal_Data/Cat1/opposite/bag_files/Cat1_15mph_lr_opposite_1/lidar_pcd/ns1/velodyne_points/1624827675.738710000.pcd
Cat1,15mph,lr,opposite,1,1624827675.839531000,ns1,/media/batool/MULTIMODAL_DATA/Multimodal_Data/Cat1/opposite/bag_files/Cat1_15mph_lr_opposite_1/lidar_pcd/ns1/velodyne_points/1624827675.839531000.pcd
Cat1,15mph,lr,opposite,1,1624827675.940378000,ns1,/media/batool/MULTIMODAL_DATA/Multimodal_Data/Cat1/opposite/bag_files/Cat1_15mph_lr_opposite_1/lidar_pcd/ns1/velodyne_points/1624827675.940378000.pcd
Cat1,15mph,lr,opposite,1,1624827676.041263000,ns1,/media/batool/MULTIMODAL_DATA/Multimodal_Data/Cat1/opposite/bag_files/Cat1_15mph_lr_opposite_1/lidar_pcd/ns1/velodyne_points/1624827676.041263000.pcd
Cat1,15mph,lr,opposite,1,1624827676.142104000,ns1,/media/batool/MULTIMODAL_DATA/Multimodal_Data/Cat1/opposite/bag_files/Cat1_15mph_lr_opposite_1/lidar_pcd/ns1/velodyne_points/1624827676.142104000.pcd
Cat1,15mph,lr,opposite,1,1624827676.242997000,ns1,/media/batool/MULTIMODAL_DATA/Multimodal_Data/Cat1/opposite/bag_files/Cat1_15mph_lr_opposite_1/lidar_pcd/ns1/velodyne_points/1624827676.242997000.pcd
Cat1,15mph,lr,opposite,1,1624827676.343854000,ns1,/media/batool/MULTIMODAL_DATA/Multimodal_Data/Cat1/opposite/bag_files/Cat1_15mph_lr_opposite_1/lidar_pcd/ns1/velodyne_points/1624827676.343854000.pcd
Cat1,15mph,lr,opposite,1,1624827676.444663000,ns1,/media/batool/MULTIMODAL_DATA/Multimodal_Data/Cat1/opposite/bag_files/Cat1_15mph_lr_opposite_1/lidar_pcd/ns1/velodyne_points/1624827676.444663000.pcd
Cat1,15mph,lr,opposite,1,1624827676.545572000,ns1,/media/batool/MULTIMODAL_DATA/Multimodal_Data/Cat1/opposite/bag_files/Cat1_15mph_lr_opposite_1/lidar_pcd/ns1/velodyne_points/1624827676.545572000.pcd
Cat1,15mph,lr,opposite,1,1624827676.646379000,ns1,/media/batool/MULTIMODAL_DATA/Multimodal_Data/Cat1/opposite/bag_files/Cat1_15mph_lr_opposite_1/lidar_pcd/ns1/velodyne_points/1624827676.646379000.pcd
Cat1,15mph,lr,opposite,1,1624827676.747263000,ns1,/media/batool/MULTIMODAL_DATA/Multimodal_Data/Cat1/opposite/bag_files/Cat1_15mph_lr_opposite_1/lidar_pcd/ns1/velodyne_points/1624827676.747263000.pcd
Cat1,15mph,lr,opposite,1,1624827676.848141000,ns1,/media/batool/MULTIMODAL_DATA/Multimodal_Data/Cat1/opposite/bag_files/Cat1_15mph_lr_opposite_1/lidar_pcd/ns1/velodyne_points/1624827676.848141000.pcd
Cat1,15mph,lr,opposite,1,1624827676.948995000,ns1,/media/batool/MULTIMODAL_DATA/Multimodal_Data/Cat1/opposite/bag_files/Cat1_15mph_lr_opposite_1/lidar_pcd/ns1/velodyne_points/1624827676.948995000.pcd
Cat1,15mph,lr,opposite,1,1624827677.049853000,ns1,/media/batool/MULTIMODAL_DATA/Multimodal_Data/Cat1/opposite/bag_files/Cat1_15mph_lr_opposite_1/lidar_pcd/ns1/velodyne_points/1624827677.049853000.pcd
