Category,speed,direction,lane,episode,time_stamp,lida_file,image_file,lat,long,max_rssi,selected_sector,tx_mcs,rx_mcs,sqi,all_rssi,all_sector,x,y
Cat3,15mph,lr,opposite,9,1625004377.453352000,/media/batool/MULTIMODAL_DATA/Multimodal_Data/Cat3/static_in_front/bag_files/Cat3_15mph_lr_opposite_9/lidar_pcd/ns1/velodyne_points/1625004377.453352000.pcd,/media/batool/MULTIMODAL_DATA/Multimodal_Data/Cat3/static_in_front/bag_files/Cat3_15mph_lr_opposite_9/camera_images/1625004377.5467224.jpg,42.33803733333333,-71.08660266666668,10074,10,8,8,60,"[6496, 6352, 8160, 5172, 6240, 5366, 7986, 5208, 10074, 5208, 6412, 6055, 7875, 5302, 5222, 8453, 5330, 5098, 9622, 6637, 7578, 5142, 6483, 6220, 6290, 7966, 8384, 5424, 6202, 4790, 5916]","[2, 3, 4, 5, 6, 7, 8, 9, 10, 11, 12, 15, 16, 17, 18, 19, 20, 21, 22, 23, 24, 25, 26, 27, 28, 29, 30, 60, 61, 61, 63]",36.97810256099935,-10.147596879524675
Cat3,15mph,lr,opposite,9,1625004377.554189000,/media/batool/MULTIMODAL_DATA/Multimodal_Data/Cat3/static_in_front/bag_files/Cat3_15mph_lr_opposite_9/lidar_pcd/ns1/velodyne_points/1625004377.554189000.pcd,/media/batool/MULTIMODAL_DATA/Multimodal_Data/Cat3/static_in_front/bag_files/Cat3_15mph_lr_opposite_9/camera_images/1625004377.5467224.jpg,42.33803733333333,-71.08660266666668,10074,10,8,8,60,"[6496, 6352, 8160, 5172, 6240, 5366, 7986, 5208, 10074, 5208, 6412, 6055, 7875, 5302, 5222, 8453, 5330, 5098, 9622, 6637, 7578, 5142, 6483, 6220, 6290, 7966, 8384, 5424, 6202, 4790, 5916]","[2, 3, 4, 5, 6, 7, 8, 9, 10, 11, 12, 15, 16, 17, 18, 19, 20, 21, 22, 23, 24, 25, 26, 27, 28, 29, 30, 60, 61, 61, 63]",36.97810256099935,-10.147596879524675
Cat3,15mph,lr,opposite,9,1625004377.655036000,/media/batool/MULTIMODAL_DATA/Multimodal_Data/Cat3/static_in_front/bag_files/Cat3_15mph_lr_opposite_9/lidar_pcd/ns1/velodyne_points/1625004377.655036000.pcd,/media/batool/MULTIMODAL_DATA/Multimodal_Data/Cat3/static_in_front/bag_files/Cat3_15mph_lr_opposite_9/camera_images/1625004377.6467223.jpg,42.33803733333333,-71.08660266666668,10074,10,8,8,60,"[6496, 6352, 8160, 5172, 6240, 5366, 7986, 5208, 10074, 5208, 6412, 6055, 7875, 5302, 5222, 8453, 5330, 5098, 9622, 6637, 7578, 5142, 6483, 6220, 6290, 7966, 8384, 5424, 6202, 4790, 5916]","[2, 3, 4, 5, 6, 7, 8, 9, 10, 11, 12, 15, 16, 17, 18, 19, 20, 21, 22, 23, 24, 25, 26, 27, 28, 29, 30, 60, 61, 61, 63]",36.97810256099935,-10.147596879524675
Cat3,15mph,lr,opposite,9,1625004377.755922000,/media/batool/MULTIMODAL_DATA/Multimodal_Data/Cat3/static_in_front/bag_files/Cat3_15mph_lr_opposite_9/lidar_pcd/ns1/velodyne_points/1625004377.755922000.pcd,/media/batool/MULTIMODAL_DATA/Multimodal_Data/Cat3/static_in_front/bag_files/Cat3_15mph_lr_opposite_9/camera_images/1625004377.7467222.jpg,42.33803733333333,-71.08660266666668,10074,10,8,8,60,"[6496, 6352, 8160, 5172, 6240, 5366, 7986, 5208, 10074, 5208, 6412, 6055, 7875, 5302, 5222, 8453, 5330, 5098, 9622, 6637, 7578, 5142, 6483, 6220, 6290, 7966, 8384, 5424, 6202, 4790, 5916]","[2, 3, 4, 5, 6, 7, 8, 9, 10, 11, 12, 15, 16, 17, 18, 19, 20, 21, 22, 23, 24, 25, 26, 27, 28, 29, 30, 60, 61, 61, 63]",36.97810256099935,-10.147596879524675
Cat3,15mph,lr,opposite,9,1625004377.856779000,/media/batool/MULTIMODAL_DATA/Multimodal_Data/Cat3/static_in_front/bag_files/Cat3_15mph_lr_opposite_9/lidar_pcd/ns1/velodyne_points/1625004377.856779000.pcd,/media/batool/MULTIMODAL_DATA/Multimodal_Data/Cat3/static_in_front/bag_files/Cat3_15mph_lr_opposite_9/camera_images/1625004377.8467221.jpg,42.33803733333333,-71.08660266666665,10074,10,8,8,60,"[6496, 6352, 8160, 5172, 6240, 5366, 7986, 5208, 10074, 5208, 6412, 6055, 7875, 5302, 5222, 8453, 5330, 5098, 9622, 6637, 7578, 5142, 6483, 6220, 6290, 7966, 8384, 5424, 6202, 4790, 5916]","[2, 3, 4, 5, 6, 7, 8, 9, 10, 11, 12, 15, 16, 17, 18, 19, 20, 21, 22, 23, 24, 25, 26, 27, 28, 29, 30, 60, 61, 61, 63]",36.978102563333664,-10.147596879524675
Cat3,15mph,lr,opposite,9,1625004377.957596000,/media/batool/MULTIMODAL_DATA/Multimodal_Data/Cat3/static_in_front/bag_files/Cat3_15mph_lr_opposite_9/lidar_pcd/ns1/velodyne_points/1625004377.957596000.pcd,/media/batool/MULTIMODAL_DATA/Multimodal_Data/Cat3/static_in_front/bag_files/Cat3_15mph_lr_opposite_9/camera_images/1625004377.946722.jpg,42.338037333333325,-71.08660266666668,10074,10,8,8,60,"[6496, 6352, 8160, 5172, 6240, 5366, 7986, 5208, 10074, 5208, 6412, 6055, 7875, 5302, 5222, 8453, 5330, 5098, 9622, 6637, 7578, 5142, 6483, 6220, 6290, 7966, 8384, 5424, 6202, 4790, 5916]","[2, 3, 4, 5, 6, 7, 8, 9, 10, 11, 12, 15, 16, 17, 18, 19, 20, 21, 22, 23, 24, 25, 26, 27, 28, 29, 30, 60, 61, 61, 63]",36.97810256099936,-10.147596880314167
Cat3,15mph,lr,opposite,9,1625004378.058466000,/media/batool/MULTIMODAL_DATA/Multimodal_Data/Cat3/static_in_front/bag_files/Cat3_15mph_lr_opposite_9/lidar_pcd/ns1/velodyne_points/1625004378.058466000.pcd,/media/batool/MULTIMODAL_DATA/Multimodal_Data/Cat3/static_in_front/bag_files/Cat3_15mph_lr_opposite_9/camera_images/1625004378.046722.jpg,42.338037333333325,-71.08660266666668,10074,10,8,8,60,"[6496, 6352, 8160, 5172, 6240, 5366, 7986, 5208, 10074, 5208, 6412, 6055, 7875, 5302, 5222, 8453, 5330, 5098, 9622, 6637, 7578, 5142, 6483, 6220, 6290, 7966, 8384, 5424, 6202, 4790, 5916]","[2, 3, 4, 5, 6, 7, 8, 9, 10, 11, 12, 15, 16, 17, 18, 19, 20, 21, 22, 23, 24, 25, 26, 27, 28, 29, 30, 60, 61, 61, 63]",36.97810256099936,-10.147596880314167
Cat3,15mph,lr,opposite,9,1625004378.159348000,/media/batool/MULTIMODAL_DATA/Multimodal_Data/Cat3/static_in_front/bag_files/Cat3_15mph_lr_opposite_9/lidar_pcd/ns1/velodyne_points/1625004378.159348000.pcd,/media/batool/MULTIMODAL_DATA/Multimodal_Data/Cat3/static_in_front/bag_files/Cat3_15mph_lr_opposite_9/camera_images/1625004378.1467218.jpg,42.338037333333325,-71.08660266666668,10074,10,8,8,60,"[6496, 6352, 8160, 5172, 6240, 5366, 7986, 5208, 10074, 5208, 6412, 6055, 7875, 5302, 5222, 8453, 5330, 5098, 9622, 6637, 7578, 5142, 6483, 6220, 6290, 7966, 8384, 5424, 6202, 4790, 5916]","[2, 3, 4, 5, 6, 7, 8, 9, 10, 11, 12, 15, 16, 17, 18, 19, 20, 21, 22, 23, 24, 25, 26, 27, 28, 29, 30, 60, 61, 61, 63]",36.97810256099936,-10.147596880314167
Cat3,15mph,lr,opposite,9,1625004378.260185000,/media/batool/MULTIMODAL_DATA/Multimodal_Data/Cat3/static_in_front/bag_files/Cat3_15mph_lr_opposite_9/lidar_pcd/ns1/velodyne_points/1625004378.260185000.pcd,/media/batool/MULTIMODAL_DATA/Multimodal_Data/Cat3/static_in_front/bag_files/Cat3_15mph_lr_opposite_9/camera_images/1625004378.2467217.jpg,42.338037333333325,-71.08660266666669,10074,10,8,8,60,"[6496, 6352, 8160, 5172, 6240, 5366, 7986, 5208, 10074, 5208, 6412, 6055, 7875, 5302, 5222, 8453, 5330, 5098, 9622, 6637, 7578, 5142, 6483, 6220, 6290, 7966, 8384, 5424, 6202, 4790, 5916]","[2, 3, 4, 5, 6, 7, 8, 9, 10, 11, 12, 15, 16, 17, 18, 19, 20, 21, 22, 23, 24, 25, 26, 27, 28, 29, 30, 60, 61, 61, 63]",36.978102559832195,-10.147596880314167
Cat3,15mph,lr,opposite,9,1625004378.361030000,/media/batool/MULTIMODAL_DATA/Multimodal_Data/Cat3/static_in_front/bag_files/Cat3_15mph_lr_opposite_9/lidar_pcd/ns1/velodyne_points/1625004378.361030000.pcd,/media/batool/MULTIMODAL_DATA/Multimodal_Data/Cat3/static_in_front/bag_files/Cat3_15mph_lr_opposite_9/camera_images/1625004378.3467216.jpg,42.338037333333325,-71.08660266666668,6285,10,4,8,40,"[3505, 0, 4753, 6010, 3267, 4531, 4060, 4376, 3879, 6285, 3269, 4120, 3142, 3578, 4975, 3929, 3268, 5338, 3333, 3168, 5414, 4936, 4117, 3223, 4156, 3995, 3528, 4972, 5932, 3074, 3270, 3585, 3832]","[1, 2, 3, 4, 5, 6, 7, 8, 9, 10, 11, 12, 12, 15, 16, 17, 18, 19, 20, 20, 22, 23, 24, 25, 26, 27, 28, 29, 30, 30, 30, 61, 63]",36.97810256099936,-10.147596880314167
Cat3,15mph,lr,opposite,9,1625004378.461896000,/media/batool/MULTIMODAL_DATA/Multimodal_Data/Cat3/static_in_front/bag_files/Cat3_15mph_lr_opposite_9/lidar_pcd/ns1/velodyne_points/1625004378.461896000.pcd,/media/batool/MULTIMODAL_DATA/Multimodal_Data/Cat3/static_in_front/bag_files/Cat3_15mph_lr_opposite_9/camera_images/1625004378.4467216.jpg,42.338037333333325,-71.08660266666668,6285,10,4,8,40,"[3505, 0, 4753, 6010, 3267, 4531, 4060, 4376, 3879, 6285, 3269, 4120, 3142, 3578, 4975, 3929, 3268, 5338, 3333, 3168, 5414, 4936, 4117, 3223, 4156, 3995, 3528, 4972, 5932, 3074, 3270, 3585, 3832]","[1, 2, 3, 4, 5, 6, 7, 8, 9, 10, 11, 12, 12, 15, 16, 17, 18, 19, 20, 20, 22, 23, 24, 25, 26, 27, 28, 29, 30, 30, 30, 61, 63]",36.97810256099936,-10.147596880314167
Cat3,15mph,lr,opposite,9,1625004378.562766000,/media/batool/MULTIMODAL_DATA/Multimodal_Data/Cat3/static_in_front/bag_files/Cat3_15mph_lr_opposite_9/lidar_pcd/ns1/velodyne_points/1625004378.562766000.pcd,/media/batool/MULTIMODAL_DATA/Multimodal_Data/Cat3/static_in_front/bag_files/Cat3_15mph_lr_opposite_9/camera_images/1625004378.5467215.jpg,42.338037333333325,-71.08660266666668,6285,10,4,8,40,"[3505, 0, 4753, 6010, 3267, 4531, 4060, 4376, 3879, 6285, 3269, 4120, 3142, 3578, 4975, 3929, 3268, 5338, 3333, 3168, 5414, 4936, 4117, 3223, 4156, 3995, 3528, 4972, 5932, 3074, 3270, 3585, 3832]","[1, 2, 3, 4, 5, 6, 7, 8, 9, 10, 11, 12, 12, 15, 16, 17, 18, 19, 20, 20, 22, 23, 24, 25, 26, 27, 28, 29, 30, 30, 30, 61, 63]",36.97810256099936,-10.147596880314167
Cat3,15mph,lr,opposite,9,1625004378.764438000,/media/batool/MULTIMODAL_DATA/Multimodal_Data/Cat3/static_in_front/bag_files/Cat3_15mph_lr_opposite_9/lidar_pcd/ns1/velodyne_points/1625004378.764438000.pcd,/media/batool/MULTIMODAL_DATA/Multimodal_Data/Cat3/static_in_front/bag_files/Cat3_15mph_lr_opposite_9/camera_images/1625004378.7800546.jpg,42.338037333333325,-71.08660266666666,6285,10,4,8,40,"[3505, 0, 4753, 6010, 3267, 4531, 4060, 4376, 3879, 6285, 3269, 4120, 3142, 3578, 4975, 3929, 3268, 5338, 3333, 3168, 5414, 4936, 4117, 3223, 4156, 3995, 3528, 4972, 5932, 3074, 3270, 3585, 3832]","[1, 2, 3, 4, 5, 6, 7, 8, 9, 10, 11, 12, 12, 15, 16, 17, 18, 19, 20, 20, 22, 23, 24, 25, 26, 27, 28, 29, 30, 30, 30, 61, 63]",36.97810256216651,-10.147596880314167
Cat3,15mph,lr,opposite,9,1625004378.865327000,/media/batool/MULTIMODAL_DATA/Multimodal_Data/Cat3/static_in_front/bag_files/Cat3_15mph_lr_opposite_9/lidar_pcd/ns1/velodyne_points/1625004378.865327000.pcd,/media/batool/MULTIMODAL_DATA/Multimodal_Data/Cat3/static_in_front/bag_files/Cat3_15mph_lr_opposite_9/camera_images/1625004378.8800545.jpg,42.338037333333325,-71.08660266666666,6285,10,4,8,40,"[3505, 0, 4753, 6010, 3267, 4531, 4060, 4376, 3879, 6285, 3269, 4120, 3142, 3578, 4975, 3929, 3268, 5338, 3333, 3168, 5414, 4936, 4117, 3223, 4156, 3995, 3528, 4972, 5932, 3074, 3270, 3585, 3832]","[1, 2, 3, 4, 5, 6, 7, 8, 9, 10, 11, 12, 12, 15, 16, 17, 18, 19, 20, 20, 22, 23, 24, 25, 26, 27, 28, 29, 30, 30, 30, 61, 63]",36.97810256216651,-10.147596880314167
Cat3,15mph,lr,opposite,9,1625004378.966178000,/media/batool/MULTIMODAL_DATA/Multimodal_Data/Cat3/static_in_front/bag_files/Cat3_15mph_lr_opposite_9/lidar_pcd/ns1/velodyne_points/1625004378.966178000.pcd,/media/batool/MULTIMODAL_DATA/Multimodal_Data/Cat3/static_in_front/bag_files/Cat3_15mph_lr_opposite_9/camera_images/1625004378.9800544.jpg,42.338037333333325,-71.08660266666666,6285,10,4,8,40,"[3505, 0, 4753, 6010, 3267, 4531, 4060, 4376, 3879, 6285, 3269, 4120, 3142, 3578, 4975, 3929, 3268, 5338, 3333, 3168, 5414, 4936, 4117, 3223, 4156, 3995, 3528, 4972, 5932, 3074, 3270, 3585, 3832]","[1, 2, 3, 4, 5, 6, 7, 8, 9, 10, 11, 12, 12, 15, 16, 17, 18, 19, 20, 20, 22, 23, 24, 25, 26, 27, 28, 29, 30, 30, 30, 61, 63]",36.97810256216651,-10.147596880314167
Cat3,15mph,lr,opposite,9,1625004379.067100000,/media/batool/MULTIMODAL_DATA/Multimodal_Data/Cat3/static_in_front/bag_files/Cat3_15mph_lr_opposite_9/lidar_pcd/ns1/velodyne_points/1625004379.067100000.pcd,/media/batool/MULTIMODAL_DATA/Multimodal_Data/Cat3/static_in_front/bag_files/Cat3_15mph_lr_opposite_9/camera_images/1625004379.0800543.jpg,42.33803733333333,-71.08660266666666,6285,10,4,8,40,"[3505, 0, 4753, 6010, 3267, 4531, 4060, 4376, 3879, 6285, 3269, 4120, 3142, 3578, 4975, 3929, 3268, 5338, 3333, 3168, 5414, 4936, 4117, 3223, 4156, 3995, 3528, 4972, 5932, 3074, 3270, 3585, 3832]","[1, 2, 3, 4, 5, 6, 7, 8, 9, 10, 11, 12, 12, 15, 16, 17, 18, 19, 20, 20, 22, 23, 24, 25, 26, 27, 28, 29, 30, 30, 30, 61, 63]",36.978102562166505,-10.147596879524675
Cat3,15mph,lr,opposite,9,1625004379.167924000,/media/batool/MULTIMODAL_DATA/Multimodal_Data/Cat3/static_in_front/bag_files/Cat3_15mph_lr_opposite_9/lidar_pcd/ns1/velodyne_points/1625004379.167924000.pcd,/media/batool/MULTIMODAL_DATA/Multimodal_Data/Cat3/static_in_front/bag_files/Cat3_15mph_lr_opposite_9/camera_images/1625004379.1800542.jpg,42.33803733333333,-71.08660266666666,6285,10,4,8,40,"[3505, 0, 4753, 6010, 3267, 4531, 4060, 4376, 3879, 6285, 3269, 4120, 3142, 3578, 4975, 3929, 3268, 5338, 3333, 3168, 5414, 4936, 4117, 3223, 4156, 3995, 3528, 4972, 5932, 3074, 3270, 3585, 3832]","[1, 2, 3, 4, 5, 6, 7, 8, 9, 10, 11, 12, 12, 15, 16, 17, 18, 19, 20, 20, 22, 23, 24, 25, 26, 27, 28, 29, 30, 30, 30, 61, 63]",36.978102562166505,-10.147596879524675
Cat3,15mph,lr,opposite,9,1625004378.663618000,/media/batool/MULTIMODAL_DATA/Multimodal_Data/Cat3/static_in_front/bag_files/Cat3_15mph_lr_opposite_9/lidar_pcd/ns1/velodyne_points/1625004378.663618000.pcd,/media/batool/MULTIMODAL_DATA/Multimodal_Data/Cat3/static_in_front/bag_files/Cat3_15mph_lr_opposite_9/camera_images/1625004378.6800547.jpg,42.338037333333325,-71.08660266666666,6285,10,4,8,40,"[3505, 0, 4753, 6010, 3267, 4531, 4060, 4376, 3879, 6285, 3269, 4120, 3142, 3578, 4975, 3929, 3268, 5338, 3333, 3168, 5414, 4936, 4117, 3223, 4156, 3995, 3528, 4972, 5932, 3074, 3270, 3585, 3832]","[1, 2, 3, 4, 5, 6, 7, 8, 9, 10, 11, 12, 12, 15, 16, 17, 18, 19, 20, 20, 22, 23, 24, 25, 26, 27, 28, 29, 30, 30, 30, 61, 63]",36.97810256216651,-10.147596880314167
Cat3,15mph,lr,opposite,9,1625004379.268768000,/media/batool/MULTIMODAL_DATA/Multimodal_Data/Cat3/static_in_front/bag_files/Cat3_15mph_lr_opposite_9/lidar_pcd/ns1/velodyne_points/1625004379.268768000.pcd,/media/batool/MULTIMODAL_DATA/Multimodal_Data/Cat3/static_in_front/bag_files/Cat3_15mph_lr_opposite_9/camera_images/1625004379.280054.jpg,42.33803733333333,-71.08660266666666,6184,10,7,8,45,"[3208, 3498, 4000, 4376, 3208, 3870, 3284, 4260, 3288, 6184, 3710, 3376, 2910, 3439, 4316, 3949, 3829, 5894, 3215, 0, 4732, 3499, 4039, 3088, 4028, 3881, 3395, 4244, 4582, 3704, 3930]","[1, 2, 3, 4, 5, 6, 7, 8, 9, 10, 11, 12, 12, 15, 16, 17, 18, 19, 20, 20, 22, 23, 24, 24, 26, 27, 28, 29, 30, 61, 63]",36.978102562166505,-10.147596879524675
Cat3,15mph,lr,opposite,9,1625004379.369600000,/media/batool/MULTIMODAL_DATA/Multimodal_Data/Cat3/static_in_front/bag_files/Cat3_15mph_lr_opposite_9/lidar_pcd/ns1/velodyne_points/1625004379.369600000.pcd,/media/batool/MULTIMODAL_DATA/Multimodal_Data/Cat3/static_in_front/bag_files/Cat3_15mph_lr_opposite_9/camera_images/1625004379.380054.jpg,42.33803733333333,-71.08660266666666,6184,10,7,8,45,"[3208, 3498, 4000, 4376, 3208, 3870, 3284, 4260, 3288, 6184, 3710, 3376, 2910, 3439, 4316, 3949, 3829, 5894, 3215, 0, 4732, 3499, 4039, 3088, 4028, 3881, 3395, 4244, 4582, 3704, 3930]","[1, 2, 3, 4, 5, 6, 7, 8, 9, 10, 11, 12, 12, 15, 16, 17, 18, 19, 20, 20, 22, 23, 24, 24, 26, 27, 28, 29, 30, 61, 63]",36.978102562166505,-10.147596879524675
Cat3,15mph,lr,opposite,9,1625004379.470468000,/media/batool/MULTIMODAL_DATA/Multimodal_Data/Cat3/static_in_front/bag_files/Cat3_15mph_lr_opposite_9/lidar_pcd/ns1/velodyne_points/1625004379.470468000.pcd,/media/batool/MULTIMODAL_DATA/Multimodal_Data/Cat3/static_in_front/bag_files/Cat3_15mph_lr_opposite_9/camera_images/1625004379.480054.jpg,42.33803733333333,-71.08660266666666,6184,10,7,8,45,"[3208, 3498, 4000, 4376, 3208, 3870, 3284, 4260, 3288, 6184, 3710, 3376, 2910, 3439, 4316, 3949, 3829, 5894, 3215, 0, 4732, 3499, 4039, 3088, 4028, 3881, 3395, 4244, 4582, 3704, 3930]","[1, 2, 3, 4, 5, 6, 7, 8, 9, 10, 11, 12, 12, 15, 16, 17, 18, 19, 20, 20, 22, 23, 24, 24, 26, 27, 28, 29, 30, 61, 63]",36.978102562166505,-10.147596879524675
Cat3,15mph,lr,opposite,9,1625004379.571325000,/media/batool/MULTIMODAL_DATA/Multimodal_Data/Cat3/static_in_front/bag_files/Cat3_15mph_lr_opposite_9/lidar_pcd/ns1/velodyne_points/1625004379.571325000.pcd,/media/batool/MULTIMODAL_DATA/Multimodal_Data/Cat3/static_in_front/bag_files/Cat3_15mph_lr_opposite_9/camera_images/1625004379.5800538.jpg,42.33803733333333,-71.08660266666668,6184,10,7,8,45,"[3208, 3498, 4000, 4376, 3208, 3870, 3284, 4260, 3288, 6184, 3710, 3376, 2910, 3439, 4316, 3949, 3829, 5894, 3215, 0, 4732, 3499, 4039, 3088, 4028, 3881, 3395, 4244, 4582, 3704, 3930]","[1, 2, 3, 4, 5, 6, 7, 8, 9, 10, 11, 12, 12, 15, 16, 17, 18, 19, 20, 20, 22, 23, 24, 24, 26, 27, 28, 29, 30, 61, 63]",36.97810256099935,-10.147596879524675
Cat3,15mph,lr,opposite,9,1625004379.672202000,/media/batool/MULTIMODAL_DATA/Multimodal_Data/Cat3/static_in_front/bag_files/Cat3_15mph_lr_opposite_9/lidar_pcd/ns1/velodyne_points/1625004379.672202000.pcd,/media/batool/MULTIMODAL_DATA/Multimodal_Data/Cat3/static_in_front/bag_files/Cat3_15mph_lr_opposite_9/camera_images/1625004379.6800537.jpg,42.33803733333333,-71.08660266666668,6184,10,7,8,45,"[3208, 3498, 4000, 4376, 3208, 3870, 3284, 4260, 3288, 6184, 3710, 3376, 2910, 3439, 4316, 3949, 3829, 5894, 3215, 0, 4732, 3499, 4039, 3088, 4028, 3881, 3395, 4244, 4582, 3704, 3930]","[1, 2, 3, 4, 5, 6, 7, 8, 9, 10, 11, 12, 12, 15, 16, 17, 18, 19, 20, 20, 22, 23, 24, 24, 26, 27, 28, 29, 30, 61, 63]",36.97810256099935,-10.147596879524675
Cat3,15mph,lr,opposite,9,1625004379.773048000,/media/batool/MULTIMODAL_DATA/Multimodal_Data/Cat3/static_in_front/bag_files/Cat3_15mph_lr_opposite_9/lidar_pcd/ns1/velodyne_points/1625004379.773048000.pcd,/media/batool/MULTIMODAL_DATA/Multimodal_Data/Cat3/static_in_front/bag_files/Cat3_15mph_lr_opposite_9/camera_images/1625004379.7800536.jpg,42.33803733333333,-71.08660266666668,6184,10,7,8,45,"[3208, 3498, 4000, 4376, 3208, 3870, 3284, 4260, 3288, 6184, 3710, 3376, 2910, 3439, 4316, 3949, 3829, 5894, 3215, 0, 4732, 3499, 4039, 3088, 4028, 3881, 3395, 4244, 4582, 3704, 3930]","[1, 2, 3, 4, 5, 6, 7, 8, 9, 10, 11, 12, 12, 15, 16, 17, 18, 19, 20, 20, 22, 23, 24, 24, 26, 27, 28, 29, 30, 61, 63]",36.97810256099935,-10.147596879524675
Cat3,15mph,lr,opposite,9,1625004379.873918000,/media/batool/MULTIMODAL_DATA/Multimodal_Data/Cat3/static_in_front/bag_files/Cat3_15mph_lr_opposite_9/lidar_pcd/ns1/velodyne_points/1625004379.873918000.pcd,/media/batool/MULTIMODAL_DATA/Multimodal_Data/Cat3/static_in_front/bag_files/Cat3_15mph_lr_opposite_9/camera_images/1625004379.8800535.jpg,42.338037333333325,-71.08660266666668,6184,10,7,8,45,"[3208, 3498, 4000, 4376, 3208, 3870, 3284, 4260, 3288, 6184, 3710, 3376, 2910, 3439, 4316, 3949, 3829, 5894, 3215, 0, 4732, 3499, 4039, 3088, 4028, 3881, 3395, 4244, 4582, 3704, 3930]","[1, 2, 3, 4, 5, 6, 7, 8, 9, 10, 11, 12, 12, 15, 16, 17, 18, 19, 20, 20, 22, 23, 24, 24, 26, 27, 28, 29, 30, 61, 63]",36.97810256099936,-10.147596880314167
Cat3,15mph,lr,opposite,9,1625004379.974758000,/media/batool/MULTIMODAL_DATA/Multimodal_Data/Cat3/static_in_front/bag_files/Cat3_15mph_lr_opposite_9/lidar_pcd/ns1/velodyne_points/1625004379.974758000.pcd,/media/batool/MULTIMODAL_DATA/Multimodal_Data/Cat3/static_in_front/bag_files/Cat3_15mph_lr_opposite_9/camera_images/1625004379.9800534.jpg,42.338037333333325,-71.08660266666668,6184,10,7,8,45,"[3208, 3498, 4000, 4376, 3208, 3870, 3284, 4260, 3288, 6184, 3710, 3376, 2910, 3439, 4316, 3949, 3829, 5894, 3215, 0, 4732, 3499, 4039, 3088, 4028, 3881, 3395, 4244, 4582, 3704, 3930]","[1, 2, 3, 4, 5, 6, 7, 8, 9, 10, 11, 12, 12, 15, 16, 17, 18, 19, 20, 20, 22, 23, 24, 24, 26, 27, 28, 29, 30, 61, 63]",36.97810256099936,-10.147596880314167
Cat3,15mph,lr,opposite,9,1625004380.075626000,/media/batool/MULTIMODAL_DATA/Multimodal_Data/Cat3/static_in_front/bag_files/Cat3_15mph_lr_opposite_9/lidar_pcd/ns1/velodyne_points/1625004380.075626000.pcd,/media/batool/MULTIMODAL_DATA/Multimodal_Data/Cat3/static_in_front/bag_files/Cat3_15mph_lr_opposite_9/camera_images/1625004380.0800533.jpg,42.33803733333333,-71.08660266666668,5419,10,8,8,60,"[3181, 0, 3903, 4978, 3165, 3821, 3384, 3703, 2805, 5419, 3138, 3942, 2848, 3219, 4126, 3253, 3087, 5196, 3840, 2706, 4484, 4171, 3418, 3110, 4002, 3758, 3911, 4818, 5101, 3383, 3675]","[1, 2, 3, 4, 5, 6, 7, 8, 9, 10, 11, 12, 12, 15, 16, 17, 18, 19, 20, 21, 22, 23, 24, 25, 26, 27, 28, 29, 30, 61, 63]",36.97810256099935,-10.147596879524675
Cat3,15mph,lr,opposite,9,1625004380.277317000,/media/batool/MULTIMODAL_DATA/Multimodal_Data/Cat3/static_in_front/bag_files/Cat3_15mph_lr_opposite_9/lidar_pcd/ns1/velodyne_points/1625004380.277317000.pcd,/media/batool/MULTIMODAL_DATA/Multimodal_Data/Cat3/static_in_front/bag_files/Cat3_15mph_lr_opposite_9/camera_images/1625004380.2800531.jpg,42.33803733333333,-71.08660266666668,5419,10,8,8,60,"[3181, 0, 3903, 4978, 3165, 3821, 3384, 3703, 2805, 5419, 3138, 3942, 2848, 3219, 4126, 3253, 3087, 5196, 3840, 2706, 4484, 4171, 3418, 3110, 4002, 3758, 3911, 4818, 5101, 3383, 3675]","[1, 2, 3, 4, 5, 6, 7, 8, 9, 10, 11, 12, 12, 15, 16, 17, 18, 19, 20, 21, 22, 23, 24, 25, 26, 27, 28, 29, 30, 61, 63]",36.97810256099935,-10.147596879524675
Cat3,15mph,lr,opposite,9,1625004380.378199000,/media/batool/MULTIMODAL_DATA/Multimodal_Data/Cat3/static_in_front/bag_files/Cat3_15mph_lr_opposite_9/lidar_pcd/ns1/velodyne_points/1625004380.378199000.pcd,/media/batool/MULTIMODAL_DATA/Multimodal_Data/Cat3/static_in_front/bag_files/Cat3_15mph_lr_opposite_9/camera_images/1625004380.380053.jpg,42.33803733333333,-71.08660266666668,5419,10,8,8,60,"[3181, 0, 3903, 4978, 3165, 3821, 3384, 3703, 2805, 5419, 3138, 3942, 2848, 3219, 4126, 3253, 3087, 5196, 3840, 2706, 4484, 4171, 3418, 3110, 4002, 3758, 3911, 4818, 5101, 3383, 3675]","[1, 2, 3, 4, 5, 6, 7, 8, 9, 10, 11, 12, 12, 15, 16, 17, 18, 19, 20, 21, 22, 23, 24, 25, 26, 27, 28, 29, 30, 61, 63]",36.97810256099935,-10.147596879524675
Cat3,15mph,lr,opposite,9,1625004380.479017000,/media/batool/MULTIMODAL_DATA/Multimodal_Data/Cat3/static_in_front/bag_files/Cat3_15mph_lr_opposite_9/lidar_pcd/ns1/velodyne_points/1625004380.479017000.pcd,/media/batool/MULTIMODAL_DATA/Multimodal_Data/Cat3/static_in_front/bag_files/Cat3_15mph_lr_opposite_9/camera_images/1625004380.480053.jpg,42.33803733333333,-71.08660266666668,5419,10,8,8,60,"[3181, 0, 3903, 4978, 3165, 3821, 3384, 3703, 2805, 5419, 3138, 3942, 2848, 3219, 4126, 3253, 3087, 5196, 3840, 2706, 4484, 4171, 3418, 3110, 4002, 3758, 3911, 4818, 5101, 3383, 3675]","[1, 2, 3, 4, 5, 6, 7, 8, 9, 10, 11, 12, 12, 15, 16, 17, 18, 19, 20, 21, 22, 23, 24, 25, 26, 27, 28, 29, 30, 61, 63]",36.97810256099935,-10.147596879524675
Cat3,15mph,lr,opposite,9,1625004380.579914000,/media/batool/MULTIMODAL_DATA/Multimodal_Data/Cat3/static_in_front/bag_files/Cat3_15mph_lr_opposite_9/lidar_pcd/ns1/velodyne_points/1625004380.579914000.pcd,/media/batool/MULTIMODAL_DATA/Multimodal_Data/Cat3/static_in_front/bag_files/Cat3_15mph_lr_opposite_9/camera_images/1625004380.5800529.jpg,42.33803733333333,-71.08660266666668,5419,10,8,8,60,"[3181, 0, 3903, 4978, 3165, 3821, 3384, 3703, 2805, 5419, 3138, 3942, 2848, 3219, 4126, 3253, 3087, 5196, 3840, 2706, 4484, 4171, 3418, 3110, 4002, 3758, 3911, 4818, 5101, 3383, 3675]","[1, 2, 3, 4, 5, 6, 7, 8, 9, 10, 11, 12, 12, 15, 16, 17, 18, 19, 20, 21, 22, 23, 24, 25, 26, 27, 28, 29, 30, 61, 63]",36.97810256099935,-10.147596879524675
Cat3,15mph,lr,opposite,9,1625004380.680728000,/media/batool/MULTIMODAL_DATA/Multimodal_Data/Cat3/static_in_front/bag_files/Cat3_15mph_lr_opposite_9/lidar_pcd/ns1/velodyne_points/1625004380.680728000.pcd,/media/batool/MULTIMODAL_DATA/Multimodal_Data/Cat3/static_in_front/bag_files/Cat3_15mph_lr_opposite_9/camera_images/1625004380.6800528.jpg,42.33803733333333,-71.08660266666668,5419,10,8,8,60,"[3181, 0, 3903, 4978, 3165, 3821, 3384, 3703, 2805, 5419, 3138, 3942, 2848, 3219, 4126, 3253, 3087, 5196, 3840, 2706, 4484, 4171, 3418, 3110, 4002, 3758, 3911, 4818, 5101, 3383, 3675]","[1, 2, 3, 4, 5, 6, 7, 8, 9, 10, 11, 12, 12, 15, 16, 17, 18, 19, 20, 21, 22, 23, 24, 25, 26, 27, 28, 29, 30, 61, 63]",36.97810256099935,-10.147596879524675
Cat3,15mph,lr,opposite,9,1625004380.781634000,/media/batool/MULTIMODAL_DATA/Multimodal_Data/Cat3/static_in_front/bag_files/Cat3_15mph_lr_opposite_9/lidar_pcd/ns1/velodyne_points/1625004380.781634000.pcd,/media/batool/MULTIMODAL_DATA/Multimodal_Data/Cat3/static_in_front/bag_files/Cat3_15mph_lr_opposite_9/camera_images/1625004380.7800527.jpg,42.33803733333333,-71.08660266666668,5419,10,8,8,60,"[3181, 0, 3903, 4978, 3165, 3821, 3384, 3703, 2805, 5419, 3138, 3942, 2848, 3219, 4126, 3253, 3087, 5196, 3840, 2706, 4484, 4171, 3418, 3110, 4002, 3758, 3911, 4818, 5101, 3383, 3675]","[1, 2, 3, 4, 5, 6, 7, 8, 9, 10, 11, 12, 12, 15, 16, 17, 18, 19, 20, 21, 22, 23, 24, 25, 26, 27, 28, 29, 30, 61, 63]",36.97810256099935,-10.147596879524675
Cat3,15mph,lr,opposite,9,1625004380.882474000,/media/batool/MULTIMODAL_DATA/Multimodal_Data/Cat3/static_in_front/bag_files/Cat3_15mph_lr_opposite_9/lidar_pcd/ns1/velodyne_points/1625004380.882474000.pcd,/media/batool/MULTIMODAL_DATA/Multimodal_Data/Cat3/static_in_front/bag_files/Cat3_15mph_lr_opposite_9/camera_images/1625004380.8800526.jpg,42.33803733333333,-71.08660266666668,5419,10,8,8,60,"[3181, 0, 3903, 4978, 3165, 3821, 3384, 3703, 2805, 5419, 3138, 3942, 2848, 3219, 4126, 3253, 3087, 5196, 3840, 2706, 4484, 4171, 3418, 3110, 4002, 3758, 3911, 4818, 5101, 3383, 3675]","[1, 2, 3, 4, 5, 6, 7, 8, 9, 10, 11, 12, 12, 15, 16, 17, 18, 19, 20, 21, 22, 23, 24, 25, 26, 27, 28, 29, 30, 61, 63]",36.97810256099935,-10.147596879524675
Cat3,15mph,lr,opposite,9,1625004380.176475000,/media/batool/MULTIMODAL_DATA/Multimodal_Data/Cat3/static_in_front/bag_files/Cat3_15mph_lr_opposite_9/lidar_pcd/ns1/velodyne_points/1625004380.176475000.pcd,/media/batool/MULTIMODAL_DATA/Multimodal_Data/Cat3/static_in_front/bag_files/Cat3_15mph_lr_opposite_9/camera_images/1625004380.1800532.jpg,42.33803733333333,-71.08660266666668,5419,10,8,8,60,"[3181, 0, 3903, 4978, 3165, 3821, 3384, 3703, 2805, 5419, 3138, 3942, 2848, 3219, 4126, 3253, 3087, 5196, 3840, 2706, 4484, 4171, 3418, 3110, 4002, 3758, 3911, 4818, 5101, 3383, 3675]","[1, 2, 3, 4, 5, 6, 7, 8, 9, 10, 11, 12, 12, 15, 16, 17, 18, 19, 20, 21, 22, 23, 24, 25, 26, 27, 28, 29, 30, 61, 63]",36.97810256099935,-10.147596879524675
Cat3,15mph,lr,opposite,9,1625004380.983341000,/media/batool/MULTIMODAL_DATA/Multimodal_Data/Cat3/static_in_front/bag_files/Cat3_15mph_lr_opposite_9/lidar_pcd/ns1/velodyne_points/1625004380.983341000.pcd,/media/batool/MULTIMODAL_DATA/Multimodal_Data/Cat3/static_in_front/bag_files/Cat3_15mph_lr_opposite_9/camera_images/1625004380.9800525.jpg,42.33803733333333,-71.08660266666668,9503,10,8,7,60,"[5592, 0, 6789, 4976, 5876, 5340, 7410, 5069, 9503, 4240, 5332, 4352, 5164, 6551, 5168, 4827, 8152, 5124, 4830, 7813, 6464, 6111, 4345, 6118, 5372, 5369, 6679, 7871, 4284, 5330, 5458]","[2, 3, 4, 5, 6, 7, 8, 9, 10, 11, 12, 12, 15, 16, 17, 18, 19, 20, 21, 22, 23, 24, 25, 26, 27, 28, 29, 30, 30, 61, 63]",36.97810256099935,-10.147596879524675
Cat3,15mph,lr,opposite,9,1625004381.084185000,/media/batool/MULTIMODAL_DATA/Multimodal_Data/Cat3/static_in_front/bag_files/Cat3_15mph_lr_opposite_9/lidar_pcd/ns1/velodyne_points/1625004381.084185000.pcd,/media/batool/MULTIMODAL_DATA/Multimodal_Data/Cat3/static_in_front/bag_files/Cat3_15mph_lr_opposite_9/camera_images/1625004381.0800524.jpg,42.33803733333333,-71.08660266666668,9503,10,8,7,60,"[5592, 0, 6789, 4976, 5876, 5340, 7410, 5069, 9503, 4240, 5332, 4352, 5164, 6551, 5168, 4827, 8152, 5124, 4830, 7813, 6464, 6111, 4345, 6118, 5372, 5369, 6679, 7871, 4284, 5330, 5458]","[2, 3, 4, 5, 6, 7, 8, 9, 10, 11, 12, 12, 15, 16, 17, 18, 19, 20, 21, 22, 23, 24, 25, 26, 27, 28, 29, 30, 30, 61, 63]",36.97810256099935,-10.147596879524675
Cat3,15mph,lr,opposite,9,1625004381.185068000,/media/batool/MULTIMODAL_DATA/Multimodal_Data/Cat3/static_in_front/bag_files/Cat3_15mph_lr_opposite_9/lidar_pcd/ns1/velodyne_points/1625004381.185068000.pcd,/media/batool/MULTIMODAL_DATA/Multimodal_Data/Cat3/static_in_front/bag_files/Cat3_15mph_lr_opposite_9/camera_images/1625004381.1800523.jpg,42.33803733333333,-71.08660266666668,9503,10,8,7,60,"[5592, 0, 6789, 4976, 5876, 5340, 7410, 5069, 9503, 4240, 5332, 4352, 5164, 6551, 5168, 4827, 8152, 5124, 4830, 7813, 6464, 6111, 4345, 6118, 5372, 5369, 6679, 7871, 4284, 5330, 5458]","[2, 3, 4, 5, 6, 7, 8, 9, 10, 11, 12, 12, 15, 16, 17, 18, 19, 20, 21, 22, 23, 24, 25, 26, 27, 28, 29, 30, 30, 61, 63]",36.97810256099935,-10.147596879524675
Cat3,15mph,lr,opposite,9,1625004381.285904000,/media/batool/MULTIMODAL_DATA/Multimodal_Data/Cat3/static_in_front/bag_files/Cat3_15mph_lr_opposite_9/lidar_pcd/ns1/velodyne_points/1625004381.285904000.pcd,/media/batool/MULTIMODAL_DATA/Multimodal_Data/Cat3/static_in_front/bag_files/Cat3_15mph_lr_opposite_9/camera_images/1625004381.2800522.jpg,42.33803733333333,-71.08660266666668,9503,10,8,7,60,"[5592, 0, 6789, 4976, 5876, 5340, 7410, 5069, 9503, 4240, 5332, 4352, 5164, 6551, 5168, 4827, 8152, 5124, 4830, 7813, 6464, 6111, 4345, 6118, 5372, 5369, 6679, 7871, 4284, 5330, 5458]","[2, 3, 4, 5, 6, 7, 8, 9, 10, 11, 12, 12, 15, 16, 17, 18, 19, 20, 21, 22, 23, 24, 25, 26, 27, 28, 29, 30, 30, 61, 63]",36.97810256099935,-10.147596879524675
Cat3,15mph,lr,opposite,9,1625004381.386775000,/media/batool/MULTIMODAL_DATA/Multimodal_Data/Cat3/static_in_front/bag_files/Cat3_15mph_lr_opposite_9/lidar_pcd/ns1/velodyne_points/1625004381.386775000.pcd,/media/batool/MULTIMODAL_DATA/Multimodal_Data/Cat3/static_in_front/bag_files/Cat3_15mph_lr_opposite_9/camera_images/1625004381.380052.jpg,42.33803733333333,-71.08660266666668,9503,10,8,7,60,"[5592, 0, 6789, 4976, 5876, 5340, 7410, 5069, 9503, 4240, 5332, 4352, 5164, 6551, 5168, 4827, 8152, 5124, 4830, 7813, 6464, 6111, 4345, 6118, 5372, 5369, 6679, 7871, 4284, 5330, 5458]","[2, 3, 4, 5, 6, 7, 8, 9, 10, 11, 12, 12, 15, 16, 17, 18, 19, 20, 21, 22, 23, 24, 25, 26, 27, 28, 29, 30, 30, 61, 63]",36.97810256099935,-10.147596879524675
Cat3,15mph,lr,opposite,9,1625004381.487603000,/media/batool/MULTIMODAL_DATA/Multimodal_Data/Cat3/static_in_front/bag_files/Cat3_15mph_lr_opposite_9/lidar_pcd/ns1/velodyne_points/1625004381.487603000.pcd,/media/batool/MULTIMODAL_DATA/Multimodal_Data/Cat3/static_in_front/bag_files/Cat3_15mph_lr_opposite_9/camera_images/1625004381.480052.jpg,42.33803733333333,-71.08660266666668,9503,10,8,7,60,"[5592, 0, 6789, 4976, 5876, 5340, 7410, 5069, 9503, 4240, 5332, 4352, 5164, 6551, 5168, 4827, 8152, 5124, 4830, 7813, 6464, 6111, 4345, 6118, 5372, 5369, 6679, 7871, 4284, 5330, 5458]","[2, 3, 4, 5, 6, 7, 8, 9, 10, 11, 12, 12, 15, 16, 17, 18, 19, 20, 21, 22, 23, 24, 25, 26, 27, 28, 29, 30, 30, 61, 63]",36.97810256099935,-10.147596879524675
Cat3,15mph,lr,opposite,9,1625004381.588484000,/media/batool/MULTIMODAL_DATA/Multimodal_Data/Cat3/static_in_front/bag_files/Cat3_15mph_lr_opposite_9/lidar_pcd/ns1/velodyne_points/1625004381.588484000.pcd,/media/batool/MULTIMODAL_DATA/Multimodal_Data/Cat3/static_in_front/bag_files/Cat3_15mph_lr_opposite_9/camera_images/1625004381.580052.jpg,42.33803733333333,-71.08660266666668,9503,10,8,7,60,"[5592, 0, 6789, 4976, 5876, 5340, 7410, 5069, 9503, 4240, 5332, 4352, 5164, 6551, 5168, 4827, 8152, 5124, 4830, 7813, 6464, 6111, 4345, 6118, 5372, 5369, 6679, 7871, 4284, 5330, 5458]","[2, 3, 4, 5, 6, 7, 8, 9, 10, 11, 12, 12, 15, 16, 17, 18, 19, 20, 21, 22, 23, 24, 25, 26, 27, 28, 29, 30, 30, 61, 63]",36.97810256099935,-10.147596879524675
Cat3,15mph,lr,opposite,9,1625004381.689345000,/media/batool/MULTIMODAL_DATA/Multimodal_Data/Cat3/static_in_front/bag_files/Cat3_15mph_lr_opposite_9/lidar_pcd/ns1/velodyne_points/1625004381.689345000.pcd,/media/batool/MULTIMODAL_DATA/Multimodal_Data/Cat3/static_in_front/bag_files/Cat3_15mph_lr_opposite_9/camera_images/1625004381.6800518.jpg,42.33803733333333,-71.08660266666668,9503,10,8,7,60,"[5592, 0, 6789, 4976, 5876, 5340, 7410, 5069, 9503, 4240, 5332, 4352, 5164, 6551, 5168, 4827, 8152, 5124, 4830, 7813, 6464, 6111, 4345, 6118, 5372, 5369, 6679, 7871, 4284, 5330, 5458]","[2, 3, 4, 5, 6, 7, 8, 9, 10, 11, 12, 12, 15, 16, 17, 18, 19, 20, 21, 22, 23, 24, 25, 26, 27, 28, 29, 30, 30, 61, 63]",36.97810256099935,-10.147596879524675
Cat3,15mph,lr,opposite,9,1625004381.790194000,/media/batool/MULTIMODAL_DATA/Multimodal_Data/Cat3/static_in_front/bag_files/Cat3_15mph_lr_opposite_9/lidar_pcd/ns1/velodyne_points/1625004381.790194000.pcd,/media/batool/MULTIMODAL_DATA/Multimodal_Data/Cat3/static_in_front/bag_files/Cat3_15mph_lr_opposite_9/camera_images/1625004381.813385.jpg,42.33803733333334,-71.08660266666668,9503,10,8,7,60,"[5592, 0, 6789, 4976, 5876, 5340, 7410, 5069, 9503, 4240, 5332, 4352, 5164, 6551, 5168, 4827, 8152, 5124, 4830, 7813, 6464, 6111, 4345, 6118, 5372, 5369, 6679, 7871, 4284, 5330, 5458]","[2, 3, 4, 5, 6, 7, 8, 9, 10, 11, 12, 12, 15, 16, 17, 18, 19, 20, 21, 22, 23, 24, 25, 26, 27, 28, 29, 30, 30, 61, 63]",36.97810256099935,-10.147596878735182
Cat3,15mph,lr,opposite,9,1625004381.891074000,/media/batool/MULTIMODAL_DATA/Multimodal_Data/Cat3/static_in_front/bag_files/Cat3_15mph_lr_opposite_9/lidar_pcd/ns1/velodyne_points/1625004381.891074000.pcd,/media/batool/MULTIMODAL_DATA/Multimodal_Data/Cat3/static_in_front/bag_files/Cat3_15mph_lr_opposite_9/camera_images/1625004381.8800516.jpg,42.33803733333335,-71.08660266666668,9503,10,8,7,60,"[5592, 0, 6789, 4976, 5876, 5340, 7410, 5069, 9503, 4240, 5332, 4352, 5164, 6551, 5168, 4827, 8152, 5124, 4830, 7813, 6464, 6111, 4345, 6118, 5372, 5369, 6679, 7871, 4284, 5330, 5458]","[2, 3, 4, 5, 6, 7, 8, 9, 10, 11, 12, 12, 15, 16, 17, 18, 19, 20, 21, 22, 23, 24, 25, 26, 27, 28, 29, 30, 30, 61, 63]",36.97810256099935,-10.147596877945691
Cat3,15mph,lr,opposite,9,1625004381.991891000,/media/batool/MULTIMODAL_DATA/Multimodal_Data/Cat3/static_in_front/bag_files/Cat3_15mph_lr_opposite_9/lidar_pcd/ns1/velodyne_points/1625004381.991891000.pcd,/media/batool/MULTIMODAL_DATA/Multimodal_Data/Cat3/static_in_front/bag_files/Cat3_15mph_lr_opposite_9/camera_images/1625004381.9800515.jpg,42.33803733333335,-71.08660266666668,9503,10,8,7,60,"[5592, 0, 6789, 4976, 5876, 5340, 7410, 5069, 9503, 4240, 5332, 4352, 5164, 6551, 5168, 4827, 8152, 5124, 4830, 7813, 6464, 6111, 4345, 6118, 5372, 5369, 6679, 7871, 4284, 5330, 5458]","[2, 3, 4, 5, 6, 7, 8, 9, 10, 11, 12, 12, 15, 16, 17, 18, 19, 20, 21, 22, 23, 24, 25, 26, 27, 28, 29, 30, 30, 61, 63]",36.97810256099935,-10.147596877945691
Cat3,15mph,lr,opposite,9,1625004382.092758000,/media/batool/MULTIMODAL_DATA/Multimodal_Data/Cat3/static_in_front/bag_files/Cat3_15mph_lr_opposite_9/lidar_pcd/ns1/velodyne_points/1625004382.092758000.pcd,/media/batool/MULTIMODAL_DATA/Multimodal_Data/Cat3/static_in_front/bag_files/Cat3_15mph_lr_opposite_9/camera_images/1625004382.0800514.jpg,42.33803733333334,-71.08660266666668,9503,10,8,7,60,"[5592, 0, 6789, 4976, 5876, 5340, 7410, 5069, 9503, 4240, 5332, 4352, 5164, 6551, 5168, 4827, 8152, 5124, 4830, 7813, 6464, 6111, 4345, 6118, 5372, 5369, 6679, 7871, 4284, 5330, 5458]","[2, 3, 4, 5, 6, 7, 8, 9, 10, 11, 12, 12, 15, 16, 17, 18, 19, 20, 21, 22, 23, 24, 25, 26, 27, 28, 29, 30, 30, 61, 63]",36.97810256099935,-10.147596878735182
Cat3,15mph,lr,opposite,9,1625004382.193618000,/media/batool/MULTIMODAL_DATA/Multimodal_Data/Cat3/static_in_front/bag_files/Cat3_15mph_lr_opposite_9/lidar_pcd/ns1/velodyne_points/1625004382.193618000.pcd,/media/batool/MULTIMODAL_DATA/Multimodal_Data/Cat3/static_in_front/bag_files/Cat3_15mph_lr_opposite_9/camera_images/1625004382.1800513.jpg,42.33803733333334,-71.08660266666668,9503,10,8,7,60,"[5592, 0, 6789, 4976, 5876, 5340, 7410, 5069, 9503, 4240, 5332, 4352, 5164, 6551, 5168, 4827, 8152, 5124, 4830, 7813, 6464, 6111, 4345, 6118, 5372, 5369, 6679, 7871, 4284, 5330, 5458]","[2, 3, 4, 5, 6, 7, 8, 9, 10, 11, 12, 12, 15, 16, 17, 18, 19, 20, 21, 22, 23, 24, 25, 26, 27, 28, 29, 30, 30, 61, 63]",36.97810256099935,-10.147596878735182
Cat3,15mph,lr,opposite,9,1625004382.294461000,/media/batool/MULTIMODAL_DATA/Multimodal_Data/Cat3/static_in_front/bag_files/Cat3_15mph_lr_opposite_9/lidar_pcd/ns1/velodyne_points/1625004382.294461000.pcd,/media/batool/MULTIMODAL_DATA/Multimodal_Data/Cat3/static_in_front/bag_files/Cat3_15mph_lr_opposite_9/camera_images/1625004382.2800512.jpg,42.33803733333334,-71.08660266666666,9503,10,8,7,60,"[5592, 0, 6789, 4976, 5876, 5340, 7410, 5069, 9503, 4240, 5332, 4352, 5164, 6551, 5168, 4827, 8152, 5124, 4830, 7813, 6464, 6111, 4345, 6118, 5372, 5369, 6679, 7871, 4284, 5330, 5458]","[2, 3, 4, 5, 6, 7, 8, 9, 10, 11, 12, 12, 15, 16, 17, 18, 19, 20, 21, 22, 23, 24, 25, 26, 27, 28, 29, 30, 30, 61, 63]",36.978102562166505,-10.147596878735182
Cat3,15mph,lr,opposite,9,1625004382.395293000,/media/batool/MULTIMODAL_DATA/Multimodal_Data/Cat3/static_in_front/bag_files/Cat3_15mph_lr_opposite_9/lidar_pcd/ns1/velodyne_points/1625004382.395293000.pcd,/media/batool/MULTIMODAL_DATA/Multimodal_Data/Cat3/static_in_front/bag_files/Cat3_15mph_lr_opposite_9/camera_images/1625004382.3800511.jpg,42.33803733333334,-71.08660266666668,9503,10,8,7,60,"[5592, 0, 6789, 4976, 5876, 5340, 7410, 5069, 9503, 4240, 5332, 4352, 5164, 6551, 5168, 4827, 8152, 5124, 4830, 7813, 6464, 6111, 4345, 6118, 5372, 5369, 6679, 7871, 4284, 5330, 5458]","[2, 3, 4, 5, 6, 7, 8, 9, 10, 11, 12, 12, 15, 16, 17, 18, 19, 20, 21, 22, 23, 24, 25, 26, 27, 28, 29, 30, 30, 61, 63]",36.97810256099935,-10.147596878735182
Cat3,15mph,lr,opposite,9,1625004382.496179000,/media/batool/MULTIMODAL_DATA/Multimodal_Data/Cat3/static_in_front/bag_files/Cat3_15mph_lr_opposite_9/lidar_pcd/ns1/velodyne_points/1625004382.496179000.pcd,/media/batool/MULTIMODAL_DATA/Multimodal_Data/Cat3/static_in_front/bag_files/Cat3_15mph_lr_opposite_9/camera_images/1625004382.480051.jpg,42.33803733333334,-71.08660266666668,9503,10,8,7,60,"[5592, 0, 6789, 4976, 5876, 5340, 7410, 5069, 9503, 4240, 5332, 4352, 5164, 6551, 5168, 4827, 8152, 5124, 4830, 7813, 6464, 6111, 4345, 6118, 5372, 5369, 6679, 7871, 4284, 5330, 5458]","[2, 3, 4, 5, 6, 7, 8, 9, 10, 11, 12, 12, 15, 16, 17, 18, 19, 20, 21, 22, 23, 24, 25, 26, 27, 28, 29, 30, 30, 61, 63]",36.97810256099935,-10.147596878735182
Cat3,15mph,lr,opposite,9,1625004382.597016000,/media/batool/MULTIMODAL_DATA/Multimodal_Data/Cat3/static_in_front/bag_files/Cat3_15mph_lr_opposite_9/lidar_pcd/ns1/velodyne_points/1625004382.597016000.pcd,/media/batool/MULTIMODAL_DATA/Multimodal_Data/Cat3/static_in_front/bag_files/Cat3_15mph_lr_opposite_9/camera_images/1625004382.6133842.jpg,42.33803733333334,-71.08660266666666,9503,10,8,7,60,"[5592, 0, 6789, 4976, 5876, 5340, 7410, 5069, 9503, 4240, 5332, 4352, 5164, 6551, 5168, 4827, 8152, 5124, 4830, 7813, 6464, 6111, 4345, 6118, 5372, 5369, 6679, 7871, 4284, 5330, 5458]","[2, 3, 4, 5, 6, 7, 8, 9, 10, 11, 12, 12, 15, 16, 17, 18, 19, 20, 21, 22, 23, 24, 25, 26, 27, 28, 29, 30, 30, 61, 63]",36.978102562166505,-10.147596878735182
Cat3,15mph,lr,opposite,9,1625004382.697893000,/media/batool/MULTIMODAL_DATA/Multimodal_Data/Cat3/static_in_front/bag_files/Cat3_15mph_lr_opposite_9/lidar_pcd/ns1/velodyne_points/1625004382.697893000.pcd,/media/batool/MULTIMODAL_DATA/Multimodal_Data/Cat3/static_in_front/bag_files/Cat3_15mph_lr_opposite_9/camera_images/1625004382.7133842.jpg,42.33803733333333,-71.08660266666666,9503,10,8,7,60,"[5592, 0, 6789, 4976, 5876, 5340, 7410, 5069, 9503, 4240, 5332, 4352, 5164, 6551, 5168, 4827, 8152, 5124, 4830, 7813, 6464, 6111, 4345, 6118, 5372, 5369, 6679, 7871, 4284, 5330, 5458]","[2, 3, 4, 5, 6, 7, 8, 9, 10, 11, 12, 12, 15, 16, 17, 18, 19, 20, 21, 22, 23, 24, 25, 26, 27, 28, 29, 30, 30, 61, 63]",36.978102562166505,-10.147596879524675
Cat3,15mph,lr,opposite,9,1625004382.798717000,/media/batool/MULTIMODAL_DATA/Multimodal_Data/Cat3/static_in_front/bag_files/Cat3_15mph_lr_opposite_9/lidar_pcd/ns1/velodyne_points/1625004382.798717000.pcd,/media/batool/MULTIMODAL_DATA/Multimodal_Data/Cat3/static_in_front/bag_files/Cat3_15mph_lr_opposite_9/camera_images/1625004382.813384.jpg,42.338037091431936,-71.08660234413146,9503,10,8,7,60,"[5592, 0, 6789, 4976, 5876, 5340, 7410, 5069, 9503, 4240, 5332, 4352, 5164, 6551, 5168, 4827, 8152, 5124, 4830, 7813, 6464, 6111, 4345, 6118, 5372, 5369, 6679, 7871, 4284, 5330, 5458]","[2, 3, 4, 5, 6, 7, 8, 9, 10, 11, 12, 12, 15, 16, 17, 18, 19, 20, 21, 22, 23, 24, 25, 26, 27, 28, 29, 30, 30, 61, 63]",37.004592936656366,-10.174474812490391
Cat3,15mph,lr,opposite,9,1625004382.899587000,/media/batool/MULTIMODAL_DATA/Multimodal_Data/Cat3/static_in_front/bag_files/Cat3_15mph_lr_opposite_9/lidar_pcd/ns1/velodyne_points/1625004382.899587000.pcd,/media/batool/MULTIMODAL_DATA/Multimodal_Data/Cat3/static_in_front/bag_files/Cat3_15mph_lr_opposite_9/camera_images/1625004382.913384.jpg,42.338036035310985,-71.08660093597021,9503,10,8,7,60,"[5592, 0, 6789, 4976, 5876, 5340, 7410, 5069, 9503, 4240, 5332, 4352, 5164, 6551, 5168, 4827, 8152, 5124, 4830, 7813, 6464, 6111, 4345, 6118, 5372, 5369, 6679, 7871, 4284, 5330, 5458]","[2, 3, 4, 5, 6, 7, 8, 9, 10, 11, 12, 12, 15, 16, 17, 18, 19, 20, 21, 22, 23, 24, 25, 26, 27, 28, 29, 30, 30, 61, 63]",37.12024765989737,-10.291821584789634
Cat3,15mph,lr,opposite,9,1625004383.000478000,/media/batool/MULTIMODAL_DATA/Multimodal_Data/Cat3/static_in_front/bag_files/Cat3_15mph_lr_opposite_9/lidar_pcd/ns1/velodyne_points/1625004383.000478000.pcd,/media/batool/MULTIMODAL_DATA/Multimodal_Data/Cat3/static_in_front/bag_files/Cat3_15mph_lr_opposite_9/camera_images/1625004383.0133839.jpg,42.33803497896786,-71.0865995275127,9503,10,8,7,60,"[5592, 0, 6789, 4976, 5876, 5340, 7410, 5069, 9503, 4240, 5332, 4352, 5164, 6551, 5168, 4827, 8152, 5124, 4830, 7813, 6464, 6111, 4345, 6118, 5372, 5369, 6679, 7871, 4284, 5330, 5458]","[2, 3, 4, 5, 6, 7, 8, 9, 10, 11, 12, 12, 15, 16, 17, 18, 19, 20, 21, 22, 23, 24, 25, 26, 27, 28, 29, 30, 30, 61, 63]",37.23592671691006,-10.409193042922501
Cat3,15mph,lr,opposite,9,1625004383.101342000,/media/batool/MULTIMODAL_DATA/Multimodal_Data/Cat3/static_in_front/bag_files/Cat3_15mph_lr_opposite_9/lidar_pcd/ns1/velodyne_points/1625004383.101342000.pcd,/media/batool/MULTIMODAL_DATA/Multimodal_Data/Cat3/static_in_front/bag_files/Cat3_15mph_lr_opposite_9/camera_images/1625004383.1133838.jpg,42.33803392290932,-71.08659811943463,9503,10,8,7,60,"[5592, 0, 6789, 4976, 5876, 5340, 7410, 5069, 9503, 4240, 5332, 4352, 5164, 6551, 5168, 4827, 8152, 5124, 4830, 7813, 6464, 6111, 4345, 6118, 5372, 5369, 6679, 7871, 4284, 5330, 5458]","[2, 3, 4, 5, 6, 7, 8, 9, 10, 11, 12, 12, 15, 16, 17, 18, 19, 20, 21, 22, 23, 24, 25, 26, 27, 28, 29, 30, 30, 61, 63]",37.35157461263613,-10.526532881114134
Cat3,15mph,lr,opposite,9,1625004383.202198000,/media/batool/MULTIMODAL_DATA/Multimodal_Data/Cat3/static_in_front/bag_files/Cat3_15mph_lr_opposite_9/lidar_pcd/ns1/velodyne_points/1625004383.202198000.pcd,/media/batool/MULTIMODAL_DATA/Multimodal_Data/Cat3/static_in_front/bag_files/Cat3_15mph_lr_opposite_9/camera_images/1625004383.2133837.jpg,42.33803286693314,-71.08659671146641,9503,10,8,7,60,"[5592, 0, 6789, 4976, 5876, 5340, 7410, 5069, 9503, 4240, 5332, 4352, 5164, 6551, 5168, 4827, 8152, 5124, 4830, 7813, 6464, 6111, 4345, 6118, 5372, 5369, 6679, 7871, 4284, 5330, 5458]","[2, 3, 4, 5, 6, 7, 8, 9, 10, 11, 12, 12, 15, 16, 17, 18, 19, 20, 21, 22, 23, 24, 25, 26, 27, 28, 29, 30, 30, 61, 63]",37.467213486973534,-10.643863567515332
Cat3,15mph,lr,opposite,9,1625004383.303055000,/media/batool/MULTIMODAL_DATA/Multimodal_Data/Cat3/static_in_front/bag_files/Cat3_15mph_lr_opposite_9/lidar_pcd/ns1/velodyne_points/1625004383.303055000.pcd,/media/batool/MULTIMODAL_DATA/Multimodal_Data/Cat3/static_in_front/bag_files/Cat3_15mph_lr_opposite_9/camera_images/1625004383.3133836.jpg,42.338031810946994,-71.08659530348487,9503,10,8,7,60,"[5592, 0, 6789, 4976, 5876, 5340, 7410, 5069, 9503, 4240, 5332, 4352, 5164, 6551, 5168, 4827, 8152, 5124, 4830, 7813, 6464, 6111, 4345, 6118, 5372, 5369, 6679, 7871, 4284, 5330, 5458]","[2, 3, 4, 5, 6, 7, 8, 9, 10, 11, 12, 12, 15, 16, 17, 18, 19, 20, 21, 22, 23, 24, 25, 26, 27, 28, 29, 30, 30, 61, 63]",37.582853458050955,-10.761195361573705
Cat3,15mph,lr,opposite,9,1625004383.403893000,/media/batool/MULTIMODAL_DATA/Multimodal_Data/Cat3/static_in_front/bag_files/Cat3_15mph_lr_opposite_9/lidar_pcd/ns1/velodyne_points/1625004383.403893000.pcd,/media/batool/MULTIMODAL_DATA/Multimodal_Data/Cat3/static_in_front/bag_files/Cat3_15mph_lr_opposite_9/camera_images/1625004383.4133835.jpg,42.33803075516054,-71.0865938957696,9503,10,8,7,60,"[5592, 0, 6789, 4976, 5876, 5340, 7410, 5069, 9503, 4240, 5332, 4352, 5164, 6551, 5168, 4827, 8152, 5124, 4830, 7813, 6464, 6111, 4345, 6118, 5372, 5369, 6679, 7871, 4284, 5330, 5458]","[2, 3, 4, 5, 6, 7, 8, 9, 10, 11, 12, 12, 15, 16, 17, 18, 19, 20, 21, 22, 23, 24, 25, 26, 27, 28, 29, 30, 30, 61, 63]",37.69847156195169,-10.878504967750915
Cat3,15mph,lr,opposite,9,1625004383.504734000,/media/batool/MULTIMODAL_DATA/Multimodal_Data/Cat3/static_in_front/bag_files/Cat3_15mph_lr_opposite_9/lidar_pcd/ns1/velodyne_points/1625004383.504734000.pcd,/media/batool/MULTIMODAL_DATA/Multimodal_Data/Cat3/static_in_front/bag_files/Cat3_15mph_lr_opposite_9/camera_images/1625004383.5133834.jpg,42.33802969934164,-71.08659248801108,9503,10,8,7,60,"[5592, 0, 6789, 4976, 5876, 5340, 7410, 5069, 9503, 4240, 5332, 4352, 5164, 6551, 5168, 4827, 8152, 5124, 4830, 7813, 6464, 6111, 4345, 6118, 5372, 5369, 6679, 7871, 4284, 5330, 5458]","[2, 3, 4, 5, 6, 7, 8, 9, 10, 11, 12, 12, 15, 16, 17, 18, 19, 20, 21, 22, 23, 24, 25, 26, 27, 28, 29, 30, 30, 61, 63]",37.81409321946831,-10.995818178748273
Cat3,15mph,lr,opposite,9,1625004383.605586000,/media/batool/MULTIMODAL_DATA/Multimodal_Data/Cat3/static_in_front/bag_files/Cat3_15mph_lr_opposite_9/lidar_pcd/ns1/velodyne_points/1625004383.605586000.pcd,/media/batool/MULTIMODAL_DATA/Multimodal_Data/Cat3/static_in_front/bag_files/Cat3_15mph_lr_opposite_9/camera_images/1625004383.6133833.jpg,42.33802864340791,-71.08659108009942,9503,10,8,7,60,"[5592, 0, 6789, 4976, 5876, 5340, 7410, 5069, 9503, 4240, 5332, 4352, 5164, 6551, 5168, 4827, 8152, 5124, 4830, 7813, 6464, 6111, 4345, 6118, 5372, 5369, 6679, 7871, 4284, 5330, 5458]","[2, 3, 4, 5, 6, 7, 8, 9, 10, 11, 12, 12, 15, 16, 17, 18, 19, 20, 21, 22, 23, 24, 25, 26, 27, 28, 29, 30, 30, 61, 63]",37.92972745626679,-11.113144148724688
Cat3,15mph,lr,opposite,9,1625004383.706446000,/media/batool/MULTIMODAL_DATA/Multimodal_Data/Cat3/static_in_front/bag_files/Cat3_15mph_lr_opposite_9/lidar_pcd/ns1/velodyne_points/1625004383.706446000.pcd,/media/batool/MULTIMODAL_DATA/Multimodal_Data/Cat3/static_in_front/bag_files/Cat3_15mph_lr_opposite_9/camera_images/1625004383.7133832.jpg,42.33802758739181,-71.08658967207793,9503,10,8,7,60,"[5592, 0, 6789, 4976, 5876, 5340, 7410, 5069, 9503, 4240, 5332, 4352, 5164, 6551, 5168, 4827, 8152, 5124, 4830, 7813, 6464, 6111, 4345, 6118, 5372, 5369, 6679, 7871, 4284, 5330, 5458]","[2, 3, 4, 5, 6, 7, 8, 9, 10, 11, 12, 12, 15, 16, 17, 18, 19, 20, 21, 22, 23, 24, 25, 26, 27, 28, 29, 30, 30, 61, 63]",38.04537071600426,-11.230479271281032
Cat3,15mph,lr,opposite,9,1625004383.807332000,/media/batool/MULTIMODAL_DATA/Multimodal_Data/Cat3/static_in_front/bag_files/Cat3_15mph_lr_opposite_9/lidar_pcd/ns1/velodyne_points/1625004383.807332000.pcd,/media/batool/MULTIMODAL_DATA/Multimodal_Data/Cat3/static_in_front/bag_files/Cat3_15mph_lr_opposite_9/camera_images/1625004383.813383.jpg,42.33802549388447,-71.0865873251309,8024,10,8,8,70,"[5969, 0, 6659, 4790, 4992, 5787, 6271, 4850, 8024, 3554, 5299, 4954, 6302, 4436, 4163, 7852, 5003, 4563, 7738, 6216, 5913, 4136, 5418, 5140, 5141, 6352, 7615, 4635, 5557]","[2, 3, 4, 5, 6, 7, 8, 9, 10, 11, 12, 15, 16, 17, 18, 19, 20, 21, 22, 23, 24, 24, 26, 27, 28, 29, 30, 61, 63]",38.23812967280306,-11.463091197248964
Cat3,15mph,lr,opposite,9,1625004383.908173000,/media/batool/MULTIMODAL_DATA/Multimodal_Data/Cat3/static_in_front/bag_files/Cat3_15mph_lr_opposite_9/lidar_pcd/ns1/velodyne_points/1625004383.908173000.pcd,/media/batool/MULTIMODAL_DATA/Multimodal_Data/Cat3/static_in_front/bag_files/Cat3_15mph_lr_opposite_9/camera_images/1625004383.913383.jpg,42.33801969373164,-71.08658162430646,8024,10,8,8,70,"[5969, 0, 6659, 4790, 4992, 5787, 6271, 4850, 8024, 3554, 5299, 4954, 6302, 4436, 4163, 7852, 5003, 4563, 7738, 6216, 5913, 4136, 5418, 5140, 5141, 6352, 7615, 4635, 5557]","[2, 3, 4, 5, 6, 7, 8, 9, 10, 11, 12, 15, 16, 17, 18, 19, 20, 21, 22, 23, 24, 24, 26, 27, 28, 29, 30, 61, 63]",38.70634882691585,-12.107552623300913
Cat3,15mph,lr,opposite,9,1625004384.009036000,/media/batool/MULTIMODAL_DATA/Multimodal_Data/Cat3/static_in_front/bag_files/Cat3_15mph_lr_opposite_9/lidar_pcd/ns1/velodyne_points/1625004384.009036000.pcd,/media/batool/MULTIMODAL_DATA/Multimodal_Data/Cat3/static_in_front/bag_files/Cat3_15mph_lr_opposite_9/camera_images/1625004384.013383.jpg,42.338013892317186,-71.08657592224198,8024,10,8,8,70,"[5969, 0, 6659, 4790, 4992, 5787, 6271, 4850, 8024, 3554, 5299, 4954, 6302, 4436, 4163, 7852, 5003, 4563, 7738, 6216, 5913, 4136, 5418, 5140, 5141, 6352, 7615, 4635, 5557]","[2, 3, 4, 5, 6, 7, 8, 9, 10, 11, 12, 15, 16, 17, 18, 19, 20, 21, 22, 23, 24, 24, 26, 27, 28, 29, 30, 61, 63]",39.17466987091901,-12.752154229171234
Cat3,15mph,lr,opposite,9,1625004384.109912000,/media/batool/MULTIMODAL_DATA/Multimodal_Data/Cat3/static_in_front/bag_files/Cat3_15mph_lr_opposite_9/lidar_pcd/ns1/velodyne_points/1625004384.109912000.pcd,/media/batool/MULTIMODAL_DATA/Multimodal_Data/Cat3/static_in_front/bag_files/Cat3_15mph_lr_opposite_9/camera_images/1625004384.1133828.jpg,42.33800809016221,-71.08657021944967,8024,10,8,8,70,"[5969, 0, 6659, 4790, 4992, 5787, 6271, 4850, 8024, 3554, 5299, 4954, 6302, 4436, 4163, 7852, 5003, 4563, 7738, 6216, 5913, 4136, 5418, 5140, 5141, 6352, 7615, 4635, 5557]","[2, 3, 4, 5, 6, 7, 8, 9, 10, 11, 12, 15, 16, 17, 18, 19, 20, 21, 22, 23, 24, 24, 26, 27, 28, 29, 30, 61, 63]",39.64305073558882,-13.396838115100865
Cat3,15mph,lr,opposite,9,1625004384.210794000,/media/batool/MULTIMODAL_DATA/Multimodal_Data/Cat3/static_in_front/bag_files/Cat3_15mph_lr_opposite_9/lidar_pcd/ns1/velodyne_points/1625004384.210794000.pcd,/media/batool/MULTIMODAL_DATA/Multimodal_Data/Cat3/static_in_front/bag_files/Cat3_15mph_lr_opposite_9/camera_images/1625004384.2133827.jpg,42.33800228765069,-71.08656451630691,8024,10,8,8,70,"[5969, 0, 6659, 4790, 4992, 5787, 6271, 4850, 8024, 3554, 5299, 4954, 6302, 4436, 4163, 7852, 5003, 4563, 7738, 6216, 5913, 4136, 5418, 5140, 5141, 6352, 7615, 4635, 5557]","[2, 3, 4, 5, 6, 7, 8, 9, 10, 11, 12, 15, 16, 17, 18, 19, 20, 21, 22, 23, 24, 24, 26, 27, 28, 29, 30, 61, 63]",40.111460426904294,-14.041561617735473
Cat3,15mph,lr,opposite,9,1625004384.311573000,/media/batool/MULTIMODAL_DATA/Multimodal_Data/Cat3/static_in_front/bag_files/Cat3_15mph_lr_opposite_9/lidar_pcd/ns1/velodyne_points/1625004384.311573000.pcd,/media/batool/MULTIMODAL_DATA/Multimodal_Data/Cat3/static_in_front/bag_files/Cat3_15mph_lr_opposite_9/camera_images/1625004384.3133826.jpg,42.337996491063315,-71.08655881898684,8024,10,8,8,70,"[5969, 0, 6659, 4790, 4992, 5787, 6271, 4850, 8024, 3554, 5299, 4954, 6302, 4436, 4163, 7852, 5003, 4563, 7738, 6216, 5913, 4136, 5418, 5140, 5141, 6352, 7615, 4635, 5557]","[2, 3, 4, 5, 6, 7, 8, 9, 10, 11, 12, 15, 16, 17, 18, 19, 20, 21, 22, 23, 24, 24, 26, 27, 28, 29, 30, 61, 63]",40.57939193232773,-14.685626881474592
Cat3,15mph,lr,opposite,9,1625004384.412467000,/media/batool/MULTIMODAL_DATA/Multimodal_Data/Cat3/static_in_front/bag_files/Cat3_15mph_lr_opposite_9/lidar_pcd/ns1/velodyne_points/1625004384.412467000.pcd,/media/batool/MULTIMODAL_DATA/Multimodal_Data/Cat3/static_in_front/bag_files/Cat3_15mph_lr_opposite_9/camera_images/1625004384.4133825.jpg,42.33799068786613,-71.08655311517018,8024,10,8,8,70,"[5969, 0, 6659, 4790, 4992, 5787, 6271, 4850, 8024, 3554, 5299, 4954, 6302, 4436, 4163, 7852, 5003, 4563, 7738, 6216, 5913, 4136, 5418, 5140, 5141, 6352, 7615, 4635, 5557]","[2, 3, 4, 5, 6, 7, 8, 9, 10, 11, 12, 15, 16, 17, 18, 19, 20, 21, 22, 23, 24, 24, 26, 27, 28, 29, 30, 61, 63]",41.04785705929986,-15.330426568501329
Cat3,15mph,lr,opposite,9,1625004384.513335000,/media/batool/MULTIMODAL_DATA/Multimodal_Data/Cat3/static_in_front/bag_files/Cat3_15mph_lr_opposite_9/lidar_pcd/ns1/velodyne_points/1625004384.513335000.pcd,/media/batool/MULTIMODAL_DATA/Multimodal_Data/Cat3/static_in_front/bag_files/Cat3_15mph_lr_opposite_9/camera_images/1625004384.5133824.jpg,42.337984886163696,-71.08654741282264,8024,10,8,8,70,"[5969, 0, 6659, 4790, 4992, 5787, 6271, 4850, 8024, 3554, 5299, 4954, 6302, 4436, 4163, 7852, 5003, 4563, 7738, 6216, 5913, 4136, 5418, 5140, 5141, 6352, 7615, 4635, 5557]","[2, 3, 4, 5, 6, 7, 8, 9, 10, 11, 12, 15, 16, 17, 18, 19, 20, 21, 22, 23, 24, 24, 26, 27, 28, 29, 30, 61, 63]",41.516201566899035,-15.975060172479516
Cat3,15mph,lr,opposite,9,1625004384.614168000,/media/batool/MULTIMODAL_DATA/Multimodal_Data/Cat3/static_in_front/bag_files/Cat3_15mph_lr_opposite_9/lidar_pcd/ns1/velodyne_points/1625004384.614168000.pcd,/media/batool/MULTIMODAL_DATA/Multimodal_Data/Cat3/static_in_front/bag_files/Cat3_15mph_lr_opposite_9/camera_images/1625004384.6133823.jpg,42.33797908647711,-71.08654171245645,8024,10,8,8,70,"[5969, 0, 6659, 4790, 4992, 5787, 6271, 4850, 8024, 3554, 5299, 4954, 6302, 4436, 4163, 7852, 5003, 4563, 7738, 6216, 5913, 4136, 5418, 5140, 5141, 6352, 7615, 4635, 5557]","[2, 3, 4, 5, 6, 7, 8, 9, 10, 11, 12, 15, 16, 17, 18, 19, 20, 21, 22, 23, 24, 24, 26, 27, 28, 29, 30, 61, 63]",41.98438338582056,-16.619469792860603
Cat3,15mph,lr,opposite,9,1625004384.715021000,/media/batool/MULTIMODAL_DATA/Multimodal_Data/Cat3/static_in_front/bag_files/Cat3_15mph_lr_opposite_9/lidar_pcd/ns1/velodyne_points/1625004384.715021000.pcd,/media/batool/MULTIMODAL_DATA/Multimodal_Data/Cat3/static_in_front/bag_files/Cat3_15mph_lr_opposite_9/camera_images/1625004384.7133822.jpg,42.33797348937131,-71.08653532281265,9554,10,8,8,60,"[5875, 5936, 5320, 3496, 4172, 5184, 7693, 4178, 9554, 4576, 5384, 3566, 4079, 5888, 4987, 6150, 4248, 4731, 5100, 4123, 6656, 6376, 6290, 4074, 5400, 5244, 5258, 4856, 5324, 3742, 4842, 4078, 4412, 4154, 4156]","[2, 3, 4, 5, 6, 7, 8, 9, 10, 10, 12, 12, 14, 15, 16, 17, 18, 19, 20, 21, 22, 23, 24, 25, 26, 27, 28, 29, 30, 30, 59, 60, 61, 62, 63]",42.509176620030594,-17.241370437817395
Cat3,15mph,lr,opposite,9,1625004384.815889000,/media/batool/MULTIMODAL_DATA/Multimodal_Data/Cat3/static_in_front/bag_files/Cat3_15mph_lr_opposite_9/lidar_pcd/ns1/velodyne_points/1625004384.815889000.pcd,/media/batool/MULTIMODAL_DATA/Multimodal_Data/Cat3/static_in_front/bag_files/Cat3_15mph_lr_opposite_9/camera_images/1625004384.8133821.jpg,42.337968032782044,-71.08652845478059,9554,10,8,8,60,"[5875, 5936, 5320, 3496, 4172, 5184, 7693, 4178, 9554, 4576, 5384, 3566, 4079, 5888, 4987, 6150, 4248, 4731, 5100, 4123, 6656, 6376, 6290, 4074, 5400, 5244, 5258, 4856, 5324, 3742, 4842, 4078, 4412, 4154, 4156]","[2, 3, 4, 5, 6, 7, 8, 9, 10, 10, 12, 12, 14, 15, 16, 17, 18, 19, 20, 21, 22, 23, 24, 25, 26, 27, 28, 29, 30, 30, 59, 60, 61, 62, 63]",43.07326062500126,-17.847658133815813
Cat3,15mph,lr,opposite,9,1625004384.916754000,/media/batool/MULTIMODAL_DATA/Multimodal_Data/Cat3/static_in_front/bag_files/Cat3_15mph_lr_opposite_9/lidar_pcd/ns1/velodyne_points/1625004384.916754000.pcd,/media/batool/MULTIMODAL_DATA/Multimodal_Data/Cat3/static_in_front/bag_files/Cat3_15mph_lr_opposite_9/camera_images/1625004384.913382.jpg,42.33796257634755,-71.08652158694336,9554,10,8,8,60,"[5875, 5936, 5320, 3496, 4172, 5184, 7693, 4178, 9554, 4576, 5384, 3566, 4079, 5888, 4987, 6150, 4248, 4731, 5100, 4123, 6656, 6376, 6290, 4074, 5400, 5244, 5258, 4856, 5324, 3742, 4842, 4078, 4412, 4154, 4156]","[2, 3, 4, 5, 6, 7, 8, 9, 10, 10, 12, 12, 14, 15, 16, 17, 18, 19, 20, 21, 22, 23, 24, 25, 26, 27, 28, 29, 30, 30, 59, 60, 61, 62, 63]",43.63732867710641,-18.453928633101036
Cat3,15mph,lr,opposite,9,1625004385.017604000,/media/batool/MULTIMODAL_DATA/Multimodal_Data/Cat3/static_in_front/bag_files/Cat3_15mph_lr_opposite_9/lidar_pcd/ns1/velodyne_points/1625004385.017604000.pcd,/media/batool/MULTIMODAL_DATA/Multimodal_Data/Cat3/static_in_front/bag_files/Cat3_15mph_lr_opposite_9/camera_images/1625004385.013382.jpg,42.337957120725605,-71.08651472012882,9554,10,8,8,60,"[5875, 5936, 5320, 3496, 4172, 5184, 7693, 4178, 9554, 4576, 5384, 3566, 4079, 5888, 4987, 6150, 4248, 4731, 5100, 4123, 6656, 6376, 6290, 4074, 5400, 5244, 5258, 4856, 5324, 3742, 4842, 4078, 4412, 4154, 4156]","[2, 3, 4, 5, 6, 7, 8, 9, 10, 10, 12, 12, 14, 15, 16, 17, 18, 19, 20, 21, 22, 23, 24, 25, 26, 27, 28, 29, 30, 30, 59, 60, 61, 62, 63]",44.201312783221624,-19.06010884924727
Cat3,15mph,lr,opposite,9,1625004385.118488000,/media/batool/MULTIMODAL_DATA/Multimodal_Data/Cat3/static_in_front/bag_files/Cat3_15mph_lr_opposite_9/lidar_pcd/ns1/velodyne_points/1625004385.118488000.pcd,/media/batool/MULTIMODAL_DATA/Multimodal_Data/Cat3/static_in_front/bag_files/Cat3_15mph_lr_opposite_9/camera_images/1625004385.1133819.jpg,42.33795166327221,-71.08650785100913,9554,10,8,8,60,"[5875, 5936, 5320, 3496, 4172, 5184, 7693, 4178, 9554, 4576, 5384, 3566, 4079, 5888, 4987, 6150, 4248, 4731, 5100, 4123, 6656, 6376, 6290, 4074, 5400, 5244, 5258, 4856, 5324, 3742, 4842, 4078, 4412, 4154, 4156]","[2, 3, 4, 5, 6, 7, 8, 9, 10, 10, 12, 12, 14, 15, 16, 17, 18, 19, 20, 21, 22, 23, 24, 25, 26, 27, 28, 29, 30, 30, 59, 60, 61, 62, 63]",44.765486263903774,-19.666492560096078
Cat3,15mph,lr,opposite,9,1625004385.219311000,/media/batool/MULTIMODAL_DATA/Multimodal_Data/Cat3/static_in_front/bag_files/Cat3_15mph_lr_opposite_9/lidar_pcd/ns1/velodyne_points/1625004385.219311000.pcd,/media/batool/MULTIMODAL_DATA/Multimodal_Data/Cat3/static_in_front/bag_files/Cat3_15mph_lr_opposite_9/camera_images/1625004385.2133818.jpg,42.33794620912058,-71.08650098604525,9554,10,8,8,60,"[5875, 5936, 5320, 3496, 4172, 5184, 7693, 4178, 9554, 4576, 5384, 3566, 4079, 5888, 4987, 6150, 4248, 4731, 5100, 4123, 6656, 6376, 6290, 4074, 5400, 5244, 5258, 4856, 5324, 3742, 4842, 4078, 4412, 4154, 4156]","[2, 3, 4, 5, 6, 7, 8, 9, 10, 10, 12, 12, 14, 15, 16, 17, 18, 19, 20, 21, 22, 23, 24, 25, 26, 27, 28, 29, 30, 30, 59, 60, 61, 62, 63]",45.329318469309584,-20.272509407467016
Cat3,15mph,lr,opposite,9,1625004385.320158000,/media/batool/MULTIMODAL_DATA/Multimodal_Data/Cat3/static_in_front/bag_files/Cat3_15mph_lr_opposite_9/lidar_pcd/ns1/velodyne_points/1625004385.320158000.pcd,/media/batool/MULTIMODAL_DATA/Multimodal_Data/Cat3/static_in_front/bag_files/Cat3_15mph_lr_opposite_9/camera_images/1625004385.3133817.jpg,42.3379407536663,-71.08649411944177,9554,10,8,8,60,"[5875, 5936, 5320, 3496, 4172, 5184, 7693, 4178, 9554, 4576, 5384, 3566, 4079, 5888, 4987, 6150, 4248, 4731, 5100, 4123, 6656, 6376, 6290, 4074, 5400, 5244, 5258, 4856, 5324, 3742, 4842, 4078, 4412, 4154, 4156]","[2, 3, 4, 5, 6, 7, 8, 9, 10, 10, 12, 12, 14, 15, 16, 17, 18, 19, 20, 21, 22, 23, 24, 25, 26, 27, 28, 29, 30, 30, 59, 60, 61, 62, 63]",45.89328538749789,-20.878670993972214
Cat3,15mph,lr,opposite,9,1625004385.421005000,/media/batool/MULTIMODAL_DATA/Multimodal_Data/Cat3/static_in_front/bag_files/Cat3_15mph_lr_opposite_9/lidar_pcd/ns1/velodyne_points/1625004385.421005000.pcd,/media/batool/MULTIMODAL_DATA/Multimodal_Data/Cat3/static_in_front/bag_files/Cat3_15mph_lr_opposite_9/camera_images/1625004385.4133816.jpg,42.33793529821202,-71.0864872528383,9554,10,8,8,60,"[5875, 5936, 5320, 3496, 4172, 5184, 7693, 4178, 9554, 4576, 5384, 3566, 4079, 5888, 4987, 6150, 4248, 4731, 5100, 4123, 6656, 6376, 6290, 4074, 5400, 5244, 5258, 4856, 5324, 3742, 4842, 4078, 4412, 4154, 4156]","[2, 3, 4, 5, 6, 7, 8, 9, 10, 10, 12, 12, 14, 15, 16, 17, 18, 19, 20, 21, 22, 23, 24, 25, 26, 27, 28, 29, 30, 30, 59, 60, 61, 62, 63]",46.45725235344583,-21.4848325812669
Cat3,15mph,lr,opposite,9,1625004385.521900000,/media/batool/MULTIMODAL_DATA/Multimodal_Data/Cat3/static_in_front/bag_files/Cat3_15mph_lr_opposite_9/lidar_pcd/ns1/velodyne_points/1625004385.521900000.pcd,/media/batool/MULTIMODAL_DATA/Multimodal_Data/Cat3/static_in_front/bag_files/Cat3_15mph_lr_opposite_9/camera_images/1625004385.5133815.jpg,42.33792984016532,-71.08648038297183,9554,10,8,8,60,"[5875, 5936, 5320, 3496, 4172, 5184, 7693, 4178, 9554, 4576, 5384, 3566, 4079, 5888, 4987, 6150, 4248, 4731, 5100, 4123, 6656, 6376, 6290, 4074, 5400, 5244, 5258, 4856, 5324, 3742, 4842, 4078, 4412, 4154, 4156]","[2, 3, 4, 5, 6, 7, 8, 9, 10, 10, 12, 12, 14, 15, 16, 17, 18, 19, 20, 21, 22, 23, 24, 25, 26, 27, 28, 29, 30, 30, 59, 60, 61, 62, 63]",47.021487364391106,-22.091282213902257
Cat3,15mph,lr,opposite,9,1625004385.622700000,/media/batool/MULTIMODAL_DATA/Multimodal_Data/Cat3/static_in_front/bag_files/Cat3_15mph_lr_opposite_9/lidar_pcd/ns1/velodyne_points/1625004385.622700000.pcd,/media/batool/MULTIMODAL_DATA/Multimodal_Data/Cat3/static_in_front/bag_files/Cat3_15mph_lr_opposite_9/camera_images/1625004385.6133814.jpg,42.33792438725187,-71.0864735195664,9554,10,8,8,60,"[5875, 5936, 5320, 3496, 4172, 5184, 7693, 4178, 9554, 4576, 5384, 3566, 4079, 5888, 4987, 6150, 4248, 4731, 5100, 4123, 6656, 6376, 6290, 4074, 5400, 5244, 5258, 4856, 5324, 3742, 4842, 4078, 4412, 4154, 4156]","[2, 3, 4, 5, 6, 7, 8, 9, 10, 10, 12, 12, 14, 15, 16, 17, 18, 19, 20, 21, 22, 23, 24, 25, 26, 27, 28, 29, 30, 30, 59, 60, 61, 62, 63]",47.58519176722996,-22.69716148677819
Cat3,15mph,lr,opposite,9,1625004386.227917000,/media/batool/MULTIMODAL_DATA/Multimodal_Data/Cat3/static_in_front/bag_files/Cat3_15mph_lr_opposite_9/lidar_pcd/ns1/velodyne_points/1625004386.227917000.pcd,/media/batool/MULTIMODAL_DATA/Multimodal_Data/Cat3/static_in_front/bag_files/Cat3_15mph_lr_opposite_9/camera_images/1625004386.2133808.jpg,42.337888559277815,-71.08643775790543,6503,17,7,8,35,"[4811, 4378, 3410, 3964, 3552, 3638, 6266, 6088, 4081, 4036, 4362, 4116, 4054, 6503, 4277, 4198, 4888, 3432, 6038, 4277, 6150, 4482, 4165, 4883, 4037, 4258, 5752, 4028]","[1, 2, 3, 4, 4, 7, 8, 10, 11, 12, 14, 15, 16, 17, 18, 19, 20, 21, 22, 23, 24, 26, 27, 28, 29, 30, 61, 63]",50.52236804444147,-26.678047492604644
Cat3,15mph,lr,opposite,9,1625004385.723574000,/media/batool/MULTIMODAL_DATA/Multimodal_Data/Cat3/static_in_front/bag_files/Cat3_15mph_lr_opposite_9/lidar_pcd/ns1/velodyne_points/1625004385.723574000.pcd,/media/batool/MULTIMODAL_DATA/Multimodal_Data/Cat3/static_in_front/bag_files/Cat3_15mph_lr_opposite_9/camera_images/1625004385.7133813.jpg,42.33791871408562,-71.08646703260206,6503,17,7,8,35,"[4811, 4378, 3410, 3964, 3552, 3638, 6266, 6088, 4081, 4036, 4362, 4116, 4054, 6503, 4277, 4198, 4888, 3432, 6038, 4277, 6150, 4482, 4165, 4883, 4037, 4258, 5752, 4028]","[1, 2, 3, 4, 4, 7, 8, 10, 11, 12, 14, 15, 16, 17, 18, 19, 20, 21, 22, 23, 24, 26, 27, 28, 29, 30, 61, 63]",48.11797859835286,-23.32751329229647
Cat3,15mph,lr,opposite,9,1625004385.824442000,/media/batool/MULTIMODAL_DATA/Multimodal_Data/Cat3/static_in_front/bag_files/Cat3_15mph_lr_opposite_9/lidar_pcd/ns1/velodyne_points/1625004385.824442000.pcd,/media/batool/MULTIMODAL_DATA/Multimodal_Data/Cat3/static_in_front/bag_files/Cat3_15mph_lr_opposite_9/camera_images/1625004385.8133812.jpg,42.337912683161115,-71.08646117769871,6503,17,7,8,35,"[4811, 4378, 3410, 3964, 3552, 3638, 6266, 6088, 4081, 4036, 4362, 4116, 4054, 6503, 4277, 4198, 4888, 3432, 6038, 4277, 6150, 4482, 4165, 4883, 4037, 4258, 5752, 4028]","[1, 2, 3, 4, 4, 7, 8, 10, 11, 12, 14, 15, 16, 17, 18, 19, 20, 21, 22, 23, 24, 26, 27, 28, 29, 30, 61, 63]",48.598853440535194,-23.9976160148419
Cat3,15mph,lr,opposite,9,1625004385.925315000,/media/batool/MULTIMODAL_DATA/Multimodal_Data/Cat3/static_in_front/bag_files/Cat3_15mph_lr_opposite_9/lidar_pcd/ns1/velodyne_points/1625004385.925315000.pcd,/media/batool/MULTIMODAL_DATA/Multimodal_Data/Cat3/static_in_front/bag_files/Cat3_15mph_lr_opposite_9/camera_images/1625004385.913381.jpg,42.33790665193727,-71.08645532250475,6503,17,7,8,35,"[4811, 4378, 3410, 3964, 3552, 3638, 6266, 6088, 4081, 4036, 4362, 4116, 4054, 6503, 4277, 4198, 4888, 3432, 6038, 4277, 6150, 4482, 4165, 4883, 4037, 4258, 5752, 4028]","[1, 2, 3, 4, 4, 7, 8, 10, 11, 12, 14, 15, 16, 17, 18, 19, 20, 21, 22, 23, 24, 26, 27, 28, 29, 30, 61, 63]",49.07975219737876,-24.66775199789279
Cat3,15mph,lr,opposite,9,1625004386.026156000,/media/batool/MULTIMODAL_DATA/Multimodal_Data/Cat3/static_in_front/bag_files/Cat3_15mph_lr_opposite_9/lidar_pcd/ns1/velodyne_points/1625004386.026156000.pcd,/media/batool/MULTIMODAL_DATA/Multimodal_Data/Cat3/static_in_front/bag_files/Cat3_15mph_lr_opposite_9/camera_images/1625004386.013381.jpg,42.3379006226236,-71.08644946916522,6503,17,7,8,35,"[4811, 4378, 3410, 3964, 3552, 3638, 6266, 6088, 4081, 4036, 4362, 4116, 4054, 6503, 4277, 4198, 4888, 3432, 6038, 4277, 6150, 4482, 4165, 4883, 4037, 4258, 5752, 4028]","[1, 2, 3, 4, 4, 7, 8, 10, 11, 12, 14, 15, 16, 17, 18, 19, 20, 21, 22, 23, 24, 26, 27, 28, 29, 30, 61, 63]",49.5604986921848,-25.33767573867054
Cat3,15mph,lr,opposite,9,1625004386.127061000,/media/batool/MULTIMODAL_DATA/Multimodal_Data/Cat3/static_in_front/bag_files/Cat3_15mph_lr_opposite_9/lidar_pcd/ns1/velodyne_points/1625004386.127061000.pcd,/media/batool/MULTIMODAL_DATA/Multimodal_Data/Cat3/static_in_front/bag_files/Cat3_15mph_lr_opposite_9/camera_images/1625004386.113381.jpg,42.33789458948956,-71.08644361211681,6503,17,7,8,35,"[4811, 4378, 3410, 3964, 3552, 3638, 6266, 6088, 4081, 4036, 4362, 4116, 4054, 6503, 4277, 4198, 4888, 3432, 6038, 4277, 6150, 4482, 4165, 4883, 4037, 4258, 5752, 4028]","[1, 2, 3, 4, 4, 7, 8, 10, 11, 12, 14, 15, 16, 17, 18, 19, 20, 21, 22, 23, 24, 26, 27, 28, 29, 30, 61, 63]",50.04154985060278,-26.008023965573557
Cat3,15mph,lr,opposite,9,1625004386.328743000,/media/batool/MULTIMODAL_DATA/Multimodal_Data/Cat3/static_in_front/bag_files/Cat3_15mph_lr_opposite_9/lidar_pcd/ns1/velodyne_points/1625004386.328743000.pcd,/media/batool/MULTIMODAL_DATA/Multimodal_Data/Cat3/static_in_front/bag_files/Cat3_15mph_lr_opposite_9/camera_images/1625004386.3133807.jpg,42.33788253086221,-71.08643190543778,6503,17,7,8,35,"[4811, 4378, 3410, 3964, 3552, 3638, 6266, 6088, 4081, 4036, 4362, 4116, 4054, 6503, 4277, 4198, 4888, 3432, 6038, 4277, 6150, 4482, 4165, 4883, 4037, 4258, 5752, 4028]","[1, 2, 3, 4, 4, 7, 8, 10, 11, 12, 14, 15, 16, 17, 18, 19, 20, 21, 22, 23, 24, 26, 27, 28, 29, 30, 61, 63]",51.00304306840915,-27.347871448708045
Cat3,15mph,lr,opposite,9,1625004386.429580000,/media/batool/MULTIMODAL_DATA/Multimodal_Data/Cat3/static_in_front/bag_files/Cat3_15mph_lr_opposite_9/lidar_pcd/ns1/velodyne_points/1625004386.429580000.pcd,/media/batool/MULTIMODAL_DATA/Multimodal_Data/Cat3/static_in_front/bag_files/Cat3_15mph_lr_opposite_9/camera_images/1625004386.4133806.jpg,42.33787650179087,-71.08642605233351,6503,17,7,8,35,"[4811, 4378, 3410, 3964, 3552, 3638, 6266, 6088, 4081, 4036, 4362, 4116, 4054, 6503, 4277, 4198, 4888, 3432, 6038, 4277, 6150, 4482, 4165, 4883, 4037, 4258, 5752, 4028]","[1, 2, 3, 4, 4, 7, 8, 10, 11, 12, 14, 15, 16, 17, 18, 19, 20, 21, 22, 23, 24, 26, 27, 28, 29, 30, 61, 63]",51.483770425179905,-28.017768263863573
Cat3,15mph,lr,opposite,9,1625004386.530428000,/media/batool/MULTIMODAL_DATA/Multimodal_Data/Cat3/static_in_front/bag_files/Cat3_15mph_lr_opposite_9/lidar_pcd/ns1/velodyne_points/1625004386.530428000.pcd,/media/batool/MULTIMODAL_DATA/Multimodal_Data/Cat3/static_in_front/bag_files/Cat3_15mph_lr_opposite_9/camera_images/1625004386.5467138.jpg,42.33787047206381,-71.08642019859263,6503,17,7,8,35,"[4811, 4378, 3410, 3964, 3552, 3638, 6266, 6088, 4081, 4036, 4362, 4116, 4054, 6503, 4277, 4198, 4888, 3432, 6038, 4277, 6150, 4482, 4165, 4883, 4037, 4258, 5752, 4028]","[1, 2, 3, 4, 4, 7, 8, 10, 11, 12, 14, 15, 16, 17, 18, 19, 20, 21, 22, 23, 24, 26, 27, 28, 29, 30, 61, 63]",51.96455011360159,-28.68773793728173
Cat3,15mph,lr,opposite,9,1625004386.631325000,/media/batool/MULTIMODAL_DATA/Multimodal_Data/Cat3/static_in_front/bag_files/Cat3_15mph_lr_opposite_9/lidar_pcd/ns1/velodyne_points/1625004386.631325000.pcd,/media/batool/MULTIMODAL_DATA/Multimodal_Data/Cat3/static_in_front/bag_files/Cat3_15mph_lr_opposite_9/camera_images/1625004386.6467137.jpg,42.33786443940019,-71.08641434200094,6503,17,7,8,35,"[4811, 4378, 3410, 3964, 3552, 3638, 6266, 6088, 4081, 4036, 4362, 4116, 4054, 6503, 4277, 4198, 4888, 3432, 6038, 4277, 6150, 4482, 4165, 4883, 4037, 4258, 5752, 4028]","[1, 2, 3, 4, 4, 7, 8, 10, 11, 12, 14, 15, 16, 17, 18, 19, 20, 21, 22, 23, 24, 26, 27, 28, 29, 30, 61, 63]",52.4455639922636,-29.35803389508212
Cat3,15mph,lr,opposite,9,1625004386.732182000,/media/batool/MULTIMODAL_DATA/Multimodal_Data/Cat3/static_in_front/bag_files/Cat3_15mph_lr_opposite_9/lidar_pcd/ns1/velodyne_points/1625004386.732182000.pcd,/media/batool/MULTIMODAL_DATA/Multimodal_Data/Cat3/static_in_front/bag_files/Cat3_15mph_lr_opposite_9/camera_images/1625004386.7467136.jpg,42.33786001382394,-71.08641004622827,7434,30,0,1,35,"[4728, 5992, 5128, 4292, 5128, 4988, 6390, 4516, 4750, 5990, 5572, 5216, 5154, 6469, 5049, 5074, 5058, 5236, 5876, 5120, 5415, 7303, 4892, 5572, 7434, 6723, 5093, 6355, 4726]","[1, 2, 3, 4, 4, 4, 7, 7, 7, 10, 12, 13, 14, 16, 17, 18, 20, 22, 23, 24, 26, 27, 28, 29, 30, 59, 60, 61, 61]",52.79838463491023,-29.849764589566046
Cat3,15mph,lr,opposite,9,1625004386.833008000,/media/batool/MULTIMODAL_DATA/Multimodal_Data/Cat3/static_in_front/bag_files/Cat3_15mph_lr_opposite_9/lidar_pcd/ns1/velodyne_points/1625004386.833008000.pcd,/media/batool/MULTIMODAL_DATA/Multimodal_Data/Cat3/static_in_front/bag_files/Cat3_15mph_lr_opposite_9/camera_images/1625004386.8467135.jpg,42.337860045132956,-71.0864100790282,7434,30,0,1,35,"[4728, 5992, 5128, 4292, 5128, 4988, 6390, 4516, 4750, 5990, 5572, 5216, 5154, 6469, 5049, 5074, 5058, 5236, 5876, 5120, 5415, 7303, 4892, 5572, 7434, 6723, 5093, 6355, 4726]","[1, 2, 3, 4, 4, 4, 7, 7, 7, 10, 12, 13, 14, 16, 17, 18, 20, 22, 23, 24, 26, 27, 28, 29, 30, 59, 60, 61, 61]",52.7956907100249,-29.846285810227375
Cat3,15mph,lr,opposite,9,1625004386.933871000,/media/batool/MULTIMODAL_DATA/Multimodal_Data/Cat3/static_in_front/bag_files/Cat3_15mph_lr_opposite_9/lidar_pcd/ns1/velodyne_points/1625004386.933871000.pcd,/media/batool/MULTIMODAL_DATA/Multimodal_Data/Cat3/static_in_front/bag_files/Cat3_15mph_lr_opposite_9/camera_images/1625004386.9467134.jpg,42.33786007645345,-71.08641011184012,7434,30,0,1,35,"[4728, 5992, 5128, 4292, 5128, 4988, 6390, 4516, 4750, 5990, 5572, 5216, 5154, 6469, 5049, 5074, 5058, 5236, 5876, 5120, 5415, 7303, 4892, 5572, 7434, 6723, 5093, 6355, 4726]","[1, 2, 3, 4, 4, 4, 7, 7, 7, 10, 12, 13, 14, 16, 17, 18, 20, 22, 23, 24, 26, 27, 28, 29, 30, 59, 60, 61, 61]",52.79299580005253,-29.84280575506975
Cat3,15mph,lr,opposite,9,1625004387.034695000,/media/batool/MULTIMODAL_DATA/Multimodal_Data/Cat3/static_in_front/bag_files/Cat3_15mph_lr_opposite_9/lidar_pcd/ns1/velodyne_points/1625004387.034695000.pcd,/media/batool/MULTIMODAL_DATA/Multimodal_Data/Cat3/static_in_front/bag_files/Cat3_15mph_lr_opposite_9/camera_images/1625004387.0467134.jpg,42.3378601077618,-71.08641014463934,7434,30,0,1,35,"[4728, 5992, 5128, 4292, 5128, 4988, 6390, 4516, 4750, 5990, 5572, 5216, 5154, 6469, 5049, 5074, 5058, 5236, 5876, 5120, 5415, 7303, 4892, 5572, 7434, 6723, 5093, 6355, 4726]","[1, 2, 3, 4, 4, 4, 7, 7, 7, 10, 12, 13, 14, 16, 17, 18, 20, 22, 23, 24, 26, 27, 28, 29, 30, 59, 60, 61, 61]",52.79030193352819,-29.83932704994332
Cat3,15mph,lr,opposite,9,1625004387.135564000,/media/batool/MULTIMODAL_DATA/Multimodal_Data/Cat3/static_in_front/bag_files/Cat3_15mph_lr_opposite_9/lidar_pcd/ns1/velodyne_points/1625004387.135564000.pcd,/media/batool/MULTIMODAL_DATA/Multimodal_Data/Cat3/static_in_front/bag_files/Cat3_15mph_lr_opposite_9/camera_images/1625004387.1467133.jpg,42.33786013908422,-71.08641017745332,7434,30,0,1,35,"[4728, 5992, 5128, 4292, 5128, 4988, 6390, 4516, 4750, 5990, 5572, 5216, 5154, 6469, 5049, 5074, 5058, 5236, 5876, 5120, 5415, 7303, 4892, 5572, 7434, 6723, 5093, 6355, 4726]","[1, 2, 3, 4, 4, 4, 7, 7, 7, 10, 12, 13, 14, 16, 17, 18, 20, 22, 23, 24, 26, 27, 28, 29, 30, 59, 60, 61, 61]",52.787606855486565,-29.835846780833386
Cat3,15mph,lr,opposite,9,1625004387.236415000,/media/batool/MULTIMODAL_DATA/Multimodal_Data/Cat3/static_in_front/bag_files/Cat3_15mph_lr_opposite_9/lidar_pcd/ns1/velodyne_points/1625004387.236415000.pcd,/media/batool/MULTIMODAL_DATA/Multimodal_Data/Cat3/static_in_front/bag_files/Cat3_15mph_lr_opposite_9/camera_images/1625004387.2467132.jpg,42.33786017040094,-71.0864102102613,7434,30,0,1,35,"[4728, 5992, 5128, 4292, 5128, 4988, 6390, 4516, 4750, 5990, 5572, 5216, 5154, 6469, 5049, 5074, 5058, 5236, 5876, 5120, 5415, 7303, 4892, 5572, 7434, 6723, 5093, 6355, 4726]","[1, 2, 3, 4, 4, 4, 7, 7, 7, 10, 12, 13, 14, 16, 17, 18, 20, 22, 23, 24, 26, 27, 28, 29, 30, 59, 60, 61, 61]",52.784912268823284,-29.832367145685467
Cat3,15mph,lr,opposite,9,1625004387.337272000,/media/batool/MULTIMODAL_DATA/Multimodal_Data/Cat3/static_in_front/bag_files/Cat3_15mph_lr_opposite_9/lidar_pcd/ns1/velodyne_points/1625004387.337272000.pcd,/media/batool/MULTIMODAL_DATA/Multimodal_Data/Cat3/static_in_front/bag_files/Cat3_15mph_lr_opposite_9/camera_images/1625004387.346713.jpg,42.33786020171958,-71.08641024307131,7434,30,0,1,35,"[4728, 5992, 5128, 4292, 5128, 4988, 6390, 4516, 4750, 5990, 5572, 5216, 5154, 6469, 5049, 5074, 5058, 5236, 5876, 5120, 5415, 7303, 4892, 5572, 7434, 6723, 5093, 6355, 4726]","[1, 2, 3, 4, 4, 4, 7, 7, 7, 10, 12, 13, 14, 16, 17, 18, 20, 22, 23, 24, 26, 27, 28, 29, 30, 59, 60, 61, 61]",52.78221751642374,-29.828887296585233
Cat3,15mph,lr,opposite,9,1625004387.438163000,/media/batool/MULTIMODAL_DATA/Multimodal_Data/Cat3/static_in_front/bag_files/Cat3_15mph_lr_opposite_9/lidar_pcd/ns1/velodyne_points/1625004387.438163000.pcd,/media/batool/MULTIMODAL_DATA/Multimodal_Data/Cat3/static_in_front/bag_files/Cat3_15mph_lr_opposite_9/camera_images/1625004387.446713.jpg,42.33786023304881,-71.0864102758924,7434,30,0,1,35,"[4728, 5992, 5128, 4292, 5128, 4988, 6390, 4516, 4750, 5990, 5572, 5216, 5154, 6469, 5049, 5074, 5058, 5236, 5876, 5120, 5415, 7303, 4892, 5572, 7434, 6723, 5093, 6355, 4726]","[1, 2, 3, 4, 4, 4, 7, 7, 7, 10, 12, 13, 14, 16, 17, 18, 20, 22, 23, 24, 26, 27, 28, 29, 30, 59, 60, 61, 61]",52.77952185363582,-29.82540627114203
Cat3,15mph,lr,opposite,9,1625004387.539042000,/media/batool/MULTIMODAL_DATA/Multimodal_Data/Cat3/static_in_front/bag_files/Cat3_15mph_lr_opposite_9/lidar_pcd/ns1/velodyne_points/1625004387.539042000.pcd,/media/batool/MULTIMODAL_DATA/Multimodal_Data/Cat3/static_in_front/bag_files/Cat3_15mph_lr_opposite_9/camera_images/1625004387.5467129.jpg,42.33786026437426,-71.08641030870955,7434,30,0,1,35,"[4728, 5992, 5128, 4292, 5128, 4988, 6390, 4516, 4750, 5990, 5572, 5216, 5154, 6469, 5049, 5074, 5058, 5236, 5876, 5120, 5415, 7303, 4892, 5572, 7434, 6723, 5093, 6355, 4726]","[1, 2, 3, 4, 4, 4, 7, 7, 7, 10, 12, 13, 14, 16, 17, 18, 20, 22, 23, 24, 26, 27, 28, 29, 30, 59, 60, 61, 61]",52.77682651532149,-29.821925665708527
Cat3,15mph,lr,opposite,9,1625004387.639886000,/media/batool/MULTIMODAL_DATA/Multimodal_Data/Cat3/static_in_front/bag_files/Cat3_15mph_lr_opposite_9/lidar_pcd/ns1/velodyne_points/1625004387.639886000.pcd,/media/batool/MULTIMODAL_DATA/Multimodal_Data/Cat3/static_in_front/bag_files/Cat3_15mph_lr_opposite_9/camera_images/1625004387.6467128.jpg,42.337860295688834,-71.08641034151529,7434,30,0,1,35,"[4728, 5992, 5128, 4292, 5128, 4988, 6390, 4516, 4750, 5990, 5572, 5216, 5154, 6469, 5049, 5074, 5058, 5236, 5876, 5120, 5415, 7303, 4892, 5572, 7434, 6723, 5093, 6355, 4726]","[1, 2, 3, 4, 4, 4, 7, 7, 7, 10, 12, 13, 14, 16, 17, 18, 20, 22, 23, 24, 26, 27, 28, 29, 30, 59, 60, 61, 61]",52.774132113075865,-29.81844626819768
Cat3,15mph,lr,opposite,9,1625004389.253577000,/media/batool/MULTIMODAL_DATA/Multimodal_Data/Cat3/static_in_front/bag_files/Cat3_15mph_lr_opposite_9/lidar_pcd/ns1/velodyne_points/1625004389.253577000.pcd,/media/batool/MULTIMODAL_DATA/Multimodal_Data/Cat3/static_in_front/bag_files/Cat3_15mph_lr_opposite_9/camera_images/1625004389.2467113.jpg,42.33777670816209,-71.08632277363013,5992,1,0,1,40,"[5992, 5564, 5292, 5171, 5300, 4856, 5072, 1436, 1368]","[1, 1, 1, 10, 10, 10, 10, 10, 10]",59.9662648047718,-39.105949239923476
Cat3,15mph,lr,opposite,9,1625004389.959558000,/media/batool/MULTIMODAL_DATA/Multimodal_Data/Cat3/static_in_front/bag_files/Cat3_15mph_lr_opposite_9/lidar_pcd/ns1/velodyne_points/1625004389.959558000.pcd,/media/batool/MULTIMODAL_DATA/Multimodal_Data/Cat3/static_in_front/bag_files/Cat3_15mph_lr_opposite_9/camera_images/1625004389.9467106.jpg,42.3377375546687,-71.08628175568467,5992,1,0,1,40,"[5992, 5564, 5292, 5171, 5300, 4856, 5072, 1436, 1368, 1508, 1472]","[1, 1, 1, 10, 10, 10, 10, 10, 10, 10, 10]",63.335157337463826,-43.45633739433197
Cat3,15mph,lr,opposite,9,1625004391.472443000,/media/batool/MULTIMODAL_DATA/Multimodal_Data/Cat3/static_in_front/bag_files/Cat3_15mph_lr_opposite_9/lidar_pcd/ns1/velodyne_points/1625004391.472443000.pcd,/media/batool/MULTIMODAL_DATA/Multimodal_Data/Cat3/static_in_front/bag_files/Cat3_15mph_lr_opposite_9/camera_images/1625004391.4800425.jpg,42.337653650519485,-71.08619385609983,5992,1,0,1,40,"[5992, 5564, 5292, 5171, 5300, 4856, 5072, 1436, 1368, 1508, 1472, 1616, 1592, 0, 0]","[1, 1, 1, 10, 10, 10, 10, 10, 10, 10, 10, 10, 10, 10, 10]",70.55454732384464,-52.77902064035642
Cat3,15mph,lr,opposite,9,1625004392.077585000,/media/batool/MULTIMODAL_DATA/Multimodal_Data/Cat3/static_in_front/bag_files/Cat3_15mph_lr_opposite_9/lidar_pcd/ns1/velodyne_points/1625004392.077585000.pcd,/media/batool/MULTIMODAL_DATA/Multimodal_Data/Cat3/static_in_front/bag_files/Cat3_15mph_lr_opposite_9/camera_images/1625004392.080042.jpg,42.33818174702534,-71.08673126317458,5992,1,0,1,40,"[5992, 5564, 5292, 5171, 5300, 4856, 5072, 1436, 1368, 1508, 1472, 1616, 1592, 0, 0]","[1, 1, 1, 10, 10, 10, 10, 10, 10, 10, 10, 10, 10, 10, 10]",26.416246739814564,5.8983688988847565
