Category,speed,direction,lane,episode,Time header,lidar number,path to the file
Cat1,15mph,lr,opposite,8,1624828885.316834000,ns1,/media/batool/MULTIMODAL_DATA/Multimodal_Data/Cat1/opposite/bag_files/Cat1_15mph_lr_opposite_8/lidar_pcd/ns1/velodyne_points/1624828885.316834000.pcd
Cat1,15mph,lr,opposite,8,1624828885.417700000,ns1,/media/batool/MULTIMODAL_DATA/Multimodal_Data/Cat1/opposite/bag_files/Cat1_15mph_lr_opposite_8/lidar_pcd/ns1/velodyne_points/1624828885.417700000.pcd
Cat1,15mph,lr,opposite,8,1624828885.518537000,ns1,/media/batool/MULTIMODAL_DATA/Multimodal_Data/Cat1/opposite/bag_files/Cat1_15mph_lr_opposite_8/lidar_pcd/ns1/velodyne_points/1624828885.518537000.pcd
Cat1,15mph,lr,opposite,8,1624828885.619403000,ns1,/media/batool/MULTIMODAL_DATA/Multimodal_Data/Cat1/opposite/bag_files/Cat1_15mph_lr_opposite_8/lidar_pcd/ns1/velodyne_points/1624828885.619403000.pcd
Cat1,15mph,lr,opposite,8,1624828885.720256000,ns1,/media/batool/MULTIMODAL_DATA/Multimodal_Data/Cat1/opposite/bag_files/Cat1_15mph_lr_opposite_8/lidar_pcd/ns1/velodyne_points/1624828885.720256000.pcd
Cat1,15mph,lr,opposite,8,1624828885.821087000,ns1,/media/batool/MULTIMODAL_DATA/Multimodal_Data/Cat1/opposite/bag_files/Cat1_15mph_lr_opposite_8/lidar_pcd/ns1/velodyne_points/1624828885.821087000.pcd
Cat1,15mph,lr,opposite,8,1624828885.921970000,ns1,/media/batool/MULTIMODAL_DATA/Multimodal_Data/Cat1/opposite/bag_files/Cat1_15mph_lr_opposite_8/lidar_pcd/ns1/velodyne_points/1624828885.921970000.pcd
Cat1,15mph,lr,opposite,8,1624828886.022846000,ns1,/media/batool/MULTIMODAL_DATA/Multimodal_Data/Cat1/opposite/bag_files/Cat1_15mph_lr_opposite_8/lidar_pcd/ns1/velodyne_points/1624828886.022846000.pcd
Cat1,15mph,lr,opposite,8,1624828886.123685000,ns1,/media/batool/MULTIMODAL_DATA/Multimodal_Data/Cat1/opposite/bag_files/Cat1_15mph_lr_opposite_8/lidar_pcd/ns1/velodyne_points/1624828886.123685000.pcd
Cat1,15mph,lr,opposite,8,1624828886.224527000,ns1,/media/batool/MULTIMODAL_DATA/Multimodal_Data/Cat1/opposite/bag_files/Cat1_15mph_lr_opposite_8/lidar_pcd/ns1/velodyne_points/1624828886.224527000.pcd
Cat1,15mph,lr,opposite,8,1624828886.325410000,ns1,/media/batool/MULTIMODAL_DATA/Multimodal_Data/Cat1/opposite/bag_files/Cat1_15mph_lr_opposite_8/lidar_pcd/ns1/velodyne_points/1624828886.325410000.pcd
Cat1,15mph,lr,opposite,8,1624828886.426235000,ns1,/media/batool/MULTIMODAL_DATA/Multimodal_Data/Cat1/opposite/bag_files/Cat1_15mph_lr_opposite_8/lidar_pcd/ns1/velodyne_points/1624828886.426235000.pcd
Cat1,15mph,lr,opposite,8,1624828886.527128000,ns1,/media/batool/MULTIMODAL_DATA/Multimodal_Data/Cat1/opposite/bag_files/Cat1_15mph_lr_opposite_8/lidar_pcd/ns1/velodyne_points/1624828886.527128000.pcd
Cat1,15mph,lr,opposite,8,1624828886.628003000,ns1,/media/batool/MULTIMODAL_DATA/Multimodal_Data/Cat1/opposite/bag_files/Cat1_15mph_lr_opposite_8/lidar_pcd/ns1/velodyne_points/1624828886.628003000.pcd
Cat1,15mph,lr,opposite,8,1624828886.829704000,ns1,/media/batool/MULTIMODAL_DATA/Multimodal_Data/Cat1/opposite/bag_files/Cat1_15mph_lr_opposite_8/lidar_pcd/ns1/velodyne_points/1624828886.829704000.pcd
Cat1,15mph,lr,opposite,8,1624828886.930542000,ns1,/media/batool/MULTIMODAL_DATA/Multimodal_Data/Cat1/opposite/bag_files/Cat1_15mph_lr_opposite_8/lidar_pcd/ns1/velodyne_points/1624828886.930542000.pcd
Cat1,15mph,lr,opposite,8,1624828887.031399000,ns1,/media/batool/MULTIMODAL_DATA/Multimodal_Data/Cat1/opposite/bag_files/Cat1_15mph_lr_opposite_8/lidar_pcd/ns1/velodyne_points/1624828887.031399000.pcd
Cat1,15mph,lr,opposite,8,1624828887.132249000,ns1,/media/batool/MULTIMODAL_DATA/Multimodal_Data/Cat1/opposite/bag_files/Cat1_15mph_lr_opposite_8/lidar_pcd/ns1/velodyne_points/1624828887.132249000.pcd
Cat1,15mph,lr,opposite,8,1624828887.233114000,ns1,/media/batool/MULTIMODAL_DATA/Multimodal_Data/Cat1/opposite/bag_files/Cat1_15mph_lr_opposite_8/lidar_pcd/ns1/velodyne_points/1624828887.233114000.pcd
Cat1,15mph,lr,opposite,8,1624828887.333990000,ns1,/media/batool/MULTIMODAL_DATA/Multimodal_Data/Cat1/opposite/bag_files/Cat1_15mph_lr_opposite_8/lidar_pcd/ns1/velodyne_points/1624828887.333990000.pcd
Cat1,15mph,lr,opposite,8,1624828887.434848000,ns1,/media/batool/MULTIMODAL_DATA/Multimodal_Data/Cat1/opposite/bag_files/Cat1_15mph_lr_opposite_8/lidar_pcd/ns1/velodyne_points/1624828887.434848000.pcd
Cat1,15mph,lr,opposite,8,1624828887.535672000,ns1,/media/batool/MULTIMODAL_DATA/Multimodal_Data/Cat1/opposite/bag_files/Cat1_15mph_lr_opposite_8/lidar_pcd/ns1/velodyne_points/1624828887.535672000.pcd
Cat1,15mph,lr,opposite,8,1624828887.636535000,ns1,/media/batool/MULTIMODAL_DATA/Multimodal_Data/Cat1/opposite/bag_files/Cat1_15mph_lr_opposite_8/lidar_pcd/ns1/velodyne_points/1624828887.636535000.pcd
Cat1,15mph,lr,opposite,8,1624828887.737394000,ns1,/media/batool/MULTIMODAL_DATA/Multimodal_Data/Cat1/opposite/bag_files/Cat1_15mph_lr_opposite_8/lidar_pcd/ns1/velodyne_points/1624828887.737394000.pcd
Cat1,15mph,lr,opposite,8,1624828887.838208000,ns1,/media/batool/MULTIMODAL_DATA/Multimodal_Data/Cat1/opposite/bag_files/Cat1_15mph_lr_opposite_8/lidar_pcd/ns1/velodyne_points/1624828887.838208000.pcd
Cat1,15mph,lr,opposite,8,1624828887.939116000,ns1,/media/batool/MULTIMODAL_DATA/Multimodal_Data/Cat1/opposite/bag_files/Cat1_15mph_lr_opposite_8/lidar_pcd/ns1/velodyne_points/1624828887.939116000.pcd
Cat1,15mph,lr,opposite,8,1624828888.039945000,ns1,/media/batool/MULTIMODAL_DATA/Multimodal_Data/Cat1/opposite/bag_files/Cat1_15mph_lr_opposite_8/lidar_pcd/ns1/velodyne_points/1624828888.039945000.pcd
Cat1,15mph,lr,opposite,8,1624828888.140801000,ns1,/media/batool/MULTIMODAL_DATA/Multimodal_Data/Cat1/opposite/bag_files/Cat1_15mph_lr_opposite_8/lidar_pcd/ns1/velodyne_points/1624828888.140801000.pcd
Cat1,15mph,lr,opposite,8,1624828888.342553000,ns1,/media/batool/MULTIMODAL_DATA/Multimodal_Data/Cat1/opposite/bag_files/Cat1_15mph_lr_opposite_8/lidar_pcd/ns1/velodyne_points/1624828888.342553000.pcd
Cat1,15mph,lr,opposite,8,1624828888.443411000,ns1,/media/batool/MULTIMODAL_DATA/Multimodal_Data/Cat1/opposite/bag_files/Cat1_15mph_lr_opposite_8/lidar_pcd/ns1/velodyne_points/1624828888.443411000.pcd
Cat1,15mph,lr,opposite,8,1624828888.544265000,ns1,/media/batool/MULTIMODAL_DATA/Multimodal_Data/Cat1/opposite/bag_files/Cat1_15mph_lr_opposite_8/lidar_pcd/ns1/velodyne_points/1624828888.544265000.pcd
Cat1,15mph,lr,opposite,8,1624828888.645120000,ns1,/media/batool/MULTIMODAL_DATA/Multimodal_Data/Cat1/opposite/bag_files/Cat1_15mph_lr_opposite_8/lidar_pcd/ns1/velodyne_points/1624828888.645120000.pcd
Cat1,15mph,lr,opposite,8,1624828888.745964000,ns1,/media/batool/MULTIMODAL_DATA/Multimodal_Data/Cat1/opposite/bag_files/Cat1_15mph_lr_opposite_8/lidar_pcd/ns1/velodyne_points/1624828888.745964000.pcd
Cat1,15mph,lr,opposite,8,1624828888.846825000,ns1,/media/batool/MULTIMODAL_DATA/Multimodal_Data/Cat1/opposite/bag_files/Cat1_15mph_lr_opposite_8/lidar_pcd/ns1/velodyne_points/1624828888.846825000.pcd
Cat1,15mph,lr,opposite,8,1624828888.947664000,ns1,/media/batool/MULTIMODAL_DATA/Multimodal_Data/Cat1/opposite/bag_files/Cat1_15mph_lr_opposite_8/lidar_pcd/ns1/velodyne_points/1624828888.947664000.pcd
Cat1,15mph,lr,opposite,8,1624828889.048535000,ns1,/media/batool/MULTIMODAL_DATA/Multimodal_Data/Cat1/opposite/bag_files/Cat1_15mph_lr_opposite_8/lidar_pcd/ns1/velodyne_points/1624828889.048535000.pcd
Cat1,15mph,lr,opposite,8,1624828889.149377000,ns1,/media/batool/MULTIMODAL_DATA/Multimodal_Data/Cat1/opposite/bag_files/Cat1_15mph_lr_opposite_8/lidar_pcd/ns1/velodyne_points/1624828889.149377000.pcd
Cat1,15mph,lr,opposite,8,1624828889.250275000,ns1,/media/batool/MULTIMODAL_DATA/Multimodal_Data/Cat1/opposite/bag_files/Cat1_15mph_lr_opposite_8/lidar_pcd/ns1/velodyne_points/1624828889.250275000.pcd
Cat1,15mph,lr,opposite,8,1624828889.351058000,ns1,/media/batool/MULTIMODAL_DATA/Multimodal_Data/Cat1/opposite/bag_files/Cat1_15mph_lr_opposite_8/lidar_pcd/ns1/velodyne_points/1624828889.351058000.pcd
Cat1,15mph,lr,opposite,8,1624828889.451948000,ns1,/media/batool/MULTIMODAL_DATA/Multimodal_Data/Cat1/opposite/bag_files/Cat1_15mph_lr_opposite_8/lidar_pcd/ns1/velodyne_points/1624828889.451948000.pcd
Cat1,15mph,lr,opposite,8,1624828889.552849000,ns1,/media/batool/MULTIMODAL_DATA/Multimodal_Data/Cat1/opposite/bag_files/Cat1_15mph_lr_opposite_8/lidar_pcd/ns1/velodyne_points/1624828889.552849000.pcd
Cat1,15mph,lr,opposite,8,1624828889.653691000,ns1,/media/batool/MULTIMODAL_DATA/Multimodal_Data/Cat1/opposite/bag_files/Cat1_15mph_lr_opposite_8/lidar_pcd/ns1/velodyne_points/1624828889.653691000.pcd
Cat1,15mph,lr,opposite,8,1624828889.855388000,ns1,/media/batool/MULTIMODAL_DATA/Multimodal_Data/Cat1/opposite/bag_files/Cat1_15mph_lr_opposite_8/lidar_pcd/ns1/velodyne_points/1624828889.855388000.pcd
Cat1,15mph,lr,opposite,8,1624828889.956217000,ns1,/media/batool/MULTIMODAL_DATA/Multimodal_Data/Cat1/opposite/bag_files/Cat1_15mph_lr_opposite_8/lidar_pcd/ns1/velodyne_points/1624828889.956217000.pcd
Cat1,15mph,lr,opposite,8,1624828890.057103000,ns1,/media/batool/MULTIMODAL_DATA/Multimodal_Data/Cat1/opposite/bag_files/Cat1_15mph_lr_opposite_8/lidar_pcd/ns1/velodyne_points/1624828890.057103000.pcd
Cat1,15mph,lr,opposite,8,1624828890.157941000,ns1,/media/batool/MULTIMODAL_DATA/Multimodal_Data/Cat1/opposite/bag_files/Cat1_15mph_lr_opposite_8/lidar_pcd/ns1/velodyne_points/1624828890.157941000.pcd
Cat1,15mph,lr,opposite,8,1624828890.258822000,ns1,/media/batool/MULTIMODAL_DATA/Multimodal_Data/Cat1/opposite/bag_files/Cat1_15mph_lr_opposite_8/lidar_pcd/ns1/velodyne_points/1624828890.258822000.pcd
Cat1,15mph,lr,opposite,8,1624828890.359699000,ns1,/media/batool/MULTIMODAL_DATA/Multimodal_Data/Cat1/opposite/bag_files/Cat1_15mph_lr_opposite_8/lidar_pcd/ns1/velodyne_points/1624828890.359699000.pcd
Cat1,15mph,lr,opposite,8,1624828890.460494000,ns1,/media/batool/MULTIMODAL_DATA/Multimodal_Data/Cat1/opposite/bag_files/Cat1_15mph_lr_opposite_8/lidar_pcd/ns1/velodyne_points/1624828890.460494000.pcd
Cat1,15mph,lr,opposite,8,1624828890.561352000,ns1,/media/batool/MULTIMODAL_DATA/Multimodal_Data/Cat1/opposite/bag_files/Cat1_15mph_lr_opposite_8/lidar_pcd/ns1/velodyne_points/1624828890.561352000.pcd
Cat1,15mph,lr,opposite,8,1624828890.662225000,ns1,/media/batool/MULTIMODAL_DATA/Multimodal_Data/Cat1/opposite/bag_files/Cat1_15mph_lr_opposite_8/lidar_pcd/ns1/velodyne_points/1624828890.662225000.pcd
Cat1,15mph,lr,opposite,8,1624828890.763105000,ns1,/media/batool/MULTIMODAL_DATA/Multimodal_Data/Cat1/opposite/bag_files/Cat1_15mph_lr_opposite_8/lidar_pcd/ns1/velodyne_points/1624828890.763105000.pcd
Cat1,15mph,lr,opposite,8,1624828890.863960000,ns1,/media/batool/MULTIMODAL_DATA/Multimodal_Data/Cat1/opposite/bag_files/Cat1_15mph_lr_opposite_8/lidar_pcd/ns1/velodyne_points/1624828890.863960000.pcd
Cat1,15mph,lr,opposite,8,1624828890.964812000,ns1,/media/batool/MULTIMODAL_DATA/Multimodal_Data/Cat1/opposite/bag_files/Cat1_15mph_lr_opposite_8/lidar_pcd/ns1/velodyne_points/1624828890.964812000.pcd
Cat1,15mph,lr,opposite,8,1624828891.065687000,ns1,/media/batool/MULTIMODAL_DATA/Multimodal_Data/Cat1/opposite/bag_files/Cat1_15mph_lr_opposite_8/lidar_pcd/ns1/velodyne_points/1624828891.065687000.pcd
Cat1,15mph,lr,opposite,8,1624828891.166540000,ns1,/media/batool/MULTIMODAL_DATA/Multimodal_Data/Cat1/opposite/bag_files/Cat1_15mph_lr_opposite_8/lidar_pcd/ns1/velodyne_points/1624828891.166540000.pcd
Cat1,15mph,lr,opposite,8,1624828886.728833000,ns1,/media/batool/MULTIMODAL_DATA/Multimodal_Data/Cat1/opposite/bag_files/Cat1_15mph_lr_opposite_8/lidar_pcd/ns1/velodyne_points/1624828886.728833000.pcd
Cat1,15mph,lr,opposite,8,1624828888.241697000,ns1,/media/batool/MULTIMODAL_DATA/Multimodal_Data/Cat1/opposite/bag_files/Cat1_15mph_lr_opposite_8/lidar_pcd/ns1/velodyne_points/1624828888.241697000.pcd
Cat1,15mph,lr,opposite,8,1624828889.754547000,ns1,/media/batool/MULTIMODAL_DATA/Multimodal_Data/Cat1/opposite/bag_files/Cat1_15mph_lr_opposite_8/lidar_pcd/ns1/velodyne_points/1624828889.754547000.pcd
Cat1,15mph,lr,opposite,8,1624828891.267384000,ns1,/media/batool/MULTIMODAL_DATA/Multimodal_Data/Cat1/opposite/bag_files/Cat1_15mph_lr_opposite_8/lidar_pcd/ns1/velodyne_points/1624828891.267384000.pcd
Cat1,15mph,lr,opposite,8,1624828892.780211000,ns1,/media/batool/MULTIMODAL_DATA/Multimodal_Data/Cat1/opposite/bag_files/Cat1_15mph_lr_opposite_8/lidar_pcd/ns1/velodyne_points/1624828892.780211000.pcd
Cat1,15mph,lr,opposite,8,1624828894.293064000,ns1,/media/batool/MULTIMODAL_DATA/Multimodal_Data/Cat1/opposite/bag_files/Cat1_15mph_lr_opposite_8/lidar_pcd/ns1/velodyne_points/1624828894.293064000.pcd
Cat1,15mph,lr,opposite,8,1624828895.805932000,ns1,/media/batool/MULTIMODAL_DATA/Multimodal_Data/Cat1/opposite/bag_files/Cat1_15mph_lr_opposite_8/lidar_pcd/ns1/velodyne_points/1624828895.805932000.pcd
Cat1,15mph,lr,opposite,8,1624828897.318804000,ns1,/media/batool/MULTIMODAL_DATA/Multimodal_Data/Cat1/opposite/bag_files/Cat1_15mph_lr_opposite_8/lidar_pcd/ns1/velodyne_points/1624828897.318804000.pcd
Cat1,15mph,lr,opposite,8,1624828898.831644000,ns1,/media/batool/MULTIMODAL_DATA/Multimodal_Data/Cat1/opposite/bag_files/Cat1_15mph_lr_opposite_8/lidar_pcd/ns1/velodyne_points/1624828898.831644000.pcd
Cat1,15mph,lr,opposite,8,1624828900.344502000,ns1,/media/batool/MULTIMODAL_DATA/Multimodal_Data/Cat1/opposite/bag_files/Cat1_15mph_lr_opposite_8/lidar_pcd/ns1/velodyne_points/1624828900.344502000.pcd
Cat1,15mph,lr,opposite,8,1624828901.857327000,ns1,/media/batool/MULTIMODAL_DATA/Multimodal_Data/Cat1/opposite/bag_files/Cat1_15mph_lr_opposite_8/lidar_pcd/ns1/velodyne_points/1624828901.857327000.pcd
Cat1,15mph,lr,opposite,8,1624828903.370183000,ns1,/media/batool/MULTIMODAL_DATA/Multimodal_Data/Cat1/opposite/bag_files/Cat1_15mph_lr_opposite_8/lidar_pcd/ns1/velodyne_points/1624828903.370183000.pcd
Cat1,15mph,lr,opposite,8,1624828904.883038000,ns1,/media/batool/MULTIMODAL_DATA/Multimodal_Data/Cat1/opposite/bag_files/Cat1_15mph_lr_opposite_8/lidar_pcd/ns1/velodyne_points/1624828904.883038000.pcd
Cat1,15mph,lr,opposite,8,1624828906.395899000,ns1,/media/batool/MULTIMODAL_DATA/Multimodal_Data/Cat1/opposite/bag_files/Cat1_15mph_lr_opposite_8/lidar_pcd/ns1/velodyne_points/1624828906.395899000.pcd
Cat1,15mph,lr,opposite,8,1624828891.368227000,ns1,/media/batool/MULTIMODAL_DATA/Multimodal_Data/Cat1/opposite/bag_files/Cat1_15mph_lr_opposite_8/lidar_pcd/ns1/velodyne_points/1624828891.368227000.pcd
Cat1,15mph,lr,opposite,8,1624828891.469099000,ns1,/media/batool/MULTIMODAL_DATA/Multimodal_Data/Cat1/opposite/bag_files/Cat1_15mph_lr_opposite_8/lidar_pcd/ns1/velodyne_points/1624828891.469099000.pcd
Cat1,15mph,lr,opposite,8,1624828891.569971000,ns1,/media/batool/MULTIMODAL_DATA/Multimodal_Data/Cat1/opposite/bag_files/Cat1_15mph_lr_opposite_8/lidar_pcd/ns1/velodyne_points/1624828891.569971000.pcd
Cat1,15mph,lr,opposite,8,1624828891.670826000,ns1,/media/batool/MULTIMODAL_DATA/Multimodal_Data/Cat1/opposite/bag_files/Cat1_15mph_lr_opposite_8/lidar_pcd/ns1/velodyne_points/1624828891.670826000.pcd
Cat1,15mph,lr,opposite,8,1624828891.771655000,ns1,/media/batool/MULTIMODAL_DATA/Multimodal_Data/Cat1/opposite/bag_files/Cat1_15mph_lr_opposite_8/lidar_pcd/ns1/velodyne_points/1624828891.771655000.pcd
Cat1,15mph,lr,opposite,8,1624828891.872518000,ns1,/media/batool/MULTIMODAL_DATA/Multimodal_Data/Cat1/opposite/bag_files/Cat1_15mph_lr_opposite_8/lidar_pcd/ns1/velodyne_points/1624828891.872518000.pcd
Cat1,15mph,lr,opposite,8,1624828891.973356000,ns1,/media/batool/MULTIMODAL_DATA/Multimodal_Data/Cat1/opposite/bag_files/Cat1_15mph_lr_opposite_8/lidar_pcd/ns1/velodyne_points/1624828891.973356000.pcd
Cat1,15mph,lr,opposite,8,1624828892.074230000,ns1,/media/batool/MULTIMODAL_DATA/Multimodal_Data/Cat1/opposite/bag_files/Cat1_15mph_lr_opposite_8/lidar_pcd/ns1/velodyne_points/1624828892.074230000.pcd
Cat1,15mph,lr,opposite,8,1624828892.175114000,ns1,/media/batool/MULTIMODAL_DATA/Multimodal_Data/Cat1/opposite/bag_files/Cat1_15mph_lr_opposite_8/lidar_pcd/ns1/velodyne_points/1624828892.175114000.pcd
Cat1,15mph,lr,opposite,8,1624828892.275956000,ns1,/media/batool/MULTIMODAL_DATA/Multimodal_Data/Cat1/opposite/bag_files/Cat1_15mph_lr_opposite_8/lidar_pcd/ns1/velodyne_points/1624828892.275956000.pcd
Cat1,15mph,lr,opposite,8,1624828892.376825000,ns1,/media/batool/MULTIMODAL_DATA/Multimodal_Data/Cat1/opposite/bag_files/Cat1_15mph_lr_opposite_8/lidar_pcd/ns1/velodyne_points/1624828892.376825000.pcd
Cat1,15mph,lr,opposite,8,1624828892.477657000,ns1,/media/batool/MULTIMODAL_DATA/Multimodal_Data/Cat1/opposite/bag_files/Cat1_15mph_lr_opposite_8/lidar_pcd/ns1/velodyne_points/1624828892.477657000.pcd
Cat1,15mph,lr,opposite,8,1624828892.578539000,ns1,/media/batool/MULTIMODAL_DATA/Multimodal_Data/Cat1/opposite/bag_files/Cat1_15mph_lr_opposite_8/lidar_pcd/ns1/velodyne_points/1624828892.578539000.pcd
Cat1,15mph,lr,opposite,8,1624828892.679397000,ns1,/media/batool/MULTIMODAL_DATA/Multimodal_Data/Cat1/opposite/bag_files/Cat1_15mph_lr_opposite_8/lidar_pcd/ns1/velodyne_points/1624828892.679397000.pcd
Cat1,15mph,lr,opposite,8,1624828892.881108000,ns1,/media/batool/MULTIMODAL_DATA/Multimodal_Data/Cat1/opposite/bag_files/Cat1_15mph_lr_opposite_8/lidar_pcd/ns1/velodyne_points/1624828892.881108000.pcd
Cat1,15mph,lr,opposite,8,1624828892.981964000,ns1,/media/batool/MULTIMODAL_DATA/Multimodal_Data/Cat1/opposite/bag_files/Cat1_15mph_lr_opposite_8/lidar_pcd/ns1/velodyne_points/1624828892.981964000.pcd
Cat1,15mph,lr,opposite,8,1624828893.082779000,ns1,/media/batool/MULTIMODAL_DATA/Multimodal_Data/Cat1/opposite/bag_files/Cat1_15mph_lr_opposite_8/lidar_pcd/ns1/velodyne_points/1624828893.082779000.pcd
Cat1,15mph,lr,opposite,8,1624828893.183656000,ns1,/media/batool/MULTIMODAL_DATA/Multimodal_Data/Cat1/opposite/bag_files/Cat1_15mph_lr_opposite_8/lidar_pcd/ns1/velodyne_points/1624828893.183656000.pcd
Cat1,15mph,lr,opposite,8,1624828893.284500000,ns1,/media/batool/MULTIMODAL_DATA/Multimodal_Data/Cat1/opposite/bag_files/Cat1_15mph_lr_opposite_8/lidar_pcd/ns1/velodyne_points/1624828893.284500000.pcd
Cat1,15mph,lr,opposite,8,1624828893.385336000,ns1,/media/batool/MULTIMODAL_DATA/Multimodal_Data/Cat1/opposite/bag_files/Cat1_15mph_lr_opposite_8/lidar_pcd/ns1/velodyne_points/1624828893.385336000.pcd
Cat1,15mph,lr,opposite,8,1624828893.486232000,ns1,/media/batool/MULTIMODAL_DATA/Multimodal_Data/Cat1/opposite/bag_files/Cat1_15mph_lr_opposite_8/lidar_pcd/ns1/velodyne_points/1624828893.486232000.pcd
Cat1,15mph,lr,opposite,8,1624828893.587106000,ns1,/media/batool/MULTIMODAL_DATA/Multimodal_Data/Cat1/opposite/bag_files/Cat1_15mph_lr_opposite_8/lidar_pcd/ns1/velodyne_points/1624828893.587106000.pcd
Cat1,15mph,lr,opposite,8,1624828893.687937000,ns1,/media/batool/MULTIMODAL_DATA/Multimodal_Data/Cat1/opposite/bag_files/Cat1_15mph_lr_opposite_8/lidar_pcd/ns1/velodyne_points/1624828893.687937000.pcd
Cat1,15mph,lr,opposite,8,1624828893.788784000,ns1,/media/batool/MULTIMODAL_DATA/Multimodal_Data/Cat1/opposite/bag_files/Cat1_15mph_lr_opposite_8/lidar_pcd/ns1/velodyne_points/1624828893.788784000.pcd
Cat1,15mph,lr,opposite,8,1624828893.889640000,ns1,/media/batool/MULTIMODAL_DATA/Multimodal_Data/Cat1/opposite/bag_files/Cat1_15mph_lr_opposite_8/lidar_pcd/ns1/velodyne_points/1624828893.889640000.pcd
Cat1,15mph,lr,opposite,8,1624828893.990478000,ns1,/media/batool/MULTIMODAL_DATA/Multimodal_Data/Cat1/opposite/bag_files/Cat1_15mph_lr_opposite_8/lidar_pcd/ns1/velodyne_points/1624828893.990478000.pcd
Cat1,15mph,lr,opposite,8,1624828894.091336000,ns1,/media/batool/MULTIMODAL_DATA/Multimodal_Data/Cat1/opposite/bag_files/Cat1_15mph_lr_opposite_8/lidar_pcd/ns1/velodyne_points/1624828894.091336000.pcd
Cat1,15mph,lr,opposite,8,1624828894.192211000,ns1,/media/batool/MULTIMODAL_DATA/Multimodal_Data/Cat1/opposite/bag_files/Cat1_15mph_lr_opposite_8/lidar_pcd/ns1/velodyne_points/1624828894.192211000.pcd
Cat1,15mph,lr,opposite,8,1624828894.393920000,ns1,/media/batool/MULTIMODAL_DATA/Multimodal_Data/Cat1/opposite/bag_files/Cat1_15mph_lr_opposite_8/lidar_pcd/ns1/velodyne_points/1624828894.393920000.pcd
Cat1,15mph,lr,opposite,8,1624828894.494776000,ns1,/media/batool/MULTIMODAL_DATA/Multimodal_Data/Cat1/opposite/bag_files/Cat1_15mph_lr_opposite_8/lidar_pcd/ns1/velodyne_points/1624828894.494776000.pcd
Cat1,15mph,lr,opposite,8,1624828894.595677000,ns1,/media/batool/MULTIMODAL_DATA/Multimodal_Data/Cat1/opposite/bag_files/Cat1_15mph_lr_opposite_8/lidar_pcd/ns1/velodyne_points/1624828894.595677000.pcd
Cat1,15mph,lr,opposite,8,1624828894.696491000,ns1,/media/batool/MULTIMODAL_DATA/Multimodal_Data/Cat1/opposite/bag_files/Cat1_15mph_lr_opposite_8/lidar_pcd/ns1/velodyne_points/1624828894.696491000.pcd
Cat1,15mph,lr,opposite,8,1624828894.797365000,ns1,/media/batool/MULTIMODAL_DATA/Multimodal_Data/Cat1/opposite/bag_files/Cat1_15mph_lr_opposite_8/lidar_pcd/ns1/velodyne_points/1624828894.797365000.pcd
Cat1,15mph,lr,opposite,8,1624828894.898249000,ns1,/media/batool/MULTIMODAL_DATA/Multimodal_Data/Cat1/opposite/bag_files/Cat1_15mph_lr_opposite_8/lidar_pcd/ns1/velodyne_points/1624828894.898249000.pcd
Cat1,15mph,lr,opposite,8,1624828894.999092000,ns1,/media/batool/MULTIMODAL_DATA/Multimodal_Data/Cat1/opposite/bag_files/Cat1_15mph_lr_opposite_8/lidar_pcd/ns1/velodyne_points/1624828894.999092000.pcd
Cat1,15mph,lr,opposite,8,1624828895.099936000,ns1,/media/batool/MULTIMODAL_DATA/Multimodal_Data/Cat1/opposite/bag_files/Cat1_15mph_lr_opposite_8/lidar_pcd/ns1/velodyne_points/1624828895.099936000.pcd
Cat1,15mph,lr,opposite,8,1624828895.200809000,ns1,/media/batool/MULTIMODAL_DATA/Multimodal_Data/Cat1/opposite/bag_files/Cat1_15mph_lr_opposite_8/lidar_pcd/ns1/velodyne_points/1624828895.200809000.pcd
Cat1,15mph,lr,opposite,8,1624828895.301656000,ns1,/media/batool/MULTIMODAL_DATA/Multimodal_Data/Cat1/opposite/bag_files/Cat1_15mph_lr_opposite_8/lidar_pcd/ns1/velodyne_points/1624828895.301656000.pcd
Cat1,15mph,lr,opposite,8,1624828895.402492000,ns1,/media/batool/MULTIMODAL_DATA/Multimodal_Data/Cat1/opposite/bag_files/Cat1_15mph_lr_opposite_8/lidar_pcd/ns1/velodyne_points/1624828895.402492000.pcd
Cat1,15mph,lr,opposite,8,1624828895.503369000,ns1,/media/batool/MULTIMODAL_DATA/Multimodal_Data/Cat1/opposite/bag_files/Cat1_15mph_lr_opposite_8/lidar_pcd/ns1/velodyne_points/1624828895.503369000.pcd
Cat1,15mph,lr,opposite,8,1624828895.604225000,ns1,/media/batool/MULTIMODAL_DATA/Multimodal_Data/Cat1/opposite/bag_files/Cat1_15mph_lr_opposite_8/lidar_pcd/ns1/velodyne_points/1624828895.604225000.pcd
Cat1,15mph,lr,opposite,8,1624828895.705051000,ns1,/media/batool/MULTIMODAL_DATA/Multimodal_Data/Cat1/opposite/bag_files/Cat1_15mph_lr_opposite_8/lidar_pcd/ns1/velodyne_points/1624828895.705051000.pcd
Cat1,15mph,lr,opposite,8,1624828895.906814000,ns1,/media/batool/MULTIMODAL_DATA/Multimodal_Data/Cat1/opposite/bag_files/Cat1_15mph_lr_opposite_8/lidar_pcd/ns1/velodyne_points/1624828895.906814000.pcd
Cat1,15mph,lr,opposite,8,1624828896.007655000,ns1,/media/batool/MULTIMODAL_DATA/Multimodal_Data/Cat1/opposite/bag_files/Cat1_15mph_lr_opposite_8/lidar_pcd/ns1/velodyne_points/1624828896.007655000.pcd
Cat1,15mph,lr,opposite,8,1624828896.108484000,ns1,/media/batool/MULTIMODAL_DATA/Multimodal_Data/Cat1/opposite/bag_files/Cat1_15mph_lr_opposite_8/lidar_pcd/ns1/velodyne_points/1624828896.108484000.pcd
Cat1,15mph,lr,opposite,8,1624828896.209367000,ns1,/media/batool/MULTIMODAL_DATA/Multimodal_Data/Cat1/opposite/bag_files/Cat1_15mph_lr_opposite_8/lidar_pcd/ns1/velodyne_points/1624828896.209367000.pcd
Cat1,15mph,lr,opposite,8,1624828896.310209000,ns1,/media/batool/MULTIMODAL_DATA/Multimodal_Data/Cat1/opposite/bag_files/Cat1_15mph_lr_opposite_8/lidar_pcd/ns1/velodyne_points/1624828896.310209000.pcd
Cat1,15mph,lr,opposite,8,1624828896.411058000,ns1,/media/batool/MULTIMODAL_DATA/Multimodal_Data/Cat1/opposite/bag_files/Cat1_15mph_lr_opposite_8/lidar_pcd/ns1/velodyne_points/1624828896.411058000.pcd
Cat1,15mph,lr,opposite,8,1624828896.511927000,ns1,/media/batool/MULTIMODAL_DATA/Multimodal_Data/Cat1/opposite/bag_files/Cat1_15mph_lr_opposite_8/lidar_pcd/ns1/velodyne_points/1624828896.511927000.pcd
Cat1,15mph,lr,opposite,8,1624828896.612773000,ns1,/media/batool/MULTIMODAL_DATA/Multimodal_Data/Cat1/opposite/bag_files/Cat1_15mph_lr_opposite_8/lidar_pcd/ns1/velodyne_points/1624828896.612773000.pcd
Cat1,15mph,lr,opposite,8,1624828896.713654000,ns1,/media/batool/MULTIMODAL_DATA/Multimodal_Data/Cat1/opposite/bag_files/Cat1_15mph_lr_opposite_8/lidar_pcd/ns1/velodyne_points/1624828896.713654000.pcd
Cat1,15mph,lr,opposite,8,1624828896.814505000,ns1,/media/batool/MULTIMODAL_DATA/Multimodal_Data/Cat1/opposite/bag_files/Cat1_15mph_lr_opposite_8/lidar_pcd/ns1/velodyne_points/1624828896.814505000.pcd
Cat1,15mph,lr,opposite,8,1624828896.915343000,ns1,/media/batool/MULTIMODAL_DATA/Multimodal_Data/Cat1/opposite/bag_files/Cat1_15mph_lr_opposite_8/lidar_pcd/ns1/velodyne_points/1624828896.915343000.pcd
Cat1,15mph,lr,opposite,8,1624828897.016240000,ns1,/media/batool/MULTIMODAL_DATA/Multimodal_Data/Cat1/opposite/bag_files/Cat1_15mph_lr_opposite_8/lidar_pcd/ns1/velodyne_points/1624828897.016240000.pcd
Cat1,15mph,lr,opposite,8,1624828897.117095000,ns1,/media/batool/MULTIMODAL_DATA/Multimodal_Data/Cat1/opposite/bag_files/Cat1_15mph_lr_opposite_8/lidar_pcd/ns1/velodyne_points/1624828897.117095000.pcd
Cat1,15mph,lr,opposite,8,1624828897.217949000,ns1,/media/batool/MULTIMODAL_DATA/Multimodal_Data/Cat1/opposite/bag_files/Cat1_15mph_lr_opposite_8/lidar_pcd/ns1/velodyne_points/1624828897.217949000.pcd
Cat1,15mph,lr,opposite,8,1624828897.419631000,ns1,/media/batool/MULTIMODAL_DATA/Multimodal_Data/Cat1/opposite/bag_files/Cat1_15mph_lr_opposite_8/lidar_pcd/ns1/velodyne_points/1624828897.419631000.pcd
Cat1,15mph,lr,opposite,8,1624828897.520505000,ns1,/media/batool/MULTIMODAL_DATA/Multimodal_Data/Cat1/opposite/bag_files/Cat1_15mph_lr_opposite_8/lidar_pcd/ns1/velodyne_points/1624828897.520505000.pcd
Cat1,15mph,lr,opposite,8,1624828897.621345000,ns1,/media/batool/MULTIMODAL_DATA/Multimodal_Data/Cat1/opposite/bag_files/Cat1_15mph_lr_opposite_8/lidar_pcd/ns1/velodyne_points/1624828897.621345000.pcd
Cat1,15mph,lr,opposite,8,1624828897.722234000,ns1,/media/batool/MULTIMODAL_DATA/Multimodal_Data/Cat1/opposite/bag_files/Cat1_15mph_lr_opposite_8/lidar_pcd/ns1/velodyne_points/1624828897.722234000.pcd
Cat1,15mph,lr,opposite,8,1624828897.823079000,ns1,/media/batool/MULTIMODAL_DATA/Multimodal_Data/Cat1/opposite/bag_files/Cat1_15mph_lr_opposite_8/lidar_pcd/ns1/velodyne_points/1624828897.823079000.pcd
Cat1,15mph,lr,opposite,8,1624828897.923949000,ns1,/media/batool/MULTIMODAL_DATA/Multimodal_Data/Cat1/opposite/bag_files/Cat1_15mph_lr_opposite_8/lidar_pcd/ns1/velodyne_points/1624828897.923949000.pcd
Cat1,15mph,lr,opposite,8,1624828898.024792000,ns1,/media/batool/MULTIMODAL_DATA/Multimodal_Data/Cat1/opposite/bag_files/Cat1_15mph_lr_opposite_8/lidar_pcd/ns1/velodyne_points/1624828898.024792000.pcd
Cat1,15mph,lr,opposite,8,1624828898.125646000,ns1,/media/batool/MULTIMODAL_DATA/Multimodal_Data/Cat1/opposite/bag_files/Cat1_15mph_lr_opposite_8/lidar_pcd/ns1/velodyne_points/1624828898.125646000.pcd
Cat1,15mph,lr,opposite,8,1624828898.226520000,ns1,/media/batool/MULTIMODAL_DATA/Multimodal_Data/Cat1/opposite/bag_files/Cat1_15mph_lr_opposite_8/lidar_pcd/ns1/velodyne_points/1624828898.226520000.pcd
Cat1,15mph,lr,opposite,8,1624828898.327362000,ns1,/media/batool/MULTIMODAL_DATA/Multimodal_Data/Cat1/opposite/bag_files/Cat1_15mph_lr_opposite_8/lidar_pcd/ns1/velodyne_points/1624828898.327362000.pcd
Cat1,15mph,lr,opposite,8,1624828898.428234000,ns1,/media/batool/MULTIMODAL_DATA/Multimodal_Data/Cat1/opposite/bag_files/Cat1_15mph_lr_opposite_8/lidar_pcd/ns1/velodyne_points/1624828898.428234000.pcd
Cat1,15mph,lr,opposite,8,1624828898.529090000,ns1,/media/batool/MULTIMODAL_DATA/Multimodal_Data/Cat1/opposite/bag_files/Cat1_15mph_lr_opposite_8/lidar_pcd/ns1/velodyne_points/1624828898.529090000.pcd
Cat1,15mph,lr,opposite,8,1624828898.629940000,ns1,/media/batool/MULTIMODAL_DATA/Multimodal_Data/Cat1/opposite/bag_files/Cat1_15mph_lr_opposite_8/lidar_pcd/ns1/velodyne_points/1624828898.629940000.pcd
Cat1,15mph,lr,opposite,8,1624828898.730800000,ns1,/media/batool/MULTIMODAL_DATA/Multimodal_Data/Cat1/opposite/bag_files/Cat1_15mph_lr_opposite_8/lidar_pcd/ns1/velodyne_points/1624828898.730800000.pcd
Cat1,15mph,lr,opposite,8,1624828898.932528000,ns1,/media/batool/MULTIMODAL_DATA/Multimodal_Data/Cat1/opposite/bag_files/Cat1_15mph_lr_opposite_8/lidar_pcd/ns1/velodyne_points/1624828898.932528000.pcd
Cat1,15mph,lr,opposite,8,1624828899.033355000,ns1,/media/batool/MULTIMODAL_DATA/Multimodal_Data/Cat1/opposite/bag_files/Cat1_15mph_lr_opposite_8/lidar_pcd/ns1/velodyne_points/1624828899.033355000.pcd
Cat1,15mph,lr,opposite,8,1624828899.134205000,ns1,/media/batool/MULTIMODAL_DATA/Multimodal_Data/Cat1/opposite/bag_files/Cat1_15mph_lr_opposite_8/lidar_pcd/ns1/velodyne_points/1624828899.134205000.pcd
Cat1,15mph,lr,opposite,8,1624828899.235080000,ns1,/media/batool/MULTIMODAL_DATA/Multimodal_Data/Cat1/opposite/bag_files/Cat1_15mph_lr_opposite_8/lidar_pcd/ns1/velodyne_points/1624828899.235080000.pcd
Cat1,15mph,lr,opposite,8,1624828899.335907000,ns1,/media/batool/MULTIMODAL_DATA/Multimodal_Data/Cat1/opposite/bag_files/Cat1_15mph_lr_opposite_8/lidar_pcd/ns1/velodyne_points/1624828899.335907000.pcd
Cat1,15mph,lr,opposite,8,1624828899.436804000,ns1,/media/batool/MULTIMODAL_DATA/Multimodal_Data/Cat1/opposite/bag_files/Cat1_15mph_lr_opposite_8/lidar_pcd/ns1/velodyne_points/1624828899.436804000.pcd
Cat1,15mph,lr,opposite,8,1624828899.537647000,ns1,/media/batool/MULTIMODAL_DATA/Multimodal_Data/Cat1/opposite/bag_files/Cat1_15mph_lr_opposite_8/lidar_pcd/ns1/velodyne_points/1624828899.537647000.pcd
Cat1,15mph,lr,opposite,8,1624828899.638499000,ns1,/media/batool/MULTIMODAL_DATA/Multimodal_Data/Cat1/opposite/bag_files/Cat1_15mph_lr_opposite_8/lidar_pcd/ns1/velodyne_points/1624828899.638499000.pcd
Cat1,15mph,lr,opposite,8,1624828899.739338000,ns1,/media/batool/MULTIMODAL_DATA/Multimodal_Data/Cat1/opposite/bag_files/Cat1_15mph_lr_opposite_8/lidar_pcd/ns1/velodyne_points/1624828899.739338000.pcd
Cat1,15mph,lr,opposite,8,1624828899.840230000,ns1,/media/batool/MULTIMODAL_DATA/Multimodal_Data/Cat1/opposite/bag_files/Cat1_15mph_lr_opposite_8/lidar_pcd/ns1/velodyne_points/1624828899.840230000.pcd
Cat1,15mph,lr,opposite,8,1624828899.941071000,ns1,/media/batool/MULTIMODAL_DATA/Multimodal_Data/Cat1/opposite/bag_files/Cat1_15mph_lr_opposite_8/lidar_pcd/ns1/velodyne_points/1624828899.941071000.pcd
Cat1,15mph,lr,opposite,8,1624828900.041948000,ns1,/media/batool/MULTIMODAL_DATA/Multimodal_Data/Cat1/opposite/bag_files/Cat1_15mph_lr_opposite_8/lidar_pcd/ns1/velodyne_points/1624828900.041948000.pcd
Cat1,15mph,lr,opposite,8,1624828900.142788000,ns1,/media/batool/MULTIMODAL_DATA/Multimodal_Data/Cat1/opposite/bag_files/Cat1_15mph_lr_opposite_8/lidar_pcd/ns1/velodyne_points/1624828900.142788000.pcd
Cat1,15mph,lr,opposite,8,1624828900.243661000,ns1,/media/batool/MULTIMODAL_DATA/Multimodal_Data/Cat1/opposite/bag_files/Cat1_15mph_lr_opposite_8/lidar_pcd/ns1/velodyne_points/1624828900.243661000.pcd
Cat1,15mph,lr,opposite,8,1624828900.445349000,ns1,/media/batool/MULTIMODAL_DATA/Multimodal_Data/Cat1/opposite/bag_files/Cat1_15mph_lr_opposite_8/lidar_pcd/ns1/velodyne_points/1624828900.445349000.pcd
Cat1,15mph,lr,opposite,8,1624828900.546216000,ns1,/media/batool/MULTIMODAL_DATA/Multimodal_Data/Cat1/opposite/bag_files/Cat1_15mph_lr_opposite_8/lidar_pcd/ns1/velodyne_points/1624828900.546216000.pcd
Cat1,15mph,lr,opposite,8,1624828900.647086000,ns1,/media/batool/MULTIMODAL_DATA/Multimodal_Data/Cat1/opposite/bag_files/Cat1_15mph_lr_opposite_8/lidar_pcd/ns1/velodyne_points/1624828900.647086000.pcd
Cat1,15mph,lr,opposite,8,1624828900.747903000,ns1,/media/batool/MULTIMODAL_DATA/Multimodal_Data/Cat1/opposite/bag_files/Cat1_15mph_lr_opposite_8/lidar_pcd/ns1/velodyne_points/1624828900.747903000.pcd
Cat1,15mph,lr,opposite,8,1624828900.848782000,ns1,/media/batool/MULTIMODAL_DATA/Multimodal_Data/Cat1/opposite/bag_files/Cat1_15mph_lr_opposite_8/lidar_pcd/ns1/velodyne_points/1624828900.848782000.pcd
Cat1,15mph,lr,opposite,8,1624828900.949639000,ns1,/media/batool/MULTIMODAL_DATA/Multimodal_Data/Cat1/opposite/bag_files/Cat1_15mph_lr_opposite_8/lidar_pcd/ns1/velodyne_points/1624828900.949639000.pcd
Cat1,15mph,lr,opposite,8,1624828901.050503000,ns1,/media/batool/MULTIMODAL_DATA/Multimodal_Data/Cat1/opposite/bag_files/Cat1_15mph_lr_opposite_8/lidar_pcd/ns1/velodyne_points/1624828901.050503000.pcd
Cat1,15mph,lr,opposite,8,1624828901.151323000,ns1,/media/batool/MULTIMODAL_DATA/Multimodal_Data/Cat1/opposite/bag_files/Cat1_15mph_lr_opposite_8/lidar_pcd/ns1/velodyne_points/1624828901.151323000.pcd
Cat1,15mph,lr,opposite,8,1624828901.252209000,ns1,/media/batool/MULTIMODAL_DATA/Multimodal_Data/Cat1/opposite/bag_files/Cat1_15mph_lr_opposite_8/lidar_pcd/ns1/velodyne_points/1624828901.252209000.pcd
Cat1,15mph,lr,opposite,8,1624828901.353065000,ns1,/media/batool/MULTIMODAL_DATA/Multimodal_Data/Cat1/opposite/bag_files/Cat1_15mph_lr_opposite_8/lidar_pcd/ns1/velodyne_points/1624828901.353065000.pcd
Cat1,15mph,lr,opposite,8,1624828901.453934000,ns1,/media/batool/MULTIMODAL_DATA/Multimodal_Data/Cat1/opposite/bag_files/Cat1_15mph_lr_opposite_8/lidar_pcd/ns1/velodyne_points/1624828901.453934000.pcd
Cat1,15mph,lr,opposite,8,1624828901.554780000,ns1,/media/batool/MULTIMODAL_DATA/Multimodal_Data/Cat1/opposite/bag_files/Cat1_15mph_lr_opposite_8/lidar_pcd/ns1/velodyne_points/1624828901.554780000.pcd
Cat1,15mph,lr,opposite,8,1624828901.655636000,ns1,/media/batool/MULTIMODAL_DATA/Multimodal_Data/Cat1/opposite/bag_files/Cat1_15mph_lr_opposite_8/lidar_pcd/ns1/velodyne_points/1624828901.655636000.pcd
Cat1,15mph,lr,opposite,8,1624828901.756473000,ns1,/media/batool/MULTIMODAL_DATA/Multimodal_Data/Cat1/opposite/bag_files/Cat1_15mph_lr_opposite_8/lidar_pcd/ns1/velodyne_points/1624828901.756473000.pcd
Cat1,15mph,lr,opposite,8,1624828901.958222000,ns1,/media/batool/MULTIMODAL_DATA/Multimodal_Data/Cat1/opposite/bag_files/Cat1_15mph_lr_opposite_8/lidar_pcd/ns1/velodyne_points/1624828901.958222000.pcd
Cat1,15mph,lr,opposite,8,1624828902.059062000,ns1,/media/batool/MULTIMODAL_DATA/Multimodal_Data/Cat1/opposite/bag_files/Cat1_15mph_lr_opposite_8/lidar_pcd/ns1/velodyne_points/1624828902.059062000.pcd
Cat1,15mph,lr,opposite,8,1624828902.159921000,ns1,/media/batool/MULTIMODAL_DATA/Multimodal_Data/Cat1/opposite/bag_files/Cat1_15mph_lr_opposite_8/lidar_pcd/ns1/velodyne_points/1624828902.159921000.pcd
Cat1,15mph,lr,opposite,8,1624828902.260784000,ns1,/media/batool/MULTIMODAL_DATA/Multimodal_Data/Cat1/opposite/bag_files/Cat1_15mph_lr_opposite_8/lidar_pcd/ns1/velodyne_points/1624828902.260784000.pcd
Cat1,15mph,lr,opposite,8,1624828902.361641000,ns1,/media/batool/MULTIMODAL_DATA/Multimodal_Data/Cat1/opposite/bag_files/Cat1_15mph_lr_opposite_8/lidar_pcd/ns1/velodyne_points/1624828902.361641000.pcd
Cat1,15mph,lr,opposite,8,1624828902.462455000,ns1,/media/batool/MULTIMODAL_DATA/Multimodal_Data/Cat1/opposite/bag_files/Cat1_15mph_lr_opposite_8/lidar_pcd/ns1/velodyne_points/1624828902.462455000.pcd
Cat1,15mph,lr,opposite,8,1624828902.563316000,ns1,/media/batool/MULTIMODAL_DATA/Multimodal_Data/Cat1/opposite/bag_files/Cat1_15mph_lr_opposite_8/lidar_pcd/ns1/velodyne_points/1624828902.563316000.pcd
Cat1,15mph,lr,opposite,8,1624828902.664185000,ns1,/media/batool/MULTIMODAL_DATA/Multimodal_Data/Cat1/opposite/bag_files/Cat1_15mph_lr_opposite_8/lidar_pcd/ns1/velodyne_points/1624828902.664185000.pcd
Cat1,15mph,lr,opposite,8,1624828902.765043000,ns1,/media/batool/MULTIMODAL_DATA/Multimodal_Data/Cat1/opposite/bag_files/Cat1_15mph_lr_opposite_8/lidar_pcd/ns1/velodyne_points/1624828902.765043000.pcd
Cat1,15mph,lr,opposite,8,1624828902.865922000,ns1,/media/batool/MULTIMODAL_DATA/Multimodal_Data/Cat1/opposite/bag_files/Cat1_15mph_lr_opposite_8/lidar_pcd/ns1/velodyne_points/1624828902.865922000.pcd
Cat1,15mph,lr,opposite,8,1624828902.966789000,ns1,/media/batool/MULTIMODAL_DATA/Multimodal_Data/Cat1/opposite/bag_files/Cat1_15mph_lr_opposite_8/lidar_pcd/ns1/velodyne_points/1624828902.966789000.pcd
Cat1,15mph,lr,opposite,8,1624828903.067647000,ns1,/media/batool/MULTIMODAL_DATA/Multimodal_Data/Cat1/opposite/bag_files/Cat1_15mph_lr_opposite_8/lidar_pcd/ns1/velodyne_points/1624828903.067647000.pcd
Cat1,15mph,lr,opposite,8,1624828903.168507000,ns1,/media/batool/MULTIMODAL_DATA/Multimodal_Data/Cat1/opposite/bag_files/Cat1_15mph_lr_opposite_8/lidar_pcd/ns1/velodyne_points/1624828903.168507000.pcd
Cat1,15mph,lr,opposite,8,1624828903.269327000,ns1,/media/batool/MULTIMODAL_DATA/Multimodal_Data/Cat1/opposite/bag_files/Cat1_15mph_lr_opposite_8/lidar_pcd/ns1/velodyne_points/1624828903.269327000.pcd
Cat1,15mph,lr,opposite,8,1624828903.471040000,ns1,/media/batool/MULTIMODAL_DATA/Multimodal_Data/Cat1/opposite/bag_files/Cat1_15mph_lr_opposite_8/lidar_pcd/ns1/velodyne_points/1624828903.471040000.pcd
Cat1,15mph,lr,opposite,8,1624828903.571907000,ns1,/media/batool/MULTIMODAL_DATA/Multimodal_Data/Cat1/opposite/bag_files/Cat1_15mph_lr_opposite_8/lidar_pcd/ns1/velodyne_points/1624828903.571907000.pcd
Cat1,15mph,lr,opposite,8,1624828903.672757000,ns1,/media/batool/MULTIMODAL_DATA/Multimodal_Data/Cat1/opposite/bag_files/Cat1_15mph_lr_opposite_8/lidar_pcd/ns1/velodyne_points/1624828903.672757000.pcd
Cat1,15mph,lr,opposite,8,1624828903.773613000,ns1,/media/batool/MULTIMODAL_DATA/Multimodal_Data/Cat1/opposite/bag_files/Cat1_15mph_lr_opposite_8/lidar_pcd/ns1/velodyne_points/1624828903.773613000.pcd
Cat1,15mph,lr,opposite,8,1624828903.874455000,ns1,/media/batool/MULTIMODAL_DATA/Multimodal_Data/Cat1/opposite/bag_files/Cat1_15mph_lr_opposite_8/lidar_pcd/ns1/velodyne_points/1624828903.874455000.pcd
Cat1,15mph,lr,opposite,8,1624828903.975354000,ns1,/media/batool/MULTIMODAL_DATA/Multimodal_Data/Cat1/opposite/bag_files/Cat1_15mph_lr_opposite_8/lidar_pcd/ns1/velodyne_points/1624828903.975354000.pcd
Cat1,15mph,lr,opposite,8,1624828904.076221000,ns1,/media/batool/MULTIMODAL_DATA/Multimodal_Data/Cat1/opposite/bag_files/Cat1_15mph_lr_opposite_8/lidar_pcd/ns1/velodyne_points/1624828904.076221000.pcd
Cat1,15mph,lr,opposite,8,1624828904.177067000,ns1,/media/batool/MULTIMODAL_DATA/Multimodal_Data/Cat1/opposite/bag_files/Cat1_15mph_lr_opposite_8/lidar_pcd/ns1/velodyne_points/1624828904.177067000.pcd
Cat1,15mph,lr,opposite,8,1624828904.277911000,ns1,/media/batool/MULTIMODAL_DATA/Multimodal_Data/Cat1/opposite/bag_files/Cat1_15mph_lr_opposite_8/lidar_pcd/ns1/velodyne_points/1624828904.277911000.pcd
Cat1,15mph,lr,opposite,8,1624828904.378735000,ns1,/media/batool/MULTIMODAL_DATA/Multimodal_Data/Cat1/opposite/bag_files/Cat1_15mph_lr_opposite_8/lidar_pcd/ns1/velodyne_points/1624828904.378735000.pcd
Cat1,15mph,lr,opposite,8,1624828904.479617000,ns1,/media/batool/MULTIMODAL_DATA/Multimodal_Data/Cat1/opposite/bag_files/Cat1_15mph_lr_opposite_8/lidar_pcd/ns1/velodyne_points/1624828904.479617000.pcd
Cat1,15mph,lr,opposite,8,1624828904.580478000,ns1,/media/batool/MULTIMODAL_DATA/Multimodal_Data/Cat1/opposite/bag_files/Cat1_15mph_lr_opposite_8/lidar_pcd/ns1/velodyne_points/1624828904.580478000.pcd
Cat1,15mph,lr,opposite,8,1624828904.681345000,ns1,/media/batool/MULTIMODAL_DATA/Multimodal_Data/Cat1/opposite/bag_files/Cat1_15mph_lr_opposite_8/lidar_pcd/ns1/velodyne_points/1624828904.681345000.pcd
Cat1,15mph,lr,opposite,8,1624828904.782226000,ns1,/media/batool/MULTIMODAL_DATA/Multimodal_Data/Cat1/opposite/bag_files/Cat1_15mph_lr_opposite_8/lidar_pcd/ns1/velodyne_points/1624828904.782226000.pcd
Cat1,15mph,lr,opposite,8,1624828904.983888000,ns1,/media/batool/MULTIMODAL_DATA/Multimodal_Data/Cat1/opposite/bag_files/Cat1_15mph_lr_opposite_8/lidar_pcd/ns1/velodyne_points/1624828904.983888000.pcd
Cat1,15mph,lr,opposite,8,1624828905.084772000,ns1,/media/batool/MULTIMODAL_DATA/Multimodal_Data/Cat1/opposite/bag_files/Cat1_15mph_lr_opposite_8/lidar_pcd/ns1/velodyne_points/1624828905.084772000.pcd
Cat1,15mph,lr,opposite,8,1624828905.185622000,ns1,/media/batool/MULTIMODAL_DATA/Multimodal_Data/Cat1/opposite/bag_files/Cat1_15mph_lr_opposite_8/lidar_pcd/ns1/velodyne_points/1624828905.185622000.pcd
Cat1,15mph,lr,opposite,8,1624828905.286451000,ns1,/media/batool/MULTIMODAL_DATA/Multimodal_Data/Cat1/opposite/bag_files/Cat1_15mph_lr_opposite_8/lidar_pcd/ns1/velodyne_points/1624828905.286451000.pcd
Cat1,15mph,lr,opposite,8,1624828905.387298000,ns1,/media/batool/MULTIMODAL_DATA/Multimodal_Data/Cat1/opposite/bag_files/Cat1_15mph_lr_opposite_8/lidar_pcd/ns1/velodyne_points/1624828905.387298000.pcd
Cat1,15mph,lr,opposite,8,1624828905.488206000,ns1,/media/batool/MULTIMODAL_DATA/Multimodal_Data/Cat1/opposite/bag_files/Cat1_15mph_lr_opposite_8/lidar_pcd/ns1/velodyne_points/1624828905.488206000.pcd
Cat1,15mph,lr,opposite,8,1624828905.589006000,ns1,/media/batool/MULTIMODAL_DATA/Multimodal_Data/Cat1/opposite/bag_files/Cat1_15mph_lr_opposite_8/lidar_pcd/ns1/velodyne_points/1624828905.589006000.pcd
Cat1,15mph,lr,opposite,8,1624828905.689924000,ns1,/media/batool/MULTIMODAL_DATA/Multimodal_Data/Cat1/opposite/bag_files/Cat1_15mph_lr_opposite_8/lidar_pcd/ns1/velodyne_points/1624828905.689924000.pcd
Cat1,15mph,lr,opposite,8,1624828905.790765000,ns1,/media/batool/MULTIMODAL_DATA/Multimodal_Data/Cat1/opposite/bag_files/Cat1_15mph_lr_opposite_8/lidar_pcd/ns1/velodyne_points/1624828905.790765000.pcd
Cat1,15mph,lr,opposite,8,1624828905.891620000,ns1,/media/batool/MULTIMODAL_DATA/Multimodal_Data/Cat1/opposite/bag_files/Cat1_15mph_lr_opposite_8/lidar_pcd/ns1/velodyne_points/1624828905.891620000.pcd
Cat1,15mph,lr,opposite,8,1624828905.992467000,ns1,/media/batool/MULTIMODAL_DATA/Multimodal_Data/Cat1/opposite/bag_files/Cat1_15mph_lr_opposite_8/lidar_pcd/ns1/velodyne_points/1624828905.992467000.pcd
Cat1,15mph,lr,opposite,8,1624828906.093329000,ns1,/media/batool/MULTIMODAL_DATA/Multimodal_Data/Cat1/opposite/bag_files/Cat1_15mph_lr_opposite_8/lidar_pcd/ns1/velodyne_points/1624828906.093329000.pcd
Cat1,15mph,lr,opposite,8,1624828906.194209000,ns1,/media/batool/MULTIMODAL_DATA/Multimodal_Data/Cat1/opposite/bag_files/Cat1_15mph_lr_opposite_8/lidar_pcd/ns1/velodyne_points/1624828906.194209000.pcd
Cat1,15mph,lr,opposite,8,1624828906.295051000,ns1,/media/batool/MULTIMODAL_DATA/Multimodal_Data/Cat1/opposite/bag_files/Cat1_15mph_lr_opposite_8/lidar_pcd/ns1/velodyne_points/1624828906.295051000.pcd
Cat1,15mph,lr,opposite,8,1624828906.496762000,ns1,/media/batool/MULTIMODAL_DATA/Multimodal_Data/Cat1/opposite/bag_files/Cat1_15mph_lr_opposite_8/lidar_pcd/ns1/velodyne_points/1624828906.496762000.pcd
Cat1,15mph,lr,opposite,8,1624828906.597637000,ns1,/media/batool/MULTIMODAL_DATA/Multimodal_Data/Cat1/opposite/bag_files/Cat1_15mph_lr_opposite_8/lidar_pcd/ns1/velodyne_points/1624828906.597637000.pcd
Cat1,15mph,lr,opposite,8,1624828906.698457000,ns1,/media/batool/MULTIMODAL_DATA/Multimodal_Data/Cat1/opposite/bag_files/Cat1_15mph_lr_opposite_8/lidar_pcd/ns1/velodyne_points/1624828906.698457000.pcd
Cat1,15mph,lr,opposite,8,1624828906.799335000,ns1,/media/batool/MULTIMODAL_DATA/Multimodal_Data/Cat1/opposite/bag_files/Cat1_15mph_lr_opposite_8/lidar_pcd/ns1/velodyne_points/1624828906.799335000.pcd
Cat1,15mph,lr,opposite,8,1624828906.900206000,ns1,/media/batool/MULTIMODAL_DATA/Multimodal_Data/Cat1/opposite/bag_files/Cat1_15mph_lr_opposite_8/lidar_pcd/ns1/velodyne_points/1624828906.900206000.pcd
Cat1,15mph,lr,opposite,8,1624828907.001068000,ns1,/media/batool/MULTIMODAL_DATA/Multimodal_Data/Cat1/opposite/bag_files/Cat1_15mph_lr_opposite_8/lidar_pcd/ns1/velodyne_points/1624828907.001068000.pcd
Cat1,15mph,lr,opposite,8,1624828907.101919000,ns1,/media/batool/MULTIMODAL_DATA/Multimodal_Data/Cat1/opposite/bag_files/Cat1_15mph_lr_opposite_8/lidar_pcd/ns1/velodyne_points/1624828907.101919000.pcd
Cat1,15mph,lr,opposite,8,1624828907.202735000,ns1,/media/batool/MULTIMODAL_DATA/Multimodal_Data/Cat1/opposite/bag_files/Cat1_15mph_lr_opposite_8/lidar_pcd/ns1/velodyne_points/1624828907.202735000.pcd
Cat1,15mph,lr,opposite,8,1624828907.303599000,ns1,/media/batool/MULTIMODAL_DATA/Multimodal_Data/Cat1/opposite/bag_files/Cat1_15mph_lr_opposite_8/lidar_pcd/ns1/velodyne_points/1624828907.303599000.pcd
Cat1,15mph,lr,opposite,8,1624828907.404453000,ns1,/media/batool/MULTIMODAL_DATA/Multimodal_Data/Cat1/opposite/bag_files/Cat1_15mph_lr_opposite_8/lidar_pcd/ns1/velodyne_points/1624828907.404453000.pcd
Cat1,15mph,lr,opposite,8,1624828907.505293000,ns1,/media/batool/MULTIMODAL_DATA/Multimodal_Data/Cat1/opposite/bag_files/Cat1_15mph_lr_opposite_8/lidar_pcd/ns1/velodyne_points/1624828907.505293000.pcd
Cat1,15mph,lr,opposite,8,1624828907.606179000,ns1,/media/batool/MULTIMODAL_DATA/Multimodal_Data/Cat1/opposite/bag_files/Cat1_15mph_lr_opposite_8/lidar_pcd/ns1/velodyne_points/1624828907.606179000.pcd
Cat1,15mph,lr,opposite,8,1624828907.707050000,ns1,/media/batool/MULTIMODAL_DATA/Multimodal_Data/Cat1/opposite/bag_files/Cat1_15mph_lr_opposite_8/lidar_pcd/ns1/velodyne_points/1624828907.707050000.pcd
Cat1,15mph,lr,opposite,8,1624828907.807894000,ns1,/media/batool/MULTIMODAL_DATA/Multimodal_Data/Cat1/opposite/bag_files/Cat1_15mph_lr_opposite_8/lidar_pcd/ns1/velodyne_points/1624828907.807894000.pcd
Cat1,15mph,lr,opposite,8,1624828907.908780000,ns1,/media/batool/MULTIMODAL_DATA/Multimodal_Data/Cat1/opposite/bag_files/Cat1_15mph_lr_opposite_8/lidar_pcd/ns1/velodyne_points/1624828907.908780000.pcd
Cat1,15mph,lr,opposite,8,1624828908.009648000,ns1,/media/batool/MULTIMODAL_DATA/Multimodal_Data/Cat1/opposite/bag_files/Cat1_15mph_lr_opposite_8/lidar_pcd/ns1/velodyne_points/1624828908.009648000.pcd
