Category,speed,direction,lane,episode,Time header,Image_path
Cat3,15mph,lr,opposite,2,1625003688.3677297,/media/batool/MULTIMODAL_DATA/Multimodal_Data/Cat3/static_in_front/bag_files/Cat3_15mph_lr_opposite_2/camera_images/1625003688.3677297.jpg
Cat3,15mph,lr,opposite,2,1625003688.401063,/media/batool/MULTIMODAL_DATA/Multimodal_Data/Cat3/static_in_front/bag_files/Cat3_15mph_lr_opposite_2/camera_images/1625003688.401063.jpg
Cat3,15mph,lr,opposite,2,1625003688.4343963,/media/batool/MULTIMODAL_DATA/Multimodal_Data/Cat3/static_in_front/bag_files/Cat3_15mph_lr_opposite_2/camera_images/1625003688.4343963.jpg
Cat3,15mph,lr,opposite,2,1625003688.4677296,/media/batool/MULTIMODAL_DATA/Multimodal_Data/Cat3/static_in_front/bag_files/Cat3_15mph_lr_opposite_2/camera_images/1625003688.4677296.jpg
Cat3,15mph,lr,opposite,2,1625003688.5010629,/media/batool/MULTIMODAL_DATA/Multimodal_Data/Cat3/static_in_front/bag_files/Cat3_15mph_lr_opposite_2/camera_images/1625003688.5010629.jpg
Cat3,15mph,lr,opposite,2,1625003688.5343962,/media/batool/MULTIMODAL_DATA/Multimodal_Data/Cat3/static_in_front/bag_files/Cat3_15mph_lr_opposite_2/camera_images/1625003688.5343962.jpg
Cat3,15mph,lr,opposite,2,1625003688.5677295,/media/batool/MULTIMODAL_DATA/Multimodal_Data/Cat3/static_in_front/bag_files/Cat3_15mph_lr_opposite_2/camera_images/1625003688.5677295.jpg
Cat3,15mph,lr,opposite,2,1625003688.6010628,/media/batool/MULTIMODAL_DATA/Multimodal_Data/Cat3/static_in_front/bag_files/Cat3_15mph_lr_opposite_2/camera_images/1625003688.6010628.jpg
Cat3,15mph,lr,opposite,2,1625003688.634396,/media/batool/MULTIMODAL_DATA/Multimodal_Data/Cat3/static_in_front/bag_files/Cat3_15mph_lr_opposite_2/camera_images/1625003688.634396.jpg
Cat3,15mph,lr,opposite,2,1625003688.6677294,/media/batool/MULTIMODAL_DATA/Multimodal_Data/Cat3/static_in_front/bag_files/Cat3_15mph_lr_opposite_2/camera_images/1625003688.6677294.jpg
Cat3,15mph,lr,opposite,2,1625003688.7010627,/media/batool/MULTIMODAL_DATA/Multimodal_Data/Cat3/static_in_front/bag_files/Cat3_15mph_lr_opposite_2/camera_images/1625003688.7010627.jpg
Cat3,15mph,lr,opposite,2,1625003688.734396,/media/batool/MULTIMODAL_DATA/Multimodal_Data/Cat3/static_in_front/bag_files/Cat3_15mph_lr_opposite_2/camera_images/1625003688.734396.jpg
Cat3,15mph,lr,opposite,2,1625003688.7677293,/media/batool/MULTIMODAL_DATA/Multimodal_Data/Cat3/static_in_front/bag_files/Cat3_15mph_lr_opposite_2/camera_images/1625003688.7677293.jpg
Cat3,15mph,lr,opposite,2,1625003688.8010626,/media/batool/MULTIMODAL_DATA/Multimodal_Data/Cat3/static_in_front/bag_files/Cat3_15mph_lr_opposite_2/camera_images/1625003688.8010626.jpg
Cat3,15mph,lr,opposite,2,1625003688.834396,/media/batool/MULTIMODAL_DATA/Multimodal_Data/Cat3/static_in_front/bag_files/Cat3_15mph_lr_opposite_2/camera_images/1625003688.834396.jpg
Cat3,15mph,lr,opposite,2,1625003688.9010625,/media/batool/MULTIMODAL_DATA/Multimodal_Data/Cat3/static_in_front/bag_files/Cat3_15mph_lr_opposite_2/camera_images/1625003688.9010625.jpg
Cat3,15mph,lr,opposite,2,1625003688.9343958,/media/batool/MULTIMODAL_DATA/Multimodal_Data/Cat3/static_in_front/bag_files/Cat3_15mph_lr_opposite_2/camera_images/1625003688.9343958.jpg
Cat3,15mph,lr,opposite,2,1625003688.967729,/media/batool/MULTIMODAL_DATA/Multimodal_Data/Cat3/static_in_front/bag_files/Cat3_15mph_lr_opposite_2/camera_images/1625003688.967729.jpg
Cat3,15mph,lr,opposite,2,1625003689.0010624,/media/batool/MULTIMODAL_DATA/Multimodal_Data/Cat3/static_in_front/bag_files/Cat3_15mph_lr_opposite_2/camera_images/1625003689.0010624.jpg
Cat3,15mph,lr,opposite,2,1625003689.0343957,/media/batool/MULTIMODAL_DATA/Multimodal_Data/Cat3/static_in_front/bag_files/Cat3_15mph_lr_opposite_2/camera_images/1625003689.0343957.jpg
Cat3,15mph,lr,opposite,2,1625003689.067729,/media/batool/MULTIMODAL_DATA/Multimodal_Data/Cat3/static_in_front/bag_files/Cat3_15mph_lr_opposite_2/camera_images/1625003689.067729.jpg
Cat3,15mph,lr,opposite,2,1625003689.1010623,/media/batool/MULTIMODAL_DATA/Multimodal_Data/Cat3/static_in_front/bag_files/Cat3_15mph_lr_opposite_2/camera_images/1625003689.1010623.jpg
Cat3,15mph,lr,opposite,2,1625003689.1343956,/media/batool/MULTIMODAL_DATA/Multimodal_Data/Cat3/static_in_front/bag_files/Cat3_15mph_lr_opposite_2/camera_images/1625003689.1343956.jpg
Cat3,15mph,lr,opposite,2,1625003689.167729,/media/batool/MULTIMODAL_DATA/Multimodal_Data/Cat3/static_in_front/bag_files/Cat3_15mph_lr_opposite_2/camera_images/1625003689.167729.jpg
Cat3,15mph,lr,opposite,2,1625003689.2010622,/media/batool/MULTIMODAL_DATA/Multimodal_Data/Cat3/static_in_front/bag_files/Cat3_15mph_lr_opposite_2/camera_images/1625003689.2010622.jpg
Cat3,15mph,lr,opposite,2,1625003689.2343955,/media/batool/MULTIMODAL_DATA/Multimodal_Data/Cat3/static_in_front/bag_files/Cat3_15mph_lr_opposite_2/camera_images/1625003689.2343955.jpg
Cat3,15mph,lr,opposite,2,1625003689.2677288,/media/batool/MULTIMODAL_DATA/Multimodal_Data/Cat3/static_in_front/bag_files/Cat3_15mph_lr_opposite_2/camera_images/1625003689.2677288.jpg
Cat3,15mph,lr,opposite,2,1625003689.301062,/media/batool/MULTIMODAL_DATA/Multimodal_Data/Cat3/static_in_front/bag_files/Cat3_15mph_lr_opposite_2/camera_images/1625003689.301062.jpg
Cat3,15mph,lr,opposite,2,1625003689.3343954,/media/batool/MULTIMODAL_DATA/Multimodal_Data/Cat3/static_in_front/bag_files/Cat3_15mph_lr_opposite_2/camera_images/1625003689.3343954.jpg
Cat3,15mph,lr,opposite,2,1625003689.3677287,/media/batool/MULTIMODAL_DATA/Multimodal_Data/Cat3/static_in_front/bag_files/Cat3_15mph_lr_opposite_2/camera_images/1625003689.3677287.jpg
Cat3,15mph,lr,opposite,2,1625003689.4343953,/media/batool/MULTIMODAL_DATA/Multimodal_Data/Cat3/static_in_front/bag_files/Cat3_15mph_lr_opposite_2/camera_images/1625003689.4343953.jpg
Cat3,15mph,lr,opposite,2,1625003689.4677286,/media/batool/MULTIMODAL_DATA/Multimodal_Data/Cat3/static_in_front/bag_files/Cat3_15mph_lr_opposite_2/camera_images/1625003689.4677286.jpg
Cat3,15mph,lr,opposite,2,1625003689.501062,/media/batool/MULTIMODAL_DATA/Multimodal_Data/Cat3/static_in_front/bag_files/Cat3_15mph_lr_opposite_2/camera_images/1625003689.501062.jpg
Cat3,15mph,lr,opposite,2,1625003689.5343952,/media/batool/MULTIMODAL_DATA/Multimodal_Data/Cat3/static_in_front/bag_files/Cat3_15mph_lr_opposite_2/camera_images/1625003689.5343952.jpg
Cat3,15mph,lr,opposite,2,1625003689.5677285,/media/batool/MULTIMODAL_DATA/Multimodal_Data/Cat3/static_in_front/bag_files/Cat3_15mph_lr_opposite_2/camera_images/1625003689.5677285.jpg
Cat3,15mph,lr,opposite,2,1625003689.6010618,/media/batool/MULTIMODAL_DATA/Multimodal_Data/Cat3/static_in_front/bag_files/Cat3_15mph_lr_opposite_2/camera_images/1625003689.6010618.jpg
Cat3,15mph,lr,opposite,2,1625003689.6343951,/media/batool/MULTIMODAL_DATA/Multimodal_Data/Cat3/static_in_front/bag_files/Cat3_15mph_lr_opposite_2/camera_images/1625003689.6343951.jpg
Cat3,15mph,lr,opposite,2,1625003689.6677284,/media/batool/MULTIMODAL_DATA/Multimodal_Data/Cat3/static_in_front/bag_files/Cat3_15mph_lr_opposite_2/camera_images/1625003689.6677284.jpg
Cat3,15mph,lr,opposite,2,1625003689.7010617,/media/batool/MULTIMODAL_DATA/Multimodal_Data/Cat3/static_in_front/bag_files/Cat3_15mph_lr_opposite_2/camera_images/1625003689.7010617.jpg
Cat3,15mph,lr,opposite,2,1625003689.734395,/media/batool/MULTIMODAL_DATA/Multimodal_Data/Cat3/static_in_front/bag_files/Cat3_15mph_lr_opposite_2/camera_images/1625003689.734395.jpg
Cat3,15mph,lr,opposite,2,1625003689.7677283,/media/batool/MULTIMODAL_DATA/Multimodal_Data/Cat3/static_in_front/bag_files/Cat3_15mph_lr_opposite_2/camera_images/1625003689.7677283.jpg
Cat3,15mph,lr,opposite,2,1625003689.8010616,/media/batool/MULTIMODAL_DATA/Multimodal_Data/Cat3/static_in_front/bag_files/Cat3_15mph_lr_opposite_2/camera_images/1625003689.8010616.jpg
Cat3,15mph,lr,opposite,2,1625003689.834395,/media/batool/MULTIMODAL_DATA/Multimodal_Data/Cat3/static_in_front/bag_files/Cat3_15mph_lr_opposite_2/camera_images/1625003689.834395.jpg
Cat3,15mph,lr,opposite,2,1625003689.8677282,/media/batool/MULTIMODAL_DATA/Multimodal_Data/Cat3/static_in_front/bag_files/Cat3_15mph_lr_opposite_2/camera_images/1625003689.8677282.jpg
Cat3,15mph,lr,opposite,2,1625003689.9010615,/media/batool/MULTIMODAL_DATA/Multimodal_Data/Cat3/static_in_front/bag_files/Cat3_15mph_lr_opposite_2/camera_images/1625003689.9010615.jpg
Cat3,15mph,lr,opposite,2,1625003689.9677281,/media/batool/MULTIMODAL_DATA/Multimodal_Data/Cat3/static_in_front/bag_files/Cat3_15mph_lr_opposite_2/camera_images/1625003689.9677281.jpg
Cat3,15mph,lr,opposite,2,1625003690.0010614,/media/batool/MULTIMODAL_DATA/Multimodal_Data/Cat3/static_in_front/bag_files/Cat3_15mph_lr_opposite_2/camera_images/1625003690.0010614.jpg
Cat3,15mph,lr,opposite,2,1625003690.0343947,/media/batool/MULTIMODAL_DATA/Multimodal_Data/Cat3/static_in_front/bag_files/Cat3_15mph_lr_opposite_2/camera_images/1625003690.0343947.jpg
Cat3,15mph,lr,opposite,2,1625003690.067728,/media/batool/MULTIMODAL_DATA/Multimodal_Data/Cat3/static_in_front/bag_files/Cat3_15mph_lr_opposite_2/camera_images/1625003690.067728.jpg
Cat3,15mph,lr,opposite,2,1625003690.1010613,/media/batool/MULTIMODAL_DATA/Multimodal_Data/Cat3/static_in_front/bag_files/Cat3_15mph_lr_opposite_2/camera_images/1625003690.1010613.jpg
Cat3,15mph,lr,opposite,2,1625003690.1343946,/media/batool/MULTIMODAL_DATA/Multimodal_Data/Cat3/static_in_front/bag_files/Cat3_15mph_lr_opposite_2/camera_images/1625003690.1343946.jpg
Cat3,15mph,lr,opposite,2,1625003690.167728,/media/batool/MULTIMODAL_DATA/Multimodal_Data/Cat3/static_in_front/bag_files/Cat3_15mph_lr_opposite_2/camera_images/1625003690.167728.jpg
Cat3,15mph,lr,opposite,2,1625003690.2010612,/media/batool/MULTIMODAL_DATA/Multimodal_Data/Cat3/static_in_front/bag_files/Cat3_15mph_lr_opposite_2/camera_images/1625003690.2010612.jpg
Cat3,15mph,lr,opposite,2,1625003690.2343946,/media/batool/MULTIMODAL_DATA/Multimodal_Data/Cat3/static_in_front/bag_files/Cat3_15mph_lr_opposite_2/camera_images/1625003690.2343946.jpg
Cat3,15mph,lr,opposite,2,1625003690.2677279,/media/batool/MULTIMODAL_DATA/Multimodal_Data/Cat3/static_in_front/bag_files/Cat3_15mph_lr_opposite_2/camera_images/1625003690.2677279.jpg
Cat3,15mph,lr,opposite,2,1625003690.3010612,/media/batool/MULTIMODAL_DATA/Multimodal_Data/Cat3/static_in_front/bag_files/Cat3_15mph_lr_opposite_2/camera_images/1625003690.3010612.jpg
Cat3,15mph,lr,opposite,2,1625003690.3343945,/media/batool/MULTIMODAL_DATA/Multimodal_Data/Cat3/static_in_front/bag_files/Cat3_15mph_lr_opposite_2/camera_images/1625003690.3343945.jpg
Cat3,15mph,lr,opposite,2,1625003690.3677278,/media/batool/MULTIMODAL_DATA/Multimodal_Data/Cat3/static_in_front/bag_files/Cat3_15mph_lr_opposite_2/camera_images/1625003690.3677278.jpg
Cat3,15mph,lr,opposite,2,1625003690.401061,/media/batool/MULTIMODAL_DATA/Multimodal_Data/Cat3/static_in_front/bag_files/Cat3_15mph_lr_opposite_2/camera_images/1625003690.401061.jpg
Cat3,15mph,lr,opposite,2,1625003690.4343944,/media/batool/MULTIMODAL_DATA/Multimodal_Data/Cat3/static_in_front/bag_files/Cat3_15mph_lr_opposite_2/camera_images/1625003690.4343944.jpg
Cat3,15mph,lr,opposite,2,1625003688.8677292,/media/batool/MULTIMODAL_DATA/Multimodal_Data/Cat3/static_in_front/bag_files/Cat3_15mph_lr_opposite_2/camera_images/1625003688.8677292.jpg
Cat3,15mph,lr,opposite,2,1625003689.401062,/media/batool/MULTIMODAL_DATA/Multimodal_Data/Cat3/static_in_front/bag_files/Cat3_15mph_lr_opposite_2/camera_images/1625003689.401062.jpg
Cat3,15mph,lr,opposite,2,1625003689.9343948,/media/batool/MULTIMODAL_DATA/Multimodal_Data/Cat3/static_in_front/bag_files/Cat3_15mph_lr_opposite_2/camera_images/1625003689.9343948.jpg
Cat3,15mph,lr,opposite,2,1625003690.4677277,/media/batool/MULTIMODAL_DATA/Multimodal_Data/Cat3/static_in_front/bag_files/Cat3_15mph_lr_opposite_2/camera_images/1625003690.4677277.jpg
Cat3,15mph,lr,opposite,2,1625003691.0010605,/media/batool/MULTIMODAL_DATA/Multimodal_Data/Cat3/static_in_front/bag_files/Cat3_15mph_lr_opposite_2/camera_images/1625003691.0010605.jpg
Cat3,15mph,lr,opposite,2,1625003691.5343933,/media/batool/MULTIMODAL_DATA/Multimodal_Data/Cat3/static_in_front/bag_files/Cat3_15mph_lr_opposite_2/camera_images/1625003691.5343933.jpg
Cat3,15mph,lr,opposite,2,1625003692.0677261,/media/batool/MULTIMODAL_DATA/Multimodal_Data/Cat3/static_in_front/bag_files/Cat3_15mph_lr_opposite_2/camera_images/1625003692.0677261.jpg
Cat3,15mph,lr,opposite,2,1625003692.601059,/media/batool/MULTIMODAL_DATA/Multimodal_Data/Cat3/static_in_front/bag_files/Cat3_15mph_lr_opposite_2/camera_images/1625003692.601059.jpg
Cat3,15mph,lr,opposite,2,1625003693.1343918,/media/batool/MULTIMODAL_DATA/Multimodal_Data/Cat3/static_in_front/bag_files/Cat3_15mph_lr_opposite_2/camera_images/1625003693.1343918.jpg
Cat3,15mph,lr,opposite,2,1625003693.6677246,/media/batool/MULTIMODAL_DATA/Multimodal_Data/Cat3/static_in_front/bag_files/Cat3_15mph_lr_opposite_2/camera_images/1625003693.6677246.jpg
Cat3,15mph,lr,opposite,2,1625003694.2010574,/media/batool/MULTIMODAL_DATA/Multimodal_Data/Cat3/static_in_front/bag_files/Cat3_15mph_lr_opposite_2/camera_images/1625003694.2010574.jpg
Cat3,15mph,lr,opposite,2,1625003694.7343903,/media/batool/MULTIMODAL_DATA/Multimodal_Data/Cat3/static_in_front/bag_files/Cat3_15mph_lr_opposite_2/camera_images/1625003694.7343903.jpg
Cat3,15mph,lr,opposite,2,1625003695.267723,/media/batool/MULTIMODAL_DATA/Multimodal_Data/Cat3/static_in_front/bag_files/Cat3_15mph_lr_opposite_2/camera_images/1625003695.267723.jpg
Cat3,15mph,lr,opposite,2,1625003695.801056,/media/batool/MULTIMODAL_DATA/Multimodal_Data/Cat3/static_in_front/bag_files/Cat3_15mph_lr_opposite_2/camera_images/1625003695.801056.jpg
Cat3,15mph,lr,opposite,2,1625003696.3343887,/media/batool/MULTIMODAL_DATA/Multimodal_Data/Cat3/static_in_front/bag_files/Cat3_15mph_lr_opposite_2/camera_images/1625003696.3343887.jpg
Cat3,15mph,lr,opposite,2,1625003696.8677216,/media/batool/MULTIMODAL_DATA/Multimodal_Data/Cat3/static_in_front/bag_files/Cat3_15mph_lr_opposite_2/camera_images/1625003696.8677216.jpg
Cat3,15mph,lr,opposite,2,1625003697.4010544,/media/batool/MULTIMODAL_DATA/Multimodal_Data/Cat3/static_in_front/bag_files/Cat3_15mph_lr_opposite_2/camera_images/1625003697.4010544.jpg
Cat3,15mph,lr,opposite,2,1625003697.9343872,/media/batool/MULTIMODAL_DATA/Multimodal_Data/Cat3/static_in_front/bag_files/Cat3_15mph_lr_opposite_2/camera_images/1625003697.9343872.jpg
Cat3,15mph,lr,opposite,2,1625003698.46772,/media/batool/MULTIMODAL_DATA/Multimodal_Data/Cat3/static_in_front/bag_files/Cat3_15mph_lr_opposite_2/camera_images/1625003698.46772.jpg
Cat3,15mph,lr,opposite,2,1625003699.0010529,/media/batool/MULTIMODAL_DATA/Multimodal_Data/Cat3/static_in_front/bag_files/Cat3_15mph_lr_opposite_2/camera_images/1625003699.0010529.jpg
Cat3,15mph,lr,opposite,2,1625003699.5343857,/media/batool/MULTIMODAL_DATA/Multimodal_Data/Cat3/static_in_front/bag_files/Cat3_15mph_lr_opposite_2/camera_images/1625003699.5343857.jpg
Cat3,15mph,lr,opposite,2,1625003700.0677185,/media/batool/MULTIMODAL_DATA/Multimodal_Data/Cat3/static_in_front/bag_files/Cat3_15mph_lr_opposite_2/camera_images/1625003700.0677185.jpg
Cat3,15mph,lr,opposite,2,1625003700.6010513,/media/batool/MULTIMODAL_DATA/Multimodal_Data/Cat3/static_in_front/bag_files/Cat3_15mph_lr_opposite_2/camera_images/1625003700.6010513.jpg
Cat3,15mph,lr,opposite,2,1625003701.1343842,/media/batool/MULTIMODAL_DATA/Multimodal_Data/Cat3/static_in_front/bag_files/Cat3_15mph_lr_opposite_2/camera_images/1625003701.1343842.jpg
Cat3,15mph,lr,opposite,2,1625003701.667717,/media/batool/MULTIMODAL_DATA/Multimodal_Data/Cat3/static_in_front/bag_files/Cat3_15mph_lr_opposite_2/camera_images/1625003701.667717.jpg
Cat3,15mph,lr,opposite,2,1625003702.2010498,/media/batool/MULTIMODAL_DATA/Multimodal_Data/Cat3/static_in_front/bag_files/Cat3_15mph_lr_opposite_2/camera_images/1625003702.2010498.jpg
Cat3,15mph,lr,opposite,2,1625003702.7343826,/media/batool/MULTIMODAL_DATA/Multimodal_Data/Cat3/static_in_front/bag_files/Cat3_15mph_lr_opposite_2/camera_images/1625003702.7343826.jpg
Cat3,15mph,lr,opposite,2,1625003690.501061,/media/batool/MULTIMODAL_DATA/Multimodal_Data/Cat3/static_in_front/bag_files/Cat3_15mph_lr_opposite_2/camera_images/1625003690.501061.jpg
Cat3,15mph,lr,opposite,2,1625003690.5343943,/media/batool/MULTIMODAL_DATA/Multimodal_Data/Cat3/static_in_front/bag_files/Cat3_15mph_lr_opposite_2/camera_images/1625003690.5343943.jpg
Cat3,15mph,lr,opposite,2,1625003690.5677276,/media/batool/MULTIMODAL_DATA/Multimodal_Data/Cat3/static_in_front/bag_files/Cat3_15mph_lr_opposite_2/camera_images/1625003690.5677276.jpg
Cat3,15mph,lr,opposite,2,1625003690.6010609,/media/batool/MULTIMODAL_DATA/Multimodal_Data/Cat3/static_in_front/bag_files/Cat3_15mph_lr_opposite_2/camera_images/1625003690.6010609.jpg
Cat3,15mph,lr,opposite,2,1625003690.6343942,/media/batool/MULTIMODAL_DATA/Multimodal_Data/Cat3/static_in_front/bag_files/Cat3_15mph_lr_opposite_2/camera_images/1625003690.6343942.jpg
Cat3,15mph,lr,opposite,2,1625003690.6677275,/media/batool/MULTIMODAL_DATA/Multimodal_Data/Cat3/static_in_front/bag_files/Cat3_15mph_lr_opposite_2/camera_images/1625003690.6677275.jpg
Cat3,15mph,lr,opposite,2,1625003690.7010608,/media/batool/MULTIMODAL_DATA/Multimodal_Data/Cat3/static_in_front/bag_files/Cat3_15mph_lr_opposite_2/camera_images/1625003690.7010608.jpg
Cat3,15mph,lr,opposite,2,1625003690.734394,/media/batool/MULTIMODAL_DATA/Multimodal_Data/Cat3/static_in_front/bag_files/Cat3_15mph_lr_opposite_2/camera_images/1625003690.734394.jpg
Cat3,15mph,lr,opposite,2,1625003690.7677274,/media/batool/MULTIMODAL_DATA/Multimodal_Data/Cat3/static_in_front/bag_files/Cat3_15mph_lr_opposite_2/camera_images/1625003690.7677274.jpg
Cat3,15mph,lr,opposite,2,1625003690.8010607,/media/batool/MULTIMODAL_DATA/Multimodal_Data/Cat3/static_in_front/bag_files/Cat3_15mph_lr_opposite_2/camera_images/1625003690.8010607.jpg
Cat3,15mph,lr,opposite,2,1625003690.834394,/media/batool/MULTIMODAL_DATA/Multimodal_Data/Cat3/static_in_front/bag_files/Cat3_15mph_lr_opposite_2/camera_images/1625003690.834394.jpg
Cat3,15mph,lr,opposite,2,1625003690.8677273,/media/batool/MULTIMODAL_DATA/Multimodal_Data/Cat3/static_in_front/bag_files/Cat3_15mph_lr_opposite_2/camera_images/1625003690.8677273.jpg
Cat3,15mph,lr,opposite,2,1625003690.9010606,/media/batool/MULTIMODAL_DATA/Multimodal_Data/Cat3/static_in_front/bag_files/Cat3_15mph_lr_opposite_2/camera_images/1625003690.9010606.jpg
Cat3,15mph,lr,opposite,2,1625003690.934394,/media/batool/MULTIMODAL_DATA/Multimodal_Data/Cat3/static_in_front/bag_files/Cat3_15mph_lr_opposite_2/camera_images/1625003690.934394.jpg
Cat3,15mph,lr,opposite,2,1625003690.9677272,/media/batool/MULTIMODAL_DATA/Multimodal_Data/Cat3/static_in_front/bag_files/Cat3_15mph_lr_opposite_2/camera_images/1625003690.9677272.jpg
Cat3,15mph,lr,opposite,2,1625003691.0343938,/media/batool/MULTIMODAL_DATA/Multimodal_Data/Cat3/static_in_front/bag_files/Cat3_15mph_lr_opposite_2/camera_images/1625003691.0343938.jpg
Cat3,15mph,lr,opposite,2,1625003691.067727,/media/batool/MULTIMODAL_DATA/Multimodal_Data/Cat3/static_in_front/bag_files/Cat3_15mph_lr_opposite_2/camera_images/1625003691.067727.jpg
Cat3,15mph,lr,opposite,2,1625003691.1010604,/media/batool/MULTIMODAL_DATA/Multimodal_Data/Cat3/static_in_front/bag_files/Cat3_15mph_lr_opposite_2/camera_images/1625003691.1010604.jpg
Cat3,15mph,lr,opposite,2,1625003691.1343937,/media/batool/MULTIMODAL_DATA/Multimodal_Data/Cat3/static_in_front/bag_files/Cat3_15mph_lr_opposite_2/camera_images/1625003691.1343937.jpg
Cat3,15mph,lr,opposite,2,1625003691.167727,/media/batool/MULTIMODAL_DATA/Multimodal_Data/Cat3/static_in_front/bag_files/Cat3_15mph_lr_opposite_2/camera_images/1625003691.167727.jpg
Cat3,15mph,lr,opposite,2,1625003691.2010603,/media/batool/MULTIMODAL_DATA/Multimodal_Data/Cat3/static_in_front/bag_files/Cat3_15mph_lr_opposite_2/camera_images/1625003691.2010603.jpg
Cat3,15mph,lr,opposite,2,1625003691.2343936,/media/batool/MULTIMODAL_DATA/Multimodal_Data/Cat3/static_in_front/bag_files/Cat3_15mph_lr_opposite_2/camera_images/1625003691.2343936.jpg
Cat3,15mph,lr,opposite,2,1625003691.267727,/media/batool/MULTIMODAL_DATA/Multimodal_Data/Cat3/static_in_front/bag_files/Cat3_15mph_lr_opposite_2/camera_images/1625003691.267727.jpg
Cat3,15mph,lr,opposite,2,1625003691.3010602,/media/batool/MULTIMODAL_DATA/Multimodal_Data/Cat3/static_in_front/bag_files/Cat3_15mph_lr_opposite_2/camera_images/1625003691.3010602.jpg
Cat3,15mph,lr,opposite,2,1625003691.3343935,/media/batool/MULTIMODAL_DATA/Multimodal_Data/Cat3/static_in_front/bag_files/Cat3_15mph_lr_opposite_2/camera_images/1625003691.3343935.jpg
Cat3,15mph,lr,opposite,2,1625003691.3677268,/media/batool/MULTIMODAL_DATA/Multimodal_Data/Cat3/static_in_front/bag_files/Cat3_15mph_lr_opposite_2/camera_images/1625003691.3677268.jpg
Cat3,15mph,lr,opposite,2,1625003691.40106,/media/batool/MULTIMODAL_DATA/Multimodal_Data/Cat3/static_in_front/bag_files/Cat3_15mph_lr_opposite_2/camera_images/1625003691.40106.jpg
Cat3,15mph,lr,opposite,2,1625003691.4343934,/media/batool/MULTIMODAL_DATA/Multimodal_Data/Cat3/static_in_front/bag_files/Cat3_15mph_lr_opposite_2/camera_images/1625003691.4343934.jpg
Cat3,15mph,lr,opposite,2,1625003691.4677267,/media/batool/MULTIMODAL_DATA/Multimodal_Data/Cat3/static_in_front/bag_files/Cat3_15mph_lr_opposite_2/camera_images/1625003691.4677267.jpg
Cat3,15mph,lr,opposite,2,1625003691.50106,/media/batool/MULTIMODAL_DATA/Multimodal_Data/Cat3/static_in_front/bag_files/Cat3_15mph_lr_opposite_2/camera_images/1625003691.50106.jpg
Cat3,15mph,lr,opposite,2,1625003691.5677266,/media/batool/MULTIMODAL_DATA/Multimodal_Data/Cat3/static_in_front/bag_files/Cat3_15mph_lr_opposite_2/camera_images/1625003691.5677266.jpg
Cat3,15mph,lr,opposite,2,1625003691.60106,/media/batool/MULTIMODAL_DATA/Multimodal_Data/Cat3/static_in_front/bag_files/Cat3_15mph_lr_opposite_2/camera_images/1625003691.60106.jpg
Cat3,15mph,lr,opposite,2,1625003691.6343932,/media/batool/MULTIMODAL_DATA/Multimodal_Data/Cat3/static_in_front/bag_files/Cat3_15mph_lr_opposite_2/camera_images/1625003691.6343932.jpg
Cat3,15mph,lr,opposite,2,1625003691.6677265,/media/batool/MULTIMODAL_DATA/Multimodal_Data/Cat3/static_in_front/bag_files/Cat3_15mph_lr_opposite_2/camera_images/1625003691.6677265.jpg
Cat3,15mph,lr,opposite,2,1625003691.7010598,/media/batool/MULTIMODAL_DATA/Multimodal_Data/Cat3/static_in_front/bag_files/Cat3_15mph_lr_opposite_2/camera_images/1625003691.7010598.jpg
Cat3,15mph,lr,opposite,2,1625003691.7343931,/media/batool/MULTIMODAL_DATA/Multimodal_Data/Cat3/static_in_front/bag_files/Cat3_15mph_lr_opposite_2/camera_images/1625003691.7343931.jpg
Cat3,15mph,lr,opposite,2,1625003691.7677264,/media/batool/MULTIMODAL_DATA/Multimodal_Data/Cat3/static_in_front/bag_files/Cat3_15mph_lr_opposite_2/camera_images/1625003691.7677264.jpg
Cat3,15mph,lr,opposite,2,1625003691.8010597,/media/batool/MULTIMODAL_DATA/Multimodal_Data/Cat3/static_in_front/bag_files/Cat3_15mph_lr_opposite_2/camera_images/1625003691.8010597.jpg
Cat3,15mph,lr,opposite,2,1625003691.834393,/media/batool/MULTIMODAL_DATA/Multimodal_Data/Cat3/static_in_front/bag_files/Cat3_15mph_lr_opposite_2/camera_images/1625003691.834393.jpg
Cat3,15mph,lr,opposite,2,1625003691.8677263,/media/batool/MULTIMODAL_DATA/Multimodal_Data/Cat3/static_in_front/bag_files/Cat3_15mph_lr_opposite_2/camera_images/1625003691.8677263.jpg
Cat3,15mph,lr,opposite,2,1625003691.9010596,/media/batool/MULTIMODAL_DATA/Multimodal_Data/Cat3/static_in_front/bag_files/Cat3_15mph_lr_opposite_2/camera_images/1625003691.9010596.jpg
Cat3,15mph,lr,opposite,2,1625003691.934393,/media/batool/MULTIMODAL_DATA/Multimodal_Data/Cat3/static_in_front/bag_files/Cat3_15mph_lr_opposite_2/camera_images/1625003691.934393.jpg
Cat3,15mph,lr,opposite,2,1625003691.9677262,/media/batool/MULTIMODAL_DATA/Multimodal_Data/Cat3/static_in_front/bag_files/Cat3_15mph_lr_opposite_2/camera_images/1625003691.9677262.jpg
Cat3,15mph,lr,opposite,2,1625003692.0010595,/media/batool/MULTIMODAL_DATA/Multimodal_Data/Cat3/static_in_front/bag_files/Cat3_15mph_lr_opposite_2/camera_images/1625003692.0010595.jpg
Cat3,15mph,lr,opposite,2,1625003692.0343928,/media/batool/MULTIMODAL_DATA/Multimodal_Data/Cat3/static_in_front/bag_files/Cat3_15mph_lr_opposite_2/camera_images/1625003692.0343928.jpg
Cat3,15mph,lr,opposite,2,1625003692.1010594,/media/batool/MULTIMODAL_DATA/Multimodal_Data/Cat3/static_in_front/bag_files/Cat3_15mph_lr_opposite_2/camera_images/1625003692.1010594.jpg
Cat3,15mph,lr,opposite,2,1625003692.1343927,/media/batool/MULTIMODAL_DATA/Multimodal_Data/Cat3/static_in_front/bag_files/Cat3_15mph_lr_opposite_2/camera_images/1625003692.1343927.jpg
Cat3,15mph,lr,opposite,2,1625003692.167726,/media/batool/MULTIMODAL_DATA/Multimodal_Data/Cat3/static_in_front/bag_files/Cat3_15mph_lr_opposite_2/camera_images/1625003692.167726.jpg
Cat3,15mph,lr,opposite,2,1625003692.2010593,/media/batool/MULTIMODAL_DATA/Multimodal_Data/Cat3/static_in_front/bag_files/Cat3_15mph_lr_opposite_2/camera_images/1625003692.2010593.jpg
Cat3,15mph,lr,opposite,2,1625003692.2343926,/media/batool/MULTIMODAL_DATA/Multimodal_Data/Cat3/static_in_front/bag_files/Cat3_15mph_lr_opposite_2/camera_images/1625003692.2343926.jpg
Cat3,15mph,lr,opposite,2,1625003692.267726,/media/batool/MULTIMODAL_DATA/Multimodal_Data/Cat3/static_in_front/bag_files/Cat3_15mph_lr_opposite_2/camera_images/1625003692.267726.jpg
Cat3,15mph,lr,opposite,2,1625003692.3010592,/media/batool/MULTIMODAL_DATA/Multimodal_Data/Cat3/static_in_front/bag_files/Cat3_15mph_lr_opposite_2/camera_images/1625003692.3010592.jpg
Cat3,15mph,lr,opposite,2,1625003692.3343925,/media/batool/MULTIMODAL_DATA/Multimodal_Data/Cat3/static_in_front/bag_files/Cat3_15mph_lr_opposite_2/camera_images/1625003692.3343925.jpg
Cat3,15mph,lr,opposite,2,1625003692.3677258,/media/batool/MULTIMODAL_DATA/Multimodal_Data/Cat3/static_in_front/bag_files/Cat3_15mph_lr_opposite_2/camera_images/1625003692.3677258.jpg
Cat3,15mph,lr,opposite,2,1625003692.4010592,/media/batool/MULTIMODAL_DATA/Multimodal_Data/Cat3/static_in_front/bag_files/Cat3_15mph_lr_opposite_2/camera_images/1625003692.4010592.jpg
Cat3,15mph,lr,opposite,2,1625003692.4343925,/media/batool/MULTIMODAL_DATA/Multimodal_Data/Cat3/static_in_front/bag_files/Cat3_15mph_lr_opposite_2/camera_images/1625003692.4343925.jpg
Cat3,15mph,lr,opposite,2,1625003692.4677258,/media/batool/MULTIMODAL_DATA/Multimodal_Data/Cat3/static_in_front/bag_files/Cat3_15mph_lr_opposite_2/camera_images/1625003692.4677258.jpg
Cat3,15mph,lr,opposite,2,1625003692.501059,/media/batool/MULTIMODAL_DATA/Multimodal_Data/Cat3/static_in_front/bag_files/Cat3_15mph_lr_opposite_2/camera_images/1625003692.501059.jpg
Cat3,15mph,lr,opposite,2,1625003692.5343924,/media/batool/MULTIMODAL_DATA/Multimodal_Data/Cat3/static_in_front/bag_files/Cat3_15mph_lr_opposite_2/camera_images/1625003692.5343924.jpg
Cat3,15mph,lr,opposite,2,1625003692.5677257,/media/batool/MULTIMODAL_DATA/Multimodal_Data/Cat3/static_in_front/bag_files/Cat3_15mph_lr_opposite_2/camera_images/1625003692.5677257.jpg
Cat3,15mph,lr,opposite,2,1625003692.6343923,/media/batool/MULTIMODAL_DATA/Multimodal_Data/Cat3/static_in_front/bag_files/Cat3_15mph_lr_opposite_2/camera_images/1625003692.6343923.jpg
Cat3,15mph,lr,opposite,2,1625003692.6677256,/media/batool/MULTIMODAL_DATA/Multimodal_Data/Cat3/static_in_front/bag_files/Cat3_15mph_lr_opposite_2/camera_images/1625003692.6677256.jpg
Cat3,15mph,lr,opposite,2,1625003692.7010589,/media/batool/MULTIMODAL_DATA/Multimodal_Data/Cat3/static_in_front/bag_files/Cat3_15mph_lr_opposite_2/camera_images/1625003692.7010589.jpg
Cat3,15mph,lr,opposite,2,1625003692.7343922,/media/batool/MULTIMODAL_DATA/Multimodal_Data/Cat3/static_in_front/bag_files/Cat3_15mph_lr_opposite_2/camera_images/1625003692.7343922.jpg
Cat3,15mph,lr,opposite,2,1625003692.7677255,/media/batool/MULTIMODAL_DATA/Multimodal_Data/Cat3/static_in_front/bag_files/Cat3_15mph_lr_opposite_2/camera_images/1625003692.7677255.jpg
Cat3,15mph,lr,opposite,2,1625003692.8010588,/media/batool/MULTIMODAL_DATA/Multimodal_Data/Cat3/static_in_front/bag_files/Cat3_15mph_lr_opposite_2/camera_images/1625003692.8010588.jpg
Cat3,15mph,lr,opposite,2,1625003692.834392,/media/batool/MULTIMODAL_DATA/Multimodal_Data/Cat3/static_in_front/bag_files/Cat3_15mph_lr_opposite_2/camera_images/1625003692.834392.jpg
Cat3,15mph,lr,opposite,2,1625003692.8677254,/media/batool/MULTIMODAL_DATA/Multimodal_Data/Cat3/static_in_front/bag_files/Cat3_15mph_lr_opposite_2/camera_images/1625003692.8677254.jpg
Cat3,15mph,lr,opposite,2,1625003692.9010587,/media/batool/MULTIMODAL_DATA/Multimodal_Data/Cat3/static_in_front/bag_files/Cat3_15mph_lr_opposite_2/camera_images/1625003692.9010587.jpg
Cat3,15mph,lr,opposite,2,1625003692.934392,/media/batool/MULTIMODAL_DATA/Multimodal_Data/Cat3/static_in_front/bag_files/Cat3_15mph_lr_opposite_2/camera_images/1625003692.934392.jpg
Cat3,15mph,lr,opposite,2,1625003692.9677253,/media/batool/MULTIMODAL_DATA/Multimodal_Data/Cat3/static_in_front/bag_files/Cat3_15mph_lr_opposite_2/camera_images/1625003692.9677253.jpg
Cat3,15mph,lr,opposite,2,1625003693.0010586,/media/batool/MULTIMODAL_DATA/Multimodal_Data/Cat3/static_in_front/bag_files/Cat3_15mph_lr_opposite_2/camera_images/1625003693.0010586.jpg
Cat3,15mph,lr,opposite,2,1625003693.0343919,/media/batool/MULTIMODAL_DATA/Multimodal_Data/Cat3/static_in_front/bag_files/Cat3_15mph_lr_opposite_2/camera_images/1625003693.0343919.jpg
Cat3,15mph,lr,opposite,2,1625003693.0677252,/media/batool/MULTIMODAL_DATA/Multimodal_Data/Cat3/static_in_front/bag_files/Cat3_15mph_lr_opposite_2/camera_images/1625003693.0677252.jpg
Cat3,15mph,lr,opposite,2,1625003693.1010585,/media/batool/MULTIMODAL_DATA/Multimodal_Data/Cat3/static_in_front/bag_files/Cat3_15mph_lr_opposite_2/camera_images/1625003693.1010585.jpg
Cat3,15mph,lr,opposite,2,1625003693.167725,/media/batool/MULTIMODAL_DATA/Multimodal_Data/Cat3/static_in_front/bag_files/Cat3_15mph_lr_opposite_2/camera_images/1625003693.167725.jpg
Cat3,15mph,lr,opposite,2,1625003693.2010584,/media/batool/MULTIMODAL_DATA/Multimodal_Data/Cat3/static_in_front/bag_files/Cat3_15mph_lr_opposite_2/camera_images/1625003693.2010584.jpg
Cat3,15mph,lr,opposite,2,1625003693.2343917,/media/batool/MULTIMODAL_DATA/Multimodal_Data/Cat3/static_in_front/bag_files/Cat3_15mph_lr_opposite_2/camera_images/1625003693.2343917.jpg
Cat3,15mph,lr,opposite,2,1625003693.267725,/media/batool/MULTIMODAL_DATA/Multimodal_Data/Cat3/static_in_front/bag_files/Cat3_15mph_lr_opposite_2/camera_images/1625003693.267725.jpg
Cat3,15mph,lr,opposite,2,1625003693.3010583,/media/batool/MULTIMODAL_DATA/Multimodal_Data/Cat3/static_in_front/bag_files/Cat3_15mph_lr_opposite_2/camera_images/1625003693.3010583.jpg
Cat3,15mph,lr,opposite,2,1625003693.3343916,/media/batool/MULTIMODAL_DATA/Multimodal_Data/Cat3/static_in_front/bag_files/Cat3_15mph_lr_opposite_2/camera_images/1625003693.3343916.jpg
Cat3,15mph,lr,opposite,2,1625003693.367725,/media/batool/MULTIMODAL_DATA/Multimodal_Data/Cat3/static_in_front/bag_files/Cat3_15mph_lr_opposite_2/camera_images/1625003693.367725.jpg
Cat3,15mph,lr,opposite,2,1625003693.4010582,/media/batool/MULTIMODAL_DATA/Multimodal_Data/Cat3/static_in_front/bag_files/Cat3_15mph_lr_opposite_2/camera_images/1625003693.4010582.jpg
Cat3,15mph,lr,opposite,2,1625003693.4343915,/media/batool/MULTIMODAL_DATA/Multimodal_Data/Cat3/static_in_front/bag_files/Cat3_15mph_lr_opposite_2/camera_images/1625003693.4343915.jpg
Cat3,15mph,lr,opposite,2,1625003693.4677248,/media/batool/MULTIMODAL_DATA/Multimodal_Data/Cat3/static_in_front/bag_files/Cat3_15mph_lr_opposite_2/camera_images/1625003693.4677248.jpg
Cat3,15mph,lr,opposite,2,1625003693.501058,/media/batool/MULTIMODAL_DATA/Multimodal_Data/Cat3/static_in_front/bag_files/Cat3_15mph_lr_opposite_2/camera_images/1625003693.501058.jpg
Cat3,15mph,lr,opposite,2,1625003693.5343914,/media/batool/MULTIMODAL_DATA/Multimodal_Data/Cat3/static_in_front/bag_files/Cat3_15mph_lr_opposite_2/camera_images/1625003693.5343914.jpg
Cat3,15mph,lr,opposite,2,1625003693.5677247,/media/batool/MULTIMODAL_DATA/Multimodal_Data/Cat3/static_in_front/bag_files/Cat3_15mph_lr_opposite_2/camera_images/1625003693.5677247.jpg
Cat3,15mph,lr,opposite,2,1625003693.601058,/media/batool/MULTIMODAL_DATA/Multimodal_Data/Cat3/static_in_front/bag_files/Cat3_15mph_lr_opposite_2/camera_images/1625003693.601058.jpg
Cat3,15mph,lr,opposite,2,1625003693.6343913,/media/batool/MULTIMODAL_DATA/Multimodal_Data/Cat3/static_in_front/bag_files/Cat3_15mph_lr_opposite_2/camera_images/1625003693.6343913.jpg
Cat3,15mph,lr,opposite,2,1625003693.701058,/media/batool/MULTIMODAL_DATA/Multimodal_Data/Cat3/static_in_front/bag_files/Cat3_15mph_lr_opposite_2/camera_images/1625003693.701058.jpg
Cat3,15mph,lr,opposite,2,1625003693.7343912,/media/batool/MULTIMODAL_DATA/Multimodal_Data/Cat3/static_in_front/bag_files/Cat3_15mph_lr_opposite_2/camera_images/1625003693.7343912.jpg
Cat3,15mph,lr,opposite,2,1625003693.7677245,/media/batool/MULTIMODAL_DATA/Multimodal_Data/Cat3/static_in_front/bag_files/Cat3_15mph_lr_opposite_2/camera_images/1625003693.7677245.jpg
Cat3,15mph,lr,opposite,2,1625003693.8010578,/media/batool/MULTIMODAL_DATA/Multimodal_Data/Cat3/static_in_front/bag_files/Cat3_15mph_lr_opposite_2/camera_images/1625003693.8010578.jpg
Cat3,15mph,lr,opposite,2,1625003693.834391,/media/batool/MULTIMODAL_DATA/Multimodal_Data/Cat3/static_in_front/bag_files/Cat3_15mph_lr_opposite_2/camera_images/1625003693.834391.jpg
Cat3,15mph,lr,opposite,2,1625003693.8677244,/media/batool/MULTIMODAL_DATA/Multimodal_Data/Cat3/static_in_front/bag_files/Cat3_15mph_lr_opposite_2/camera_images/1625003693.8677244.jpg
Cat3,15mph,lr,opposite,2,1625003693.9010577,/media/batool/MULTIMODAL_DATA/Multimodal_Data/Cat3/static_in_front/bag_files/Cat3_15mph_lr_opposite_2/camera_images/1625003693.9010577.jpg
Cat3,15mph,lr,opposite,2,1625003693.934391,/media/batool/MULTIMODAL_DATA/Multimodal_Data/Cat3/static_in_front/bag_files/Cat3_15mph_lr_opposite_2/camera_images/1625003693.934391.jpg
Cat3,15mph,lr,opposite,2,1625003693.9677243,/media/batool/MULTIMODAL_DATA/Multimodal_Data/Cat3/static_in_front/bag_files/Cat3_15mph_lr_opposite_2/camera_images/1625003693.9677243.jpg
Cat3,15mph,lr,opposite,2,1625003694.0010576,/media/batool/MULTIMODAL_DATA/Multimodal_Data/Cat3/static_in_front/bag_files/Cat3_15mph_lr_opposite_2/camera_images/1625003694.0010576.jpg
Cat3,15mph,lr,opposite,2,1625003694.034391,/media/batool/MULTIMODAL_DATA/Multimodal_Data/Cat3/static_in_front/bag_files/Cat3_15mph_lr_opposite_2/camera_images/1625003694.034391.jpg
Cat3,15mph,lr,opposite,2,1625003694.0677242,/media/batool/MULTIMODAL_DATA/Multimodal_Data/Cat3/static_in_front/bag_files/Cat3_15mph_lr_opposite_2/camera_images/1625003694.0677242.jpg
Cat3,15mph,lr,opposite,2,1625003694.1010575,/media/batool/MULTIMODAL_DATA/Multimodal_Data/Cat3/static_in_front/bag_files/Cat3_15mph_lr_opposite_2/camera_images/1625003694.1010575.jpg
Cat3,15mph,lr,opposite,2,1625003694.1343908,/media/batool/MULTIMODAL_DATA/Multimodal_Data/Cat3/static_in_front/bag_files/Cat3_15mph_lr_opposite_2/camera_images/1625003694.1343908.jpg
Cat3,15mph,lr,opposite,2,1625003694.1677241,/media/batool/MULTIMODAL_DATA/Multimodal_Data/Cat3/static_in_front/bag_files/Cat3_15mph_lr_opposite_2/camera_images/1625003694.1677241.jpg
Cat3,15mph,lr,opposite,2,1625003694.2343907,/media/batool/MULTIMODAL_DATA/Multimodal_Data/Cat3/static_in_front/bag_files/Cat3_15mph_lr_opposite_2/camera_images/1625003694.2343907.jpg
Cat3,15mph,lr,opposite,2,1625003694.267724,/media/batool/MULTIMODAL_DATA/Multimodal_Data/Cat3/static_in_front/bag_files/Cat3_15mph_lr_opposite_2/camera_images/1625003694.267724.jpg
Cat3,15mph,lr,opposite,2,1625003694.3010573,/media/batool/MULTIMODAL_DATA/Multimodal_Data/Cat3/static_in_front/bag_files/Cat3_15mph_lr_opposite_2/camera_images/1625003694.3010573.jpg
Cat3,15mph,lr,opposite,2,1625003694.3343906,/media/batool/MULTIMODAL_DATA/Multimodal_Data/Cat3/static_in_front/bag_files/Cat3_15mph_lr_opposite_2/camera_images/1625003694.3343906.jpg
Cat3,15mph,lr,opposite,2,1625003694.367724,/media/batool/MULTIMODAL_DATA/Multimodal_Data/Cat3/static_in_front/bag_files/Cat3_15mph_lr_opposite_2/camera_images/1625003694.367724.jpg
Cat3,15mph,lr,opposite,2,1625003694.4010572,/media/batool/MULTIMODAL_DATA/Multimodal_Data/Cat3/static_in_front/bag_files/Cat3_15mph_lr_opposite_2/camera_images/1625003694.4010572.jpg
Cat3,15mph,lr,opposite,2,1625003694.4343905,/media/batool/MULTIMODAL_DATA/Multimodal_Data/Cat3/static_in_front/bag_files/Cat3_15mph_lr_opposite_2/camera_images/1625003694.4343905.jpg
Cat3,15mph,lr,opposite,2,1625003694.4677238,/media/batool/MULTIMODAL_DATA/Multimodal_Data/Cat3/static_in_front/bag_files/Cat3_15mph_lr_opposite_2/camera_images/1625003694.4677238.jpg
Cat3,15mph,lr,opposite,2,1625003694.5010571,/media/batool/MULTIMODAL_DATA/Multimodal_Data/Cat3/static_in_front/bag_files/Cat3_15mph_lr_opposite_2/camera_images/1625003694.5010571.jpg
Cat3,15mph,lr,opposite,2,1625003694.5343904,/media/batool/MULTIMODAL_DATA/Multimodal_Data/Cat3/static_in_front/bag_files/Cat3_15mph_lr_opposite_2/camera_images/1625003694.5343904.jpg
Cat3,15mph,lr,opposite,2,1625003694.5677238,/media/batool/MULTIMODAL_DATA/Multimodal_Data/Cat3/static_in_front/bag_files/Cat3_15mph_lr_opposite_2/camera_images/1625003694.5677238.jpg
Cat3,15mph,lr,opposite,2,1625003694.601057,/media/batool/MULTIMODAL_DATA/Multimodal_Data/Cat3/static_in_front/bag_files/Cat3_15mph_lr_opposite_2/camera_images/1625003694.601057.jpg
Cat3,15mph,lr,opposite,2,1625003694.6343904,/media/batool/MULTIMODAL_DATA/Multimodal_Data/Cat3/static_in_front/bag_files/Cat3_15mph_lr_opposite_2/camera_images/1625003694.6343904.jpg
Cat3,15mph,lr,opposite,2,1625003694.6677237,/media/batool/MULTIMODAL_DATA/Multimodal_Data/Cat3/static_in_front/bag_files/Cat3_15mph_lr_opposite_2/camera_images/1625003694.6677237.jpg
Cat3,15mph,lr,opposite,2,1625003694.701057,/media/batool/MULTIMODAL_DATA/Multimodal_Data/Cat3/static_in_front/bag_files/Cat3_15mph_lr_opposite_2/camera_images/1625003694.701057.jpg
Cat3,15mph,lr,opposite,2,1625003694.7677236,/media/batool/MULTIMODAL_DATA/Multimodal_Data/Cat3/static_in_front/bag_files/Cat3_15mph_lr_opposite_2/camera_images/1625003694.7677236.jpg
Cat3,15mph,lr,opposite,2,1625003694.8010569,/media/batool/MULTIMODAL_DATA/Multimodal_Data/Cat3/static_in_front/bag_files/Cat3_15mph_lr_opposite_2/camera_images/1625003694.8010569.jpg
Cat3,15mph,lr,opposite,2,1625003694.8343902,/media/batool/MULTIMODAL_DATA/Multimodal_Data/Cat3/static_in_front/bag_files/Cat3_15mph_lr_opposite_2/camera_images/1625003694.8343902.jpg
Cat3,15mph,lr,opposite,2,1625003694.8677235,/media/batool/MULTIMODAL_DATA/Multimodal_Data/Cat3/static_in_front/bag_files/Cat3_15mph_lr_opposite_2/camera_images/1625003694.8677235.jpg
Cat3,15mph,lr,opposite,2,1625003694.9010568,/media/batool/MULTIMODAL_DATA/Multimodal_Data/Cat3/static_in_front/bag_files/Cat3_15mph_lr_opposite_2/camera_images/1625003694.9010568.jpg
Cat3,15mph,lr,opposite,2,1625003694.93439,/media/batool/MULTIMODAL_DATA/Multimodal_Data/Cat3/static_in_front/bag_files/Cat3_15mph_lr_opposite_2/camera_images/1625003694.93439.jpg
Cat3,15mph,lr,opposite,2,1625003694.9677234,/media/batool/MULTIMODAL_DATA/Multimodal_Data/Cat3/static_in_front/bag_files/Cat3_15mph_lr_opposite_2/camera_images/1625003694.9677234.jpg
Cat3,15mph,lr,opposite,2,1625003695.0010567,/media/batool/MULTIMODAL_DATA/Multimodal_Data/Cat3/static_in_front/bag_files/Cat3_15mph_lr_opposite_2/camera_images/1625003695.0010567.jpg
Cat3,15mph,lr,opposite,2,1625003695.03439,/media/batool/MULTIMODAL_DATA/Multimodal_Data/Cat3/static_in_front/bag_files/Cat3_15mph_lr_opposite_2/camera_images/1625003695.03439.jpg
Cat3,15mph,lr,opposite,2,1625003695.0677233,/media/batool/MULTIMODAL_DATA/Multimodal_Data/Cat3/static_in_front/bag_files/Cat3_15mph_lr_opposite_2/camera_images/1625003695.0677233.jpg
Cat3,15mph,lr,opposite,2,1625003695.1010566,/media/batool/MULTIMODAL_DATA/Multimodal_Data/Cat3/static_in_front/bag_files/Cat3_15mph_lr_opposite_2/camera_images/1625003695.1010566.jpg
Cat3,15mph,lr,opposite,2,1625003695.1343899,/media/batool/MULTIMODAL_DATA/Multimodal_Data/Cat3/static_in_front/bag_files/Cat3_15mph_lr_opposite_2/camera_images/1625003695.1343899.jpg
Cat3,15mph,lr,opposite,2,1625003695.1677232,/media/batool/MULTIMODAL_DATA/Multimodal_Data/Cat3/static_in_front/bag_files/Cat3_15mph_lr_opposite_2/camera_images/1625003695.1677232.jpg
Cat3,15mph,lr,opposite,2,1625003695.2010565,/media/batool/MULTIMODAL_DATA/Multimodal_Data/Cat3/static_in_front/bag_files/Cat3_15mph_lr_opposite_2/camera_images/1625003695.2010565.jpg
Cat3,15mph,lr,opposite,2,1625003695.2343898,/media/batool/MULTIMODAL_DATA/Multimodal_Data/Cat3/static_in_front/bag_files/Cat3_15mph_lr_opposite_2/camera_images/1625003695.2343898.jpg
Cat3,15mph,lr,opposite,2,1625003695.3010564,/media/batool/MULTIMODAL_DATA/Multimodal_Data/Cat3/static_in_front/bag_files/Cat3_15mph_lr_opposite_2/camera_images/1625003695.3010564.jpg
Cat3,15mph,lr,opposite,2,1625003695.3343897,/media/batool/MULTIMODAL_DATA/Multimodal_Data/Cat3/static_in_front/bag_files/Cat3_15mph_lr_opposite_2/camera_images/1625003695.3343897.jpg
Cat3,15mph,lr,opposite,2,1625003695.367723,/media/batool/MULTIMODAL_DATA/Multimodal_Data/Cat3/static_in_front/bag_files/Cat3_15mph_lr_opposite_2/camera_images/1625003695.367723.jpg
Cat3,15mph,lr,opposite,2,1625003695.4010563,/media/batool/MULTIMODAL_DATA/Multimodal_Data/Cat3/static_in_front/bag_files/Cat3_15mph_lr_opposite_2/camera_images/1625003695.4010563.jpg
Cat3,15mph,lr,opposite,2,1625003695.4343896,/media/batool/MULTIMODAL_DATA/Multimodal_Data/Cat3/static_in_front/bag_files/Cat3_15mph_lr_opposite_2/camera_images/1625003695.4343896.jpg
Cat3,15mph,lr,opposite,2,1625003695.467723,/media/batool/MULTIMODAL_DATA/Multimodal_Data/Cat3/static_in_front/bag_files/Cat3_15mph_lr_opposite_2/camera_images/1625003695.467723.jpg
Cat3,15mph,lr,opposite,2,1625003695.5010562,/media/batool/MULTIMODAL_DATA/Multimodal_Data/Cat3/static_in_front/bag_files/Cat3_15mph_lr_opposite_2/camera_images/1625003695.5010562.jpg
Cat3,15mph,lr,opposite,2,1625003695.5343895,/media/batool/MULTIMODAL_DATA/Multimodal_Data/Cat3/static_in_front/bag_files/Cat3_15mph_lr_opposite_2/camera_images/1625003695.5343895.jpg
Cat3,15mph,lr,opposite,2,1625003695.5677228,/media/batool/MULTIMODAL_DATA/Multimodal_Data/Cat3/static_in_front/bag_files/Cat3_15mph_lr_opposite_2/camera_images/1625003695.5677228.jpg
Cat3,15mph,lr,opposite,2,1625003695.601056,/media/batool/MULTIMODAL_DATA/Multimodal_Data/Cat3/static_in_front/bag_files/Cat3_15mph_lr_opposite_2/camera_images/1625003695.601056.jpg
Cat3,15mph,lr,opposite,2,1625003695.6343894,/media/batool/MULTIMODAL_DATA/Multimodal_Data/Cat3/static_in_front/bag_files/Cat3_15mph_lr_opposite_2/camera_images/1625003695.6343894.jpg
Cat3,15mph,lr,opposite,2,1625003695.6677227,/media/batool/MULTIMODAL_DATA/Multimodal_Data/Cat3/static_in_front/bag_files/Cat3_15mph_lr_opposite_2/camera_images/1625003695.6677227.jpg
Cat3,15mph,lr,opposite,2,1625003695.701056,/media/batool/MULTIMODAL_DATA/Multimodal_Data/Cat3/static_in_front/bag_files/Cat3_15mph_lr_opposite_2/camera_images/1625003695.701056.jpg
Cat3,15mph,lr,opposite,2,1625003695.7343893,/media/batool/MULTIMODAL_DATA/Multimodal_Data/Cat3/static_in_front/bag_files/Cat3_15mph_lr_opposite_2/camera_images/1625003695.7343893.jpg
Cat3,15mph,lr,opposite,2,1625003695.7677226,/media/batool/MULTIMODAL_DATA/Multimodal_Data/Cat3/static_in_front/bag_files/Cat3_15mph_lr_opposite_2/camera_images/1625003695.7677226.jpg
Cat3,15mph,lr,opposite,2,1625003695.8343892,/media/batool/MULTIMODAL_DATA/Multimodal_Data/Cat3/static_in_front/bag_files/Cat3_15mph_lr_opposite_2/camera_images/1625003695.8343892.jpg
Cat3,15mph,lr,opposite,2,1625003695.8677225,/media/batool/MULTIMODAL_DATA/Multimodal_Data/Cat3/static_in_front/bag_files/Cat3_15mph_lr_opposite_2/camera_images/1625003695.8677225.jpg
Cat3,15mph,lr,opposite,2,1625003695.9010558,/media/batool/MULTIMODAL_DATA/Multimodal_Data/Cat3/static_in_front/bag_files/Cat3_15mph_lr_opposite_2/camera_images/1625003695.9010558.jpg
Cat3,15mph,lr,opposite,2,1625003695.934389,/media/batool/MULTIMODAL_DATA/Multimodal_Data/Cat3/static_in_front/bag_files/Cat3_15mph_lr_opposite_2/camera_images/1625003695.934389.jpg
Cat3,15mph,lr,opposite,2,1625003695.9677224,/media/batool/MULTIMODAL_DATA/Multimodal_Data/Cat3/static_in_front/bag_files/Cat3_15mph_lr_opposite_2/camera_images/1625003695.9677224.jpg
Cat3,15mph,lr,opposite,2,1625003696.0010557,/media/batool/MULTIMODAL_DATA/Multimodal_Data/Cat3/static_in_front/bag_files/Cat3_15mph_lr_opposite_2/camera_images/1625003696.0010557.jpg
Cat3,15mph,lr,opposite,2,1625003696.034389,/media/batool/MULTIMODAL_DATA/Multimodal_Data/Cat3/static_in_front/bag_files/Cat3_15mph_lr_opposite_2/camera_images/1625003696.034389.jpg
Cat3,15mph,lr,opposite,2,1625003696.0677223,/media/batool/MULTIMODAL_DATA/Multimodal_Data/Cat3/static_in_front/bag_files/Cat3_15mph_lr_opposite_2/camera_images/1625003696.0677223.jpg
Cat3,15mph,lr,opposite,2,1625003696.1010556,/media/batool/MULTIMODAL_DATA/Multimodal_Data/Cat3/static_in_front/bag_files/Cat3_15mph_lr_opposite_2/camera_images/1625003696.1010556.jpg
Cat3,15mph,lr,opposite,2,1625003696.134389,/media/batool/MULTIMODAL_DATA/Multimodal_Data/Cat3/static_in_front/bag_files/Cat3_15mph_lr_opposite_2/camera_images/1625003696.134389.jpg
Cat3,15mph,lr,opposite,2,1625003696.1677222,/media/batool/MULTIMODAL_DATA/Multimodal_Data/Cat3/static_in_front/bag_files/Cat3_15mph_lr_opposite_2/camera_images/1625003696.1677222.jpg
Cat3,15mph,lr,opposite,2,1625003696.2010555,/media/batool/MULTIMODAL_DATA/Multimodal_Data/Cat3/static_in_front/bag_files/Cat3_15mph_lr_opposite_2/camera_images/1625003696.2010555.jpg
Cat3,15mph,lr,opposite,2,1625003696.2343888,/media/batool/MULTIMODAL_DATA/Multimodal_Data/Cat3/static_in_front/bag_files/Cat3_15mph_lr_opposite_2/camera_images/1625003696.2343888.jpg
Cat3,15mph,lr,opposite,2,1625003696.2677221,/media/batool/MULTIMODAL_DATA/Multimodal_Data/Cat3/static_in_front/bag_files/Cat3_15mph_lr_opposite_2/camera_images/1625003696.2677221.jpg
Cat3,15mph,lr,opposite,2,1625003696.3010554,/media/batool/MULTIMODAL_DATA/Multimodal_Data/Cat3/static_in_front/bag_files/Cat3_15mph_lr_opposite_2/camera_images/1625003696.3010554.jpg
Cat3,15mph,lr,opposite,2,1625003696.367722,/media/batool/MULTIMODAL_DATA/Multimodal_Data/Cat3/static_in_front/bag_files/Cat3_15mph_lr_opposite_2/camera_images/1625003696.367722.jpg
Cat3,15mph,lr,opposite,2,1625003696.4010553,/media/batool/MULTIMODAL_DATA/Multimodal_Data/Cat3/static_in_front/bag_files/Cat3_15mph_lr_opposite_2/camera_images/1625003696.4010553.jpg
Cat3,15mph,lr,opposite,2,1625003696.4343886,/media/batool/MULTIMODAL_DATA/Multimodal_Data/Cat3/static_in_front/bag_files/Cat3_15mph_lr_opposite_2/camera_images/1625003696.4343886.jpg
Cat3,15mph,lr,opposite,2,1625003696.467722,/media/batool/MULTIMODAL_DATA/Multimodal_Data/Cat3/static_in_front/bag_files/Cat3_15mph_lr_opposite_2/camera_images/1625003696.467722.jpg
Cat3,15mph,lr,opposite,2,1625003696.5010552,/media/batool/MULTIMODAL_DATA/Multimodal_Data/Cat3/static_in_front/bag_files/Cat3_15mph_lr_opposite_2/camera_images/1625003696.5010552.jpg
Cat3,15mph,lr,opposite,2,1625003696.5343885,/media/batool/MULTIMODAL_DATA/Multimodal_Data/Cat3/static_in_front/bag_files/Cat3_15mph_lr_opposite_2/camera_images/1625003696.5343885.jpg
Cat3,15mph,lr,opposite,2,1625003696.5677218,/media/batool/MULTIMODAL_DATA/Multimodal_Data/Cat3/static_in_front/bag_files/Cat3_15mph_lr_opposite_2/camera_images/1625003696.5677218.jpg
Cat3,15mph,lr,opposite,2,1625003696.6010551,/media/batool/MULTIMODAL_DATA/Multimodal_Data/Cat3/static_in_front/bag_files/Cat3_15mph_lr_opposite_2/camera_images/1625003696.6010551.jpg
Cat3,15mph,lr,opposite,2,1625003696.6343884,/media/batool/MULTIMODAL_DATA/Multimodal_Data/Cat3/static_in_front/bag_files/Cat3_15mph_lr_opposite_2/camera_images/1625003696.6343884.jpg
Cat3,15mph,lr,opposite,2,1625003696.6677217,/media/batool/MULTIMODAL_DATA/Multimodal_Data/Cat3/static_in_front/bag_files/Cat3_15mph_lr_opposite_2/camera_images/1625003696.6677217.jpg
Cat3,15mph,lr,opposite,2,1625003696.701055,/media/batool/MULTIMODAL_DATA/Multimodal_Data/Cat3/static_in_front/bag_files/Cat3_15mph_lr_opposite_2/camera_images/1625003696.701055.jpg
Cat3,15mph,lr,opposite,2,1625003696.7343884,/media/batool/MULTIMODAL_DATA/Multimodal_Data/Cat3/static_in_front/bag_files/Cat3_15mph_lr_opposite_2/camera_images/1625003696.7343884.jpg
Cat3,15mph,lr,opposite,2,1625003696.7677217,/media/batool/MULTIMODAL_DATA/Multimodal_Data/Cat3/static_in_front/bag_files/Cat3_15mph_lr_opposite_2/camera_images/1625003696.7677217.jpg
Cat3,15mph,lr,opposite,2,1625003696.801055,/media/batool/MULTIMODAL_DATA/Multimodal_Data/Cat3/static_in_front/bag_files/Cat3_15mph_lr_opposite_2/camera_images/1625003696.801055.jpg
Cat3,15mph,lr,opposite,2,1625003696.8343883,/media/batool/MULTIMODAL_DATA/Multimodal_Data/Cat3/static_in_front/bag_files/Cat3_15mph_lr_opposite_2/camera_images/1625003696.8343883.jpg
Cat3,15mph,lr,opposite,2,1625003696.9010549,/media/batool/MULTIMODAL_DATA/Multimodal_Data/Cat3/static_in_front/bag_files/Cat3_15mph_lr_opposite_2/camera_images/1625003696.9010549.jpg
Cat3,15mph,lr,opposite,2,1625003696.9343882,/media/batool/MULTIMODAL_DATA/Multimodal_Data/Cat3/static_in_front/bag_files/Cat3_15mph_lr_opposite_2/camera_images/1625003696.9343882.jpg
Cat3,15mph,lr,opposite,2,1625003696.9677215,/media/batool/MULTIMODAL_DATA/Multimodal_Data/Cat3/static_in_front/bag_files/Cat3_15mph_lr_opposite_2/camera_images/1625003696.9677215.jpg
Cat3,15mph,lr,opposite,2,1625003697.0010548,/media/batool/MULTIMODAL_DATA/Multimodal_Data/Cat3/static_in_front/bag_files/Cat3_15mph_lr_opposite_2/camera_images/1625003697.0010548.jpg
Cat3,15mph,lr,opposite,2,1625003697.034388,/media/batool/MULTIMODAL_DATA/Multimodal_Data/Cat3/static_in_front/bag_files/Cat3_15mph_lr_opposite_2/camera_images/1625003697.034388.jpg
Cat3,15mph,lr,opposite,2,1625003697.0677214,/media/batool/MULTIMODAL_DATA/Multimodal_Data/Cat3/static_in_front/bag_files/Cat3_15mph_lr_opposite_2/camera_images/1625003697.0677214.jpg
Cat3,15mph,lr,opposite,2,1625003697.1010547,/media/batool/MULTIMODAL_DATA/Multimodal_Data/Cat3/static_in_front/bag_files/Cat3_15mph_lr_opposite_2/camera_images/1625003697.1010547.jpg
Cat3,15mph,lr,opposite,2,1625003697.134388,/media/batool/MULTIMODAL_DATA/Multimodal_Data/Cat3/static_in_front/bag_files/Cat3_15mph_lr_opposite_2/camera_images/1625003697.134388.jpg
Cat3,15mph,lr,opposite,2,1625003697.1677213,/media/batool/MULTIMODAL_DATA/Multimodal_Data/Cat3/static_in_front/bag_files/Cat3_15mph_lr_opposite_2/camera_images/1625003697.1677213.jpg
Cat3,15mph,lr,opposite,2,1625003697.2010546,/media/batool/MULTIMODAL_DATA/Multimodal_Data/Cat3/static_in_front/bag_files/Cat3_15mph_lr_opposite_2/camera_images/1625003697.2010546.jpg
Cat3,15mph,lr,opposite,2,1625003697.2343879,/media/batool/MULTIMODAL_DATA/Multimodal_Data/Cat3/static_in_front/bag_files/Cat3_15mph_lr_opposite_2/camera_images/1625003697.2343879.jpg
Cat3,15mph,lr,opposite,2,1625003697.2677212,/media/batool/MULTIMODAL_DATA/Multimodal_Data/Cat3/static_in_front/bag_files/Cat3_15mph_lr_opposite_2/camera_images/1625003697.2677212.jpg
Cat3,15mph,lr,opposite,2,1625003697.3010545,/media/batool/MULTIMODAL_DATA/Multimodal_Data/Cat3/static_in_front/bag_files/Cat3_15mph_lr_opposite_2/camera_images/1625003697.3010545.jpg
Cat3,15mph,lr,opposite,2,1625003697.3343878,/media/batool/MULTIMODAL_DATA/Multimodal_Data/Cat3/static_in_front/bag_files/Cat3_15mph_lr_opposite_2/camera_images/1625003697.3343878.jpg
Cat3,15mph,lr,opposite,2,1625003697.367721,/media/batool/MULTIMODAL_DATA/Multimodal_Data/Cat3/static_in_front/bag_files/Cat3_15mph_lr_opposite_2/camera_images/1625003697.367721.jpg
Cat3,15mph,lr,opposite,2,1625003697.4343877,/media/batool/MULTIMODAL_DATA/Multimodal_Data/Cat3/static_in_front/bag_files/Cat3_15mph_lr_opposite_2/camera_images/1625003697.4343877.jpg
Cat3,15mph,lr,opposite,2,1625003697.467721,/media/batool/MULTIMODAL_DATA/Multimodal_Data/Cat3/static_in_front/bag_files/Cat3_15mph_lr_opposite_2/camera_images/1625003697.467721.jpg
Cat3,15mph,lr,opposite,2,1625003697.5010543,/media/batool/MULTIMODAL_DATA/Multimodal_Data/Cat3/static_in_front/bag_files/Cat3_15mph_lr_opposite_2/camera_images/1625003697.5010543.jpg
Cat3,15mph,lr,opposite,2,1625003697.5343876,/media/batool/MULTIMODAL_DATA/Multimodal_Data/Cat3/static_in_front/bag_files/Cat3_15mph_lr_opposite_2/camera_images/1625003697.5343876.jpg
Cat3,15mph,lr,opposite,2,1625003697.567721,/media/batool/MULTIMODAL_DATA/Multimodal_Data/Cat3/static_in_front/bag_files/Cat3_15mph_lr_opposite_2/camera_images/1625003697.567721.jpg
Cat3,15mph,lr,opposite,2,1625003697.6010542,/media/batool/MULTIMODAL_DATA/Multimodal_Data/Cat3/static_in_front/bag_files/Cat3_15mph_lr_opposite_2/camera_images/1625003697.6010542.jpg
Cat3,15mph,lr,opposite,2,1625003697.6343875,/media/batool/MULTIMODAL_DATA/Multimodal_Data/Cat3/static_in_front/bag_files/Cat3_15mph_lr_opposite_2/camera_images/1625003697.6343875.jpg
Cat3,15mph,lr,opposite,2,1625003697.6677208,/media/batool/MULTIMODAL_DATA/Multimodal_Data/Cat3/static_in_front/bag_files/Cat3_15mph_lr_opposite_2/camera_images/1625003697.6677208.jpg
Cat3,15mph,lr,opposite,2,1625003697.701054,/media/batool/MULTIMODAL_DATA/Multimodal_Data/Cat3/static_in_front/bag_files/Cat3_15mph_lr_opposite_2/camera_images/1625003697.701054.jpg
Cat3,15mph,lr,opposite,2,1625003697.7343874,/media/batool/MULTIMODAL_DATA/Multimodal_Data/Cat3/static_in_front/bag_files/Cat3_15mph_lr_opposite_2/camera_images/1625003697.7343874.jpg
Cat3,15mph,lr,opposite,2,1625003697.7677207,/media/batool/MULTIMODAL_DATA/Multimodal_Data/Cat3/static_in_front/bag_files/Cat3_15mph_lr_opposite_2/camera_images/1625003697.7677207.jpg
Cat3,15mph,lr,opposite,2,1625003697.801054,/media/batool/MULTIMODAL_DATA/Multimodal_Data/Cat3/static_in_front/bag_files/Cat3_15mph_lr_opposite_2/camera_images/1625003697.801054.jpg
Cat3,15mph,lr,opposite,2,1625003697.8343873,/media/batool/MULTIMODAL_DATA/Multimodal_Data/Cat3/static_in_front/bag_files/Cat3_15mph_lr_opposite_2/camera_images/1625003697.8343873.jpg
Cat3,15mph,lr,opposite,2,1625003697.8677206,/media/batool/MULTIMODAL_DATA/Multimodal_Data/Cat3/static_in_front/bag_files/Cat3_15mph_lr_opposite_2/camera_images/1625003697.8677206.jpg
Cat3,15mph,lr,opposite,2,1625003697.901054,/media/batool/MULTIMODAL_DATA/Multimodal_Data/Cat3/static_in_front/bag_files/Cat3_15mph_lr_opposite_2/camera_images/1625003697.901054.jpg
Cat3,15mph,lr,opposite,2,1625003697.9677205,/media/batool/MULTIMODAL_DATA/Multimodal_Data/Cat3/static_in_front/bag_files/Cat3_15mph_lr_opposite_2/camera_images/1625003697.9677205.jpg
Cat3,15mph,lr,opposite,2,1625003698.0010538,/media/batool/MULTIMODAL_DATA/Multimodal_Data/Cat3/static_in_front/bag_files/Cat3_15mph_lr_opposite_2/camera_images/1625003698.0010538.jpg
Cat3,15mph,lr,opposite,2,1625003698.034387,/media/batool/MULTIMODAL_DATA/Multimodal_Data/Cat3/static_in_front/bag_files/Cat3_15mph_lr_opposite_2/camera_images/1625003698.034387.jpg
Cat3,15mph,lr,opposite,2,1625003698.0677204,/media/batool/MULTIMODAL_DATA/Multimodal_Data/Cat3/static_in_front/bag_files/Cat3_15mph_lr_opposite_2/camera_images/1625003698.0677204.jpg
Cat3,15mph,lr,opposite,2,1625003698.1010537,/media/batool/MULTIMODAL_DATA/Multimodal_Data/Cat3/static_in_front/bag_files/Cat3_15mph_lr_opposite_2/camera_images/1625003698.1010537.jpg
Cat3,15mph,lr,opposite,2,1625003698.134387,/media/batool/MULTIMODAL_DATA/Multimodal_Data/Cat3/static_in_front/bag_files/Cat3_15mph_lr_opposite_2/camera_images/1625003698.134387.jpg
Cat3,15mph,lr,opposite,2,1625003698.1677203,/media/batool/MULTIMODAL_DATA/Multimodal_Data/Cat3/static_in_front/bag_files/Cat3_15mph_lr_opposite_2/camera_images/1625003698.1677203.jpg
Cat3,15mph,lr,opposite,2,1625003698.2010536,/media/batool/MULTIMODAL_DATA/Multimodal_Data/Cat3/static_in_front/bag_files/Cat3_15mph_lr_opposite_2/camera_images/1625003698.2010536.jpg
Cat3,15mph,lr,opposite,2,1625003698.234387,/media/batool/MULTIMODAL_DATA/Multimodal_Data/Cat3/static_in_front/bag_files/Cat3_15mph_lr_opposite_2/camera_images/1625003698.234387.jpg
Cat3,15mph,lr,opposite,2,1625003698.2677202,/media/batool/MULTIMODAL_DATA/Multimodal_Data/Cat3/static_in_front/bag_files/Cat3_15mph_lr_opposite_2/camera_images/1625003698.2677202.jpg
Cat3,15mph,lr,opposite,2,1625003698.3010535,/media/batool/MULTIMODAL_DATA/Multimodal_Data/Cat3/static_in_front/bag_files/Cat3_15mph_lr_opposite_2/camera_images/1625003698.3010535.jpg
Cat3,15mph,lr,opposite,2,1625003698.3343868,/media/batool/MULTIMODAL_DATA/Multimodal_Data/Cat3/static_in_front/bag_files/Cat3_15mph_lr_opposite_2/camera_images/1625003698.3343868.jpg
Cat3,15mph,lr,opposite,2,1625003698.3677201,/media/batool/MULTIMODAL_DATA/Multimodal_Data/Cat3/static_in_front/bag_files/Cat3_15mph_lr_opposite_2/camera_images/1625003698.3677201.jpg
Cat3,15mph,lr,opposite,2,1625003698.4010534,/media/batool/MULTIMODAL_DATA/Multimodal_Data/Cat3/static_in_front/bag_files/Cat3_15mph_lr_opposite_2/camera_images/1625003698.4010534.jpg
Cat3,15mph,lr,opposite,2,1625003698.4343867,/media/batool/MULTIMODAL_DATA/Multimodal_Data/Cat3/static_in_front/bag_files/Cat3_15mph_lr_opposite_2/camera_images/1625003698.4343867.jpg
Cat3,15mph,lr,opposite,2,1625003698.5010533,/media/batool/MULTIMODAL_DATA/Multimodal_Data/Cat3/static_in_front/bag_files/Cat3_15mph_lr_opposite_2/camera_images/1625003698.5010533.jpg
Cat3,15mph,lr,opposite,2,1625003698.5343866,/media/batool/MULTIMODAL_DATA/Multimodal_Data/Cat3/static_in_front/bag_files/Cat3_15mph_lr_opposite_2/camera_images/1625003698.5343866.jpg
Cat3,15mph,lr,opposite,2,1625003698.56772,/media/batool/MULTIMODAL_DATA/Multimodal_Data/Cat3/static_in_front/bag_files/Cat3_15mph_lr_opposite_2/camera_images/1625003698.56772.jpg
Cat3,15mph,lr,opposite,2,1625003698.6010532,/media/batool/MULTIMODAL_DATA/Multimodal_Data/Cat3/static_in_front/bag_files/Cat3_15mph_lr_opposite_2/camera_images/1625003698.6010532.jpg
Cat3,15mph,lr,opposite,2,1625003698.6343865,/media/batool/MULTIMODAL_DATA/Multimodal_Data/Cat3/static_in_front/bag_files/Cat3_15mph_lr_opposite_2/camera_images/1625003698.6343865.jpg
Cat3,15mph,lr,opposite,2,1625003698.6677198,/media/batool/MULTIMODAL_DATA/Multimodal_Data/Cat3/static_in_front/bag_files/Cat3_15mph_lr_opposite_2/camera_images/1625003698.6677198.jpg
Cat3,15mph,lr,opposite,2,1625003698.7010531,/media/batool/MULTIMODAL_DATA/Multimodal_Data/Cat3/static_in_front/bag_files/Cat3_15mph_lr_opposite_2/camera_images/1625003698.7010531.jpg
Cat3,15mph,lr,opposite,2,1625003698.7343864,/media/batool/MULTIMODAL_DATA/Multimodal_Data/Cat3/static_in_front/bag_files/Cat3_15mph_lr_opposite_2/camera_images/1625003698.7343864.jpg
Cat3,15mph,lr,opposite,2,1625003698.7677197,/media/batool/MULTIMODAL_DATA/Multimodal_Data/Cat3/static_in_front/bag_files/Cat3_15mph_lr_opposite_2/camera_images/1625003698.7677197.jpg
Cat3,15mph,lr,opposite,2,1625003698.801053,/media/batool/MULTIMODAL_DATA/Multimodal_Data/Cat3/static_in_front/bag_files/Cat3_15mph_lr_opposite_2/camera_images/1625003698.801053.jpg
Cat3,15mph,lr,opposite,2,1625003698.8343863,/media/batool/MULTIMODAL_DATA/Multimodal_Data/Cat3/static_in_front/bag_files/Cat3_15mph_lr_opposite_2/camera_images/1625003698.8343863.jpg
Cat3,15mph,lr,opposite,2,1625003698.8677197,/media/batool/MULTIMODAL_DATA/Multimodal_Data/Cat3/static_in_front/bag_files/Cat3_15mph_lr_opposite_2/camera_images/1625003698.8677197.jpg
Cat3,15mph,lr,opposite,2,1625003698.901053,/media/batool/MULTIMODAL_DATA/Multimodal_Data/Cat3/static_in_front/bag_files/Cat3_15mph_lr_opposite_2/camera_images/1625003698.901053.jpg
Cat3,15mph,lr,opposite,2,1625003698.9343863,/media/batool/MULTIMODAL_DATA/Multimodal_Data/Cat3/static_in_front/bag_files/Cat3_15mph_lr_opposite_2/camera_images/1625003698.9343863.jpg
Cat3,15mph,lr,opposite,2,1625003698.9677196,/media/batool/MULTIMODAL_DATA/Multimodal_Data/Cat3/static_in_front/bag_files/Cat3_15mph_lr_opposite_2/camera_images/1625003698.9677196.jpg
Cat3,15mph,lr,opposite,2,1625003699.0343862,/media/batool/MULTIMODAL_DATA/Multimodal_Data/Cat3/static_in_front/bag_files/Cat3_15mph_lr_opposite_2/camera_images/1625003699.0343862.jpg
Cat3,15mph,lr,opposite,2,1625003699.0677195,/media/batool/MULTIMODAL_DATA/Multimodal_Data/Cat3/static_in_front/bag_files/Cat3_15mph_lr_opposite_2/camera_images/1625003699.0677195.jpg
Cat3,15mph,lr,opposite,2,1625003699.1010528,/media/batool/MULTIMODAL_DATA/Multimodal_Data/Cat3/static_in_front/bag_files/Cat3_15mph_lr_opposite_2/camera_images/1625003699.1010528.jpg
Cat3,15mph,lr,opposite,2,1625003699.134386,/media/batool/MULTIMODAL_DATA/Multimodal_Data/Cat3/static_in_front/bag_files/Cat3_15mph_lr_opposite_2/camera_images/1625003699.134386.jpg
Cat3,15mph,lr,opposite,2,1625003699.1677194,/media/batool/MULTIMODAL_DATA/Multimodal_Data/Cat3/static_in_front/bag_files/Cat3_15mph_lr_opposite_2/camera_images/1625003699.1677194.jpg
Cat3,15mph,lr,opposite,2,1625003699.2010527,/media/batool/MULTIMODAL_DATA/Multimodal_Data/Cat3/static_in_front/bag_files/Cat3_15mph_lr_opposite_2/camera_images/1625003699.2010527.jpg
Cat3,15mph,lr,opposite,2,1625003699.234386,/media/batool/MULTIMODAL_DATA/Multimodal_Data/Cat3/static_in_front/bag_files/Cat3_15mph_lr_opposite_2/camera_images/1625003699.234386.jpg
Cat3,15mph,lr,opposite,2,1625003699.2677193,/media/batool/MULTIMODAL_DATA/Multimodal_Data/Cat3/static_in_front/bag_files/Cat3_15mph_lr_opposite_2/camera_images/1625003699.2677193.jpg
Cat3,15mph,lr,opposite,2,1625003699.3010526,/media/batool/MULTIMODAL_DATA/Multimodal_Data/Cat3/static_in_front/bag_files/Cat3_15mph_lr_opposite_2/camera_images/1625003699.3010526.jpg
Cat3,15mph,lr,opposite,2,1625003699.3343859,/media/batool/MULTIMODAL_DATA/Multimodal_Data/Cat3/static_in_front/bag_files/Cat3_15mph_lr_opposite_2/camera_images/1625003699.3343859.jpg
Cat3,15mph,lr,opposite,2,1625003699.3677192,/media/batool/MULTIMODAL_DATA/Multimodal_Data/Cat3/static_in_front/bag_files/Cat3_15mph_lr_opposite_2/camera_images/1625003699.3677192.jpg
Cat3,15mph,lr,opposite,2,1625003699.4010525,/media/batool/MULTIMODAL_DATA/Multimodal_Data/Cat3/static_in_front/bag_files/Cat3_15mph_lr_opposite_2/camera_images/1625003699.4010525.jpg
Cat3,15mph,lr,opposite,2,1625003699.4343858,/media/batool/MULTIMODAL_DATA/Multimodal_Data/Cat3/static_in_front/bag_files/Cat3_15mph_lr_opposite_2/camera_images/1625003699.4343858.jpg
Cat3,15mph,lr,opposite,2,1625003699.467719,/media/batool/MULTIMODAL_DATA/Multimodal_Data/Cat3/static_in_front/bag_files/Cat3_15mph_lr_opposite_2/camera_images/1625003699.467719.jpg
Cat3,15mph,lr,opposite,2,1625003699.5010524,/media/batool/MULTIMODAL_DATA/Multimodal_Data/Cat3/static_in_front/bag_files/Cat3_15mph_lr_opposite_2/camera_images/1625003699.5010524.jpg
Cat3,15mph,lr,opposite,2,1625003699.567719,/media/batool/MULTIMODAL_DATA/Multimodal_Data/Cat3/static_in_front/bag_files/Cat3_15mph_lr_opposite_2/camera_images/1625003699.567719.jpg
Cat3,15mph,lr,opposite,2,1625003699.6010523,/media/batool/MULTIMODAL_DATA/Multimodal_Data/Cat3/static_in_front/bag_files/Cat3_15mph_lr_opposite_2/camera_images/1625003699.6010523.jpg
Cat3,15mph,lr,opposite,2,1625003699.6343856,/media/batool/MULTIMODAL_DATA/Multimodal_Data/Cat3/static_in_front/bag_files/Cat3_15mph_lr_opposite_2/camera_images/1625003699.6343856.jpg
Cat3,15mph,lr,opposite,2,1625003699.667719,/media/batool/MULTIMODAL_DATA/Multimodal_Data/Cat3/static_in_front/bag_files/Cat3_15mph_lr_opposite_2/camera_images/1625003699.667719.jpg
Cat3,15mph,lr,opposite,2,1625003699.7010522,/media/batool/MULTIMODAL_DATA/Multimodal_Data/Cat3/static_in_front/bag_files/Cat3_15mph_lr_opposite_2/camera_images/1625003699.7010522.jpg
Cat3,15mph,lr,opposite,2,1625003699.7343855,/media/batool/MULTIMODAL_DATA/Multimodal_Data/Cat3/static_in_front/bag_files/Cat3_15mph_lr_opposite_2/camera_images/1625003699.7343855.jpg
Cat3,15mph,lr,opposite,2,1625003699.7677188,/media/batool/MULTIMODAL_DATA/Multimodal_Data/Cat3/static_in_front/bag_files/Cat3_15mph_lr_opposite_2/camera_images/1625003699.7677188.jpg
Cat3,15mph,lr,opposite,2,1625003699.801052,/media/batool/MULTIMODAL_DATA/Multimodal_Data/Cat3/static_in_front/bag_files/Cat3_15mph_lr_opposite_2/camera_images/1625003699.801052.jpg
Cat3,15mph,lr,opposite,2,1625003699.8343854,/media/batool/MULTIMODAL_DATA/Multimodal_Data/Cat3/static_in_front/bag_files/Cat3_15mph_lr_opposite_2/camera_images/1625003699.8343854.jpg
Cat3,15mph,lr,opposite,2,1625003699.8677187,/media/batool/MULTIMODAL_DATA/Multimodal_Data/Cat3/static_in_front/bag_files/Cat3_15mph_lr_opposite_2/camera_images/1625003699.8677187.jpg
Cat3,15mph,lr,opposite,2,1625003699.901052,/media/batool/MULTIMODAL_DATA/Multimodal_Data/Cat3/static_in_front/bag_files/Cat3_15mph_lr_opposite_2/camera_images/1625003699.901052.jpg
Cat3,15mph,lr,opposite,2,1625003699.9343853,/media/batool/MULTIMODAL_DATA/Multimodal_Data/Cat3/static_in_front/bag_files/Cat3_15mph_lr_opposite_2/camera_images/1625003699.9343853.jpg
Cat3,15mph,lr,opposite,2,1625003699.9677186,/media/batool/MULTIMODAL_DATA/Multimodal_Data/Cat3/static_in_front/bag_files/Cat3_15mph_lr_opposite_2/camera_images/1625003699.9677186.jpg
Cat3,15mph,lr,opposite,2,1625003700.001052,/media/batool/MULTIMODAL_DATA/Multimodal_Data/Cat3/static_in_front/bag_files/Cat3_15mph_lr_opposite_2/camera_images/1625003700.001052.jpg
Cat3,15mph,lr,opposite,2,1625003700.0343852,/media/batool/MULTIMODAL_DATA/Multimodal_Data/Cat3/static_in_front/bag_files/Cat3_15mph_lr_opposite_2/camera_images/1625003700.0343852.jpg
Cat3,15mph,lr,opposite,2,1625003700.1010518,/media/batool/MULTIMODAL_DATA/Multimodal_Data/Cat3/static_in_front/bag_files/Cat3_15mph_lr_opposite_2/camera_images/1625003700.1010518.jpg
Cat3,15mph,lr,opposite,2,1625003700.134385,/media/batool/MULTIMODAL_DATA/Multimodal_Data/Cat3/static_in_front/bag_files/Cat3_15mph_lr_opposite_2/camera_images/1625003700.134385.jpg
Cat3,15mph,lr,opposite,2,1625003700.1677184,/media/batool/MULTIMODAL_DATA/Multimodal_Data/Cat3/static_in_front/bag_files/Cat3_15mph_lr_opposite_2/camera_images/1625003700.1677184.jpg
Cat3,15mph,lr,opposite,2,1625003700.2010517,/media/batool/MULTIMODAL_DATA/Multimodal_Data/Cat3/static_in_front/bag_files/Cat3_15mph_lr_opposite_2/camera_images/1625003700.2010517.jpg
Cat3,15mph,lr,opposite,2,1625003700.234385,/media/batool/MULTIMODAL_DATA/Multimodal_Data/Cat3/static_in_front/bag_files/Cat3_15mph_lr_opposite_2/camera_images/1625003700.234385.jpg
Cat3,15mph,lr,opposite,2,1625003700.2677183,/media/batool/MULTIMODAL_DATA/Multimodal_Data/Cat3/static_in_front/bag_files/Cat3_15mph_lr_opposite_2/camera_images/1625003700.2677183.jpg
Cat3,15mph,lr,opposite,2,1625003700.3010516,/media/batool/MULTIMODAL_DATA/Multimodal_Data/Cat3/static_in_front/bag_files/Cat3_15mph_lr_opposite_2/camera_images/1625003700.3010516.jpg
Cat3,15mph,lr,opposite,2,1625003700.334385,/media/batool/MULTIMODAL_DATA/Multimodal_Data/Cat3/static_in_front/bag_files/Cat3_15mph_lr_opposite_2/camera_images/1625003700.334385.jpg
Cat3,15mph,lr,opposite,2,1625003700.3677182,/media/batool/MULTIMODAL_DATA/Multimodal_Data/Cat3/static_in_front/bag_files/Cat3_15mph_lr_opposite_2/camera_images/1625003700.3677182.jpg
Cat3,15mph,lr,opposite,2,1625003700.4010515,/media/batool/MULTIMODAL_DATA/Multimodal_Data/Cat3/static_in_front/bag_files/Cat3_15mph_lr_opposite_2/camera_images/1625003700.4010515.jpg
Cat3,15mph,lr,opposite,2,1625003700.4343848,/media/batool/MULTIMODAL_DATA/Multimodal_Data/Cat3/static_in_front/bag_files/Cat3_15mph_lr_opposite_2/camera_images/1625003700.4343848.jpg
Cat3,15mph,lr,opposite,2,1625003700.4677181,/media/batool/MULTIMODAL_DATA/Multimodal_Data/Cat3/static_in_front/bag_files/Cat3_15mph_lr_opposite_2/camera_images/1625003700.4677181.jpg
Cat3,15mph,lr,opposite,2,1625003700.5010514,/media/batool/MULTIMODAL_DATA/Multimodal_Data/Cat3/static_in_front/bag_files/Cat3_15mph_lr_opposite_2/camera_images/1625003700.5010514.jpg
Cat3,15mph,lr,opposite,2,1625003700.5343847,/media/batool/MULTIMODAL_DATA/Multimodal_Data/Cat3/static_in_front/bag_files/Cat3_15mph_lr_opposite_2/camera_images/1625003700.5343847.jpg
Cat3,15mph,lr,opposite,2,1625003700.567718,/media/batool/MULTIMODAL_DATA/Multimodal_Data/Cat3/static_in_front/bag_files/Cat3_15mph_lr_opposite_2/camera_images/1625003700.567718.jpg
Cat3,15mph,lr,opposite,2,1625003700.6343846,/media/batool/MULTIMODAL_DATA/Multimodal_Data/Cat3/static_in_front/bag_files/Cat3_15mph_lr_opposite_2/camera_images/1625003700.6343846.jpg
Cat3,15mph,lr,opposite,2,1625003700.667718,/media/batool/MULTIMODAL_DATA/Multimodal_Data/Cat3/static_in_front/bag_files/Cat3_15mph_lr_opposite_2/camera_images/1625003700.667718.jpg
Cat3,15mph,lr,opposite,2,1625003700.7010512,/media/batool/MULTIMODAL_DATA/Multimodal_Data/Cat3/static_in_front/bag_files/Cat3_15mph_lr_opposite_2/camera_images/1625003700.7010512.jpg
Cat3,15mph,lr,opposite,2,1625003700.7343845,/media/batool/MULTIMODAL_DATA/Multimodal_Data/Cat3/static_in_front/bag_files/Cat3_15mph_lr_opposite_2/camera_images/1625003700.7343845.jpg
Cat3,15mph,lr,opposite,2,1625003700.7677178,/media/batool/MULTIMODAL_DATA/Multimodal_Data/Cat3/static_in_front/bag_files/Cat3_15mph_lr_opposite_2/camera_images/1625003700.7677178.jpg
Cat3,15mph,lr,opposite,2,1625003700.8010511,/media/batool/MULTIMODAL_DATA/Multimodal_Data/Cat3/static_in_front/bag_files/Cat3_15mph_lr_opposite_2/camera_images/1625003700.8010511.jpg
Cat3,15mph,lr,opposite,2,1625003700.8343844,/media/batool/MULTIMODAL_DATA/Multimodal_Data/Cat3/static_in_front/bag_files/Cat3_15mph_lr_opposite_2/camera_images/1625003700.8343844.jpg
Cat3,15mph,lr,opposite,2,1625003700.8677177,/media/batool/MULTIMODAL_DATA/Multimodal_Data/Cat3/static_in_front/bag_files/Cat3_15mph_lr_opposite_2/camera_images/1625003700.8677177.jpg
Cat3,15mph,lr,opposite,2,1625003700.901051,/media/batool/MULTIMODAL_DATA/Multimodal_Data/Cat3/static_in_front/bag_files/Cat3_15mph_lr_opposite_2/camera_images/1625003700.901051.jpg
Cat3,15mph,lr,opposite,2,1625003700.9343843,/media/batool/MULTIMODAL_DATA/Multimodal_Data/Cat3/static_in_front/bag_files/Cat3_15mph_lr_opposite_2/camera_images/1625003700.9343843.jpg
Cat3,15mph,lr,opposite,2,1625003700.9677176,/media/batool/MULTIMODAL_DATA/Multimodal_Data/Cat3/static_in_front/bag_files/Cat3_15mph_lr_opposite_2/camera_images/1625003700.9677176.jpg
Cat3,15mph,lr,opposite,2,1625003701.001051,/media/batool/MULTIMODAL_DATA/Multimodal_Data/Cat3/static_in_front/bag_files/Cat3_15mph_lr_opposite_2/camera_images/1625003701.001051.jpg
Cat3,15mph,lr,opposite,2,1625003701.0343843,/media/batool/MULTIMODAL_DATA/Multimodal_Data/Cat3/static_in_front/bag_files/Cat3_15mph_lr_opposite_2/camera_images/1625003701.0343843.jpg
Cat3,15mph,lr,opposite,2,1625003701.0677176,/media/batool/MULTIMODAL_DATA/Multimodal_Data/Cat3/static_in_front/bag_files/Cat3_15mph_lr_opposite_2/camera_images/1625003701.0677176.jpg
Cat3,15mph,lr,opposite,2,1625003701.1010509,/media/batool/MULTIMODAL_DATA/Multimodal_Data/Cat3/static_in_front/bag_files/Cat3_15mph_lr_opposite_2/camera_images/1625003701.1010509.jpg
Cat3,15mph,lr,opposite,2,1625003701.1677175,/media/batool/MULTIMODAL_DATA/Multimodal_Data/Cat3/static_in_front/bag_files/Cat3_15mph_lr_opposite_2/camera_images/1625003701.1677175.jpg
Cat3,15mph,lr,opposite,2,1625003701.2010508,/media/batool/MULTIMODAL_DATA/Multimodal_Data/Cat3/static_in_front/bag_files/Cat3_15mph_lr_opposite_2/camera_images/1625003701.2010508.jpg
Cat3,15mph,lr,opposite,2,1625003701.234384,/media/batool/MULTIMODAL_DATA/Multimodal_Data/Cat3/static_in_front/bag_files/Cat3_15mph_lr_opposite_2/camera_images/1625003701.234384.jpg
Cat3,15mph,lr,opposite,2,1625003701.2677174,/media/batool/MULTIMODAL_DATA/Multimodal_Data/Cat3/static_in_front/bag_files/Cat3_15mph_lr_opposite_2/camera_images/1625003701.2677174.jpg
Cat3,15mph,lr,opposite,2,1625003701.3010507,/media/batool/MULTIMODAL_DATA/Multimodal_Data/Cat3/static_in_front/bag_files/Cat3_15mph_lr_opposite_2/camera_images/1625003701.3010507.jpg
Cat3,15mph,lr,opposite,2,1625003701.334384,/media/batool/MULTIMODAL_DATA/Multimodal_Data/Cat3/static_in_front/bag_files/Cat3_15mph_lr_opposite_2/camera_images/1625003701.334384.jpg
Cat3,15mph,lr,opposite,2,1625003701.3677173,/media/batool/MULTIMODAL_DATA/Multimodal_Data/Cat3/static_in_front/bag_files/Cat3_15mph_lr_opposite_2/camera_images/1625003701.3677173.jpg
Cat3,15mph,lr,opposite,2,1625003701.4010506,/media/batool/MULTIMODAL_DATA/Multimodal_Data/Cat3/static_in_front/bag_files/Cat3_15mph_lr_opposite_2/camera_images/1625003701.4010506.jpg
Cat3,15mph,lr,opposite,2,1625003701.4343839,/media/batool/MULTIMODAL_DATA/Multimodal_Data/Cat3/static_in_front/bag_files/Cat3_15mph_lr_opposite_2/camera_images/1625003701.4343839.jpg
Cat3,15mph,lr,opposite,2,1625003701.4677172,/media/batool/MULTIMODAL_DATA/Multimodal_Data/Cat3/static_in_front/bag_files/Cat3_15mph_lr_opposite_2/camera_images/1625003701.4677172.jpg
Cat3,15mph,lr,opposite,2,1625003701.5010505,/media/batool/MULTIMODAL_DATA/Multimodal_Data/Cat3/static_in_front/bag_files/Cat3_15mph_lr_opposite_2/camera_images/1625003701.5010505.jpg
Cat3,15mph,lr,opposite,2,1625003701.5343838,/media/batool/MULTIMODAL_DATA/Multimodal_Data/Cat3/static_in_front/bag_files/Cat3_15mph_lr_opposite_2/camera_images/1625003701.5343838.jpg
Cat3,15mph,lr,opposite,2,1625003701.567717,/media/batool/MULTIMODAL_DATA/Multimodal_Data/Cat3/static_in_front/bag_files/Cat3_15mph_lr_opposite_2/camera_images/1625003701.567717.jpg
Cat3,15mph,lr,opposite,2,1625003701.6010504,/media/batool/MULTIMODAL_DATA/Multimodal_Data/Cat3/static_in_front/bag_files/Cat3_15mph_lr_opposite_2/camera_images/1625003701.6010504.jpg
Cat3,15mph,lr,opposite,2,1625003701.6343837,/media/batool/MULTIMODAL_DATA/Multimodal_Data/Cat3/static_in_front/bag_files/Cat3_15mph_lr_opposite_2/camera_images/1625003701.6343837.jpg
Cat3,15mph,lr,opposite,2,1625003701.7010503,/media/batool/MULTIMODAL_DATA/Multimodal_Data/Cat3/static_in_front/bag_files/Cat3_15mph_lr_opposite_2/camera_images/1625003701.7010503.jpg
Cat3,15mph,lr,opposite,2,1625003701.7343836,/media/batool/MULTIMODAL_DATA/Multimodal_Data/Cat3/static_in_front/bag_files/Cat3_15mph_lr_opposite_2/camera_images/1625003701.7343836.jpg
Cat3,15mph,lr,opposite,2,1625003701.767717,/media/batool/MULTIMODAL_DATA/Multimodal_Data/Cat3/static_in_front/bag_files/Cat3_15mph_lr_opposite_2/camera_images/1625003701.767717.jpg
Cat3,15mph,lr,opposite,2,1625003701.8010502,/media/batool/MULTIMODAL_DATA/Multimodal_Data/Cat3/static_in_front/bag_files/Cat3_15mph_lr_opposite_2/camera_images/1625003701.8010502.jpg
Cat3,15mph,lr,opposite,2,1625003701.8343835,/media/batool/MULTIMODAL_DATA/Multimodal_Data/Cat3/static_in_front/bag_files/Cat3_15mph_lr_opposite_2/camera_images/1625003701.8343835.jpg
Cat3,15mph,lr,opposite,2,1625003701.8677168,/media/batool/MULTIMODAL_DATA/Multimodal_Data/Cat3/static_in_front/bag_files/Cat3_15mph_lr_opposite_2/camera_images/1625003701.8677168.jpg
Cat3,15mph,lr,opposite,2,1625003701.90105,/media/batool/MULTIMODAL_DATA/Multimodal_Data/Cat3/static_in_front/bag_files/Cat3_15mph_lr_opposite_2/camera_images/1625003701.90105.jpg
Cat3,15mph,lr,opposite,2,1625003701.9343834,/media/batool/MULTIMODAL_DATA/Multimodal_Data/Cat3/static_in_front/bag_files/Cat3_15mph_lr_opposite_2/camera_images/1625003701.9343834.jpg
Cat3,15mph,lr,opposite,2,1625003701.9677167,/media/batool/MULTIMODAL_DATA/Multimodal_Data/Cat3/static_in_front/bag_files/Cat3_15mph_lr_opposite_2/camera_images/1625003701.9677167.jpg
Cat3,15mph,lr,opposite,2,1625003702.00105,/media/batool/MULTIMODAL_DATA/Multimodal_Data/Cat3/static_in_front/bag_files/Cat3_15mph_lr_opposite_2/camera_images/1625003702.00105.jpg
Cat3,15mph,lr,opposite,2,1625003702.0343833,/media/batool/MULTIMODAL_DATA/Multimodal_Data/Cat3/static_in_front/bag_files/Cat3_15mph_lr_opposite_2/camera_images/1625003702.0343833.jpg
Cat3,15mph,lr,opposite,2,1625003702.0677166,/media/batool/MULTIMODAL_DATA/Multimodal_Data/Cat3/static_in_front/bag_files/Cat3_15mph_lr_opposite_2/camera_images/1625003702.0677166.jpg
Cat3,15mph,lr,opposite,2,1625003702.10105,/media/batool/MULTIMODAL_DATA/Multimodal_Data/Cat3/static_in_front/bag_files/Cat3_15mph_lr_opposite_2/camera_images/1625003702.10105.jpg
Cat3,15mph,lr,opposite,2,1625003702.1343832,/media/batool/MULTIMODAL_DATA/Multimodal_Data/Cat3/static_in_front/bag_files/Cat3_15mph_lr_opposite_2/camera_images/1625003702.1343832.jpg
Cat3,15mph,lr,opposite,2,1625003702.1677165,/media/batool/MULTIMODAL_DATA/Multimodal_Data/Cat3/static_in_front/bag_files/Cat3_15mph_lr_opposite_2/camera_images/1625003702.1677165.jpg
Cat3,15mph,lr,opposite,2,1625003702.234383,/media/batool/MULTIMODAL_DATA/Multimodal_Data/Cat3/static_in_front/bag_files/Cat3_15mph_lr_opposite_2/camera_images/1625003702.234383.jpg
Cat3,15mph,lr,opposite,2,1625003702.2677164,/media/batool/MULTIMODAL_DATA/Multimodal_Data/Cat3/static_in_front/bag_files/Cat3_15mph_lr_opposite_2/camera_images/1625003702.2677164.jpg
Cat3,15mph,lr,opposite,2,1625003702.3010497,/media/batool/MULTIMODAL_DATA/Multimodal_Data/Cat3/static_in_front/bag_files/Cat3_15mph_lr_opposite_2/camera_images/1625003702.3010497.jpg
Cat3,15mph,lr,opposite,2,1625003702.334383,/media/batool/MULTIMODAL_DATA/Multimodal_Data/Cat3/static_in_front/bag_files/Cat3_15mph_lr_opposite_2/camera_images/1625003702.334383.jpg
Cat3,15mph,lr,opposite,2,1625003702.3677163,/media/batool/MULTIMODAL_DATA/Multimodal_Data/Cat3/static_in_front/bag_files/Cat3_15mph_lr_opposite_2/camera_images/1625003702.3677163.jpg
Cat3,15mph,lr,opposite,2,1625003702.4010496,/media/batool/MULTIMODAL_DATA/Multimodal_Data/Cat3/static_in_front/bag_files/Cat3_15mph_lr_opposite_2/camera_images/1625003702.4010496.jpg
Cat3,15mph,lr,opposite,2,1625003702.434383,/media/batool/MULTIMODAL_DATA/Multimodal_Data/Cat3/static_in_front/bag_files/Cat3_15mph_lr_opposite_2/camera_images/1625003702.434383.jpg
Cat3,15mph,lr,opposite,2,1625003702.4677162,/media/batool/MULTIMODAL_DATA/Multimodal_Data/Cat3/static_in_front/bag_files/Cat3_15mph_lr_opposite_2/camera_images/1625003702.4677162.jpg
Cat3,15mph,lr,opposite,2,1625003702.5010495,/media/batool/MULTIMODAL_DATA/Multimodal_Data/Cat3/static_in_front/bag_files/Cat3_15mph_lr_opposite_2/camera_images/1625003702.5010495.jpg
Cat3,15mph,lr,opposite,2,1625003702.5343828,/media/batool/MULTIMODAL_DATA/Multimodal_Data/Cat3/static_in_front/bag_files/Cat3_15mph_lr_opposite_2/camera_images/1625003702.5343828.jpg
Cat3,15mph,lr,opposite,2,1625003702.5677161,/media/batool/MULTIMODAL_DATA/Multimodal_Data/Cat3/static_in_front/bag_files/Cat3_15mph_lr_opposite_2/camera_images/1625003702.5677161.jpg
Cat3,15mph,lr,opposite,2,1625003702.6010494,/media/batool/MULTIMODAL_DATA/Multimodal_Data/Cat3/static_in_front/bag_files/Cat3_15mph_lr_opposite_2/camera_images/1625003702.6010494.jpg
Cat3,15mph,lr,opposite,2,1625003702.6343827,/media/batool/MULTIMODAL_DATA/Multimodal_Data/Cat3/static_in_front/bag_files/Cat3_15mph_lr_opposite_2/camera_images/1625003702.6343827.jpg
Cat3,15mph,lr,opposite,2,1625003702.667716,/media/batool/MULTIMODAL_DATA/Multimodal_Data/Cat3/static_in_front/bag_files/Cat3_15mph_lr_opposite_2/camera_images/1625003702.667716.jpg
Cat3,15mph,lr,opposite,2,1625003702.7010493,/media/batool/MULTIMODAL_DATA/Multimodal_Data/Cat3/static_in_front/bag_files/Cat3_15mph_lr_opposite_2/camera_images/1625003702.7010493.jpg
Cat3,15mph,lr,opposite,2,1625003702.767716,/media/batool/MULTIMODAL_DATA/Multimodal_Data/Cat3/static_in_front/bag_files/Cat3_15mph_lr_opposite_2/camera_images/1625003702.767716.jpg
Cat3,15mph,lr,opposite,2,1625003702.8010492,/media/batool/MULTIMODAL_DATA/Multimodal_Data/Cat3/static_in_front/bag_files/Cat3_15mph_lr_opposite_2/camera_images/1625003702.8010492.jpg
Cat3,15mph,lr,opposite,2,1625003702.8343825,/media/batool/MULTIMODAL_DATA/Multimodal_Data/Cat3/static_in_front/bag_files/Cat3_15mph_lr_opposite_2/camera_images/1625003702.8343825.jpg
Cat3,15mph,lr,opposite,2,1625003702.8677158,/media/batool/MULTIMODAL_DATA/Multimodal_Data/Cat3/static_in_front/bag_files/Cat3_15mph_lr_opposite_2/camera_images/1625003702.8677158.jpg
Cat3,15mph,lr,opposite,2,1625003702.9010491,/media/batool/MULTIMODAL_DATA/Multimodal_Data/Cat3/static_in_front/bag_files/Cat3_15mph_lr_opposite_2/camera_images/1625003702.9010491.jpg
Cat3,15mph,lr,opposite,2,1625003702.9343824,/media/batool/MULTIMODAL_DATA/Multimodal_Data/Cat3/static_in_front/bag_files/Cat3_15mph_lr_opposite_2/camera_images/1625003702.9343824.jpg
Cat3,15mph,lr,opposite,2,1625003702.9677157,/media/batool/MULTIMODAL_DATA/Multimodal_Data/Cat3/static_in_front/bag_files/Cat3_15mph_lr_opposite_2/camera_images/1625003702.9677157.jpg
Cat3,15mph,lr,opposite,2,1625003703.001049,/media/batool/MULTIMODAL_DATA/Multimodal_Data/Cat3/static_in_front/bag_files/Cat3_15mph_lr_opposite_2/camera_images/1625003703.001049.jpg
Cat3,15mph,lr,opposite,2,1625003703.0343823,/media/batool/MULTIMODAL_DATA/Multimodal_Data/Cat3/static_in_front/bag_files/Cat3_15mph_lr_opposite_2/camera_images/1625003703.0343823.jpg
Cat3,15mph,lr,opposite,2,1625003703.0677156,/media/batool/MULTIMODAL_DATA/Multimodal_Data/Cat3/static_in_front/bag_files/Cat3_15mph_lr_opposite_2/camera_images/1625003703.0677156.jpg
Cat3,15mph,lr,opposite,2,1625003703.101049,/media/batool/MULTIMODAL_DATA/Multimodal_Data/Cat3/static_in_front/bag_files/Cat3_15mph_lr_opposite_2/camera_images/1625003703.101049.jpg
Cat3,15mph,lr,opposite,2,1625003703.1343822,/media/batool/MULTIMODAL_DATA/Multimodal_Data/Cat3/static_in_front/bag_files/Cat3_15mph_lr_opposite_2/camera_images/1625003703.1343822.jpg
Cat3,15mph,lr,opposite,2,1625003703.1677155,/media/batool/MULTIMODAL_DATA/Multimodal_Data/Cat3/static_in_front/bag_files/Cat3_15mph_lr_opposite_2/camera_images/1625003703.1677155.jpg
Cat3,15mph,lr,opposite,2,1625003703.2010489,/media/batool/MULTIMODAL_DATA/Multimodal_Data/Cat3/static_in_front/bag_files/Cat3_15mph_lr_opposite_2/camera_images/1625003703.2010489.jpg
Cat3,15mph,lr,opposite,2,1625003703.2343822,/media/batool/MULTIMODAL_DATA/Multimodal_Data/Cat3/static_in_front/bag_files/Cat3_15mph_lr_opposite_2/camera_images/1625003703.2343822.jpg
Cat3,15mph,lr,opposite,2,1625003703.2677155,/media/batool/MULTIMODAL_DATA/Multimodal_Data/Cat3/static_in_front/bag_files/Cat3_15mph_lr_opposite_2/camera_images/1625003703.2677155.jpg
Cat3,15mph,lr,opposite,2,1625003703.3010488,/media/batool/MULTIMODAL_DATA/Multimodal_Data/Cat3/static_in_front/bag_files/Cat3_15mph_lr_opposite_2/camera_images/1625003703.3010488.jpg
Cat3,15mph,lr,opposite,2,1625003703.334382,/media/batool/MULTIMODAL_DATA/Multimodal_Data/Cat3/static_in_front/bag_files/Cat3_15mph_lr_opposite_2/camera_images/1625003703.334382.jpg
Cat3,15mph,lr,opposite,2,1625003703.3677154,/media/batool/MULTIMODAL_DATA/Multimodal_Data/Cat3/static_in_front/bag_files/Cat3_15mph_lr_opposite_2/camera_images/1625003703.3677154.jpg
Cat3,15mph,lr,opposite,2,1625003703.4010487,/media/batool/MULTIMODAL_DATA/Multimodal_Data/Cat3/static_in_front/bag_files/Cat3_15mph_lr_opposite_2/camera_images/1625003703.4010487.jpg
Cat3,15mph,lr,opposite,2,1625003703.434382,/media/batool/MULTIMODAL_DATA/Multimodal_Data/Cat3/static_in_front/bag_files/Cat3_15mph_lr_opposite_2/camera_images/1625003703.434382.jpg
Cat3,15mph,lr,opposite,2,1625003703.4677153,/media/batool/MULTIMODAL_DATA/Multimodal_Data/Cat3/static_in_front/bag_files/Cat3_15mph_lr_opposite_2/camera_images/1625003703.4677153.jpg
Cat3,15mph,lr,opposite,2,1625003703.5010486,/media/batool/MULTIMODAL_DATA/Multimodal_Data/Cat3/static_in_front/bag_files/Cat3_15mph_lr_opposite_2/camera_images/1625003703.5010486.jpg
Cat3,15mph,lr,opposite,2,1625003703.5343819,/media/batool/MULTIMODAL_DATA/Multimodal_Data/Cat3/static_in_front/bag_files/Cat3_15mph_lr_opposite_2/camera_images/1625003703.5343819.jpg
Cat3,15mph,lr,opposite,2,1625003703.5677152,/media/batool/MULTIMODAL_DATA/Multimodal_Data/Cat3/static_in_front/bag_files/Cat3_15mph_lr_opposite_2/camera_images/1625003703.5677152.jpg
