Category,speed,direction,lane,episode,Time header,Image_path
Cat1,20mph,lr,opposite,3,1624829518.1769333,/media/batool/MULTIMODAL_DATA/Multimodal_Data/Cat1/opposite/bag_files/Cat1_20mph_lr_opposite_3/camera_images/1624829518.1769333.jpg
Cat1,20mph,lr,opposite,3,1624829518.2102666,/media/batool/MULTIMODAL_DATA/Multimodal_Data/Cat1/opposite/bag_files/Cat1_20mph_lr_opposite_3/camera_images/1624829518.2102666.jpg
Cat1,20mph,lr,opposite,3,1624829518.2436,/media/batool/MULTIMODAL_DATA/Multimodal_Data/Cat1/opposite/bag_files/Cat1_20mph_lr_opposite_3/camera_images/1624829518.2436.jpg
Cat1,20mph,lr,opposite,3,1624829518.2769332,/media/batool/MULTIMODAL_DATA/Multimodal_Data/Cat1/opposite/bag_files/Cat1_20mph_lr_opposite_3/camera_images/1624829518.2769332.jpg
Cat1,20mph,lr,opposite,3,1624829518.3102665,/media/batool/MULTIMODAL_DATA/Multimodal_Data/Cat1/opposite/bag_files/Cat1_20mph_lr_opposite_3/camera_images/1624829518.3102665.jpg
Cat1,20mph,lr,opposite,3,1624829518.3435998,/media/batool/MULTIMODAL_DATA/Multimodal_Data/Cat1/opposite/bag_files/Cat1_20mph_lr_opposite_3/camera_images/1624829518.3435998.jpg
Cat1,20mph,lr,opposite,3,1624829518.376933,/media/batool/MULTIMODAL_DATA/Multimodal_Data/Cat1/opposite/bag_files/Cat1_20mph_lr_opposite_3/camera_images/1624829518.376933.jpg
Cat1,20mph,lr,opposite,3,1624829518.4102664,/media/batool/MULTIMODAL_DATA/Multimodal_Data/Cat1/opposite/bag_files/Cat1_20mph_lr_opposite_3/camera_images/1624829518.4102664.jpg
Cat1,20mph,lr,opposite,3,1624829518.4435997,/media/batool/MULTIMODAL_DATA/Multimodal_Data/Cat1/opposite/bag_files/Cat1_20mph_lr_opposite_3/camera_images/1624829518.4435997.jpg
Cat1,20mph,lr,opposite,3,1624829518.476933,/media/batool/MULTIMODAL_DATA/Multimodal_Data/Cat1/opposite/bag_files/Cat1_20mph_lr_opposite_3/camera_images/1624829518.476933.jpg
Cat1,20mph,lr,opposite,3,1624829518.5102663,/media/batool/MULTIMODAL_DATA/Multimodal_Data/Cat1/opposite/bag_files/Cat1_20mph_lr_opposite_3/camera_images/1624829518.5102663.jpg
Cat1,20mph,lr,opposite,3,1624829518.5435996,/media/batool/MULTIMODAL_DATA/Multimodal_Data/Cat1/opposite/bag_files/Cat1_20mph_lr_opposite_3/camera_images/1624829518.5435996.jpg
Cat1,20mph,lr,opposite,3,1624829518.576933,/media/batool/MULTIMODAL_DATA/Multimodal_Data/Cat1/opposite/bag_files/Cat1_20mph_lr_opposite_3/camera_images/1624829518.576933.jpg
Cat1,20mph,lr,opposite,3,1624829518.6102662,/media/batool/MULTIMODAL_DATA/Multimodal_Data/Cat1/opposite/bag_files/Cat1_20mph_lr_opposite_3/camera_images/1624829518.6102662.jpg
Cat1,20mph,lr,opposite,3,1624829518.6435995,/media/batool/MULTIMODAL_DATA/Multimodal_Data/Cat1/opposite/bag_files/Cat1_20mph_lr_opposite_3/camera_images/1624829518.6435995.jpg
Cat1,20mph,lr,opposite,3,1624829518.710266,/media/batool/MULTIMODAL_DATA/Multimodal_Data/Cat1/opposite/bag_files/Cat1_20mph_lr_opposite_3/camera_images/1624829518.710266.jpg
Cat1,20mph,lr,opposite,3,1624829518.7435994,/media/batool/MULTIMODAL_DATA/Multimodal_Data/Cat1/opposite/bag_files/Cat1_20mph_lr_opposite_3/camera_images/1624829518.7435994.jpg
Cat1,20mph,lr,opposite,3,1624829518.7769327,/media/batool/MULTIMODAL_DATA/Multimodal_Data/Cat1/opposite/bag_files/Cat1_20mph_lr_opposite_3/camera_images/1624829518.7769327.jpg
Cat1,20mph,lr,opposite,3,1624829518.810266,/media/batool/MULTIMODAL_DATA/Multimodal_Data/Cat1/opposite/bag_files/Cat1_20mph_lr_opposite_3/camera_images/1624829518.810266.jpg
Cat1,20mph,lr,opposite,3,1624829518.8435993,/media/batool/MULTIMODAL_DATA/Multimodal_Data/Cat1/opposite/bag_files/Cat1_20mph_lr_opposite_3/camera_images/1624829518.8435993.jpg
Cat1,20mph,lr,opposite,3,1624829518.8769326,/media/batool/MULTIMODAL_DATA/Multimodal_Data/Cat1/opposite/bag_files/Cat1_20mph_lr_opposite_3/camera_images/1624829518.8769326.jpg
Cat1,20mph,lr,opposite,3,1624829518.910266,/media/batool/MULTIMODAL_DATA/Multimodal_Data/Cat1/opposite/bag_files/Cat1_20mph_lr_opposite_3/camera_images/1624829518.910266.jpg
Cat1,20mph,lr,opposite,3,1624829518.9435992,/media/batool/MULTIMODAL_DATA/Multimodal_Data/Cat1/opposite/bag_files/Cat1_20mph_lr_opposite_3/camera_images/1624829518.9435992.jpg
Cat1,20mph,lr,opposite,3,1624829518.9769325,/media/batool/MULTIMODAL_DATA/Multimodal_Data/Cat1/opposite/bag_files/Cat1_20mph_lr_opposite_3/camera_images/1624829518.9769325.jpg
Cat1,20mph,lr,opposite,3,1624829519.0102658,/media/batool/MULTIMODAL_DATA/Multimodal_Data/Cat1/opposite/bag_files/Cat1_20mph_lr_opposite_3/camera_images/1624829519.0102658.jpg
Cat1,20mph,lr,opposite,3,1624829519.0435991,/media/batool/MULTIMODAL_DATA/Multimodal_Data/Cat1/opposite/bag_files/Cat1_20mph_lr_opposite_3/camera_images/1624829519.0435991.jpg
Cat1,20mph,lr,opposite,3,1624829519.0769324,/media/batool/MULTIMODAL_DATA/Multimodal_Data/Cat1/opposite/bag_files/Cat1_20mph_lr_opposite_3/camera_images/1624829519.0769324.jpg
Cat1,20mph,lr,opposite,3,1624829519.1102657,/media/batool/MULTIMODAL_DATA/Multimodal_Data/Cat1/opposite/bag_files/Cat1_20mph_lr_opposite_3/camera_images/1624829519.1102657.jpg
Cat1,20mph,lr,opposite,3,1624829519.143599,/media/batool/MULTIMODAL_DATA/Multimodal_Data/Cat1/opposite/bag_files/Cat1_20mph_lr_opposite_3/camera_images/1624829519.143599.jpg
Cat1,20mph,lr,opposite,3,1624829519.1769323,/media/batool/MULTIMODAL_DATA/Multimodal_Data/Cat1/opposite/bag_files/Cat1_20mph_lr_opposite_3/camera_images/1624829519.1769323.jpg
Cat1,20mph,lr,opposite,3,1624829519.243599,/media/batool/MULTIMODAL_DATA/Multimodal_Data/Cat1/opposite/bag_files/Cat1_20mph_lr_opposite_3/camera_images/1624829519.243599.jpg
Cat1,20mph,lr,opposite,3,1624829519.2769322,/media/batool/MULTIMODAL_DATA/Multimodal_Data/Cat1/opposite/bag_files/Cat1_20mph_lr_opposite_3/camera_images/1624829519.2769322.jpg
Cat1,20mph,lr,opposite,3,1624829519.3102655,/media/batool/MULTIMODAL_DATA/Multimodal_Data/Cat1/opposite/bag_files/Cat1_20mph_lr_opposite_3/camera_images/1624829519.3102655.jpg
Cat1,20mph,lr,opposite,3,1624829519.3435988,/media/batool/MULTIMODAL_DATA/Multimodal_Data/Cat1/opposite/bag_files/Cat1_20mph_lr_opposite_3/camera_images/1624829519.3435988.jpg
Cat1,20mph,lr,opposite,3,1624829519.3769321,/media/batool/MULTIMODAL_DATA/Multimodal_Data/Cat1/opposite/bag_files/Cat1_20mph_lr_opposite_3/camera_images/1624829519.3769321.jpg
Cat1,20mph,lr,opposite,3,1624829519.4102654,/media/batool/MULTIMODAL_DATA/Multimodal_Data/Cat1/opposite/bag_files/Cat1_20mph_lr_opposite_3/camera_images/1624829519.4102654.jpg
Cat1,20mph,lr,opposite,3,1624829519.4435987,/media/batool/MULTIMODAL_DATA/Multimodal_Data/Cat1/opposite/bag_files/Cat1_20mph_lr_opposite_3/camera_images/1624829519.4435987.jpg
Cat1,20mph,lr,opposite,3,1624829519.476932,/media/batool/MULTIMODAL_DATA/Multimodal_Data/Cat1/opposite/bag_files/Cat1_20mph_lr_opposite_3/camera_images/1624829519.476932.jpg
Cat1,20mph,lr,opposite,3,1624829519.5102654,/media/batool/MULTIMODAL_DATA/Multimodal_Data/Cat1/opposite/bag_files/Cat1_20mph_lr_opposite_3/camera_images/1624829519.5102654.jpg
Cat1,20mph,lr,opposite,3,1624829519.5435987,/media/batool/MULTIMODAL_DATA/Multimodal_Data/Cat1/opposite/bag_files/Cat1_20mph_lr_opposite_3/camera_images/1624829519.5435987.jpg
Cat1,20mph,lr,opposite,3,1624829519.576932,/media/batool/MULTIMODAL_DATA/Multimodal_Data/Cat1/opposite/bag_files/Cat1_20mph_lr_opposite_3/camera_images/1624829519.576932.jpg
Cat1,20mph,lr,opposite,3,1624829519.6102653,/media/batool/MULTIMODAL_DATA/Multimodal_Data/Cat1/opposite/bag_files/Cat1_20mph_lr_opposite_3/camera_images/1624829519.6102653.jpg
Cat1,20mph,lr,opposite,3,1624829519.6435986,/media/batool/MULTIMODAL_DATA/Multimodal_Data/Cat1/opposite/bag_files/Cat1_20mph_lr_opposite_3/camera_images/1624829519.6435986.jpg
Cat1,20mph,lr,opposite,3,1624829519.6769319,/media/batool/MULTIMODAL_DATA/Multimodal_Data/Cat1/opposite/bag_files/Cat1_20mph_lr_opposite_3/camera_images/1624829519.6769319.jpg
Cat1,20mph,lr,opposite,3,1624829519.7102652,/media/batool/MULTIMODAL_DATA/Multimodal_Data/Cat1/opposite/bag_files/Cat1_20mph_lr_opposite_3/camera_images/1624829519.7102652.jpg
Cat1,20mph,lr,opposite,3,1624829519.7769318,/media/batool/MULTIMODAL_DATA/Multimodal_Data/Cat1/opposite/bag_files/Cat1_20mph_lr_opposite_3/camera_images/1624829519.7769318.jpg
Cat1,20mph,lr,opposite,3,1624829519.810265,/media/batool/MULTIMODAL_DATA/Multimodal_Data/Cat1/opposite/bag_files/Cat1_20mph_lr_opposite_3/camera_images/1624829519.810265.jpg
Cat1,20mph,lr,opposite,3,1624829519.8435984,/media/batool/MULTIMODAL_DATA/Multimodal_Data/Cat1/opposite/bag_files/Cat1_20mph_lr_opposite_3/camera_images/1624829519.8435984.jpg
Cat1,20mph,lr,opposite,3,1624829519.8769317,/media/batool/MULTIMODAL_DATA/Multimodal_Data/Cat1/opposite/bag_files/Cat1_20mph_lr_opposite_3/camera_images/1624829519.8769317.jpg
Cat1,20mph,lr,opposite,3,1624829519.910265,/media/batool/MULTIMODAL_DATA/Multimodal_Data/Cat1/opposite/bag_files/Cat1_20mph_lr_opposite_3/camera_images/1624829519.910265.jpg
Cat1,20mph,lr,opposite,3,1624829519.9435983,/media/batool/MULTIMODAL_DATA/Multimodal_Data/Cat1/opposite/bag_files/Cat1_20mph_lr_opposite_3/camera_images/1624829519.9435983.jpg
Cat1,20mph,lr,opposite,3,1624829519.9769316,/media/batool/MULTIMODAL_DATA/Multimodal_Data/Cat1/opposite/bag_files/Cat1_20mph_lr_opposite_3/camera_images/1624829519.9769316.jpg
Cat1,20mph,lr,opposite,3,1624829520.0102649,/media/batool/MULTIMODAL_DATA/Multimodal_Data/Cat1/opposite/bag_files/Cat1_20mph_lr_opposite_3/camera_images/1624829520.0102649.jpg
Cat1,20mph,lr,opposite,3,1624829520.0435982,/media/batool/MULTIMODAL_DATA/Multimodal_Data/Cat1/opposite/bag_files/Cat1_20mph_lr_opposite_3/camera_images/1624829520.0435982.jpg
Cat1,20mph,lr,opposite,3,1624829520.0769315,/media/batool/MULTIMODAL_DATA/Multimodal_Data/Cat1/opposite/bag_files/Cat1_20mph_lr_opposite_3/camera_images/1624829520.0769315.jpg
Cat1,20mph,lr,opposite,3,1624829520.1102648,/media/batool/MULTIMODAL_DATA/Multimodal_Data/Cat1/opposite/bag_files/Cat1_20mph_lr_opposite_3/camera_images/1624829520.1102648.jpg
Cat1,20mph,lr,opposite,3,1624829520.143598,/media/batool/MULTIMODAL_DATA/Multimodal_Data/Cat1/opposite/bag_files/Cat1_20mph_lr_opposite_3/camera_images/1624829520.143598.jpg
Cat1,20mph,lr,opposite,3,1624829520.1769314,/media/batool/MULTIMODAL_DATA/Multimodal_Data/Cat1/opposite/bag_files/Cat1_20mph_lr_opposite_3/camera_images/1624829520.1769314.jpg
Cat1,20mph,lr,opposite,3,1624829520.2102647,/media/batool/MULTIMODAL_DATA/Multimodal_Data/Cat1/opposite/bag_files/Cat1_20mph_lr_opposite_3/camera_images/1624829520.2102647.jpg
Cat1,20mph,lr,opposite,3,1624829520.243598,/media/batool/MULTIMODAL_DATA/Multimodal_Data/Cat1/opposite/bag_files/Cat1_20mph_lr_opposite_3/camera_images/1624829520.243598.jpg
Cat1,20mph,lr,opposite,3,1624829518.6769328,/media/batool/MULTIMODAL_DATA/Multimodal_Data/Cat1/opposite/bag_files/Cat1_20mph_lr_opposite_3/camera_images/1624829518.6769328.jpg
Cat1,20mph,lr,opposite,3,1624829519.2102656,/media/batool/MULTIMODAL_DATA/Multimodal_Data/Cat1/opposite/bag_files/Cat1_20mph_lr_opposite_3/camera_images/1624829519.2102656.jpg
Cat1,20mph,lr,opposite,3,1624829519.7435985,/media/batool/MULTIMODAL_DATA/Multimodal_Data/Cat1/opposite/bag_files/Cat1_20mph_lr_opposite_3/camera_images/1624829519.7435985.jpg
Cat1,20mph,lr,opposite,3,1624829520.2769313,/media/batool/MULTIMODAL_DATA/Multimodal_Data/Cat1/opposite/bag_files/Cat1_20mph_lr_opposite_3/camera_images/1624829520.2769313.jpg
Cat1,20mph,lr,opposite,3,1624829520.810264,/media/batool/MULTIMODAL_DATA/Multimodal_Data/Cat1/opposite/bag_files/Cat1_20mph_lr_opposite_3/camera_images/1624829520.810264.jpg
Cat1,20mph,lr,opposite,3,1624829521.343597,/media/batool/MULTIMODAL_DATA/Multimodal_Data/Cat1/opposite/bag_files/Cat1_20mph_lr_opposite_3/camera_images/1624829521.343597.jpg
Cat1,20mph,lr,opposite,3,1624829521.8769298,/media/batool/MULTIMODAL_DATA/Multimodal_Data/Cat1/opposite/bag_files/Cat1_20mph_lr_opposite_3/camera_images/1624829521.8769298.jpg
Cat1,20mph,lr,opposite,3,1624829522.4102626,/media/batool/MULTIMODAL_DATA/Multimodal_Data/Cat1/opposite/bag_files/Cat1_20mph_lr_opposite_3/camera_images/1624829522.4102626.jpg
Cat1,20mph,lr,opposite,3,1624829522.9435954,/media/batool/MULTIMODAL_DATA/Multimodal_Data/Cat1/opposite/bag_files/Cat1_20mph_lr_opposite_3/camera_images/1624829522.9435954.jpg
Cat1,20mph,lr,opposite,3,1624829523.4769282,/media/batool/MULTIMODAL_DATA/Multimodal_Data/Cat1/opposite/bag_files/Cat1_20mph_lr_opposite_3/camera_images/1624829523.4769282.jpg
Cat1,20mph,lr,opposite,3,1624829524.010261,/media/batool/MULTIMODAL_DATA/Multimodal_Data/Cat1/opposite/bag_files/Cat1_20mph_lr_opposite_3/camera_images/1624829524.010261.jpg
Cat1,20mph,lr,opposite,3,1624829524.543594,/media/batool/MULTIMODAL_DATA/Multimodal_Data/Cat1/opposite/bag_files/Cat1_20mph_lr_opposite_3/camera_images/1624829524.543594.jpg
Cat1,20mph,lr,opposite,3,1624829525.0769267,/media/batool/MULTIMODAL_DATA/Multimodal_Data/Cat1/opposite/bag_files/Cat1_20mph_lr_opposite_3/camera_images/1624829525.0769267.jpg
Cat1,20mph,lr,opposite,3,1624829525.6102595,/media/batool/MULTIMODAL_DATA/Multimodal_Data/Cat1/opposite/bag_files/Cat1_20mph_lr_opposite_3/camera_images/1624829525.6102595.jpg
Cat1,20mph,lr,opposite,3,1624829526.1435924,/media/batool/MULTIMODAL_DATA/Multimodal_Data/Cat1/opposite/bag_files/Cat1_20mph_lr_opposite_3/camera_images/1624829526.1435924.jpg
Cat1,20mph,lr,opposite,3,1624829526.6769252,/media/batool/MULTIMODAL_DATA/Multimodal_Data/Cat1/opposite/bag_files/Cat1_20mph_lr_opposite_3/camera_images/1624829526.6769252.jpg
Cat1,20mph,lr,opposite,3,1624829527.210258,/media/batool/MULTIMODAL_DATA/Multimodal_Data/Cat1/opposite/bag_files/Cat1_20mph_lr_opposite_3/camera_images/1624829527.210258.jpg
Cat1,20mph,lr,opposite,3,1624829527.7435908,/media/batool/MULTIMODAL_DATA/Multimodal_Data/Cat1/opposite/bag_files/Cat1_20mph_lr_opposite_3/camera_images/1624829527.7435908.jpg
Cat1,20mph,lr,opposite,3,1624829528.2769237,/media/batool/MULTIMODAL_DATA/Multimodal_Data/Cat1/opposite/bag_files/Cat1_20mph_lr_opposite_3/camera_images/1624829528.2769237.jpg
Cat1,20mph,lr,opposite,3,1624829528.8102565,/media/batool/MULTIMODAL_DATA/Multimodal_Data/Cat1/opposite/bag_files/Cat1_20mph_lr_opposite_3/camera_images/1624829528.8102565.jpg
Cat1,20mph,lr,opposite,3,1624829529.3435893,/media/batool/MULTIMODAL_DATA/Multimodal_Data/Cat1/opposite/bag_files/Cat1_20mph_lr_opposite_3/camera_images/1624829529.3435893.jpg
Cat1,20mph,lr,opposite,3,1624829529.8769221,/media/batool/MULTIMODAL_DATA/Multimodal_Data/Cat1/opposite/bag_files/Cat1_20mph_lr_opposite_3/camera_images/1624829529.8769221.jpg
Cat1,20mph,lr,opposite,3,1624829530.410255,/media/batool/MULTIMODAL_DATA/Multimodal_Data/Cat1/opposite/bag_files/Cat1_20mph_lr_opposite_3/camera_images/1624829530.410255.jpg
Cat1,20mph,lr,opposite,3,1624829530.9435878,/media/batool/MULTIMODAL_DATA/Multimodal_Data/Cat1/opposite/bag_files/Cat1_20mph_lr_opposite_3/camera_images/1624829530.9435878.jpg
Cat1,20mph,lr,opposite,3,1624829531.4769206,/media/batool/MULTIMODAL_DATA/Multimodal_Data/Cat1/opposite/bag_files/Cat1_20mph_lr_opposite_3/camera_images/1624829531.4769206.jpg
Cat1,20mph,lr,opposite,3,1624829532.0102534,/media/batool/MULTIMODAL_DATA/Multimodal_Data/Cat1/opposite/bag_files/Cat1_20mph_lr_opposite_3/camera_images/1624829532.0102534.jpg
Cat1,20mph,lr,opposite,3,1624829532.5435863,/media/batool/MULTIMODAL_DATA/Multimodal_Data/Cat1/opposite/bag_files/Cat1_20mph_lr_opposite_3/camera_images/1624829532.5435863.jpg
Cat1,20mph,lr,opposite,3,1624829520.3102646,/media/batool/MULTIMODAL_DATA/Multimodal_Data/Cat1/opposite/bag_files/Cat1_20mph_lr_opposite_3/camera_images/1624829520.3102646.jpg
Cat1,20mph,lr,opposite,3,1624829520.343598,/media/batool/MULTIMODAL_DATA/Multimodal_Data/Cat1/opposite/bag_files/Cat1_20mph_lr_opposite_3/camera_images/1624829520.343598.jpg
Cat1,20mph,lr,opposite,3,1624829520.3769312,/media/batool/MULTIMODAL_DATA/Multimodal_Data/Cat1/opposite/bag_files/Cat1_20mph_lr_opposite_3/camera_images/1624829520.3769312.jpg
Cat1,20mph,lr,opposite,3,1624829520.4102645,/media/batool/MULTIMODAL_DATA/Multimodal_Data/Cat1/opposite/bag_files/Cat1_20mph_lr_opposite_3/camera_images/1624829520.4102645.jpg
Cat1,20mph,lr,opposite,3,1624829520.4435978,/media/batool/MULTIMODAL_DATA/Multimodal_Data/Cat1/opposite/bag_files/Cat1_20mph_lr_opposite_3/camera_images/1624829520.4435978.jpg
Cat1,20mph,lr,opposite,3,1624829520.476931,/media/batool/MULTIMODAL_DATA/Multimodal_Data/Cat1/opposite/bag_files/Cat1_20mph_lr_opposite_3/camera_images/1624829520.476931.jpg
Cat1,20mph,lr,opposite,3,1624829520.5102644,/media/batool/MULTIMODAL_DATA/Multimodal_Data/Cat1/opposite/bag_files/Cat1_20mph_lr_opposite_3/camera_images/1624829520.5102644.jpg
Cat1,20mph,lr,opposite,3,1624829520.5435977,/media/batool/MULTIMODAL_DATA/Multimodal_Data/Cat1/opposite/bag_files/Cat1_20mph_lr_opposite_3/camera_images/1624829520.5435977.jpg
Cat1,20mph,lr,opposite,3,1624829520.576931,/media/batool/MULTIMODAL_DATA/Multimodal_Data/Cat1/opposite/bag_files/Cat1_20mph_lr_opposite_3/camera_images/1624829520.576931.jpg
Cat1,20mph,lr,opposite,3,1624829520.6102643,/media/batool/MULTIMODAL_DATA/Multimodal_Data/Cat1/opposite/bag_files/Cat1_20mph_lr_opposite_3/camera_images/1624829520.6102643.jpg
Cat1,20mph,lr,opposite,3,1624829520.6435976,/media/batool/MULTIMODAL_DATA/Multimodal_Data/Cat1/opposite/bag_files/Cat1_20mph_lr_opposite_3/camera_images/1624829520.6435976.jpg
Cat1,20mph,lr,opposite,3,1624829520.676931,/media/batool/MULTIMODAL_DATA/Multimodal_Data/Cat1/opposite/bag_files/Cat1_20mph_lr_opposite_3/camera_images/1624829520.676931.jpg
Cat1,20mph,lr,opposite,3,1624829520.7102642,/media/batool/MULTIMODAL_DATA/Multimodal_Data/Cat1/opposite/bag_files/Cat1_20mph_lr_opposite_3/camera_images/1624829520.7102642.jpg
Cat1,20mph,lr,opposite,3,1624829520.7435975,/media/batool/MULTIMODAL_DATA/Multimodal_Data/Cat1/opposite/bag_files/Cat1_20mph_lr_opposite_3/camera_images/1624829520.7435975.jpg
Cat1,20mph,lr,opposite,3,1624829520.7769308,/media/batool/MULTIMODAL_DATA/Multimodal_Data/Cat1/opposite/bag_files/Cat1_20mph_lr_opposite_3/camera_images/1624829520.7769308.jpg
Cat1,20mph,lr,opposite,3,1624829520.8435974,/media/batool/MULTIMODAL_DATA/Multimodal_Data/Cat1/opposite/bag_files/Cat1_20mph_lr_opposite_3/camera_images/1624829520.8435974.jpg
Cat1,20mph,lr,opposite,3,1624829520.8769307,/media/batool/MULTIMODAL_DATA/Multimodal_Data/Cat1/opposite/bag_files/Cat1_20mph_lr_opposite_3/camera_images/1624829520.8769307.jpg
Cat1,20mph,lr,opposite,3,1624829520.910264,/media/batool/MULTIMODAL_DATA/Multimodal_Data/Cat1/opposite/bag_files/Cat1_20mph_lr_opposite_3/camera_images/1624829520.910264.jpg
Cat1,20mph,lr,opposite,3,1624829520.9435973,/media/batool/MULTIMODAL_DATA/Multimodal_Data/Cat1/opposite/bag_files/Cat1_20mph_lr_opposite_3/camera_images/1624829520.9435973.jpg
Cat1,20mph,lr,opposite,3,1624829520.9769306,/media/batool/MULTIMODAL_DATA/Multimodal_Data/Cat1/opposite/bag_files/Cat1_20mph_lr_opposite_3/camera_images/1624829520.9769306.jpg
Cat1,20mph,lr,opposite,3,1624829521.010264,/media/batool/MULTIMODAL_DATA/Multimodal_Data/Cat1/opposite/bag_files/Cat1_20mph_lr_opposite_3/camera_images/1624829521.010264.jpg
Cat1,20mph,lr,opposite,3,1624829521.0435972,/media/batool/MULTIMODAL_DATA/Multimodal_Data/Cat1/opposite/bag_files/Cat1_20mph_lr_opposite_3/camera_images/1624829521.0435972.jpg
Cat1,20mph,lr,opposite,3,1624829521.0769305,/media/batool/MULTIMODAL_DATA/Multimodal_Data/Cat1/opposite/bag_files/Cat1_20mph_lr_opposite_3/camera_images/1624829521.0769305.jpg
Cat1,20mph,lr,opposite,3,1624829521.1102638,/media/batool/MULTIMODAL_DATA/Multimodal_Data/Cat1/opposite/bag_files/Cat1_20mph_lr_opposite_3/camera_images/1624829521.1102638.jpg
Cat1,20mph,lr,opposite,3,1624829521.1435971,/media/batool/MULTIMODAL_DATA/Multimodal_Data/Cat1/opposite/bag_files/Cat1_20mph_lr_opposite_3/camera_images/1624829521.1435971.jpg
Cat1,20mph,lr,opposite,3,1624829521.1769304,/media/batool/MULTIMODAL_DATA/Multimodal_Data/Cat1/opposite/bag_files/Cat1_20mph_lr_opposite_3/camera_images/1624829521.1769304.jpg
Cat1,20mph,lr,opposite,3,1624829521.2102637,/media/batool/MULTIMODAL_DATA/Multimodal_Data/Cat1/opposite/bag_files/Cat1_20mph_lr_opposite_3/camera_images/1624829521.2102637.jpg
Cat1,20mph,lr,opposite,3,1624829521.243597,/media/batool/MULTIMODAL_DATA/Multimodal_Data/Cat1/opposite/bag_files/Cat1_20mph_lr_opposite_3/camera_images/1624829521.243597.jpg
Cat1,20mph,lr,opposite,3,1624829521.2769303,/media/batool/MULTIMODAL_DATA/Multimodal_Data/Cat1/opposite/bag_files/Cat1_20mph_lr_opposite_3/camera_images/1624829521.2769303.jpg
Cat1,20mph,lr,opposite,3,1624829521.3102636,/media/batool/MULTIMODAL_DATA/Multimodal_Data/Cat1/opposite/bag_files/Cat1_20mph_lr_opposite_3/camera_images/1624829521.3102636.jpg
Cat1,20mph,lr,opposite,3,1624829521.3769302,/media/batool/MULTIMODAL_DATA/Multimodal_Data/Cat1/opposite/bag_files/Cat1_20mph_lr_opposite_3/camera_images/1624829521.3769302.jpg
Cat1,20mph,lr,opposite,3,1624829521.4102635,/media/batool/MULTIMODAL_DATA/Multimodal_Data/Cat1/opposite/bag_files/Cat1_20mph_lr_opposite_3/camera_images/1624829521.4102635.jpg
Cat1,20mph,lr,opposite,3,1624829521.4435968,/media/batool/MULTIMODAL_DATA/Multimodal_Data/Cat1/opposite/bag_files/Cat1_20mph_lr_opposite_3/camera_images/1624829521.4435968.jpg
Cat1,20mph,lr,opposite,3,1624829521.4769301,/media/batool/MULTIMODAL_DATA/Multimodal_Data/Cat1/opposite/bag_files/Cat1_20mph_lr_opposite_3/camera_images/1624829521.4769301.jpg
Cat1,20mph,lr,opposite,3,1624829521.5102634,/media/batool/MULTIMODAL_DATA/Multimodal_Data/Cat1/opposite/bag_files/Cat1_20mph_lr_opposite_3/camera_images/1624829521.5102634.jpg
Cat1,20mph,lr,opposite,3,1624829521.5435967,/media/batool/MULTIMODAL_DATA/Multimodal_Data/Cat1/opposite/bag_files/Cat1_20mph_lr_opposite_3/camera_images/1624829521.5435967.jpg
Cat1,20mph,lr,opposite,3,1624829521.57693,/media/batool/MULTIMODAL_DATA/Multimodal_Data/Cat1/opposite/bag_files/Cat1_20mph_lr_opposite_3/camera_images/1624829521.57693.jpg
Cat1,20mph,lr,opposite,3,1624829521.6102633,/media/batool/MULTIMODAL_DATA/Multimodal_Data/Cat1/opposite/bag_files/Cat1_20mph_lr_opposite_3/camera_images/1624829521.6102633.jpg
Cat1,20mph,lr,opposite,3,1624829521.6435966,/media/batool/MULTIMODAL_DATA/Multimodal_Data/Cat1/opposite/bag_files/Cat1_20mph_lr_opposite_3/camera_images/1624829521.6435966.jpg
Cat1,20mph,lr,opposite,3,1624829521.67693,/media/batool/MULTIMODAL_DATA/Multimodal_Data/Cat1/opposite/bag_files/Cat1_20mph_lr_opposite_3/camera_images/1624829521.67693.jpg
Cat1,20mph,lr,opposite,3,1624829521.7102633,/media/batool/MULTIMODAL_DATA/Multimodal_Data/Cat1/opposite/bag_files/Cat1_20mph_lr_opposite_3/camera_images/1624829521.7102633.jpg
Cat1,20mph,lr,opposite,3,1624829521.7435966,/media/batool/MULTIMODAL_DATA/Multimodal_Data/Cat1/opposite/bag_files/Cat1_20mph_lr_opposite_3/camera_images/1624829521.7435966.jpg
Cat1,20mph,lr,opposite,3,1624829521.7769299,/media/batool/MULTIMODAL_DATA/Multimodal_Data/Cat1/opposite/bag_files/Cat1_20mph_lr_opposite_3/camera_images/1624829521.7769299.jpg
Cat1,20mph,lr,opposite,3,1624829521.8102632,/media/batool/MULTIMODAL_DATA/Multimodal_Data/Cat1/opposite/bag_files/Cat1_20mph_lr_opposite_3/camera_images/1624829521.8102632.jpg
Cat1,20mph,lr,opposite,3,1624829521.8435965,/media/batool/MULTIMODAL_DATA/Multimodal_Data/Cat1/opposite/bag_files/Cat1_20mph_lr_opposite_3/camera_images/1624829521.8435965.jpg
Cat1,20mph,lr,opposite,3,1624829521.910263,/media/batool/MULTIMODAL_DATA/Multimodal_Data/Cat1/opposite/bag_files/Cat1_20mph_lr_opposite_3/camera_images/1624829521.910263.jpg
Cat1,20mph,lr,opposite,3,1624829521.9435964,/media/batool/MULTIMODAL_DATA/Multimodal_Data/Cat1/opposite/bag_files/Cat1_20mph_lr_opposite_3/camera_images/1624829521.9435964.jpg
Cat1,20mph,lr,opposite,3,1624829521.9769297,/media/batool/MULTIMODAL_DATA/Multimodal_Data/Cat1/opposite/bag_files/Cat1_20mph_lr_opposite_3/camera_images/1624829521.9769297.jpg
Cat1,20mph,lr,opposite,3,1624829522.010263,/media/batool/MULTIMODAL_DATA/Multimodal_Data/Cat1/opposite/bag_files/Cat1_20mph_lr_opposite_3/camera_images/1624829522.010263.jpg
Cat1,20mph,lr,opposite,3,1624829522.0435963,/media/batool/MULTIMODAL_DATA/Multimodal_Data/Cat1/opposite/bag_files/Cat1_20mph_lr_opposite_3/camera_images/1624829522.0435963.jpg
Cat1,20mph,lr,opposite,3,1624829522.0769296,/media/batool/MULTIMODAL_DATA/Multimodal_Data/Cat1/opposite/bag_files/Cat1_20mph_lr_opposite_3/camera_images/1624829522.0769296.jpg
Cat1,20mph,lr,opposite,3,1624829522.1102629,/media/batool/MULTIMODAL_DATA/Multimodal_Data/Cat1/opposite/bag_files/Cat1_20mph_lr_opposite_3/camera_images/1624829522.1102629.jpg
Cat1,20mph,lr,opposite,3,1624829522.1435962,/media/batool/MULTIMODAL_DATA/Multimodal_Data/Cat1/opposite/bag_files/Cat1_20mph_lr_opposite_3/camera_images/1624829522.1435962.jpg
Cat1,20mph,lr,opposite,3,1624829522.1769295,/media/batool/MULTIMODAL_DATA/Multimodal_Data/Cat1/opposite/bag_files/Cat1_20mph_lr_opposite_3/camera_images/1624829522.1769295.jpg
Cat1,20mph,lr,opposite,3,1624829522.2102628,/media/batool/MULTIMODAL_DATA/Multimodal_Data/Cat1/opposite/bag_files/Cat1_20mph_lr_opposite_3/camera_images/1624829522.2102628.jpg
Cat1,20mph,lr,opposite,3,1624829522.243596,/media/batool/MULTIMODAL_DATA/Multimodal_Data/Cat1/opposite/bag_files/Cat1_20mph_lr_opposite_3/camera_images/1624829522.243596.jpg
Cat1,20mph,lr,opposite,3,1624829522.2769294,/media/batool/MULTIMODAL_DATA/Multimodal_Data/Cat1/opposite/bag_files/Cat1_20mph_lr_opposite_3/camera_images/1624829522.2769294.jpg
Cat1,20mph,lr,opposite,3,1624829522.3102627,/media/batool/MULTIMODAL_DATA/Multimodal_Data/Cat1/opposite/bag_files/Cat1_20mph_lr_opposite_3/camera_images/1624829522.3102627.jpg
Cat1,20mph,lr,opposite,3,1624829522.343596,/media/batool/MULTIMODAL_DATA/Multimodal_Data/Cat1/opposite/bag_files/Cat1_20mph_lr_opposite_3/camera_images/1624829522.343596.jpg
Cat1,20mph,lr,opposite,3,1624829522.3769293,/media/batool/MULTIMODAL_DATA/Multimodal_Data/Cat1/opposite/bag_files/Cat1_20mph_lr_opposite_3/camera_images/1624829522.3769293.jpg
Cat1,20mph,lr,opposite,3,1624829522.443596,/media/batool/MULTIMODAL_DATA/Multimodal_Data/Cat1/opposite/bag_files/Cat1_20mph_lr_opposite_3/camera_images/1624829522.443596.jpg
Cat1,20mph,lr,opposite,3,1624829522.4769292,/media/batool/MULTIMODAL_DATA/Multimodal_Data/Cat1/opposite/bag_files/Cat1_20mph_lr_opposite_3/camera_images/1624829522.4769292.jpg
Cat1,20mph,lr,opposite,3,1624829522.5102625,/media/batool/MULTIMODAL_DATA/Multimodal_Data/Cat1/opposite/bag_files/Cat1_20mph_lr_opposite_3/camera_images/1624829522.5102625.jpg
Cat1,20mph,lr,opposite,3,1624829522.5435958,/media/batool/MULTIMODAL_DATA/Multimodal_Data/Cat1/opposite/bag_files/Cat1_20mph_lr_opposite_3/camera_images/1624829522.5435958.jpg
Cat1,20mph,lr,opposite,3,1624829522.576929,/media/batool/MULTIMODAL_DATA/Multimodal_Data/Cat1/opposite/bag_files/Cat1_20mph_lr_opposite_3/camera_images/1624829522.576929.jpg
Cat1,20mph,lr,opposite,3,1624829522.6102624,/media/batool/MULTIMODAL_DATA/Multimodal_Data/Cat1/opposite/bag_files/Cat1_20mph_lr_opposite_3/camera_images/1624829522.6102624.jpg
Cat1,20mph,lr,opposite,3,1624829522.6435957,/media/batool/MULTIMODAL_DATA/Multimodal_Data/Cat1/opposite/bag_files/Cat1_20mph_lr_opposite_3/camera_images/1624829522.6435957.jpg
Cat1,20mph,lr,opposite,3,1624829522.676929,/media/batool/MULTIMODAL_DATA/Multimodal_Data/Cat1/opposite/bag_files/Cat1_20mph_lr_opposite_3/camera_images/1624829522.676929.jpg
Cat1,20mph,lr,opposite,3,1624829522.7102623,/media/batool/MULTIMODAL_DATA/Multimodal_Data/Cat1/opposite/bag_files/Cat1_20mph_lr_opposite_3/camera_images/1624829522.7102623.jpg
Cat1,20mph,lr,opposite,3,1624829522.7435956,/media/batool/MULTIMODAL_DATA/Multimodal_Data/Cat1/opposite/bag_files/Cat1_20mph_lr_opposite_3/camera_images/1624829522.7435956.jpg
Cat1,20mph,lr,opposite,3,1624829522.776929,/media/batool/MULTIMODAL_DATA/Multimodal_Data/Cat1/opposite/bag_files/Cat1_20mph_lr_opposite_3/camera_images/1624829522.776929.jpg
Cat1,20mph,lr,opposite,3,1624829522.8102622,/media/batool/MULTIMODAL_DATA/Multimodal_Data/Cat1/opposite/bag_files/Cat1_20mph_lr_opposite_3/camera_images/1624829522.8102622.jpg
Cat1,20mph,lr,opposite,3,1624829522.8435955,/media/batool/MULTIMODAL_DATA/Multimodal_Data/Cat1/opposite/bag_files/Cat1_20mph_lr_opposite_3/camera_images/1624829522.8435955.jpg
Cat1,20mph,lr,opposite,3,1624829522.8769288,/media/batool/MULTIMODAL_DATA/Multimodal_Data/Cat1/opposite/bag_files/Cat1_20mph_lr_opposite_3/camera_images/1624829522.8769288.jpg
Cat1,20mph,lr,opposite,3,1624829522.910262,/media/batool/MULTIMODAL_DATA/Multimodal_Data/Cat1/opposite/bag_files/Cat1_20mph_lr_opposite_3/camera_images/1624829522.910262.jpg
Cat1,20mph,lr,opposite,3,1624829522.9769287,/media/batool/MULTIMODAL_DATA/Multimodal_Data/Cat1/opposite/bag_files/Cat1_20mph_lr_opposite_3/camera_images/1624829522.9769287.jpg
Cat1,20mph,lr,opposite,3,1624829523.010262,/media/batool/MULTIMODAL_DATA/Multimodal_Data/Cat1/opposite/bag_files/Cat1_20mph_lr_opposite_3/camera_images/1624829523.010262.jpg
Cat1,20mph,lr,opposite,3,1624829523.0435953,/media/batool/MULTIMODAL_DATA/Multimodal_Data/Cat1/opposite/bag_files/Cat1_20mph_lr_opposite_3/camera_images/1624829523.0435953.jpg
Cat1,20mph,lr,opposite,3,1624829523.0769286,/media/batool/MULTIMODAL_DATA/Multimodal_Data/Cat1/opposite/bag_files/Cat1_20mph_lr_opposite_3/camera_images/1624829523.0769286.jpg
Cat1,20mph,lr,opposite,3,1624829523.110262,/media/batool/MULTIMODAL_DATA/Multimodal_Data/Cat1/opposite/bag_files/Cat1_20mph_lr_opposite_3/camera_images/1624829523.110262.jpg
Cat1,20mph,lr,opposite,3,1624829523.1435952,/media/batool/MULTIMODAL_DATA/Multimodal_Data/Cat1/opposite/bag_files/Cat1_20mph_lr_opposite_3/camera_images/1624829523.1435952.jpg
Cat1,20mph,lr,opposite,3,1624829523.1769285,/media/batool/MULTIMODAL_DATA/Multimodal_Data/Cat1/opposite/bag_files/Cat1_20mph_lr_opposite_3/camera_images/1624829523.1769285.jpg
Cat1,20mph,lr,opposite,3,1624829523.2102618,/media/batool/MULTIMODAL_DATA/Multimodal_Data/Cat1/opposite/bag_files/Cat1_20mph_lr_opposite_3/camera_images/1624829523.2102618.jpg
Cat1,20mph,lr,opposite,3,1624829523.2435951,/media/batool/MULTIMODAL_DATA/Multimodal_Data/Cat1/opposite/bag_files/Cat1_20mph_lr_opposite_3/camera_images/1624829523.2435951.jpg
Cat1,20mph,lr,opposite,3,1624829523.2769284,/media/batool/MULTIMODAL_DATA/Multimodal_Data/Cat1/opposite/bag_files/Cat1_20mph_lr_opposite_3/camera_images/1624829523.2769284.jpg
Cat1,20mph,lr,opposite,3,1624829523.3102617,/media/batool/MULTIMODAL_DATA/Multimodal_Data/Cat1/opposite/bag_files/Cat1_20mph_lr_opposite_3/camera_images/1624829523.3102617.jpg
Cat1,20mph,lr,opposite,3,1624829523.343595,/media/batool/MULTIMODAL_DATA/Multimodal_Data/Cat1/opposite/bag_files/Cat1_20mph_lr_opposite_3/camera_images/1624829523.343595.jpg
Cat1,20mph,lr,opposite,3,1624829523.3769283,/media/batool/MULTIMODAL_DATA/Multimodal_Data/Cat1/opposite/bag_files/Cat1_20mph_lr_opposite_3/camera_images/1624829523.3769283.jpg
Cat1,20mph,lr,opposite,3,1624829523.4102616,/media/batool/MULTIMODAL_DATA/Multimodal_Data/Cat1/opposite/bag_files/Cat1_20mph_lr_opposite_3/camera_images/1624829523.4102616.jpg
Cat1,20mph,lr,opposite,3,1624829523.443595,/media/batool/MULTIMODAL_DATA/Multimodal_Data/Cat1/opposite/bag_files/Cat1_20mph_lr_opposite_3/camera_images/1624829523.443595.jpg
Cat1,20mph,lr,opposite,3,1624829523.5102615,/media/batool/MULTIMODAL_DATA/Multimodal_Data/Cat1/opposite/bag_files/Cat1_20mph_lr_opposite_3/camera_images/1624829523.5102615.jpg
Cat1,20mph,lr,opposite,3,1624829523.5435948,/media/batool/MULTIMODAL_DATA/Multimodal_Data/Cat1/opposite/bag_files/Cat1_20mph_lr_opposite_3/camera_images/1624829523.5435948.jpg
Cat1,20mph,lr,opposite,3,1624829523.5769281,/media/batool/MULTIMODAL_DATA/Multimodal_Data/Cat1/opposite/bag_files/Cat1_20mph_lr_opposite_3/camera_images/1624829523.5769281.jpg
Cat1,20mph,lr,opposite,3,1624829523.6102614,/media/batool/MULTIMODAL_DATA/Multimodal_Data/Cat1/opposite/bag_files/Cat1_20mph_lr_opposite_3/camera_images/1624829523.6102614.jpg
Cat1,20mph,lr,opposite,3,1624829523.6435947,/media/batool/MULTIMODAL_DATA/Multimodal_Data/Cat1/opposite/bag_files/Cat1_20mph_lr_opposite_3/camera_images/1624829523.6435947.jpg
Cat1,20mph,lr,opposite,3,1624829523.676928,/media/batool/MULTIMODAL_DATA/Multimodal_Data/Cat1/opposite/bag_files/Cat1_20mph_lr_opposite_3/camera_images/1624829523.676928.jpg
Cat1,20mph,lr,opposite,3,1624829523.7102613,/media/batool/MULTIMODAL_DATA/Multimodal_Data/Cat1/opposite/bag_files/Cat1_20mph_lr_opposite_3/camera_images/1624829523.7102613.jpg
Cat1,20mph,lr,opposite,3,1624829523.7435946,/media/batool/MULTIMODAL_DATA/Multimodal_Data/Cat1/opposite/bag_files/Cat1_20mph_lr_opposite_3/camera_images/1624829523.7435946.jpg
Cat1,20mph,lr,opposite,3,1624829523.776928,/media/batool/MULTIMODAL_DATA/Multimodal_Data/Cat1/opposite/bag_files/Cat1_20mph_lr_opposite_3/camera_images/1624829523.776928.jpg
Cat1,20mph,lr,opposite,3,1624829523.8102612,/media/batool/MULTIMODAL_DATA/Multimodal_Data/Cat1/opposite/bag_files/Cat1_20mph_lr_opposite_3/camera_images/1624829523.8102612.jpg
Cat1,20mph,lr,opposite,3,1624829523.8435946,/media/batool/MULTIMODAL_DATA/Multimodal_Data/Cat1/opposite/bag_files/Cat1_20mph_lr_opposite_3/camera_images/1624829523.8435946.jpg
Cat1,20mph,lr,opposite,3,1624829523.8769279,/media/batool/MULTIMODAL_DATA/Multimodal_Data/Cat1/opposite/bag_files/Cat1_20mph_lr_opposite_3/camera_images/1624829523.8769279.jpg
Cat1,20mph,lr,opposite,3,1624829523.9102612,/media/batool/MULTIMODAL_DATA/Multimodal_Data/Cat1/opposite/bag_files/Cat1_20mph_lr_opposite_3/camera_images/1624829523.9102612.jpg
Cat1,20mph,lr,opposite,3,1624829523.9435945,/media/batool/MULTIMODAL_DATA/Multimodal_Data/Cat1/opposite/bag_files/Cat1_20mph_lr_opposite_3/camera_images/1624829523.9435945.jpg
Cat1,20mph,lr,opposite,3,1624829523.9769278,/media/batool/MULTIMODAL_DATA/Multimodal_Data/Cat1/opposite/bag_files/Cat1_20mph_lr_opposite_3/camera_images/1624829523.9769278.jpg
Cat1,20mph,lr,opposite,3,1624829524.0435944,/media/batool/MULTIMODAL_DATA/Multimodal_Data/Cat1/opposite/bag_files/Cat1_20mph_lr_opposite_3/camera_images/1624829524.0435944.jpg
Cat1,20mph,lr,opposite,3,1624829524.0769277,/media/batool/MULTIMODAL_DATA/Multimodal_Data/Cat1/opposite/bag_files/Cat1_20mph_lr_opposite_3/camera_images/1624829524.0769277.jpg
Cat1,20mph,lr,opposite,3,1624829524.110261,/media/batool/MULTIMODAL_DATA/Multimodal_Data/Cat1/opposite/bag_files/Cat1_20mph_lr_opposite_3/camera_images/1624829524.110261.jpg
Cat1,20mph,lr,opposite,3,1624829524.1435943,/media/batool/MULTIMODAL_DATA/Multimodal_Data/Cat1/opposite/bag_files/Cat1_20mph_lr_opposite_3/camera_images/1624829524.1435943.jpg
Cat1,20mph,lr,opposite,3,1624829524.1769276,/media/batool/MULTIMODAL_DATA/Multimodal_Data/Cat1/opposite/bag_files/Cat1_20mph_lr_opposite_3/camera_images/1624829524.1769276.jpg
Cat1,20mph,lr,opposite,3,1624829524.2102609,/media/batool/MULTIMODAL_DATA/Multimodal_Data/Cat1/opposite/bag_files/Cat1_20mph_lr_opposite_3/camera_images/1624829524.2102609.jpg
Cat1,20mph,lr,opposite,3,1624829524.2435942,/media/batool/MULTIMODAL_DATA/Multimodal_Data/Cat1/opposite/bag_files/Cat1_20mph_lr_opposite_3/camera_images/1624829524.2435942.jpg
Cat1,20mph,lr,opposite,3,1624829524.2769275,/media/batool/MULTIMODAL_DATA/Multimodal_Data/Cat1/opposite/bag_files/Cat1_20mph_lr_opposite_3/camera_images/1624829524.2769275.jpg
Cat1,20mph,lr,opposite,3,1624829524.3102608,/media/batool/MULTIMODAL_DATA/Multimodal_Data/Cat1/opposite/bag_files/Cat1_20mph_lr_opposite_3/camera_images/1624829524.3102608.jpg
Cat1,20mph,lr,opposite,3,1624829524.343594,/media/batool/MULTIMODAL_DATA/Multimodal_Data/Cat1/opposite/bag_files/Cat1_20mph_lr_opposite_3/camera_images/1624829524.343594.jpg
Cat1,20mph,lr,opposite,3,1624829524.3769274,/media/batool/MULTIMODAL_DATA/Multimodal_Data/Cat1/opposite/bag_files/Cat1_20mph_lr_opposite_3/camera_images/1624829524.3769274.jpg
Cat1,20mph,lr,opposite,3,1624829524.4102607,/media/batool/MULTIMODAL_DATA/Multimodal_Data/Cat1/opposite/bag_files/Cat1_20mph_lr_opposite_3/camera_images/1624829524.4102607.jpg
Cat1,20mph,lr,opposite,3,1624829524.443594,/media/batool/MULTIMODAL_DATA/Multimodal_Data/Cat1/opposite/bag_files/Cat1_20mph_lr_opposite_3/camera_images/1624829524.443594.jpg
Cat1,20mph,lr,opposite,3,1624829524.4769273,/media/batool/MULTIMODAL_DATA/Multimodal_Data/Cat1/opposite/bag_files/Cat1_20mph_lr_opposite_3/camera_images/1624829524.4769273.jpg
Cat1,20mph,lr,opposite,3,1624829524.5102606,/media/batool/MULTIMODAL_DATA/Multimodal_Data/Cat1/opposite/bag_files/Cat1_20mph_lr_opposite_3/camera_images/1624829524.5102606.jpg
Cat1,20mph,lr,opposite,3,1624829524.5769272,/media/batool/MULTIMODAL_DATA/Multimodal_Data/Cat1/opposite/bag_files/Cat1_20mph_lr_opposite_3/camera_images/1624829524.5769272.jpg
Cat1,20mph,lr,opposite,3,1624829524.6102605,/media/batool/MULTIMODAL_DATA/Multimodal_Data/Cat1/opposite/bag_files/Cat1_20mph_lr_opposite_3/camera_images/1624829524.6102605.jpg
Cat1,20mph,lr,opposite,3,1624829524.6435938,/media/batool/MULTIMODAL_DATA/Multimodal_Data/Cat1/opposite/bag_files/Cat1_20mph_lr_opposite_3/camera_images/1624829524.6435938.jpg
Cat1,20mph,lr,opposite,3,1624829524.676927,/media/batool/MULTIMODAL_DATA/Multimodal_Data/Cat1/opposite/bag_files/Cat1_20mph_lr_opposite_3/camera_images/1624829524.676927.jpg
Cat1,20mph,lr,opposite,3,1624829524.7102604,/media/batool/MULTIMODAL_DATA/Multimodal_Data/Cat1/opposite/bag_files/Cat1_20mph_lr_opposite_3/camera_images/1624829524.7102604.jpg
Cat1,20mph,lr,opposite,3,1624829524.7435937,/media/batool/MULTIMODAL_DATA/Multimodal_Data/Cat1/opposite/bag_files/Cat1_20mph_lr_opposite_3/camera_images/1624829524.7435937.jpg
Cat1,20mph,lr,opposite,3,1624829524.776927,/media/batool/MULTIMODAL_DATA/Multimodal_Data/Cat1/opposite/bag_files/Cat1_20mph_lr_opposite_3/camera_images/1624829524.776927.jpg
Cat1,20mph,lr,opposite,3,1624829524.8102603,/media/batool/MULTIMODAL_DATA/Multimodal_Data/Cat1/opposite/bag_files/Cat1_20mph_lr_opposite_3/camera_images/1624829524.8102603.jpg
Cat1,20mph,lr,opposite,3,1624829524.8435936,/media/batool/MULTIMODAL_DATA/Multimodal_Data/Cat1/opposite/bag_files/Cat1_20mph_lr_opposite_3/camera_images/1624829524.8435936.jpg
Cat1,20mph,lr,opposite,3,1624829524.876927,/media/batool/MULTIMODAL_DATA/Multimodal_Data/Cat1/opposite/bag_files/Cat1_20mph_lr_opposite_3/camera_images/1624829524.876927.jpg
Cat1,20mph,lr,opposite,3,1624829524.9102602,/media/batool/MULTIMODAL_DATA/Multimodal_Data/Cat1/opposite/bag_files/Cat1_20mph_lr_opposite_3/camera_images/1624829524.9102602.jpg
Cat1,20mph,lr,opposite,3,1624829524.9435935,/media/batool/MULTIMODAL_DATA/Multimodal_Data/Cat1/opposite/bag_files/Cat1_20mph_lr_opposite_3/camera_images/1624829524.9435935.jpg
Cat1,20mph,lr,opposite,3,1624829524.9769268,/media/batool/MULTIMODAL_DATA/Multimodal_Data/Cat1/opposite/bag_files/Cat1_20mph_lr_opposite_3/camera_images/1624829524.9769268.jpg
Cat1,20mph,lr,opposite,3,1624829525.01026,/media/batool/MULTIMODAL_DATA/Multimodal_Data/Cat1/opposite/bag_files/Cat1_20mph_lr_opposite_3/camera_images/1624829525.01026.jpg
Cat1,20mph,lr,opposite,3,1624829525.0435934,/media/batool/MULTIMODAL_DATA/Multimodal_Data/Cat1/opposite/bag_files/Cat1_20mph_lr_opposite_3/camera_images/1624829525.0435934.jpg
Cat1,20mph,lr,opposite,3,1624829525.11026,/media/batool/MULTIMODAL_DATA/Multimodal_Data/Cat1/opposite/bag_files/Cat1_20mph_lr_opposite_3/camera_images/1624829525.11026.jpg
Cat1,20mph,lr,opposite,3,1624829525.1435933,/media/batool/MULTIMODAL_DATA/Multimodal_Data/Cat1/opposite/bag_files/Cat1_20mph_lr_opposite_3/camera_images/1624829525.1435933.jpg
Cat1,20mph,lr,opposite,3,1624829525.1769266,/media/batool/MULTIMODAL_DATA/Multimodal_Data/Cat1/opposite/bag_files/Cat1_20mph_lr_opposite_3/camera_images/1624829525.1769266.jpg
Cat1,20mph,lr,opposite,3,1624829525.21026,/media/batool/MULTIMODAL_DATA/Multimodal_Data/Cat1/opposite/bag_files/Cat1_20mph_lr_opposite_3/camera_images/1624829525.21026.jpg
Cat1,20mph,lr,opposite,3,1624829525.2435932,/media/batool/MULTIMODAL_DATA/Multimodal_Data/Cat1/opposite/bag_files/Cat1_20mph_lr_opposite_3/camera_images/1624829525.2435932.jpg
Cat1,20mph,lr,opposite,3,1624829525.2769265,/media/batool/MULTIMODAL_DATA/Multimodal_Data/Cat1/opposite/bag_files/Cat1_20mph_lr_opposite_3/camera_images/1624829525.2769265.jpg
Cat1,20mph,lr,opposite,3,1624829525.3102598,/media/batool/MULTIMODAL_DATA/Multimodal_Data/Cat1/opposite/bag_files/Cat1_20mph_lr_opposite_3/camera_images/1624829525.3102598.jpg
Cat1,20mph,lr,opposite,3,1624829525.3435931,/media/batool/MULTIMODAL_DATA/Multimodal_Data/Cat1/opposite/bag_files/Cat1_20mph_lr_opposite_3/camera_images/1624829525.3435931.jpg
Cat1,20mph,lr,opposite,3,1624829525.3769264,/media/batool/MULTIMODAL_DATA/Multimodal_Data/Cat1/opposite/bag_files/Cat1_20mph_lr_opposite_3/camera_images/1624829525.3769264.jpg
Cat1,20mph,lr,opposite,3,1624829525.4102597,/media/batool/MULTIMODAL_DATA/Multimodal_Data/Cat1/opposite/bag_files/Cat1_20mph_lr_opposite_3/camera_images/1624829525.4102597.jpg
Cat1,20mph,lr,opposite,3,1624829525.443593,/media/batool/MULTIMODAL_DATA/Multimodal_Data/Cat1/opposite/bag_files/Cat1_20mph_lr_opposite_3/camera_images/1624829525.443593.jpg
Cat1,20mph,lr,opposite,3,1624829525.4769263,/media/batool/MULTIMODAL_DATA/Multimodal_Data/Cat1/opposite/bag_files/Cat1_20mph_lr_opposite_3/camera_images/1624829525.4769263.jpg
Cat1,20mph,lr,opposite,3,1624829525.5102596,/media/batool/MULTIMODAL_DATA/Multimodal_Data/Cat1/opposite/bag_files/Cat1_20mph_lr_opposite_3/camera_images/1624829525.5102596.jpg
Cat1,20mph,lr,opposite,3,1624829525.543593,/media/batool/MULTIMODAL_DATA/Multimodal_Data/Cat1/opposite/bag_files/Cat1_20mph_lr_opposite_3/camera_images/1624829525.543593.jpg
Cat1,20mph,lr,opposite,3,1624829525.5769262,/media/batool/MULTIMODAL_DATA/Multimodal_Data/Cat1/opposite/bag_files/Cat1_20mph_lr_opposite_3/camera_images/1624829525.5769262.jpg
Cat1,20mph,lr,opposite,3,1624829525.6435928,/media/batool/MULTIMODAL_DATA/Multimodal_Data/Cat1/opposite/bag_files/Cat1_20mph_lr_opposite_3/camera_images/1624829525.6435928.jpg
Cat1,20mph,lr,opposite,3,1624829525.6769261,/media/batool/MULTIMODAL_DATA/Multimodal_Data/Cat1/opposite/bag_files/Cat1_20mph_lr_opposite_3/camera_images/1624829525.6769261.jpg
Cat1,20mph,lr,opposite,3,1624829525.7102594,/media/batool/MULTIMODAL_DATA/Multimodal_Data/Cat1/opposite/bag_files/Cat1_20mph_lr_opposite_3/camera_images/1624829525.7102594.jpg
Cat1,20mph,lr,opposite,3,1624829525.7435927,/media/batool/MULTIMODAL_DATA/Multimodal_Data/Cat1/opposite/bag_files/Cat1_20mph_lr_opposite_3/camera_images/1624829525.7435927.jpg
Cat1,20mph,lr,opposite,3,1624829525.776926,/media/batool/MULTIMODAL_DATA/Multimodal_Data/Cat1/opposite/bag_files/Cat1_20mph_lr_opposite_3/camera_images/1624829525.776926.jpg
Cat1,20mph,lr,opposite,3,1624829525.8102593,/media/batool/MULTIMODAL_DATA/Multimodal_Data/Cat1/opposite/bag_files/Cat1_20mph_lr_opposite_3/camera_images/1624829525.8102593.jpg
Cat1,20mph,lr,opposite,3,1624829525.8435926,/media/batool/MULTIMODAL_DATA/Multimodal_Data/Cat1/opposite/bag_files/Cat1_20mph_lr_opposite_3/camera_images/1624829525.8435926.jpg
Cat1,20mph,lr,opposite,3,1624829525.876926,/media/batool/MULTIMODAL_DATA/Multimodal_Data/Cat1/opposite/bag_files/Cat1_20mph_lr_opposite_3/camera_images/1624829525.876926.jpg
Cat1,20mph,lr,opposite,3,1624829525.9102592,/media/batool/MULTIMODAL_DATA/Multimodal_Data/Cat1/opposite/bag_files/Cat1_20mph_lr_opposite_3/camera_images/1624829525.9102592.jpg
Cat1,20mph,lr,opposite,3,1624829525.9435925,/media/batool/MULTIMODAL_DATA/Multimodal_Data/Cat1/opposite/bag_files/Cat1_20mph_lr_opposite_3/camera_images/1624829525.9435925.jpg
Cat1,20mph,lr,opposite,3,1624829525.9769258,/media/batool/MULTIMODAL_DATA/Multimodal_Data/Cat1/opposite/bag_files/Cat1_20mph_lr_opposite_3/camera_images/1624829525.9769258.jpg
Cat1,20mph,lr,opposite,3,1624829526.0102592,/media/batool/MULTIMODAL_DATA/Multimodal_Data/Cat1/opposite/bag_files/Cat1_20mph_lr_opposite_3/camera_images/1624829526.0102592.jpg
Cat1,20mph,lr,opposite,3,1624829526.0435925,/media/batool/MULTIMODAL_DATA/Multimodal_Data/Cat1/opposite/bag_files/Cat1_20mph_lr_opposite_3/camera_images/1624829526.0435925.jpg
Cat1,20mph,lr,opposite,3,1624829526.0769258,/media/batool/MULTIMODAL_DATA/Multimodal_Data/Cat1/opposite/bag_files/Cat1_20mph_lr_opposite_3/camera_images/1624829526.0769258.jpg
Cat1,20mph,lr,opposite,3,1624829526.110259,/media/batool/MULTIMODAL_DATA/Multimodal_Data/Cat1/opposite/bag_files/Cat1_20mph_lr_opposite_3/camera_images/1624829526.110259.jpg
Cat1,20mph,lr,opposite,3,1624829526.1769257,/media/batool/MULTIMODAL_DATA/Multimodal_Data/Cat1/opposite/bag_files/Cat1_20mph_lr_opposite_3/camera_images/1624829526.1769257.jpg
Cat1,20mph,lr,opposite,3,1624829526.210259,/media/batool/MULTIMODAL_DATA/Multimodal_Data/Cat1/opposite/bag_files/Cat1_20mph_lr_opposite_3/camera_images/1624829526.210259.jpg
Cat1,20mph,lr,opposite,3,1624829526.2435923,/media/batool/MULTIMODAL_DATA/Multimodal_Data/Cat1/opposite/bag_files/Cat1_20mph_lr_opposite_3/camera_images/1624829526.2435923.jpg
Cat1,20mph,lr,opposite,3,1624829526.2769256,/media/batool/MULTIMODAL_DATA/Multimodal_Data/Cat1/opposite/bag_files/Cat1_20mph_lr_opposite_3/camera_images/1624829526.2769256.jpg
Cat1,20mph,lr,opposite,3,1624829526.3102589,/media/batool/MULTIMODAL_DATA/Multimodal_Data/Cat1/opposite/bag_files/Cat1_20mph_lr_opposite_3/camera_images/1624829526.3102589.jpg
Cat1,20mph,lr,opposite,3,1624829526.3435922,/media/batool/MULTIMODAL_DATA/Multimodal_Data/Cat1/opposite/bag_files/Cat1_20mph_lr_opposite_3/camera_images/1624829526.3435922.jpg
Cat1,20mph,lr,opposite,3,1624829526.3769255,/media/batool/MULTIMODAL_DATA/Multimodal_Data/Cat1/opposite/bag_files/Cat1_20mph_lr_opposite_3/camera_images/1624829526.3769255.jpg
Cat1,20mph,lr,opposite,3,1624829526.4102588,/media/batool/MULTIMODAL_DATA/Multimodal_Data/Cat1/opposite/bag_files/Cat1_20mph_lr_opposite_3/camera_images/1624829526.4102588.jpg
Cat1,20mph,lr,opposite,3,1624829526.443592,/media/batool/MULTIMODAL_DATA/Multimodal_Data/Cat1/opposite/bag_files/Cat1_20mph_lr_opposite_3/camera_images/1624829526.443592.jpg
Cat1,20mph,lr,opposite,3,1624829526.4769254,/media/batool/MULTIMODAL_DATA/Multimodal_Data/Cat1/opposite/bag_files/Cat1_20mph_lr_opposite_3/camera_images/1624829526.4769254.jpg
Cat1,20mph,lr,opposite,3,1624829526.5102587,/media/batool/MULTIMODAL_DATA/Multimodal_Data/Cat1/opposite/bag_files/Cat1_20mph_lr_opposite_3/camera_images/1624829526.5102587.jpg
Cat1,20mph,lr,opposite,3,1624829526.543592,/media/batool/MULTIMODAL_DATA/Multimodal_Data/Cat1/opposite/bag_files/Cat1_20mph_lr_opposite_3/camera_images/1624829526.543592.jpg
Cat1,20mph,lr,opposite,3,1624829526.5769253,/media/batool/MULTIMODAL_DATA/Multimodal_Data/Cat1/opposite/bag_files/Cat1_20mph_lr_opposite_3/camera_images/1624829526.5769253.jpg
Cat1,20mph,lr,opposite,3,1624829526.6102586,/media/batool/MULTIMODAL_DATA/Multimodal_Data/Cat1/opposite/bag_files/Cat1_20mph_lr_opposite_3/camera_images/1624829526.6102586.jpg
Cat1,20mph,lr,opposite,3,1624829526.643592,/media/batool/MULTIMODAL_DATA/Multimodal_Data/Cat1/opposite/bag_files/Cat1_20mph_lr_opposite_3/camera_images/1624829526.643592.jpg
Cat1,20mph,lr,opposite,3,1624829526.7102585,/media/batool/MULTIMODAL_DATA/Multimodal_Data/Cat1/opposite/bag_files/Cat1_20mph_lr_opposite_3/camera_images/1624829526.7102585.jpg
Cat1,20mph,lr,opposite,3,1624829526.7435918,/media/batool/MULTIMODAL_DATA/Multimodal_Data/Cat1/opposite/bag_files/Cat1_20mph_lr_opposite_3/camera_images/1624829526.7435918.jpg
Cat1,20mph,lr,opposite,3,1624829526.776925,/media/batool/MULTIMODAL_DATA/Multimodal_Data/Cat1/opposite/bag_files/Cat1_20mph_lr_opposite_3/camera_images/1624829526.776925.jpg
Cat1,20mph,lr,opposite,3,1624829526.8102584,/media/batool/MULTIMODAL_DATA/Multimodal_Data/Cat1/opposite/bag_files/Cat1_20mph_lr_opposite_3/camera_images/1624829526.8102584.jpg
Cat1,20mph,lr,opposite,3,1624829526.8435917,/media/batool/MULTIMODAL_DATA/Multimodal_Data/Cat1/opposite/bag_files/Cat1_20mph_lr_opposite_3/camera_images/1624829526.8435917.jpg
Cat1,20mph,lr,opposite,3,1624829526.876925,/media/batool/MULTIMODAL_DATA/Multimodal_Data/Cat1/opposite/bag_files/Cat1_20mph_lr_opposite_3/camera_images/1624829526.876925.jpg
Cat1,20mph,lr,opposite,3,1624829526.9102583,/media/batool/MULTIMODAL_DATA/Multimodal_Data/Cat1/opposite/bag_files/Cat1_20mph_lr_opposite_3/camera_images/1624829526.9102583.jpg
Cat1,20mph,lr,opposite,3,1624829526.9435916,/media/batool/MULTIMODAL_DATA/Multimodal_Data/Cat1/opposite/bag_files/Cat1_20mph_lr_opposite_3/camera_images/1624829526.9435916.jpg
Cat1,20mph,lr,opposite,3,1624829526.976925,/media/batool/MULTIMODAL_DATA/Multimodal_Data/Cat1/opposite/bag_files/Cat1_20mph_lr_opposite_3/camera_images/1624829526.976925.jpg
Cat1,20mph,lr,opposite,3,1624829527.0102582,/media/batool/MULTIMODAL_DATA/Multimodal_Data/Cat1/opposite/bag_files/Cat1_20mph_lr_opposite_3/camera_images/1624829527.0102582.jpg
Cat1,20mph,lr,opposite,3,1624829527.0435915,/media/batool/MULTIMODAL_DATA/Multimodal_Data/Cat1/opposite/bag_files/Cat1_20mph_lr_opposite_3/camera_images/1624829527.0435915.jpg
Cat1,20mph,lr,opposite,3,1624829527.0769248,/media/batool/MULTIMODAL_DATA/Multimodal_Data/Cat1/opposite/bag_files/Cat1_20mph_lr_opposite_3/camera_images/1624829527.0769248.jpg
Cat1,20mph,lr,opposite,3,1624829527.110258,/media/batool/MULTIMODAL_DATA/Multimodal_Data/Cat1/opposite/bag_files/Cat1_20mph_lr_opposite_3/camera_images/1624829527.110258.jpg
Cat1,20mph,lr,opposite,3,1624829527.1435914,/media/batool/MULTIMODAL_DATA/Multimodal_Data/Cat1/opposite/bag_files/Cat1_20mph_lr_opposite_3/camera_images/1624829527.1435914.jpg
Cat1,20mph,lr,opposite,3,1624829527.1769247,/media/batool/MULTIMODAL_DATA/Multimodal_Data/Cat1/opposite/bag_files/Cat1_20mph_lr_opposite_3/camera_images/1624829527.1769247.jpg
Cat1,20mph,lr,opposite,3,1624829527.2435913,/media/batool/MULTIMODAL_DATA/Multimodal_Data/Cat1/opposite/bag_files/Cat1_20mph_lr_opposite_3/camera_images/1624829527.2435913.jpg
Cat1,20mph,lr,opposite,3,1624829527.2769246,/media/batool/MULTIMODAL_DATA/Multimodal_Data/Cat1/opposite/bag_files/Cat1_20mph_lr_opposite_3/camera_images/1624829527.2769246.jpg
Cat1,20mph,lr,opposite,3,1624829527.310258,/media/batool/MULTIMODAL_DATA/Multimodal_Data/Cat1/opposite/bag_files/Cat1_20mph_lr_opposite_3/camera_images/1624829527.310258.jpg
Cat1,20mph,lr,opposite,3,1624829527.3435912,/media/batool/MULTIMODAL_DATA/Multimodal_Data/Cat1/opposite/bag_files/Cat1_20mph_lr_opposite_3/camera_images/1624829527.3435912.jpg
Cat1,20mph,lr,opposite,3,1624829527.3769245,/media/batool/MULTIMODAL_DATA/Multimodal_Data/Cat1/opposite/bag_files/Cat1_20mph_lr_opposite_3/camera_images/1624829527.3769245.jpg
Cat1,20mph,lr,opposite,3,1624829527.4102578,/media/batool/MULTIMODAL_DATA/Multimodal_Data/Cat1/opposite/bag_files/Cat1_20mph_lr_opposite_3/camera_images/1624829527.4102578.jpg
Cat1,20mph,lr,opposite,3,1624829527.443591,/media/batool/MULTIMODAL_DATA/Multimodal_Data/Cat1/opposite/bag_files/Cat1_20mph_lr_opposite_3/camera_images/1624829527.443591.jpg
Cat1,20mph,lr,opposite,3,1624829527.4769244,/media/batool/MULTIMODAL_DATA/Multimodal_Data/Cat1/opposite/bag_files/Cat1_20mph_lr_opposite_3/camera_images/1624829527.4769244.jpg
Cat1,20mph,lr,opposite,3,1624829527.5102577,/media/batool/MULTIMODAL_DATA/Multimodal_Data/Cat1/opposite/bag_files/Cat1_20mph_lr_opposite_3/camera_images/1624829527.5102577.jpg
Cat1,20mph,lr,opposite,3,1624829527.543591,/media/batool/MULTIMODAL_DATA/Multimodal_Data/Cat1/opposite/bag_files/Cat1_20mph_lr_opposite_3/camera_images/1624829527.543591.jpg
Cat1,20mph,lr,opposite,3,1624829527.5769243,/media/batool/MULTIMODAL_DATA/Multimodal_Data/Cat1/opposite/bag_files/Cat1_20mph_lr_opposite_3/camera_images/1624829527.5769243.jpg
Cat1,20mph,lr,opposite,3,1624829527.6102576,/media/batool/MULTIMODAL_DATA/Multimodal_Data/Cat1/opposite/bag_files/Cat1_20mph_lr_opposite_3/camera_images/1624829527.6102576.jpg
Cat1,20mph,lr,opposite,3,1624829527.643591,/media/batool/MULTIMODAL_DATA/Multimodal_Data/Cat1/opposite/bag_files/Cat1_20mph_lr_opposite_3/camera_images/1624829527.643591.jpg
Cat1,20mph,lr,opposite,3,1624829527.6769242,/media/batool/MULTIMODAL_DATA/Multimodal_Data/Cat1/opposite/bag_files/Cat1_20mph_lr_opposite_3/camera_images/1624829527.6769242.jpg
Cat1,20mph,lr,opposite,3,1624829527.7102575,/media/batool/MULTIMODAL_DATA/Multimodal_Data/Cat1/opposite/bag_files/Cat1_20mph_lr_opposite_3/camera_images/1624829527.7102575.jpg
Cat1,20mph,lr,opposite,3,1624829527.7769241,/media/batool/MULTIMODAL_DATA/Multimodal_Data/Cat1/opposite/bag_files/Cat1_20mph_lr_opposite_3/camera_images/1624829527.7769241.jpg
Cat1,20mph,lr,opposite,3,1624829527.8102574,/media/batool/MULTIMODAL_DATA/Multimodal_Data/Cat1/opposite/bag_files/Cat1_20mph_lr_opposite_3/camera_images/1624829527.8102574.jpg
Cat1,20mph,lr,opposite,3,1624829527.8435907,/media/batool/MULTIMODAL_DATA/Multimodal_Data/Cat1/opposite/bag_files/Cat1_20mph_lr_opposite_3/camera_images/1624829527.8435907.jpg
Cat1,20mph,lr,opposite,3,1624829527.876924,/media/batool/MULTIMODAL_DATA/Multimodal_Data/Cat1/opposite/bag_files/Cat1_20mph_lr_opposite_3/camera_images/1624829527.876924.jpg
Cat1,20mph,lr,opposite,3,1624829527.9102573,/media/batool/MULTIMODAL_DATA/Multimodal_Data/Cat1/opposite/bag_files/Cat1_20mph_lr_opposite_3/camera_images/1624829527.9102573.jpg
Cat1,20mph,lr,opposite,3,1624829527.9435906,/media/batool/MULTIMODAL_DATA/Multimodal_Data/Cat1/opposite/bag_files/Cat1_20mph_lr_opposite_3/camera_images/1624829527.9435906.jpg
Cat1,20mph,lr,opposite,3,1624829527.976924,/media/batool/MULTIMODAL_DATA/Multimodal_Data/Cat1/opposite/bag_files/Cat1_20mph_lr_opposite_3/camera_images/1624829527.976924.jpg
Cat1,20mph,lr,opposite,3,1624829528.0102572,/media/batool/MULTIMODAL_DATA/Multimodal_Data/Cat1/opposite/bag_files/Cat1_20mph_lr_opposite_3/camera_images/1624829528.0102572.jpg
Cat1,20mph,lr,opposite,3,1624829528.0435905,/media/batool/MULTIMODAL_DATA/Multimodal_Data/Cat1/opposite/bag_files/Cat1_20mph_lr_opposite_3/camera_images/1624829528.0435905.jpg
Cat1,20mph,lr,opposite,3,1624829528.0769238,/media/batool/MULTIMODAL_DATA/Multimodal_Data/Cat1/opposite/bag_files/Cat1_20mph_lr_opposite_3/camera_images/1624829528.0769238.jpg
Cat1,20mph,lr,opposite,3,1624829528.1102571,/media/batool/MULTIMODAL_DATA/Multimodal_Data/Cat1/opposite/bag_files/Cat1_20mph_lr_opposite_3/camera_images/1624829528.1102571.jpg
Cat1,20mph,lr,opposite,3,1624829528.1435905,/media/batool/MULTIMODAL_DATA/Multimodal_Data/Cat1/opposite/bag_files/Cat1_20mph_lr_opposite_3/camera_images/1624829528.1435905.jpg
Cat1,20mph,lr,opposite,3,1624829528.1769238,/media/batool/MULTIMODAL_DATA/Multimodal_Data/Cat1/opposite/bag_files/Cat1_20mph_lr_opposite_3/camera_images/1624829528.1769238.jpg
Cat1,20mph,lr,opposite,3,1624829528.210257,/media/batool/MULTIMODAL_DATA/Multimodal_Data/Cat1/opposite/bag_files/Cat1_20mph_lr_opposite_3/camera_images/1624829528.210257.jpg
Cat1,20mph,lr,opposite,3,1624829528.2435904,/media/batool/MULTIMODAL_DATA/Multimodal_Data/Cat1/opposite/bag_files/Cat1_20mph_lr_opposite_3/camera_images/1624829528.2435904.jpg
Cat1,20mph,lr,opposite,3,1624829528.310257,/media/batool/MULTIMODAL_DATA/Multimodal_Data/Cat1/opposite/bag_files/Cat1_20mph_lr_opposite_3/camera_images/1624829528.310257.jpg
Cat1,20mph,lr,opposite,3,1624829528.3435903,/media/batool/MULTIMODAL_DATA/Multimodal_Data/Cat1/opposite/bag_files/Cat1_20mph_lr_opposite_3/camera_images/1624829528.3435903.jpg
Cat1,20mph,lr,opposite,3,1624829528.3769236,/media/batool/MULTIMODAL_DATA/Multimodal_Data/Cat1/opposite/bag_files/Cat1_20mph_lr_opposite_3/camera_images/1624829528.3769236.jpg
Cat1,20mph,lr,opposite,3,1624829528.4102569,/media/batool/MULTIMODAL_DATA/Multimodal_Data/Cat1/opposite/bag_files/Cat1_20mph_lr_opposite_3/camera_images/1624829528.4102569.jpg
Cat1,20mph,lr,opposite,3,1624829528.4435902,/media/batool/MULTIMODAL_DATA/Multimodal_Data/Cat1/opposite/bag_files/Cat1_20mph_lr_opposite_3/camera_images/1624829528.4435902.jpg
Cat1,20mph,lr,opposite,3,1624829528.4769235,/media/batool/MULTIMODAL_DATA/Multimodal_Data/Cat1/opposite/bag_files/Cat1_20mph_lr_opposite_3/camera_images/1624829528.4769235.jpg
Cat1,20mph,lr,opposite,3,1624829528.5102568,/media/batool/MULTIMODAL_DATA/Multimodal_Data/Cat1/opposite/bag_files/Cat1_20mph_lr_opposite_3/camera_images/1624829528.5102568.jpg
Cat1,20mph,lr,opposite,3,1624829528.54359,/media/batool/MULTIMODAL_DATA/Multimodal_Data/Cat1/opposite/bag_files/Cat1_20mph_lr_opposite_3/camera_images/1624829528.54359.jpg
Cat1,20mph,lr,opposite,3,1624829528.5769234,/media/batool/MULTIMODAL_DATA/Multimodal_Data/Cat1/opposite/bag_files/Cat1_20mph_lr_opposite_3/camera_images/1624829528.5769234.jpg
Cat1,20mph,lr,opposite,3,1624829528.6102567,/media/batool/MULTIMODAL_DATA/Multimodal_Data/Cat1/opposite/bag_files/Cat1_20mph_lr_opposite_3/camera_images/1624829528.6102567.jpg
Cat1,20mph,lr,opposite,3,1624829528.64359,/media/batool/MULTIMODAL_DATA/Multimodal_Data/Cat1/opposite/bag_files/Cat1_20mph_lr_opposite_3/camera_images/1624829528.64359.jpg
Cat1,20mph,lr,opposite,3,1624829528.6769233,/media/batool/MULTIMODAL_DATA/Multimodal_Data/Cat1/opposite/bag_files/Cat1_20mph_lr_opposite_3/camera_images/1624829528.6769233.jpg
Cat1,20mph,lr,opposite,3,1624829528.7102566,/media/batool/MULTIMODAL_DATA/Multimodal_Data/Cat1/opposite/bag_files/Cat1_20mph_lr_opposite_3/camera_images/1624829528.7102566.jpg
Cat1,20mph,lr,opposite,3,1624829528.7435899,/media/batool/MULTIMODAL_DATA/Multimodal_Data/Cat1/opposite/bag_files/Cat1_20mph_lr_opposite_3/camera_images/1624829528.7435899.jpg
Cat1,20mph,lr,opposite,3,1624829528.7769232,/media/batool/MULTIMODAL_DATA/Multimodal_Data/Cat1/opposite/bag_files/Cat1_20mph_lr_opposite_3/camera_images/1624829528.7769232.jpg
Cat1,20mph,lr,opposite,3,1624829528.8435898,/media/batool/MULTIMODAL_DATA/Multimodal_Data/Cat1/opposite/bag_files/Cat1_20mph_lr_opposite_3/camera_images/1624829528.8435898.jpg
Cat1,20mph,lr,opposite,3,1624829528.876923,/media/batool/MULTIMODAL_DATA/Multimodal_Data/Cat1/opposite/bag_files/Cat1_20mph_lr_opposite_3/camera_images/1624829528.876923.jpg
Cat1,20mph,lr,opposite,3,1624829528.9102564,/media/batool/MULTIMODAL_DATA/Multimodal_Data/Cat1/opposite/bag_files/Cat1_20mph_lr_opposite_3/camera_images/1624829528.9102564.jpg
Cat1,20mph,lr,opposite,3,1624829528.9435897,/media/batool/MULTIMODAL_DATA/Multimodal_Data/Cat1/opposite/bag_files/Cat1_20mph_lr_opposite_3/camera_images/1624829528.9435897.jpg
Cat1,20mph,lr,opposite,3,1624829528.976923,/media/batool/MULTIMODAL_DATA/Multimodal_Data/Cat1/opposite/bag_files/Cat1_20mph_lr_opposite_3/camera_images/1624829528.976923.jpg
Cat1,20mph,lr,opposite,3,1624829529.0102563,/media/batool/MULTIMODAL_DATA/Multimodal_Data/Cat1/opposite/bag_files/Cat1_20mph_lr_opposite_3/camera_images/1624829529.0102563.jpg
Cat1,20mph,lr,opposite,3,1624829529.0435896,/media/batool/MULTIMODAL_DATA/Multimodal_Data/Cat1/opposite/bag_files/Cat1_20mph_lr_opposite_3/camera_images/1624829529.0435896.jpg
Cat1,20mph,lr,opposite,3,1624829529.076923,/media/batool/MULTIMODAL_DATA/Multimodal_Data/Cat1/opposite/bag_files/Cat1_20mph_lr_opposite_3/camera_images/1624829529.076923.jpg
Cat1,20mph,lr,opposite,3,1624829529.1102562,/media/batool/MULTIMODAL_DATA/Multimodal_Data/Cat1/opposite/bag_files/Cat1_20mph_lr_opposite_3/camera_images/1624829529.1102562.jpg
Cat1,20mph,lr,opposite,3,1624829529.1435895,/media/batool/MULTIMODAL_DATA/Multimodal_Data/Cat1/opposite/bag_files/Cat1_20mph_lr_opposite_3/camera_images/1624829529.1435895.jpg
Cat1,20mph,lr,opposite,3,1624829529.1769228,/media/batool/MULTIMODAL_DATA/Multimodal_Data/Cat1/opposite/bag_files/Cat1_20mph_lr_opposite_3/camera_images/1624829529.1769228.jpg
Cat1,20mph,lr,opposite,3,1624829529.210256,/media/batool/MULTIMODAL_DATA/Multimodal_Data/Cat1/opposite/bag_files/Cat1_20mph_lr_opposite_3/camera_images/1624829529.210256.jpg
Cat1,20mph,lr,opposite,3,1624829529.2435894,/media/batool/MULTIMODAL_DATA/Multimodal_Data/Cat1/opposite/bag_files/Cat1_20mph_lr_opposite_3/camera_images/1624829529.2435894.jpg
Cat1,20mph,lr,opposite,3,1624829529.2769227,/media/batool/MULTIMODAL_DATA/Multimodal_Data/Cat1/opposite/bag_files/Cat1_20mph_lr_opposite_3/camera_images/1624829529.2769227.jpg
Cat1,20mph,lr,opposite,3,1624829529.310256,/media/batool/MULTIMODAL_DATA/Multimodal_Data/Cat1/opposite/bag_files/Cat1_20mph_lr_opposite_3/camera_images/1624829529.310256.jpg
Cat1,20mph,lr,opposite,3,1624829529.3769226,/media/batool/MULTIMODAL_DATA/Multimodal_Data/Cat1/opposite/bag_files/Cat1_20mph_lr_opposite_3/camera_images/1624829529.3769226.jpg
Cat1,20mph,lr,opposite,3,1624829529.410256,/media/batool/MULTIMODAL_DATA/Multimodal_Data/Cat1/opposite/bag_files/Cat1_20mph_lr_opposite_3/camera_images/1624829529.410256.jpg
Cat1,20mph,lr,opposite,3,1624829529.4435892,/media/batool/MULTIMODAL_DATA/Multimodal_Data/Cat1/opposite/bag_files/Cat1_20mph_lr_opposite_3/camera_images/1624829529.4435892.jpg
Cat1,20mph,lr,opposite,3,1624829529.4769225,/media/batool/MULTIMODAL_DATA/Multimodal_Data/Cat1/opposite/bag_files/Cat1_20mph_lr_opposite_3/camera_images/1624829529.4769225.jpg
Cat1,20mph,lr,opposite,3,1624829529.5102558,/media/batool/MULTIMODAL_DATA/Multimodal_Data/Cat1/opposite/bag_files/Cat1_20mph_lr_opposite_3/camera_images/1624829529.5102558.jpg
Cat1,20mph,lr,opposite,3,1624829529.543589,/media/batool/MULTIMODAL_DATA/Multimodal_Data/Cat1/opposite/bag_files/Cat1_20mph_lr_opposite_3/camera_images/1624829529.543589.jpg
Cat1,20mph,lr,opposite,3,1624829529.5769224,/media/batool/MULTIMODAL_DATA/Multimodal_Data/Cat1/opposite/bag_files/Cat1_20mph_lr_opposite_3/camera_images/1624829529.5769224.jpg
Cat1,20mph,lr,opposite,3,1624829529.6102557,/media/batool/MULTIMODAL_DATA/Multimodal_Data/Cat1/opposite/bag_files/Cat1_20mph_lr_opposite_3/camera_images/1624829529.6102557.jpg
Cat1,20mph,lr,opposite,3,1624829529.643589,/media/batool/MULTIMODAL_DATA/Multimodal_Data/Cat1/opposite/bag_files/Cat1_20mph_lr_opposite_3/camera_images/1624829529.643589.jpg
Cat1,20mph,lr,opposite,3,1624829529.6769223,/media/batool/MULTIMODAL_DATA/Multimodal_Data/Cat1/opposite/bag_files/Cat1_20mph_lr_opposite_3/camera_images/1624829529.6769223.jpg
Cat1,20mph,lr,opposite,3,1624829529.7102556,/media/batool/MULTIMODAL_DATA/Multimodal_Data/Cat1/opposite/bag_files/Cat1_20mph_lr_opposite_3/camera_images/1624829529.7102556.jpg
Cat1,20mph,lr,opposite,3,1624829529.743589,/media/batool/MULTIMODAL_DATA/Multimodal_Data/Cat1/opposite/bag_files/Cat1_20mph_lr_opposite_3/camera_images/1624829529.743589.jpg
Cat1,20mph,lr,opposite,3,1624829529.7769222,/media/batool/MULTIMODAL_DATA/Multimodal_Data/Cat1/opposite/bag_files/Cat1_20mph_lr_opposite_3/camera_images/1624829529.7769222.jpg
Cat1,20mph,lr,opposite,3,1624829529.8102555,/media/batool/MULTIMODAL_DATA/Multimodal_Data/Cat1/opposite/bag_files/Cat1_20mph_lr_opposite_3/camera_images/1624829529.8102555.jpg
Cat1,20mph,lr,opposite,3,1624829529.8435888,/media/batool/MULTIMODAL_DATA/Multimodal_Data/Cat1/opposite/bag_files/Cat1_20mph_lr_opposite_3/camera_images/1624829529.8435888.jpg
Cat1,20mph,lr,opposite,3,1624829529.9102554,/media/batool/MULTIMODAL_DATA/Multimodal_Data/Cat1/opposite/bag_files/Cat1_20mph_lr_opposite_3/camera_images/1624829529.9102554.jpg
Cat1,20mph,lr,opposite,3,1624829529.9435887,/media/batool/MULTIMODAL_DATA/Multimodal_Data/Cat1/opposite/bag_files/Cat1_20mph_lr_opposite_3/camera_images/1624829529.9435887.jpg
Cat1,20mph,lr,opposite,3,1624829529.976922,/media/batool/MULTIMODAL_DATA/Multimodal_Data/Cat1/opposite/bag_files/Cat1_20mph_lr_opposite_3/camera_images/1624829529.976922.jpg
Cat1,20mph,lr,opposite,3,1624829530.0102553,/media/batool/MULTIMODAL_DATA/Multimodal_Data/Cat1/opposite/bag_files/Cat1_20mph_lr_opposite_3/camera_images/1624829530.0102553.jpg
Cat1,20mph,lr,opposite,3,1624829530.0435886,/media/batool/MULTIMODAL_DATA/Multimodal_Data/Cat1/opposite/bag_files/Cat1_20mph_lr_opposite_3/camera_images/1624829530.0435886.jpg
Cat1,20mph,lr,opposite,3,1624829530.076922,/media/batool/MULTIMODAL_DATA/Multimodal_Data/Cat1/opposite/bag_files/Cat1_20mph_lr_opposite_3/camera_images/1624829530.076922.jpg
Cat1,20mph,lr,opposite,3,1624829530.1102552,/media/batool/MULTIMODAL_DATA/Multimodal_Data/Cat1/opposite/bag_files/Cat1_20mph_lr_opposite_3/camera_images/1624829530.1102552.jpg
Cat1,20mph,lr,opposite,3,1624829530.1435885,/media/batool/MULTIMODAL_DATA/Multimodal_Data/Cat1/opposite/bag_files/Cat1_20mph_lr_opposite_3/camera_images/1624829530.1435885.jpg
Cat1,20mph,lr,opposite,3,1624829530.1769218,/media/batool/MULTIMODAL_DATA/Multimodal_Data/Cat1/opposite/bag_files/Cat1_20mph_lr_opposite_3/camera_images/1624829530.1769218.jpg
Cat1,20mph,lr,opposite,3,1624829530.2102551,/media/batool/MULTIMODAL_DATA/Multimodal_Data/Cat1/opposite/bag_files/Cat1_20mph_lr_opposite_3/camera_images/1624829530.2102551.jpg
Cat1,20mph,lr,opposite,3,1624829530.2435884,/media/batool/MULTIMODAL_DATA/Multimodal_Data/Cat1/opposite/bag_files/Cat1_20mph_lr_opposite_3/camera_images/1624829530.2435884.jpg
Cat1,20mph,lr,opposite,3,1624829530.2769217,/media/batool/MULTIMODAL_DATA/Multimodal_Data/Cat1/opposite/bag_files/Cat1_20mph_lr_opposite_3/camera_images/1624829530.2769217.jpg
Cat1,20mph,lr,opposite,3,1624829530.310255,/media/batool/MULTIMODAL_DATA/Multimodal_Data/Cat1/opposite/bag_files/Cat1_20mph_lr_opposite_3/camera_images/1624829530.310255.jpg
Cat1,20mph,lr,opposite,3,1624829530.3435884,/media/batool/MULTIMODAL_DATA/Multimodal_Data/Cat1/opposite/bag_files/Cat1_20mph_lr_opposite_3/camera_images/1624829530.3435884.jpg
Cat1,20mph,lr,opposite,3,1624829530.3769217,/media/batool/MULTIMODAL_DATA/Multimodal_Data/Cat1/opposite/bag_files/Cat1_20mph_lr_opposite_3/camera_images/1624829530.3769217.jpg
Cat1,20mph,lr,opposite,3,1624829530.4435883,/media/batool/MULTIMODAL_DATA/Multimodal_Data/Cat1/opposite/bag_files/Cat1_20mph_lr_opposite_3/camera_images/1624829530.4435883.jpg
Cat1,20mph,lr,opposite,3,1624829530.4769216,/media/batool/MULTIMODAL_DATA/Multimodal_Data/Cat1/opposite/bag_files/Cat1_20mph_lr_opposite_3/camera_images/1624829530.4769216.jpg
Cat1,20mph,lr,opposite,3,1624829530.5102549,/media/batool/MULTIMODAL_DATA/Multimodal_Data/Cat1/opposite/bag_files/Cat1_20mph_lr_opposite_3/camera_images/1624829530.5102549.jpg
Cat1,20mph,lr,opposite,3,1624829530.5435882,/media/batool/MULTIMODAL_DATA/Multimodal_Data/Cat1/opposite/bag_files/Cat1_20mph_lr_opposite_3/camera_images/1624829530.5435882.jpg
Cat1,20mph,lr,opposite,3,1624829530.5769215,/media/batool/MULTIMODAL_DATA/Multimodal_Data/Cat1/opposite/bag_files/Cat1_20mph_lr_opposite_3/camera_images/1624829530.5769215.jpg
Cat1,20mph,lr,opposite,3,1624829530.6102548,/media/batool/MULTIMODAL_DATA/Multimodal_Data/Cat1/opposite/bag_files/Cat1_20mph_lr_opposite_3/camera_images/1624829530.6102548.jpg
Cat1,20mph,lr,opposite,3,1624829530.643588,/media/batool/MULTIMODAL_DATA/Multimodal_Data/Cat1/opposite/bag_files/Cat1_20mph_lr_opposite_3/camera_images/1624829530.643588.jpg
Cat1,20mph,lr,opposite,3,1624829530.6769214,/media/batool/MULTIMODAL_DATA/Multimodal_Data/Cat1/opposite/bag_files/Cat1_20mph_lr_opposite_3/camera_images/1624829530.6769214.jpg
Cat1,20mph,lr,opposite,3,1624829530.7102547,/media/batool/MULTIMODAL_DATA/Multimodal_Data/Cat1/opposite/bag_files/Cat1_20mph_lr_opposite_3/camera_images/1624829530.7102547.jpg
Cat1,20mph,lr,opposite,3,1624829530.743588,/media/batool/MULTIMODAL_DATA/Multimodal_Data/Cat1/opposite/bag_files/Cat1_20mph_lr_opposite_3/camera_images/1624829530.743588.jpg
Cat1,20mph,lr,opposite,3,1624829530.7769213,/media/batool/MULTIMODAL_DATA/Multimodal_Data/Cat1/opposite/bag_files/Cat1_20mph_lr_opposite_3/camera_images/1624829530.7769213.jpg
Cat1,20mph,lr,opposite,3,1624829530.8102546,/media/batool/MULTIMODAL_DATA/Multimodal_Data/Cat1/opposite/bag_files/Cat1_20mph_lr_opposite_3/camera_images/1624829530.8102546.jpg
Cat1,20mph,lr,opposite,3,1624829530.8435879,/media/batool/MULTIMODAL_DATA/Multimodal_Data/Cat1/opposite/bag_files/Cat1_20mph_lr_opposite_3/camera_images/1624829530.8435879.jpg
Cat1,20mph,lr,opposite,3,1624829530.8769212,/media/batool/MULTIMODAL_DATA/Multimodal_Data/Cat1/opposite/bag_files/Cat1_20mph_lr_opposite_3/camera_images/1624829530.8769212.jpg
Cat1,20mph,lr,opposite,3,1624829530.9102545,/media/batool/MULTIMODAL_DATA/Multimodal_Data/Cat1/opposite/bag_files/Cat1_20mph_lr_opposite_3/camera_images/1624829530.9102545.jpg
Cat1,20mph,lr,opposite,3,1624829530.976921,/media/batool/MULTIMODAL_DATA/Multimodal_Data/Cat1/opposite/bag_files/Cat1_20mph_lr_opposite_3/camera_images/1624829530.976921.jpg
Cat1,20mph,lr,opposite,3,1624829531.0102544,/media/batool/MULTIMODAL_DATA/Multimodal_Data/Cat1/opposite/bag_files/Cat1_20mph_lr_opposite_3/camera_images/1624829531.0102544.jpg
Cat1,20mph,lr,opposite,3,1624829531.0435877,/media/batool/MULTIMODAL_DATA/Multimodal_Data/Cat1/opposite/bag_files/Cat1_20mph_lr_opposite_3/camera_images/1624829531.0435877.jpg
Cat1,20mph,lr,opposite,3,1624829531.076921,/media/batool/MULTIMODAL_DATA/Multimodal_Data/Cat1/opposite/bag_files/Cat1_20mph_lr_opposite_3/camera_images/1624829531.076921.jpg
Cat1,20mph,lr,opposite,3,1624829531.1102543,/media/batool/MULTIMODAL_DATA/Multimodal_Data/Cat1/opposite/bag_files/Cat1_20mph_lr_opposite_3/camera_images/1624829531.1102543.jpg
Cat1,20mph,lr,opposite,3,1624829531.1435876,/media/batool/MULTIMODAL_DATA/Multimodal_Data/Cat1/opposite/bag_files/Cat1_20mph_lr_opposite_3/camera_images/1624829531.1435876.jpg
Cat1,20mph,lr,opposite,3,1624829531.176921,/media/batool/MULTIMODAL_DATA/Multimodal_Data/Cat1/opposite/bag_files/Cat1_20mph_lr_opposite_3/camera_images/1624829531.176921.jpg
Cat1,20mph,lr,opposite,3,1624829531.2102542,/media/batool/MULTIMODAL_DATA/Multimodal_Data/Cat1/opposite/bag_files/Cat1_20mph_lr_opposite_3/camera_images/1624829531.2102542.jpg
Cat1,20mph,lr,opposite,3,1624829531.2435875,/media/batool/MULTIMODAL_DATA/Multimodal_Data/Cat1/opposite/bag_files/Cat1_20mph_lr_opposite_3/camera_images/1624829531.2435875.jpg
Cat1,20mph,lr,opposite,3,1624829531.2769208,/media/batool/MULTIMODAL_DATA/Multimodal_Data/Cat1/opposite/bag_files/Cat1_20mph_lr_opposite_3/camera_images/1624829531.2769208.jpg
Cat1,20mph,lr,opposite,3,1624829531.310254,/media/batool/MULTIMODAL_DATA/Multimodal_Data/Cat1/opposite/bag_files/Cat1_20mph_lr_opposite_3/camera_images/1624829531.310254.jpg
Cat1,20mph,lr,opposite,3,1624829531.3435874,/media/batool/MULTIMODAL_DATA/Multimodal_Data/Cat1/opposite/bag_files/Cat1_20mph_lr_opposite_3/camera_images/1624829531.3435874.jpg
Cat1,20mph,lr,opposite,3,1624829531.3769207,/media/batool/MULTIMODAL_DATA/Multimodal_Data/Cat1/opposite/bag_files/Cat1_20mph_lr_opposite_3/camera_images/1624829531.3769207.jpg
Cat1,20mph,lr,opposite,3,1624829531.410254,/media/batool/MULTIMODAL_DATA/Multimodal_Data/Cat1/opposite/bag_files/Cat1_20mph_lr_opposite_3/camera_images/1624829531.410254.jpg
Cat1,20mph,lr,opposite,3,1624829531.4435873,/media/batool/MULTIMODAL_DATA/Multimodal_Data/Cat1/opposite/bag_files/Cat1_20mph_lr_opposite_3/camera_images/1624829531.4435873.jpg
Cat1,20mph,lr,opposite,3,1624829531.510254,/media/batool/MULTIMODAL_DATA/Multimodal_Data/Cat1/opposite/bag_files/Cat1_20mph_lr_opposite_3/camera_images/1624829531.510254.jpg
Cat1,20mph,lr,opposite,3,1624829531.5435872,/media/batool/MULTIMODAL_DATA/Multimodal_Data/Cat1/opposite/bag_files/Cat1_20mph_lr_opposite_3/camera_images/1624829531.5435872.jpg
Cat1,20mph,lr,opposite,3,1624829531.5769205,/media/batool/MULTIMODAL_DATA/Multimodal_Data/Cat1/opposite/bag_files/Cat1_20mph_lr_opposite_3/camera_images/1624829531.5769205.jpg
Cat1,20mph,lr,opposite,3,1624829531.6102538,/media/batool/MULTIMODAL_DATA/Multimodal_Data/Cat1/opposite/bag_files/Cat1_20mph_lr_opposite_3/camera_images/1624829531.6102538.jpg
Cat1,20mph,lr,opposite,3,1624829531.643587,/media/batool/MULTIMODAL_DATA/Multimodal_Data/Cat1/opposite/bag_files/Cat1_20mph_lr_opposite_3/camera_images/1624829531.643587.jpg
Cat1,20mph,lr,opposite,3,1624829531.6769204,/media/batool/MULTIMODAL_DATA/Multimodal_Data/Cat1/opposite/bag_files/Cat1_20mph_lr_opposite_3/camera_images/1624829531.6769204.jpg
Cat1,20mph,lr,opposite,3,1624829531.7102537,/media/batool/MULTIMODAL_DATA/Multimodal_Data/Cat1/opposite/bag_files/Cat1_20mph_lr_opposite_3/camera_images/1624829531.7102537.jpg
Cat1,20mph,lr,opposite,3,1624829531.743587,/media/batool/MULTIMODAL_DATA/Multimodal_Data/Cat1/opposite/bag_files/Cat1_20mph_lr_opposite_3/camera_images/1624829531.743587.jpg
Cat1,20mph,lr,opposite,3,1624829531.7769203,/media/batool/MULTIMODAL_DATA/Multimodal_Data/Cat1/opposite/bag_files/Cat1_20mph_lr_opposite_3/camera_images/1624829531.7769203.jpg
Cat1,20mph,lr,opposite,3,1624829531.8102536,/media/batool/MULTIMODAL_DATA/Multimodal_Data/Cat1/opposite/bag_files/Cat1_20mph_lr_opposite_3/camera_images/1624829531.8102536.jpg
Cat1,20mph,lr,opposite,3,1624829531.843587,/media/batool/MULTIMODAL_DATA/Multimodal_Data/Cat1/opposite/bag_files/Cat1_20mph_lr_opposite_3/camera_images/1624829531.843587.jpg
Cat1,20mph,lr,opposite,3,1624829531.8769202,/media/batool/MULTIMODAL_DATA/Multimodal_Data/Cat1/opposite/bag_files/Cat1_20mph_lr_opposite_3/camera_images/1624829531.8769202.jpg
Cat1,20mph,lr,opposite,3,1624829531.9102535,/media/batool/MULTIMODAL_DATA/Multimodal_Data/Cat1/opposite/bag_files/Cat1_20mph_lr_opposite_3/camera_images/1624829531.9102535.jpg
Cat1,20mph,lr,opposite,3,1624829531.9435868,/media/batool/MULTIMODAL_DATA/Multimodal_Data/Cat1/opposite/bag_files/Cat1_20mph_lr_opposite_3/camera_images/1624829531.9435868.jpg
Cat1,20mph,lr,opposite,3,1624829531.9769201,/media/batool/MULTIMODAL_DATA/Multimodal_Data/Cat1/opposite/bag_files/Cat1_20mph_lr_opposite_3/camera_images/1624829531.9769201.jpg
Cat1,20mph,lr,opposite,3,1624829532.0435867,/media/batool/MULTIMODAL_DATA/Multimodal_Data/Cat1/opposite/bag_files/Cat1_20mph_lr_opposite_3/camera_images/1624829532.0435867.jpg
Cat1,20mph,lr,opposite,3,1624829532.07692,/media/batool/MULTIMODAL_DATA/Multimodal_Data/Cat1/opposite/bag_files/Cat1_20mph_lr_opposite_3/camera_images/1624829532.07692.jpg
Cat1,20mph,lr,opposite,3,1624829532.1102533,/media/batool/MULTIMODAL_DATA/Multimodal_Data/Cat1/opposite/bag_files/Cat1_20mph_lr_opposite_3/camera_images/1624829532.1102533.jpg
Cat1,20mph,lr,opposite,3,1624829532.1435866,/media/batool/MULTIMODAL_DATA/Multimodal_Data/Cat1/opposite/bag_files/Cat1_20mph_lr_opposite_3/camera_images/1624829532.1435866.jpg
Cat1,20mph,lr,opposite,3,1624829532.17692,/media/batool/MULTIMODAL_DATA/Multimodal_Data/Cat1/opposite/bag_files/Cat1_20mph_lr_opposite_3/camera_images/1624829532.17692.jpg
Cat1,20mph,lr,opposite,3,1624829532.2102532,/media/batool/MULTIMODAL_DATA/Multimodal_Data/Cat1/opposite/bag_files/Cat1_20mph_lr_opposite_3/camera_images/1624829532.2102532.jpg
Cat1,20mph,lr,opposite,3,1624829532.2435865,/media/batool/MULTIMODAL_DATA/Multimodal_Data/Cat1/opposite/bag_files/Cat1_20mph_lr_opposite_3/camera_images/1624829532.2435865.jpg
Cat1,20mph,lr,opposite,3,1624829532.2769198,/media/batool/MULTIMODAL_DATA/Multimodal_Data/Cat1/opposite/bag_files/Cat1_20mph_lr_opposite_3/camera_images/1624829532.2769198.jpg
Cat1,20mph,lr,opposite,3,1624829532.3102531,/media/batool/MULTIMODAL_DATA/Multimodal_Data/Cat1/opposite/bag_files/Cat1_20mph_lr_opposite_3/camera_images/1624829532.3102531.jpg
Cat1,20mph,lr,opposite,3,1624829532.3435864,/media/batool/MULTIMODAL_DATA/Multimodal_Data/Cat1/opposite/bag_files/Cat1_20mph_lr_opposite_3/camera_images/1624829532.3435864.jpg
Cat1,20mph,lr,opposite,3,1624829532.3769197,/media/batool/MULTIMODAL_DATA/Multimodal_Data/Cat1/opposite/bag_files/Cat1_20mph_lr_opposite_3/camera_images/1624829532.3769197.jpg
Cat1,20mph,lr,opposite,3,1624829532.410253,/media/batool/MULTIMODAL_DATA/Multimodal_Data/Cat1/opposite/bag_files/Cat1_20mph_lr_opposite_3/camera_images/1624829532.410253.jpg
Cat1,20mph,lr,opposite,3,1624829532.4435863,/media/batool/MULTIMODAL_DATA/Multimodal_Data/Cat1/opposite/bag_files/Cat1_20mph_lr_opposite_3/camera_images/1624829532.4435863.jpg
Cat1,20mph,lr,opposite,3,1624829532.4769197,/media/batool/MULTIMODAL_DATA/Multimodal_Data/Cat1/opposite/bag_files/Cat1_20mph_lr_opposite_3/camera_images/1624829532.4769197.jpg
Cat1,20mph,lr,opposite,3,1624829532.510253,/media/batool/MULTIMODAL_DATA/Multimodal_Data/Cat1/opposite/bag_files/Cat1_20mph_lr_opposite_3/camera_images/1624829532.510253.jpg
Cat1,20mph,lr,opposite,3,1624829532.5769196,/media/batool/MULTIMODAL_DATA/Multimodal_Data/Cat1/opposite/bag_files/Cat1_20mph_lr_opposite_3/camera_images/1624829532.5769196.jpg
Cat1,20mph,lr,opposite,3,1624829532.6102529,/media/batool/MULTIMODAL_DATA/Multimodal_Data/Cat1/opposite/bag_files/Cat1_20mph_lr_opposite_3/camera_images/1624829532.6102529.jpg
Cat1,20mph,lr,opposite,3,1624829532.6435862,/media/batool/MULTIMODAL_DATA/Multimodal_Data/Cat1/opposite/bag_files/Cat1_20mph_lr_opposite_3/camera_images/1624829532.6435862.jpg
Cat1,20mph,lr,opposite,3,1624829532.6769195,/media/batool/MULTIMODAL_DATA/Multimodal_Data/Cat1/opposite/bag_files/Cat1_20mph_lr_opposite_3/camera_images/1624829532.6769195.jpg
Cat1,20mph,lr,opposite,3,1624829532.7102528,/media/batool/MULTIMODAL_DATA/Multimodal_Data/Cat1/opposite/bag_files/Cat1_20mph_lr_opposite_3/camera_images/1624829532.7102528.jpg
Cat1,20mph,lr,opposite,3,1624829532.743586,/media/batool/MULTIMODAL_DATA/Multimodal_Data/Cat1/opposite/bag_files/Cat1_20mph_lr_opposite_3/camera_images/1624829532.743586.jpg
Cat1,20mph,lr,opposite,3,1624829532.7769194,/media/batool/MULTIMODAL_DATA/Multimodal_Data/Cat1/opposite/bag_files/Cat1_20mph_lr_opposite_3/camera_images/1624829532.7769194.jpg
Cat1,20mph,lr,opposite,3,1624829532.8102527,/media/batool/MULTIMODAL_DATA/Multimodal_Data/Cat1/opposite/bag_files/Cat1_20mph_lr_opposite_3/camera_images/1624829532.8102527.jpg
Cat1,20mph,lr,opposite,3,1624829532.843586,/media/batool/MULTIMODAL_DATA/Multimodal_Data/Cat1/opposite/bag_files/Cat1_20mph_lr_opposite_3/camera_images/1624829532.843586.jpg
Cat1,20mph,lr,opposite,3,1624829532.8769193,/media/batool/MULTIMODAL_DATA/Multimodal_Data/Cat1/opposite/bag_files/Cat1_20mph_lr_opposite_3/camera_images/1624829532.8769193.jpg
Cat1,20mph,lr,opposite,3,1624829532.9102526,/media/batool/MULTIMODAL_DATA/Multimodal_Data/Cat1/opposite/bag_files/Cat1_20mph_lr_opposite_3/camera_images/1624829532.9102526.jpg
Cat1,20mph,lr,opposite,3,1624829532.9435859,/media/batool/MULTIMODAL_DATA/Multimodal_Data/Cat1/opposite/bag_files/Cat1_20mph_lr_opposite_3/camera_images/1624829532.9435859.jpg
Cat1,20mph,lr,opposite,3,1624829532.9769192,/media/batool/MULTIMODAL_DATA/Multimodal_Data/Cat1/opposite/bag_files/Cat1_20mph_lr_opposite_3/camera_images/1624829532.9769192.jpg
Cat1,20mph,lr,opposite,3,1624829533.0102525,/media/batool/MULTIMODAL_DATA/Multimodal_Data/Cat1/opposite/bag_files/Cat1_20mph_lr_opposite_3/camera_images/1624829533.0102525.jpg
Cat1,20mph,lr,opposite,3,1624829533.0435858,/media/batool/MULTIMODAL_DATA/Multimodal_Data/Cat1/opposite/bag_files/Cat1_20mph_lr_opposite_3/camera_images/1624829533.0435858.jpg
Cat1,20mph,lr,opposite,3,1624829533.076919,/media/batool/MULTIMODAL_DATA/Multimodal_Data/Cat1/opposite/bag_files/Cat1_20mph_lr_opposite_3/camera_images/1624829533.076919.jpg
Cat1,20mph,lr,opposite,3,1624829533.1102524,/media/batool/MULTIMODAL_DATA/Multimodal_Data/Cat1/opposite/bag_files/Cat1_20mph_lr_opposite_3/camera_images/1624829533.1102524.jpg
Cat1,20mph,lr,opposite,3,1624829533.1435857,/media/batool/MULTIMODAL_DATA/Multimodal_Data/Cat1/opposite/bag_files/Cat1_20mph_lr_opposite_3/camera_images/1624829533.1435857.jpg
Cat1,20mph,lr,opposite,3,1624829533.176919,/media/batool/MULTIMODAL_DATA/Multimodal_Data/Cat1/opposite/bag_files/Cat1_20mph_lr_opposite_3/camera_images/1624829533.176919.jpg
Cat1,20mph,lr,opposite,3,1624829533.2102523,/media/batool/MULTIMODAL_DATA/Multimodal_Data/Cat1/opposite/bag_files/Cat1_20mph_lr_opposite_3/camera_images/1624829533.2102523.jpg
Cat1,20mph,lr,opposite,3,1624829533.2435856,/media/batool/MULTIMODAL_DATA/Multimodal_Data/Cat1/opposite/bag_files/Cat1_20mph_lr_opposite_3/camera_images/1624829533.2435856.jpg
