Category,speed,direction,lane,episode,Time header,lidar number,path to the file
Cat1,20mph,lr,opposite,3,1624829517.386445000,ns1,/media/batool/MULTIMODAL_DATA/Multimodal_Data/Cat1/opposite/bag_files/Cat1_20mph_lr_opposite_3/lidar_pcd/ns1/velodyne_points/1624829517.386445000.pcd
Cat1,20mph,lr,opposite,3,1624829517.487336000,ns1,/media/batool/MULTIMODAL_DATA/Multimodal_Data/Cat1/opposite/bag_files/Cat1_20mph_lr_opposite_3/lidar_pcd/ns1/velodyne_points/1624829517.487336000.pcd
Cat1,20mph,lr,opposite,3,1624829517.588191000,ns1,/media/batool/MULTIMODAL_DATA/Multimodal_Data/Cat1/opposite/bag_files/Cat1_20mph_lr_opposite_3/lidar_pcd/ns1/velodyne_points/1624829517.588191000.pcd
Cat1,20mph,lr,opposite,3,1624829517.689034000,ns1,/media/batool/MULTIMODAL_DATA/Multimodal_Data/Cat1/opposite/bag_files/Cat1_20mph_lr_opposite_3/lidar_pcd/ns1/velodyne_points/1624829517.689034000.pcd
Cat1,20mph,lr,opposite,3,1624829517.789906000,ns1,/media/batool/MULTIMODAL_DATA/Multimodal_Data/Cat1/opposite/bag_files/Cat1_20mph_lr_opposite_3/lidar_pcd/ns1/velodyne_points/1624829517.789906000.pcd
Cat1,20mph,lr,opposite,3,1624829517.890741000,ns1,/media/batool/MULTIMODAL_DATA/Multimodal_Data/Cat1/opposite/bag_files/Cat1_20mph_lr_opposite_3/lidar_pcd/ns1/velodyne_points/1624829517.890741000.pcd
Cat1,20mph,lr,opposite,3,1624829517.991613000,ns1,/media/batool/MULTIMODAL_DATA/Multimodal_Data/Cat1/opposite/bag_files/Cat1_20mph_lr_opposite_3/lidar_pcd/ns1/velodyne_points/1624829517.991613000.pcd
Cat1,20mph,lr,opposite,3,1624829518.092453000,ns1,/media/batool/MULTIMODAL_DATA/Multimodal_Data/Cat1/opposite/bag_files/Cat1_20mph_lr_opposite_3/lidar_pcd/ns1/velodyne_points/1624829518.092453000.pcd
Cat1,20mph,lr,opposite,3,1624829518.193317000,ns1,/media/batool/MULTIMODAL_DATA/Multimodal_Data/Cat1/opposite/bag_files/Cat1_20mph_lr_opposite_3/lidar_pcd/ns1/velodyne_points/1624829518.193317000.pcd
Cat1,20mph,lr,opposite,3,1624829518.294176000,ns1,/media/batool/MULTIMODAL_DATA/Multimodal_Data/Cat1/opposite/bag_files/Cat1_20mph_lr_opposite_3/lidar_pcd/ns1/velodyne_points/1624829518.294176000.pcd
Cat1,20mph,lr,opposite,3,1624829518.395013000,ns1,/media/batool/MULTIMODAL_DATA/Multimodal_Data/Cat1/opposite/bag_files/Cat1_20mph_lr_opposite_3/lidar_pcd/ns1/velodyne_points/1624829518.395013000.pcd
Cat1,20mph,lr,opposite,3,1624829518.495856000,ns1,/media/batool/MULTIMODAL_DATA/Multimodal_Data/Cat1/opposite/bag_files/Cat1_20mph_lr_opposite_3/lidar_pcd/ns1/velodyne_points/1624829518.495856000.pcd
Cat1,20mph,lr,opposite,3,1624829518.596734000,ns1,/media/batool/MULTIMODAL_DATA/Multimodal_Data/Cat1/opposite/bag_files/Cat1_20mph_lr_opposite_3/lidar_pcd/ns1/velodyne_points/1624829518.596734000.pcd
Cat1,20mph,lr,opposite,3,1624829518.697628000,ns1,/media/batool/MULTIMODAL_DATA/Multimodal_Data/Cat1/opposite/bag_files/Cat1_20mph_lr_opposite_3/lidar_pcd/ns1/velodyne_points/1624829518.697628000.pcd
Cat1,20mph,lr,opposite,3,1624829518.899360000,ns1,/media/batool/MULTIMODAL_DATA/Multimodal_Data/Cat1/opposite/bag_files/Cat1_20mph_lr_opposite_3/lidar_pcd/ns1/velodyne_points/1624829518.899360000.pcd
Cat1,20mph,lr,opposite,3,1624829519.000205000,ns1,/media/batool/MULTIMODAL_DATA/Multimodal_Data/Cat1/opposite/bag_files/Cat1_20mph_lr_opposite_3/lidar_pcd/ns1/velodyne_points/1624829519.000205000.pcd
Cat1,20mph,lr,opposite,3,1624829519.101028000,ns1,/media/batool/MULTIMODAL_DATA/Multimodal_Data/Cat1/opposite/bag_files/Cat1_20mph_lr_opposite_3/lidar_pcd/ns1/velodyne_points/1624829519.101028000.pcd
Cat1,20mph,lr,opposite,3,1624829519.201900000,ns1,/media/batool/MULTIMODAL_DATA/Multimodal_Data/Cat1/opposite/bag_files/Cat1_20mph_lr_opposite_3/lidar_pcd/ns1/velodyne_points/1624829519.201900000.pcd
Cat1,20mph,lr,opposite,3,1624829519.302763000,ns1,/media/batool/MULTIMODAL_DATA/Multimodal_Data/Cat1/opposite/bag_files/Cat1_20mph_lr_opposite_3/lidar_pcd/ns1/velodyne_points/1624829519.302763000.pcd
Cat1,20mph,lr,opposite,3,1624829519.403585000,ns1,/media/batool/MULTIMODAL_DATA/Multimodal_Data/Cat1/opposite/bag_files/Cat1_20mph_lr_opposite_3/lidar_pcd/ns1/velodyne_points/1624829519.403585000.pcd
Cat1,20mph,lr,opposite,3,1624829519.504446000,ns1,/media/batool/MULTIMODAL_DATA/Multimodal_Data/Cat1/opposite/bag_files/Cat1_20mph_lr_opposite_3/lidar_pcd/ns1/velodyne_points/1624829519.504446000.pcd
Cat1,20mph,lr,opposite,3,1624829519.605327000,ns1,/media/batool/MULTIMODAL_DATA/Multimodal_Data/Cat1/opposite/bag_files/Cat1_20mph_lr_opposite_3/lidar_pcd/ns1/velodyne_points/1624829519.605327000.pcd
Cat1,20mph,lr,opposite,3,1624829519.706190000,ns1,/media/batool/MULTIMODAL_DATA/Multimodal_Data/Cat1/opposite/bag_files/Cat1_20mph_lr_opposite_3/lidar_pcd/ns1/velodyne_points/1624829519.706190000.pcd
Cat1,20mph,lr,opposite,3,1624829519.807046000,ns1,/media/batool/MULTIMODAL_DATA/Multimodal_Data/Cat1/opposite/bag_files/Cat1_20mph_lr_opposite_3/lidar_pcd/ns1/velodyne_points/1624829519.807046000.pcd
Cat1,20mph,lr,opposite,3,1624829519.907871000,ns1,/media/batool/MULTIMODAL_DATA/Multimodal_Data/Cat1/opposite/bag_files/Cat1_20mph_lr_opposite_3/lidar_pcd/ns1/velodyne_points/1624829519.907871000.pcd
Cat1,20mph,lr,opposite,3,1624829520.008752000,ns1,/media/batool/MULTIMODAL_DATA/Multimodal_Data/Cat1/opposite/bag_files/Cat1_20mph_lr_opposite_3/lidar_pcd/ns1/velodyne_points/1624829520.008752000.pcd
Cat1,20mph,lr,opposite,3,1624829520.109636000,ns1,/media/batool/MULTIMODAL_DATA/Multimodal_Data/Cat1/opposite/bag_files/Cat1_20mph_lr_opposite_3/lidar_pcd/ns1/velodyne_points/1624829520.109636000.pcd
Cat1,20mph,lr,opposite,3,1624829520.210456000,ns1,/media/batool/MULTIMODAL_DATA/Multimodal_Data/Cat1/opposite/bag_files/Cat1_20mph_lr_opposite_3/lidar_pcd/ns1/velodyne_points/1624829520.210456000.pcd
Cat1,20mph,lr,opposite,3,1624829520.412198000,ns1,/media/batool/MULTIMODAL_DATA/Multimodal_Data/Cat1/opposite/bag_files/Cat1_20mph_lr_opposite_3/lidar_pcd/ns1/velodyne_points/1624829520.412198000.pcd
Cat1,20mph,lr,opposite,3,1624829520.513053000,ns1,/media/batool/MULTIMODAL_DATA/Multimodal_Data/Cat1/opposite/bag_files/Cat1_20mph_lr_opposite_3/lidar_pcd/ns1/velodyne_points/1624829520.513053000.pcd
Cat1,20mph,lr,opposite,3,1624829520.613898000,ns1,/media/batool/MULTIMODAL_DATA/Multimodal_Data/Cat1/opposite/bag_files/Cat1_20mph_lr_opposite_3/lidar_pcd/ns1/velodyne_points/1624829520.613898000.pcd
Cat1,20mph,lr,opposite,3,1624829520.714756000,ns1,/media/batool/MULTIMODAL_DATA/Multimodal_Data/Cat1/opposite/bag_files/Cat1_20mph_lr_opposite_3/lidar_pcd/ns1/velodyne_points/1624829520.714756000.pcd
Cat1,20mph,lr,opposite,3,1624829520.815596000,ns1,/media/batool/MULTIMODAL_DATA/Multimodal_Data/Cat1/opposite/bag_files/Cat1_20mph_lr_opposite_3/lidar_pcd/ns1/velodyne_points/1624829520.815596000.pcd
Cat1,20mph,lr,opposite,3,1624829520.916423000,ns1,/media/batool/MULTIMODAL_DATA/Multimodal_Data/Cat1/opposite/bag_files/Cat1_20mph_lr_opposite_3/lidar_pcd/ns1/velodyne_points/1624829520.916423000.pcd
Cat1,20mph,lr,opposite,3,1624829521.017289000,ns1,/media/batool/MULTIMODAL_DATA/Multimodal_Data/Cat1/opposite/bag_files/Cat1_20mph_lr_opposite_3/lidar_pcd/ns1/velodyne_points/1624829521.017289000.pcd
Cat1,20mph,lr,opposite,3,1624829521.118173000,ns1,/media/batool/MULTIMODAL_DATA/Multimodal_Data/Cat1/opposite/bag_files/Cat1_20mph_lr_opposite_3/lidar_pcd/ns1/velodyne_points/1624829521.118173000.pcd
Cat1,20mph,lr,opposite,3,1624829521.219020000,ns1,/media/batool/MULTIMODAL_DATA/Multimodal_Data/Cat1/opposite/bag_files/Cat1_20mph_lr_opposite_3/lidar_pcd/ns1/velodyne_points/1624829521.219020000.pcd
Cat1,20mph,lr,opposite,3,1624829521.319870000,ns1,/media/batool/MULTIMODAL_DATA/Multimodal_Data/Cat1/opposite/bag_files/Cat1_20mph_lr_opposite_3/lidar_pcd/ns1/velodyne_points/1624829521.319870000.pcd
Cat1,20mph,lr,opposite,3,1624829521.420696000,ns1,/media/batool/MULTIMODAL_DATA/Multimodal_Data/Cat1/opposite/bag_files/Cat1_20mph_lr_opposite_3/lidar_pcd/ns1/velodyne_points/1624829521.420696000.pcd
Cat1,20mph,lr,opposite,3,1624829521.521579000,ns1,/media/batool/MULTIMODAL_DATA/Multimodal_Data/Cat1/opposite/bag_files/Cat1_20mph_lr_opposite_3/lidar_pcd/ns1/velodyne_points/1624829521.521579000.pcd
Cat1,20mph,lr,opposite,3,1624829521.622443000,ns1,/media/batool/MULTIMODAL_DATA/Multimodal_Data/Cat1/opposite/bag_files/Cat1_20mph_lr_opposite_3/lidar_pcd/ns1/velodyne_points/1624829521.622443000.pcd
Cat1,20mph,lr,opposite,3,1624829521.723281000,ns1,/media/batool/MULTIMODAL_DATA/Multimodal_Data/Cat1/opposite/bag_files/Cat1_20mph_lr_opposite_3/lidar_pcd/ns1/velodyne_points/1624829521.723281000.pcd
Cat1,20mph,lr,opposite,3,1624829521.925038000,ns1,/media/batool/MULTIMODAL_DATA/Multimodal_Data/Cat1/opposite/bag_files/Cat1_20mph_lr_opposite_3/lidar_pcd/ns1/velodyne_points/1624829521.925038000.pcd
Cat1,20mph,lr,opposite,3,1624829522.025876000,ns1,/media/batool/MULTIMODAL_DATA/Multimodal_Data/Cat1/opposite/bag_files/Cat1_20mph_lr_opposite_3/lidar_pcd/ns1/velodyne_points/1624829522.025876000.pcd
Cat1,20mph,lr,opposite,3,1624829522.126701000,ns1,/media/batool/MULTIMODAL_DATA/Multimodal_Data/Cat1/opposite/bag_files/Cat1_20mph_lr_opposite_3/lidar_pcd/ns1/velodyne_points/1624829522.126701000.pcd
Cat1,20mph,lr,opposite,3,1624829522.227606000,ns1,/media/batool/MULTIMODAL_DATA/Multimodal_Data/Cat1/opposite/bag_files/Cat1_20mph_lr_opposite_3/lidar_pcd/ns1/velodyne_points/1624829522.227606000.pcd
Cat1,20mph,lr,opposite,3,1624829522.328466000,ns1,/media/batool/MULTIMODAL_DATA/Multimodal_Data/Cat1/opposite/bag_files/Cat1_20mph_lr_opposite_3/lidar_pcd/ns1/velodyne_points/1624829522.328466000.pcd
Cat1,20mph,lr,opposite,3,1624829522.429293000,ns1,/media/batool/MULTIMODAL_DATA/Multimodal_Data/Cat1/opposite/bag_files/Cat1_20mph_lr_opposite_3/lidar_pcd/ns1/velodyne_points/1624829522.429293000.pcd
Cat1,20mph,lr,opposite,3,1624829522.530182000,ns1,/media/batool/MULTIMODAL_DATA/Multimodal_Data/Cat1/opposite/bag_files/Cat1_20mph_lr_opposite_3/lidar_pcd/ns1/velodyne_points/1624829522.530182000.pcd
Cat1,20mph,lr,opposite,3,1624829522.630999000,ns1,/media/batool/MULTIMODAL_DATA/Multimodal_Data/Cat1/opposite/bag_files/Cat1_20mph_lr_opposite_3/lidar_pcd/ns1/velodyne_points/1624829522.630999000.pcd
Cat1,20mph,lr,opposite,3,1624829522.731879000,ns1,/media/batool/MULTIMODAL_DATA/Multimodal_Data/Cat1/opposite/bag_files/Cat1_20mph_lr_opposite_3/lidar_pcd/ns1/velodyne_points/1624829522.731879000.pcd
Cat1,20mph,lr,opposite,3,1624829522.832746000,ns1,/media/batool/MULTIMODAL_DATA/Multimodal_Data/Cat1/opposite/bag_files/Cat1_20mph_lr_opposite_3/lidar_pcd/ns1/velodyne_points/1624829522.832746000.pcd
Cat1,20mph,lr,opposite,3,1624829522.933606000,ns1,/media/batool/MULTIMODAL_DATA/Multimodal_Data/Cat1/opposite/bag_files/Cat1_20mph_lr_opposite_3/lidar_pcd/ns1/velodyne_points/1624829522.933606000.pcd
Cat1,20mph,lr,opposite,3,1624829523.034461000,ns1,/media/batool/MULTIMODAL_DATA/Multimodal_Data/Cat1/opposite/bag_files/Cat1_20mph_lr_opposite_3/lidar_pcd/ns1/velodyne_points/1624829523.034461000.pcd
Cat1,20mph,lr,opposite,3,1624829523.135319000,ns1,/media/batool/MULTIMODAL_DATA/Multimodal_Data/Cat1/opposite/bag_files/Cat1_20mph_lr_opposite_3/lidar_pcd/ns1/velodyne_points/1624829523.135319000.pcd
Cat1,20mph,lr,opposite,3,1624829523.236161000,ns1,/media/batool/MULTIMODAL_DATA/Multimodal_Data/Cat1/opposite/bag_files/Cat1_20mph_lr_opposite_3/lidar_pcd/ns1/velodyne_points/1624829523.236161000.pcd
Cat1,20mph,lr,opposite,3,1624829518.798491000,ns1,/media/batool/MULTIMODAL_DATA/Multimodal_Data/Cat1/opposite/bag_files/Cat1_20mph_lr_opposite_3/lidar_pcd/ns1/velodyne_points/1624829518.798491000.pcd
Cat1,20mph,lr,opposite,3,1624829520.311334000,ns1,/media/batool/MULTIMODAL_DATA/Multimodal_Data/Cat1/opposite/bag_files/Cat1_20mph_lr_opposite_3/lidar_pcd/ns1/velodyne_points/1624829520.311334000.pcd
Cat1,20mph,lr,opposite,3,1624829521.824192000,ns1,/media/batool/MULTIMODAL_DATA/Multimodal_Data/Cat1/opposite/bag_files/Cat1_20mph_lr_opposite_3/lidar_pcd/ns1/velodyne_points/1624829521.824192000.pcd
Cat1,20mph,lr,opposite,3,1624829523.337013000,ns1,/media/batool/MULTIMODAL_DATA/Multimodal_Data/Cat1/opposite/bag_files/Cat1_20mph_lr_opposite_3/lidar_pcd/ns1/velodyne_points/1624829523.337013000.pcd
Cat1,20mph,lr,opposite,3,1624829524.849884000,ns1,/media/batool/MULTIMODAL_DATA/Multimodal_Data/Cat1/opposite/bag_files/Cat1_20mph_lr_opposite_3/lidar_pcd/ns1/velodyne_points/1624829524.849884000.pcd
Cat1,20mph,lr,opposite,3,1624829526.362738000,ns1,/media/batool/MULTIMODAL_DATA/Multimodal_Data/Cat1/opposite/bag_files/Cat1_20mph_lr_opposite_3/lidar_pcd/ns1/velodyne_points/1624829526.362738000.pcd
Cat1,20mph,lr,opposite,3,1624829527.875576000,ns1,/media/batool/MULTIMODAL_DATA/Multimodal_Data/Cat1/opposite/bag_files/Cat1_20mph_lr_opposite_3/lidar_pcd/ns1/velodyne_points/1624829527.875576000.pcd
Cat1,20mph,lr,opposite,3,1624829529.388419000,ns1,/media/batool/MULTIMODAL_DATA/Multimodal_Data/Cat1/opposite/bag_files/Cat1_20mph_lr_opposite_3/lidar_pcd/ns1/velodyne_points/1624829529.388419000.pcd
Cat1,20mph,lr,opposite,3,1624829530.901276000,ns1,/media/batool/MULTIMODAL_DATA/Multimodal_Data/Cat1/opposite/bag_files/Cat1_20mph_lr_opposite_3/lidar_pcd/ns1/velodyne_points/1624829530.901276000.pcd
Cat1,20mph,lr,opposite,3,1624829532.414174000,ns1,/media/batool/MULTIMODAL_DATA/Multimodal_Data/Cat1/opposite/bag_files/Cat1_20mph_lr_opposite_3/lidar_pcd/ns1/velodyne_points/1624829532.414174000.pcd
Cat1,20mph,lr,opposite,3,1624829533.926996000,ns1,/media/batool/MULTIMODAL_DATA/Multimodal_Data/Cat1/opposite/bag_files/Cat1_20mph_lr_opposite_3/lidar_pcd/ns1/velodyne_points/1624829533.926996000.pcd
Cat1,20mph,lr,opposite,3,1624829535.439832000,ns1,/media/batool/MULTIMODAL_DATA/Multimodal_Data/Cat1/opposite/bag_files/Cat1_20mph_lr_opposite_3/lidar_pcd/ns1/velodyne_points/1624829535.439832000.pcd
Cat1,20mph,lr,opposite,3,1624829536.952686000,ns1,/media/batool/MULTIMODAL_DATA/Multimodal_Data/Cat1/opposite/bag_files/Cat1_20mph_lr_opposite_3/lidar_pcd/ns1/velodyne_points/1624829536.952686000.pcd
Cat1,20mph,lr,opposite,3,1624829523.437887000,ns1,/media/batool/MULTIMODAL_DATA/Multimodal_Data/Cat1/opposite/bag_files/Cat1_20mph_lr_opposite_3/lidar_pcd/ns1/velodyne_points/1624829523.437887000.pcd
Cat1,20mph,lr,opposite,3,1624829523.538772000,ns1,/media/batool/MULTIMODAL_DATA/Multimodal_Data/Cat1/opposite/bag_files/Cat1_20mph_lr_opposite_3/lidar_pcd/ns1/velodyne_points/1624829523.538772000.pcd
Cat1,20mph,lr,opposite,3,1624829523.639595000,ns1,/media/batool/MULTIMODAL_DATA/Multimodal_Data/Cat1/opposite/bag_files/Cat1_20mph_lr_opposite_3/lidar_pcd/ns1/velodyne_points/1624829523.639595000.pcd
Cat1,20mph,lr,opposite,3,1624829523.740444000,ns1,/media/batool/MULTIMODAL_DATA/Multimodal_Data/Cat1/opposite/bag_files/Cat1_20mph_lr_opposite_3/lidar_pcd/ns1/velodyne_points/1624829523.740444000.pcd
Cat1,20mph,lr,opposite,3,1624829523.841295000,ns1,/media/batool/MULTIMODAL_DATA/Multimodal_Data/Cat1/opposite/bag_files/Cat1_20mph_lr_opposite_3/lidar_pcd/ns1/velodyne_points/1624829523.841295000.pcd
Cat1,20mph,lr,opposite,3,1624829523.942172000,ns1,/media/batool/MULTIMODAL_DATA/Multimodal_Data/Cat1/opposite/bag_files/Cat1_20mph_lr_opposite_3/lidar_pcd/ns1/velodyne_points/1624829523.942172000.pcd
Cat1,20mph,lr,opposite,3,1624829524.042999000,ns1,/media/batool/MULTIMODAL_DATA/Multimodal_Data/Cat1/opposite/bag_files/Cat1_20mph_lr_opposite_3/lidar_pcd/ns1/velodyne_points/1624829524.042999000.pcd
Cat1,20mph,lr,opposite,3,1624829524.143881000,ns1,/media/batool/MULTIMODAL_DATA/Multimodal_Data/Cat1/opposite/bag_files/Cat1_20mph_lr_opposite_3/lidar_pcd/ns1/velodyne_points/1624829524.143881000.pcd
Cat1,20mph,lr,opposite,3,1624829524.244728000,ns1,/media/batool/MULTIMODAL_DATA/Multimodal_Data/Cat1/opposite/bag_files/Cat1_20mph_lr_opposite_3/lidar_pcd/ns1/velodyne_points/1624829524.244728000.pcd
Cat1,20mph,lr,opposite,3,1624829524.345586000,ns1,/media/batool/MULTIMODAL_DATA/Multimodal_Data/Cat1/opposite/bag_files/Cat1_20mph_lr_opposite_3/lidar_pcd/ns1/velodyne_points/1624829524.345586000.pcd
Cat1,20mph,lr,opposite,3,1624829524.446451000,ns1,/media/batool/MULTIMODAL_DATA/Multimodal_Data/Cat1/opposite/bag_files/Cat1_20mph_lr_opposite_3/lidar_pcd/ns1/velodyne_points/1624829524.446451000.pcd
Cat1,20mph,lr,opposite,3,1624829524.547295000,ns1,/media/batool/MULTIMODAL_DATA/Multimodal_Data/Cat1/opposite/bag_files/Cat1_20mph_lr_opposite_3/lidar_pcd/ns1/velodyne_points/1624829524.547295000.pcd
Cat1,20mph,lr,opposite,3,1624829524.648168000,ns1,/media/batool/MULTIMODAL_DATA/Multimodal_Data/Cat1/opposite/bag_files/Cat1_20mph_lr_opposite_3/lidar_pcd/ns1/velodyne_points/1624829524.648168000.pcd
Cat1,20mph,lr,opposite,3,1624829524.749025000,ns1,/media/batool/MULTIMODAL_DATA/Multimodal_Data/Cat1/opposite/bag_files/Cat1_20mph_lr_opposite_3/lidar_pcd/ns1/velodyne_points/1624829524.749025000.pcd
Cat1,20mph,lr,opposite,3,1624829524.950742000,ns1,/media/batool/MULTIMODAL_DATA/Multimodal_Data/Cat1/opposite/bag_files/Cat1_20mph_lr_opposite_3/lidar_pcd/ns1/velodyne_points/1624829524.950742000.pcd
Cat1,20mph,lr,opposite,3,1624829525.051597000,ns1,/media/batool/MULTIMODAL_DATA/Multimodal_Data/Cat1/opposite/bag_files/Cat1_20mph_lr_opposite_3/lidar_pcd/ns1/velodyne_points/1624829525.051597000.pcd
Cat1,20mph,lr,opposite,3,1624829525.152459000,ns1,/media/batool/MULTIMODAL_DATA/Multimodal_Data/Cat1/opposite/bag_files/Cat1_20mph_lr_opposite_3/lidar_pcd/ns1/velodyne_points/1624829525.152459000.pcd
Cat1,20mph,lr,opposite,3,1624829525.253280000,ns1,/media/batool/MULTIMODAL_DATA/Multimodal_Data/Cat1/opposite/bag_files/Cat1_20mph_lr_opposite_3/lidar_pcd/ns1/velodyne_points/1624829525.253280000.pcd
Cat1,20mph,lr,opposite,3,1624829525.354201000,ns1,/media/batool/MULTIMODAL_DATA/Multimodal_Data/Cat1/opposite/bag_files/Cat1_20mph_lr_opposite_3/lidar_pcd/ns1/velodyne_points/1624829525.354201000.pcd
Cat1,20mph,lr,opposite,3,1624829525.455007000,ns1,/media/batool/MULTIMODAL_DATA/Multimodal_Data/Cat1/opposite/bag_files/Cat1_20mph_lr_opposite_3/lidar_pcd/ns1/velodyne_points/1624829525.455007000.pcd
Cat1,20mph,lr,opposite,3,1624829525.555863000,ns1,/media/batool/MULTIMODAL_DATA/Multimodal_Data/Cat1/opposite/bag_files/Cat1_20mph_lr_opposite_3/lidar_pcd/ns1/velodyne_points/1624829525.555863000.pcd
Cat1,20mph,lr,opposite,3,1624829525.656739000,ns1,/media/batool/MULTIMODAL_DATA/Multimodal_Data/Cat1/opposite/bag_files/Cat1_20mph_lr_opposite_3/lidar_pcd/ns1/velodyne_points/1624829525.656739000.pcd
Cat1,20mph,lr,opposite,3,1624829525.757564000,ns1,/media/batool/MULTIMODAL_DATA/Multimodal_Data/Cat1/opposite/bag_files/Cat1_20mph_lr_opposite_3/lidar_pcd/ns1/velodyne_points/1624829525.757564000.pcd
Cat1,20mph,lr,opposite,3,1624829525.858426000,ns1,/media/batool/MULTIMODAL_DATA/Multimodal_Data/Cat1/opposite/bag_files/Cat1_20mph_lr_opposite_3/lidar_pcd/ns1/velodyne_points/1624829525.858426000.pcd
Cat1,20mph,lr,opposite,3,1624829525.959301000,ns1,/media/batool/MULTIMODAL_DATA/Multimodal_Data/Cat1/opposite/bag_files/Cat1_20mph_lr_opposite_3/lidar_pcd/ns1/velodyne_points/1624829525.959301000.pcd
Cat1,20mph,lr,opposite,3,1624829526.060150000,ns1,/media/batool/MULTIMODAL_DATA/Multimodal_Data/Cat1/opposite/bag_files/Cat1_20mph_lr_opposite_3/lidar_pcd/ns1/velodyne_points/1624829526.060150000.pcd
Cat1,20mph,lr,opposite,3,1624829526.161021000,ns1,/media/batool/MULTIMODAL_DATA/Multimodal_Data/Cat1/opposite/bag_files/Cat1_20mph_lr_opposite_3/lidar_pcd/ns1/velodyne_points/1624829526.161021000.pcd
Cat1,20mph,lr,opposite,3,1624829526.261869000,ns1,/media/batool/MULTIMODAL_DATA/Multimodal_Data/Cat1/opposite/bag_files/Cat1_20mph_lr_opposite_3/lidar_pcd/ns1/velodyne_points/1624829526.261869000.pcd
Cat1,20mph,lr,opposite,3,1624829526.463621000,ns1,/media/batool/MULTIMODAL_DATA/Multimodal_Data/Cat1/opposite/bag_files/Cat1_20mph_lr_opposite_3/lidar_pcd/ns1/velodyne_points/1624829526.463621000.pcd
Cat1,20mph,lr,opposite,3,1624829526.564455000,ns1,/media/batool/MULTIMODAL_DATA/Multimodal_Data/Cat1/opposite/bag_files/Cat1_20mph_lr_opposite_3/lidar_pcd/ns1/velodyne_points/1624829526.564455000.pcd
Cat1,20mph,lr,opposite,3,1624829526.665276000,ns1,/media/batool/MULTIMODAL_DATA/Multimodal_Data/Cat1/opposite/bag_files/Cat1_20mph_lr_opposite_3/lidar_pcd/ns1/velodyne_points/1624829526.665276000.pcd
Cat1,20mph,lr,opposite,3,1624829526.766138000,ns1,/media/batool/MULTIMODAL_DATA/Multimodal_Data/Cat1/opposite/bag_files/Cat1_20mph_lr_opposite_3/lidar_pcd/ns1/velodyne_points/1624829526.766138000.pcd
Cat1,20mph,lr,opposite,3,1624829526.867000000,ns1,/media/batool/MULTIMODAL_DATA/Multimodal_Data/Cat1/opposite/bag_files/Cat1_20mph_lr_opposite_3/lidar_pcd/ns1/velodyne_points/1624829526.867000000.pcd
Cat1,20mph,lr,opposite,3,1624829526.967860000,ns1,/media/batool/MULTIMODAL_DATA/Multimodal_Data/Cat1/opposite/bag_files/Cat1_20mph_lr_opposite_3/lidar_pcd/ns1/velodyne_points/1624829526.967860000.pcd
Cat1,20mph,lr,opposite,3,1624829527.068733000,ns1,/media/batool/MULTIMODAL_DATA/Multimodal_Data/Cat1/opposite/bag_files/Cat1_20mph_lr_opposite_3/lidar_pcd/ns1/velodyne_points/1624829527.068733000.pcd
Cat1,20mph,lr,opposite,3,1624829527.169588000,ns1,/media/batool/MULTIMODAL_DATA/Multimodal_Data/Cat1/opposite/bag_files/Cat1_20mph_lr_opposite_3/lidar_pcd/ns1/velodyne_points/1624829527.169588000.pcd
Cat1,20mph,lr,opposite,3,1624829527.270432000,ns1,/media/batool/MULTIMODAL_DATA/Multimodal_Data/Cat1/opposite/bag_files/Cat1_20mph_lr_opposite_3/lidar_pcd/ns1/velodyne_points/1624829527.270432000.pcd
Cat1,20mph,lr,opposite,3,1624829527.371299000,ns1,/media/batool/MULTIMODAL_DATA/Multimodal_Data/Cat1/opposite/bag_files/Cat1_20mph_lr_opposite_3/lidar_pcd/ns1/velodyne_points/1624829527.371299000.pcd
Cat1,20mph,lr,opposite,3,1624829527.472154000,ns1,/media/batool/MULTIMODAL_DATA/Multimodal_Data/Cat1/opposite/bag_files/Cat1_20mph_lr_opposite_3/lidar_pcd/ns1/velodyne_points/1624829527.472154000.pcd
Cat1,20mph,lr,opposite,3,1624829527.573016000,ns1,/media/batool/MULTIMODAL_DATA/Multimodal_Data/Cat1/opposite/bag_files/Cat1_20mph_lr_opposite_3/lidar_pcd/ns1/velodyne_points/1624829527.573016000.pcd
Cat1,20mph,lr,opposite,3,1624829527.673851000,ns1,/media/batool/MULTIMODAL_DATA/Multimodal_Data/Cat1/opposite/bag_files/Cat1_20mph_lr_opposite_3/lidar_pcd/ns1/velodyne_points/1624829527.673851000.pcd
Cat1,20mph,lr,opposite,3,1624829527.774731000,ns1,/media/batool/MULTIMODAL_DATA/Multimodal_Data/Cat1/opposite/bag_files/Cat1_20mph_lr_opposite_3/lidar_pcd/ns1/velodyne_points/1624829527.774731000.pcd
Cat1,20mph,lr,opposite,3,1624829527.976428000,ns1,/media/batool/MULTIMODAL_DATA/Multimodal_Data/Cat1/opposite/bag_files/Cat1_20mph_lr_opposite_3/lidar_pcd/ns1/velodyne_points/1624829527.976428000.pcd
Cat1,20mph,lr,opposite,3,1624829528.077283000,ns1,/media/batool/MULTIMODAL_DATA/Multimodal_Data/Cat1/opposite/bag_files/Cat1_20mph_lr_opposite_3/lidar_pcd/ns1/velodyne_points/1624829528.077283000.pcd
Cat1,20mph,lr,opposite,3,1624829528.178143000,ns1,/media/batool/MULTIMODAL_DATA/Multimodal_Data/Cat1/opposite/bag_files/Cat1_20mph_lr_opposite_3/lidar_pcd/ns1/velodyne_points/1624829528.178143000.pcd
Cat1,20mph,lr,opposite,3,1624829528.279001000,ns1,/media/batool/MULTIMODAL_DATA/Multimodal_Data/Cat1/opposite/bag_files/Cat1_20mph_lr_opposite_3/lidar_pcd/ns1/velodyne_points/1624829528.279001000.pcd
Cat1,20mph,lr,opposite,3,1624829528.379888000,ns1,/media/batool/MULTIMODAL_DATA/Multimodal_Data/Cat1/opposite/bag_files/Cat1_20mph_lr_opposite_3/lidar_pcd/ns1/velodyne_points/1624829528.379888000.pcd
Cat1,20mph,lr,opposite,3,1624829528.480711000,ns1,/media/batool/MULTIMODAL_DATA/Multimodal_Data/Cat1/opposite/bag_files/Cat1_20mph_lr_opposite_3/lidar_pcd/ns1/velodyne_points/1624829528.480711000.pcd
Cat1,20mph,lr,opposite,3,1624829528.581580000,ns1,/media/batool/MULTIMODAL_DATA/Multimodal_Data/Cat1/opposite/bag_files/Cat1_20mph_lr_opposite_3/lidar_pcd/ns1/velodyne_points/1624829528.581580000.pcd
Cat1,20mph,lr,opposite,3,1624829528.682397000,ns1,/media/batool/MULTIMODAL_DATA/Multimodal_Data/Cat1/opposite/bag_files/Cat1_20mph_lr_opposite_3/lidar_pcd/ns1/velodyne_points/1624829528.682397000.pcd
Cat1,20mph,lr,opposite,3,1624829528.783249000,ns1,/media/batool/MULTIMODAL_DATA/Multimodal_Data/Cat1/opposite/bag_files/Cat1_20mph_lr_opposite_3/lidar_pcd/ns1/velodyne_points/1624829528.783249000.pcd
Cat1,20mph,lr,opposite,3,1624829528.884118000,ns1,/media/batool/MULTIMODAL_DATA/Multimodal_Data/Cat1/opposite/bag_files/Cat1_20mph_lr_opposite_3/lidar_pcd/ns1/velodyne_points/1624829528.884118000.pcd
Cat1,20mph,lr,opposite,3,1624829528.984966000,ns1,/media/batool/MULTIMODAL_DATA/Multimodal_Data/Cat1/opposite/bag_files/Cat1_20mph_lr_opposite_3/lidar_pcd/ns1/velodyne_points/1624829528.984966000.pcd
Cat1,20mph,lr,opposite,3,1624829529.085812000,ns1,/media/batool/MULTIMODAL_DATA/Multimodal_Data/Cat1/opposite/bag_files/Cat1_20mph_lr_opposite_3/lidar_pcd/ns1/velodyne_points/1624829529.085812000.pcd
Cat1,20mph,lr,opposite,3,1624829529.186684000,ns1,/media/batool/MULTIMODAL_DATA/Multimodal_Data/Cat1/opposite/bag_files/Cat1_20mph_lr_opposite_3/lidar_pcd/ns1/velodyne_points/1624829529.186684000.pcd
Cat1,20mph,lr,opposite,3,1624829529.287542000,ns1,/media/batool/MULTIMODAL_DATA/Multimodal_Data/Cat1/opposite/bag_files/Cat1_20mph_lr_opposite_3/lidar_pcd/ns1/velodyne_points/1624829529.287542000.pcd
Cat1,20mph,lr,opposite,3,1624829529.489306000,ns1,/media/batool/MULTIMODAL_DATA/Multimodal_Data/Cat1/opposite/bag_files/Cat1_20mph_lr_opposite_3/lidar_pcd/ns1/velodyne_points/1624829529.489306000.pcd
Cat1,20mph,lr,opposite,3,1624829529.590156000,ns1,/media/batool/MULTIMODAL_DATA/Multimodal_Data/Cat1/opposite/bag_files/Cat1_20mph_lr_opposite_3/lidar_pcd/ns1/velodyne_points/1624829529.590156000.pcd
Cat1,20mph,lr,opposite,3,1624829529.690986000,ns1,/media/batool/MULTIMODAL_DATA/Multimodal_Data/Cat1/opposite/bag_files/Cat1_20mph_lr_opposite_3/lidar_pcd/ns1/velodyne_points/1624829529.690986000.pcd
Cat1,20mph,lr,opposite,3,1624829529.791874000,ns1,/media/batool/MULTIMODAL_DATA/Multimodal_Data/Cat1/opposite/bag_files/Cat1_20mph_lr_opposite_3/lidar_pcd/ns1/velodyne_points/1624829529.791874000.pcd
Cat1,20mph,lr,opposite,3,1624829529.892691000,ns1,/media/batool/MULTIMODAL_DATA/Multimodal_Data/Cat1/opposite/bag_files/Cat1_20mph_lr_opposite_3/lidar_pcd/ns1/velodyne_points/1624829529.892691000.pcd
Cat1,20mph,lr,opposite,3,1624829529.993563000,ns1,/media/batool/MULTIMODAL_DATA/Multimodal_Data/Cat1/opposite/bag_files/Cat1_20mph_lr_opposite_3/lidar_pcd/ns1/velodyne_points/1624829529.993563000.pcd
Cat1,20mph,lr,opposite,3,1624829530.094413000,ns1,/media/batool/MULTIMODAL_DATA/Multimodal_Data/Cat1/opposite/bag_files/Cat1_20mph_lr_opposite_3/lidar_pcd/ns1/velodyne_points/1624829530.094413000.pcd
Cat1,20mph,lr,opposite,3,1624829530.195264000,ns1,/media/batool/MULTIMODAL_DATA/Multimodal_Data/Cat1/opposite/bag_files/Cat1_20mph_lr_opposite_3/lidar_pcd/ns1/velodyne_points/1624829530.195264000.pcd
Cat1,20mph,lr,opposite,3,1624829530.296153000,ns1,/media/batool/MULTIMODAL_DATA/Multimodal_Data/Cat1/opposite/bag_files/Cat1_20mph_lr_opposite_3/lidar_pcd/ns1/velodyne_points/1624829530.296153000.pcd
Cat1,20mph,lr,opposite,3,1624829530.396995000,ns1,/media/batool/MULTIMODAL_DATA/Multimodal_Data/Cat1/opposite/bag_files/Cat1_20mph_lr_opposite_3/lidar_pcd/ns1/velodyne_points/1624829530.396995000.pcd
Cat1,20mph,lr,opposite,3,1624829530.497861000,ns1,/media/batool/MULTIMODAL_DATA/Multimodal_Data/Cat1/opposite/bag_files/Cat1_20mph_lr_opposite_3/lidar_pcd/ns1/velodyne_points/1624829530.497861000.pcd
Cat1,20mph,lr,opposite,3,1624829530.598691000,ns1,/media/batool/MULTIMODAL_DATA/Multimodal_Data/Cat1/opposite/bag_files/Cat1_20mph_lr_opposite_3/lidar_pcd/ns1/velodyne_points/1624829530.598691000.pcd
Cat1,20mph,lr,opposite,3,1624829530.699575000,ns1,/media/batool/MULTIMODAL_DATA/Multimodal_Data/Cat1/opposite/bag_files/Cat1_20mph_lr_opposite_3/lidar_pcd/ns1/velodyne_points/1624829530.699575000.pcd
Cat1,20mph,lr,opposite,3,1624829530.800397000,ns1,/media/batool/MULTIMODAL_DATA/Multimodal_Data/Cat1/opposite/bag_files/Cat1_20mph_lr_opposite_3/lidar_pcd/ns1/velodyne_points/1624829530.800397000.pcd
Cat1,20mph,lr,opposite,3,1624829531.002115000,ns1,/media/batool/MULTIMODAL_DATA/Multimodal_Data/Cat1/opposite/bag_files/Cat1_20mph_lr_opposite_3/lidar_pcd/ns1/velodyne_points/1624829531.002115000.pcd
Cat1,20mph,lr,opposite,3,1624829531.103005000,ns1,/media/batool/MULTIMODAL_DATA/Multimodal_Data/Cat1/opposite/bag_files/Cat1_20mph_lr_opposite_3/lidar_pcd/ns1/velodyne_points/1624829531.103005000.pcd
Cat1,20mph,lr,opposite,3,1624829531.203829000,ns1,/media/batool/MULTIMODAL_DATA/Multimodal_Data/Cat1/opposite/bag_files/Cat1_20mph_lr_opposite_3/lidar_pcd/ns1/velodyne_points/1624829531.203829000.pcd
Cat1,20mph,lr,opposite,3,1624829531.304696000,ns1,/media/batool/MULTIMODAL_DATA/Multimodal_Data/Cat1/opposite/bag_files/Cat1_20mph_lr_opposite_3/lidar_pcd/ns1/velodyne_points/1624829531.304696000.pcd
Cat1,20mph,lr,opposite,3,1624829531.405558000,ns1,/media/batool/MULTIMODAL_DATA/Multimodal_Data/Cat1/opposite/bag_files/Cat1_20mph_lr_opposite_3/lidar_pcd/ns1/velodyne_points/1624829531.405558000.pcd
Cat1,20mph,lr,opposite,3,1624829531.506413000,ns1,/media/batool/MULTIMODAL_DATA/Multimodal_Data/Cat1/opposite/bag_files/Cat1_20mph_lr_opposite_3/lidar_pcd/ns1/velodyne_points/1624829531.506413000.pcd
Cat1,20mph,lr,opposite,3,1624829531.607288000,ns1,/media/batool/MULTIMODAL_DATA/Multimodal_Data/Cat1/opposite/bag_files/Cat1_20mph_lr_opposite_3/lidar_pcd/ns1/velodyne_points/1624829531.607288000.pcd
Cat1,20mph,lr,opposite,3,1624829531.708091000,ns1,/media/batool/MULTIMODAL_DATA/Multimodal_Data/Cat1/opposite/bag_files/Cat1_20mph_lr_opposite_3/lidar_pcd/ns1/velodyne_points/1624829531.708091000.pcd
Cat1,20mph,lr,opposite,3,1624829531.808997000,ns1,/media/batool/MULTIMODAL_DATA/Multimodal_Data/Cat1/opposite/bag_files/Cat1_20mph_lr_opposite_3/lidar_pcd/ns1/velodyne_points/1624829531.808997000.pcd
Cat1,20mph,lr,opposite,3,1624829531.909861000,ns1,/media/batool/MULTIMODAL_DATA/Multimodal_Data/Cat1/opposite/bag_files/Cat1_20mph_lr_opposite_3/lidar_pcd/ns1/velodyne_points/1624829531.909861000.pcd
Cat1,20mph,lr,opposite,3,1624829532.010718000,ns1,/media/batool/MULTIMODAL_DATA/Multimodal_Data/Cat1/opposite/bag_files/Cat1_20mph_lr_opposite_3/lidar_pcd/ns1/velodyne_points/1624829532.010718000.pcd
Cat1,20mph,lr,opposite,3,1624829532.111531000,ns1,/media/batool/MULTIMODAL_DATA/Multimodal_Data/Cat1/opposite/bag_files/Cat1_20mph_lr_opposite_3/lidar_pcd/ns1/velodyne_points/1624829532.111531000.pcd
Cat1,20mph,lr,opposite,3,1624829532.212439000,ns1,/media/batool/MULTIMODAL_DATA/Multimodal_Data/Cat1/opposite/bag_files/Cat1_20mph_lr_opposite_3/lidar_pcd/ns1/velodyne_points/1624829532.212439000.pcd
Cat1,20mph,lr,opposite,3,1624829532.313282000,ns1,/media/batool/MULTIMODAL_DATA/Multimodal_Data/Cat1/opposite/bag_files/Cat1_20mph_lr_opposite_3/lidar_pcd/ns1/velodyne_points/1624829532.313282000.pcd
Cat1,20mph,lr,opposite,3,1624829532.514981000,ns1,/media/batool/MULTIMODAL_DATA/Multimodal_Data/Cat1/opposite/bag_files/Cat1_20mph_lr_opposite_3/lidar_pcd/ns1/velodyne_points/1624829532.514981000.pcd
Cat1,20mph,lr,opposite,3,1624829532.615859000,ns1,/media/batool/MULTIMODAL_DATA/Multimodal_Data/Cat1/opposite/bag_files/Cat1_20mph_lr_opposite_3/lidar_pcd/ns1/velodyne_points/1624829532.615859000.pcd
Cat1,20mph,lr,opposite,3,1624829532.716717000,ns1,/media/batool/MULTIMODAL_DATA/Multimodal_Data/Cat1/opposite/bag_files/Cat1_20mph_lr_opposite_3/lidar_pcd/ns1/velodyne_points/1624829532.716717000.pcd
Cat1,20mph,lr,opposite,3,1624829532.817523000,ns1,/media/batool/MULTIMODAL_DATA/Multimodal_Data/Cat1/opposite/bag_files/Cat1_20mph_lr_opposite_3/lidar_pcd/ns1/velodyne_points/1624829532.817523000.pcd
Cat1,20mph,lr,opposite,3,1624829532.918431000,ns1,/media/batool/MULTIMODAL_DATA/Multimodal_Data/Cat1/opposite/bag_files/Cat1_20mph_lr_opposite_3/lidar_pcd/ns1/velodyne_points/1624829532.918431000.pcd
Cat1,20mph,lr,opposite,3,1624829533.019246000,ns1,/media/batool/MULTIMODAL_DATA/Multimodal_Data/Cat1/opposite/bag_files/Cat1_20mph_lr_opposite_3/lidar_pcd/ns1/velodyne_points/1624829533.019246000.pcd
Cat1,20mph,lr,opposite,3,1624829533.120159000,ns1,/media/batool/MULTIMODAL_DATA/Multimodal_Data/Cat1/opposite/bag_files/Cat1_20mph_lr_opposite_3/lidar_pcd/ns1/velodyne_points/1624829533.120159000.pcd
Cat1,20mph,lr,opposite,3,1624829533.220971000,ns1,/media/batool/MULTIMODAL_DATA/Multimodal_Data/Cat1/opposite/bag_files/Cat1_20mph_lr_opposite_3/lidar_pcd/ns1/velodyne_points/1624829533.220971000.pcd
Cat1,20mph,lr,opposite,3,1624829533.321823000,ns1,/media/batool/MULTIMODAL_DATA/Multimodal_Data/Cat1/opposite/bag_files/Cat1_20mph_lr_opposite_3/lidar_pcd/ns1/velodyne_points/1624829533.321823000.pcd
Cat1,20mph,lr,opposite,3,1624829533.422724000,ns1,/media/batool/MULTIMODAL_DATA/Multimodal_Data/Cat1/opposite/bag_files/Cat1_20mph_lr_opposite_3/lidar_pcd/ns1/velodyne_points/1624829533.422724000.pcd
Cat1,20mph,lr,opposite,3,1624829533.523586000,ns1,/media/batool/MULTIMODAL_DATA/Multimodal_Data/Cat1/opposite/bag_files/Cat1_20mph_lr_opposite_3/lidar_pcd/ns1/velodyne_points/1624829533.523586000.pcd
Cat1,20mph,lr,opposite,3,1624829533.624426000,ns1,/media/batool/MULTIMODAL_DATA/Multimodal_Data/Cat1/opposite/bag_files/Cat1_20mph_lr_opposite_3/lidar_pcd/ns1/velodyne_points/1624829533.624426000.pcd
Cat1,20mph,lr,opposite,3,1624829533.725259000,ns1,/media/batool/MULTIMODAL_DATA/Multimodal_Data/Cat1/opposite/bag_files/Cat1_20mph_lr_opposite_3/lidar_pcd/ns1/velodyne_points/1624829533.725259000.pcd
Cat1,20mph,lr,opposite,3,1624829533.826143000,ns1,/media/batool/MULTIMODAL_DATA/Multimodal_Data/Cat1/opposite/bag_files/Cat1_20mph_lr_opposite_3/lidar_pcd/ns1/velodyne_points/1624829533.826143000.pcd
Cat1,20mph,lr,opposite,3,1624829534.027829000,ns1,/media/batool/MULTIMODAL_DATA/Multimodal_Data/Cat1/opposite/bag_files/Cat1_20mph_lr_opposite_3/lidar_pcd/ns1/velodyne_points/1624829534.027829000.pcd
Cat1,20mph,lr,opposite,3,1624829534.128710000,ns1,/media/batool/MULTIMODAL_DATA/Multimodal_Data/Cat1/opposite/bag_files/Cat1_20mph_lr_opposite_3/lidar_pcd/ns1/velodyne_points/1624829534.128710000.pcd
Cat1,20mph,lr,opposite,3,1624829534.229568000,ns1,/media/batool/MULTIMODAL_DATA/Multimodal_Data/Cat1/opposite/bag_files/Cat1_20mph_lr_opposite_3/lidar_pcd/ns1/velodyne_points/1624829534.229568000.pcd
Cat1,20mph,lr,opposite,3,1624829534.330425000,ns1,/media/batool/MULTIMODAL_DATA/Multimodal_Data/Cat1/opposite/bag_files/Cat1_20mph_lr_opposite_3/lidar_pcd/ns1/velodyne_points/1624829534.330425000.pcd
Cat1,20mph,lr,opposite,3,1624829534.431261000,ns1,/media/batool/MULTIMODAL_DATA/Multimodal_Data/Cat1/opposite/bag_files/Cat1_20mph_lr_opposite_3/lidar_pcd/ns1/velodyne_points/1624829534.431261000.pcd
Cat1,20mph,lr,opposite,3,1624829534.532097000,ns1,/media/batool/MULTIMODAL_DATA/Multimodal_Data/Cat1/opposite/bag_files/Cat1_20mph_lr_opposite_3/lidar_pcd/ns1/velodyne_points/1624829534.532097000.pcd
Cat1,20mph,lr,opposite,3,1624829534.632953000,ns1,/media/batool/MULTIMODAL_DATA/Multimodal_Data/Cat1/opposite/bag_files/Cat1_20mph_lr_opposite_3/lidar_pcd/ns1/velodyne_points/1624829534.632953000.pcd
Cat1,20mph,lr,opposite,3,1624829534.733841000,ns1,/media/batool/MULTIMODAL_DATA/Multimodal_Data/Cat1/opposite/bag_files/Cat1_20mph_lr_opposite_3/lidar_pcd/ns1/velodyne_points/1624829534.733841000.pcd
Cat1,20mph,lr,opposite,3,1624829534.834707000,ns1,/media/batool/MULTIMODAL_DATA/Multimodal_Data/Cat1/opposite/bag_files/Cat1_20mph_lr_opposite_3/lidar_pcd/ns1/velodyne_points/1624829534.834707000.pcd
Cat1,20mph,lr,opposite,3,1624829534.935534000,ns1,/media/batool/MULTIMODAL_DATA/Multimodal_Data/Cat1/opposite/bag_files/Cat1_20mph_lr_opposite_3/lidar_pcd/ns1/velodyne_points/1624829534.935534000.pcd
Cat1,20mph,lr,opposite,3,1624829535.036385000,ns1,/media/batool/MULTIMODAL_DATA/Multimodal_Data/Cat1/opposite/bag_files/Cat1_20mph_lr_opposite_3/lidar_pcd/ns1/velodyne_points/1624829535.036385000.pcd
Cat1,20mph,lr,opposite,3,1624829535.137253000,ns1,/media/batool/MULTIMODAL_DATA/Multimodal_Data/Cat1/opposite/bag_files/Cat1_20mph_lr_opposite_3/lidar_pcd/ns1/velodyne_points/1624829535.137253000.pcd
Cat1,20mph,lr,opposite,3,1624829535.238161000,ns1,/media/batool/MULTIMODAL_DATA/Multimodal_Data/Cat1/opposite/bag_files/Cat1_20mph_lr_opposite_3/lidar_pcd/ns1/velodyne_points/1624829535.238161000.pcd
Cat1,20mph,lr,opposite,3,1624829535.339009000,ns1,/media/batool/MULTIMODAL_DATA/Multimodal_Data/Cat1/opposite/bag_files/Cat1_20mph_lr_opposite_3/lidar_pcd/ns1/velodyne_points/1624829535.339009000.pcd
Cat1,20mph,lr,opposite,3,1624829535.540718000,ns1,/media/batool/MULTIMODAL_DATA/Multimodal_Data/Cat1/opposite/bag_files/Cat1_20mph_lr_opposite_3/lidar_pcd/ns1/velodyne_points/1624829535.540718000.pcd
Cat1,20mph,lr,opposite,3,1624829535.641517000,ns1,/media/batool/MULTIMODAL_DATA/Multimodal_Data/Cat1/opposite/bag_files/Cat1_20mph_lr_opposite_3/lidar_pcd/ns1/velodyne_points/1624829535.641517000.pcd
Cat1,20mph,lr,opposite,3,1624829535.742424000,ns1,/media/batool/MULTIMODAL_DATA/Multimodal_Data/Cat1/opposite/bag_files/Cat1_20mph_lr_opposite_3/lidar_pcd/ns1/velodyne_points/1624829535.742424000.pcd
Cat1,20mph,lr,opposite,3,1624829535.843245000,ns1,/media/batool/MULTIMODAL_DATA/Multimodal_Data/Cat1/opposite/bag_files/Cat1_20mph_lr_opposite_3/lidar_pcd/ns1/velodyne_points/1624829535.843245000.pcd
Cat1,20mph,lr,opposite,3,1624829535.944103000,ns1,/media/batool/MULTIMODAL_DATA/Multimodal_Data/Cat1/opposite/bag_files/Cat1_20mph_lr_opposite_3/lidar_pcd/ns1/velodyne_points/1624829535.944103000.pcd
Cat1,20mph,lr,opposite,3,1624829536.044986000,ns1,/media/batool/MULTIMODAL_DATA/Multimodal_Data/Cat1/opposite/bag_files/Cat1_20mph_lr_opposite_3/lidar_pcd/ns1/velodyne_points/1624829536.044986000.pcd
Cat1,20mph,lr,opposite,3,1624829536.145837000,ns1,/media/batool/MULTIMODAL_DATA/Multimodal_Data/Cat1/opposite/bag_files/Cat1_20mph_lr_opposite_3/lidar_pcd/ns1/velodyne_points/1624829536.145837000.pcd
Cat1,20mph,lr,opposite,3,1624829536.246704000,ns1,/media/batool/MULTIMODAL_DATA/Multimodal_Data/Cat1/opposite/bag_files/Cat1_20mph_lr_opposite_3/lidar_pcd/ns1/velodyne_points/1624829536.246704000.pcd
Cat1,20mph,lr,opposite,3,1624829536.347524000,ns1,/media/batool/MULTIMODAL_DATA/Multimodal_Data/Cat1/opposite/bag_files/Cat1_20mph_lr_opposite_3/lidar_pcd/ns1/velodyne_points/1624829536.347524000.pcd
Cat1,20mph,lr,opposite,3,1624829536.448384000,ns1,/media/batool/MULTIMODAL_DATA/Multimodal_Data/Cat1/opposite/bag_files/Cat1_20mph_lr_opposite_3/lidar_pcd/ns1/velodyne_points/1624829536.448384000.pcd
Cat1,20mph,lr,opposite,3,1624829536.549267000,ns1,/media/batool/MULTIMODAL_DATA/Multimodal_Data/Cat1/opposite/bag_files/Cat1_20mph_lr_opposite_3/lidar_pcd/ns1/velodyne_points/1624829536.549267000.pcd
Cat1,20mph,lr,opposite,3,1624829536.650100000,ns1,/media/batool/MULTIMODAL_DATA/Multimodal_Data/Cat1/opposite/bag_files/Cat1_20mph_lr_opposite_3/lidar_pcd/ns1/velodyne_points/1624829536.650100000.pcd
Cat1,20mph,lr,opposite,3,1624829536.750967000,ns1,/media/batool/MULTIMODAL_DATA/Multimodal_Data/Cat1/opposite/bag_files/Cat1_20mph_lr_opposite_3/lidar_pcd/ns1/velodyne_points/1624829536.750967000.pcd
Cat1,20mph,lr,opposite,3,1624829536.851787000,ns1,/media/batool/MULTIMODAL_DATA/Multimodal_Data/Cat1/opposite/bag_files/Cat1_20mph_lr_opposite_3/lidar_pcd/ns1/velodyne_points/1624829536.851787000.pcd
Cat1,20mph,lr,opposite,3,1624829537.053541000,ns1,/media/batool/MULTIMODAL_DATA/Multimodal_Data/Cat1/opposite/bag_files/Cat1_20mph_lr_opposite_3/lidar_pcd/ns1/velodyne_points/1624829537.053541000.pcd
Cat1,20mph,lr,opposite,3,1624829537.154391000,ns1,/media/batool/MULTIMODAL_DATA/Multimodal_Data/Cat1/opposite/bag_files/Cat1_20mph_lr_opposite_3/lidar_pcd/ns1/velodyne_points/1624829537.154391000.pcd
Cat1,20mph,lr,opposite,3,1624829537.255295000,ns1,/media/batool/MULTIMODAL_DATA/Multimodal_Data/Cat1/opposite/bag_files/Cat1_20mph_lr_opposite_3/lidar_pcd/ns1/velodyne_points/1624829537.255295000.pcd
Cat1,20mph,lr,opposite,3,1624829537.356118000,ns1,/media/batool/MULTIMODAL_DATA/Multimodal_Data/Cat1/opposite/bag_files/Cat1_20mph_lr_opposite_3/lidar_pcd/ns1/velodyne_points/1624829537.356118000.pcd
Cat1,20mph,lr,opposite,3,1624829537.457013000,ns1,/media/batool/MULTIMODAL_DATA/Multimodal_Data/Cat1/opposite/bag_files/Cat1_20mph_lr_opposite_3/lidar_pcd/ns1/velodyne_points/1624829537.457013000.pcd
Cat1,20mph,lr,opposite,3,1624829537.557858000,ns1,/media/batool/MULTIMODAL_DATA/Multimodal_Data/Cat1/opposite/bag_files/Cat1_20mph_lr_opposite_3/lidar_pcd/ns1/velodyne_points/1624829537.557858000.pcd
Cat1,20mph,lr,opposite,3,1624829537.658676000,ns1,/media/batool/MULTIMODAL_DATA/Multimodal_Data/Cat1/opposite/bag_files/Cat1_20mph_lr_opposite_3/lidar_pcd/ns1/velodyne_points/1624829537.658676000.pcd
Cat1,20mph,lr,opposite,3,1624829537.759531000,ns1,/media/batool/MULTIMODAL_DATA/Multimodal_Data/Cat1/opposite/bag_files/Cat1_20mph_lr_opposite_3/lidar_pcd/ns1/velodyne_points/1624829537.759531000.pcd
Cat1,20mph,lr,opposite,3,1624829537.860384000,ns1,/media/batool/MULTIMODAL_DATA/Multimodal_Data/Cat1/opposite/bag_files/Cat1_20mph_lr_opposite_3/lidar_pcd/ns1/velodyne_points/1624829537.860384000.pcd
Cat1,20mph,lr,opposite,3,1624829537.961237000,ns1,/media/batool/MULTIMODAL_DATA/Multimodal_Data/Cat1/opposite/bag_files/Cat1_20mph_lr_opposite_3/lidar_pcd/ns1/velodyne_points/1624829537.961237000.pcd
Cat1,20mph,lr,opposite,3,1624829538.062109000,ns1,/media/batool/MULTIMODAL_DATA/Multimodal_Data/Cat1/opposite/bag_files/Cat1_20mph_lr_opposite_3/lidar_pcd/ns1/velodyne_points/1624829538.062109000.pcd
Cat1,20mph,lr,opposite,3,1624829538.162947000,ns1,/media/batool/MULTIMODAL_DATA/Multimodal_Data/Cat1/opposite/bag_files/Cat1_20mph_lr_opposite_3/lidar_pcd/ns1/velodyne_points/1624829538.162947000.pcd
Cat1,20mph,lr,opposite,3,1624829538.263810000,ns1,/media/batool/MULTIMODAL_DATA/Multimodal_Data/Cat1/opposite/bag_files/Cat1_20mph_lr_opposite_3/lidar_pcd/ns1/velodyne_points/1624829538.263810000.pcd
Cat1,20mph,lr,opposite,3,1624829538.364715000,ns1,/media/batool/MULTIMODAL_DATA/Multimodal_Data/Cat1/opposite/bag_files/Cat1_20mph_lr_opposite_3/lidar_pcd/ns1/velodyne_points/1624829538.364715000.pcd
Cat1,20mph,lr,opposite,3,1624829538.465545000,ns1,/media/batool/MULTIMODAL_DATA/Multimodal_Data/Cat1/opposite/bag_files/Cat1_20mph_lr_opposite_3/lidar_pcd/ns1/velodyne_points/1624829538.465545000.pcd
Cat1,20mph,lr,opposite,3,1624829538.566430000,ns1,/media/batool/MULTIMODAL_DATA/Multimodal_Data/Cat1/opposite/bag_files/Cat1_20mph_lr_opposite_3/lidar_pcd/ns1/velodyne_points/1624829538.566430000.pcd
Cat1,20mph,lr,opposite,3,1624829538.667272000,ns1,/media/batool/MULTIMODAL_DATA/Multimodal_Data/Cat1/opposite/bag_files/Cat1_20mph_lr_opposite_3/lidar_pcd/ns1/velodyne_points/1624829538.667272000.pcd
Cat1,20mph,lr,opposite,3,1624829538.768108000,ns1,/media/batool/MULTIMODAL_DATA/Multimodal_Data/Cat1/opposite/bag_files/Cat1_20mph_lr_opposite_3/lidar_pcd/ns1/velodyne_points/1624829538.768108000.pcd
Cat1,20mph,lr,opposite,3,1624829538.868937000,ns1,/media/batool/MULTIMODAL_DATA/Multimodal_Data/Cat1/opposite/bag_files/Cat1_20mph_lr_opposite_3/lidar_pcd/ns1/velodyne_points/1624829538.868937000.pcd
Cat1,20mph,lr,opposite,3,1624829538.969822000,ns1,/media/batool/MULTIMODAL_DATA/Multimodal_Data/Cat1/opposite/bag_files/Cat1_20mph_lr_opposite_3/lidar_pcd/ns1/velodyne_points/1624829538.969822000.pcd
Cat1,20mph,lr,opposite,3,1624829539.070676000,ns1,/media/batool/MULTIMODAL_DATA/Multimodal_Data/Cat1/opposite/bag_files/Cat1_20mph_lr_opposite_3/lidar_pcd/ns1/velodyne_points/1624829539.070676000.pcd
Cat1,20mph,lr,opposite,3,1624829539.171528000,ns1,/media/batool/MULTIMODAL_DATA/Multimodal_Data/Cat1/opposite/bag_files/Cat1_20mph_lr_opposite_3/lidar_pcd/ns1/velodyne_points/1624829539.171528000.pcd
Cat1,20mph,lr,opposite,3,1624829539.272383000,ns1,/media/batool/MULTIMODAL_DATA/Multimodal_Data/Cat1/opposite/bag_files/Cat1_20mph_lr_opposite_3/lidar_pcd/ns1/velodyne_points/1624829539.272383000.pcd
Cat1,20mph,lr,opposite,3,1624829539.373238000,ns1,/media/batool/MULTIMODAL_DATA/Multimodal_Data/Cat1/opposite/bag_files/Cat1_20mph_lr_opposite_3/lidar_pcd/ns1/velodyne_points/1624829539.373238000.pcd
Cat1,20mph,lr,opposite,3,1624829539.474112000,ns1,/media/batool/MULTIMODAL_DATA/Multimodal_Data/Cat1/opposite/bag_files/Cat1_20mph_lr_opposite_3/lidar_pcd/ns1/velodyne_points/1624829539.474112000.pcd
Cat1,20mph,lr,opposite,3,1624829539.574962000,ns1,/media/batool/MULTIMODAL_DATA/Multimodal_Data/Cat1/opposite/bag_files/Cat1_20mph_lr_opposite_3/lidar_pcd/ns1/velodyne_points/1624829539.574962000.pcd
