Category,speed,direction,lane,episode,Time header,Image_path
Cat1,15mph,lr,opposite,4,1624827935.4103649,/media/batool/MULTIMODAL_DATA/Multimodal_Data/Cat1/opposite/bag_files/Cat1_15mph_lr_opposite_4/camera_images/1624827935.4103649.jpg
Cat1,15mph,lr,opposite,4,1624827935.4436982,/media/batool/MULTIMODAL_DATA/Multimodal_Data/Cat1/opposite/bag_files/Cat1_15mph_lr_opposite_4/camera_images/1624827935.4436982.jpg
Cat1,15mph,lr,opposite,4,1624827935.4770315,/media/batool/MULTIMODAL_DATA/Multimodal_Data/Cat1/opposite/bag_files/Cat1_15mph_lr_opposite_4/camera_images/1624827935.4770315.jpg
Cat1,15mph,lr,opposite,4,1624827935.5103648,/media/batool/MULTIMODAL_DATA/Multimodal_Data/Cat1/opposite/bag_files/Cat1_15mph_lr_opposite_4/camera_images/1624827935.5103648.jpg
Cat1,15mph,lr,opposite,4,1624827935.543698,/media/batool/MULTIMODAL_DATA/Multimodal_Data/Cat1/opposite/bag_files/Cat1_15mph_lr_opposite_4/camera_images/1624827935.543698.jpg
Cat1,15mph,lr,opposite,4,1624827935.5770314,/media/batool/MULTIMODAL_DATA/Multimodal_Data/Cat1/opposite/bag_files/Cat1_15mph_lr_opposite_4/camera_images/1624827935.5770314.jpg
Cat1,15mph,lr,opposite,4,1624827935.6103647,/media/batool/MULTIMODAL_DATA/Multimodal_Data/Cat1/opposite/bag_files/Cat1_15mph_lr_opposite_4/camera_images/1624827935.6103647.jpg
Cat1,15mph,lr,opposite,4,1624827935.643698,/media/batool/MULTIMODAL_DATA/Multimodal_Data/Cat1/opposite/bag_files/Cat1_15mph_lr_opposite_4/camera_images/1624827935.643698.jpg
Cat1,15mph,lr,opposite,4,1624827935.6770313,/media/batool/MULTIMODAL_DATA/Multimodal_Data/Cat1/opposite/bag_files/Cat1_15mph_lr_opposite_4/camera_images/1624827935.6770313.jpg
Cat1,15mph,lr,opposite,4,1624827935.7103646,/media/batool/MULTIMODAL_DATA/Multimodal_Data/Cat1/opposite/bag_files/Cat1_15mph_lr_opposite_4/camera_images/1624827935.7103646.jpg
Cat1,15mph,lr,opposite,4,1624827935.743698,/media/batool/MULTIMODAL_DATA/Multimodal_Data/Cat1/opposite/bag_files/Cat1_15mph_lr_opposite_4/camera_images/1624827935.743698.jpg
Cat1,15mph,lr,opposite,4,1624827935.7770312,/media/batool/MULTIMODAL_DATA/Multimodal_Data/Cat1/opposite/bag_files/Cat1_15mph_lr_opposite_4/camera_images/1624827935.7770312.jpg
Cat1,15mph,lr,opposite,4,1624827935.8103645,/media/batool/MULTIMODAL_DATA/Multimodal_Data/Cat1/opposite/bag_files/Cat1_15mph_lr_opposite_4/camera_images/1624827935.8103645.jpg
Cat1,15mph,lr,opposite,4,1624827935.8436978,/media/batool/MULTIMODAL_DATA/Multimodal_Data/Cat1/opposite/bag_files/Cat1_15mph_lr_opposite_4/camera_images/1624827935.8436978.jpg
Cat1,15mph,lr,opposite,4,1624827935.877031,/media/batool/MULTIMODAL_DATA/Multimodal_Data/Cat1/opposite/bag_files/Cat1_15mph_lr_opposite_4/camera_images/1624827935.877031.jpg
Cat1,15mph,lr,opposite,4,1624827935.9436977,/media/batool/MULTIMODAL_DATA/Multimodal_Data/Cat1/opposite/bag_files/Cat1_15mph_lr_opposite_4/camera_images/1624827935.9436977.jpg
Cat1,15mph,lr,opposite,4,1624827935.977031,/media/batool/MULTIMODAL_DATA/Multimodal_Data/Cat1/opposite/bag_files/Cat1_15mph_lr_opposite_4/camera_images/1624827935.977031.jpg
Cat1,15mph,lr,opposite,4,1624827936.0103643,/media/batool/MULTIMODAL_DATA/Multimodal_Data/Cat1/opposite/bag_files/Cat1_15mph_lr_opposite_4/camera_images/1624827936.0103643.jpg
Cat1,15mph,lr,opposite,4,1624827936.0436976,/media/batool/MULTIMODAL_DATA/Multimodal_Data/Cat1/opposite/bag_files/Cat1_15mph_lr_opposite_4/camera_images/1624827936.0436976.jpg
Cat1,15mph,lr,opposite,4,1624827936.077031,/media/batool/MULTIMODAL_DATA/Multimodal_Data/Cat1/opposite/bag_files/Cat1_15mph_lr_opposite_4/camera_images/1624827936.077031.jpg
Cat1,15mph,lr,opposite,4,1624827936.1103642,/media/batool/MULTIMODAL_DATA/Multimodal_Data/Cat1/opposite/bag_files/Cat1_15mph_lr_opposite_4/camera_images/1624827936.1103642.jpg
Cat1,15mph,lr,opposite,4,1624827936.1436975,/media/batool/MULTIMODAL_DATA/Multimodal_Data/Cat1/opposite/bag_files/Cat1_15mph_lr_opposite_4/camera_images/1624827936.1436975.jpg
Cat1,15mph,lr,opposite,4,1624827936.1770308,/media/batool/MULTIMODAL_DATA/Multimodal_Data/Cat1/opposite/bag_files/Cat1_15mph_lr_opposite_4/camera_images/1624827936.1770308.jpg
Cat1,15mph,lr,opposite,4,1624827936.210364,/media/batool/MULTIMODAL_DATA/Multimodal_Data/Cat1/opposite/bag_files/Cat1_15mph_lr_opposite_4/camera_images/1624827936.210364.jpg
Cat1,15mph,lr,opposite,4,1624827936.2436974,/media/batool/MULTIMODAL_DATA/Multimodal_Data/Cat1/opposite/bag_files/Cat1_15mph_lr_opposite_4/camera_images/1624827936.2436974.jpg
Cat1,15mph,lr,opposite,4,1624827936.2770307,/media/batool/MULTIMODAL_DATA/Multimodal_Data/Cat1/opposite/bag_files/Cat1_15mph_lr_opposite_4/camera_images/1624827936.2770307.jpg
Cat1,15mph,lr,opposite,4,1624827936.310364,/media/batool/MULTIMODAL_DATA/Multimodal_Data/Cat1/opposite/bag_files/Cat1_15mph_lr_opposite_4/camera_images/1624827936.310364.jpg
Cat1,15mph,lr,opposite,4,1624827936.3436973,/media/batool/MULTIMODAL_DATA/Multimodal_Data/Cat1/opposite/bag_files/Cat1_15mph_lr_opposite_4/camera_images/1624827936.3436973.jpg
Cat1,15mph,lr,opposite,4,1624827936.3770306,/media/batool/MULTIMODAL_DATA/Multimodal_Data/Cat1/opposite/bag_files/Cat1_15mph_lr_opposite_4/camera_images/1624827936.3770306.jpg
Cat1,15mph,lr,opposite,4,1624827936.410364,/media/batool/MULTIMODAL_DATA/Multimodal_Data/Cat1/opposite/bag_files/Cat1_15mph_lr_opposite_4/camera_images/1624827936.410364.jpg
Cat1,15mph,lr,opposite,4,1624827936.4770305,/media/batool/MULTIMODAL_DATA/Multimodal_Data/Cat1/opposite/bag_files/Cat1_15mph_lr_opposite_4/camera_images/1624827936.4770305.jpg
Cat1,15mph,lr,opposite,4,1624827936.5103638,/media/batool/MULTIMODAL_DATA/Multimodal_Data/Cat1/opposite/bag_files/Cat1_15mph_lr_opposite_4/camera_images/1624827936.5103638.jpg
Cat1,15mph,lr,opposite,4,1624827936.543697,/media/batool/MULTIMODAL_DATA/Multimodal_Data/Cat1/opposite/bag_files/Cat1_15mph_lr_opposite_4/camera_images/1624827936.543697.jpg
Cat1,15mph,lr,opposite,4,1624827936.5770304,/media/batool/MULTIMODAL_DATA/Multimodal_Data/Cat1/opposite/bag_files/Cat1_15mph_lr_opposite_4/camera_images/1624827936.5770304.jpg
Cat1,15mph,lr,opposite,4,1624827936.6103637,/media/batool/MULTIMODAL_DATA/Multimodal_Data/Cat1/opposite/bag_files/Cat1_15mph_lr_opposite_4/camera_images/1624827936.6103637.jpg
Cat1,15mph,lr,opposite,4,1624827936.643697,/media/batool/MULTIMODAL_DATA/Multimodal_Data/Cat1/opposite/bag_files/Cat1_15mph_lr_opposite_4/camera_images/1624827936.643697.jpg
Cat1,15mph,lr,opposite,4,1624827936.6770303,/media/batool/MULTIMODAL_DATA/Multimodal_Data/Cat1/opposite/bag_files/Cat1_15mph_lr_opposite_4/camera_images/1624827936.6770303.jpg
Cat1,15mph,lr,opposite,4,1624827936.7103636,/media/batool/MULTIMODAL_DATA/Multimodal_Data/Cat1/opposite/bag_files/Cat1_15mph_lr_opposite_4/camera_images/1624827936.7103636.jpg
Cat1,15mph,lr,opposite,4,1624827936.743697,/media/batool/MULTIMODAL_DATA/Multimodal_Data/Cat1/opposite/bag_files/Cat1_15mph_lr_opposite_4/camera_images/1624827936.743697.jpg
Cat1,15mph,lr,opposite,4,1624827936.7770302,/media/batool/MULTIMODAL_DATA/Multimodal_Data/Cat1/opposite/bag_files/Cat1_15mph_lr_opposite_4/camera_images/1624827936.7770302.jpg
Cat1,15mph,lr,opposite,4,1624827936.8103635,/media/batool/MULTIMODAL_DATA/Multimodal_Data/Cat1/opposite/bag_files/Cat1_15mph_lr_opposite_4/camera_images/1624827936.8103635.jpg
Cat1,15mph,lr,opposite,4,1624827936.8436968,/media/batool/MULTIMODAL_DATA/Multimodal_Data/Cat1/opposite/bag_files/Cat1_15mph_lr_opposite_4/camera_images/1624827936.8436968.jpg
Cat1,15mph,lr,opposite,4,1624827936.8770301,/media/batool/MULTIMODAL_DATA/Multimodal_Data/Cat1/opposite/bag_files/Cat1_15mph_lr_opposite_4/camera_images/1624827936.8770301.jpg
Cat1,15mph,lr,opposite,4,1624827936.9103634,/media/batool/MULTIMODAL_DATA/Multimodal_Data/Cat1/opposite/bag_files/Cat1_15mph_lr_opposite_4/camera_images/1624827936.9103634.jpg
Cat1,15mph,lr,opposite,4,1624827936.9436967,/media/batool/MULTIMODAL_DATA/Multimodal_Data/Cat1/opposite/bag_files/Cat1_15mph_lr_opposite_4/camera_images/1624827936.9436967.jpg
Cat1,15mph,lr,opposite,4,1624827937.0103633,/media/batool/MULTIMODAL_DATA/Multimodal_Data/Cat1/opposite/bag_files/Cat1_15mph_lr_opposite_4/camera_images/1624827937.0103633.jpg
Cat1,15mph,lr,opposite,4,1624827937.0436966,/media/batool/MULTIMODAL_DATA/Multimodal_Data/Cat1/opposite/bag_files/Cat1_15mph_lr_opposite_4/camera_images/1624827937.0436966.jpg
Cat1,15mph,lr,opposite,4,1624827937.07703,/media/batool/MULTIMODAL_DATA/Multimodal_Data/Cat1/opposite/bag_files/Cat1_15mph_lr_opposite_4/camera_images/1624827937.07703.jpg
Cat1,15mph,lr,opposite,4,1624827937.1103632,/media/batool/MULTIMODAL_DATA/Multimodal_Data/Cat1/opposite/bag_files/Cat1_15mph_lr_opposite_4/camera_images/1624827937.1103632.jpg
Cat1,15mph,lr,opposite,4,1624827937.1436965,/media/batool/MULTIMODAL_DATA/Multimodal_Data/Cat1/opposite/bag_files/Cat1_15mph_lr_opposite_4/camera_images/1624827937.1436965.jpg
Cat1,15mph,lr,opposite,4,1624827937.1770298,/media/batool/MULTIMODAL_DATA/Multimodal_Data/Cat1/opposite/bag_files/Cat1_15mph_lr_opposite_4/camera_images/1624827937.1770298.jpg
Cat1,15mph,lr,opposite,4,1624827937.2103631,/media/batool/MULTIMODAL_DATA/Multimodal_Data/Cat1/opposite/bag_files/Cat1_15mph_lr_opposite_4/camera_images/1624827937.2103631.jpg
Cat1,15mph,lr,opposite,4,1624827937.2436965,/media/batool/MULTIMODAL_DATA/Multimodal_Data/Cat1/opposite/bag_files/Cat1_15mph_lr_opposite_4/camera_images/1624827937.2436965.jpg
Cat1,15mph,lr,opposite,4,1624827937.2770298,/media/batool/MULTIMODAL_DATA/Multimodal_Data/Cat1/opposite/bag_files/Cat1_15mph_lr_opposite_4/camera_images/1624827937.2770298.jpg
Cat1,15mph,lr,opposite,4,1624827937.310363,/media/batool/MULTIMODAL_DATA/Multimodal_Data/Cat1/opposite/bag_files/Cat1_15mph_lr_opposite_4/camera_images/1624827937.310363.jpg
Cat1,15mph,lr,opposite,4,1624827937.3436964,/media/batool/MULTIMODAL_DATA/Multimodal_Data/Cat1/opposite/bag_files/Cat1_15mph_lr_opposite_4/camera_images/1624827937.3436964.jpg
Cat1,15mph,lr,opposite,4,1624827937.3770297,/media/batool/MULTIMODAL_DATA/Multimodal_Data/Cat1/opposite/bag_files/Cat1_15mph_lr_opposite_4/camera_images/1624827937.3770297.jpg
Cat1,15mph,lr,opposite,4,1624827937.410363,/media/batool/MULTIMODAL_DATA/Multimodal_Data/Cat1/opposite/bag_files/Cat1_15mph_lr_opposite_4/camera_images/1624827937.410363.jpg
Cat1,15mph,lr,opposite,4,1624827937.4436963,/media/batool/MULTIMODAL_DATA/Multimodal_Data/Cat1/opposite/bag_files/Cat1_15mph_lr_opposite_4/camera_images/1624827937.4436963.jpg
Cat1,15mph,lr,opposite,4,1624827937.4770296,/media/batool/MULTIMODAL_DATA/Multimodal_Data/Cat1/opposite/bag_files/Cat1_15mph_lr_opposite_4/camera_images/1624827937.4770296.jpg
Cat1,15mph,lr,opposite,4,1624827935.9103644,/media/batool/MULTIMODAL_DATA/Multimodal_Data/Cat1/opposite/bag_files/Cat1_15mph_lr_opposite_4/camera_images/1624827935.9103644.jpg
Cat1,15mph,lr,opposite,4,1624827936.4436972,/media/batool/MULTIMODAL_DATA/Multimodal_Data/Cat1/opposite/bag_files/Cat1_15mph_lr_opposite_4/camera_images/1624827936.4436972.jpg
Cat1,15mph,lr,opposite,4,1624827936.97703,/media/batool/MULTIMODAL_DATA/Multimodal_Data/Cat1/opposite/bag_files/Cat1_15mph_lr_opposite_4/camera_images/1624827936.97703.jpg
Cat1,15mph,lr,opposite,4,1624827937.5103629,/media/batool/MULTIMODAL_DATA/Multimodal_Data/Cat1/opposite/bag_files/Cat1_15mph_lr_opposite_4/camera_images/1624827937.5103629.jpg
Cat1,15mph,lr,opposite,4,1624827938.0436957,/media/batool/MULTIMODAL_DATA/Multimodal_Data/Cat1/opposite/bag_files/Cat1_15mph_lr_opposite_4/camera_images/1624827938.0436957.jpg
Cat1,15mph,lr,opposite,4,1624827938.5770285,/media/batool/MULTIMODAL_DATA/Multimodal_Data/Cat1/opposite/bag_files/Cat1_15mph_lr_opposite_4/camera_images/1624827938.5770285.jpg
Cat1,15mph,lr,opposite,4,1624827939.1103613,/media/batool/MULTIMODAL_DATA/Multimodal_Data/Cat1/opposite/bag_files/Cat1_15mph_lr_opposite_4/camera_images/1624827939.1103613.jpg
Cat1,15mph,lr,opposite,4,1624827939.6436942,/media/batool/MULTIMODAL_DATA/Multimodal_Data/Cat1/opposite/bag_files/Cat1_15mph_lr_opposite_4/camera_images/1624827939.6436942.jpg
Cat1,15mph,lr,opposite,4,1624827940.177027,/media/batool/MULTIMODAL_DATA/Multimodal_Data/Cat1/opposite/bag_files/Cat1_15mph_lr_opposite_4/camera_images/1624827940.177027.jpg
Cat1,15mph,lr,opposite,4,1624827940.7103598,/media/batool/MULTIMODAL_DATA/Multimodal_Data/Cat1/opposite/bag_files/Cat1_15mph_lr_opposite_4/camera_images/1624827940.7103598.jpg
Cat1,15mph,lr,opposite,4,1624827941.2436926,/media/batool/MULTIMODAL_DATA/Multimodal_Data/Cat1/opposite/bag_files/Cat1_15mph_lr_opposite_4/camera_images/1624827941.2436926.jpg
Cat1,15mph,lr,opposite,4,1624827941.7770255,/media/batool/MULTIMODAL_DATA/Multimodal_Data/Cat1/opposite/bag_files/Cat1_15mph_lr_opposite_4/camera_images/1624827941.7770255.jpg
Cat1,15mph,lr,opposite,4,1624827942.3103583,/media/batool/MULTIMODAL_DATA/Multimodal_Data/Cat1/opposite/bag_files/Cat1_15mph_lr_opposite_4/camera_images/1624827942.3103583.jpg
Cat1,15mph,lr,opposite,4,1624827942.843691,/media/batool/MULTIMODAL_DATA/Multimodal_Data/Cat1/opposite/bag_files/Cat1_15mph_lr_opposite_4/camera_images/1624827942.843691.jpg
Cat1,15mph,lr,opposite,4,1624827943.377024,/media/batool/MULTIMODAL_DATA/Multimodal_Data/Cat1/opposite/bag_files/Cat1_15mph_lr_opposite_4/camera_images/1624827943.377024.jpg
Cat1,15mph,lr,opposite,4,1624827943.9103568,/media/batool/MULTIMODAL_DATA/Multimodal_Data/Cat1/opposite/bag_files/Cat1_15mph_lr_opposite_4/camera_images/1624827943.9103568.jpg
Cat1,15mph,lr,opposite,4,1624827944.4436896,/media/batool/MULTIMODAL_DATA/Multimodal_Data/Cat1/opposite/bag_files/Cat1_15mph_lr_opposite_4/camera_images/1624827944.4436896.jpg
Cat1,15mph,lr,opposite,4,1624827944.9770224,/media/batool/MULTIMODAL_DATA/Multimodal_Data/Cat1/opposite/bag_files/Cat1_15mph_lr_opposite_4/camera_images/1624827944.9770224.jpg
Cat1,15mph,lr,opposite,4,1624827945.5103552,/media/batool/MULTIMODAL_DATA/Multimodal_Data/Cat1/opposite/bag_files/Cat1_15mph_lr_opposite_4/camera_images/1624827945.5103552.jpg
Cat1,15mph,lr,opposite,4,1624827946.043688,/media/batool/MULTIMODAL_DATA/Multimodal_Data/Cat1/opposite/bag_files/Cat1_15mph_lr_opposite_4/camera_images/1624827946.043688.jpg
Cat1,15mph,lr,opposite,4,1624827946.577021,/media/batool/MULTIMODAL_DATA/Multimodal_Data/Cat1/opposite/bag_files/Cat1_15mph_lr_opposite_4/camera_images/1624827946.577021.jpg
Cat1,15mph,lr,opposite,4,1624827947.1103537,/media/batool/MULTIMODAL_DATA/Multimodal_Data/Cat1/opposite/bag_files/Cat1_15mph_lr_opposite_4/camera_images/1624827947.1103537.jpg
Cat1,15mph,lr,opposite,4,1624827947.6436865,/media/batool/MULTIMODAL_DATA/Multimodal_Data/Cat1/opposite/bag_files/Cat1_15mph_lr_opposite_4/camera_images/1624827947.6436865.jpg
Cat1,15mph,lr,opposite,4,1624827948.1770194,/media/batool/MULTIMODAL_DATA/Multimodal_Data/Cat1/opposite/bag_files/Cat1_15mph_lr_opposite_4/camera_images/1624827948.1770194.jpg
Cat1,15mph,lr,opposite,4,1624827948.7103522,/media/batool/MULTIMODAL_DATA/Multimodal_Data/Cat1/opposite/bag_files/Cat1_15mph_lr_opposite_4/camera_images/1624827948.7103522.jpg
Cat1,15mph,lr,opposite,4,1624827949.243685,/media/batool/MULTIMODAL_DATA/Multimodal_Data/Cat1/opposite/bag_files/Cat1_15mph_lr_opposite_4/camera_images/1624827949.243685.jpg
Cat1,15mph,lr,opposite,4,1624827949.7770178,/media/batool/MULTIMODAL_DATA/Multimodal_Data/Cat1/opposite/bag_files/Cat1_15mph_lr_opposite_4/camera_images/1624827949.7770178.jpg
Cat1,15mph,lr,opposite,4,1624827937.5436962,/media/batool/MULTIMODAL_DATA/Multimodal_Data/Cat1/opposite/bag_files/Cat1_15mph_lr_opposite_4/camera_images/1624827937.5436962.jpg
Cat1,15mph,lr,opposite,4,1624827937.5770295,/media/batool/MULTIMODAL_DATA/Multimodal_Data/Cat1/opposite/bag_files/Cat1_15mph_lr_opposite_4/camera_images/1624827937.5770295.jpg
Cat1,15mph,lr,opposite,4,1624827937.6103628,/media/batool/MULTIMODAL_DATA/Multimodal_Data/Cat1/opposite/bag_files/Cat1_15mph_lr_opposite_4/camera_images/1624827937.6103628.jpg
Cat1,15mph,lr,opposite,4,1624827937.643696,/media/batool/MULTIMODAL_DATA/Multimodal_Data/Cat1/opposite/bag_files/Cat1_15mph_lr_opposite_4/camera_images/1624827937.643696.jpg
Cat1,15mph,lr,opposite,4,1624827937.6770294,/media/batool/MULTIMODAL_DATA/Multimodal_Data/Cat1/opposite/bag_files/Cat1_15mph_lr_opposite_4/camera_images/1624827937.6770294.jpg
Cat1,15mph,lr,opposite,4,1624827937.7103627,/media/batool/MULTIMODAL_DATA/Multimodal_Data/Cat1/opposite/bag_files/Cat1_15mph_lr_opposite_4/camera_images/1624827937.7103627.jpg
Cat1,15mph,lr,opposite,4,1624827937.743696,/media/batool/MULTIMODAL_DATA/Multimodal_Data/Cat1/opposite/bag_files/Cat1_15mph_lr_opposite_4/camera_images/1624827937.743696.jpg
Cat1,15mph,lr,opposite,4,1624827937.7770293,/media/batool/MULTIMODAL_DATA/Multimodal_Data/Cat1/opposite/bag_files/Cat1_15mph_lr_opposite_4/camera_images/1624827937.7770293.jpg
Cat1,15mph,lr,opposite,4,1624827937.8103626,/media/batool/MULTIMODAL_DATA/Multimodal_Data/Cat1/opposite/bag_files/Cat1_15mph_lr_opposite_4/camera_images/1624827937.8103626.jpg
Cat1,15mph,lr,opposite,4,1624827937.8436959,/media/batool/MULTIMODAL_DATA/Multimodal_Data/Cat1/opposite/bag_files/Cat1_15mph_lr_opposite_4/camera_images/1624827937.8436959.jpg
Cat1,15mph,lr,opposite,4,1624827937.8770292,/media/batool/MULTIMODAL_DATA/Multimodal_Data/Cat1/opposite/bag_files/Cat1_15mph_lr_opposite_4/camera_images/1624827937.8770292.jpg
Cat1,15mph,lr,opposite,4,1624827937.9103625,/media/batool/MULTIMODAL_DATA/Multimodal_Data/Cat1/opposite/bag_files/Cat1_15mph_lr_opposite_4/camera_images/1624827937.9103625.jpg
Cat1,15mph,lr,opposite,4,1624827937.9436958,/media/batool/MULTIMODAL_DATA/Multimodal_Data/Cat1/opposite/bag_files/Cat1_15mph_lr_opposite_4/camera_images/1624827937.9436958.jpg
Cat1,15mph,lr,opposite,4,1624827937.977029,/media/batool/MULTIMODAL_DATA/Multimodal_Data/Cat1/opposite/bag_files/Cat1_15mph_lr_opposite_4/camera_images/1624827937.977029.jpg
Cat1,15mph,lr,opposite,4,1624827938.0103624,/media/batool/MULTIMODAL_DATA/Multimodal_Data/Cat1/opposite/bag_files/Cat1_15mph_lr_opposite_4/camera_images/1624827938.0103624.jpg
Cat1,15mph,lr,opposite,4,1624827938.077029,/media/batool/MULTIMODAL_DATA/Multimodal_Data/Cat1/opposite/bag_files/Cat1_15mph_lr_opposite_4/camera_images/1624827938.077029.jpg
Cat1,15mph,lr,opposite,4,1624827938.1103623,/media/batool/MULTIMODAL_DATA/Multimodal_Data/Cat1/opposite/bag_files/Cat1_15mph_lr_opposite_4/camera_images/1624827938.1103623.jpg
Cat1,15mph,lr,opposite,4,1624827938.1436956,/media/batool/MULTIMODAL_DATA/Multimodal_Data/Cat1/opposite/bag_files/Cat1_15mph_lr_opposite_4/camera_images/1624827938.1436956.jpg
Cat1,15mph,lr,opposite,4,1624827938.177029,/media/batool/MULTIMODAL_DATA/Multimodal_Data/Cat1/opposite/bag_files/Cat1_15mph_lr_opposite_4/camera_images/1624827938.177029.jpg
Cat1,15mph,lr,opposite,4,1624827938.2103622,/media/batool/MULTIMODAL_DATA/Multimodal_Data/Cat1/opposite/bag_files/Cat1_15mph_lr_opposite_4/camera_images/1624827938.2103622.jpg
Cat1,15mph,lr,opposite,4,1624827938.2436955,/media/batool/MULTIMODAL_DATA/Multimodal_Data/Cat1/opposite/bag_files/Cat1_15mph_lr_opposite_4/camera_images/1624827938.2436955.jpg
Cat1,15mph,lr,opposite,4,1624827938.2770288,/media/batool/MULTIMODAL_DATA/Multimodal_Data/Cat1/opposite/bag_files/Cat1_15mph_lr_opposite_4/camera_images/1624827938.2770288.jpg
Cat1,15mph,lr,opposite,4,1624827938.310362,/media/batool/MULTIMODAL_DATA/Multimodal_Data/Cat1/opposite/bag_files/Cat1_15mph_lr_opposite_4/camera_images/1624827938.310362.jpg
Cat1,15mph,lr,opposite,4,1624827938.3436954,/media/batool/MULTIMODAL_DATA/Multimodal_Data/Cat1/opposite/bag_files/Cat1_15mph_lr_opposite_4/camera_images/1624827938.3436954.jpg
Cat1,15mph,lr,opposite,4,1624827938.3770287,/media/batool/MULTIMODAL_DATA/Multimodal_Data/Cat1/opposite/bag_files/Cat1_15mph_lr_opposite_4/camera_images/1624827938.3770287.jpg
Cat1,15mph,lr,opposite,4,1624827938.410362,/media/batool/MULTIMODAL_DATA/Multimodal_Data/Cat1/opposite/bag_files/Cat1_15mph_lr_opposite_4/camera_images/1624827938.410362.jpg
Cat1,15mph,lr,opposite,4,1624827938.4436953,/media/batool/MULTIMODAL_DATA/Multimodal_Data/Cat1/opposite/bag_files/Cat1_15mph_lr_opposite_4/camera_images/1624827938.4436953.jpg
Cat1,15mph,lr,opposite,4,1624827938.4770286,/media/batool/MULTIMODAL_DATA/Multimodal_Data/Cat1/opposite/bag_files/Cat1_15mph_lr_opposite_4/camera_images/1624827938.4770286.jpg
Cat1,15mph,lr,opposite,4,1624827938.510362,/media/batool/MULTIMODAL_DATA/Multimodal_Data/Cat1/opposite/bag_files/Cat1_15mph_lr_opposite_4/camera_images/1624827938.510362.jpg
Cat1,15mph,lr,opposite,4,1624827938.5436952,/media/batool/MULTIMODAL_DATA/Multimodal_Data/Cat1/opposite/bag_files/Cat1_15mph_lr_opposite_4/camera_images/1624827938.5436952.jpg
Cat1,15mph,lr,opposite,4,1624827938.6103618,/media/batool/MULTIMODAL_DATA/Multimodal_Data/Cat1/opposite/bag_files/Cat1_15mph_lr_opposite_4/camera_images/1624827938.6103618.jpg
Cat1,15mph,lr,opposite,4,1624827938.643695,/media/batool/MULTIMODAL_DATA/Multimodal_Data/Cat1/opposite/bag_files/Cat1_15mph_lr_opposite_4/camera_images/1624827938.643695.jpg
Cat1,15mph,lr,opposite,4,1624827938.6770284,/media/batool/MULTIMODAL_DATA/Multimodal_Data/Cat1/opposite/bag_files/Cat1_15mph_lr_opposite_4/camera_images/1624827938.6770284.jpg
Cat1,15mph,lr,opposite,4,1624827938.7103617,/media/batool/MULTIMODAL_DATA/Multimodal_Data/Cat1/opposite/bag_files/Cat1_15mph_lr_opposite_4/camera_images/1624827938.7103617.jpg
Cat1,15mph,lr,opposite,4,1624827938.743695,/media/batool/MULTIMODAL_DATA/Multimodal_Data/Cat1/opposite/bag_files/Cat1_15mph_lr_opposite_4/camera_images/1624827938.743695.jpg
Cat1,15mph,lr,opposite,4,1624827938.7770283,/media/batool/MULTIMODAL_DATA/Multimodal_Data/Cat1/opposite/bag_files/Cat1_15mph_lr_opposite_4/camera_images/1624827938.7770283.jpg
Cat1,15mph,lr,opposite,4,1624827938.8103616,/media/batool/MULTIMODAL_DATA/Multimodal_Data/Cat1/opposite/bag_files/Cat1_15mph_lr_opposite_4/camera_images/1624827938.8103616.jpg
Cat1,15mph,lr,opposite,4,1624827938.843695,/media/batool/MULTIMODAL_DATA/Multimodal_Data/Cat1/opposite/bag_files/Cat1_15mph_lr_opposite_4/camera_images/1624827938.843695.jpg
Cat1,15mph,lr,opposite,4,1624827938.8770282,/media/batool/MULTIMODAL_DATA/Multimodal_Data/Cat1/opposite/bag_files/Cat1_15mph_lr_opposite_4/camera_images/1624827938.8770282.jpg
Cat1,15mph,lr,opposite,4,1624827938.9103615,/media/batool/MULTIMODAL_DATA/Multimodal_Data/Cat1/opposite/bag_files/Cat1_15mph_lr_opposite_4/camera_images/1624827938.9103615.jpg
Cat1,15mph,lr,opposite,4,1624827938.9436948,/media/batool/MULTIMODAL_DATA/Multimodal_Data/Cat1/opposite/bag_files/Cat1_15mph_lr_opposite_4/camera_images/1624827938.9436948.jpg
Cat1,15mph,lr,opposite,4,1624827938.9770281,/media/batool/MULTIMODAL_DATA/Multimodal_Data/Cat1/opposite/bag_files/Cat1_15mph_lr_opposite_4/camera_images/1624827938.9770281.jpg
Cat1,15mph,lr,opposite,4,1624827939.0103614,/media/batool/MULTIMODAL_DATA/Multimodal_Data/Cat1/opposite/bag_files/Cat1_15mph_lr_opposite_4/camera_images/1624827939.0103614.jpg
Cat1,15mph,lr,opposite,4,1624827939.0436947,/media/batool/MULTIMODAL_DATA/Multimodal_Data/Cat1/opposite/bag_files/Cat1_15mph_lr_opposite_4/camera_images/1624827939.0436947.jpg
Cat1,15mph,lr,opposite,4,1624827939.077028,/media/batool/MULTIMODAL_DATA/Multimodal_Data/Cat1/opposite/bag_files/Cat1_15mph_lr_opposite_4/camera_images/1624827939.077028.jpg
Cat1,15mph,lr,opposite,4,1624827939.1436946,/media/batool/MULTIMODAL_DATA/Multimodal_Data/Cat1/opposite/bag_files/Cat1_15mph_lr_opposite_4/camera_images/1624827939.1436946.jpg
Cat1,15mph,lr,opposite,4,1624827939.177028,/media/batool/MULTIMODAL_DATA/Multimodal_Data/Cat1/opposite/bag_files/Cat1_15mph_lr_opposite_4/camera_images/1624827939.177028.jpg
Cat1,15mph,lr,opposite,4,1624827939.2103612,/media/batool/MULTIMODAL_DATA/Multimodal_Data/Cat1/opposite/bag_files/Cat1_15mph_lr_opposite_4/camera_images/1624827939.2103612.jpg
Cat1,15mph,lr,opposite,4,1624827939.2436945,/media/batool/MULTIMODAL_DATA/Multimodal_Data/Cat1/opposite/bag_files/Cat1_15mph_lr_opposite_4/camera_images/1624827939.2436945.jpg
Cat1,15mph,lr,opposite,4,1624827939.2770278,/media/batool/MULTIMODAL_DATA/Multimodal_Data/Cat1/opposite/bag_files/Cat1_15mph_lr_opposite_4/camera_images/1624827939.2770278.jpg
Cat1,15mph,lr,opposite,4,1624827939.3103611,/media/batool/MULTIMODAL_DATA/Multimodal_Data/Cat1/opposite/bag_files/Cat1_15mph_lr_opposite_4/camera_images/1624827939.3103611.jpg
Cat1,15mph,lr,opposite,4,1624827939.3436944,/media/batool/MULTIMODAL_DATA/Multimodal_Data/Cat1/opposite/bag_files/Cat1_15mph_lr_opposite_4/camera_images/1624827939.3436944.jpg
Cat1,15mph,lr,opposite,4,1624827939.3770278,/media/batool/MULTIMODAL_DATA/Multimodal_Data/Cat1/opposite/bag_files/Cat1_15mph_lr_opposite_4/camera_images/1624827939.3770278.jpg
Cat1,15mph,lr,opposite,4,1624827939.410361,/media/batool/MULTIMODAL_DATA/Multimodal_Data/Cat1/opposite/bag_files/Cat1_15mph_lr_opposite_4/camera_images/1624827939.410361.jpg
Cat1,15mph,lr,opposite,4,1624827939.4436944,/media/batool/MULTIMODAL_DATA/Multimodal_Data/Cat1/opposite/bag_files/Cat1_15mph_lr_opposite_4/camera_images/1624827939.4436944.jpg
Cat1,15mph,lr,opposite,4,1624827939.4770277,/media/batool/MULTIMODAL_DATA/Multimodal_Data/Cat1/opposite/bag_files/Cat1_15mph_lr_opposite_4/camera_images/1624827939.4770277.jpg
Cat1,15mph,lr,opposite,4,1624827939.510361,/media/batool/MULTIMODAL_DATA/Multimodal_Data/Cat1/opposite/bag_files/Cat1_15mph_lr_opposite_4/camera_images/1624827939.510361.jpg
Cat1,15mph,lr,opposite,4,1624827939.5436943,/media/batool/MULTIMODAL_DATA/Multimodal_Data/Cat1/opposite/bag_files/Cat1_15mph_lr_opposite_4/camera_images/1624827939.5436943.jpg
Cat1,15mph,lr,opposite,4,1624827939.5770276,/media/batool/MULTIMODAL_DATA/Multimodal_Data/Cat1/opposite/bag_files/Cat1_15mph_lr_opposite_4/camera_images/1624827939.5770276.jpg
Cat1,15mph,lr,opposite,4,1624827939.6103609,/media/batool/MULTIMODAL_DATA/Multimodal_Data/Cat1/opposite/bag_files/Cat1_15mph_lr_opposite_4/camera_images/1624827939.6103609.jpg
Cat1,15mph,lr,opposite,4,1624827939.6770275,/media/batool/MULTIMODAL_DATA/Multimodal_Data/Cat1/opposite/bag_files/Cat1_15mph_lr_opposite_4/camera_images/1624827939.6770275.jpg
Cat1,15mph,lr,opposite,4,1624827939.7103608,/media/batool/MULTIMODAL_DATA/Multimodal_Data/Cat1/opposite/bag_files/Cat1_15mph_lr_opposite_4/camera_images/1624827939.7103608.jpg
Cat1,15mph,lr,opposite,4,1624827939.743694,/media/batool/MULTIMODAL_DATA/Multimodal_Data/Cat1/opposite/bag_files/Cat1_15mph_lr_opposite_4/camera_images/1624827939.743694.jpg
Cat1,15mph,lr,opposite,4,1624827939.7770274,/media/batool/MULTIMODAL_DATA/Multimodal_Data/Cat1/opposite/bag_files/Cat1_15mph_lr_opposite_4/camera_images/1624827939.7770274.jpg
Cat1,15mph,lr,opposite,4,1624827939.8103607,/media/batool/MULTIMODAL_DATA/Multimodal_Data/Cat1/opposite/bag_files/Cat1_15mph_lr_opposite_4/camera_images/1624827939.8103607.jpg
Cat1,15mph,lr,opposite,4,1624827939.843694,/media/batool/MULTIMODAL_DATA/Multimodal_Data/Cat1/opposite/bag_files/Cat1_15mph_lr_opposite_4/camera_images/1624827939.843694.jpg
Cat1,15mph,lr,opposite,4,1624827939.8770273,/media/batool/MULTIMODAL_DATA/Multimodal_Data/Cat1/opposite/bag_files/Cat1_15mph_lr_opposite_4/camera_images/1624827939.8770273.jpg
Cat1,15mph,lr,opposite,4,1624827939.9103606,/media/batool/MULTIMODAL_DATA/Multimodal_Data/Cat1/opposite/bag_files/Cat1_15mph_lr_opposite_4/camera_images/1624827939.9103606.jpg
Cat1,15mph,lr,opposite,4,1624827939.9436939,/media/batool/MULTIMODAL_DATA/Multimodal_Data/Cat1/opposite/bag_files/Cat1_15mph_lr_opposite_4/camera_images/1624827939.9436939.jpg
Cat1,15mph,lr,opposite,4,1624827939.9770272,/media/batool/MULTIMODAL_DATA/Multimodal_Data/Cat1/opposite/bag_files/Cat1_15mph_lr_opposite_4/camera_images/1624827939.9770272.jpg
Cat1,15mph,lr,opposite,4,1624827940.0103605,/media/batool/MULTIMODAL_DATA/Multimodal_Data/Cat1/opposite/bag_files/Cat1_15mph_lr_opposite_4/camera_images/1624827940.0103605.jpg
Cat1,15mph,lr,opposite,4,1624827940.0436938,/media/batool/MULTIMODAL_DATA/Multimodal_Data/Cat1/opposite/bag_files/Cat1_15mph_lr_opposite_4/camera_images/1624827940.0436938.jpg
Cat1,15mph,lr,opposite,4,1624827940.077027,/media/batool/MULTIMODAL_DATA/Multimodal_Data/Cat1/opposite/bag_files/Cat1_15mph_lr_opposite_4/camera_images/1624827940.077027.jpg
Cat1,15mph,lr,opposite,4,1624827940.1103604,/media/batool/MULTIMODAL_DATA/Multimodal_Data/Cat1/opposite/bag_files/Cat1_15mph_lr_opposite_4/camera_images/1624827940.1103604.jpg
Cat1,15mph,lr,opposite,4,1624827940.1436937,/media/batool/MULTIMODAL_DATA/Multimodal_Data/Cat1/opposite/bag_files/Cat1_15mph_lr_opposite_4/camera_images/1624827940.1436937.jpg
Cat1,15mph,lr,opposite,4,1624827940.2103603,/media/batool/MULTIMODAL_DATA/Multimodal_Data/Cat1/opposite/bag_files/Cat1_15mph_lr_opposite_4/camera_images/1624827940.2103603.jpg
Cat1,15mph,lr,opposite,4,1624827940.2436936,/media/batool/MULTIMODAL_DATA/Multimodal_Data/Cat1/opposite/bag_files/Cat1_15mph_lr_opposite_4/camera_images/1624827940.2436936.jpg
Cat1,15mph,lr,opposite,4,1624827940.277027,/media/batool/MULTIMODAL_DATA/Multimodal_Data/Cat1/opposite/bag_files/Cat1_15mph_lr_opposite_4/camera_images/1624827940.277027.jpg
Cat1,15mph,lr,opposite,4,1624827940.3103602,/media/batool/MULTIMODAL_DATA/Multimodal_Data/Cat1/opposite/bag_files/Cat1_15mph_lr_opposite_4/camera_images/1624827940.3103602.jpg
Cat1,15mph,lr,opposite,4,1624827940.3436935,/media/batool/MULTIMODAL_DATA/Multimodal_Data/Cat1/opposite/bag_files/Cat1_15mph_lr_opposite_4/camera_images/1624827940.3436935.jpg
Cat1,15mph,lr,opposite,4,1624827940.3770268,/media/batool/MULTIMODAL_DATA/Multimodal_Data/Cat1/opposite/bag_files/Cat1_15mph_lr_opposite_4/camera_images/1624827940.3770268.jpg
Cat1,15mph,lr,opposite,4,1624827940.41036,/media/batool/MULTIMODAL_DATA/Multimodal_Data/Cat1/opposite/bag_files/Cat1_15mph_lr_opposite_4/camera_images/1624827940.41036.jpg
Cat1,15mph,lr,opposite,4,1624827940.4436934,/media/batool/MULTIMODAL_DATA/Multimodal_Data/Cat1/opposite/bag_files/Cat1_15mph_lr_opposite_4/camera_images/1624827940.4436934.jpg
Cat1,15mph,lr,opposite,4,1624827940.4770267,/media/batool/MULTIMODAL_DATA/Multimodal_Data/Cat1/opposite/bag_files/Cat1_15mph_lr_opposite_4/camera_images/1624827940.4770267.jpg
Cat1,15mph,lr,opposite,4,1624827940.51036,/media/batool/MULTIMODAL_DATA/Multimodal_Data/Cat1/opposite/bag_files/Cat1_15mph_lr_opposite_4/camera_images/1624827940.51036.jpg
Cat1,15mph,lr,opposite,4,1624827940.5436933,/media/batool/MULTIMODAL_DATA/Multimodal_Data/Cat1/opposite/bag_files/Cat1_15mph_lr_opposite_4/camera_images/1624827940.5436933.jpg
Cat1,15mph,lr,opposite,4,1624827940.5770266,/media/batool/MULTIMODAL_DATA/Multimodal_Data/Cat1/opposite/bag_files/Cat1_15mph_lr_opposite_4/camera_images/1624827940.5770266.jpg
Cat1,15mph,lr,opposite,4,1624827940.61036,/media/batool/MULTIMODAL_DATA/Multimodal_Data/Cat1/opposite/bag_files/Cat1_15mph_lr_opposite_4/camera_images/1624827940.61036.jpg
Cat1,15mph,lr,opposite,4,1624827940.6436932,/media/batool/MULTIMODAL_DATA/Multimodal_Data/Cat1/opposite/bag_files/Cat1_15mph_lr_opposite_4/camera_images/1624827940.6436932.jpg
Cat1,15mph,lr,opposite,4,1624827940.6770265,/media/batool/MULTIMODAL_DATA/Multimodal_Data/Cat1/opposite/bag_files/Cat1_15mph_lr_opposite_4/camera_images/1624827940.6770265.jpg
Cat1,15mph,lr,opposite,4,1624827940.743693,/media/batool/MULTIMODAL_DATA/Multimodal_Data/Cat1/opposite/bag_files/Cat1_15mph_lr_opposite_4/camera_images/1624827940.743693.jpg
Cat1,15mph,lr,opposite,4,1624827940.7770264,/media/batool/MULTIMODAL_DATA/Multimodal_Data/Cat1/opposite/bag_files/Cat1_15mph_lr_opposite_4/camera_images/1624827940.7770264.jpg
Cat1,15mph,lr,opposite,4,1624827940.8103597,/media/batool/MULTIMODAL_DATA/Multimodal_Data/Cat1/opposite/bag_files/Cat1_15mph_lr_opposite_4/camera_images/1624827940.8103597.jpg
Cat1,15mph,lr,opposite,4,1624827940.843693,/media/batool/MULTIMODAL_DATA/Multimodal_Data/Cat1/opposite/bag_files/Cat1_15mph_lr_opposite_4/camera_images/1624827940.843693.jpg
Cat1,15mph,lr,opposite,4,1624827940.8770263,/media/batool/MULTIMODAL_DATA/Multimodal_Data/Cat1/opposite/bag_files/Cat1_15mph_lr_opposite_4/camera_images/1624827940.8770263.jpg
Cat1,15mph,lr,opposite,4,1624827940.9103596,/media/batool/MULTIMODAL_DATA/Multimodal_Data/Cat1/opposite/bag_files/Cat1_15mph_lr_opposite_4/camera_images/1624827940.9103596.jpg
Cat1,15mph,lr,opposite,4,1624827940.943693,/media/batool/MULTIMODAL_DATA/Multimodal_Data/Cat1/opposite/bag_files/Cat1_15mph_lr_opposite_4/camera_images/1624827940.943693.jpg
Cat1,15mph,lr,opposite,4,1624827940.9770262,/media/batool/MULTIMODAL_DATA/Multimodal_Data/Cat1/opposite/bag_files/Cat1_15mph_lr_opposite_4/camera_images/1624827940.9770262.jpg
Cat1,15mph,lr,opposite,4,1624827941.0103595,/media/batool/MULTIMODAL_DATA/Multimodal_Data/Cat1/opposite/bag_files/Cat1_15mph_lr_opposite_4/camera_images/1624827941.0103595.jpg
Cat1,15mph,lr,opposite,4,1624827941.0436928,/media/batool/MULTIMODAL_DATA/Multimodal_Data/Cat1/opposite/bag_files/Cat1_15mph_lr_opposite_4/camera_images/1624827941.0436928.jpg
Cat1,15mph,lr,opposite,4,1624827941.0770261,/media/batool/MULTIMODAL_DATA/Multimodal_Data/Cat1/opposite/bag_files/Cat1_15mph_lr_opposite_4/camera_images/1624827941.0770261.jpg
Cat1,15mph,lr,opposite,4,1624827941.1103594,/media/batool/MULTIMODAL_DATA/Multimodal_Data/Cat1/opposite/bag_files/Cat1_15mph_lr_opposite_4/camera_images/1624827941.1103594.jpg
Cat1,15mph,lr,opposite,4,1624827941.1436927,/media/batool/MULTIMODAL_DATA/Multimodal_Data/Cat1/opposite/bag_files/Cat1_15mph_lr_opposite_4/camera_images/1624827941.1436927.jpg
Cat1,15mph,lr,opposite,4,1624827941.177026,/media/batool/MULTIMODAL_DATA/Multimodal_Data/Cat1/opposite/bag_files/Cat1_15mph_lr_opposite_4/camera_images/1624827941.177026.jpg
Cat1,15mph,lr,opposite,4,1624827941.2103593,/media/batool/MULTIMODAL_DATA/Multimodal_Data/Cat1/opposite/bag_files/Cat1_15mph_lr_opposite_4/camera_images/1624827941.2103593.jpg
Cat1,15mph,lr,opposite,4,1624827941.277026,/media/batool/MULTIMODAL_DATA/Multimodal_Data/Cat1/opposite/bag_files/Cat1_15mph_lr_opposite_4/camera_images/1624827941.277026.jpg
Cat1,15mph,lr,opposite,4,1624827941.3103592,/media/batool/MULTIMODAL_DATA/Multimodal_Data/Cat1/opposite/bag_files/Cat1_15mph_lr_opposite_4/camera_images/1624827941.3103592.jpg
Cat1,15mph,lr,opposite,4,1624827941.3436925,/media/batool/MULTIMODAL_DATA/Multimodal_Data/Cat1/opposite/bag_files/Cat1_15mph_lr_opposite_4/camera_images/1624827941.3436925.jpg
Cat1,15mph,lr,opposite,4,1624827941.3770258,/media/batool/MULTIMODAL_DATA/Multimodal_Data/Cat1/opposite/bag_files/Cat1_15mph_lr_opposite_4/camera_images/1624827941.3770258.jpg
Cat1,15mph,lr,opposite,4,1624827941.4103591,/media/batool/MULTIMODAL_DATA/Multimodal_Data/Cat1/opposite/bag_files/Cat1_15mph_lr_opposite_4/camera_images/1624827941.4103591.jpg
Cat1,15mph,lr,opposite,4,1624827941.4436924,/media/batool/MULTIMODAL_DATA/Multimodal_Data/Cat1/opposite/bag_files/Cat1_15mph_lr_opposite_4/camera_images/1624827941.4436924.jpg
Cat1,15mph,lr,opposite,4,1624827941.4770257,/media/batool/MULTIMODAL_DATA/Multimodal_Data/Cat1/opposite/bag_files/Cat1_15mph_lr_opposite_4/camera_images/1624827941.4770257.jpg
Cat1,15mph,lr,opposite,4,1624827941.510359,/media/batool/MULTIMODAL_DATA/Multimodal_Data/Cat1/opposite/bag_files/Cat1_15mph_lr_opposite_4/camera_images/1624827941.510359.jpg
Cat1,15mph,lr,opposite,4,1624827941.5436924,/media/batool/MULTIMODAL_DATA/Multimodal_Data/Cat1/opposite/bag_files/Cat1_15mph_lr_opposite_4/camera_images/1624827941.5436924.jpg
Cat1,15mph,lr,opposite,4,1624827941.5770257,/media/batool/MULTIMODAL_DATA/Multimodal_Data/Cat1/opposite/bag_files/Cat1_15mph_lr_opposite_4/camera_images/1624827941.5770257.jpg
Cat1,15mph,lr,opposite,4,1624827941.610359,/media/batool/MULTIMODAL_DATA/Multimodal_Data/Cat1/opposite/bag_files/Cat1_15mph_lr_opposite_4/camera_images/1624827941.610359.jpg
Cat1,15mph,lr,opposite,4,1624827941.6436923,/media/batool/MULTIMODAL_DATA/Multimodal_Data/Cat1/opposite/bag_files/Cat1_15mph_lr_opposite_4/camera_images/1624827941.6436923.jpg
Cat1,15mph,lr,opposite,4,1624827941.6770256,/media/batool/MULTIMODAL_DATA/Multimodal_Data/Cat1/opposite/bag_files/Cat1_15mph_lr_opposite_4/camera_images/1624827941.6770256.jpg
Cat1,15mph,lr,opposite,4,1624827941.7103589,/media/batool/MULTIMODAL_DATA/Multimodal_Data/Cat1/opposite/bag_files/Cat1_15mph_lr_opposite_4/camera_images/1624827941.7103589.jpg
Cat1,15mph,lr,opposite,4,1624827941.7436922,/media/batool/MULTIMODAL_DATA/Multimodal_Data/Cat1/opposite/bag_files/Cat1_15mph_lr_opposite_4/camera_images/1624827941.7436922.jpg
Cat1,15mph,lr,opposite,4,1624827941.8103588,/media/batool/MULTIMODAL_DATA/Multimodal_Data/Cat1/opposite/bag_files/Cat1_15mph_lr_opposite_4/camera_images/1624827941.8103588.jpg
Cat1,15mph,lr,opposite,4,1624827941.843692,/media/batool/MULTIMODAL_DATA/Multimodal_Data/Cat1/opposite/bag_files/Cat1_15mph_lr_opposite_4/camera_images/1624827941.843692.jpg
Cat1,15mph,lr,opposite,4,1624827941.8770254,/media/batool/MULTIMODAL_DATA/Multimodal_Data/Cat1/opposite/bag_files/Cat1_15mph_lr_opposite_4/camera_images/1624827941.8770254.jpg
Cat1,15mph,lr,opposite,4,1624827941.9103587,/media/batool/MULTIMODAL_DATA/Multimodal_Data/Cat1/opposite/bag_files/Cat1_15mph_lr_opposite_4/camera_images/1624827941.9103587.jpg
Cat1,15mph,lr,opposite,4,1624827941.943692,/media/batool/MULTIMODAL_DATA/Multimodal_Data/Cat1/opposite/bag_files/Cat1_15mph_lr_opposite_4/camera_images/1624827941.943692.jpg
Cat1,15mph,lr,opposite,4,1624827941.9770253,/media/batool/MULTIMODAL_DATA/Multimodal_Data/Cat1/opposite/bag_files/Cat1_15mph_lr_opposite_4/camera_images/1624827941.9770253.jpg
Cat1,15mph,lr,opposite,4,1624827942.0103586,/media/batool/MULTIMODAL_DATA/Multimodal_Data/Cat1/opposite/bag_files/Cat1_15mph_lr_opposite_4/camera_images/1624827942.0103586.jpg
Cat1,15mph,lr,opposite,4,1624827942.0436919,/media/batool/MULTIMODAL_DATA/Multimodal_Data/Cat1/opposite/bag_files/Cat1_15mph_lr_opposite_4/camera_images/1624827942.0436919.jpg
Cat1,15mph,lr,opposite,4,1624827942.0770252,/media/batool/MULTIMODAL_DATA/Multimodal_Data/Cat1/opposite/bag_files/Cat1_15mph_lr_opposite_4/camera_images/1624827942.0770252.jpg
Cat1,15mph,lr,opposite,4,1624827942.1103585,/media/batool/MULTIMODAL_DATA/Multimodal_Data/Cat1/opposite/bag_files/Cat1_15mph_lr_opposite_4/camera_images/1624827942.1103585.jpg
Cat1,15mph,lr,opposite,4,1624827942.1436918,/media/batool/MULTIMODAL_DATA/Multimodal_Data/Cat1/opposite/bag_files/Cat1_15mph_lr_opposite_4/camera_images/1624827942.1436918.jpg
Cat1,15mph,lr,opposite,4,1624827942.177025,/media/batool/MULTIMODAL_DATA/Multimodal_Data/Cat1/opposite/bag_files/Cat1_15mph_lr_opposite_4/camera_images/1624827942.177025.jpg
Cat1,15mph,lr,opposite,4,1624827942.2103584,/media/batool/MULTIMODAL_DATA/Multimodal_Data/Cat1/opposite/bag_files/Cat1_15mph_lr_opposite_4/camera_images/1624827942.2103584.jpg
Cat1,15mph,lr,opposite,4,1624827942.2436917,/media/batool/MULTIMODAL_DATA/Multimodal_Data/Cat1/opposite/bag_files/Cat1_15mph_lr_opposite_4/camera_images/1624827942.2436917.jpg
Cat1,15mph,lr,opposite,4,1624827942.277025,/media/batool/MULTIMODAL_DATA/Multimodal_Data/Cat1/opposite/bag_files/Cat1_15mph_lr_opposite_4/camera_images/1624827942.277025.jpg
Cat1,15mph,lr,opposite,4,1624827942.3436916,/media/batool/MULTIMODAL_DATA/Multimodal_Data/Cat1/opposite/bag_files/Cat1_15mph_lr_opposite_4/camera_images/1624827942.3436916.jpg
Cat1,15mph,lr,opposite,4,1624827942.377025,/media/batool/MULTIMODAL_DATA/Multimodal_Data/Cat1/opposite/bag_files/Cat1_15mph_lr_opposite_4/camera_images/1624827942.377025.jpg
Cat1,15mph,lr,opposite,4,1624827942.4103582,/media/batool/MULTIMODAL_DATA/Multimodal_Data/Cat1/opposite/bag_files/Cat1_15mph_lr_opposite_4/camera_images/1624827942.4103582.jpg
Cat1,15mph,lr,opposite,4,1624827942.4436915,/media/batool/MULTIMODAL_DATA/Multimodal_Data/Cat1/opposite/bag_files/Cat1_15mph_lr_opposite_4/camera_images/1624827942.4436915.jpg
Cat1,15mph,lr,opposite,4,1624827942.4770248,/media/batool/MULTIMODAL_DATA/Multimodal_Data/Cat1/opposite/bag_files/Cat1_15mph_lr_opposite_4/camera_images/1624827942.4770248.jpg
Cat1,15mph,lr,opposite,4,1624827942.510358,/media/batool/MULTIMODAL_DATA/Multimodal_Data/Cat1/opposite/bag_files/Cat1_15mph_lr_opposite_4/camera_images/1624827942.510358.jpg
Cat1,15mph,lr,opposite,4,1624827942.5436914,/media/batool/MULTIMODAL_DATA/Multimodal_Data/Cat1/opposite/bag_files/Cat1_15mph_lr_opposite_4/camera_images/1624827942.5436914.jpg
Cat1,15mph,lr,opposite,4,1624827942.5770247,/media/batool/MULTIMODAL_DATA/Multimodal_Data/Cat1/opposite/bag_files/Cat1_15mph_lr_opposite_4/camera_images/1624827942.5770247.jpg
Cat1,15mph,lr,opposite,4,1624827942.610358,/media/batool/MULTIMODAL_DATA/Multimodal_Data/Cat1/opposite/bag_files/Cat1_15mph_lr_opposite_4/camera_images/1624827942.610358.jpg
Cat1,15mph,lr,opposite,4,1624827942.6436913,/media/batool/MULTIMODAL_DATA/Multimodal_Data/Cat1/opposite/bag_files/Cat1_15mph_lr_opposite_4/camera_images/1624827942.6436913.jpg
Cat1,15mph,lr,opposite,4,1624827942.6770246,/media/batool/MULTIMODAL_DATA/Multimodal_Data/Cat1/opposite/bag_files/Cat1_15mph_lr_opposite_4/camera_images/1624827942.6770246.jpg
Cat1,15mph,lr,opposite,4,1624827942.710358,/media/batool/MULTIMODAL_DATA/Multimodal_Data/Cat1/opposite/bag_files/Cat1_15mph_lr_opposite_4/camera_images/1624827942.710358.jpg
Cat1,15mph,lr,opposite,4,1624827942.7436912,/media/batool/MULTIMODAL_DATA/Multimodal_Data/Cat1/opposite/bag_files/Cat1_15mph_lr_opposite_4/camera_images/1624827942.7436912.jpg
Cat1,15mph,lr,opposite,4,1624827942.7770245,/media/batool/MULTIMODAL_DATA/Multimodal_Data/Cat1/opposite/bag_files/Cat1_15mph_lr_opposite_4/camera_images/1624827942.7770245.jpg
Cat1,15mph,lr,opposite,4,1624827942.8103578,/media/batool/MULTIMODAL_DATA/Multimodal_Data/Cat1/opposite/bag_files/Cat1_15mph_lr_opposite_4/camera_images/1624827942.8103578.jpg
Cat1,15mph,lr,opposite,4,1624827942.8770244,/media/batool/MULTIMODAL_DATA/Multimodal_Data/Cat1/opposite/bag_files/Cat1_15mph_lr_opposite_4/camera_images/1624827942.8770244.jpg
Cat1,15mph,lr,opposite,4,1624827942.9103577,/media/batool/MULTIMODAL_DATA/Multimodal_Data/Cat1/opposite/bag_files/Cat1_15mph_lr_opposite_4/camera_images/1624827942.9103577.jpg
Cat1,15mph,lr,opposite,4,1624827942.943691,/media/batool/MULTIMODAL_DATA/Multimodal_Data/Cat1/opposite/bag_files/Cat1_15mph_lr_opposite_4/camera_images/1624827942.943691.jpg
Cat1,15mph,lr,opposite,4,1624827942.9770243,/media/batool/MULTIMODAL_DATA/Multimodal_Data/Cat1/opposite/bag_files/Cat1_15mph_lr_opposite_4/camera_images/1624827942.9770243.jpg
Cat1,15mph,lr,opposite,4,1624827943.0103576,/media/batool/MULTIMODAL_DATA/Multimodal_Data/Cat1/opposite/bag_files/Cat1_15mph_lr_opposite_4/camera_images/1624827943.0103576.jpg
Cat1,15mph,lr,opposite,4,1624827943.043691,/media/batool/MULTIMODAL_DATA/Multimodal_Data/Cat1/opposite/bag_files/Cat1_15mph_lr_opposite_4/camera_images/1624827943.043691.jpg
Cat1,15mph,lr,opposite,4,1624827943.0770242,/media/batool/MULTIMODAL_DATA/Multimodal_Data/Cat1/opposite/bag_files/Cat1_15mph_lr_opposite_4/camera_images/1624827943.0770242.jpg
Cat1,15mph,lr,opposite,4,1624827943.1103575,/media/batool/MULTIMODAL_DATA/Multimodal_Data/Cat1/opposite/bag_files/Cat1_15mph_lr_opposite_4/camera_images/1624827943.1103575.jpg
Cat1,15mph,lr,opposite,4,1624827943.1436908,/media/batool/MULTIMODAL_DATA/Multimodal_Data/Cat1/opposite/bag_files/Cat1_15mph_lr_opposite_4/camera_images/1624827943.1436908.jpg
Cat1,15mph,lr,opposite,4,1624827943.1770241,/media/batool/MULTIMODAL_DATA/Multimodal_Data/Cat1/opposite/bag_files/Cat1_15mph_lr_opposite_4/camera_images/1624827943.1770241.jpg
Cat1,15mph,lr,opposite,4,1624827943.2103574,/media/batool/MULTIMODAL_DATA/Multimodal_Data/Cat1/opposite/bag_files/Cat1_15mph_lr_opposite_4/camera_images/1624827943.2103574.jpg
Cat1,15mph,lr,opposite,4,1624827943.2436907,/media/batool/MULTIMODAL_DATA/Multimodal_Data/Cat1/opposite/bag_files/Cat1_15mph_lr_opposite_4/camera_images/1624827943.2436907.jpg
Cat1,15mph,lr,opposite,4,1624827943.277024,/media/batool/MULTIMODAL_DATA/Multimodal_Data/Cat1/opposite/bag_files/Cat1_15mph_lr_opposite_4/camera_images/1624827943.277024.jpg
Cat1,15mph,lr,opposite,4,1624827943.3103573,/media/batool/MULTIMODAL_DATA/Multimodal_Data/Cat1/opposite/bag_files/Cat1_15mph_lr_opposite_4/camera_images/1624827943.3103573.jpg
Cat1,15mph,lr,opposite,4,1624827943.3436906,/media/batool/MULTIMODAL_DATA/Multimodal_Data/Cat1/opposite/bag_files/Cat1_15mph_lr_opposite_4/camera_images/1624827943.3436906.jpg
Cat1,15mph,lr,opposite,4,1624827943.4103572,/media/batool/MULTIMODAL_DATA/Multimodal_Data/Cat1/opposite/bag_files/Cat1_15mph_lr_opposite_4/camera_images/1624827943.4103572.jpg
Cat1,15mph,lr,opposite,4,1624827943.4436905,/media/batool/MULTIMODAL_DATA/Multimodal_Data/Cat1/opposite/bag_files/Cat1_15mph_lr_opposite_4/camera_images/1624827943.4436905.jpg
Cat1,15mph,lr,opposite,4,1624827943.4770238,/media/batool/MULTIMODAL_DATA/Multimodal_Data/Cat1/opposite/bag_files/Cat1_15mph_lr_opposite_4/camera_images/1624827943.4770238.jpg
Cat1,15mph,lr,opposite,4,1624827943.5103571,/media/batool/MULTIMODAL_DATA/Multimodal_Data/Cat1/opposite/bag_files/Cat1_15mph_lr_opposite_4/camera_images/1624827943.5103571.jpg
Cat1,15mph,lr,opposite,4,1624827943.5436904,/media/batool/MULTIMODAL_DATA/Multimodal_Data/Cat1/opposite/bag_files/Cat1_15mph_lr_opposite_4/camera_images/1624827943.5436904.jpg
Cat1,15mph,lr,opposite,4,1624827943.5770237,/media/batool/MULTIMODAL_DATA/Multimodal_Data/Cat1/opposite/bag_files/Cat1_15mph_lr_opposite_4/camera_images/1624827943.5770237.jpg
Cat1,15mph,lr,opposite,4,1624827943.610357,/media/batool/MULTIMODAL_DATA/Multimodal_Data/Cat1/opposite/bag_files/Cat1_15mph_lr_opposite_4/camera_images/1624827943.610357.jpg
Cat1,15mph,lr,opposite,4,1624827943.6436903,/media/batool/MULTIMODAL_DATA/Multimodal_Data/Cat1/opposite/bag_files/Cat1_15mph_lr_opposite_4/camera_images/1624827943.6436903.jpg
Cat1,15mph,lr,opposite,4,1624827943.6770236,/media/batool/MULTIMODAL_DATA/Multimodal_Data/Cat1/opposite/bag_files/Cat1_15mph_lr_opposite_4/camera_images/1624827943.6770236.jpg
Cat1,15mph,lr,opposite,4,1624827943.710357,/media/batool/MULTIMODAL_DATA/Multimodal_Data/Cat1/opposite/bag_files/Cat1_15mph_lr_opposite_4/camera_images/1624827943.710357.jpg
Cat1,15mph,lr,opposite,4,1624827943.7436903,/media/batool/MULTIMODAL_DATA/Multimodal_Data/Cat1/opposite/bag_files/Cat1_15mph_lr_opposite_4/camera_images/1624827943.7436903.jpg
Cat1,15mph,lr,opposite,4,1624827943.7770236,/media/batool/MULTIMODAL_DATA/Multimodal_Data/Cat1/opposite/bag_files/Cat1_15mph_lr_opposite_4/camera_images/1624827943.7770236.jpg
Cat1,15mph,lr,opposite,4,1624827943.8103569,/media/batool/MULTIMODAL_DATA/Multimodal_Data/Cat1/opposite/bag_files/Cat1_15mph_lr_opposite_4/camera_images/1624827943.8103569.jpg
Cat1,15mph,lr,opposite,4,1624827943.8436902,/media/batool/MULTIMODAL_DATA/Multimodal_Data/Cat1/opposite/bag_files/Cat1_15mph_lr_opposite_4/camera_images/1624827943.8436902.jpg
Cat1,15mph,lr,opposite,4,1624827943.8770235,/media/batool/MULTIMODAL_DATA/Multimodal_Data/Cat1/opposite/bag_files/Cat1_15mph_lr_opposite_4/camera_images/1624827943.8770235.jpg
Cat1,15mph,lr,opposite,4,1624827943.94369,/media/batool/MULTIMODAL_DATA/Multimodal_Data/Cat1/opposite/bag_files/Cat1_15mph_lr_opposite_4/camera_images/1624827943.94369.jpg
Cat1,15mph,lr,opposite,4,1624827943.9770234,/media/batool/MULTIMODAL_DATA/Multimodal_Data/Cat1/opposite/bag_files/Cat1_15mph_lr_opposite_4/camera_images/1624827943.9770234.jpg
Cat1,15mph,lr,opposite,4,1624827944.0103567,/media/batool/MULTIMODAL_DATA/Multimodal_Data/Cat1/opposite/bag_files/Cat1_15mph_lr_opposite_4/camera_images/1624827944.0103567.jpg
Cat1,15mph,lr,opposite,4,1624827944.04369,/media/batool/MULTIMODAL_DATA/Multimodal_Data/Cat1/opposite/bag_files/Cat1_15mph_lr_opposite_4/camera_images/1624827944.04369.jpg
Cat1,15mph,lr,opposite,4,1624827944.0770233,/media/batool/MULTIMODAL_DATA/Multimodal_Data/Cat1/opposite/bag_files/Cat1_15mph_lr_opposite_4/camera_images/1624827944.0770233.jpg
Cat1,15mph,lr,opposite,4,1624827944.1103566,/media/batool/MULTIMODAL_DATA/Multimodal_Data/Cat1/opposite/bag_files/Cat1_15mph_lr_opposite_4/camera_images/1624827944.1103566.jpg
Cat1,15mph,lr,opposite,4,1624827944.1436899,/media/batool/MULTIMODAL_DATA/Multimodal_Data/Cat1/opposite/bag_files/Cat1_15mph_lr_opposite_4/camera_images/1624827944.1436899.jpg
Cat1,15mph,lr,opposite,4,1624827944.1770232,/media/batool/MULTIMODAL_DATA/Multimodal_Data/Cat1/opposite/bag_files/Cat1_15mph_lr_opposite_4/camera_images/1624827944.1770232.jpg
Cat1,15mph,lr,opposite,4,1624827944.2103565,/media/batool/MULTIMODAL_DATA/Multimodal_Data/Cat1/opposite/bag_files/Cat1_15mph_lr_opposite_4/camera_images/1624827944.2103565.jpg
Cat1,15mph,lr,opposite,4,1624827944.2436898,/media/batool/MULTIMODAL_DATA/Multimodal_Data/Cat1/opposite/bag_files/Cat1_15mph_lr_opposite_4/camera_images/1624827944.2436898.jpg
Cat1,15mph,lr,opposite,4,1624827944.277023,/media/batool/MULTIMODAL_DATA/Multimodal_Data/Cat1/opposite/bag_files/Cat1_15mph_lr_opposite_4/camera_images/1624827944.277023.jpg
Cat1,15mph,lr,opposite,4,1624827944.3103564,/media/batool/MULTIMODAL_DATA/Multimodal_Data/Cat1/opposite/bag_files/Cat1_15mph_lr_opposite_4/camera_images/1624827944.3103564.jpg
Cat1,15mph,lr,opposite,4,1624827944.3436897,/media/batool/MULTIMODAL_DATA/Multimodal_Data/Cat1/opposite/bag_files/Cat1_15mph_lr_opposite_4/camera_images/1624827944.3436897.jpg
Cat1,15mph,lr,opposite,4,1624827944.377023,/media/batool/MULTIMODAL_DATA/Multimodal_Data/Cat1/opposite/bag_files/Cat1_15mph_lr_opposite_4/camera_images/1624827944.377023.jpg
Cat1,15mph,lr,opposite,4,1624827944.4103563,/media/batool/MULTIMODAL_DATA/Multimodal_Data/Cat1/opposite/bag_files/Cat1_15mph_lr_opposite_4/camera_images/1624827944.4103563.jpg
Cat1,15mph,lr,opposite,4,1624827944.477023,/media/batool/MULTIMODAL_DATA/Multimodal_Data/Cat1/opposite/bag_files/Cat1_15mph_lr_opposite_4/camera_images/1624827944.477023.jpg
Cat1,15mph,lr,opposite,4,1624827944.5103562,/media/batool/MULTIMODAL_DATA/Multimodal_Data/Cat1/opposite/bag_files/Cat1_15mph_lr_opposite_4/camera_images/1624827944.5103562.jpg
Cat1,15mph,lr,opposite,4,1624827944.5436895,/media/batool/MULTIMODAL_DATA/Multimodal_Data/Cat1/opposite/bag_files/Cat1_15mph_lr_opposite_4/camera_images/1624827944.5436895.jpg
Cat1,15mph,lr,opposite,4,1624827944.5770228,/media/batool/MULTIMODAL_DATA/Multimodal_Data/Cat1/opposite/bag_files/Cat1_15mph_lr_opposite_4/camera_images/1624827944.5770228.jpg
Cat1,15mph,lr,opposite,4,1624827944.610356,/media/batool/MULTIMODAL_DATA/Multimodal_Data/Cat1/opposite/bag_files/Cat1_15mph_lr_opposite_4/camera_images/1624827944.610356.jpg
Cat1,15mph,lr,opposite,4,1624827944.6436894,/media/batool/MULTIMODAL_DATA/Multimodal_Data/Cat1/opposite/bag_files/Cat1_15mph_lr_opposite_4/camera_images/1624827944.6436894.jpg
Cat1,15mph,lr,opposite,4,1624827944.6770227,/media/batool/MULTIMODAL_DATA/Multimodal_Data/Cat1/opposite/bag_files/Cat1_15mph_lr_opposite_4/camera_images/1624827944.6770227.jpg
Cat1,15mph,lr,opposite,4,1624827944.710356,/media/batool/MULTIMODAL_DATA/Multimodal_Data/Cat1/opposite/bag_files/Cat1_15mph_lr_opposite_4/camera_images/1624827944.710356.jpg
Cat1,15mph,lr,opposite,4,1624827944.7436893,/media/batool/MULTIMODAL_DATA/Multimodal_Data/Cat1/opposite/bag_files/Cat1_15mph_lr_opposite_4/camera_images/1624827944.7436893.jpg
Cat1,15mph,lr,opposite,4,1624827944.7770226,/media/batool/MULTIMODAL_DATA/Multimodal_Data/Cat1/opposite/bag_files/Cat1_15mph_lr_opposite_4/camera_images/1624827944.7770226.jpg
Cat1,15mph,lr,opposite,4,1624827944.810356,/media/batool/MULTIMODAL_DATA/Multimodal_Data/Cat1/opposite/bag_files/Cat1_15mph_lr_opposite_4/camera_images/1624827944.810356.jpg
Cat1,15mph,lr,opposite,4,1624827944.8436892,/media/batool/MULTIMODAL_DATA/Multimodal_Data/Cat1/opposite/bag_files/Cat1_15mph_lr_opposite_4/camera_images/1624827944.8436892.jpg
Cat1,15mph,lr,opposite,4,1624827944.8770225,/media/batool/MULTIMODAL_DATA/Multimodal_Data/Cat1/opposite/bag_files/Cat1_15mph_lr_opposite_4/camera_images/1624827944.8770225.jpg
Cat1,15mph,lr,opposite,4,1624827944.9103558,/media/batool/MULTIMODAL_DATA/Multimodal_Data/Cat1/opposite/bag_files/Cat1_15mph_lr_opposite_4/camera_images/1624827944.9103558.jpg
Cat1,15mph,lr,opposite,4,1624827944.943689,/media/batool/MULTIMODAL_DATA/Multimodal_Data/Cat1/opposite/bag_files/Cat1_15mph_lr_opposite_4/camera_images/1624827944.943689.jpg
Cat1,15mph,lr,opposite,4,1624827945.0103557,/media/batool/MULTIMODAL_DATA/Multimodal_Data/Cat1/opposite/bag_files/Cat1_15mph_lr_opposite_4/camera_images/1624827945.0103557.jpg
Cat1,15mph,lr,opposite,4,1624827945.043689,/media/batool/MULTIMODAL_DATA/Multimodal_Data/Cat1/opposite/bag_files/Cat1_15mph_lr_opposite_4/camera_images/1624827945.043689.jpg
Cat1,15mph,lr,opposite,4,1624827945.0770223,/media/batool/MULTIMODAL_DATA/Multimodal_Data/Cat1/opposite/bag_files/Cat1_15mph_lr_opposite_4/camera_images/1624827945.0770223.jpg
Cat1,15mph,lr,opposite,4,1624827945.1103556,/media/batool/MULTIMODAL_DATA/Multimodal_Data/Cat1/opposite/bag_files/Cat1_15mph_lr_opposite_4/camera_images/1624827945.1103556.jpg
Cat1,15mph,lr,opposite,4,1624827945.143689,/media/batool/MULTIMODAL_DATA/Multimodal_Data/Cat1/opposite/bag_files/Cat1_15mph_lr_opposite_4/camera_images/1624827945.143689.jpg
Cat1,15mph,lr,opposite,4,1624827945.1770222,/media/batool/MULTIMODAL_DATA/Multimodal_Data/Cat1/opposite/bag_files/Cat1_15mph_lr_opposite_4/camera_images/1624827945.1770222.jpg
Cat1,15mph,lr,opposite,4,1624827945.2103555,/media/batool/MULTIMODAL_DATA/Multimodal_Data/Cat1/opposite/bag_files/Cat1_15mph_lr_opposite_4/camera_images/1624827945.2103555.jpg
Cat1,15mph,lr,opposite,4,1624827945.2436888,/media/batool/MULTIMODAL_DATA/Multimodal_Data/Cat1/opposite/bag_files/Cat1_15mph_lr_opposite_4/camera_images/1624827945.2436888.jpg
Cat1,15mph,lr,opposite,4,1624827945.2770221,/media/batool/MULTIMODAL_DATA/Multimodal_Data/Cat1/opposite/bag_files/Cat1_15mph_lr_opposite_4/camera_images/1624827945.2770221.jpg
Cat1,15mph,lr,opposite,4,1624827945.3103554,/media/batool/MULTIMODAL_DATA/Multimodal_Data/Cat1/opposite/bag_files/Cat1_15mph_lr_opposite_4/camera_images/1624827945.3103554.jpg
Cat1,15mph,lr,opposite,4,1624827945.3436887,/media/batool/MULTIMODAL_DATA/Multimodal_Data/Cat1/opposite/bag_files/Cat1_15mph_lr_opposite_4/camera_images/1624827945.3436887.jpg
Cat1,15mph,lr,opposite,4,1624827945.377022,/media/batool/MULTIMODAL_DATA/Multimodal_Data/Cat1/opposite/bag_files/Cat1_15mph_lr_opposite_4/camera_images/1624827945.377022.jpg
Cat1,15mph,lr,opposite,4,1624827945.4103553,/media/batool/MULTIMODAL_DATA/Multimodal_Data/Cat1/opposite/bag_files/Cat1_15mph_lr_opposite_4/camera_images/1624827945.4103553.jpg
Cat1,15mph,lr,opposite,4,1624827945.4436886,/media/batool/MULTIMODAL_DATA/Multimodal_Data/Cat1/opposite/bag_files/Cat1_15mph_lr_opposite_4/camera_images/1624827945.4436886.jpg
Cat1,15mph,lr,opposite,4,1624827945.477022,/media/batool/MULTIMODAL_DATA/Multimodal_Data/Cat1/opposite/bag_files/Cat1_15mph_lr_opposite_4/camera_images/1624827945.477022.jpg
Cat1,15mph,lr,opposite,4,1624827945.5436885,/media/batool/MULTIMODAL_DATA/Multimodal_Data/Cat1/opposite/bag_files/Cat1_15mph_lr_opposite_4/camera_images/1624827945.5436885.jpg
Cat1,15mph,lr,opposite,4,1624827945.5770218,/media/batool/MULTIMODAL_DATA/Multimodal_Data/Cat1/opposite/bag_files/Cat1_15mph_lr_opposite_4/camera_images/1624827945.5770218.jpg
Cat1,15mph,lr,opposite,4,1624827945.6103551,/media/batool/MULTIMODAL_DATA/Multimodal_Data/Cat1/opposite/bag_files/Cat1_15mph_lr_opposite_4/camera_images/1624827945.6103551.jpg
Cat1,15mph,lr,opposite,4,1624827945.6436884,/media/batool/MULTIMODAL_DATA/Multimodal_Data/Cat1/opposite/bag_files/Cat1_15mph_lr_opposite_4/camera_images/1624827945.6436884.jpg
Cat1,15mph,lr,opposite,4,1624827945.6770217,/media/batool/MULTIMODAL_DATA/Multimodal_Data/Cat1/opposite/bag_files/Cat1_15mph_lr_opposite_4/camera_images/1624827945.6770217.jpg
Cat1,15mph,lr,opposite,4,1624827945.710355,/media/batool/MULTIMODAL_DATA/Multimodal_Data/Cat1/opposite/bag_files/Cat1_15mph_lr_opposite_4/camera_images/1624827945.710355.jpg
Cat1,15mph,lr,opposite,4,1624827945.7436883,/media/batool/MULTIMODAL_DATA/Multimodal_Data/Cat1/opposite/bag_files/Cat1_15mph_lr_opposite_4/camera_images/1624827945.7436883.jpg
Cat1,15mph,lr,opposite,4,1624827945.7770216,/media/batool/MULTIMODAL_DATA/Multimodal_Data/Cat1/opposite/bag_files/Cat1_15mph_lr_opposite_4/camera_images/1624827945.7770216.jpg
Cat1,15mph,lr,opposite,4,1624827945.810355,/media/batool/MULTIMODAL_DATA/Multimodal_Data/Cat1/opposite/bag_files/Cat1_15mph_lr_opposite_4/camera_images/1624827945.810355.jpg
Cat1,15mph,lr,opposite,4,1624827945.8436882,/media/batool/MULTIMODAL_DATA/Multimodal_Data/Cat1/opposite/bag_files/Cat1_15mph_lr_opposite_4/camera_images/1624827945.8436882.jpg
Cat1,15mph,lr,opposite,4,1624827945.8770216,/media/batool/MULTIMODAL_DATA/Multimodal_Data/Cat1/opposite/bag_files/Cat1_15mph_lr_opposite_4/camera_images/1624827945.8770216.jpg
Cat1,15mph,lr,opposite,4,1624827945.9103549,/media/batool/MULTIMODAL_DATA/Multimodal_Data/Cat1/opposite/bag_files/Cat1_15mph_lr_opposite_4/camera_images/1624827945.9103549.jpg
Cat1,15mph,lr,opposite,4,1624827945.9436882,/media/batool/MULTIMODAL_DATA/Multimodal_Data/Cat1/opposite/bag_files/Cat1_15mph_lr_opposite_4/camera_images/1624827945.9436882.jpg
Cat1,15mph,lr,opposite,4,1624827945.9770215,/media/batool/MULTIMODAL_DATA/Multimodal_Data/Cat1/opposite/bag_files/Cat1_15mph_lr_opposite_4/camera_images/1624827945.9770215.jpg
Cat1,15mph,lr,opposite,4,1624827946.0103548,/media/batool/MULTIMODAL_DATA/Multimodal_Data/Cat1/opposite/bag_files/Cat1_15mph_lr_opposite_4/camera_images/1624827946.0103548.jpg
Cat1,15mph,lr,opposite,4,1624827946.0770214,/media/batool/MULTIMODAL_DATA/Multimodal_Data/Cat1/opposite/bag_files/Cat1_15mph_lr_opposite_4/camera_images/1624827946.0770214.jpg
Cat1,15mph,lr,opposite,4,1624827946.1103547,/media/batool/MULTIMODAL_DATA/Multimodal_Data/Cat1/opposite/bag_files/Cat1_15mph_lr_opposite_4/camera_images/1624827946.1103547.jpg
Cat1,15mph,lr,opposite,4,1624827946.143688,/media/batool/MULTIMODAL_DATA/Multimodal_Data/Cat1/opposite/bag_files/Cat1_15mph_lr_opposite_4/camera_images/1624827946.143688.jpg
Cat1,15mph,lr,opposite,4,1624827946.1770213,/media/batool/MULTIMODAL_DATA/Multimodal_Data/Cat1/opposite/bag_files/Cat1_15mph_lr_opposite_4/camera_images/1624827946.1770213.jpg
Cat1,15mph,lr,opposite,4,1624827946.2103546,/media/batool/MULTIMODAL_DATA/Multimodal_Data/Cat1/opposite/bag_files/Cat1_15mph_lr_opposite_4/camera_images/1624827946.2103546.jpg
Cat1,15mph,lr,opposite,4,1624827946.2436879,/media/batool/MULTIMODAL_DATA/Multimodal_Data/Cat1/opposite/bag_files/Cat1_15mph_lr_opposite_4/camera_images/1624827946.2436879.jpg
Cat1,15mph,lr,opposite,4,1624827946.2770212,/media/batool/MULTIMODAL_DATA/Multimodal_Data/Cat1/opposite/bag_files/Cat1_15mph_lr_opposite_4/camera_images/1624827946.2770212.jpg
Cat1,15mph,lr,opposite,4,1624827946.3103545,/media/batool/MULTIMODAL_DATA/Multimodal_Data/Cat1/opposite/bag_files/Cat1_15mph_lr_opposite_4/camera_images/1624827946.3103545.jpg
Cat1,15mph,lr,opposite,4,1624827946.3436878,/media/batool/MULTIMODAL_DATA/Multimodal_Data/Cat1/opposite/bag_files/Cat1_15mph_lr_opposite_4/camera_images/1624827946.3436878.jpg
Cat1,15mph,lr,opposite,4,1624827946.377021,/media/batool/MULTIMODAL_DATA/Multimodal_Data/Cat1/opposite/bag_files/Cat1_15mph_lr_opposite_4/camera_images/1624827946.377021.jpg
Cat1,15mph,lr,opposite,4,1624827946.4103544,/media/batool/MULTIMODAL_DATA/Multimodal_Data/Cat1/opposite/bag_files/Cat1_15mph_lr_opposite_4/camera_images/1624827946.4103544.jpg
Cat1,15mph,lr,opposite,4,1624827946.4436877,/media/batool/MULTIMODAL_DATA/Multimodal_Data/Cat1/opposite/bag_files/Cat1_15mph_lr_opposite_4/camera_images/1624827946.4436877.jpg
Cat1,15mph,lr,opposite,4,1624827946.477021,/media/batool/MULTIMODAL_DATA/Multimodal_Data/Cat1/opposite/bag_files/Cat1_15mph_lr_opposite_4/camera_images/1624827946.477021.jpg
Cat1,15mph,lr,opposite,4,1624827946.5103543,/media/batool/MULTIMODAL_DATA/Multimodal_Data/Cat1/opposite/bag_files/Cat1_15mph_lr_opposite_4/camera_images/1624827946.5103543.jpg
Cat1,15mph,lr,opposite,4,1624827946.5436876,/media/batool/MULTIMODAL_DATA/Multimodal_Data/Cat1/opposite/bag_files/Cat1_15mph_lr_opposite_4/camera_images/1624827946.5436876.jpg
Cat1,15mph,lr,opposite,4,1624827946.6103542,/media/batool/MULTIMODAL_DATA/Multimodal_Data/Cat1/opposite/bag_files/Cat1_15mph_lr_opposite_4/camera_images/1624827946.6103542.jpg
Cat1,15mph,lr,opposite,4,1624827946.6436875,/media/batool/MULTIMODAL_DATA/Multimodal_Data/Cat1/opposite/bag_files/Cat1_15mph_lr_opposite_4/camera_images/1624827946.6436875.jpg
Cat1,15mph,lr,opposite,4,1624827946.6770208,/media/batool/MULTIMODAL_DATA/Multimodal_Data/Cat1/opposite/bag_files/Cat1_15mph_lr_opposite_4/camera_images/1624827946.6770208.jpg
Cat1,15mph,lr,opposite,4,1624827946.710354,/media/batool/MULTIMODAL_DATA/Multimodal_Data/Cat1/opposite/bag_files/Cat1_15mph_lr_opposite_4/camera_images/1624827946.710354.jpg
Cat1,15mph,lr,opposite,4,1624827946.7436874,/media/batool/MULTIMODAL_DATA/Multimodal_Data/Cat1/opposite/bag_files/Cat1_15mph_lr_opposite_4/camera_images/1624827946.7436874.jpg
Cat1,15mph,lr,opposite,4,1624827946.7770207,/media/batool/MULTIMODAL_DATA/Multimodal_Data/Cat1/opposite/bag_files/Cat1_15mph_lr_opposite_4/camera_images/1624827946.7770207.jpg
Cat1,15mph,lr,opposite,4,1624827946.810354,/media/batool/MULTIMODAL_DATA/Multimodal_Data/Cat1/opposite/bag_files/Cat1_15mph_lr_opposite_4/camera_images/1624827946.810354.jpg
Cat1,15mph,lr,opposite,4,1624827946.8436873,/media/batool/MULTIMODAL_DATA/Multimodal_Data/Cat1/opposite/bag_files/Cat1_15mph_lr_opposite_4/camera_images/1624827946.8436873.jpg
Cat1,15mph,lr,opposite,4,1624827946.8770206,/media/batool/MULTIMODAL_DATA/Multimodal_Data/Cat1/opposite/bag_files/Cat1_15mph_lr_opposite_4/camera_images/1624827946.8770206.jpg
Cat1,15mph,lr,opposite,4,1624827946.910354,/media/batool/MULTIMODAL_DATA/Multimodal_Data/Cat1/opposite/bag_files/Cat1_15mph_lr_opposite_4/camera_images/1624827946.910354.jpg
Cat1,15mph,lr,opposite,4,1624827946.9436872,/media/batool/MULTIMODAL_DATA/Multimodal_Data/Cat1/opposite/bag_files/Cat1_15mph_lr_opposite_4/camera_images/1624827946.9436872.jpg
Cat1,15mph,lr,opposite,4,1624827946.9770205,/media/batool/MULTIMODAL_DATA/Multimodal_Data/Cat1/opposite/bag_files/Cat1_15mph_lr_opposite_4/camera_images/1624827946.9770205.jpg
Cat1,15mph,lr,opposite,4,1624827947.0103538,/media/batool/MULTIMODAL_DATA/Multimodal_Data/Cat1/opposite/bag_files/Cat1_15mph_lr_opposite_4/camera_images/1624827947.0103538.jpg
Cat1,15mph,lr,opposite,4,1624827947.043687,/media/batool/MULTIMODAL_DATA/Multimodal_Data/Cat1/opposite/bag_files/Cat1_15mph_lr_opposite_4/camera_images/1624827947.043687.jpg
Cat1,15mph,lr,opposite,4,1624827947.0770204,/media/batool/MULTIMODAL_DATA/Multimodal_Data/Cat1/opposite/bag_files/Cat1_15mph_lr_opposite_4/camera_images/1624827947.0770204.jpg
Cat1,15mph,lr,opposite,4,1624827947.143687,/media/batool/MULTIMODAL_DATA/Multimodal_Data/Cat1/opposite/bag_files/Cat1_15mph_lr_opposite_4/camera_images/1624827947.143687.jpg
Cat1,15mph,lr,opposite,4,1624827947.1770203,/media/batool/MULTIMODAL_DATA/Multimodal_Data/Cat1/opposite/bag_files/Cat1_15mph_lr_opposite_4/camera_images/1624827947.1770203.jpg
Cat1,15mph,lr,opposite,4,1624827947.2103536,/media/batool/MULTIMODAL_DATA/Multimodal_Data/Cat1/opposite/bag_files/Cat1_15mph_lr_opposite_4/camera_images/1624827947.2103536.jpg
Cat1,15mph,lr,opposite,4,1624827947.243687,/media/batool/MULTIMODAL_DATA/Multimodal_Data/Cat1/opposite/bag_files/Cat1_15mph_lr_opposite_4/camera_images/1624827947.243687.jpg
Cat1,15mph,lr,opposite,4,1624827947.2770202,/media/batool/MULTIMODAL_DATA/Multimodal_Data/Cat1/opposite/bag_files/Cat1_15mph_lr_opposite_4/camera_images/1624827947.2770202.jpg
Cat1,15mph,lr,opposite,4,1624827947.3103535,/media/batool/MULTIMODAL_DATA/Multimodal_Data/Cat1/opposite/bag_files/Cat1_15mph_lr_opposite_4/camera_images/1624827947.3103535.jpg
Cat1,15mph,lr,opposite,4,1624827947.3436868,/media/batool/MULTIMODAL_DATA/Multimodal_Data/Cat1/opposite/bag_files/Cat1_15mph_lr_opposite_4/camera_images/1624827947.3436868.jpg
Cat1,15mph,lr,opposite,4,1624827947.3770201,/media/batool/MULTIMODAL_DATA/Multimodal_Data/Cat1/opposite/bag_files/Cat1_15mph_lr_opposite_4/camera_images/1624827947.3770201.jpg
Cat1,15mph,lr,opposite,4,1624827947.4103534,/media/batool/MULTIMODAL_DATA/Multimodal_Data/Cat1/opposite/bag_files/Cat1_15mph_lr_opposite_4/camera_images/1624827947.4103534.jpg
Cat1,15mph,lr,opposite,4,1624827947.4436867,/media/batool/MULTIMODAL_DATA/Multimodal_Data/Cat1/opposite/bag_files/Cat1_15mph_lr_opposite_4/camera_images/1624827947.4436867.jpg
Cat1,15mph,lr,opposite,4,1624827947.47702,/media/batool/MULTIMODAL_DATA/Multimodal_Data/Cat1/opposite/bag_files/Cat1_15mph_lr_opposite_4/camera_images/1624827947.47702.jpg
Cat1,15mph,lr,opposite,4,1624827947.5103533,/media/batool/MULTIMODAL_DATA/Multimodal_Data/Cat1/opposite/bag_files/Cat1_15mph_lr_opposite_4/camera_images/1624827947.5103533.jpg
Cat1,15mph,lr,opposite,4,1624827947.5436866,/media/batool/MULTIMODAL_DATA/Multimodal_Data/Cat1/opposite/bag_files/Cat1_15mph_lr_opposite_4/camera_images/1624827947.5436866.jpg
Cat1,15mph,lr,opposite,4,1624827947.57702,/media/batool/MULTIMODAL_DATA/Multimodal_Data/Cat1/opposite/bag_files/Cat1_15mph_lr_opposite_4/camera_images/1624827947.57702.jpg
Cat1,15mph,lr,opposite,4,1624827947.6103532,/media/batool/MULTIMODAL_DATA/Multimodal_Data/Cat1/opposite/bag_files/Cat1_15mph_lr_opposite_4/camera_images/1624827947.6103532.jpg
Cat1,15mph,lr,opposite,4,1624827947.6770198,/media/batool/MULTIMODAL_DATA/Multimodal_Data/Cat1/opposite/bag_files/Cat1_15mph_lr_opposite_4/camera_images/1624827947.6770198.jpg
Cat1,15mph,lr,opposite,4,1624827947.7103531,/media/batool/MULTIMODAL_DATA/Multimodal_Data/Cat1/opposite/bag_files/Cat1_15mph_lr_opposite_4/camera_images/1624827947.7103531.jpg
Cat1,15mph,lr,opposite,4,1624827947.7436864,/media/batool/MULTIMODAL_DATA/Multimodal_Data/Cat1/opposite/bag_files/Cat1_15mph_lr_opposite_4/camera_images/1624827947.7436864.jpg
Cat1,15mph,lr,opposite,4,1624827947.7770197,/media/batool/MULTIMODAL_DATA/Multimodal_Data/Cat1/opposite/bag_files/Cat1_15mph_lr_opposite_4/camera_images/1624827947.7770197.jpg
Cat1,15mph,lr,opposite,4,1624827947.810353,/media/batool/MULTIMODAL_DATA/Multimodal_Data/Cat1/opposite/bag_files/Cat1_15mph_lr_opposite_4/camera_images/1624827947.810353.jpg
Cat1,15mph,lr,opposite,4,1624827947.8436863,/media/batool/MULTIMODAL_DATA/Multimodal_Data/Cat1/opposite/bag_files/Cat1_15mph_lr_opposite_4/camera_images/1624827947.8436863.jpg
Cat1,15mph,lr,opposite,4,1624827947.8770196,/media/batool/MULTIMODAL_DATA/Multimodal_Data/Cat1/opposite/bag_files/Cat1_15mph_lr_opposite_4/camera_images/1624827947.8770196.jpg
Cat1,15mph,lr,opposite,4,1624827947.910353,/media/batool/MULTIMODAL_DATA/Multimodal_Data/Cat1/opposite/bag_files/Cat1_15mph_lr_opposite_4/camera_images/1624827947.910353.jpg
Cat1,15mph,lr,opposite,4,1624827947.9436862,/media/batool/MULTIMODAL_DATA/Multimodal_Data/Cat1/opposite/bag_files/Cat1_15mph_lr_opposite_4/camera_images/1624827947.9436862.jpg
Cat1,15mph,lr,opposite,4,1624827947.9770195,/media/batool/MULTIMODAL_DATA/Multimodal_Data/Cat1/opposite/bag_files/Cat1_15mph_lr_opposite_4/camera_images/1624827947.9770195.jpg
Cat1,15mph,lr,opposite,4,1624827948.0103528,/media/batool/MULTIMODAL_DATA/Multimodal_Data/Cat1/opposite/bag_files/Cat1_15mph_lr_opposite_4/camera_images/1624827948.0103528.jpg
Cat1,15mph,lr,opposite,4,1624827948.0436862,/media/batool/MULTIMODAL_DATA/Multimodal_Data/Cat1/opposite/bag_files/Cat1_15mph_lr_opposite_4/camera_images/1624827948.0436862.jpg
Cat1,15mph,lr,opposite,4,1624827948.0770195,/media/batool/MULTIMODAL_DATA/Multimodal_Data/Cat1/opposite/bag_files/Cat1_15mph_lr_opposite_4/camera_images/1624827948.0770195.jpg
Cat1,15mph,lr,opposite,4,1624827948.1103528,/media/batool/MULTIMODAL_DATA/Multimodal_Data/Cat1/opposite/bag_files/Cat1_15mph_lr_opposite_4/camera_images/1624827948.1103528.jpg
Cat1,15mph,lr,opposite,4,1624827948.143686,/media/batool/MULTIMODAL_DATA/Multimodal_Data/Cat1/opposite/bag_files/Cat1_15mph_lr_opposite_4/camera_images/1624827948.143686.jpg
Cat1,15mph,lr,opposite,4,1624827948.2103527,/media/batool/MULTIMODAL_DATA/Multimodal_Data/Cat1/opposite/bag_files/Cat1_15mph_lr_opposite_4/camera_images/1624827948.2103527.jpg
Cat1,15mph,lr,opposite,4,1624827948.243686,/media/batool/MULTIMODAL_DATA/Multimodal_Data/Cat1/opposite/bag_files/Cat1_15mph_lr_opposite_4/camera_images/1624827948.243686.jpg
Cat1,15mph,lr,opposite,4,1624827948.2770193,/media/batool/MULTIMODAL_DATA/Multimodal_Data/Cat1/opposite/bag_files/Cat1_15mph_lr_opposite_4/camera_images/1624827948.2770193.jpg
Cat1,15mph,lr,opposite,4,1624827948.3103526,/media/batool/MULTIMODAL_DATA/Multimodal_Data/Cat1/opposite/bag_files/Cat1_15mph_lr_opposite_4/camera_images/1624827948.3103526.jpg
Cat1,15mph,lr,opposite,4,1624827948.3436859,/media/batool/MULTIMODAL_DATA/Multimodal_Data/Cat1/opposite/bag_files/Cat1_15mph_lr_opposite_4/camera_images/1624827948.3436859.jpg
Cat1,15mph,lr,opposite,4,1624827948.3770192,/media/batool/MULTIMODAL_DATA/Multimodal_Data/Cat1/opposite/bag_files/Cat1_15mph_lr_opposite_4/camera_images/1624827948.3770192.jpg
Cat1,15mph,lr,opposite,4,1624827948.4103525,/media/batool/MULTIMODAL_DATA/Multimodal_Data/Cat1/opposite/bag_files/Cat1_15mph_lr_opposite_4/camera_images/1624827948.4103525.jpg
Cat1,15mph,lr,opposite,4,1624827948.4436858,/media/batool/MULTIMODAL_DATA/Multimodal_Data/Cat1/opposite/bag_files/Cat1_15mph_lr_opposite_4/camera_images/1624827948.4436858.jpg
Cat1,15mph,lr,opposite,4,1624827948.477019,/media/batool/MULTIMODAL_DATA/Multimodal_Data/Cat1/opposite/bag_files/Cat1_15mph_lr_opposite_4/camera_images/1624827948.477019.jpg
Cat1,15mph,lr,opposite,4,1624827948.5103524,/media/batool/MULTIMODAL_DATA/Multimodal_Data/Cat1/opposite/bag_files/Cat1_15mph_lr_opposite_4/camera_images/1624827948.5103524.jpg
Cat1,15mph,lr,opposite,4,1624827948.5436857,/media/batool/MULTIMODAL_DATA/Multimodal_Data/Cat1/opposite/bag_files/Cat1_15mph_lr_opposite_4/camera_images/1624827948.5436857.jpg
Cat1,15mph,lr,opposite,4,1624827948.577019,/media/batool/MULTIMODAL_DATA/Multimodal_Data/Cat1/opposite/bag_files/Cat1_15mph_lr_opposite_4/camera_images/1624827948.577019.jpg
Cat1,15mph,lr,opposite,4,1624827948.6103523,/media/batool/MULTIMODAL_DATA/Multimodal_Data/Cat1/opposite/bag_files/Cat1_15mph_lr_opposite_4/camera_images/1624827948.6103523.jpg
Cat1,15mph,lr,opposite,4,1624827948.6436856,/media/batool/MULTIMODAL_DATA/Multimodal_Data/Cat1/opposite/bag_files/Cat1_15mph_lr_opposite_4/camera_images/1624827948.6436856.jpg
Cat1,15mph,lr,opposite,4,1624827948.677019,/media/batool/MULTIMODAL_DATA/Multimodal_Data/Cat1/opposite/bag_files/Cat1_15mph_lr_opposite_4/camera_images/1624827948.677019.jpg
Cat1,15mph,lr,opposite,4,1624827948.7436855,/media/batool/MULTIMODAL_DATA/Multimodal_Data/Cat1/opposite/bag_files/Cat1_15mph_lr_opposite_4/camera_images/1624827948.7436855.jpg
Cat1,15mph,lr,opposite,4,1624827948.7770188,/media/batool/MULTIMODAL_DATA/Multimodal_Data/Cat1/opposite/bag_files/Cat1_15mph_lr_opposite_4/camera_images/1624827948.7770188.jpg
Cat1,15mph,lr,opposite,4,1624827948.810352,/media/batool/MULTIMODAL_DATA/Multimodal_Data/Cat1/opposite/bag_files/Cat1_15mph_lr_opposite_4/camera_images/1624827948.810352.jpg
Cat1,15mph,lr,opposite,4,1624827948.8436854,/media/batool/MULTIMODAL_DATA/Multimodal_Data/Cat1/opposite/bag_files/Cat1_15mph_lr_opposite_4/camera_images/1624827948.8436854.jpg
Cat1,15mph,lr,opposite,4,1624827948.8770187,/media/batool/MULTIMODAL_DATA/Multimodal_Data/Cat1/opposite/bag_files/Cat1_15mph_lr_opposite_4/camera_images/1624827948.8770187.jpg
Cat1,15mph,lr,opposite,4,1624827948.910352,/media/batool/MULTIMODAL_DATA/Multimodal_Data/Cat1/opposite/bag_files/Cat1_15mph_lr_opposite_4/camera_images/1624827948.910352.jpg
Cat1,15mph,lr,opposite,4,1624827948.9436853,/media/batool/MULTIMODAL_DATA/Multimodal_Data/Cat1/opposite/bag_files/Cat1_15mph_lr_opposite_4/camera_images/1624827948.9436853.jpg
Cat1,15mph,lr,opposite,4,1624827948.9770186,/media/batool/MULTIMODAL_DATA/Multimodal_Data/Cat1/opposite/bag_files/Cat1_15mph_lr_opposite_4/camera_images/1624827948.9770186.jpg
Cat1,15mph,lr,opposite,4,1624827949.010352,/media/batool/MULTIMODAL_DATA/Multimodal_Data/Cat1/opposite/bag_files/Cat1_15mph_lr_opposite_4/camera_images/1624827949.010352.jpg
Cat1,15mph,lr,opposite,4,1624827949.0436852,/media/batool/MULTIMODAL_DATA/Multimodal_Data/Cat1/opposite/bag_files/Cat1_15mph_lr_opposite_4/camera_images/1624827949.0436852.jpg
Cat1,15mph,lr,opposite,4,1624827949.0770185,/media/batool/MULTIMODAL_DATA/Multimodal_Data/Cat1/opposite/bag_files/Cat1_15mph_lr_opposite_4/camera_images/1624827949.0770185.jpg
Cat1,15mph,lr,opposite,4,1624827949.1103518,/media/batool/MULTIMODAL_DATA/Multimodal_Data/Cat1/opposite/bag_files/Cat1_15mph_lr_opposite_4/camera_images/1624827949.1103518.jpg
Cat1,15mph,lr,opposite,4,1624827949.143685,/media/batool/MULTIMODAL_DATA/Multimodal_Data/Cat1/opposite/bag_files/Cat1_15mph_lr_opposite_4/camera_images/1624827949.143685.jpg
Cat1,15mph,lr,opposite,4,1624827949.1770184,/media/batool/MULTIMODAL_DATA/Multimodal_Data/Cat1/opposite/bag_files/Cat1_15mph_lr_opposite_4/camera_images/1624827949.1770184.jpg
Cat1,15mph,lr,opposite,4,1624827949.2103517,/media/batool/MULTIMODAL_DATA/Multimodal_Data/Cat1/opposite/bag_files/Cat1_15mph_lr_opposite_4/camera_images/1624827949.2103517.jpg
Cat1,15mph,lr,opposite,4,1624827949.2770183,/media/batool/MULTIMODAL_DATA/Multimodal_Data/Cat1/opposite/bag_files/Cat1_15mph_lr_opposite_4/camera_images/1624827949.2770183.jpg
Cat1,15mph,lr,opposite,4,1624827949.3103516,/media/batool/MULTIMODAL_DATA/Multimodal_Data/Cat1/opposite/bag_files/Cat1_15mph_lr_opposite_4/camera_images/1624827949.3103516.jpg
Cat1,15mph,lr,opposite,4,1624827949.343685,/media/batool/MULTIMODAL_DATA/Multimodal_Data/Cat1/opposite/bag_files/Cat1_15mph_lr_opposite_4/camera_images/1624827949.343685.jpg
Cat1,15mph,lr,opposite,4,1624827949.3770182,/media/batool/MULTIMODAL_DATA/Multimodal_Data/Cat1/opposite/bag_files/Cat1_15mph_lr_opposite_4/camera_images/1624827949.3770182.jpg
Cat1,15mph,lr,opposite,4,1624827949.4103515,/media/batool/MULTIMODAL_DATA/Multimodal_Data/Cat1/opposite/bag_files/Cat1_15mph_lr_opposite_4/camera_images/1624827949.4103515.jpg
Cat1,15mph,lr,opposite,4,1624827949.4436848,/media/batool/MULTIMODAL_DATA/Multimodal_Data/Cat1/opposite/bag_files/Cat1_15mph_lr_opposite_4/camera_images/1624827949.4436848.jpg
Cat1,15mph,lr,opposite,4,1624827949.477018,/media/batool/MULTIMODAL_DATA/Multimodal_Data/Cat1/opposite/bag_files/Cat1_15mph_lr_opposite_4/camera_images/1624827949.477018.jpg
Cat1,15mph,lr,opposite,4,1624827949.5103514,/media/batool/MULTIMODAL_DATA/Multimodal_Data/Cat1/opposite/bag_files/Cat1_15mph_lr_opposite_4/camera_images/1624827949.5103514.jpg
Cat1,15mph,lr,opposite,4,1624827949.5436847,/media/batool/MULTIMODAL_DATA/Multimodal_Data/Cat1/opposite/bag_files/Cat1_15mph_lr_opposite_4/camera_images/1624827949.5436847.jpg
Cat1,15mph,lr,opposite,4,1624827949.577018,/media/batool/MULTIMODAL_DATA/Multimodal_Data/Cat1/opposite/bag_files/Cat1_15mph_lr_opposite_4/camera_images/1624827949.577018.jpg
Cat1,15mph,lr,opposite,4,1624827949.6103513,/media/batool/MULTIMODAL_DATA/Multimodal_Data/Cat1/opposite/bag_files/Cat1_15mph_lr_opposite_4/camera_images/1624827949.6103513.jpg
Cat1,15mph,lr,opposite,4,1624827949.6436846,/media/batool/MULTIMODAL_DATA/Multimodal_Data/Cat1/opposite/bag_files/Cat1_15mph_lr_opposite_4/camera_images/1624827949.6436846.jpg
Cat1,15mph,lr,opposite,4,1624827949.677018,/media/batool/MULTIMODAL_DATA/Multimodal_Data/Cat1/opposite/bag_files/Cat1_15mph_lr_opposite_4/camera_images/1624827949.677018.jpg
Cat1,15mph,lr,opposite,4,1624827949.7103512,/media/batool/MULTIMODAL_DATA/Multimodal_Data/Cat1/opposite/bag_files/Cat1_15mph_lr_opposite_4/camera_images/1624827949.7103512.jpg
Cat1,15mph,lr,opposite,4,1624827949.7436845,/media/batool/MULTIMODAL_DATA/Multimodal_Data/Cat1/opposite/bag_files/Cat1_15mph_lr_opposite_4/camera_images/1624827949.7436845.jpg
Cat1,15mph,lr,opposite,4,1624827949.8103511,/media/batool/MULTIMODAL_DATA/Multimodal_Data/Cat1/opposite/bag_files/Cat1_15mph_lr_opposite_4/camera_images/1624827949.8103511.jpg
Cat1,15mph,lr,opposite,4,1624827949.8436844,/media/batool/MULTIMODAL_DATA/Multimodal_Data/Cat1/opposite/bag_files/Cat1_15mph_lr_opposite_4/camera_images/1624827949.8436844.jpg
Cat1,15mph,lr,opposite,4,1624827949.8770177,/media/batool/MULTIMODAL_DATA/Multimodal_Data/Cat1/opposite/bag_files/Cat1_15mph_lr_opposite_4/camera_images/1624827949.8770177.jpg
Cat1,15mph,lr,opposite,4,1624827949.910351,/media/batool/MULTIMODAL_DATA/Multimodal_Data/Cat1/opposite/bag_files/Cat1_15mph_lr_opposite_4/camera_images/1624827949.910351.jpg
Cat1,15mph,lr,opposite,4,1624827949.9436843,/media/batool/MULTIMODAL_DATA/Multimodal_Data/Cat1/opposite/bag_files/Cat1_15mph_lr_opposite_4/camera_images/1624827949.9436843.jpg
Cat1,15mph,lr,opposite,4,1624827949.9770176,/media/batool/MULTIMODAL_DATA/Multimodal_Data/Cat1/opposite/bag_files/Cat1_15mph_lr_opposite_4/camera_images/1624827949.9770176.jpg
Cat1,15mph,lr,opposite,4,1624827950.010351,/media/batool/MULTIMODAL_DATA/Multimodal_Data/Cat1/opposite/bag_files/Cat1_15mph_lr_opposite_4/camera_images/1624827950.010351.jpg
Cat1,15mph,lr,opposite,4,1624827950.0436842,/media/batool/MULTIMODAL_DATA/Multimodal_Data/Cat1/opposite/bag_files/Cat1_15mph_lr_opposite_4/camera_images/1624827950.0436842.jpg
Cat1,15mph,lr,opposite,4,1624827950.0770175,/media/batool/MULTIMODAL_DATA/Multimodal_Data/Cat1/opposite/bag_files/Cat1_15mph_lr_opposite_4/camera_images/1624827950.0770175.jpg
Cat1,15mph,lr,opposite,4,1624827950.1103508,/media/batool/MULTIMODAL_DATA/Multimodal_Data/Cat1/opposite/bag_files/Cat1_15mph_lr_opposite_4/camera_images/1624827950.1103508.jpg
Cat1,15mph,lr,opposite,4,1624827950.1436841,/media/batool/MULTIMODAL_DATA/Multimodal_Data/Cat1/opposite/bag_files/Cat1_15mph_lr_opposite_4/camera_images/1624827950.1436841.jpg
Cat1,15mph,lr,opposite,4,1624827950.1770175,/media/batool/MULTIMODAL_DATA/Multimodal_Data/Cat1/opposite/bag_files/Cat1_15mph_lr_opposite_4/camera_images/1624827950.1770175.jpg
Cat1,15mph,lr,opposite,4,1624827950.2103508,/media/batool/MULTIMODAL_DATA/Multimodal_Data/Cat1/opposite/bag_files/Cat1_15mph_lr_opposite_4/camera_images/1624827950.2103508.jpg
Cat1,15mph,lr,opposite,4,1624827950.243684,/media/batool/MULTIMODAL_DATA/Multimodal_Data/Cat1/opposite/bag_files/Cat1_15mph_lr_opposite_4/camera_images/1624827950.243684.jpg
Cat1,15mph,lr,opposite,4,1624827950.2770174,/media/batool/MULTIMODAL_DATA/Multimodal_Data/Cat1/opposite/bag_files/Cat1_15mph_lr_opposite_4/camera_images/1624827950.2770174.jpg
Cat1,15mph,lr,opposite,4,1624827950.3103507,/media/batool/MULTIMODAL_DATA/Multimodal_Data/Cat1/opposite/bag_files/Cat1_15mph_lr_opposite_4/camera_images/1624827950.3103507.jpg
Cat1,15mph,lr,opposite,4,1624827950.343684,/media/batool/MULTIMODAL_DATA/Multimodal_Data/Cat1/opposite/bag_files/Cat1_15mph_lr_opposite_4/camera_images/1624827950.343684.jpg
Cat1,15mph,lr,opposite,4,1624827950.3770173,/media/batool/MULTIMODAL_DATA/Multimodal_Data/Cat1/opposite/bag_files/Cat1_15mph_lr_opposite_4/camera_images/1624827950.3770173.jpg
Cat1,15mph,lr,opposite,4,1624827950.4103506,/media/batool/MULTIMODAL_DATA/Multimodal_Data/Cat1/opposite/bag_files/Cat1_15mph_lr_opposite_4/camera_images/1624827950.4103506.jpg
Cat1,15mph,lr,opposite,4,1624827950.4436839,/media/batool/MULTIMODAL_DATA/Multimodal_Data/Cat1/opposite/bag_files/Cat1_15mph_lr_opposite_4/camera_images/1624827950.4436839.jpg
Cat1,15mph,lr,opposite,4,1624827950.4770172,/media/batool/MULTIMODAL_DATA/Multimodal_Data/Cat1/opposite/bag_files/Cat1_15mph_lr_opposite_4/camera_images/1624827950.4770172.jpg
