Category,speed,direction,lane,episode,Time header,lidar number,path to the file
Cat1,15mph,lr,opposite,4,1624827934.335510000,ns1,/media/batool/MULTIMODAL_DATA/Multimodal_Data/Cat1/opposite/bag_files/Cat1_15mph_lr_opposite_4/lidar_pcd/ns1/velodyne_points/1624827934.335510000.pcd
Cat1,15mph,lr,opposite,4,1624827934.436377000,ns1,/media/batool/MULTIMODAL_DATA/Multimodal_Data/Cat1/opposite/bag_files/Cat1_15mph_lr_opposite_4/lidar_pcd/ns1/velodyne_points/1624827934.436377000.pcd
Cat1,15mph,lr,opposite,4,1624827934.537214000,ns1,/media/batool/MULTIMODAL_DATA/Multimodal_Data/Cat1/opposite/bag_files/Cat1_15mph_lr_opposite_4/lidar_pcd/ns1/velodyne_points/1624827934.537214000.pcd
Cat1,15mph,lr,opposite,4,1624827934.638074000,ns1,/media/batool/MULTIMODAL_DATA/Multimodal_Data/Cat1/opposite/bag_files/Cat1_15mph_lr_opposite_4/lidar_pcd/ns1/velodyne_points/1624827934.638074000.pcd
Cat1,15mph,lr,opposite,4,1624827934.738960000,ns1,/media/batool/MULTIMODAL_DATA/Multimodal_Data/Cat1/opposite/bag_files/Cat1_15mph_lr_opposite_4/lidar_pcd/ns1/velodyne_points/1624827934.738960000.pcd
Cat1,15mph,lr,opposite,4,1624827934.839837000,ns1,/media/batool/MULTIMODAL_DATA/Multimodal_Data/Cat1/opposite/bag_files/Cat1_15mph_lr_opposite_4/lidar_pcd/ns1/velodyne_points/1624827934.839837000.pcd
Cat1,15mph,lr,opposite,4,1624827934.940658000,ns1,/media/batool/MULTIMODAL_DATA/Multimodal_Data/Cat1/opposite/bag_files/Cat1_15mph_lr_opposite_4/lidar_pcd/ns1/velodyne_points/1624827934.940658000.pcd
Cat1,15mph,lr,opposite,4,1624827935.041505000,ns1,/media/batool/MULTIMODAL_DATA/Multimodal_Data/Cat1/opposite/bag_files/Cat1_15mph_lr_opposite_4/lidar_pcd/ns1/velodyne_points/1624827935.041505000.pcd
Cat1,15mph,lr,opposite,4,1624827935.142360000,ns1,/media/batool/MULTIMODAL_DATA/Multimodal_Data/Cat1/opposite/bag_files/Cat1_15mph_lr_opposite_4/lidar_pcd/ns1/velodyne_points/1624827935.142360000.pcd
Cat1,15mph,lr,opposite,4,1624827935.243210000,ns1,/media/batool/MULTIMODAL_DATA/Multimodal_Data/Cat1/opposite/bag_files/Cat1_15mph_lr_opposite_4/lidar_pcd/ns1/velodyne_points/1624827935.243210000.pcd
Cat1,15mph,lr,opposite,4,1624827935.344087000,ns1,/media/batool/MULTIMODAL_DATA/Multimodal_Data/Cat1/opposite/bag_files/Cat1_15mph_lr_opposite_4/lidar_pcd/ns1/velodyne_points/1624827935.344087000.pcd
Cat1,15mph,lr,opposite,4,1624827935.444954000,ns1,/media/batool/MULTIMODAL_DATA/Multimodal_Data/Cat1/opposite/bag_files/Cat1_15mph_lr_opposite_4/lidar_pcd/ns1/velodyne_points/1624827935.444954000.pcd
Cat1,15mph,lr,opposite,4,1624827935.545820000,ns1,/media/batool/MULTIMODAL_DATA/Multimodal_Data/Cat1/opposite/bag_files/Cat1_15mph_lr_opposite_4/lidar_pcd/ns1/velodyne_points/1624827935.545820000.pcd
Cat1,15mph,lr,opposite,4,1624827935.646650000,ns1,/media/batool/MULTIMODAL_DATA/Multimodal_Data/Cat1/opposite/bag_files/Cat1_15mph_lr_opposite_4/lidar_pcd/ns1/velodyne_points/1624827935.646650000.pcd
Cat1,15mph,lr,opposite,4,1624827935.848330000,ns1,/media/batool/MULTIMODAL_DATA/Multimodal_Data/Cat1/opposite/bag_files/Cat1_15mph_lr_opposite_4/lidar_pcd/ns1/velodyne_points/1624827935.848330000.pcd
Cat1,15mph,lr,opposite,4,1624827935.949202000,ns1,/media/batool/MULTIMODAL_DATA/Multimodal_Data/Cat1/opposite/bag_files/Cat1_15mph_lr_opposite_4/lidar_pcd/ns1/velodyne_points/1624827935.949202000.pcd
Cat1,15mph,lr,opposite,4,1624827936.050096000,ns1,/media/batool/MULTIMODAL_DATA/Multimodal_Data/Cat1/opposite/bag_files/Cat1_15mph_lr_opposite_4/lidar_pcd/ns1/velodyne_points/1624827936.050096000.pcd
Cat1,15mph,lr,opposite,4,1624827936.150927000,ns1,/media/batool/MULTIMODAL_DATA/Multimodal_Data/Cat1/opposite/bag_files/Cat1_15mph_lr_opposite_4/lidar_pcd/ns1/velodyne_points/1624827936.150927000.pcd
Cat1,15mph,lr,opposite,4,1624827936.251776000,ns1,/media/batool/MULTIMODAL_DATA/Multimodal_Data/Cat1/opposite/bag_files/Cat1_15mph_lr_opposite_4/lidar_pcd/ns1/velodyne_points/1624827936.251776000.pcd
Cat1,15mph,lr,opposite,4,1624827936.352656000,ns1,/media/batool/MULTIMODAL_DATA/Multimodal_Data/Cat1/opposite/bag_files/Cat1_15mph_lr_opposite_4/lidar_pcd/ns1/velodyne_points/1624827936.352656000.pcd
Cat1,15mph,lr,opposite,4,1624827936.453501000,ns1,/media/batool/MULTIMODAL_DATA/Multimodal_Data/Cat1/opposite/bag_files/Cat1_15mph_lr_opposite_4/lidar_pcd/ns1/velodyne_points/1624827936.453501000.pcd
Cat1,15mph,lr,opposite,4,1624827936.554389000,ns1,/media/batool/MULTIMODAL_DATA/Multimodal_Data/Cat1/opposite/bag_files/Cat1_15mph_lr_opposite_4/lidar_pcd/ns1/velodyne_points/1624827936.554389000.pcd
Cat1,15mph,lr,opposite,4,1624827936.655202000,ns1,/media/batool/MULTIMODAL_DATA/Multimodal_Data/Cat1/opposite/bag_files/Cat1_15mph_lr_opposite_4/lidar_pcd/ns1/velodyne_points/1624827936.655202000.pcd
Cat1,15mph,lr,opposite,4,1624827936.756095000,ns1,/media/batool/MULTIMODAL_DATA/Multimodal_Data/Cat1/opposite/bag_files/Cat1_15mph_lr_opposite_4/lidar_pcd/ns1/velodyne_points/1624827936.756095000.pcd
Cat1,15mph,lr,opposite,4,1624827936.856923000,ns1,/media/batool/MULTIMODAL_DATA/Multimodal_Data/Cat1/opposite/bag_files/Cat1_15mph_lr_opposite_4/lidar_pcd/ns1/velodyne_points/1624827936.856923000.pcd
Cat1,15mph,lr,opposite,4,1624827936.957788000,ns1,/media/batool/MULTIMODAL_DATA/Multimodal_Data/Cat1/opposite/bag_files/Cat1_15mph_lr_opposite_4/lidar_pcd/ns1/velodyne_points/1624827936.957788000.pcd
Cat1,15mph,lr,opposite,4,1624827937.058629000,ns1,/media/batool/MULTIMODAL_DATA/Multimodal_Data/Cat1/opposite/bag_files/Cat1_15mph_lr_opposite_4/lidar_pcd/ns1/velodyne_points/1624827937.058629000.pcd
Cat1,15mph,lr,opposite,4,1624827937.159494000,ns1,/media/batool/MULTIMODAL_DATA/Multimodal_Data/Cat1/opposite/bag_files/Cat1_15mph_lr_opposite_4/lidar_pcd/ns1/velodyne_points/1624827937.159494000.pcd
Cat1,15mph,lr,opposite,4,1624827937.361204000,ns1,/media/batool/MULTIMODAL_DATA/Multimodal_Data/Cat1/opposite/bag_files/Cat1_15mph_lr_opposite_4/lidar_pcd/ns1/velodyne_points/1624827937.361204000.pcd
Cat1,15mph,lr,opposite,4,1624827937.462026000,ns1,/media/batool/MULTIMODAL_DATA/Multimodal_Data/Cat1/opposite/bag_files/Cat1_15mph_lr_opposite_4/lidar_pcd/ns1/velodyne_points/1624827937.462026000.pcd
Cat1,15mph,lr,opposite,4,1624827937.562915000,ns1,/media/batool/MULTIMODAL_DATA/Multimodal_Data/Cat1/opposite/bag_files/Cat1_15mph_lr_opposite_4/lidar_pcd/ns1/velodyne_points/1624827937.562915000.pcd
Cat1,15mph,lr,opposite,4,1624827937.663786000,ns1,/media/batool/MULTIMODAL_DATA/Multimodal_Data/Cat1/opposite/bag_files/Cat1_15mph_lr_opposite_4/lidar_pcd/ns1/velodyne_points/1624827937.663786000.pcd
Cat1,15mph,lr,opposite,4,1624827937.764624000,ns1,/media/batool/MULTIMODAL_DATA/Multimodal_Data/Cat1/opposite/bag_files/Cat1_15mph_lr_opposite_4/lidar_pcd/ns1/velodyne_points/1624827937.764624000.pcd
Cat1,15mph,lr,opposite,4,1624827937.865500000,ns1,/media/batool/MULTIMODAL_DATA/Multimodal_Data/Cat1/opposite/bag_files/Cat1_15mph_lr_opposite_4/lidar_pcd/ns1/velodyne_points/1624827937.865500000.pcd
Cat1,15mph,lr,opposite,4,1624827937.966364000,ns1,/media/batool/MULTIMODAL_DATA/Multimodal_Data/Cat1/opposite/bag_files/Cat1_15mph_lr_opposite_4/lidar_pcd/ns1/velodyne_points/1624827937.966364000.pcd
Cat1,15mph,lr,opposite,4,1624827938.067229000,ns1,/media/batool/MULTIMODAL_DATA/Multimodal_Data/Cat1/opposite/bag_files/Cat1_15mph_lr_opposite_4/lidar_pcd/ns1/velodyne_points/1624827938.067229000.pcd
Cat1,15mph,lr,opposite,4,1624827938.168046000,ns1,/media/batool/MULTIMODAL_DATA/Multimodal_Data/Cat1/opposite/bag_files/Cat1_15mph_lr_opposite_4/lidar_pcd/ns1/velodyne_points/1624827938.168046000.pcd
Cat1,15mph,lr,opposite,4,1624827938.268943000,ns1,/media/batool/MULTIMODAL_DATA/Multimodal_Data/Cat1/opposite/bag_files/Cat1_15mph_lr_opposite_4/lidar_pcd/ns1/velodyne_points/1624827938.268943000.pcd
Cat1,15mph,lr,opposite,4,1624827938.369799000,ns1,/media/batool/MULTIMODAL_DATA/Multimodal_Data/Cat1/opposite/bag_files/Cat1_15mph_lr_opposite_4/lidar_pcd/ns1/velodyne_points/1624827938.369799000.pcd
Cat1,15mph,lr,opposite,4,1624827938.470617000,ns1,/media/batool/MULTIMODAL_DATA/Multimodal_Data/Cat1/opposite/bag_files/Cat1_15mph_lr_opposite_4/lidar_pcd/ns1/velodyne_points/1624827938.470617000.pcd
Cat1,15mph,lr,opposite,4,1624827938.571489000,ns1,/media/batool/MULTIMODAL_DATA/Multimodal_Data/Cat1/opposite/bag_files/Cat1_15mph_lr_opposite_4/lidar_pcd/ns1/velodyne_points/1624827938.571489000.pcd
Cat1,15mph,lr,opposite,4,1624827938.672348000,ns1,/media/batool/MULTIMODAL_DATA/Multimodal_Data/Cat1/opposite/bag_files/Cat1_15mph_lr_opposite_4/lidar_pcd/ns1/velodyne_points/1624827938.672348000.pcd
Cat1,15mph,lr,opposite,4,1624827938.874036000,ns1,/media/batool/MULTIMODAL_DATA/Multimodal_Data/Cat1/opposite/bag_files/Cat1_15mph_lr_opposite_4/lidar_pcd/ns1/velodyne_points/1624827938.874036000.pcd
Cat1,15mph,lr,opposite,4,1624827938.974894000,ns1,/media/batool/MULTIMODAL_DATA/Multimodal_Data/Cat1/opposite/bag_files/Cat1_15mph_lr_opposite_4/lidar_pcd/ns1/velodyne_points/1624827938.974894000.pcd
Cat1,15mph,lr,opposite,4,1624827939.075805000,ns1,/media/batool/MULTIMODAL_DATA/Multimodal_Data/Cat1/opposite/bag_files/Cat1_15mph_lr_opposite_4/lidar_pcd/ns1/velodyne_points/1624827939.075805000.pcd
Cat1,15mph,lr,opposite,4,1624827939.176601000,ns1,/media/batool/MULTIMODAL_DATA/Multimodal_Data/Cat1/opposite/bag_files/Cat1_15mph_lr_opposite_4/lidar_pcd/ns1/velodyne_points/1624827939.176601000.pcd
Cat1,15mph,lr,opposite,4,1624827939.277509000,ns1,/media/batool/MULTIMODAL_DATA/Multimodal_Data/Cat1/opposite/bag_files/Cat1_15mph_lr_opposite_4/lidar_pcd/ns1/velodyne_points/1624827939.277509000.pcd
Cat1,15mph,lr,opposite,4,1624827939.378317000,ns1,/media/batool/MULTIMODAL_DATA/Multimodal_Data/Cat1/opposite/bag_files/Cat1_15mph_lr_opposite_4/lidar_pcd/ns1/velodyne_points/1624827939.378317000.pcd
Cat1,15mph,lr,opposite,4,1624827939.479184000,ns1,/media/batool/MULTIMODAL_DATA/Multimodal_Data/Cat1/opposite/bag_files/Cat1_15mph_lr_opposite_4/lidar_pcd/ns1/velodyne_points/1624827939.479184000.pcd
Cat1,15mph,lr,opposite,4,1624827939.580043000,ns1,/media/batool/MULTIMODAL_DATA/Multimodal_Data/Cat1/opposite/bag_files/Cat1_15mph_lr_opposite_4/lidar_pcd/ns1/velodyne_points/1624827939.580043000.pcd
Cat1,15mph,lr,opposite,4,1624827939.680904000,ns1,/media/batool/MULTIMODAL_DATA/Multimodal_Data/Cat1/opposite/bag_files/Cat1_15mph_lr_opposite_4/lidar_pcd/ns1/velodyne_points/1624827939.680904000.pcd
Cat1,15mph,lr,opposite,4,1624827939.781790000,ns1,/media/batool/MULTIMODAL_DATA/Multimodal_Data/Cat1/opposite/bag_files/Cat1_15mph_lr_opposite_4/lidar_pcd/ns1/velodyne_points/1624827939.781790000.pcd
Cat1,15mph,lr,opposite,4,1624827939.882605000,ns1,/media/batool/MULTIMODAL_DATA/Multimodal_Data/Cat1/opposite/bag_files/Cat1_15mph_lr_opposite_4/lidar_pcd/ns1/velodyne_points/1624827939.882605000.pcd
Cat1,15mph,lr,opposite,4,1624827939.983447000,ns1,/media/batool/MULTIMODAL_DATA/Multimodal_Data/Cat1/opposite/bag_files/Cat1_15mph_lr_opposite_4/lidar_pcd/ns1/velodyne_points/1624827939.983447000.pcd
Cat1,15mph,lr,opposite,4,1624827940.084363000,ns1,/media/batool/MULTIMODAL_DATA/Multimodal_Data/Cat1/opposite/bag_files/Cat1_15mph_lr_opposite_4/lidar_pcd/ns1/velodyne_points/1624827940.084363000.pcd
Cat1,15mph,lr,opposite,4,1624827940.185209000,ns1,/media/batool/MULTIMODAL_DATA/Multimodal_Data/Cat1/opposite/bag_files/Cat1_15mph_lr_opposite_4/lidar_pcd/ns1/velodyne_points/1624827940.185209000.pcd
Cat1,15mph,lr,opposite,4,1624827935.747504000,ns1,/media/batool/MULTIMODAL_DATA/Multimodal_Data/Cat1/opposite/bag_files/Cat1_15mph_lr_opposite_4/lidar_pcd/ns1/velodyne_points/1624827935.747504000.pcd
Cat1,15mph,lr,opposite,4,1624827937.260359000,ns1,/media/batool/MULTIMODAL_DATA/Multimodal_Data/Cat1/opposite/bag_files/Cat1_15mph_lr_opposite_4/lidar_pcd/ns1/velodyne_points/1624827937.260359000.pcd
Cat1,15mph,lr,opposite,4,1624827938.773218000,ns1,/media/batool/MULTIMODAL_DATA/Multimodal_Data/Cat1/opposite/bag_files/Cat1_15mph_lr_opposite_4/lidar_pcd/ns1/velodyne_points/1624827938.773218000.pcd
Cat1,15mph,lr,opposite,4,1624827940.286058000,ns1,/media/batool/MULTIMODAL_DATA/Multimodal_Data/Cat1/opposite/bag_files/Cat1_15mph_lr_opposite_4/lidar_pcd/ns1/velodyne_points/1624827940.286058000.pcd
Cat1,15mph,lr,opposite,4,1624827941.798893000,ns1,/media/batool/MULTIMODAL_DATA/Multimodal_Data/Cat1/opposite/bag_files/Cat1_15mph_lr_opposite_4/lidar_pcd/ns1/velodyne_points/1624827941.798893000.pcd
Cat1,15mph,lr,opposite,4,1624827943.311736000,ns1,/media/batool/MULTIMODAL_DATA/Multimodal_Data/Cat1/opposite/bag_files/Cat1_15mph_lr_opposite_4/lidar_pcd/ns1/velodyne_points/1624827943.311736000.pcd
Cat1,15mph,lr,opposite,4,1624827944.824589000,ns1,/media/batool/MULTIMODAL_DATA/Multimodal_Data/Cat1/opposite/bag_files/Cat1_15mph_lr_opposite_4/lidar_pcd/ns1/velodyne_points/1624827944.824589000.pcd
Cat1,15mph,lr,opposite,4,1624827946.337544000,ns1,/media/batool/MULTIMODAL_DATA/Multimodal_Data/Cat1/opposite/bag_files/Cat1_15mph_lr_opposite_4/lidar_pcd/ns1/velodyne_points/1624827946.337544000.pcd
Cat1,15mph,lr,opposite,4,1624827947.850403000,ns1,/media/batool/MULTIMODAL_DATA/Multimodal_Data/Cat1/opposite/bag_files/Cat1_15mph_lr_opposite_4/lidar_pcd/ns1/velodyne_points/1624827947.850403000.pcd
Cat1,15mph,lr,opposite,4,1624827949.363242000,ns1,/media/batool/MULTIMODAL_DATA/Multimodal_Data/Cat1/opposite/bag_files/Cat1_15mph_lr_opposite_4/lidar_pcd/ns1/velodyne_points/1624827949.363242000.pcd
Cat1,15mph,lr,opposite,4,1624827950.876099000,ns1,/media/batool/MULTIMODAL_DATA/Multimodal_Data/Cat1/opposite/bag_files/Cat1_15mph_lr_opposite_4/lidar_pcd/ns1/velodyne_points/1624827950.876099000.pcd
Cat1,15mph,lr,opposite,4,1624827952.388919000,ns1,/media/batool/MULTIMODAL_DATA/Multimodal_Data/Cat1/opposite/bag_files/Cat1_15mph_lr_opposite_4/lidar_pcd/ns1/velodyne_points/1624827952.388919000.pcd
Cat1,15mph,lr,opposite,4,1624827953.901797000,ns1,/media/batool/MULTIMODAL_DATA/Multimodal_Data/Cat1/opposite/bag_files/Cat1_15mph_lr_opposite_4/lidar_pcd/ns1/velodyne_points/1624827953.901797000.pcd
Cat1,15mph,lr,opposite,4,1624827955.414620000,ns1,/media/batool/MULTIMODAL_DATA/Multimodal_Data/Cat1/opposite/bag_files/Cat1_15mph_lr_opposite_4/lidar_pcd/ns1/velodyne_points/1624827955.414620000.pcd
Cat1,15mph,lr,opposite,4,1624827940.386901000,ns1,/media/batool/MULTIMODAL_DATA/Multimodal_Data/Cat1/opposite/bag_files/Cat1_15mph_lr_opposite_4/lidar_pcd/ns1/velodyne_points/1624827940.386901000.pcd
Cat1,15mph,lr,opposite,4,1624827940.487769000,ns1,/media/batool/MULTIMODAL_DATA/Multimodal_Data/Cat1/opposite/bag_files/Cat1_15mph_lr_opposite_4/lidar_pcd/ns1/velodyne_points/1624827940.487769000.pcd
Cat1,15mph,lr,opposite,4,1624827940.588613000,ns1,/media/batool/MULTIMODAL_DATA/Multimodal_Data/Cat1/opposite/bag_files/Cat1_15mph_lr_opposite_4/lidar_pcd/ns1/velodyne_points/1624827940.588613000.pcd
Cat1,15mph,lr,opposite,4,1624827940.689479000,ns1,/media/batool/MULTIMODAL_DATA/Multimodal_Data/Cat1/opposite/bag_files/Cat1_15mph_lr_opposite_4/lidar_pcd/ns1/velodyne_points/1624827940.689479000.pcd
Cat1,15mph,lr,opposite,4,1624827940.790369000,ns1,/media/batool/MULTIMODAL_DATA/Multimodal_Data/Cat1/opposite/bag_files/Cat1_15mph_lr_opposite_4/lidar_pcd/ns1/velodyne_points/1624827940.790369000.pcd
Cat1,15mph,lr,opposite,4,1624827940.891182000,ns1,/media/batool/MULTIMODAL_DATA/Multimodal_Data/Cat1/opposite/bag_files/Cat1_15mph_lr_opposite_4/lidar_pcd/ns1/velodyne_points/1624827940.891182000.pcd
Cat1,15mph,lr,opposite,4,1624827940.992049000,ns1,/media/batool/MULTIMODAL_DATA/Multimodal_Data/Cat1/opposite/bag_files/Cat1_15mph_lr_opposite_4/lidar_pcd/ns1/velodyne_points/1624827940.992049000.pcd
Cat1,15mph,lr,opposite,4,1624827941.092903000,ns1,/media/batool/MULTIMODAL_DATA/Multimodal_Data/Cat1/opposite/bag_files/Cat1_15mph_lr_opposite_4/lidar_pcd/ns1/velodyne_points/1624827941.092903000.pcd
Cat1,15mph,lr,opposite,4,1624827941.193761000,ns1,/media/batool/MULTIMODAL_DATA/Multimodal_Data/Cat1/opposite/bag_files/Cat1_15mph_lr_opposite_4/lidar_pcd/ns1/velodyne_points/1624827941.193761000.pcd
Cat1,15mph,lr,opposite,4,1624827941.294642000,ns1,/media/batool/MULTIMODAL_DATA/Multimodal_Data/Cat1/opposite/bag_files/Cat1_15mph_lr_opposite_4/lidar_pcd/ns1/velodyne_points/1624827941.294642000.pcd
Cat1,15mph,lr,opposite,4,1624827941.395500000,ns1,/media/batool/MULTIMODAL_DATA/Multimodal_Data/Cat1/opposite/bag_files/Cat1_15mph_lr_opposite_4/lidar_pcd/ns1/velodyne_points/1624827941.395500000.pcd
Cat1,15mph,lr,opposite,4,1624827941.496330000,ns1,/media/batool/MULTIMODAL_DATA/Multimodal_Data/Cat1/opposite/bag_files/Cat1_15mph_lr_opposite_4/lidar_pcd/ns1/velodyne_points/1624827941.496330000.pcd
Cat1,15mph,lr,opposite,4,1624827941.597172000,ns1,/media/batool/MULTIMODAL_DATA/Multimodal_Data/Cat1/opposite/bag_files/Cat1_15mph_lr_opposite_4/lidar_pcd/ns1/velodyne_points/1624827941.597172000.pcd
Cat1,15mph,lr,opposite,4,1624827941.698065000,ns1,/media/batool/MULTIMODAL_DATA/Multimodal_Data/Cat1/opposite/bag_files/Cat1_15mph_lr_opposite_4/lidar_pcd/ns1/velodyne_points/1624827941.698065000.pcd
Cat1,15mph,lr,opposite,4,1624827941.899748000,ns1,/media/batool/MULTIMODAL_DATA/Multimodal_Data/Cat1/opposite/bag_files/Cat1_15mph_lr_opposite_4/lidar_pcd/ns1/velodyne_points/1624827941.899748000.pcd
Cat1,15mph,lr,opposite,4,1624827942.000576000,ns1,/media/batool/MULTIMODAL_DATA/Multimodal_Data/Cat1/opposite/bag_files/Cat1_15mph_lr_opposite_4/lidar_pcd/ns1/velodyne_points/1624827942.000576000.pcd
Cat1,15mph,lr,opposite,4,1624827942.101481000,ns1,/media/batool/MULTIMODAL_DATA/Multimodal_Data/Cat1/opposite/bag_files/Cat1_15mph_lr_opposite_4/lidar_pcd/ns1/velodyne_points/1624827942.101481000.pcd
Cat1,15mph,lr,opposite,4,1624827942.202303000,ns1,/media/batool/MULTIMODAL_DATA/Multimodal_Data/Cat1/opposite/bag_files/Cat1_15mph_lr_opposite_4/lidar_pcd/ns1/velodyne_points/1624827942.202303000.pcd
Cat1,15mph,lr,opposite,4,1624827942.303199000,ns1,/media/batool/MULTIMODAL_DATA/Multimodal_Data/Cat1/opposite/bag_files/Cat1_15mph_lr_opposite_4/lidar_pcd/ns1/velodyne_points/1624827942.303199000.pcd
Cat1,15mph,lr,opposite,4,1624827942.404018000,ns1,/media/batool/MULTIMODAL_DATA/Multimodal_Data/Cat1/opposite/bag_files/Cat1_15mph_lr_opposite_4/lidar_pcd/ns1/velodyne_points/1624827942.404018000.pcd
Cat1,15mph,lr,opposite,4,1624827942.504903000,ns1,/media/batool/MULTIMODAL_DATA/Multimodal_Data/Cat1/opposite/bag_files/Cat1_15mph_lr_opposite_4/lidar_pcd/ns1/velodyne_points/1624827942.504903000.pcd
Cat1,15mph,lr,opposite,4,1624827942.605786000,ns1,/media/batool/MULTIMODAL_DATA/Multimodal_Data/Cat1/opposite/bag_files/Cat1_15mph_lr_opposite_4/lidar_pcd/ns1/velodyne_points/1624827942.605786000.pcd
Cat1,15mph,lr,opposite,4,1624827942.706587000,ns1,/media/batool/MULTIMODAL_DATA/Multimodal_Data/Cat1/opposite/bag_files/Cat1_15mph_lr_opposite_4/lidar_pcd/ns1/velodyne_points/1624827942.706587000.pcd
Cat1,15mph,lr,opposite,4,1624827942.807497000,ns1,/media/batool/MULTIMODAL_DATA/Multimodal_Data/Cat1/opposite/bag_files/Cat1_15mph_lr_opposite_4/lidar_pcd/ns1/velodyne_points/1624827942.807497000.pcd
Cat1,15mph,lr,opposite,4,1624827942.908337000,ns1,/media/batool/MULTIMODAL_DATA/Multimodal_Data/Cat1/opposite/bag_files/Cat1_15mph_lr_opposite_4/lidar_pcd/ns1/velodyne_points/1624827942.908337000.pcd
Cat1,15mph,lr,opposite,4,1624827943.009176000,ns1,/media/batool/MULTIMODAL_DATA/Multimodal_Data/Cat1/opposite/bag_files/Cat1_15mph_lr_opposite_4/lidar_pcd/ns1/velodyne_points/1624827943.009176000.pcd
Cat1,15mph,lr,opposite,4,1624827943.110058000,ns1,/media/batool/MULTIMODAL_DATA/Multimodal_Data/Cat1/opposite/bag_files/Cat1_15mph_lr_opposite_4/lidar_pcd/ns1/velodyne_points/1624827943.110058000.pcd
Cat1,15mph,lr,opposite,4,1624827943.210906000,ns1,/media/batool/MULTIMODAL_DATA/Multimodal_Data/Cat1/opposite/bag_files/Cat1_15mph_lr_opposite_4/lidar_pcd/ns1/velodyne_points/1624827943.210906000.pcd
Cat1,15mph,lr,opposite,4,1624827943.412628000,ns1,/media/batool/MULTIMODAL_DATA/Multimodal_Data/Cat1/opposite/bag_files/Cat1_15mph_lr_opposite_4/lidar_pcd/ns1/velodyne_points/1624827943.412628000.pcd
Cat1,15mph,lr,opposite,4,1624827943.513473000,ns1,/media/batool/MULTIMODAL_DATA/Multimodal_Data/Cat1/opposite/bag_files/Cat1_15mph_lr_opposite_4/lidar_pcd/ns1/velodyne_points/1624827943.513473000.pcd
Cat1,15mph,lr,opposite,4,1624827943.614340000,ns1,/media/batool/MULTIMODAL_DATA/Multimodal_Data/Cat1/opposite/bag_files/Cat1_15mph_lr_opposite_4/lidar_pcd/ns1/velodyne_points/1624827943.614340000.pcd
Cat1,15mph,lr,opposite,4,1624827943.715216000,ns1,/media/batool/MULTIMODAL_DATA/Multimodal_Data/Cat1/opposite/bag_files/Cat1_15mph_lr_opposite_4/lidar_pcd/ns1/velodyne_points/1624827943.715216000.pcd
Cat1,15mph,lr,opposite,4,1624827943.816032000,ns1,/media/batool/MULTIMODAL_DATA/Multimodal_Data/Cat1/opposite/bag_files/Cat1_15mph_lr_opposite_4/lidar_pcd/ns1/velodyne_points/1624827943.816032000.pcd
Cat1,15mph,lr,opposite,4,1624827943.916924000,ns1,/media/batool/MULTIMODAL_DATA/Multimodal_Data/Cat1/opposite/bag_files/Cat1_15mph_lr_opposite_4/lidar_pcd/ns1/velodyne_points/1624827943.916924000.pcd
Cat1,15mph,lr,opposite,4,1624827944.017780000,ns1,/media/batool/MULTIMODAL_DATA/Multimodal_Data/Cat1/opposite/bag_files/Cat1_15mph_lr_opposite_4/lidar_pcd/ns1/velodyne_points/1624827944.017780000.pcd
Cat1,15mph,lr,opposite,4,1624827944.118628000,ns1,/media/batool/MULTIMODAL_DATA/Multimodal_Data/Cat1/opposite/bag_files/Cat1_15mph_lr_opposite_4/lidar_pcd/ns1/velodyne_points/1624827944.118628000.pcd
Cat1,15mph,lr,opposite,4,1624827944.219467000,ns1,/media/batool/MULTIMODAL_DATA/Multimodal_Data/Cat1/opposite/bag_files/Cat1_15mph_lr_opposite_4/lidar_pcd/ns1/velodyne_points/1624827944.219467000.pcd
Cat1,15mph,lr,opposite,4,1624827944.320341000,ns1,/media/batool/MULTIMODAL_DATA/Multimodal_Data/Cat1/opposite/bag_files/Cat1_15mph_lr_opposite_4/lidar_pcd/ns1/velodyne_points/1624827944.320341000.pcd
Cat1,15mph,lr,opposite,4,1624827944.421181000,ns1,/media/batool/MULTIMODAL_DATA/Multimodal_Data/Cat1/opposite/bag_files/Cat1_15mph_lr_opposite_4/lidar_pcd/ns1/velodyne_points/1624827944.421181000.pcd
Cat1,15mph,lr,opposite,4,1624827944.522058000,ns1,/media/batool/MULTIMODAL_DATA/Multimodal_Data/Cat1/opposite/bag_files/Cat1_15mph_lr_opposite_4/lidar_pcd/ns1/velodyne_points/1624827944.522058000.pcd
Cat1,15mph,lr,opposite,4,1624827944.622896000,ns1,/media/batool/MULTIMODAL_DATA/Multimodal_Data/Cat1/opposite/bag_files/Cat1_15mph_lr_opposite_4/lidar_pcd/ns1/velodyne_points/1624827944.622896000.pcd
Cat1,15mph,lr,opposite,4,1624827944.723758000,ns1,/media/batool/MULTIMODAL_DATA/Multimodal_Data/Cat1/opposite/bag_files/Cat1_15mph_lr_opposite_4/lidar_pcd/ns1/velodyne_points/1624827944.723758000.pcd
Cat1,15mph,lr,opposite,4,1624827944.925487000,ns1,/media/batool/MULTIMODAL_DATA/Multimodal_Data/Cat1/opposite/bag_files/Cat1_15mph_lr_opposite_4/lidar_pcd/ns1/velodyne_points/1624827944.925487000.pcd
Cat1,15mph,lr,opposite,4,1624827945.026309000,ns1,/media/batool/MULTIMODAL_DATA/Multimodal_Data/Cat1/opposite/bag_files/Cat1_15mph_lr_opposite_4/lidar_pcd/ns1/velodyne_points/1624827945.026309000.pcd
Cat1,15mph,lr,opposite,4,1624827945.127201000,ns1,/media/batool/MULTIMODAL_DATA/Multimodal_Data/Cat1/opposite/bag_files/Cat1_15mph_lr_opposite_4/lidar_pcd/ns1/velodyne_points/1624827945.127201000.pcd
Cat1,15mph,lr,opposite,4,1624827945.228026000,ns1,/media/batool/MULTIMODAL_DATA/Multimodal_Data/Cat1/opposite/bag_files/Cat1_15mph_lr_opposite_4/lidar_pcd/ns1/velodyne_points/1624827945.228026000.pcd
Cat1,15mph,lr,opposite,4,1624827945.328891000,ns1,/media/batool/MULTIMODAL_DATA/Multimodal_Data/Cat1/opposite/bag_files/Cat1_15mph_lr_opposite_4/lidar_pcd/ns1/velodyne_points/1624827945.328891000.pcd
Cat1,15mph,lr,opposite,4,1624827945.429770000,ns1,/media/batool/MULTIMODAL_DATA/Multimodal_Data/Cat1/opposite/bag_files/Cat1_15mph_lr_opposite_4/lidar_pcd/ns1/velodyne_points/1624827945.429770000.pcd
Cat1,15mph,lr,opposite,4,1624827945.530623000,ns1,/media/batool/MULTIMODAL_DATA/Multimodal_Data/Cat1/opposite/bag_files/Cat1_15mph_lr_opposite_4/lidar_pcd/ns1/velodyne_points/1624827945.530623000.pcd
Cat1,15mph,lr,opposite,4,1624827945.631476000,ns1,/media/batool/MULTIMODAL_DATA/Multimodal_Data/Cat1/opposite/bag_files/Cat1_15mph_lr_opposite_4/lidar_pcd/ns1/velodyne_points/1624827945.631476000.pcd
Cat1,15mph,lr,opposite,4,1624827945.732375000,ns1,/media/batool/MULTIMODAL_DATA/Multimodal_Data/Cat1/opposite/bag_files/Cat1_15mph_lr_opposite_4/lidar_pcd/ns1/velodyne_points/1624827945.732375000.pcd
Cat1,15mph,lr,opposite,4,1624827945.833207000,ns1,/media/batool/MULTIMODAL_DATA/Multimodal_Data/Cat1/opposite/bag_files/Cat1_15mph_lr_opposite_4/lidar_pcd/ns1/velodyne_points/1624827945.833207000.pcd
Cat1,15mph,lr,opposite,4,1624827945.934084000,ns1,/media/batool/MULTIMODAL_DATA/Multimodal_Data/Cat1/opposite/bag_files/Cat1_15mph_lr_opposite_4/lidar_pcd/ns1/velodyne_points/1624827945.934084000.pcd
Cat1,15mph,lr,opposite,4,1624827946.034887000,ns1,/media/batool/MULTIMODAL_DATA/Multimodal_Data/Cat1/opposite/bag_files/Cat1_15mph_lr_opposite_4/lidar_pcd/ns1/velodyne_points/1624827946.034887000.pcd
Cat1,15mph,lr,opposite,4,1624827946.135724000,ns1,/media/batool/MULTIMODAL_DATA/Multimodal_Data/Cat1/opposite/bag_files/Cat1_15mph_lr_opposite_4/lidar_pcd/ns1/velodyne_points/1624827946.135724000.pcd
Cat1,15mph,lr,opposite,4,1624827946.236605000,ns1,/media/batool/MULTIMODAL_DATA/Multimodal_Data/Cat1/opposite/bag_files/Cat1_15mph_lr_opposite_4/lidar_pcd/ns1/velodyne_points/1624827946.236605000.pcd
Cat1,15mph,lr,opposite,4,1624827946.438323000,ns1,/media/batool/MULTIMODAL_DATA/Multimodal_Data/Cat1/opposite/bag_files/Cat1_15mph_lr_opposite_4/lidar_pcd/ns1/velodyne_points/1624827946.438323000.pcd
Cat1,15mph,lr,opposite,4,1624827946.539193000,ns1,/media/batool/MULTIMODAL_DATA/Multimodal_Data/Cat1/opposite/bag_files/Cat1_15mph_lr_opposite_4/lidar_pcd/ns1/velodyne_points/1624827946.539193000.pcd
Cat1,15mph,lr,opposite,4,1624827946.640042000,ns1,/media/batool/MULTIMODAL_DATA/Multimodal_Data/Cat1/opposite/bag_files/Cat1_15mph_lr_opposite_4/lidar_pcd/ns1/velodyne_points/1624827946.640042000.pcd
Cat1,15mph,lr,opposite,4,1624827946.740993000,ns1,/media/batool/MULTIMODAL_DATA/Multimodal_Data/Cat1/opposite/bag_files/Cat1_15mph_lr_opposite_4/lidar_pcd/ns1/velodyne_points/1624827946.740993000.pcd
Cat1,15mph,lr,opposite,4,1624827946.841756000,ns1,/media/batool/MULTIMODAL_DATA/Multimodal_Data/Cat1/opposite/bag_files/Cat1_15mph_lr_opposite_4/lidar_pcd/ns1/velodyne_points/1624827946.841756000.pcd
Cat1,15mph,lr,opposite,4,1624827946.942603000,ns1,/media/batool/MULTIMODAL_DATA/Multimodal_Data/Cat1/opposite/bag_files/Cat1_15mph_lr_opposite_4/lidar_pcd/ns1/velodyne_points/1624827946.942603000.pcd
Cat1,15mph,lr,opposite,4,1624827947.043531000,ns1,/media/batool/MULTIMODAL_DATA/Multimodal_Data/Cat1/opposite/bag_files/Cat1_15mph_lr_opposite_4/lidar_pcd/ns1/velodyne_points/1624827947.043531000.pcd
Cat1,15mph,lr,opposite,4,1624827947.144403000,ns1,/media/batool/MULTIMODAL_DATA/Multimodal_Data/Cat1/opposite/bag_files/Cat1_15mph_lr_opposite_4/lidar_pcd/ns1/velodyne_points/1624827947.144403000.pcd
Cat1,15mph,lr,opposite,4,1624827947.245179000,ns1,/media/batool/MULTIMODAL_DATA/Multimodal_Data/Cat1/opposite/bag_files/Cat1_15mph_lr_opposite_4/lidar_pcd/ns1/velodyne_points/1624827947.245179000.pcd
Cat1,15mph,lr,opposite,4,1624827947.346015000,ns1,/media/batool/MULTIMODAL_DATA/Multimodal_Data/Cat1/opposite/bag_files/Cat1_15mph_lr_opposite_4/lidar_pcd/ns1/velodyne_points/1624827947.346015000.pcd
Cat1,15mph,lr,opposite,4,1624827947.446944000,ns1,/media/batool/MULTIMODAL_DATA/Multimodal_Data/Cat1/opposite/bag_files/Cat1_15mph_lr_opposite_4/lidar_pcd/ns1/velodyne_points/1624827947.446944000.pcd
Cat1,15mph,lr,opposite,4,1624827947.547844000,ns1,/media/batool/MULTIMODAL_DATA/Multimodal_Data/Cat1/opposite/bag_files/Cat1_15mph_lr_opposite_4/lidar_pcd/ns1/velodyne_points/1624827947.547844000.pcd
Cat1,15mph,lr,opposite,4,1624827947.648652000,ns1,/media/batool/MULTIMODAL_DATA/Multimodal_Data/Cat1/opposite/bag_files/Cat1_15mph_lr_opposite_4/lidar_pcd/ns1/velodyne_points/1624827947.648652000.pcd
Cat1,15mph,lr,opposite,4,1624827947.749476000,ns1,/media/batool/MULTIMODAL_DATA/Multimodal_Data/Cat1/opposite/bag_files/Cat1_15mph_lr_opposite_4/lidar_pcd/ns1/velodyne_points/1624827947.749476000.pcd
Cat1,15mph,lr,opposite,4,1624827947.951244000,ns1,/media/batool/MULTIMODAL_DATA/Multimodal_Data/Cat1/opposite/bag_files/Cat1_15mph_lr_opposite_4/lidar_pcd/ns1/velodyne_points/1624827947.951244000.pcd
Cat1,15mph,lr,opposite,4,1624827948.052056000,ns1,/media/batool/MULTIMODAL_DATA/Multimodal_Data/Cat1/opposite/bag_files/Cat1_15mph_lr_opposite_4/lidar_pcd/ns1/velodyne_points/1624827948.052056000.pcd
Cat1,15mph,lr,opposite,4,1624827948.152969000,ns1,/media/batool/MULTIMODAL_DATA/Multimodal_Data/Cat1/opposite/bag_files/Cat1_15mph_lr_opposite_4/lidar_pcd/ns1/velodyne_points/1624827948.152969000.pcd
Cat1,15mph,lr,opposite,4,1624827948.253829000,ns1,/media/batool/MULTIMODAL_DATA/Multimodal_Data/Cat1/opposite/bag_files/Cat1_15mph_lr_opposite_4/lidar_pcd/ns1/velodyne_points/1624827948.253829000.pcd
Cat1,15mph,lr,opposite,4,1624827948.354641000,ns1,/media/batool/MULTIMODAL_DATA/Multimodal_Data/Cat1/opposite/bag_files/Cat1_15mph_lr_opposite_4/lidar_pcd/ns1/velodyne_points/1624827948.354641000.pcd
Cat1,15mph,lr,opposite,4,1624827948.455540000,ns1,/media/batool/MULTIMODAL_DATA/Multimodal_Data/Cat1/opposite/bag_files/Cat1_15mph_lr_opposite_4/lidar_pcd/ns1/velodyne_points/1624827948.455540000.pcd
Cat1,15mph,lr,opposite,4,1624827948.556377000,ns1,/media/batool/MULTIMODAL_DATA/Multimodal_Data/Cat1/opposite/bag_files/Cat1_15mph_lr_opposite_4/lidar_pcd/ns1/velodyne_points/1624827948.556377000.pcd
Cat1,15mph,lr,opposite,4,1624827948.657226000,ns1,/media/batool/MULTIMODAL_DATA/Multimodal_Data/Cat1/opposite/bag_files/Cat1_15mph_lr_opposite_4/lidar_pcd/ns1/velodyne_points/1624827948.657226000.pcd
Cat1,15mph,lr,opposite,4,1624827948.758073000,ns1,/media/batool/MULTIMODAL_DATA/Multimodal_Data/Cat1/opposite/bag_files/Cat1_15mph_lr_opposite_4/lidar_pcd/ns1/velodyne_points/1624827948.758073000.pcd
Cat1,15mph,lr,opposite,4,1624827948.858946000,ns1,/media/batool/MULTIMODAL_DATA/Multimodal_Data/Cat1/opposite/bag_files/Cat1_15mph_lr_opposite_4/lidar_pcd/ns1/velodyne_points/1624827948.858946000.pcd
Cat1,15mph,lr,opposite,4,1624827948.959829000,ns1,/media/batool/MULTIMODAL_DATA/Multimodal_Data/Cat1/opposite/bag_files/Cat1_15mph_lr_opposite_4/lidar_pcd/ns1/velodyne_points/1624827948.959829000.pcd
Cat1,15mph,lr,opposite,4,1624827949.060682000,ns1,/media/batool/MULTIMODAL_DATA/Multimodal_Data/Cat1/opposite/bag_files/Cat1_15mph_lr_opposite_4/lidar_pcd/ns1/velodyne_points/1624827949.060682000.pcd
Cat1,15mph,lr,opposite,4,1624827949.161539000,ns1,/media/batool/MULTIMODAL_DATA/Multimodal_Data/Cat1/opposite/bag_files/Cat1_15mph_lr_opposite_4/lidar_pcd/ns1/velodyne_points/1624827949.161539000.pcd
Cat1,15mph,lr,opposite,4,1624827949.262380000,ns1,/media/batool/MULTIMODAL_DATA/Multimodal_Data/Cat1/opposite/bag_files/Cat1_15mph_lr_opposite_4/lidar_pcd/ns1/velodyne_points/1624827949.262380000.pcd
Cat1,15mph,lr,opposite,4,1624827949.464096000,ns1,/media/batool/MULTIMODAL_DATA/Multimodal_Data/Cat1/opposite/bag_files/Cat1_15mph_lr_opposite_4/lidar_pcd/ns1/velodyne_points/1624827949.464096000.pcd
Cat1,15mph,lr,opposite,4,1624827949.564939000,ns1,/media/batool/MULTIMODAL_DATA/Multimodal_Data/Cat1/opposite/bag_files/Cat1_15mph_lr_opposite_4/lidar_pcd/ns1/velodyne_points/1624827949.564939000.pcd
Cat1,15mph,lr,opposite,4,1624827949.665798000,ns1,/media/batool/MULTIMODAL_DATA/Multimodal_Data/Cat1/opposite/bag_files/Cat1_15mph_lr_opposite_4/lidar_pcd/ns1/velodyne_points/1624827949.665798000.pcd
Cat1,15mph,lr,opposite,4,1624827949.766676000,ns1,/media/batool/MULTIMODAL_DATA/Multimodal_Data/Cat1/opposite/bag_files/Cat1_15mph_lr_opposite_4/lidar_pcd/ns1/velodyne_points/1624827949.766676000.pcd
Cat1,15mph,lr,opposite,4,1624827949.867516000,ns1,/media/batool/MULTIMODAL_DATA/Multimodal_Data/Cat1/opposite/bag_files/Cat1_15mph_lr_opposite_4/lidar_pcd/ns1/velodyne_points/1624827949.867516000.pcd
Cat1,15mph,lr,opposite,4,1624827949.968352000,ns1,/media/batool/MULTIMODAL_DATA/Multimodal_Data/Cat1/opposite/bag_files/Cat1_15mph_lr_opposite_4/lidar_pcd/ns1/velodyne_points/1624827949.968352000.pcd
Cat1,15mph,lr,opposite,4,1624827950.069224000,ns1,/media/batool/MULTIMODAL_DATA/Multimodal_Data/Cat1/opposite/bag_files/Cat1_15mph_lr_opposite_4/lidar_pcd/ns1/velodyne_points/1624827950.069224000.pcd
Cat1,15mph,lr,opposite,4,1624827950.170105000,ns1,/media/batool/MULTIMODAL_DATA/Multimodal_Data/Cat1/opposite/bag_files/Cat1_15mph_lr_opposite_4/lidar_pcd/ns1/velodyne_points/1624827950.170105000.pcd
Cat1,15mph,lr,opposite,4,1624827950.270939000,ns1,/media/batool/MULTIMODAL_DATA/Multimodal_Data/Cat1/opposite/bag_files/Cat1_15mph_lr_opposite_4/lidar_pcd/ns1/velodyne_points/1624827950.270939000.pcd
Cat1,15mph,lr,opposite,4,1624827950.371788000,ns1,/media/batool/MULTIMODAL_DATA/Multimodal_Data/Cat1/opposite/bag_files/Cat1_15mph_lr_opposite_4/lidar_pcd/ns1/velodyne_points/1624827950.371788000.pcd
Cat1,15mph,lr,opposite,4,1624827950.472658000,ns1,/media/batool/MULTIMODAL_DATA/Multimodal_Data/Cat1/opposite/bag_files/Cat1_15mph_lr_opposite_4/lidar_pcd/ns1/velodyne_points/1624827950.472658000.pcd
Cat1,15mph,lr,opposite,4,1624827950.573531000,ns1,/media/batool/MULTIMODAL_DATA/Multimodal_Data/Cat1/opposite/bag_files/Cat1_15mph_lr_opposite_4/lidar_pcd/ns1/velodyne_points/1624827950.573531000.pcd
Cat1,15mph,lr,opposite,4,1624827950.674342000,ns1,/media/batool/MULTIMODAL_DATA/Multimodal_Data/Cat1/opposite/bag_files/Cat1_15mph_lr_opposite_4/lidar_pcd/ns1/velodyne_points/1624827950.674342000.pcd
Cat1,15mph,lr,opposite,4,1624827950.775211000,ns1,/media/batool/MULTIMODAL_DATA/Multimodal_Data/Cat1/opposite/bag_files/Cat1_15mph_lr_opposite_4/lidar_pcd/ns1/velodyne_points/1624827950.775211000.pcd
Cat1,15mph,lr,opposite,4,1624827950.976954000,ns1,/media/batool/MULTIMODAL_DATA/Multimodal_Data/Cat1/opposite/bag_files/Cat1_15mph_lr_opposite_4/lidar_pcd/ns1/velodyne_points/1624827950.976954000.pcd
Cat1,15mph,lr,opposite,4,1624827951.077818000,ns1,/media/batool/MULTIMODAL_DATA/Multimodal_Data/Cat1/opposite/bag_files/Cat1_15mph_lr_opposite_4/lidar_pcd/ns1/velodyne_points/1624827951.077818000.pcd
Cat1,15mph,lr,opposite,4,1624827951.178649000,ns1,/media/batool/MULTIMODAL_DATA/Multimodal_Data/Cat1/opposite/bag_files/Cat1_15mph_lr_opposite_4/lidar_pcd/ns1/velodyne_points/1624827951.178649000.pcd
Cat1,15mph,lr,opposite,4,1624827951.279531000,ns1,/media/batool/MULTIMODAL_DATA/Multimodal_Data/Cat1/opposite/bag_files/Cat1_15mph_lr_opposite_4/lidar_pcd/ns1/velodyne_points/1624827951.279531000.pcd
Cat1,15mph,lr,opposite,4,1624827951.380391000,ns1,/media/batool/MULTIMODAL_DATA/Multimodal_Data/Cat1/opposite/bag_files/Cat1_15mph_lr_opposite_4/lidar_pcd/ns1/velodyne_points/1624827951.380391000.pcd
Cat1,15mph,lr,opposite,4,1624827951.481204000,ns1,/media/batool/MULTIMODAL_DATA/Multimodal_Data/Cat1/opposite/bag_files/Cat1_15mph_lr_opposite_4/lidar_pcd/ns1/velodyne_points/1624827951.481204000.pcd
Cat1,15mph,lr,opposite,4,1624827951.582072000,ns1,/media/batool/MULTIMODAL_DATA/Multimodal_Data/Cat1/opposite/bag_files/Cat1_15mph_lr_opposite_4/lidar_pcd/ns1/velodyne_points/1624827951.582072000.pcd
Cat1,15mph,lr,opposite,4,1624827951.682949000,ns1,/media/batool/MULTIMODAL_DATA/Multimodal_Data/Cat1/opposite/bag_files/Cat1_15mph_lr_opposite_4/lidar_pcd/ns1/velodyne_points/1624827951.682949000.pcd
Cat1,15mph,lr,opposite,4,1624827951.783824000,ns1,/media/batool/MULTIMODAL_DATA/Multimodal_Data/Cat1/opposite/bag_files/Cat1_15mph_lr_opposite_4/lidar_pcd/ns1/velodyne_points/1624827951.783824000.pcd
Cat1,15mph,lr,opposite,4,1624827951.884624000,ns1,/media/batool/MULTIMODAL_DATA/Multimodal_Data/Cat1/opposite/bag_files/Cat1_15mph_lr_opposite_4/lidar_pcd/ns1/velodyne_points/1624827951.884624000.pcd
Cat1,15mph,lr,opposite,4,1624827951.985493000,ns1,/media/batool/MULTIMODAL_DATA/Multimodal_Data/Cat1/opposite/bag_files/Cat1_15mph_lr_opposite_4/lidar_pcd/ns1/velodyne_points/1624827951.985493000.pcd
Cat1,15mph,lr,opposite,4,1624827952.086387000,ns1,/media/batool/MULTIMODAL_DATA/Multimodal_Data/Cat1/opposite/bag_files/Cat1_15mph_lr_opposite_4/lidar_pcd/ns1/velodyne_points/1624827952.086387000.pcd
Cat1,15mph,lr,opposite,4,1624827952.187227000,ns1,/media/batool/MULTIMODAL_DATA/Multimodal_Data/Cat1/opposite/bag_files/Cat1_15mph_lr_opposite_4/lidar_pcd/ns1/velodyne_points/1624827952.187227000.pcd
Cat1,15mph,lr,opposite,4,1624827952.288070000,ns1,/media/batool/MULTIMODAL_DATA/Multimodal_Data/Cat1/opposite/bag_files/Cat1_15mph_lr_opposite_4/lidar_pcd/ns1/velodyne_points/1624827952.288070000.pcd
Cat1,15mph,lr,opposite,4,1624827952.489813000,ns1,/media/batool/MULTIMODAL_DATA/Multimodal_Data/Cat1/opposite/bag_files/Cat1_15mph_lr_opposite_4/lidar_pcd/ns1/velodyne_points/1624827952.489813000.pcd
Cat1,15mph,lr,opposite,4,1624827952.590670000,ns1,/media/batool/MULTIMODAL_DATA/Multimodal_Data/Cat1/opposite/bag_files/Cat1_15mph_lr_opposite_4/lidar_pcd/ns1/velodyne_points/1624827952.590670000.pcd
Cat1,15mph,lr,opposite,4,1624827952.691522000,ns1,/media/batool/MULTIMODAL_DATA/Multimodal_Data/Cat1/opposite/bag_files/Cat1_15mph_lr_opposite_4/lidar_pcd/ns1/velodyne_points/1624827952.691522000.pcd
Cat1,15mph,lr,opposite,4,1624827952.792383000,ns1,/media/batool/MULTIMODAL_DATA/Multimodal_Data/Cat1/opposite/bag_files/Cat1_15mph_lr_opposite_4/lidar_pcd/ns1/velodyne_points/1624827952.792383000.pcd
Cat1,15mph,lr,opposite,4,1624827952.893220000,ns1,/media/batool/MULTIMODAL_DATA/Multimodal_Data/Cat1/opposite/bag_files/Cat1_15mph_lr_opposite_4/lidar_pcd/ns1/velodyne_points/1624827952.893220000.pcd
Cat1,15mph,lr,opposite,4,1624827952.994091000,ns1,/media/batool/MULTIMODAL_DATA/Multimodal_Data/Cat1/opposite/bag_files/Cat1_15mph_lr_opposite_4/lidar_pcd/ns1/velodyne_points/1624827952.994091000.pcd
Cat1,15mph,lr,opposite,4,1624827953.094958000,ns1,/media/batool/MULTIMODAL_DATA/Multimodal_Data/Cat1/opposite/bag_files/Cat1_15mph_lr_opposite_4/lidar_pcd/ns1/velodyne_points/1624827953.094958000.pcd
Cat1,15mph,lr,opposite,4,1624827953.195779000,ns1,/media/batool/MULTIMODAL_DATA/Multimodal_Data/Cat1/opposite/bag_files/Cat1_15mph_lr_opposite_4/lidar_pcd/ns1/velodyne_points/1624827953.195779000.pcd
Cat1,15mph,lr,opposite,4,1624827953.296663000,ns1,/media/batool/MULTIMODAL_DATA/Multimodal_Data/Cat1/opposite/bag_files/Cat1_15mph_lr_opposite_4/lidar_pcd/ns1/velodyne_points/1624827953.296663000.pcd
Cat1,15mph,lr,opposite,4,1624827953.397528000,ns1,/media/batool/MULTIMODAL_DATA/Multimodal_Data/Cat1/opposite/bag_files/Cat1_15mph_lr_opposite_4/lidar_pcd/ns1/velodyne_points/1624827953.397528000.pcd
Cat1,15mph,lr,opposite,4,1624827953.498351000,ns1,/media/batool/MULTIMODAL_DATA/Multimodal_Data/Cat1/opposite/bag_files/Cat1_15mph_lr_opposite_4/lidar_pcd/ns1/velodyne_points/1624827953.498351000.pcd
Cat1,15mph,lr,opposite,4,1624827953.599206000,ns1,/media/batool/MULTIMODAL_DATA/Multimodal_Data/Cat1/opposite/bag_files/Cat1_15mph_lr_opposite_4/lidar_pcd/ns1/velodyne_points/1624827953.599206000.pcd
Cat1,15mph,lr,opposite,4,1624827953.700068000,ns1,/media/batool/MULTIMODAL_DATA/Multimodal_Data/Cat1/opposite/bag_files/Cat1_15mph_lr_opposite_4/lidar_pcd/ns1/velodyne_points/1624827953.700068000.pcd
Cat1,15mph,lr,opposite,4,1624827953.800915000,ns1,/media/batool/MULTIMODAL_DATA/Multimodal_Data/Cat1/opposite/bag_files/Cat1_15mph_lr_opposite_4/lidar_pcd/ns1/velodyne_points/1624827953.800915000.pcd
Cat1,15mph,lr,opposite,4,1624827954.002615000,ns1,/media/batool/MULTIMODAL_DATA/Multimodal_Data/Cat1/opposite/bag_files/Cat1_15mph_lr_opposite_4/lidar_pcd/ns1/velodyne_points/1624827954.002615000.pcd
Cat1,15mph,lr,opposite,4,1624827954.103495000,ns1,/media/batool/MULTIMODAL_DATA/Multimodal_Data/Cat1/opposite/bag_files/Cat1_15mph_lr_opposite_4/lidar_pcd/ns1/velodyne_points/1624827954.103495000.pcd
Cat1,15mph,lr,opposite,4,1624827954.204342000,ns1,/media/batool/MULTIMODAL_DATA/Multimodal_Data/Cat1/opposite/bag_files/Cat1_15mph_lr_opposite_4/lidar_pcd/ns1/velodyne_points/1624827954.204342000.pcd
Cat1,15mph,lr,opposite,4,1624827954.305188000,ns1,/media/batool/MULTIMODAL_DATA/Multimodal_Data/Cat1/opposite/bag_files/Cat1_15mph_lr_opposite_4/lidar_pcd/ns1/velodyne_points/1624827954.305188000.pcd
Cat1,15mph,lr,opposite,4,1624827954.406082000,ns1,/media/batool/MULTIMODAL_DATA/Multimodal_Data/Cat1/opposite/bag_files/Cat1_15mph_lr_opposite_4/lidar_pcd/ns1/velodyne_points/1624827954.406082000.pcd
Cat1,15mph,lr,opposite,4,1624827954.506934000,ns1,/media/batool/MULTIMODAL_DATA/Multimodal_Data/Cat1/opposite/bag_files/Cat1_15mph_lr_opposite_4/lidar_pcd/ns1/velodyne_points/1624827954.506934000.pcd
Cat1,15mph,lr,opposite,4,1624827954.607807000,ns1,/media/batool/MULTIMODAL_DATA/Multimodal_Data/Cat1/opposite/bag_files/Cat1_15mph_lr_opposite_4/lidar_pcd/ns1/velodyne_points/1624827954.607807000.pcd
Cat1,15mph,lr,opposite,4,1624827954.708643000,ns1,/media/batool/MULTIMODAL_DATA/Multimodal_Data/Cat1/opposite/bag_files/Cat1_15mph_lr_opposite_4/lidar_pcd/ns1/velodyne_points/1624827954.708643000.pcd
Cat1,15mph,lr,opposite,4,1624827954.809527000,ns1,/media/batool/MULTIMODAL_DATA/Multimodal_Data/Cat1/opposite/bag_files/Cat1_15mph_lr_opposite_4/lidar_pcd/ns1/velodyne_points/1624827954.809527000.pcd
Cat1,15mph,lr,opposite,4,1624827954.910331000,ns1,/media/batool/MULTIMODAL_DATA/Multimodal_Data/Cat1/opposite/bag_files/Cat1_15mph_lr_opposite_4/lidar_pcd/ns1/velodyne_points/1624827954.910331000.pcd
Cat1,15mph,lr,opposite,4,1624827955.011172000,ns1,/media/batool/MULTIMODAL_DATA/Multimodal_Data/Cat1/opposite/bag_files/Cat1_15mph_lr_opposite_4/lidar_pcd/ns1/velodyne_points/1624827955.011172000.pcd
Cat1,15mph,lr,opposite,4,1624827955.112056000,ns1,/media/batool/MULTIMODAL_DATA/Multimodal_Data/Cat1/opposite/bag_files/Cat1_15mph_lr_opposite_4/lidar_pcd/ns1/velodyne_points/1624827955.112056000.pcd
Cat1,15mph,lr,opposite,4,1624827955.212908000,ns1,/media/batool/MULTIMODAL_DATA/Multimodal_Data/Cat1/opposite/bag_files/Cat1_15mph_lr_opposite_4/lidar_pcd/ns1/velodyne_points/1624827955.212908000.pcd
Cat1,15mph,lr,opposite,4,1624827955.313805000,ns1,/media/batool/MULTIMODAL_DATA/Multimodal_Data/Cat1/opposite/bag_files/Cat1_15mph_lr_opposite_4/lidar_pcd/ns1/velodyne_points/1624827955.313805000.pcd
Cat1,15mph,lr,opposite,4,1624827955.515473000,ns1,/media/batool/MULTIMODAL_DATA/Multimodal_Data/Cat1/opposite/bag_files/Cat1_15mph_lr_opposite_4/lidar_pcd/ns1/velodyne_points/1624827955.515473000.pcd
Cat1,15mph,lr,opposite,4,1624827955.616347000,ns1,/media/batool/MULTIMODAL_DATA/Multimodal_Data/Cat1/opposite/bag_files/Cat1_15mph_lr_opposite_4/lidar_pcd/ns1/velodyne_points/1624827955.616347000.pcd
Cat1,15mph,lr,opposite,4,1624827955.717175000,ns1,/media/batool/MULTIMODAL_DATA/Multimodal_Data/Cat1/opposite/bag_files/Cat1_15mph_lr_opposite_4/lidar_pcd/ns1/velodyne_points/1624827955.717175000.pcd
Cat1,15mph,lr,opposite,4,1624827955.818077000,ns1,/media/batool/MULTIMODAL_DATA/Multimodal_Data/Cat1/opposite/bag_files/Cat1_15mph_lr_opposite_4/lidar_pcd/ns1/velodyne_points/1624827955.818077000.pcd
Cat1,15mph,lr,opposite,4,1624827955.918946000,ns1,/media/batool/MULTIMODAL_DATA/Multimodal_Data/Cat1/opposite/bag_files/Cat1_15mph_lr_opposite_4/lidar_pcd/ns1/velodyne_points/1624827955.918946000.pcd
Cat1,15mph,lr,opposite,4,1624827956.019752000,ns1,/media/batool/MULTIMODAL_DATA/Multimodal_Data/Cat1/opposite/bag_files/Cat1_15mph_lr_opposite_4/lidar_pcd/ns1/velodyne_points/1624827956.019752000.pcd
Cat1,15mph,lr,opposite,4,1624827956.120656000,ns1,/media/batool/MULTIMODAL_DATA/Multimodal_Data/Cat1/opposite/bag_files/Cat1_15mph_lr_opposite_4/lidar_pcd/ns1/velodyne_points/1624827956.120656000.pcd
Cat1,15mph,lr,opposite,4,1624827956.221493000,ns1,/media/batool/MULTIMODAL_DATA/Multimodal_Data/Cat1/opposite/bag_files/Cat1_15mph_lr_opposite_4/lidar_pcd/ns1/velodyne_points/1624827956.221493000.pcd
Cat1,15mph,lr,opposite,4,1624827956.322351000,ns1,/media/batool/MULTIMODAL_DATA/Multimodal_Data/Cat1/opposite/bag_files/Cat1_15mph_lr_opposite_4/lidar_pcd/ns1/velodyne_points/1624827956.322351000.pcd
Cat1,15mph,lr,opposite,4,1624827956.423200000,ns1,/media/batool/MULTIMODAL_DATA/Multimodal_Data/Cat1/opposite/bag_files/Cat1_15mph_lr_opposite_4/lidar_pcd/ns1/velodyne_points/1624827956.423200000.pcd
Cat1,15mph,lr,opposite,4,1624827956.524059000,ns1,/media/batool/MULTIMODAL_DATA/Multimodal_Data/Cat1/opposite/bag_files/Cat1_15mph_lr_opposite_4/lidar_pcd/ns1/velodyne_points/1624827956.524059000.pcd
Cat1,15mph,lr,opposite,4,1624827956.624924000,ns1,/media/batool/MULTIMODAL_DATA/Multimodal_Data/Cat1/opposite/bag_files/Cat1_15mph_lr_opposite_4/lidar_pcd/ns1/velodyne_points/1624827956.624924000.pcd
Cat1,15mph,lr,opposite,4,1624827956.725793000,ns1,/media/batool/MULTIMODAL_DATA/Multimodal_Data/Cat1/opposite/bag_files/Cat1_15mph_lr_opposite_4/lidar_pcd/ns1/velodyne_points/1624827956.725793000.pcd
Cat1,15mph,lr,opposite,4,1624827956.826593000,ns1,/media/batool/MULTIMODAL_DATA/Multimodal_Data/Cat1/opposite/bag_files/Cat1_15mph_lr_opposite_4/lidar_pcd/ns1/velodyne_points/1624827956.826593000.pcd
Cat1,15mph,lr,opposite,4,1624827956.927499000,ns1,/media/batool/MULTIMODAL_DATA/Multimodal_Data/Cat1/opposite/bag_files/Cat1_15mph_lr_opposite_4/lidar_pcd/ns1/velodyne_points/1624827956.927499000.pcd
Cat1,15mph,lr,opposite,4,1624827957.028362000,ns1,/media/batool/MULTIMODAL_DATA/Multimodal_Data/Cat1/opposite/bag_files/Cat1_15mph_lr_opposite_4/lidar_pcd/ns1/velodyne_points/1624827957.028362000.pcd
Cat1,15mph,lr,opposite,4,1624827957.129215000,ns1,/media/batool/MULTIMODAL_DATA/Multimodal_Data/Cat1/opposite/bag_files/Cat1_15mph_lr_opposite_4/lidar_pcd/ns1/velodyne_points/1624827957.129215000.pcd
Cat1,15mph,lr,opposite,4,1624827957.230077000,ns1,/media/batool/MULTIMODAL_DATA/Multimodal_Data/Cat1/opposite/bag_files/Cat1_15mph_lr_opposite_4/lidar_pcd/ns1/velodyne_points/1624827957.230077000.pcd
Cat1,15mph,lr,opposite,4,1624827957.330883000,ns1,/media/batool/MULTIMODAL_DATA/Multimodal_Data/Cat1/opposite/bag_files/Cat1_15mph_lr_opposite_4/lidar_pcd/ns1/velodyne_points/1624827957.330883000.pcd
Cat1,15mph,lr,opposite,4,1624827957.431790000,ns1,/media/batool/MULTIMODAL_DATA/Multimodal_Data/Cat1/opposite/bag_files/Cat1_15mph_lr_opposite_4/lidar_pcd/ns1/velodyne_points/1624827957.431790000.pcd
Cat1,15mph,lr,opposite,4,1624827957.532637000,ns1,/media/batool/MULTIMODAL_DATA/Multimodal_Data/Cat1/opposite/bag_files/Cat1_15mph_lr_opposite_4/lidar_pcd/ns1/velodyne_points/1624827957.532637000.pcd
Cat1,15mph,lr,opposite,4,1624827957.633491000,ns1,/media/batool/MULTIMODAL_DATA/Multimodal_Data/Cat1/opposite/bag_files/Cat1_15mph_lr_opposite_4/lidar_pcd/ns1/velodyne_points/1624827957.633491000.pcd
Cat1,15mph,lr,opposite,4,1624827957.734359000,ns1,/media/batool/MULTIMODAL_DATA/Multimodal_Data/Cat1/opposite/bag_files/Cat1_15mph_lr_opposite_4/lidar_pcd/ns1/velodyne_points/1624827957.734359000.pcd
