Category,speed,direction,lane,episode,Time header,lidar number,path to the file
Cat1,20mph,lr,opposite,4,1624829646.886573000,ns1,/media/batool/MULTIMODAL_DATA/Multimodal_Data/Cat1/opposite/bag_files/Cat1_20mph_lr_opposite_4/lidar_pcd/ns1/velodyne_points/1624829646.886573000.pcd
Cat1,20mph,lr,opposite,4,1624829646.987485000,ns1,/media/batool/MULTIMODAL_DATA/Multimodal_Data/Cat1/opposite/bag_files/Cat1_20mph_lr_opposite_4/lidar_pcd/ns1/velodyne_points/1624829646.987485000.pcd
Cat1,20mph,lr,opposite,4,1624829647.088304000,ns1,/media/batool/MULTIMODAL_DATA/Multimodal_Data/Cat1/opposite/bag_files/Cat1_20mph_lr_opposite_4/lidar_pcd/ns1/velodyne_points/1624829647.088304000.pcd
Cat1,20mph,lr,opposite,4,1624829647.189170000,ns1,/media/batool/MULTIMODAL_DATA/Multimodal_Data/Cat1/opposite/bag_files/Cat1_20mph_lr_opposite_4/lidar_pcd/ns1/velodyne_points/1624829647.189170000.pcd
Cat1,20mph,lr,opposite,4,1624829647.290022000,ns1,/media/batool/MULTIMODAL_DATA/Multimodal_Data/Cat1/opposite/bag_files/Cat1_20mph_lr_opposite_4/lidar_pcd/ns1/velodyne_points/1624829647.290022000.pcd
Cat1,20mph,lr,opposite,4,1624829647.390883000,ns1,/media/batool/MULTIMODAL_DATA/Multimodal_Data/Cat1/opposite/bag_files/Cat1_20mph_lr_opposite_4/lidar_pcd/ns1/velodyne_points/1624829647.390883000.pcd
Cat1,20mph,lr,opposite,4,1624829647.491756000,ns1,/media/batool/MULTIMODAL_DATA/Multimodal_Data/Cat1/opposite/bag_files/Cat1_20mph_lr_opposite_4/lidar_pcd/ns1/velodyne_points/1624829647.491756000.pcd
Cat1,20mph,lr,opposite,4,1624829647.592589000,ns1,/media/batool/MULTIMODAL_DATA/Multimodal_Data/Cat1/opposite/bag_files/Cat1_20mph_lr_opposite_4/lidar_pcd/ns1/velodyne_points/1624829647.592589000.pcd
Cat1,20mph,lr,opposite,4,1624829647.693480000,ns1,/media/batool/MULTIMODAL_DATA/Multimodal_Data/Cat1/opposite/bag_files/Cat1_20mph_lr_opposite_4/lidar_pcd/ns1/velodyne_points/1624829647.693480000.pcd
Cat1,20mph,lr,opposite,4,1624829647.794302000,ns1,/media/batool/MULTIMODAL_DATA/Multimodal_Data/Cat1/opposite/bag_files/Cat1_20mph_lr_opposite_4/lidar_pcd/ns1/velodyne_points/1624829647.794302000.pcd
Cat1,20mph,lr,opposite,4,1624829647.895222000,ns1,/media/batool/MULTIMODAL_DATA/Multimodal_Data/Cat1/opposite/bag_files/Cat1_20mph_lr_opposite_4/lidar_pcd/ns1/velodyne_points/1624829647.895222000.pcd
Cat1,20mph,lr,opposite,4,1624829647.996024000,ns1,/media/batool/MULTIMODAL_DATA/Multimodal_Data/Cat1/opposite/bag_files/Cat1_20mph_lr_opposite_4/lidar_pcd/ns1/velodyne_points/1624829647.996024000.pcd
Cat1,20mph,lr,opposite,4,1624829648.096918000,ns1,/media/batool/MULTIMODAL_DATA/Multimodal_Data/Cat1/opposite/bag_files/Cat1_20mph_lr_opposite_4/lidar_pcd/ns1/velodyne_points/1624829648.096918000.pcd
Cat1,20mph,lr,opposite,4,1624829648.197764000,ns1,/media/batool/MULTIMODAL_DATA/Multimodal_Data/Cat1/opposite/bag_files/Cat1_20mph_lr_opposite_4/lidar_pcd/ns1/velodyne_points/1624829648.197764000.pcd
Cat1,20mph,lr,opposite,4,1624829648.399504000,ns1,/media/batool/MULTIMODAL_DATA/Multimodal_Data/Cat1/opposite/bag_files/Cat1_20mph_lr_opposite_4/lidar_pcd/ns1/velodyne_points/1624829648.399504000.pcd
Cat1,20mph,lr,opposite,4,1624829648.500279000,ns1,/media/batool/MULTIMODAL_DATA/Multimodal_Data/Cat1/opposite/bag_files/Cat1_20mph_lr_opposite_4/lidar_pcd/ns1/velodyne_points/1624829648.500279000.pcd
Cat1,20mph,lr,opposite,4,1624829648.601210000,ns1,/media/batool/MULTIMODAL_DATA/Multimodal_Data/Cat1/opposite/bag_files/Cat1_20mph_lr_opposite_4/lidar_pcd/ns1/velodyne_points/1624829648.601210000.pcd
Cat1,20mph,lr,opposite,4,1624829648.702024000,ns1,/media/batool/MULTIMODAL_DATA/Multimodal_Data/Cat1/opposite/bag_files/Cat1_20mph_lr_opposite_4/lidar_pcd/ns1/velodyne_points/1624829648.702024000.pcd
Cat1,20mph,lr,opposite,4,1624829648.802879000,ns1,/media/batool/MULTIMODAL_DATA/Multimodal_Data/Cat1/opposite/bag_files/Cat1_20mph_lr_opposite_4/lidar_pcd/ns1/velodyne_points/1624829648.802879000.pcd
Cat1,20mph,lr,opposite,4,1624829648.903762000,ns1,/media/batool/MULTIMODAL_DATA/Multimodal_Data/Cat1/opposite/bag_files/Cat1_20mph_lr_opposite_4/lidar_pcd/ns1/velodyne_points/1624829648.903762000.pcd
Cat1,20mph,lr,opposite,4,1624829649.004608000,ns1,/media/batool/MULTIMODAL_DATA/Multimodal_Data/Cat1/opposite/bag_files/Cat1_20mph_lr_opposite_4/lidar_pcd/ns1/velodyne_points/1624829649.004608000.pcd
Cat1,20mph,lr,opposite,4,1624829649.105463000,ns1,/media/batool/MULTIMODAL_DATA/Multimodal_Data/Cat1/opposite/bag_files/Cat1_20mph_lr_opposite_4/lidar_pcd/ns1/velodyne_points/1624829649.105463000.pcd
Cat1,20mph,lr,opposite,4,1624829649.206333000,ns1,/media/batool/MULTIMODAL_DATA/Multimodal_Data/Cat1/opposite/bag_files/Cat1_20mph_lr_opposite_4/lidar_pcd/ns1/velodyne_points/1624829649.206333000.pcd
Cat1,20mph,lr,opposite,4,1624829649.307188000,ns1,/media/batool/MULTIMODAL_DATA/Multimodal_Data/Cat1/opposite/bag_files/Cat1_20mph_lr_opposite_4/lidar_pcd/ns1/velodyne_points/1624829649.307188000.pcd
Cat1,20mph,lr,opposite,4,1624829649.408023000,ns1,/media/batool/MULTIMODAL_DATA/Multimodal_Data/Cat1/opposite/bag_files/Cat1_20mph_lr_opposite_4/lidar_pcd/ns1/velodyne_points/1624829649.408023000.pcd
Cat1,20mph,lr,opposite,4,1624829649.508903000,ns1,/media/batool/MULTIMODAL_DATA/Multimodal_Data/Cat1/opposite/bag_files/Cat1_20mph_lr_opposite_4/lidar_pcd/ns1/velodyne_points/1624829649.508903000.pcd
Cat1,20mph,lr,opposite,4,1624829649.609760000,ns1,/media/batool/MULTIMODAL_DATA/Multimodal_Data/Cat1/opposite/bag_files/Cat1_20mph_lr_opposite_4/lidar_pcd/ns1/velodyne_points/1624829649.609760000.pcd
Cat1,20mph,lr,opposite,4,1624829649.710589000,ns1,/media/batool/MULTIMODAL_DATA/Multimodal_Data/Cat1/opposite/bag_files/Cat1_20mph_lr_opposite_4/lidar_pcd/ns1/velodyne_points/1624829649.710589000.pcd
Cat1,20mph,lr,opposite,4,1624829649.912299000,ns1,/media/batool/MULTIMODAL_DATA/Multimodal_Data/Cat1/opposite/bag_files/Cat1_20mph_lr_opposite_4/lidar_pcd/ns1/velodyne_points/1624829649.912299000.pcd
Cat1,20mph,lr,opposite,4,1624829650.013212000,ns1,/media/batool/MULTIMODAL_DATA/Multimodal_Data/Cat1/opposite/bag_files/Cat1_20mph_lr_opposite_4/lidar_pcd/ns1/velodyne_points/1624829650.013212000.pcd
Cat1,20mph,lr,opposite,4,1624829650.114010000,ns1,/media/batool/MULTIMODAL_DATA/Multimodal_Data/Cat1/opposite/bag_files/Cat1_20mph_lr_opposite_4/lidar_pcd/ns1/velodyne_points/1624829650.114010000.pcd
Cat1,20mph,lr,opposite,4,1624829650.214857000,ns1,/media/batool/MULTIMODAL_DATA/Multimodal_Data/Cat1/opposite/bag_files/Cat1_20mph_lr_opposite_4/lidar_pcd/ns1/velodyne_points/1624829650.214857000.pcd
Cat1,20mph,lr,opposite,4,1624829650.315730000,ns1,/media/batool/MULTIMODAL_DATA/Multimodal_Data/Cat1/opposite/bag_files/Cat1_20mph_lr_opposite_4/lidar_pcd/ns1/velodyne_points/1624829650.315730000.pcd
Cat1,20mph,lr,opposite,4,1624829650.416576000,ns1,/media/batool/MULTIMODAL_DATA/Multimodal_Data/Cat1/opposite/bag_files/Cat1_20mph_lr_opposite_4/lidar_pcd/ns1/velodyne_points/1624829650.416576000.pcd
Cat1,20mph,lr,opposite,4,1624829650.517415000,ns1,/media/batool/MULTIMODAL_DATA/Multimodal_Data/Cat1/opposite/bag_files/Cat1_20mph_lr_opposite_4/lidar_pcd/ns1/velodyne_points/1624829650.517415000.pcd
Cat1,20mph,lr,opposite,4,1624829650.618292000,ns1,/media/batool/MULTIMODAL_DATA/Multimodal_Data/Cat1/opposite/bag_files/Cat1_20mph_lr_opposite_4/lidar_pcd/ns1/velodyne_points/1624829650.618292000.pcd
Cat1,20mph,lr,opposite,4,1624829650.719132000,ns1,/media/batool/MULTIMODAL_DATA/Multimodal_Data/Cat1/opposite/bag_files/Cat1_20mph_lr_opposite_4/lidar_pcd/ns1/velodyne_points/1624829650.719132000.pcd
Cat1,20mph,lr,opposite,4,1624829650.819993000,ns1,/media/batool/MULTIMODAL_DATA/Multimodal_Data/Cat1/opposite/bag_files/Cat1_20mph_lr_opposite_4/lidar_pcd/ns1/velodyne_points/1624829650.819993000.pcd
Cat1,20mph,lr,opposite,4,1624829650.920866000,ns1,/media/batool/MULTIMODAL_DATA/Multimodal_Data/Cat1/opposite/bag_files/Cat1_20mph_lr_opposite_4/lidar_pcd/ns1/velodyne_points/1624829650.920866000.pcd
Cat1,20mph,lr,opposite,4,1624829651.021718000,ns1,/media/batool/MULTIMODAL_DATA/Multimodal_Data/Cat1/opposite/bag_files/Cat1_20mph_lr_opposite_4/lidar_pcd/ns1/velodyne_points/1624829651.021718000.pcd
Cat1,20mph,lr,opposite,4,1624829651.122606000,ns1,/media/batool/MULTIMODAL_DATA/Multimodal_Data/Cat1/opposite/bag_files/Cat1_20mph_lr_opposite_4/lidar_pcd/ns1/velodyne_points/1624829651.122606000.pcd
Cat1,20mph,lr,opposite,4,1624829651.223463000,ns1,/media/batool/MULTIMODAL_DATA/Multimodal_Data/Cat1/opposite/bag_files/Cat1_20mph_lr_opposite_4/lidar_pcd/ns1/velodyne_points/1624829651.223463000.pcd
Cat1,20mph,lr,opposite,4,1624829651.425147000,ns1,/media/batool/MULTIMODAL_DATA/Multimodal_Data/Cat1/opposite/bag_files/Cat1_20mph_lr_opposite_4/lidar_pcd/ns1/velodyne_points/1624829651.425147000.pcd
Cat1,20mph,lr,opposite,4,1624829651.526005000,ns1,/media/batool/MULTIMODAL_DATA/Multimodal_Data/Cat1/opposite/bag_files/Cat1_20mph_lr_opposite_4/lidar_pcd/ns1/velodyne_points/1624829651.526005000.pcd
Cat1,20mph,lr,opposite,4,1624829651.626848000,ns1,/media/batool/MULTIMODAL_DATA/Multimodal_Data/Cat1/opposite/bag_files/Cat1_20mph_lr_opposite_4/lidar_pcd/ns1/velodyne_points/1624829651.626848000.pcd
Cat1,20mph,lr,opposite,4,1624829651.727753000,ns1,/media/batool/MULTIMODAL_DATA/Multimodal_Data/Cat1/opposite/bag_files/Cat1_20mph_lr_opposite_4/lidar_pcd/ns1/velodyne_points/1624829651.727753000.pcd
Cat1,20mph,lr,opposite,4,1624829651.828608000,ns1,/media/batool/MULTIMODAL_DATA/Multimodal_Data/Cat1/opposite/bag_files/Cat1_20mph_lr_opposite_4/lidar_pcd/ns1/velodyne_points/1624829651.828608000.pcd
Cat1,20mph,lr,opposite,4,1624829651.929465000,ns1,/media/batool/MULTIMODAL_DATA/Multimodal_Data/Cat1/opposite/bag_files/Cat1_20mph_lr_opposite_4/lidar_pcd/ns1/velodyne_points/1624829651.929465000.pcd
Cat1,20mph,lr,opposite,4,1624829652.030323000,ns1,/media/batool/MULTIMODAL_DATA/Multimodal_Data/Cat1/opposite/bag_files/Cat1_20mph_lr_opposite_4/lidar_pcd/ns1/velodyne_points/1624829652.030323000.pcd
Cat1,20mph,lr,opposite,4,1624829652.131178000,ns1,/media/batool/MULTIMODAL_DATA/Multimodal_Data/Cat1/opposite/bag_files/Cat1_20mph_lr_opposite_4/lidar_pcd/ns1/velodyne_points/1624829652.131178000.pcd
Cat1,20mph,lr,opposite,4,1624829652.232014000,ns1,/media/batool/MULTIMODAL_DATA/Multimodal_Data/Cat1/opposite/bag_files/Cat1_20mph_lr_opposite_4/lidar_pcd/ns1/velodyne_points/1624829652.232014000.pcd
Cat1,20mph,lr,opposite,4,1624829652.332895000,ns1,/media/batool/MULTIMODAL_DATA/Multimodal_Data/Cat1/opposite/bag_files/Cat1_20mph_lr_opposite_4/lidar_pcd/ns1/velodyne_points/1624829652.332895000.pcd
Cat1,20mph,lr,opposite,4,1624829652.433734000,ns1,/media/batool/MULTIMODAL_DATA/Multimodal_Data/Cat1/opposite/bag_files/Cat1_20mph_lr_opposite_4/lidar_pcd/ns1/velodyne_points/1624829652.433734000.pcd
Cat1,20mph,lr,opposite,4,1624829652.534601000,ns1,/media/batool/MULTIMODAL_DATA/Multimodal_Data/Cat1/opposite/bag_files/Cat1_20mph_lr_opposite_4/lidar_pcd/ns1/velodyne_points/1624829652.534601000.pcd
Cat1,20mph,lr,opposite,4,1624829652.635452000,ns1,/media/batool/MULTIMODAL_DATA/Multimodal_Data/Cat1/opposite/bag_files/Cat1_20mph_lr_opposite_4/lidar_pcd/ns1/velodyne_points/1624829652.635452000.pcd
Cat1,20mph,lr,opposite,4,1624829652.736277000,ns1,/media/batool/MULTIMODAL_DATA/Multimodal_Data/Cat1/opposite/bag_files/Cat1_20mph_lr_opposite_4/lidar_pcd/ns1/velodyne_points/1624829652.736277000.pcd
Cat1,20mph,lr,opposite,4,1624829648.298643000,ns1,/media/batool/MULTIMODAL_DATA/Multimodal_Data/Cat1/opposite/bag_files/Cat1_20mph_lr_opposite_4/lidar_pcd/ns1/velodyne_points/1624829648.298643000.pcd
Cat1,20mph,lr,opposite,4,1624829649.811438000,ns1,/media/batool/MULTIMODAL_DATA/Multimodal_Data/Cat1/opposite/bag_files/Cat1_20mph_lr_opposite_4/lidar_pcd/ns1/velodyne_points/1624829649.811438000.pcd
Cat1,20mph,lr,opposite,4,1624829651.324289000,ns1,/media/batool/MULTIMODAL_DATA/Multimodal_Data/Cat1/opposite/bag_files/Cat1_20mph_lr_opposite_4/lidar_pcd/ns1/velodyne_points/1624829651.324289000.pcd
Cat1,20mph,lr,opposite,4,1624829652.837149000,ns1,/media/batool/MULTIMODAL_DATA/Multimodal_Data/Cat1/opposite/bag_files/Cat1_20mph_lr_opposite_4/lidar_pcd/ns1/velodyne_points/1624829652.837149000.pcd
Cat1,20mph,lr,opposite,4,1624829654.350028000,ns1,/media/batool/MULTIMODAL_DATA/Multimodal_Data/Cat1/opposite/bag_files/Cat1_20mph_lr_opposite_4/lidar_pcd/ns1/velodyne_points/1624829654.350028000.pcd
Cat1,20mph,lr,opposite,4,1624829655.862883000,ns1,/media/batool/MULTIMODAL_DATA/Multimodal_Data/Cat1/opposite/bag_files/Cat1_20mph_lr_opposite_4/lidar_pcd/ns1/velodyne_points/1624829655.862883000.pcd
Cat1,20mph,lr,opposite,4,1624829657.375716000,ns1,/media/batool/MULTIMODAL_DATA/Multimodal_Data/Cat1/opposite/bag_files/Cat1_20mph_lr_opposite_4/lidar_pcd/ns1/velodyne_points/1624829657.375716000.pcd
Cat1,20mph,lr,opposite,4,1624829658.888593000,ns1,/media/batool/MULTIMODAL_DATA/Multimodal_Data/Cat1/opposite/bag_files/Cat1_20mph_lr_opposite_4/lidar_pcd/ns1/velodyne_points/1624829658.888593000.pcd
Cat1,20mph,lr,opposite,4,1624829660.401420000,ns1,/media/batool/MULTIMODAL_DATA/Multimodal_Data/Cat1/opposite/bag_files/Cat1_20mph_lr_opposite_4/lidar_pcd/ns1/velodyne_points/1624829660.401420000.pcd
Cat1,20mph,lr,opposite,4,1624829661.914280000,ns1,/media/batool/MULTIMODAL_DATA/Multimodal_Data/Cat1/opposite/bag_files/Cat1_20mph_lr_opposite_4/lidar_pcd/ns1/velodyne_points/1624829661.914280000.pcd
Cat1,20mph,lr,opposite,4,1624829663.427084000,ns1,/media/batool/MULTIMODAL_DATA/Multimodal_Data/Cat1/opposite/bag_files/Cat1_20mph_lr_opposite_4/lidar_pcd/ns1/velodyne_points/1624829663.427084000.pcd
Cat1,20mph,lr,opposite,4,1624829664.939952000,ns1,/media/batool/MULTIMODAL_DATA/Multimodal_Data/Cat1/opposite/bag_files/Cat1_20mph_lr_opposite_4/lidar_pcd/ns1/velodyne_points/1624829664.939952000.pcd
Cat1,20mph,lr,opposite,4,1624829666.452847000,ns1,/media/batool/MULTIMODAL_DATA/Multimodal_Data/Cat1/opposite/bag_files/Cat1_20mph_lr_opposite_4/lidar_pcd/ns1/velodyne_points/1624829666.452847000.pcd
Cat1,20mph,lr,opposite,4,1624829667.965702000,ns1,/media/batool/MULTIMODAL_DATA/Multimodal_Data/Cat1/opposite/bag_files/Cat1_20mph_lr_opposite_4/lidar_pcd/ns1/velodyne_points/1624829667.965702000.pcd
Cat1,20mph,lr,opposite,4,1624829652.938053000,ns1,/media/batool/MULTIMODAL_DATA/Multimodal_Data/Cat1/opposite/bag_files/Cat1_20mph_lr_opposite_4/lidar_pcd/ns1/velodyne_points/1624829652.938053000.pcd
Cat1,20mph,lr,opposite,4,1624829653.038865000,ns1,/media/batool/MULTIMODAL_DATA/Multimodal_Data/Cat1/opposite/bag_files/Cat1_20mph_lr_opposite_4/lidar_pcd/ns1/velodyne_points/1624829653.038865000.pcd
Cat1,20mph,lr,opposite,4,1624829653.139718000,ns1,/media/batool/MULTIMODAL_DATA/Multimodal_Data/Cat1/opposite/bag_files/Cat1_20mph_lr_opposite_4/lidar_pcd/ns1/velodyne_points/1624829653.139718000.pcd
Cat1,20mph,lr,opposite,4,1624829653.240597000,ns1,/media/batool/MULTIMODAL_DATA/Multimodal_Data/Cat1/opposite/bag_files/Cat1_20mph_lr_opposite_4/lidar_pcd/ns1/velodyne_points/1624829653.240597000.pcd
Cat1,20mph,lr,opposite,4,1624829653.341467000,ns1,/media/batool/MULTIMODAL_DATA/Multimodal_Data/Cat1/opposite/bag_files/Cat1_20mph_lr_opposite_4/lidar_pcd/ns1/velodyne_points/1624829653.341467000.pcd
Cat1,20mph,lr,opposite,4,1624829653.442317000,ns1,/media/batool/MULTIMODAL_DATA/Multimodal_Data/Cat1/opposite/bag_files/Cat1_20mph_lr_opposite_4/lidar_pcd/ns1/velodyne_points/1624829653.442317000.pcd
Cat1,20mph,lr,opposite,4,1624829653.543174000,ns1,/media/batool/MULTIMODAL_DATA/Multimodal_Data/Cat1/opposite/bag_files/Cat1_20mph_lr_opposite_4/lidar_pcd/ns1/velodyne_points/1624829653.543174000.pcd
Cat1,20mph,lr,opposite,4,1624829653.643991000,ns1,/media/batool/MULTIMODAL_DATA/Multimodal_Data/Cat1/opposite/bag_files/Cat1_20mph_lr_opposite_4/lidar_pcd/ns1/velodyne_points/1624829653.643991000.pcd
Cat1,20mph,lr,opposite,4,1624829653.744835000,ns1,/media/batool/MULTIMODAL_DATA/Multimodal_Data/Cat1/opposite/bag_files/Cat1_20mph_lr_opposite_4/lidar_pcd/ns1/velodyne_points/1624829653.744835000.pcd
Cat1,20mph,lr,opposite,4,1624829653.845744000,ns1,/media/batool/MULTIMODAL_DATA/Multimodal_Data/Cat1/opposite/bag_files/Cat1_20mph_lr_opposite_4/lidar_pcd/ns1/velodyne_points/1624829653.845744000.pcd
Cat1,20mph,lr,opposite,4,1624829653.946603000,ns1,/media/batool/MULTIMODAL_DATA/Multimodal_Data/Cat1/opposite/bag_files/Cat1_20mph_lr_opposite_4/lidar_pcd/ns1/velodyne_points/1624829653.946603000.pcd
Cat1,20mph,lr,opposite,4,1624829654.047465000,ns1,/media/batool/MULTIMODAL_DATA/Multimodal_Data/Cat1/opposite/bag_files/Cat1_20mph_lr_opposite_4/lidar_pcd/ns1/velodyne_points/1624829654.047465000.pcd
Cat1,20mph,lr,opposite,4,1624829654.148306000,ns1,/media/batool/MULTIMODAL_DATA/Multimodal_Data/Cat1/opposite/bag_files/Cat1_20mph_lr_opposite_4/lidar_pcd/ns1/velodyne_points/1624829654.148306000.pcd
Cat1,20mph,lr,opposite,4,1624829654.249179000,ns1,/media/batool/MULTIMODAL_DATA/Multimodal_Data/Cat1/opposite/bag_files/Cat1_20mph_lr_opposite_4/lidar_pcd/ns1/velodyne_points/1624829654.249179000.pcd
Cat1,20mph,lr,opposite,4,1624829654.450886000,ns1,/media/batool/MULTIMODAL_DATA/Multimodal_Data/Cat1/opposite/bag_files/Cat1_20mph_lr_opposite_4/lidar_pcd/ns1/velodyne_points/1624829654.450886000.pcd
Cat1,20mph,lr,opposite,4,1624829654.551744000,ns1,/media/batool/MULTIMODAL_DATA/Multimodal_Data/Cat1/opposite/bag_files/Cat1_20mph_lr_opposite_4/lidar_pcd/ns1/velodyne_points/1624829654.551744000.pcd
Cat1,20mph,lr,opposite,4,1624829654.652601000,ns1,/media/batool/MULTIMODAL_DATA/Multimodal_Data/Cat1/opposite/bag_files/Cat1_20mph_lr_opposite_4/lidar_pcd/ns1/velodyne_points/1624829654.652601000.pcd
Cat1,20mph,lr,opposite,4,1624829654.753460000,ns1,/media/batool/MULTIMODAL_DATA/Multimodal_Data/Cat1/opposite/bag_files/Cat1_20mph_lr_opposite_4/lidar_pcd/ns1/velodyne_points/1624829654.753460000.pcd
Cat1,20mph,lr,opposite,4,1624829654.854321000,ns1,/media/batool/MULTIMODAL_DATA/Multimodal_Data/Cat1/opposite/bag_files/Cat1_20mph_lr_opposite_4/lidar_pcd/ns1/velodyne_points/1624829654.854321000.pcd
Cat1,20mph,lr,opposite,4,1624829654.955172000,ns1,/media/batool/MULTIMODAL_DATA/Multimodal_Data/Cat1/opposite/bag_files/Cat1_20mph_lr_opposite_4/lidar_pcd/ns1/velodyne_points/1624829654.955172000.pcd
Cat1,20mph,lr,opposite,4,1624829655.056022000,ns1,/media/batool/MULTIMODAL_DATA/Multimodal_Data/Cat1/opposite/bag_files/Cat1_20mph_lr_opposite_4/lidar_pcd/ns1/velodyne_points/1624829655.056022000.pcd
Cat1,20mph,lr,opposite,4,1624829655.156888000,ns1,/media/batool/MULTIMODAL_DATA/Multimodal_Data/Cat1/opposite/bag_files/Cat1_20mph_lr_opposite_4/lidar_pcd/ns1/velodyne_points/1624829655.156888000.pcd
Cat1,20mph,lr,opposite,4,1624829655.257742000,ns1,/media/batool/MULTIMODAL_DATA/Multimodal_Data/Cat1/opposite/bag_files/Cat1_20mph_lr_opposite_4/lidar_pcd/ns1/velodyne_points/1624829655.257742000.pcd
Cat1,20mph,lr,opposite,4,1624829655.358599000,ns1,/media/batool/MULTIMODAL_DATA/Multimodal_Data/Cat1/opposite/bag_files/Cat1_20mph_lr_opposite_4/lidar_pcd/ns1/velodyne_points/1624829655.358599000.pcd
Cat1,20mph,lr,opposite,4,1624829655.459458000,ns1,/media/batool/MULTIMODAL_DATA/Multimodal_Data/Cat1/opposite/bag_files/Cat1_20mph_lr_opposite_4/lidar_pcd/ns1/velodyne_points/1624829655.459458000.pcd
Cat1,20mph,lr,opposite,4,1624829655.560266000,ns1,/media/batool/MULTIMODAL_DATA/Multimodal_Data/Cat1/opposite/bag_files/Cat1_20mph_lr_opposite_4/lidar_pcd/ns1/velodyne_points/1624829655.560266000.pcd
Cat1,20mph,lr,opposite,4,1624829655.661172000,ns1,/media/batool/MULTIMODAL_DATA/Multimodal_Data/Cat1/opposite/bag_files/Cat1_20mph_lr_opposite_4/lidar_pcd/ns1/velodyne_points/1624829655.661172000.pcd
Cat1,20mph,lr,opposite,4,1624829655.761993000,ns1,/media/batool/MULTIMODAL_DATA/Multimodal_Data/Cat1/opposite/bag_files/Cat1_20mph_lr_opposite_4/lidar_pcd/ns1/velodyne_points/1624829655.761993000.pcd
Cat1,20mph,lr,opposite,4,1624829655.963741000,ns1,/media/batool/MULTIMODAL_DATA/Multimodal_Data/Cat1/opposite/bag_files/Cat1_20mph_lr_opposite_4/lidar_pcd/ns1/velodyne_points/1624829655.963741000.pcd
Cat1,20mph,lr,opposite,4,1624829656.064598000,ns1,/media/batool/MULTIMODAL_DATA/Multimodal_Data/Cat1/opposite/bag_files/Cat1_20mph_lr_opposite_4/lidar_pcd/ns1/velodyne_points/1624829656.064598000.pcd
Cat1,20mph,lr,opposite,4,1624829656.165437000,ns1,/media/batool/MULTIMODAL_DATA/Multimodal_Data/Cat1/opposite/bag_files/Cat1_20mph_lr_opposite_4/lidar_pcd/ns1/velodyne_points/1624829656.165437000.pcd
Cat1,20mph,lr,opposite,4,1624829656.266311000,ns1,/media/batool/MULTIMODAL_DATA/Multimodal_Data/Cat1/opposite/bag_files/Cat1_20mph_lr_opposite_4/lidar_pcd/ns1/velodyne_points/1624829656.266311000.pcd
Cat1,20mph,lr,opposite,4,1624829656.367174000,ns1,/media/batool/MULTIMODAL_DATA/Multimodal_Data/Cat1/opposite/bag_files/Cat1_20mph_lr_opposite_4/lidar_pcd/ns1/velodyne_points/1624829656.367174000.pcd
Cat1,20mph,lr,opposite,4,1624829656.468012000,ns1,/media/batool/MULTIMODAL_DATA/Multimodal_Data/Cat1/opposite/bag_files/Cat1_20mph_lr_opposite_4/lidar_pcd/ns1/velodyne_points/1624829656.468012000.pcd
Cat1,20mph,lr,opposite,4,1624829656.568866000,ns1,/media/batool/MULTIMODAL_DATA/Multimodal_Data/Cat1/opposite/bag_files/Cat1_20mph_lr_opposite_4/lidar_pcd/ns1/velodyne_points/1624829656.568866000.pcd
Cat1,20mph,lr,opposite,4,1624829656.669722000,ns1,/media/batool/MULTIMODAL_DATA/Multimodal_Data/Cat1/opposite/bag_files/Cat1_20mph_lr_opposite_4/lidar_pcd/ns1/velodyne_points/1624829656.669722000.pcd
Cat1,20mph,lr,opposite,4,1624829656.770590000,ns1,/media/batool/MULTIMODAL_DATA/Multimodal_Data/Cat1/opposite/bag_files/Cat1_20mph_lr_opposite_4/lidar_pcd/ns1/velodyne_points/1624829656.770590000.pcd
Cat1,20mph,lr,opposite,4,1624829656.871449000,ns1,/media/batool/MULTIMODAL_DATA/Multimodal_Data/Cat1/opposite/bag_files/Cat1_20mph_lr_opposite_4/lidar_pcd/ns1/velodyne_points/1624829656.871449000.pcd
Cat1,20mph,lr,opposite,4,1624829656.972305000,ns1,/media/batool/MULTIMODAL_DATA/Multimodal_Data/Cat1/opposite/bag_files/Cat1_20mph_lr_opposite_4/lidar_pcd/ns1/velodyne_points/1624829656.972305000.pcd
Cat1,20mph,lr,opposite,4,1624829657.073170000,ns1,/media/batool/MULTIMODAL_DATA/Multimodal_Data/Cat1/opposite/bag_files/Cat1_20mph_lr_opposite_4/lidar_pcd/ns1/velodyne_points/1624829657.073170000.pcd
Cat1,20mph,lr,opposite,4,1624829657.174020000,ns1,/media/batool/MULTIMODAL_DATA/Multimodal_Data/Cat1/opposite/bag_files/Cat1_20mph_lr_opposite_4/lidar_pcd/ns1/velodyne_points/1624829657.174020000.pcd
Cat1,20mph,lr,opposite,4,1624829657.274876000,ns1,/media/batool/MULTIMODAL_DATA/Multimodal_Data/Cat1/opposite/bag_files/Cat1_20mph_lr_opposite_4/lidar_pcd/ns1/velodyne_points/1624829657.274876000.pcd
Cat1,20mph,lr,opposite,4,1624829657.476582000,ns1,/media/batool/MULTIMODAL_DATA/Multimodal_Data/Cat1/opposite/bag_files/Cat1_20mph_lr_opposite_4/lidar_pcd/ns1/velodyne_points/1624829657.476582000.pcd
Cat1,20mph,lr,opposite,4,1624829657.577393000,ns1,/media/batool/MULTIMODAL_DATA/Multimodal_Data/Cat1/opposite/bag_files/Cat1_20mph_lr_opposite_4/lidar_pcd/ns1/velodyne_points/1624829657.577393000.pcd
Cat1,20mph,lr,opposite,4,1624829657.678253000,ns1,/media/batool/MULTIMODAL_DATA/Multimodal_Data/Cat1/opposite/bag_files/Cat1_20mph_lr_opposite_4/lidar_pcd/ns1/velodyne_points/1624829657.678253000.pcd
Cat1,20mph,lr,opposite,4,1624829657.779137000,ns1,/media/batool/MULTIMODAL_DATA/Multimodal_Data/Cat1/opposite/bag_files/Cat1_20mph_lr_opposite_4/lidar_pcd/ns1/velodyne_points/1624829657.779137000.pcd
Cat1,20mph,lr,opposite,4,1624829657.879993000,ns1,/media/batool/MULTIMODAL_DATA/Multimodal_Data/Cat1/opposite/bag_files/Cat1_20mph_lr_opposite_4/lidar_pcd/ns1/velodyne_points/1624829657.879993000.pcd
Cat1,20mph,lr,opposite,4,1624829657.980875000,ns1,/media/batool/MULTIMODAL_DATA/Multimodal_Data/Cat1/opposite/bag_files/Cat1_20mph_lr_opposite_4/lidar_pcd/ns1/velodyne_points/1624829657.980875000.pcd
Cat1,20mph,lr,opposite,4,1624829658.081741000,ns1,/media/batool/MULTIMODAL_DATA/Multimodal_Data/Cat1/opposite/bag_files/Cat1_20mph_lr_opposite_4/lidar_pcd/ns1/velodyne_points/1624829658.081741000.pcd
Cat1,20mph,lr,opposite,4,1624829658.182573000,ns1,/media/batool/MULTIMODAL_DATA/Multimodal_Data/Cat1/opposite/bag_files/Cat1_20mph_lr_opposite_4/lidar_pcd/ns1/velodyne_points/1624829658.182573000.pcd
Cat1,20mph,lr,opposite,4,1624829658.283407000,ns1,/media/batool/MULTIMODAL_DATA/Multimodal_Data/Cat1/opposite/bag_files/Cat1_20mph_lr_opposite_4/lidar_pcd/ns1/velodyne_points/1624829658.283407000.pcd
Cat1,20mph,lr,opposite,4,1624829658.384265000,ns1,/media/batool/MULTIMODAL_DATA/Multimodal_Data/Cat1/opposite/bag_files/Cat1_20mph_lr_opposite_4/lidar_pcd/ns1/velodyne_points/1624829658.384265000.pcd
Cat1,20mph,lr,opposite,4,1624829658.485121000,ns1,/media/batool/MULTIMODAL_DATA/Multimodal_Data/Cat1/opposite/bag_files/Cat1_20mph_lr_opposite_4/lidar_pcd/ns1/velodyne_points/1624829658.485121000.pcd
Cat1,20mph,lr,opposite,4,1624829658.586017000,ns1,/media/batool/MULTIMODAL_DATA/Multimodal_Data/Cat1/opposite/bag_files/Cat1_20mph_lr_opposite_4/lidar_pcd/ns1/velodyne_points/1624829658.586017000.pcd
Cat1,20mph,lr,opposite,4,1624829658.686872000,ns1,/media/batool/MULTIMODAL_DATA/Multimodal_Data/Cat1/opposite/bag_files/Cat1_20mph_lr_opposite_4/lidar_pcd/ns1/velodyne_points/1624829658.686872000.pcd
Cat1,20mph,lr,opposite,4,1624829658.787728000,ns1,/media/batool/MULTIMODAL_DATA/Multimodal_Data/Cat1/opposite/bag_files/Cat1_20mph_lr_opposite_4/lidar_pcd/ns1/velodyne_points/1624829658.787728000.pcd
Cat1,20mph,lr,opposite,4,1624829658.989429000,ns1,/media/batool/MULTIMODAL_DATA/Multimodal_Data/Cat1/opposite/bag_files/Cat1_20mph_lr_opposite_4/lidar_pcd/ns1/velodyne_points/1624829658.989429000.pcd
Cat1,20mph,lr,opposite,4,1624829659.090303000,ns1,/media/batool/MULTIMODAL_DATA/Multimodal_Data/Cat1/opposite/bag_files/Cat1_20mph_lr_opposite_4/lidar_pcd/ns1/velodyne_points/1624829659.090303000.pcd
Cat1,20mph,lr,opposite,4,1624829659.191157000,ns1,/media/batool/MULTIMODAL_DATA/Multimodal_Data/Cat1/opposite/bag_files/Cat1_20mph_lr_opposite_4/lidar_pcd/ns1/velodyne_points/1624829659.191157000.pcd
Cat1,20mph,lr,opposite,4,1624829659.291991000,ns1,/media/batool/MULTIMODAL_DATA/Multimodal_Data/Cat1/opposite/bag_files/Cat1_20mph_lr_opposite_4/lidar_pcd/ns1/velodyne_points/1624829659.291991000.pcd
Cat1,20mph,lr,opposite,4,1624829659.392870000,ns1,/media/batool/MULTIMODAL_DATA/Multimodal_Data/Cat1/opposite/bag_files/Cat1_20mph_lr_opposite_4/lidar_pcd/ns1/velodyne_points/1624829659.392870000.pcd
Cat1,20mph,lr,opposite,4,1624829659.493671000,ns1,/media/batool/MULTIMODAL_DATA/Multimodal_Data/Cat1/opposite/bag_files/Cat1_20mph_lr_opposite_4/lidar_pcd/ns1/velodyne_points/1624829659.493671000.pcd
Cat1,20mph,lr,opposite,4,1624829659.594532000,ns1,/media/batool/MULTIMODAL_DATA/Multimodal_Data/Cat1/opposite/bag_files/Cat1_20mph_lr_opposite_4/lidar_pcd/ns1/velodyne_points/1624829659.594532000.pcd
Cat1,20mph,lr,opposite,4,1624829659.695431000,ns1,/media/batool/MULTIMODAL_DATA/Multimodal_Data/Cat1/opposite/bag_files/Cat1_20mph_lr_opposite_4/lidar_pcd/ns1/velodyne_points/1624829659.695431000.pcd
Cat1,20mph,lr,opposite,4,1624829659.796265000,ns1,/media/batool/MULTIMODAL_DATA/Multimodal_Data/Cat1/opposite/bag_files/Cat1_20mph_lr_opposite_4/lidar_pcd/ns1/velodyne_points/1624829659.796265000.pcd
Cat1,20mph,lr,opposite,4,1624829659.897187000,ns1,/media/batool/MULTIMODAL_DATA/Multimodal_Data/Cat1/opposite/bag_files/Cat1_20mph_lr_opposite_4/lidar_pcd/ns1/velodyne_points/1624829659.897187000.pcd
Cat1,20mph,lr,opposite,4,1624829659.997975000,ns1,/media/batool/MULTIMODAL_DATA/Multimodal_Data/Cat1/opposite/bag_files/Cat1_20mph_lr_opposite_4/lidar_pcd/ns1/velodyne_points/1624829659.997975000.pcd
Cat1,20mph,lr,opposite,4,1624829660.098854000,ns1,/media/batool/MULTIMODAL_DATA/Multimodal_Data/Cat1/opposite/bag_files/Cat1_20mph_lr_opposite_4/lidar_pcd/ns1/velodyne_points/1624829660.098854000.pcd
Cat1,20mph,lr,opposite,4,1624829660.199722000,ns1,/media/batool/MULTIMODAL_DATA/Multimodal_Data/Cat1/opposite/bag_files/Cat1_20mph_lr_opposite_4/lidar_pcd/ns1/velodyne_points/1624829660.199722000.pcd
Cat1,20mph,lr,opposite,4,1624829660.300575000,ns1,/media/batool/MULTIMODAL_DATA/Multimodal_Data/Cat1/opposite/bag_files/Cat1_20mph_lr_opposite_4/lidar_pcd/ns1/velodyne_points/1624829660.300575000.pcd
Cat1,20mph,lr,opposite,4,1624829660.502290000,ns1,/media/batool/MULTIMODAL_DATA/Multimodal_Data/Cat1/opposite/bag_files/Cat1_20mph_lr_opposite_4/lidar_pcd/ns1/velodyne_points/1624829660.502290000.pcd
Cat1,20mph,lr,opposite,4,1624829660.603112000,ns1,/media/batool/MULTIMODAL_DATA/Multimodal_Data/Cat1/opposite/bag_files/Cat1_20mph_lr_opposite_4/lidar_pcd/ns1/velodyne_points/1624829660.603112000.pcd
Cat1,20mph,lr,opposite,4,1624829660.703950000,ns1,/media/batool/MULTIMODAL_DATA/Multimodal_Data/Cat1/opposite/bag_files/Cat1_20mph_lr_opposite_4/lidar_pcd/ns1/velodyne_points/1624829660.703950000.pcd
Cat1,20mph,lr,opposite,4,1624829660.804865000,ns1,/media/batool/MULTIMODAL_DATA/Multimodal_Data/Cat1/opposite/bag_files/Cat1_20mph_lr_opposite_4/lidar_pcd/ns1/velodyne_points/1624829660.804865000.pcd
Cat1,20mph,lr,opposite,4,1624829660.905721000,ns1,/media/batool/MULTIMODAL_DATA/Multimodal_Data/Cat1/opposite/bag_files/Cat1_20mph_lr_opposite_4/lidar_pcd/ns1/velodyne_points/1624829660.905721000.pcd
Cat1,20mph,lr,opposite,4,1624829661.006563000,ns1,/media/batool/MULTIMODAL_DATA/Multimodal_Data/Cat1/opposite/bag_files/Cat1_20mph_lr_opposite_4/lidar_pcd/ns1/velodyne_points/1624829661.006563000.pcd
Cat1,20mph,lr,opposite,4,1624829661.107435000,ns1,/media/batool/MULTIMODAL_DATA/Multimodal_Data/Cat1/opposite/bag_files/Cat1_20mph_lr_opposite_4/lidar_pcd/ns1/velodyne_points/1624829661.107435000.pcd
Cat1,20mph,lr,opposite,4,1624829661.208252000,ns1,/media/batool/MULTIMODAL_DATA/Multimodal_Data/Cat1/opposite/bag_files/Cat1_20mph_lr_opposite_4/lidar_pcd/ns1/velodyne_points/1624829661.208252000.pcd
Cat1,20mph,lr,opposite,4,1624829661.309183000,ns1,/media/batool/MULTIMODAL_DATA/Multimodal_Data/Cat1/opposite/bag_files/Cat1_20mph_lr_opposite_4/lidar_pcd/ns1/velodyne_points/1624829661.309183000.pcd
Cat1,20mph,lr,opposite,4,1624829661.410037000,ns1,/media/batool/MULTIMODAL_DATA/Multimodal_Data/Cat1/opposite/bag_files/Cat1_20mph_lr_opposite_4/lidar_pcd/ns1/velodyne_points/1624829661.410037000.pcd
Cat1,20mph,lr,opposite,4,1624829661.510850000,ns1,/media/batool/MULTIMODAL_DATA/Multimodal_Data/Cat1/opposite/bag_files/Cat1_20mph_lr_opposite_4/lidar_pcd/ns1/velodyne_points/1624829661.510850000.pcd
Cat1,20mph,lr,opposite,4,1624829661.611684000,ns1,/media/batool/MULTIMODAL_DATA/Multimodal_Data/Cat1/opposite/bag_files/Cat1_20mph_lr_opposite_4/lidar_pcd/ns1/velodyne_points/1624829661.611684000.pcd
Cat1,20mph,lr,opposite,4,1624829661.712536000,ns1,/media/batool/MULTIMODAL_DATA/Multimodal_Data/Cat1/opposite/bag_files/Cat1_20mph_lr_opposite_4/lidar_pcd/ns1/velodyne_points/1624829661.712536000.pcd
Cat1,20mph,lr,opposite,4,1624829661.813399000,ns1,/media/batool/MULTIMODAL_DATA/Multimodal_Data/Cat1/opposite/bag_files/Cat1_20mph_lr_opposite_4/lidar_pcd/ns1/velodyne_points/1624829661.813399000.pcd
Cat1,20mph,lr,opposite,4,1624829662.015139000,ns1,/media/batool/MULTIMODAL_DATA/Multimodal_Data/Cat1/opposite/bag_files/Cat1_20mph_lr_opposite_4/lidar_pcd/ns1/velodyne_points/1624829662.015139000.pcd
Cat1,20mph,lr,opposite,4,1624829662.115997000,ns1,/media/batool/MULTIMODAL_DATA/Multimodal_Data/Cat1/opposite/bag_files/Cat1_20mph_lr_opposite_4/lidar_pcd/ns1/velodyne_points/1624829662.115997000.pcd
Cat1,20mph,lr,opposite,4,1624829662.216810000,ns1,/media/batool/MULTIMODAL_DATA/Multimodal_Data/Cat1/opposite/bag_files/Cat1_20mph_lr_opposite_4/lidar_pcd/ns1/velodyne_points/1624829662.216810000.pcd
Cat1,20mph,lr,opposite,4,1624829662.317710000,ns1,/media/batool/MULTIMODAL_DATA/Multimodal_Data/Cat1/opposite/bag_files/Cat1_20mph_lr_opposite_4/lidar_pcd/ns1/velodyne_points/1624829662.317710000.pcd
Cat1,20mph,lr,opposite,4,1624829662.418556000,ns1,/media/batool/MULTIMODAL_DATA/Multimodal_Data/Cat1/opposite/bag_files/Cat1_20mph_lr_opposite_4/lidar_pcd/ns1/velodyne_points/1624829662.418556000.pcd
Cat1,20mph,lr,opposite,4,1624829662.519420000,ns1,/media/batool/MULTIMODAL_DATA/Multimodal_Data/Cat1/opposite/bag_files/Cat1_20mph_lr_opposite_4/lidar_pcd/ns1/velodyne_points/1624829662.519420000.pcd
Cat1,20mph,lr,opposite,4,1624829662.620241000,ns1,/media/batool/MULTIMODAL_DATA/Multimodal_Data/Cat1/opposite/bag_files/Cat1_20mph_lr_opposite_4/lidar_pcd/ns1/velodyne_points/1624829662.620241000.pcd
Cat1,20mph,lr,opposite,4,1624829662.721086000,ns1,/media/batool/MULTIMODAL_DATA/Multimodal_Data/Cat1/opposite/bag_files/Cat1_20mph_lr_opposite_4/lidar_pcd/ns1/velodyne_points/1624829662.721086000.pcd
Cat1,20mph,lr,opposite,4,1624829662.821987000,ns1,/media/batool/MULTIMODAL_DATA/Multimodal_Data/Cat1/opposite/bag_files/Cat1_20mph_lr_opposite_4/lidar_pcd/ns1/velodyne_points/1624829662.821987000.pcd
Cat1,20mph,lr,opposite,4,1624829662.922821000,ns1,/media/batool/MULTIMODAL_DATA/Multimodal_Data/Cat1/opposite/bag_files/Cat1_20mph_lr_opposite_4/lidar_pcd/ns1/velodyne_points/1624829662.922821000.pcd
Cat1,20mph,lr,opposite,4,1624829663.023693000,ns1,/media/batool/MULTIMODAL_DATA/Multimodal_Data/Cat1/opposite/bag_files/Cat1_20mph_lr_opposite_4/lidar_pcd/ns1/velodyne_points/1624829663.023693000.pcd
Cat1,20mph,lr,opposite,4,1624829663.124574000,ns1,/media/batool/MULTIMODAL_DATA/Multimodal_Data/Cat1/opposite/bag_files/Cat1_20mph_lr_opposite_4/lidar_pcd/ns1/velodyne_points/1624829663.124574000.pcd
Cat1,20mph,lr,opposite,4,1624829663.225407000,ns1,/media/batool/MULTIMODAL_DATA/Multimodal_Data/Cat1/opposite/bag_files/Cat1_20mph_lr_opposite_4/lidar_pcd/ns1/velodyne_points/1624829663.225407000.pcd
Cat1,20mph,lr,opposite,4,1624829663.326287000,ns1,/media/batool/MULTIMODAL_DATA/Multimodal_Data/Cat1/opposite/bag_files/Cat1_20mph_lr_opposite_4/lidar_pcd/ns1/velodyne_points/1624829663.326287000.pcd
Cat1,20mph,lr,opposite,4,1624829663.527945000,ns1,/media/batool/MULTIMODAL_DATA/Multimodal_Data/Cat1/opposite/bag_files/Cat1_20mph_lr_opposite_4/lidar_pcd/ns1/velodyne_points/1624829663.527945000.pcd
Cat1,20mph,lr,opposite,4,1624829663.628828000,ns1,/media/batool/MULTIMODAL_DATA/Multimodal_Data/Cat1/opposite/bag_files/Cat1_20mph_lr_opposite_4/lidar_pcd/ns1/velodyne_points/1624829663.628828000.pcd
Cat1,20mph,lr,opposite,4,1624829663.729686000,ns1,/media/batool/MULTIMODAL_DATA/Multimodal_Data/Cat1/opposite/bag_files/Cat1_20mph_lr_opposite_4/lidar_pcd/ns1/velodyne_points/1624829663.729686000.pcd
Cat1,20mph,lr,opposite,4,1624829663.830539000,ns1,/media/batool/MULTIMODAL_DATA/Multimodal_Data/Cat1/opposite/bag_files/Cat1_20mph_lr_opposite_4/lidar_pcd/ns1/velodyne_points/1624829663.830539000.pcd
Cat1,20mph,lr,opposite,4,1624829663.931411000,ns1,/media/batool/MULTIMODAL_DATA/Multimodal_Data/Cat1/opposite/bag_files/Cat1_20mph_lr_opposite_4/lidar_pcd/ns1/velodyne_points/1624829663.931411000.pcd
Cat1,20mph,lr,opposite,4,1624829664.032268000,ns1,/media/batool/MULTIMODAL_DATA/Multimodal_Data/Cat1/opposite/bag_files/Cat1_20mph_lr_opposite_4/lidar_pcd/ns1/velodyne_points/1624829664.032268000.pcd
Cat1,20mph,lr,opposite,4,1624829664.133084000,ns1,/media/batool/MULTIMODAL_DATA/Multimodal_Data/Cat1/opposite/bag_files/Cat1_20mph_lr_opposite_4/lidar_pcd/ns1/velodyne_points/1624829664.133084000.pcd
Cat1,20mph,lr,opposite,4,1624829664.233963000,ns1,/media/batool/MULTIMODAL_DATA/Multimodal_Data/Cat1/opposite/bag_files/Cat1_20mph_lr_opposite_4/lidar_pcd/ns1/velodyne_points/1624829664.233963000.pcd
Cat1,20mph,lr,opposite,4,1624829664.334810000,ns1,/media/batool/MULTIMODAL_DATA/Multimodal_Data/Cat1/opposite/bag_files/Cat1_20mph_lr_opposite_4/lidar_pcd/ns1/velodyne_points/1624829664.334810000.pcd
Cat1,20mph,lr,opposite,4,1624829664.435705000,ns1,/media/batool/MULTIMODAL_DATA/Multimodal_Data/Cat1/opposite/bag_files/Cat1_20mph_lr_opposite_4/lidar_pcd/ns1/velodyne_points/1624829664.435705000.pcd
Cat1,20mph,lr,opposite,4,1624829664.536556000,ns1,/media/batool/MULTIMODAL_DATA/Multimodal_Data/Cat1/opposite/bag_files/Cat1_20mph_lr_opposite_4/lidar_pcd/ns1/velodyne_points/1624829664.536556000.pcd
Cat1,20mph,lr,opposite,4,1624829664.637413000,ns1,/media/batool/MULTIMODAL_DATA/Multimodal_Data/Cat1/opposite/bag_files/Cat1_20mph_lr_opposite_4/lidar_pcd/ns1/velodyne_points/1624829664.637413000.pcd
Cat1,20mph,lr,opposite,4,1624829664.738296000,ns1,/media/batool/MULTIMODAL_DATA/Multimodal_Data/Cat1/opposite/bag_files/Cat1_20mph_lr_opposite_4/lidar_pcd/ns1/velodyne_points/1624829664.738296000.pcd
Cat1,20mph,lr,opposite,4,1624829664.839103000,ns1,/media/batool/MULTIMODAL_DATA/Multimodal_Data/Cat1/opposite/bag_files/Cat1_20mph_lr_opposite_4/lidar_pcd/ns1/velodyne_points/1624829664.839103000.pcd
Cat1,20mph,lr,opposite,4,1624829665.040842000,ns1,/media/batool/MULTIMODAL_DATA/Multimodal_Data/Cat1/opposite/bag_files/Cat1_20mph_lr_opposite_4/lidar_pcd/ns1/velodyne_points/1624829665.040842000.pcd
Cat1,20mph,lr,opposite,4,1624829665.141717000,ns1,/media/batool/MULTIMODAL_DATA/Multimodal_Data/Cat1/opposite/bag_files/Cat1_20mph_lr_opposite_4/lidar_pcd/ns1/velodyne_points/1624829665.141717000.pcd
Cat1,20mph,lr,opposite,4,1624829665.242551000,ns1,/media/batool/MULTIMODAL_DATA/Multimodal_Data/Cat1/opposite/bag_files/Cat1_20mph_lr_opposite_4/lidar_pcd/ns1/velodyne_points/1624829665.242551000.pcd
Cat1,20mph,lr,opposite,4,1624829665.343420000,ns1,/media/batool/MULTIMODAL_DATA/Multimodal_Data/Cat1/opposite/bag_files/Cat1_20mph_lr_opposite_4/lidar_pcd/ns1/velodyne_points/1624829665.343420000.pcd
Cat1,20mph,lr,opposite,4,1624829665.444281000,ns1,/media/batool/MULTIMODAL_DATA/Multimodal_Data/Cat1/opposite/bag_files/Cat1_20mph_lr_opposite_4/lidar_pcd/ns1/velodyne_points/1624829665.444281000.pcd
Cat1,20mph,lr,opposite,4,1624829665.545099000,ns1,/media/batool/MULTIMODAL_DATA/Multimodal_Data/Cat1/opposite/bag_files/Cat1_20mph_lr_opposite_4/lidar_pcd/ns1/velodyne_points/1624829665.545099000.pcd
Cat1,20mph,lr,opposite,4,1624829665.645993000,ns1,/media/batool/MULTIMODAL_DATA/Multimodal_Data/Cat1/opposite/bag_files/Cat1_20mph_lr_opposite_4/lidar_pcd/ns1/velodyne_points/1624829665.645993000.pcd
Cat1,20mph,lr,opposite,4,1624829665.746837000,ns1,/media/batool/MULTIMODAL_DATA/Multimodal_Data/Cat1/opposite/bag_files/Cat1_20mph_lr_opposite_4/lidar_pcd/ns1/velodyne_points/1624829665.746837000.pcd
Cat1,20mph,lr,opposite,4,1624829665.847690000,ns1,/media/batool/MULTIMODAL_DATA/Multimodal_Data/Cat1/opposite/bag_files/Cat1_20mph_lr_opposite_4/lidar_pcd/ns1/velodyne_points/1624829665.847690000.pcd
Cat1,20mph,lr,opposite,4,1624829665.948561000,ns1,/media/batool/MULTIMODAL_DATA/Multimodal_Data/Cat1/opposite/bag_files/Cat1_20mph_lr_opposite_4/lidar_pcd/ns1/velodyne_points/1624829665.948561000.pcd
Cat1,20mph,lr,opposite,4,1624829666.049382000,ns1,/media/batool/MULTIMODAL_DATA/Multimodal_Data/Cat1/opposite/bag_files/Cat1_20mph_lr_opposite_4/lidar_pcd/ns1/velodyne_points/1624829666.049382000.pcd
Cat1,20mph,lr,opposite,4,1624829666.150278000,ns1,/media/batool/MULTIMODAL_DATA/Multimodal_Data/Cat1/opposite/bag_files/Cat1_20mph_lr_opposite_4/lidar_pcd/ns1/velodyne_points/1624829666.150278000.pcd
Cat1,20mph,lr,opposite,4,1624829666.251117000,ns1,/media/batool/MULTIMODAL_DATA/Multimodal_Data/Cat1/opposite/bag_files/Cat1_20mph_lr_opposite_4/lidar_pcd/ns1/velodyne_points/1624829666.251117000.pcd
Cat1,20mph,lr,opposite,4,1624829666.351957000,ns1,/media/batool/MULTIMODAL_DATA/Multimodal_Data/Cat1/opposite/bag_files/Cat1_20mph_lr_opposite_4/lidar_pcd/ns1/velodyne_points/1624829666.351957000.pcd
Cat1,20mph,lr,opposite,4,1624829666.553702000,ns1,/media/batool/MULTIMODAL_DATA/Multimodal_Data/Cat1/opposite/bag_files/Cat1_20mph_lr_opposite_4/lidar_pcd/ns1/velodyne_points/1624829666.553702000.pcd
Cat1,20mph,lr,opposite,4,1624829666.654547000,ns1,/media/batool/MULTIMODAL_DATA/Multimodal_Data/Cat1/opposite/bag_files/Cat1_20mph_lr_opposite_4/lidar_pcd/ns1/velodyne_points/1624829666.654547000.pcd
Cat1,20mph,lr,opposite,4,1624829666.755417000,ns1,/media/batool/MULTIMODAL_DATA/Multimodal_Data/Cat1/opposite/bag_files/Cat1_20mph_lr_opposite_4/lidar_pcd/ns1/velodyne_points/1624829666.755417000.pcd
Cat1,20mph,lr,opposite,4,1624829666.856273000,ns1,/media/batool/MULTIMODAL_DATA/Multimodal_Data/Cat1/opposite/bag_files/Cat1_20mph_lr_opposite_4/lidar_pcd/ns1/velodyne_points/1624829666.856273000.pcd
Cat1,20mph,lr,opposite,4,1624829666.957111000,ns1,/media/batool/MULTIMODAL_DATA/Multimodal_Data/Cat1/opposite/bag_files/Cat1_20mph_lr_opposite_4/lidar_pcd/ns1/velodyne_points/1624829666.957111000.pcd
Cat1,20mph,lr,opposite,4,1624829667.057933000,ns1,/media/batool/MULTIMODAL_DATA/Multimodal_Data/Cat1/opposite/bag_files/Cat1_20mph_lr_opposite_4/lidar_pcd/ns1/velodyne_points/1624829667.057933000.pcd
Cat1,20mph,lr,opposite,4,1624829667.158788000,ns1,/media/batool/MULTIMODAL_DATA/Multimodal_Data/Cat1/opposite/bag_files/Cat1_20mph_lr_opposite_4/lidar_pcd/ns1/velodyne_points/1624829667.158788000.pcd
Cat1,20mph,lr,opposite,4,1624829667.259679000,ns1,/media/batool/MULTIMODAL_DATA/Multimodal_Data/Cat1/opposite/bag_files/Cat1_20mph_lr_opposite_4/lidar_pcd/ns1/velodyne_points/1624829667.259679000.pcd
Cat1,20mph,lr,opposite,4,1624829667.360533000,ns1,/media/batool/MULTIMODAL_DATA/Multimodal_Data/Cat1/opposite/bag_files/Cat1_20mph_lr_opposite_4/lidar_pcd/ns1/velodyne_points/1624829667.360533000.pcd
Cat1,20mph,lr,opposite,4,1624829667.461390000,ns1,/media/batool/MULTIMODAL_DATA/Multimodal_Data/Cat1/opposite/bag_files/Cat1_20mph_lr_opposite_4/lidar_pcd/ns1/velodyne_points/1624829667.461390000.pcd
Cat1,20mph,lr,opposite,4,1624829667.562244000,ns1,/media/batool/MULTIMODAL_DATA/Multimodal_Data/Cat1/opposite/bag_files/Cat1_20mph_lr_opposite_4/lidar_pcd/ns1/velodyne_points/1624829667.562244000.pcd
Cat1,20mph,lr,opposite,4,1624829667.663118000,ns1,/media/batool/MULTIMODAL_DATA/Multimodal_Data/Cat1/opposite/bag_files/Cat1_20mph_lr_opposite_4/lidar_pcd/ns1/velodyne_points/1624829667.663118000.pcd
Cat1,20mph,lr,opposite,4,1624829667.763963000,ns1,/media/batool/MULTIMODAL_DATA/Multimodal_Data/Cat1/opposite/bag_files/Cat1_20mph_lr_opposite_4/lidar_pcd/ns1/velodyne_points/1624829667.763963000.pcd
Cat1,20mph,lr,opposite,4,1624829667.864819000,ns1,/media/batool/MULTIMODAL_DATA/Multimodal_Data/Cat1/opposite/bag_files/Cat1_20mph_lr_opposite_4/lidar_pcd/ns1/velodyne_points/1624829667.864819000.pcd
Cat1,20mph,lr,opposite,4,1624829668.066533000,ns1,/media/batool/MULTIMODAL_DATA/Multimodal_Data/Cat1/opposite/bag_files/Cat1_20mph_lr_opposite_4/lidar_pcd/ns1/velodyne_points/1624829668.066533000.pcd
Cat1,20mph,lr,opposite,4,1624829668.167414000,ns1,/media/batool/MULTIMODAL_DATA/Multimodal_Data/Cat1/opposite/bag_files/Cat1_20mph_lr_opposite_4/lidar_pcd/ns1/velodyne_points/1624829668.167414000.pcd
Cat1,20mph,lr,opposite,4,1624829668.268252000,ns1,/media/batool/MULTIMODAL_DATA/Multimodal_Data/Cat1/opposite/bag_files/Cat1_20mph_lr_opposite_4/lidar_pcd/ns1/velodyne_points/1624829668.268252000.pcd
Cat1,20mph,lr,opposite,4,1624829668.369092000,ns1,/media/batool/MULTIMODAL_DATA/Multimodal_Data/Cat1/opposite/bag_files/Cat1_20mph_lr_opposite_4/lidar_pcd/ns1/velodyne_points/1624829668.369092000.pcd
Cat1,20mph,lr,opposite,4,1624829668.469982000,ns1,/media/batool/MULTIMODAL_DATA/Multimodal_Data/Cat1/opposite/bag_files/Cat1_20mph_lr_opposite_4/lidar_pcd/ns1/velodyne_points/1624829668.469982000.pcd
Cat1,20mph,lr,opposite,4,1624829668.570839000,ns1,/media/batool/MULTIMODAL_DATA/Multimodal_Data/Cat1/opposite/bag_files/Cat1_20mph_lr_opposite_4/lidar_pcd/ns1/velodyne_points/1624829668.570839000.pcd
Cat1,20mph,lr,opposite,4,1624829668.671682000,ns1,/media/batool/MULTIMODAL_DATA/Multimodal_Data/Cat1/opposite/bag_files/Cat1_20mph_lr_opposite_4/lidar_pcd/ns1/velodyne_points/1624829668.671682000.pcd
Cat1,20mph,lr,opposite,4,1624829668.772536000,ns1,/media/batool/MULTIMODAL_DATA/Multimodal_Data/Cat1/opposite/bag_files/Cat1_20mph_lr_opposite_4/lidar_pcd/ns1/velodyne_points/1624829668.772536000.pcd
Cat1,20mph,lr,opposite,4,1624829668.873375000,ns1,/media/batool/MULTIMODAL_DATA/Multimodal_Data/Cat1/opposite/bag_files/Cat1_20mph_lr_opposite_4/lidar_pcd/ns1/velodyne_points/1624829668.873375000.pcd
Cat1,20mph,lr,opposite,4,1624829668.974267000,ns1,/media/batool/MULTIMODAL_DATA/Multimodal_Data/Cat1/opposite/bag_files/Cat1_20mph_lr_opposite_4/lidar_pcd/ns1/velodyne_points/1624829668.974267000.pcd
Cat1,20mph,lr,opposite,4,1624829669.075106000,ns1,/media/batool/MULTIMODAL_DATA/Multimodal_Data/Cat1/opposite/bag_files/Cat1_20mph_lr_opposite_4/lidar_pcd/ns1/velodyne_points/1624829669.075106000.pcd
Cat1,20mph,lr,opposite,4,1624829669.175959000,ns1,/media/batool/MULTIMODAL_DATA/Multimodal_Data/Cat1/opposite/bag_files/Cat1_20mph_lr_opposite_4/lidar_pcd/ns1/velodyne_points/1624829669.175959000.pcd
Cat1,20mph,lr,opposite,4,1624829669.276836000,ns1,/media/batool/MULTIMODAL_DATA/Multimodal_Data/Cat1/opposite/bag_files/Cat1_20mph_lr_opposite_4/lidar_pcd/ns1/velodyne_points/1624829669.276836000.pcd
Cat1,20mph,lr,opposite,4,1624829669.377651000,ns1,/media/batool/MULTIMODAL_DATA/Multimodal_Data/Cat1/opposite/bag_files/Cat1_20mph_lr_opposite_4/lidar_pcd/ns1/velodyne_points/1624829669.377651000.pcd
Cat1,20mph,lr,opposite,4,1624829669.478540000,ns1,/media/batool/MULTIMODAL_DATA/Multimodal_Data/Cat1/opposite/bag_files/Cat1_20mph_lr_opposite_4/lidar_pcd/ns1/velodyne_points/1624829669.478540000.pcd
Cat1,20mph,lr,opposite,4,1624829669.579400000,ns1,/media/batool/MULTIMODAL_DATA/Multimodal_Data/Cat1/opposite/bag_files/Cat1_20mph_lr_opposite_4/lidar_pcd/ns1/velodyne_points/1624829669.579400000.pcd
Cat1,20mph,lr,opposite,4,1624829669.680268000,ns1,/media/batool/MULTIMODAL_DATA/Multimodal_Data/Cat1/opposite/bag_files/Cat1_20mph_lr_opposite_4/lidar_pcd/ns1/velodyne_points/1624829669.680268000.pcd
Cat1,20mph,lr,opposite,4,1624829669.781130000,ns1,/media/batool/MULTIMODAL_DATA/Multimodal_Data/Cat1/opposite/bag_files/Cat1_20mph_lr_opposite_4/lidar_pcd/ns1/velodyne_points/1624829669.781130000.pcd
Cat1,20mph,lr,opposite,4,1624829669.881967000,ns1,/media/batool/MULTIMODAL_DATA/Multimodal_Data/Cat1/opposite/bag_files/Cat1_20mph_lr_opposite_4/lidar_pcd/ns1/velodyne_points/1624829669.881967000.pcd
Cat1,20mph,lr,opposite,4,1624829669.982837000,ns1,/media/batool/MULTIMODAL_DATA/Multimodal_Data/Cat1/opposite/bag_files/Cat1_20mph_lr_opposite_4/lidar_pcd/ns1/velodyne_points/1624829669.982837000.pcd
Cat1,20mph,lr,opposite,4,1624829670.083683000,ns1,/media/batool/MULTIMODAL_DATA/Multimodal_Data/Cat1/opposite/bag_files/Cat1_20mph_lr_opposite_4/lidar_pcd/ns1/velodyne_points/1624829670.083683000.pcd
Cat1,20mph,lr,opposite,4,1624829670.184550000,ns1,/media/batool/MULTIMODAL_DATA/Multimodal_Data/Cat1/opposite/bag_files/Cat1_20mph_lr_opposite_4/lidar_pcd/ns1/velodyne_points/1624829670.184550000.pcd
