Category,speed,direction,lane,episode,Time header,Image_path
Cat1,10mph,lr,opposite,9,1624825293.21255,/media/batool/MULTIMODAL_DATA/Multimodal_Data/Cat1/opposite/bag_files/Cat1_10mph_lr_opposite_9/camera_images/1624825293.21255.jpg
Cat1,10mph,lr,opposite,9,1624825293.2458832,/media/batool/MULTIMODAL_DATA/Multimodal_Data/Cat1/opposite/bag_files/Cat1_10mph_lr_opposite_9/camera_images/1624825293.2458832.jpg
Cat1,10mph,lr,opposite,9,1624825293.2792165,/media/batool/MULTIMODAL_DATA/Multimodal_Data/Cat1/opposite/bag_files/Cat1_10mph_lr_opposite_9/camera_images/1624825293.2792165.jpg
Cat1,10mph,lr,opposite,9,1624825293.3125498,/media/batool/MULTIMODAL_DATA/Multimodal_Data/Cat1/opposite/bag_files/Cat1_10mph_lr_opposite_9/camera_images/1624825293.3125498.jpg
Cat1,10mph,lr,opposite,9,1624825293.3458831,/media/batool/MULTIMODAL_DATA/Multimodal_Data/Cat1/opposite/bag_files/Cat1_10mph_lr_opposite_9/camera_images/1624825293.3458831.jpg
Cat1,10mph,lr,opposite,9,1624825293.3792164,/media/batool/MULTIMODAL_DATA/Multimodal_Data/Cat1/opposite/bag_files/Cat1_10mph_lr_opposite_9/camera_images/1624825293.3792164.jpg
Cat1,10mph,lr,opposite,9,1624825293.4125497,/media/batool/MULTIMODAL_DATA/Multimodal_Data/Cat1/opposite/bag_files/Cat1_10mph_lr_opposite_9/camera_images/1624825293.4125497.jpg
Cat1,10mph,lr,opposite,9,1624825293.445883,/media/batool/MULTIMODAL_DATA/Multimodal_Data/Cat1/opposite/bag_files/Cat1_10mph_lr_opposite_9/camera_images/1624825293.445883.jpg
Cat1,10mph,lr,opposite,9,1624825293.4792163,/media/batool/MULTIMODAL_DATA/Multimodal_Data/Cat1/opposite/bag_files/Cat1_10mph_lr_opposite_9/camera_images/1624825293.4792163.jpg
Cat1,10mph,lr,opposite,9,1624825293.5125496,/media/batool/MULTIMODAL_DATA/Multimodal_Data/Cat1/opposite/bag_files/Cat1_10mph_lr_opposite_9/camera_images/1624825293.5125496.jpg
Cat1,10mph,lr,opposite,9,1624825293.545883,/media/batool/MULTIMODAL_DATA/Multimodal_Data/Cat1/opposite/bag_files/Cat1_10mph_lr_opposite_9/camera_images/1624825293.545883.jpg
Cat1,10mph,lr,opposite,9,1624825293.5792162,/media/batool/MULTIMODAL_DATA/Multimodal_Data/Cat1/opposite/bag_files/Cat1_10mph_lr_opposite_9/camera_images/1624825293.5792162.jpg
Cat1,10mph,lr,opposite,9,1624825293.6125495,/media/batool/MULTIMODAL_DATA/Multimodal_Data/Cat1/opposite/bag_files/Cat1_10mph_lr_opposite_9/camera_images/1624825293.6125495.jpg
Cat1,10mph,lr,opposite,9,1624825293.6458828,/media/batool/MULTIMODAL_DATA/Multimodal_Data/Cat1/opposite/bag_files/Cat1_10mph_lr_opposite_9/camera_images/1624825293.6458828.jpg
Cat1,10mph,lr,opposite,9,1624825293.6792161,/media/batool/MULTIMODAL_DATA/Multimodal_Data/Cat1/opposite/bag_files/Cat1_10mph_lr_opposite_9/camera_images/1624825293.6792161.jpg
Cat1,10mph,lr,opposite,9,1624825293.7458827,/media/batool/MULTIMODAL_DATA/Multimodal_Data/Cat1/opposite/bag_files/Cat1_10mph_lr_opposite_9/camera_images/1624825293.7458827.jpg
Cat1,10mph,lr,opposite,9,1624825293.779216,/media/batool/MULTIMODAL_DATA/Multimodal_Data/Cat1/opposite/bag_files/Cat1_10mph_lr_opposite_9/camera_images/1624825293.779216.jpg
Cat1,10mph,lr,opposite,9,1624825293.8125494,/media/batool/MULTIMODAL_DATA/Multimodal_Data/Cat1/opposite/bag_files/Cat1_10mph_lr_opposite_9/camera_images/1624825293.8125494.jpg
Cat1,10mph,lr,opposite,9,1624825293.8458827,/media/batool/MULTIMODAL_DATA/Multimodal_Data/Cat1/opposite/bag_files/Cat1_10mph_lr_opposite_9/camera_images/1624825293.8458827.jpg
Cat1,10mph,lr,opposite,9,1624825293.879216,/media/batool/MULTIMODAL_DATA/Multimodal_Data/Cat1/opposite/bag_files/Cat1_10mph_lr_opposite_9/camera_images/1624825293.879216.jpg
Cat1,10mph,lr,opposite,9,1624825293.9125493,/media/batool/MULTIMODAL_DATA/Multimodal_Data/Cat1/opposite/bag_files/Cat1_10mph_lr_opposite_9/camera_images/1624825293.9125493.jpg
Cat1,10mph,lr,opposite,9,1624825293.9458826,/media/batool/MULTIMODAL_DATA/Multimodal_Data/Cat1/opposite/bag_files/Cat1_10mph_lr_opposite_9/camera_images/1624825293.9458826.jpg
Cat1,10mph,lr,opposite,9,1624825293.9792159,/media/batool/MULTIMODAL_DATA/Multimodal_Data/Cat1/opposite/bag_files/Cat1_10mph_lr_opposite_9/camera_images/1624825293.9792159.jpg
Cat1,10mph,lr,opposite,9,1624825294.0125492,/media/batool/MULTIMODAL_DATA/Multimodal_Data/Cat1/opposite/bag_files/Cat1_10mph_lr_opposite_9/camera_images/1624825294.0125492.jpg
Cat1,10mph,lr,opposite,9,1624825294.0458825,/media/batool/MULTIMODAL_DATA/Multimodal_Data/Cat1/opposite/bag_files/Cat1_10mph_lr_opposite_9/camera_images/1624825294.0458825.jpg
Cat1,10mph,lr,opposite,9,1624825294.0792158,/media/batool/MULTIMODAL_DATA/Multimodal_Data/Cat1/opposite/bag_files/Cat1_10mph_lr_opposite_9/camera_images/1624825294.0792158.jpg
Cat1,10mph,lr,opposite,9,1624825294.112549,/media/batool/MULTIMODAL_DATA/Multimodal_Data/Cat1/opposite/bag_files/Cat1_10mph_lr_opposite_9/camera_images/1624825294.112549.jpg
Cat1,10mph,lr,opposite,9,1624825294.1458824,/media/batool/MULTIMODAL_DATA/Multimodal_Data/Cat1/opposite/bag_files/Cat1_10mph_lr_opposite_9/camera_images/1624825294.1458824.jpg
Cat1,10mph,lr,opposite,9,1624825294.1792157,/media/batool/MULTIMODAL_DATA/Multimodal_Data/Cat1/opposite/bag_files/Cat1_10mph_lr_opposite_9/camera_images/1624825294.1792157.jpg
Cat1,10mph,lr,opposite,9,1624825294.212549,/media/batool/MULTIMODAL_DATA/Multimodal_Data/Cat1/opposite/bag_files/Cat1_10mph_lr_opposite_9/camera_images/1624825294.212549.jpg
Cat1,10mph,lr,opposite,9,1624825294.2792156,/media/batool/MULTIMODAL_DATA/Multimodal_Data/Cat1/opposite/bag_files/Cat1_10mph_lr_opposite_9/camera_images/1624825294.2792156.jpg
Cat1,10mph,lr,opposite,9,1624825294.3125489,/media/batool/MULTIMODAL_DATA/Multimodal_Data/Cat1/opposite/bag_files/Cat1_10mph_lr_opposite_9/camera_images/1624825294.3125489.jpg
Cat1,10mph,lr,opposite,9,1624825294.3458822,/media/batool/MULTIMODAL_DATA/Multimodal_Data/Cat1/opposite/bag_files/Cat1_10mph_lr_opposite_9/camera_images/1624825294.3458822.jpg
Cat1,10mph,lr,opposite,9,1624825294.3792155,/media/batool/MULTIMODAL_DATA/Multimodal_Data/Cat1/opposite/bag_files/Cat1_10mph_lr_opposite_9/camera_images/1624825294.3792155.jpg
Cat1,10mph,lr,opposite,9,1624825294.4125488,/media/batool/MULTIMODAL_DATA/Multimodal_Data/Cat1/opposite/bag_files/Cat1_10mph_lr_opposite_9/camera_images/1624825294.4125488.jpg
Cat1,10mph,lr,opposite,9,1624825294.445882,/media/batool/MULTIMODAL_DATA/Multimodal_Data/Cat1/opposite/bag_files/Cat1_10mph_lr_opposite_9/camera_images/1624825294.445882.jpg
Cat1,10mph,lr,opposite,9,1624825294.4792154,/media/batool/MULTIMODAL_DATA/Multimodal_Data/Cat1/opposite/bag_files/Cat1_10mph_lr_opposite_9/camera_images/1624825294.4792154.jpg
Cat1,10mph,lr,opposite,9,1624825294.5125487,/media/batool/MULTIMODAL_DATA/Multimodal_Data/Cat1/opposite/bag_files/Cat1_10mph_lr_opposite_9/camera_images/1624825294.5125487.jpg
Cat1,10mph,lr,opposite,9,1624825294.545882,/media/batool/MULTIMODAL_DATA/Multimodal_Data/Cat1/opposite/bag_files/Cat1_10mph_lr_opposite_9/camera_images/1624825294.545882.jpg
Cat1,10mph,lr,opposite,9,1624825294.5792153,/media/batool/MULTIMODAL_DATA/Multimodal_Data/Cat1/opposite/bag_files/Cat1_10mph_lr_opposite_9/camera_images/1624825294.5792153.jpg
Cat1,10mph,lr,opposite,9,1624825294.6125486,/media/batool/MULTIMODAL_DATA/Multimodal_Data/Cat1/opposite/bag_files/Cat1_10mph_lr_opposite_9/camera_images/1624825294.6125486.jpg
Cat1,10mph,lr,opposite,9,1624825294.645882,/media/batool/MULTIMODAL_DATA/Multimodal_Data/Cat1/opposite/bag_files/Cat1_10mph_lr_opposite_9/camera_images/1624825294.645882.jpg
Cat1,10mph,lr,opposite,9,1624825294.6792152,/media/batool/MULTIMODAL_DATA/Multimodal_Data/Cat1/opposite/bag_files/Cat1_10mph_lr_opposite_9/camera_images/1624825294.6792152.jpg
Cat1,10mph,lr,opposite,9,1624825294.7125485,/media/batool/MULTIMODAL_DATA/Multimodal_Data/Cat1/opposite/bag_files/Cat1_10mph_lr_opposite_9/camera_images/1624825294.7125485.jpg
Cat1,10mph,lr,opposite,9,1624825294.7458818,/media/batool/MULTIMODAL_DATA/Multimodal_Data/Cat1/opposite/bag_files/Cat1_10mph_lr_opposite_9/camera_images/1624825294.7458818.jpg
Cat1,10mph,lr,opposite,9,1624825294.8125484,/media/batool/MULTIMODAL_DATA/Multimodal_Data/Cat1/opposite/bag_files/Cat1_10mph_lr_opposite_9/camera_images/1624825294.8125484.jpg
Cat1,10mph,lr,opposite,9,1624825294.8458817,/media/batool/MULTIMODAL_DATA/Multimodal_Data/Cat1/opposite/bag_files/Cat1_10mph_lr_opposite_9/camera_images/1624825294.8458817.jpg
Cat1,10mph,lr,opposite,9,1624825294.879215,/media/batool/MULTIMODAL_DATA/Multimodal_Data/Cat1/opposite/bag_files/Cat1_10mph_lr_opposite_9/camera_images/1624825294.879215.jpg
Cat1,10mph,lr,opposite,9,1624825294.9125483,/media/batool/MULTIMODAL_DATA/Multimodal_Data/Cat1/opposite/bag_files/Cat1_10mph_lr_opposite_9/camera_images/1624825294.9125483.jpg
Cat1,10mph,lr,opposite,9,1624825294.9458816,/media/batool/MULTIMODAL_DATA/Multimodal_Data/Cat1/opposite/bag_files/Cat1_10mph_lr_opposite_9/camera_images/1624825294.9458816.jpg
Cat1,10mph,lr,opposite,9,1624825294.979215,/media/batool/MULTIMODAL_DATA/Multimodal_Data/Cat1/opposite/bag_files/Cat1_10mph_lr_opposite_9/camera_images/1624825294.979215.jpg
Cat1,10mph,lr,opposite,9,1624825295.0125482,/media/batool/MULTIMODAL_DATA/Multimodal_Data/Cat1/opposite/bag_files/Cat1_10mph_lr_opposite_9/camera_images/1624825295.0125482.jpg
Cat1,10mph,lr,opposite,9,1624825295.0458815,/media/batool/MULTIMODAL_DATA/Multimodal_Data/Cat1/opposite/bag_files/Cat1_10mph_lr_opposite_9/camera_images/1624825295.0458815.jpg
Cat1,10mph,lr,opposite,9,1624825295.0792148,/media/batool/MULTIMODAL_DATA/Multimodal_Data/Cat1/opposite/bag_files/Cat1_10mph_lr_opposite_9/camera_images/1624825295.0792148.jpg
Cat1,10mph,lr,opposite,9,1624825295.112548,/media/batool/MULTIMODAL_DATA/Multimodal_Data/Cat1/opposite/bag_files/Cat1_10mph_lr_opposite_9/camera_images/1624825295.112548.jpg
Cat1,10mph,lr,opposite,9,1624825295.1458814,/media/batool/MULTIMODAL_DATA/Multimodal_Data/Cat1/opposite/bag_files/Cat1_10mph_lr_opposite_9/camera_images/1624825295.1458814.jpg
Cat1,10mph,lr,opposite,9,1624825295.1792147,/media/batool/MULTIMODAL_DATA/Multimodal_Data/Cat1/opposite/bag_files/Cat1_10mph_lr_opposite_9/camera_images/1624825295.1792147.jpg
Cat1,10mph,lr,opposite,9,1624825295.212548,/media/batool/MULTIMODAL_DATA/Multimodal_Data/Cat1/opposite/bag_files/Cat1_10mph_lr_opposite_9/camera_images/1624825295.212548.jpg
Cat1,10mph,lr,opposite,9,1624825295.2458813,/media/batool/MULTIMODAL_DATA/Multimodal_Data/Cat1/opposite/bag_files/Cat1_10mph_lr_opposite_9/camera_images/1624825295.2458813.jpg
Cat1,10mph,lr,opposite,9,1624825295.2792146,/media/batool/MULTIMODAL_DATA/Multimodal_Data/Cat1/opposite/bag_files/Cat1_10mph_lr_opposite_9/camera_images/1624825295.2792146.jpg
Cat1,10mph,lr,opposite,9,1624825293.7125494,/media/batool/MULTIMODAL_DATA/Multimodal_Data/Cat1/opposite/bag_files/Cat1_10mph_lr_opposite_9/camera_images/1624825293.7125494.jpg
Cat1,10mph,lr,opposite,9,1624825294.2458823,/media/batool/MULTIMODAL_DATA/Multimodal_Data/Cat1/opposite/bag_files/Cat1_10mph_lr_opposite_9/camera_images/1624825294.2458823.jpg
Cat1,10mph,lr,opposite,9,1624825294.779215,/media/batool/MULTIMODAL_DATA/Multimodal_Data/Cat1/opposite/bag_files/Cat1_10mph_lr_opposite_9/camera_images/1624825294.779215.jpg
Cat1,10mph,lr,opposite,9,1624825295.312548,/media/batool/MULTIMODAL_DATA/Multimodal_Data/Cat1/opposite/bag_files/Cat1_10mph_lr_opposite_9/camera_images/1624825295.312548.jpg
Cat1,10mph,lr,opposite,9,1624825295.8458807,/media/batool/MULTIMODAL_DATA/Multimodal_Data/Cat1/opposite/bag_files/Cat1_10mph_lr_opposite_9/camera_images/1624825295.8458807.jpg
Cat1,10mph,lr,opposite,9,1624825296.3792136,/media/batool/MULTIMODAL_DATA/Multimodal_Data/Cat1/opposite/bag_files/Cat1_10mph_lr_opposite_9/camera_images/1624825296.3792136.jpg
Cat1,10mph,lr,opposite,9,1624825296.9125464,/media/batool/MULTIMODAL_DATA/Multimodal_Data/Cat1/opposite/bag_files/Cat1_10mph_lr_opposite_9/camera_images/1624825296.9125464.jpg
Cat1,10mph,lr,opposite,9,1624825297.4458792,/media/batool/MULTIMODAL_DATA/Multimodal_Data/Cat1/opposite/bag_files/Cat1_10mph_lr_opposite_9/camera_images/1624825297.4458792.jpg
Cat1,10mph,lr,opposite,9,1624825297.979212,/media/batool/MULTIMODAL_DATA/Multimodal_Data/Cat1/opposite/bag_files/Cat1_10mph_lr_opposite_9/camera_images/1624825297.979212.jpg
Cat1,10mph,lr,opposite,9,1624825298.5125449,/media/batool/MULTIMODAL_DATA/Multimodal_Data/Cat1/opposite/bag_files/Cat1_10mph_lr_opposite_9/camera_images/1624825298.5125449.jpg
Cat1,10mph,lr,opposite,9,1624825299.0458777,/media/batool/MULTIMODAL_DATA/Multimodal_Data/Cat1/opposite/bag_files/Cat1_10mph_lr_opposite_9/camera_images/1624825299.0458777.jpg
Cat1,10mph,lr,opposite,9,1624825299.5792105,/media/batool/MULTIMODAL_DATA/Multimodal_Data/Cat1/opposite/bag_files/Cat1_10mph_lr_opposite_9/camera_images/1624825299.5792105.jpg
Cat1,10mph,lr,opposite,9,1624825300.1125433,/media/batool/MULTIMODAL_DATA/Multimodal_Data/Cat1/opposite/bag_files/Cat1_10mph_lr_opposite_9/camera_images/1624825300.1125433.jpg
Cat1,10mph,lr,opposite,9,1624825300.6458762,/media/batool/MULTIMODAL_DATA/Multimodal_Data/Cat1/opposite/bag_files/Cat1_10mph_lr_opposite_9/camera_images/1624825300.6458762.jpg
Cat1,10mph,lr,opposite,9,1624825301.179209,/media/batool/MULTIMODAL_DATA/Multimodal_Data/Cat1/opposite/bag_files/Cat1_10mph_lr_opposite_9/camera_images/1624825301.179209.jpg
Cat1,10mph,lr,opposite,9,1624825301.7125418,/media/batool/MULTIMODAL_DATA/Multimodal_Data/Cat1/opposite/bag_files/Cat1_10mph_lr_opposite_9/camera_images/1624825301.7125418.jpg
Cat1,10mph,lr,opposite,9,1624825302.2458746,/media/batool/MULTIMODAL_DATA/Multimodal_Data/Cat1/opposite/bag_files/Cat1_10mph_lr_opposite_9/camera_images/1624825302.2458746.jpg
Cat1,10mph,lr,opposite,9,1624825302.7792075,/media/batool/MULTIMODAL_DATA/Multimodal_Data/Cat1/opposite/bag_files/Cat1_10mph_lr_opposite_9/camera_images/1624825302.7792075.jpg
Cat1,10mph,lr,opposite,9,1624825303.3125403,/media/batool/MULTIMODAL_DATA/Multimodal_Data/Cat1/opposite/bag_files/Cat1_10mph_lr_opposite_9/camera_images/1624825303.3125403.jpg
Cat1,10mph,lr,opposite,9,1624825303.845873,/media/batool/MULTIMODAL_DATA/Multimodal_Data/Cat1/opposite/bag_files/Cat1_10mph_lr_opposite_9/camera_images/1624825303.845873.jpg
Cat1,10mph,lr,opposite,9,1624825304.379206,/media/batool/MULTIMODAL_DATA/Multimodal_Data/Cat1/opposite/bag_files/Cat1_10mph_lr_opposite_9/camera_images/1624825304.379206.jpg
Cat1,10mph,lr,opposite,9,1624825304.9125388,/media/batool/MULTIMODAL_DATA/Multimodal_Data/Cat1/opposite/bag_files/Cat1_10mph_lr_opposite_9/camera_images/1624825304.9125388.jpg
Cat1,10mph,lr,opposite,9,1624825305.4458716,/media/batool/MULTIMODAL_DATA/Multimodal_Data/Cat1/opposite/bag_files/Cat1_10mph_lr_opposite_9/camera_images/1624825305.4458716.jpg
Cat1,10mph,lr,opposite,9,1624825305.9792044,/media/batool/MULTIMODAL_DATA/Multimodal_Data/Cat1/opposite/bag_files/Cat1_10mph_lr_opposite_9/camera_images/1624825305.9792044.jpg
Cat1,10mph,lr,opposite,9,1624825306.5125372,/media/batool/MULTIMODAL_DATA/Multimodal_Data/Cat1/opposite/bag_files/Cat1_10mph_lr_opposite_9/camera_images/1624825306.5125372.jpg
Cat1,10mph,lr,opposite,9,1624825307.04587,/media/batool/MULTIMODAL_DATA/Multimodal_Data/Cat1/opposite/bag_files/Cat1_10mph_lr_opposite_9/camera_images/1624825307.04587.jpg
Cat1,10mph,lr,opposite,9,1624825307.579203,/media/batool/MULTIMODAL_DATA/Multimodal_Data/Cat1/opposite/bag_files/Cat1_10mph_lr_opposite_9/camera_images/1624825307.579203.jpg
Cat1,10mph,lr,opposite,9,1624825295.3458812,/media/batool/MULTIMODAL_DATA/Multimodal_Data/Cat1/opposite/bag_files/Cat1_10mph_lr_opposite_9/camera_images/1624825295.3458812.jpg
Cat1,10mph,lr,opposite,9,1624825295.3792145,/media/batool/MULTIMODAL_DATA/Multimodal_Data/Cat1/opposite/bag_files/Cat1_10mph_lr_opposite_9/camera_images/1624825295.3792145.jpg
Cat1,10mph,lr,opposite,9,1624825295.4125478,/media/batool/MULTIMODAL_DATA/Multimodal_Data/Cat1/opposite/bag_files/Cat1_10mph_lr_opposite_9/camera_images/1624825295.4125478.jpg
Cat1,10mph,lr,opposite,9,1624825295.4458811,/media/batool/MULTIMODAL_DATA/Multimodal_Data/Cat1/opposite/bag_files/Cat1_10mph_lr_opposite_9/camera_images/1624825295.4458811.jpg
Cat1,10mph,lr,opposite,9,1624825295.4792144,/media/batool/MULTIMODAL_DATA/Multimodal_Data/Cat1/opposite/bag_files/Cat1_10mph_lr_opposite_9/camera_images/1624825295.4792144.jpg
Cat1,10mph,lr,opposite,9,1624825295.5125477,/media/batool/MULTIMODAL_DATA/Multimodal_Data/Cat1/opposite/bag_files/Cat1_10mph_lr_opposite_9/camera_images/1624825295.5125477.jpg
Cat1,10mph,lr,opposite,9,1624825295.545881,/media/batool/MULTIMODAL_DATA/Multimodal_Data/Cat1/opposite/bag_files/Cat1_10mph_lr_opposite_9/camera_images/1624825295.545881.jpg
Cat1,10mph,lr,opposite,9,1624825295.5792143,/media/batool/MULTIMODAL_DATA/Multimodal_Data/Cat1/opposite/bag_files/Cat1_10mph_lr_opposite_9/camera_images/1624825295.5792143.jpg
Cat1,10mph,lr,opposite,9,1624825295.6125476,/media/batool/MULTIMODAL_DATA/Multimodal_Data/Cat1/opposite/bag_files/Cat1_10mph_lr_opposite_9/camera_images/1624825295.6125476.jpg
Cat1,10mph,lr,opposite,9,1624825295.645881,/media/batool/MULTIMODAL_DATA/Multimodal_Data/Cat1/opposite/bag_files/Cat1_10mph_lr_opposite_9/camera_images/1624825295.645881.jpg
Cat1,10mph,lr,opposite,9,1624825295.6792142,/media/batool/MULTIMODAL_DATA/Multimodal_Data/Cat1/opposite/bag_files/Cat1_10mph_lr_opposite_9/camera_images/1624825295.6792142.jpg
Cat1,10mph,lr,opposite,9,1624825295.7125475,/media/batool/MULTIMODAL_DATA/Multimodal_Data/Cat1/opposite/bag_files/Cat1_10mph_lr_opposite_9/camera_images/1624825295.7125475.jpg
Cat1,10mph,lr,opposite,9,1624825295.7458808,/media/batool/MULTIMODAL_DATA/Multimodal_Data/Cat1/opposite/bag_files/Cat1_10mph_lr_opposite_9/camera_images/1624825295.7458808.jpg
Cat1,10mph,lr,opposite,9,1624825295.7792141,/media/batool/MULTIMODAL_DATA/Multimodal_Data/Cat1/opposite/bag_files/Cat1_10mph_lr_opposite_9/camera_images/1624825295.7792141.jpg
Cat1,10mph,lr,opposite,9,1624825295.8125474,/media/batool/MULTIMODAL_DATA/Multimodal_Data/Cat1/opposite/bag_files/Cat1_10mph_lr_opposite_9/camera_images/1624825295.8125474.jpg
Cat1,10mph,lr,opposite,9,1624825295.879214,/media/batool/MULTIMODAL_DATA/Multimodal_Data/Cat1/opposite/bag_files/Cat1_10mph_lr_opposite_9/camera_images/1624825295.879214.jpg
Cat1,10mph,lr,opposite,9,1624825295.9125473,/media/batool/MULTIMODAL_DATA/Multimodal_Data/Cat1/opposite/bag_files/Cat1_10mph_lr_opposite_9/camera_images/1624825295.9125473.jpg
Cat1,10mph,lr,opposite,9,1624825295.9458807,/media/batool/MULTIMODAL_DATA/Multimodal_Data/Cat1/opposite/bag_files/Cat1_10mph_lr_opposite_9/camera_images/1624825295.9458807.jpg
Cat1,10mph,lr,opposite,9,1624825295.979214,/media/batool/MULTIMODAL_DATA/Multimodal_Data/Cat1/opposite/bag_files/Cat1_10mph_lr_opposite_9/camera_images/1624825295.979214.jpg
Cat1,10mph,lr,opposite,9,1624825296.0125473,/media/batool/MULTIMODAL_DATA/Multimodal_Data/Cat1/opposite/bag_files/Cat1_10mph_lr_opposite_9/camera_images/1624825296.0125473.jpg
Cat1,10mph,lr,opposite,9,1624825296.0458806,/media/batool/MULTIMODAL_DATA/Multimodal_Data/Cat1/opposite/bag_files/Cat1_10mph_lr_opposite_9/camera_images/1624825296.0458806.jpg
Cat1,10mph,lr,opposite,9,1624825296.0792139,/media/batool/MULTIMODAL_DATA/Multimodal_Data/Cat1/opposite/bag_files/Cat1_10mph_lr_opposite_9/camera_images/1624825296.0792139.jpg
Cat1,10mph,lr,opposite,9,1624825296.1125472,/media/batool/MULTIMODAL_DATA/Multimodal_Data/Cat1/opposite/bag_files/Cat1_10mph_lr_opposite_9/camera_images/1624825296.1125472.jpg
Cat1,10mph,lr,opposite,9,1624825296.1458805,/media/batool/MULTIMODAL_DATA/Multimodal_Data/Cat1/opposite/bag_files/Cat1_10mph_lr_opposite_9/camera_images/1624825296.1458805.jpg
Cat1,10mph,lr,opposite,9,1624825296.1792138,/media/batool/MULTIMODAL_DATA/Multimodal_Data/Cat1/opposite/bag_files/Cat1_10mph_lr_opposite_9/camera_images/1624825296.1792138.jpg
Cat1,10mph,lr,opposite,9,1624825296.212547,/media/batool/MULTIMODAL_DATA/Multimodal_Data/Cat1/opposite/bag_files/Cat1_10mph_lr_opposite_9/camera_images/1624825296.212547.jpg
Cat1,10mph,lr,opposite,9,1624825296.2458804,/media/batool/MULTIMODAL_DATA/Multimodal_Data/Cat1/opposite/bag_files/Cat1_10mph_lr_opposite_9/camera_images/1624825296.2458804.jpg
Cat1,10mph,lr,opposite,9,1624825296.2792137,/media/batool/MULTIMODAL_DATA/Multimodal_Data/Cat1/opposite/bag_files/Cat1_10mph_lr_opposite_9/camera_images/1624825296.2792137.jpg
Cat1,10mph,lr,opposite,9,1624825296.312547,/media/batool/MULTIMODAL_DATA/Multimodal_Data/Cat1/opposite/bag_files/Cat1_10mph_lr_opposite_9/camera_images/1624825296.312547.jpg
Cat1,10mph,lr,opposite,9,1624825296.3458803,/media/batool/MULTIMODAL_DATA/Multimodal_Data/Cat1/opposite/bag_files/Cat1_10mph_lr_opposite_9/camera_images/1624825296.3458803.jpg
Cat1,10mph,lr,opposite,9,1624825296.4125469,/media/batool/MULTIMODAL_DATA/Multimodal_Data/Cat1/opposite/bag_files/Cat1_10mph_lr_opposite_9/camera_images/1624825296.4125469.jpg
Cat1,10mph,lr,opposite,9,1624825296.4458802,/media/batool/MULTIMODAL_DATA/Multimodal_Data/Cat1/opposite/bag_files/Cat1_10mph_lr_opposite_9/camera_images/1624825296.4458802.jpg
Cat1,10mph,lr,opposite,9,1624825296.4792135,/media/batool/MULTIMODAL_DATA/Multimodal_Data/Cat1/opposite/bag_files/Cat1_10mph_lr_opposite_9/camera_images/1624825296.4792135.jpg
Cat1,10mph,lr,opposite,9,1624825296.5125468,/media/batool/MULTIMODAL_DATA/Multimodal_Data/Cat1/opposite/bag_files/Cat1_10mph_lr_opposite_9/camera_images/1624825296.5125468.jpg
Cat1,10mph,lr,opposite,9,1624825296.54588,/media/batool/MULTIMODAL_DATA/Multimodal_Data/Cat1/opposite/bag_files/Cat1_10mph_lr_opposite_9/camera_images/1624825296.54588.jpg
Cat1,10mph,lr,opposite,9,1624825296.5792134,/media/batool/MULTIMODAL_DATA/Multimodal_Data/Cat1/opposite/bag_files/Cat1_10mph_lr_opposite_9/camera_images/1624825296.5792134.jpg
Cat1,10mph,lr,opposite,9,1624825296.6125467,/media/batool/MULTIMODAL_DATA/Multimodal_Data/Cat1/opposite/bag_files/Cat1_10mph_lr_opposite_9/camera_images/1624825296.6125467.jpg
Cat1,10mph,lr,opposite,9,1624825296.64588,/media/batool/MULTIMODAL_DATA/Multimodal_Data/Cat1/opposite/bag_files/Cat1_10mph_lr_opposite_9/camera_images/1624825296.64588.jpg
Cat1,10mph,lr,opposite,9,1624825296.6792133,/media/batool/MULTIMODAL_DATA/Multimodal_Data/Cat1/opposite/bag_files/Cat1_10mph_lr_opposite_9/camera_images/1624825296.6792133.jpg
Cat1,10mph,lr,opposite,9,1624825296.7125466,/media/batool/MULTIMODAL_DATA/Multimodal_Data/Cat1/opposite/bag_files/Cat1_10mph_lr_opposite_9/camera_images/1624825296.7125466.jpg
Cat1,10mph,lr,opposite,9,1624825296.74588,/media/batool/MULTIMODAL_DATA/Multimodal_Data/Cat1/opposite/bag_files/Cat1_10mph_lr_opposite_9/camera_images/1624825296.74588.jpg
Cat1,10mph,lr,opposite,9,1624825296.7792132,/media/batool/MULTIMODAL_DATA/Multimodal_Data/Cat1/opposite/bag_files/Cat1_10mph_lr_opposite_9/camera_images/1624825296.7792132.jpg
Cat1,10mph,lr,opposite,9,1624825296.8125465,/media/batool/MULTIMODAL_DATA/Multimodal_Data/Cat1/opposite/bag_files/Cat1_10mph_lr_opposite_9/camera_images/1624825296.8125465.jpg
Cat1,10mph,lr,opposite,9,1624825296.8458798,/media/batool/MULTIMODAL_DATA/Multimodal_Data/Cat1/opposite/bag_files/Cat1_10mph_lr_opposite_9/camera_images/1624825296.8458798.jpg
Cat1,10mph,lr,opposite,9,1624825296.879213,/media/batool/MULTIMODAL_DATA/Multimodal_Data/Cat1/opposite/bag_files/Cat1_10mph_lr_opposite_9/camera_images/1624825296.879213.jpg
Cat1,10mph,lr,opposite,9,1624825296.9458797,/media/batool/MULTIMODAL_DATA/Multimodal_Data/Cat1/opposite/bag_files/Cat1_10mph_lr_opposite_9/camera_images/1624825296.9458797.jpg
Cat1,10mph,lr,opposite,9,1624825296.979213,/media/batool/MULTIMODAL_DATA/Multimodal_Data/Cat1/opposite/bag_files/Cat1_10mph_lr_opposite_9/camera_images/1624825296.979213.jpg
Cat1,10mph,lr,opposite,9,1624825297.0125463,/media/batool/MULTIMODAL_DATA/Multimodal_Data/Cat1/opposite/bag_files/Cat1_10mph_lr_opposite_9/camera_images/1624825297.0125463.jpg
Cat1,10mph,lr,opposite,9,1624825297.0458796,/media/batool/MULTIMODAL_DATA/Multimodal_Data/Cat1/opposite/bag_files/Cat1_10mph_lr_opposite_9/camera_images/1624825297.0458796.jpg
Cat1,10mph,lr,opposite,9,1624825297.079213,/media/batool/MULTIMODAL_DATA/Multimodal_Data/Cat1/opposite/bag_files/Cat1_10mph_lr_opposite_9/camera_images/1624825297.079213.jpg
Cat1,10mph,lr,opposite,9,1624825297.1125462,/media/batool/MULTIMODAL_DATA/Multimodal_Data/Cat1/opposite/bag_files/Cat1_10mph_lr_opposite_9/camera_images/1624825297.1125462.jpg
Cat1,10mph,lr,opposite,9,1624825297.1458795,/media/batool/MULTIMODAL_DATA/Multimodal_Data/Cat1/opposite/bag_files/Cat1_10mph_lr_opposite_9/camera_images/1624825297.1458795.jpg
Cat1,10mph,lr,opposite,9,1624825297.1792128,/media/batool/MULTIMODAL_DATA/Multimodal_Data/Cat1/opposite/bag_files/Cat1_10mph_lr_opposite_9/camera_images/1624825297.1792128.jpg
Cat1,10mph,lr,opposite,9,1624825297.212546,/media/batool/MULTIMODAL_DATA/Multimodal_Data/Cat1/opposite/bag_files/Cat1_10mph_lr_opposite_9/camera_images/1624825297.212546.jpg
Cat1,10mph,lr,opposite,9,1624825297.2458794,/media/batool/MULTIMODAL_DATA/Multimodal_Data/Cat1/opposite/bag_files/Cat1_10mph_lr_opposite_9/camera_images/1624825297.2458794.jpg
Cat1,10mph,lr,opposite,9,1624825297.2792127,/media/batool/MULTIMODAL_DATA/Multimodal_Data/Cat1/opposite/bag_files/Cat1_10mph_lr_opposite_9/camera_images/1624825297.2792127.jpg
Cat1,10mph,lr,opposite,9,1624825297.312546,/media/batool/MULTIMODAL_DATA/Multimodal_Data/Cat1/opposite/bag_files/Cat1_10mph_lr_opposite_9/camera_images/1624825297.312546.jpg
Cat1,10mph,lr,opposite,9,1624825297.3458793,/media/batool/MULTIMODAL_DATA/Multimodal_Data/Cat1/opposite/bag_files/Cat1_10mph_lr_opposite_9/camera_images/1624825297.3458793.jpg
Cat1,10mph,lr,opposite,9,1624825297.3792126,/media/batool/MULTIMODAL_DATA/Multimodal_Data/Cat1/opposite/bag_files/Cat1_10mph_lr_opposite_9/camera_images/1624825297.3792126.jpg
Cat1,10mph,lr,opposite,9,1624825297.412546,/media/batool/MULTIMODAL_DATA/Multimodal_Data/Cat1/opposite/bag_files/Cat1_10mph_lr_opposite_9/camera_images/1624825297.412546.jpg
Cat1,10mph,lr,opposite,9,1624825297.4792125,/media/batool/MULTIMODAL_DATA/Multimodal_Data/Cat1/opposite/bag_files/Cat1_10mph_lr_opposite_9/camera_images/1624825297.4792125.jpg
Cat1,10mph,lr,opposite,9,1624825297.5125458,/media/batool/MULTIMODAL_DATA/Multimodal_Data/Cat1/opposite/bag_files/Cat1_10mph_lr_opposite_9/camera_images/1624825297.5125458.jpg
Cat1,10mph,lr,opposite,9,1624825297.5458791,/media/batool/MULTIMODAL_DATA/Multimodal_Data/Cat1/opposite/bag_files/Cat1_10mph_lr_opposite_9/camera_images/1624825297.5458791.jpg
Cat1,10mph,lr,opposite,9,1624825297.5792124,/media/batool/MULTIMODAL_DATA/Multimodal_Data/Cat1/opposite/bag_files/Cat1_10mph_lr_opposite_9/camera_images/1624825297.5792124.jpg
Cat1,10mph,lr,opposite,9,1624825297.6125457,/media/batool/MULTIMODAL_DATA/Multimodal_Data/Cat1/opposite/bag_files/Cat1_10mph_lr_opposite_9/camera_images/1624825297.6125457.jpg
Cat1,10mph,lr,opposite,9,1624825297.645879,/media/batool/MULTIMODAL_DATA/Multimodal_Data/Cat1/opposite/bag_files/Cat1_10mph_lr_opposite_9/camera_images/1624825297.645879.jpg
Cat1,10mph,lr,opposite,9,1624825297.6792123,/media/batool/MULTIMODAL_DATA/Multimodal_Data/Cat1/opposite/bag_files/Cat1_10mph_lr_opposite_9/camera_images/1624825297.6792123.jpg
Cat1,10mph,lr,opposite,9,1624825297.7125456,/media/batool/MULTIMODAL_DATA/Multimodal_Data/Cat1/opposite/bag_files/Cat1_10mph_lr_opposite_9/camera_images/1624825297.7125456.jpg
Cat1,10mph,lr,opposite,9,1624825297.745879,/media/batool/MULTIMODAL_DATA/Multimodal_Data/Cat1/opposite/bag_files/Cat1_10mph_lr_opposite_9/camera_images/1624825297.745879.jpg
Cat1,10mph,lr,opposite,9,1624825297.7792122,/media/batool/MULTIMODAL_DATA/Multimodal_Data/Cat1/opposite/bag_files/Cat1_10mph_lr_opposite_9/camera_images/1624825297.7792122.jpg
Cat1,10mph,lr,opposite,9,1624825297.8125455,/media/batool/MULTIMODAL_DATA/Multimodal_Data/Cat1/opposite/bag_files/Cat1_10mph_lr_opposite_9/camera_images/1624825297.8125455.jpg
Cat1,10mph,lr,opposite,9,1624825297.8458788,/media/batool/MULTIMODAL_DATA/Multimodal_Data/Cat1/opposite/bag_files/Cat1_10mph_lr_opposite_9/camera_images/1624825297.8458788.jpg
Cat1,10mph,lr,opposite,9,1624825297.8792121,/media/batool/MULTIMODAL_DATA/Multimodal_Data/Cat1/opposite/bag_files/Cat1_10mph_lr_opposite_9/camera_images/1624825297.8792121.jpg
Cat1,10mph,lr,opposite,9,1624825297.9125454,/media/batool/MULTIMODAL_DATA/Multimodal_Data/Cat1/opposite/bag_files/Cat1_10mph_lr_opposite_9/camera_images/1624825297.9125454.jpg
Cat1,10mph,lr,opposite,9,1624825297.9458787,/media/batool/MULTIMODAL_DATA/Multimodal_Data/Cat1/opposite/bag_files/Cat1_10mph_lr_opposite_9/camera_images/1624825297.9458787.jpg
Cat1,10mph,lr,opposite,9,1624825298.0125453,/media/batool/MULTIMODAL_DATA/Multimodal_Data/Cat1/opposite/bag_files/Cat1_10mph_lr_opposite_9/camera_images/1624825298.0125453.jpg
Cat1,10mph,lr,opposite,9,1624825298.0458786,/media/batool/MULTIMODAL_DATA/Multimodal_Data/Cat1/opposite/bag_files/Cat1_10mph_lr_opposite_9/camera_images/1624825298.0458786.jpg
Cat1,10mph,lr,opposite,9,1624825298.079212,/media/batool/MULTIMODAL_DATA/Multimodal_Data/Cat1/opposite/bag_files/Cat1_10mph_lr_opposite_9/camera_images/1624825298.079212.jpg
Cat1,10mph,lr,opposite,9,1624825298.1125453,/media/batool/MULTIMODAL_DATA/Multimodal_Data/Cat1/opposite/bag_files/Cat1_10mph_lr_opposite_9/camera_images/1624825298.1125453.jpg
Cat1,10mph,lr,opposite,9,1624825298.1458786,/media/batool/MULTIMODAL_DATA/Multimodal_Data/Cat1/opposite/bag_files/Cat1_10mph_lr_opposite_9/camera_images/1624825298.1458786.jpg
Cat1,10mph,lr,opposite,9,1624825298.1792119,/media/batool/MULTIMODAL_DATA/Multimodal_Data/Cat1/opposite/bag_files/Cat1_10mph_lr_opposite_9/camera_images/1624825298.1792119.jpg
Cat1,10mph,lr,opposite,9,1624825298.2125452,/media/batool/MULTIMODAL_DATA/Multimodal_Data/Cat1/opposite/bag_files/Cat1_10mph_lr_opposite_9/camera_images/1624825298.2125452.jpg
Cat1,10mph,lr,opposite,9,1624825298.2458785,/media/batool/MULTIMODAL_DATA/Multimodal_Data/Cat1/opposite/bag_files/Cat1_10mph_lr_opposite_9/camera_images/1624825298.2458785.jpg
Cat1,10mph,lr,opposite,9,1624825298.2792118,/media/batool/MULTIMODAL_DATA/Multimodal_Data/Cat1/opposite/bag_files/Cat1_10mph_lr_opposite_9/camera_images/1624825298.2792118.jpg
Cat1,10mph,lr,opposite,9,1624825298.312545,/media/batool/MULTIMODAL_DATA/Multimodal_Data/Cat1/opposite/bag_files/Cat1_10mph_lr_opposite_9/camera_images/1624825298.312545.jpg
Cat1,10mph,lr,opposite,9,1624825298.3458784,/media/batool/MULTIMODAL_DATA/Multimodal_Data/Cat1/opposite/bag_files/Cat1_10mph_lr_opposite_9/camera_images/1624825298.3458784.jpg
Cat1,10mph,lr,opposite,9,1624825298.3792117,/media/batool/MULTIMODAL_DATA/Multimodal_Data/Cat1/opposite/bag_files/Cat1_10mph_lr_opposite_9/camera_images/1624825298.3792117.jpg
Cat1,10mph,lr,opposite,9,1624825298.412545,/media/batool/MULTIMODAL_DATA/Multimodal_Data/Cat1/opposite/bag_files/Cat1_10mph_lr_opposite_9/camera_images/1624825298.412545.jpg
Cat1,10mph,lr,opposite,9,1624825298.4458783,/media/batool/MULTIMODAL_DATA/Multimodal_Data/Cat1/opposite/bag_files/Cat1_10mph_lr_opposite_9/camera_images/1624825298.4458783.jpg
Cat1,10mph,lr,opposite,9,1624825298.4792116,/media/batool/MULTIMODAL_DATA/Multimodal_Data/Cat1/opposite/bag_files/Cat1_10mph_lr_opposite_9/camera_images/1624825298.4792116.jpg
Cat1,10mph,lr,opposite,9,1624825298.5458782,/media/batool/MULTIMODAL_DATA/Multimodal_Data/Cat1/opposite/bag_files/Cat1_10mph_lr_opposite_9/camera_images/1624825298.5458782.jpg
Cat1,10mph,lr,opposite,9,1624825298.5792115,/media/batool/MULTIMODAL_DATA/Multimodal_Data/Cat1/opposite/bag_files/Cat1_10mph_lr_opposite_9/camera_images/1624825298.5792115.jpg
Cat1,10mph,lr,opposite,9,1624825298.6125448,/media/batool/MULTIMODAL_DATA/Multimodal_Data/Cat1/opposite/bag_files/Cat1_10mph_lr_opposite_9/camera_images/1624825298.6125448.jpg
Cat1,10mph,lr,opposite,9,1624825298.645878,/media/batool/MULTIMODAL_DATA/Multimodal_Data/Cat1/opposite/bag_files/Cat1_10mph_lr_opposite_9/camera_images/1624825298.645878.jpg
Cat1,10mph,lr,opposite,9,1624825298.6792114,/media/batool/MULTIMODAL_DATA/Multimodal_Data/Cat1/opposite/bag_files/Cat1_10mph_lr_opposite_9/camera_images/1624825298.6792114.jpg
Cat1,10mph,lr,opposite,9,1624825298.7125447,/media/batool/MULTIMODAL_DATA/Multimodal_Data/Cat1/opposite/bag_files/Cat1_10mph_lr_opposite_9/camera_images/1624825298.7125447.jpg
Cat1,10mph,lr,opposite,9,1624825298.745878,/media/batool/MULTIMODAL_DATA/Multimodal_Data/Cat1/opposite/bag_files/Cat1_10mph_lr_opposite_9/camera_images/1624825298.745878.jpg
Cat1,10mph,lr,opposite,9,1624825298.7792113,/media/batool/MULTIMODAL_DATA/Multimodal_Data/Cat1/opposite/bag_files/Cat1_10mph_lr_opposite_9/camera_images/1624825298.7792113.jpg
Cat1,10mph,lr,opposite,9,1624825298.8125446,/media/batool/MULTIMODAL_DATA/Multimodal_Data/Cat1/opposite/bag_files/Cat1_10mph_lr_opposite_9/camera_images/1624825298.8125446.jpg
Cat1,10mph,lr,opposite,9,1624825298.845878,/media/batool/MULTIMODAL_DATA/Multimodal_Data/Cat1/opposite/bag_files/Cat1_10mph_lr_opposite_9/camera_images/1624825298.845878.jpg
Cat1,10mph,lr,opposite,9,1624825298.8792112,/media/batool/MULTIMODAL_DATA/Multimodal_Data/Cat1/opposite/bag_files/Cat1_10mph_lr_opposite_9/camera_images/1624825298.8792112.jpg
Cat1,10mph,lr,opposite,9,1624825298.9125445,/media/batool/MULTIMODAL_DATA/Multimodal_Data/Cat1/opposite/bag_files/Cat1_10mph_lr_opposite_9/camera_images/1624825298.9125445.jpg
Cat1,10mph,lr,opposite,9,1624825298.9458778,/media/batool/MULTIMODAL_DATA/Multimodal_Data/Cat1/opposite/bag_files/Cat1_10mph_lr_opposite_9/camera_images/1624825298.9458778.jpg
Cat1,10mph,lr,opposite,9,1624825298.979211,/media/batool/MULTIMODAL_DATA/Multimodal_Data/Cat1/opposite/bag_files/Cat1_10mph_lr_opposite_9/camera_images/1624825298.979211.jpg
Cat1,10mph,lr,opposite,9,1624825299.0125444,/media/batool/MULTIMODAL_DATA/Multimodal_Data/Cat1/opposite/bag_files/Cat1_10mph_lr_opposite_9/camera_images/1624825299.0125444.jpg
Cat1,10mph,lr,opposite,9,1624825299.079211,/media/batool/MULTIMODAL_DATA/Multimodal_Data/Cat1/opposite/bag_files/Cat1_10mph_lr_opposite_9/camera_images/1624825299.079211.jpg
Cat1,10mph,lr,opposite,9,1624825299.1125443,/media/batool/MULTIMODAL_DATA/Multimodal_Data/Cat1/opposite/bag_files/Cat1_10mph_lr_opposite_9/camera_images/1624825299.1125443.jpg
Cat1,10mph,lr,opposite,9,1624825299.1458776,/media/batool/MULTIMODAL_DATA/Multimodal_Data/Cat1/opposite/bag_files/Cat1_10mph_lr_opposite_9/camera_images/1624825299.1458776.jpg
Cat1,10mph,lr,opposite,9,1624825299.179211,/media/batool/MULTIMODAL_DATA/Multimodal_Data/Cat1/opposite/bag_files/Cat1_10mph_lr_opposite_9/camera_images/1624825299.179211.jpg
Cat1,10mph,lr,opposite,9,1624825299.2125442,/media/batool/MULTIMODAL_DATA/Multimodal_Data/Cat1/opposite/bag_files/Cat1_10mph_lr_opposite_9/camera_images/1624825299.2125442.jpg
Cat1,10mph,lr,opposite,9,1624825299.2458775,/media/batool/MULTIMODAL_DATA/Multimodal_Data/Cat1/opposite/bag_files/Cat1_10mph_lr_opposite_9/camera_images/1624825299.2458775.jpg
Cat1,10mph,lr,opposite,9,1624825299.2792108,/media/batool/MULTIMODAL_DATA/Multimodal_Data/Cat1/opposite/bag_files/Cat1_10mph_lr_opposite_9/camera_images/1624825299.2792108.jpg
Cat1,10mph,lr,opposite,9,1624825299.312544,/media/batool/MULTIMODAL_DATA/Multimodal_Data/Cat1/opposite/bag_files/Cat1_10mph_lr_opposite_9/camera_images/1624825299.312544.jpg
Cat1,10mph,lr,opposite,9,1624825299.3458774,/media/batool/MULTIMODAL_DATA/Multimodal_Data/Cat1/opposite/bag_files/Cat1_10mph_lr_opposite_9/camera_images/1624825299.3458774.jpg
Cat1,10mph,lr,opposite,9,1624825299.3792107,/media/batool/MULTIMODAL_DATA/Multimodal_Data/Cat1/opposite/bag_files/Cat1_10mph_lr_opposite_9/camera_images/1624825299.3792107.jpg
Cat1,10mph,lr,opposite,9,1624825299.412544,/media/batool/MULTIMODAL_DATA/Multimodal_Data/Cat1/opposite/bag_files/Cat1_10mph_lr_opposite_9/camera_images/1624825299.412544.jpg
Cat1,10mph,lr,opposite,9,1624825299.4458773,/media/batool/MULTIMODAL_DATA/Multimodal_Data/Cat1/opposite/bag_files/Cat1_10mph_lr_opposite_9/camera_images/1624825299.4458773.jpg
Cat1,10mph,lr,opposite,9,1624825299.4792106,/media/batool/MULTIMODAL_DATA/Multimodal_Data/Cat1/opposite/bag_files/Cat1_10mph_lr_opposite_9/camera_images/1624825299.4792106.jpg
Cat1,10mph,lr,opposite,9,1624825299.512544,/media/batool/MULTIMODAL_DATA/Multimodal_Data/Cat1/opposite/bag_files/Cat1_10mph_lr_opposite_9/camera_images/1624825299.512544.jpg
Cat1,10mph,lr,opposite,9,1624825299.5458772,/media/batool/MULTIMODAL_DATA/Multimodal_Data/Cat1/opposite/bag_files/Cat1_10mph_lr_opposite_9/camera_images/1624825299.5458772.jpg
Cat1,10mph,lr,opposite,9,1624825299.6125438,/media/batool/MULTIMODAL_DATA/Multimodal_Data/Cat1/opposite/bag_files/Cat1_10mph_lr_opposite_9/camera_images/1624825299.6125438.jpg
Cat1,10mph,lr,opposite,9,1624825299.6458771,/media/batool/MULTIMODAL_DATA/Multimodal_Data/Cat1/opposite/bag_files/Cat1_10mph_lr_opposite_9/camera_images/1624825299.6458771.jpg
Cat1,10mph,lr,opposite,9,1624825299.6792104,/media/batool/MULTIMODAL_DATA/Multimodal_Data/Cat1/opposite/bag_files/Cat1_10mph_lr_opposite_9/camera_images/1624825299.6792104.jpg
Cat1,10mph,lr,opposite,9,1624825299.7125437,/media/batool/MULTIMODAL_DATA/Multimodal_Data/Cat1/opposite/bag_files/Cat1_10mph_lr_opposite_9/camera_images/1624825299.7125437.jpg
Cat1,10mph,lr,opposite,9,1624825299.745877,/media/batool/MULTIMODAL_DATA/Multimodal_Data/Cat1/opposite/bag_files/Cat1_10mph_lr_opposite_9/camera_images/1624825299.745877.jpg
Cat1,10mph,lr,opposite,9,1624825299.7792103,/media/batool/MULTIMODAL_DATA/Multimodal_Data/Cat1/opposite/bag_files/Cat1_10mph_lr_opposite_9/camera_images/1624825299.7792103.jpg
Cat1,10mph,lr,opposite,9,1624825299.8125436,/media/batool/MULTIMODAL_DATA/Multimodal_Data/Cat1/opposite/bag_files/Cat1_10mph_lr_opposite_9/camera_images/1624825299.8125436.jpg
Cat1,10mph,lr,opposite,9,1624825299.845877,/media/batool/MULTIMODAL_DATA/Multimodal_Data/Cat1/opposite/bag_files/Cat1_10mph_lr_opposite_9/camera_images/1624825299.845877.jpg
Cat1,10mph,lr,opposite,9,1624825299.8792102,/media/batool/MULTIMODAL_DATA/Multimodal_Data/Cat1/opposite/bag_files/Cat1_10mph_lr_opposite_9/camera_images/1624825299.8792102.jpg
Cat1,10mph,lr,opposite,9,1624825299.9125435,/media/batool/MULTIMODAL_DATA/Multimodal_Data/Cat1/opposite/bag_files/Cat1_10mph_lr_opposite_9/camera_images/1624825299.9125435.jpg
Cat1,10mph,lr,opposite,9,1624825299.9458768,/media/batool/MULTIMODAL_DATA/Multimodal_Data/Cat1/opposite/bag_files/Cat1_10mph_lr_opposite_9/camera_images/1624825299.9458768.jpg
Cat1,10mph,lr,opposite,9,1624825299.9792101,/media/batool/MULTIMODAL_DATA/Multimodal_Data/Cat1/opposite/bag_files/Cat1_10mph_lr_opposite_9/camera_images/1624825299.9792101.jpg
Cat1,10mph,lr,opposite,9,1624825300.0125434,/media/batool/MULTIMODAL_DATA/Multimodal_Data/Cat1/opposite/bag_files/Cat1_10mph_lr_opposite_9/camera_images/1624825300.0125434.jpg
Cat1,10mph,lr,opposite,9,1624825300.0458767,/media/batool/MULTIMODAL_DATA/Multimodal_Data/Cat1/opposite/bag_files/Cat1_10mph_lr_opposite_9/camera_images/1624825300.0458767.jpg
Cat1,10mph,lr,opposite,9,1624825300.07921,/media/batool/MULTIMODAL_DATA/Multimodal_Data/Cat1/opposite/bag_files/Cat1_10mph_lr_opposite_9/camera_images/1624825300.07921.jpg
Cat1,10mph,lr,opposite,9,1624825300.1458766,/media/batool/MULTIMODAL_DATA/Multimodal_Data/Cat1/opposite/bag_files/Cat1_10mph_lr_opposite_9/camera_images/1624825300.1458766.jpg
Cat1,10mph,lr,opposite,9,1624825300.17921,/media/batool/MULTIMODAL_DATA/Multimodal_Data/Cat1/opposite/bag_files/Cat1_10mph_lr_opposite_9/camera_images/1624825300.17921.jpg
Cat1,10mph,lr,opposite,9,1624825300.2125432,/media/batool/MULTIMODAL_DATA/Multimodal_Data/Cat1/opposite/bag_files/Cat1_10mph_lr_opposite_9/camera_images/1624825300.2125432.jpg
Cat1,10mph,lr,opposite,9,1624825300.2458766,/media/batool/MULTIMODAL_DATA/Multimodal_Data/Cat1/opposite/bag_files/Cat1_10mph_lr_opposite_9/camera_images/1624825300.2458766.jpg
Cat1,10mph,lr,opposite,9,1624825300.2792099,/media/batool/MULTIMODAL_DATA/Multimodal_Data/Cat1/opposite/bag_files/Cat1_10mph_lr_opposite_9/camera_images/1624825300.2792099.jpg
Cat1,10mph,lr,opposite,9,1624825300.3125432,/media/batool/MULTIMODAL_DATA/Multimodal_Data/Cat1/opposite/bag_files/Cat1_10mph_lr_opposite_9/camera_images/1624825300.3125432.jpg
Cat1,10mph,lr,opposite,9,1624825300.3458765,/media/batool/MULTIMODAL_DATA/Multimodal_Data/Cat1/opposite/bag_files/Cat1_10mph_lr_opposite_9/camera_images/1624825300.3458765.jpg
Cat1,10mph,lr,opposite,9,1624825300.3792098,/media/batool/MULTIMODAL_DATA/Multimodal_Data/Cat1/opposite/bag_files/Cat1_10mph_lr_opposite_9/camera_images/1624825300.3792098.jpg
Cat1,10mph,lr,opposite,9,1624825300.412543,/media/batool/MULTIMODAL_DATA/Multimodal_Data/Cat1/opposite/bag_files/Cat1_10mph_lr_opposite_9/camera_images/1624825300.412543.jpg
Cat1,10mph,lr,opposite,9,1624825300.4458764,/media/batool/MULTIMODAL_DATA/Multimodal_Data/Cat1/opposite/bag_files/Cat1_10mph_lr_opposite_9/camera_images/1624825300.4458764.jpg
Cat1,10mph,lr,opposite,9,1624825300.4792097,/media/batool/MULTIMODAL_DATA/Multimodal_Data/Cat1/opposite/bag_files/Cat1_10mph_lr_opposite_9/camera_images/1624825300.4792097.jpg
Cat1,10mph,lr,opposite,9,1624825300.512543,/media/batool/MULTIMODAL_DATA/Multimodal_Data/Cat1/opposite/bag_files/Cat1_10mph_lr_opposite_9/camera_images/1624825300.512543.jpg
Cat1,10mph,lr,opposite,9,1624825300.5458763,/media/batool/MULTIMODAL_DATA/Multimodal_Data/Cat1/opposite/bag_files/Cat1_10mph_lr_opposite_9/camera_images/1624825300.5458763.jpg
Cat1,10mph,lr,opposite,9,1624825300.5792096,/media/batool/MULTIMODAL_DATA/Multimodal_Data/Cat1/opposite/bag_files/Cat1_10mph_lr_opposite_9/camera_images/1624825300.5792096.jpg
Cat1,10mph,lr,opposite,9,1624825300.6125429,/media/batool/MULTIMODAL_DATA/Multimodal_Data/Cat1/opposite/bag_files/Cat1_10mph_lr_opposite_9/camera_images/1624825300.6125429.jpg
Cat1,10mph,lr,opposite,9,1624825300.6792095,/media/batool/MULTIMODAL_DATA/Multimodal_Data/Cat1/opposite/bag_files/Cat1_10mph_lr_opposite_9/camera_images/1624825300.6792095.jpg
Cat1,10mph,lr,opposite,9,1624825300.7125428,/media/batool/MULTIMODAL_DATA/Multimodal_Data/Cat1/opposite/bag_files/Cat1_10mph_lr_opposite_9/camera_images/1624825300.7125428.jpg
Cat1,10mph,lr,opposite,9,1624825300.745876,/media/batool/MULTIMODAL_DATA/Multimodal_Data/Cat1/opposite/bag_files/Cat1_10mph_lr_opposite_9/camera_images/1624825300.745876.jpg
Cat1,10mph,lr,opposite,9,1624825300.7792094,/media/batool/MULTIMODAL_DATA/Multimodal_Data/Cat1/opposite/bag_files/Cat1_10mph_lr_opposite_9/camera_images/1624825300.7792094.jpg
Cat1,10mph,lr,opposite,9,1624825300.8125427,/media/batool/MULTIMODAL_DATA/Multimodal_Data/Cat1/opposite/bag_files/Cat1_10mph_lr_opposite_9/camera_images/1624825300.8125427.jpg
Cat1,10mph,lr,opposite,9,1624825300.845876,/media/batool/MULTIMODAL_DATA/Multimodal_Data/Cat1/opposite/bag_files/Cat1_10mph_lr_opposite_9/camera_images/1624825300.845876.jpg
Cat1,10mph,lr,opposite,9,1624825300.8792093,/media/batool/MULTIMODAL_DATA/Multimodal_Data/Cat1/opposite/bag_files/Cat1_10mph_lr_opposite_9/camera_images/1624825300.8792093.jpg
Cat1,10mph,lr,opposite,9,1624825300.9125426,/media/batool/MULTIMODAL_DATA/Multimodal_Data/Cat1/opposite/bag_files/Cat1_10mph_lr_opposite_9/camera_images/1624825300.9125426.jpg
Cat1,10mph,lr,opposite,9,1624825300.945876,/media/batool/MULTIMODAL_DATA/Multimodal_Data/Cat1/opposite/bag_files/Cat1_10mph_lr_opposite_9/camera_images/1624825300.945876.jpg
Cat1,10mph,lr,opposite,9,1624825300.9792092,/media/batool/MULTIMODAL_DATA/Multimodal_Data/Cat1/opposite/bag_files/Cat1_10mph_lr_opposite_9/camera_images/1624825300.9792092.jpg
Cat1,10mph,lr,opposite,9,1624825301.0125425,/media/batool/MULTIMODAL_DATA/Multimodal_Data/Cat1/opposite/bag_files/Cat1_10mph_lr_opposite_9/camera_images/1624825301.0125425.jpg
Cat1,10mph,lr,opposite,9,1624825301.0458758,/media/batool/MULTIMODAL_DATA/Multimodal_Data/Cat1/opposite/bag_files/Cat1_10mph_lr_opposite_9/camera_images/1624825301.0458758.jpg
Cat1,10mph,lr,opposite,9,1624825301.079209,/media/batool/MULTIMODAL_DATA/Multimodal_Data/Cat1/opposite/bag_files/Cat1_10mph_lr_opposite_9/camera_images/1624825301.079209.jpg
Cat1,10mph,lr,opposite,9,1624825301.1125424,/media/batool/MULTIMODAL_DATA/Multimodal_Data/Cat1/opposite/bag_files/Cat1_10mph_lr_opposite_9/camera_images/1624825301.1125424.jpg
Cat1,10mph,lr,opposite,9,1624825301.1458757,/media/batool/MULTIMODAL_DATA/Multimodal_Data/Cat1/opposite/bag_files/Cat1_10mph_lr_opposite_9/camera_images/1624825301.1458757.jpg
Cat1,10mph,lr,opposite,9,1624825301.2125423,/media/batool/MULTIMODAL_DATA/Multimodal_Data/Cat1/opposite/bag_files/Cat1_10mph_lr_opposite_9/camera_images/1624825301.2125423.jpg
Cat1,10mph,lr,opposite,9,1624825301.2458756,/media/batool/MULTIMODAL_DATA/Multimodal_Data/Cat1/opposite/bag_files/Cat1_10mph_lr_opposite_9/camera_images/1624825301.2458756.jpg
Cat1,10mph,lr,opposite,9,1624825301.279209,/media/batool/MULTIMODAL_DATA/Multimodal_Data/Cat1/opposite/bag_files/Cat1_10mph_lr_opposite_9/camera_images/1624825301.279209.jpg
Cat1,10mph,lr,opposite,9,1624825301.3125422,/media/batool/MULTIMODAL_DATA/Multimodal_Data/Cat1/opposite/bag_files/Cat1_10mph_lr_opposite_9/camera_images/1624825301.3125422.jpg
Cat1,10mph,lr,opposite,9,1624825301.3458755,/media/batool/MULTIMODAL_DATA/Multimodal_Data/Cat1/opposite/bag_files/Cat1_10mph_lr_opposite_9/camera_images/1624825301.3458755.jpg
Cat1,10mph,lr,opposite,9,1624825301.3792088,/media/batool/MULTIMODAL_DATA/Multimodal_Data/Cat1/opposite/bag_files/Cat1_10mph_lr_opposite_9/camera_images/1624825301.3792088.jpg
Cat1,10mph,lr,opposite,9,1624825301.412542,/media/batool/MULTIMODAL_DATA/Multimodal_Data/Cat1/opposite/bag_files/Cat1_10mph_lr_opposite_9/camera_images/1624825301.412542.jpg
Cat1,10mph,lr,opposite,9,1624825301.4458754,/media/batool/MULTIMODAL_DATA/Multimodal_Data/Cat1/opposite/bag_files/Cat1_10mph_lr_opposite_9/camera_images/1624825301.4458754.jpg
Cat1,10mph,lr,opposite,9,1624825301.4792087,/media/batool/MULTIMODAL_DATA/Multimodal_Data/Cat1/opposite/bag_files/Cat1_10mph_lr_opposite_9/camera_images/1624825301.4792087.jpg
Cat1,10mph,lr,opposite,9,1624825301.512542,/media/batool/MULTIMODAL_DATA/Multimodal_Data/Cat1/opposite/bag_files/Cat1_10mph_lr_opposite_9/camera_images/1624825301.512542.jpg
Cat1,10mph,lr,opposite,9,1624825301.5458753,/media/batool/MULTIMODAL_DATA/Multimodal_Data/Cat1/opposite/bag_files/Cat1_10mph_lr_opposite_9/camera_images/1624825301.5458753.jpg
Cat1,10mph,lr,opposite,9,1624825301.5792086,/media/batool/MULTIMODAL_DATA/Multimodal_Data/Cat1/opposite/bag_files/Cat1_10mph_lr_opposite_9/camera_images/1624825301.5792086.jpg
Cat1,10mph,lr,opposite,9,1624825301.612542,/media/batool/MULTIMODAL_DATA/Multimodal_Data/Cat1/opposite/bag_files/Cat1_10mph_lr_opposite_9/camera_images/1624825301.612542.jpg
Cat1,10mph,lr,opposite,9,1624825301.6458752,/media/batool/MULTIMODAL_DATA/Multimodal_Data/Cat1/opposite/bag_files/Cat1_10mph_lr_opposite_9/camera_images/1624825301.6458752.jpg
Cat1,10mph,lr,opposite,9,1624825301.6792085,/media/batool/MULTIMODAL_DATA/Multimodal_Data/Cat1/opposite/bag_files/Cat1_10mph_lr_opposite_9/camera_images/1624825301.6792085.jpg
Cat1,10mph,lr,opposite,9,1624825301.7458751,/media/batool/MULTIMODAL_DATA/Multimodal_Data/Cat1/opposite/bag_files/Cat1_10mph_lr_opposite_9/camera_images/1624825301.7458751.jpg
Cat1,10mph,lr,opposite,9,1624825301.7792084,/media/batool/MULTIMODAL_DATA/Multimodal_Data/Cat1/opposite/bag_files/Cat1_10mph_lr_opposite_9/camera_images/1624825301.7792084.jpg
Cat1,10mph,lr,opposite,9,1624825301.8125417,/media/batool/MULTIMODAL_DATA/Multimodal_Data/Cat1/opposite/bag_files/Cat1_10mph_lr_opposite_9/camera_images/1624825301.8125417.jpg
Cat1,10mph,lr,opposite,9,1624825301.845875,/media/batool/MULTIMODAL_DATA/Multimodal_Data/Cat1/opposite/bag_files/Cat1_10mph_lr_opposite_9/camera_images/1624825301.845875.jpg
Cat1,10mph,lr,opposite,9,1624825301.8792083,/media/batool/MULTIMODAL_DATA/Multimodal_Data/Cat1/opposite/bag_files/Cat1_10mph_lr_opposite_9/camera_images/1624825301.8792083.jpg
Cat1,10mph,lr,opposite,9,1624825301.9125416,/media/batool/MULTIMODAL_DATA/Multimodal_Data/Cat1/opposite/bag_files/Cat1_10mph_lr_opposite_9/camera_images/1624825301.9125416.jpg
Cat1,10mph,lr,opposite,9,1624825301.945875,/media/batool/MULTIMODAL_DATA/Multimodal_Data/Cat1/opposite/bag_files/Cat1_10mph_lr_opposite_9/camera_images/1624825301.945875.jpg
Cat1,10mph,lr,opposite,9,1624825301.9792082,/media/batool/MULTIMODAL_DATA/Multimodal_Data/Cat1/opposite/bag_files/Cat1_10mph_lr_opposite_9/camera_images/1624825301.9792082.jpg
Cat1,10mph,lr,opposite,9,1624825302.0125415,/media/batool/MULTIMODAL_DATA/Multimodal_Data/Cat1/opposite/bag_files/Cat1_10mph_lr_opposite_9/camera_images/1624825302.0125415.jpg
Cat1,10mph,lr,opposite,9,1624825302.0458748,/media/batool/MULTIMODAL_DATA/Multimodal_Data/Cat1/opposite/bag_files/Cat1_10mph_lr_opposite_9/camera_images/1624825302.0458748.jpg
Cat1,10mph,lr,opposite,9,1624825302.0792081,/media/batool/MULTIMODAL_DATA/Multimodal_Data/Cat1/opposite/bag_files/Cat1_10mph_lr_opposite_9/camera_images/1624825302.0792081.jpg
Cat1,10mph,lr,opposite,9,1624825302.1125414,/media/batool/MULTIMODAL_DATA/Multimodal_Data/Cat1/opposite/bag_files/Cat1_10mph_lr_opposite_9/camera_images/1624825302.1125414.jpg
Cat1,10mph,lr,opposite,9,1624825302.1458747,/media/batool/MULTIMODAL_DATA/Multimodal_Data/Cat1/opposite/bag_files/Cat1_10mph_lr_opposite_9/camera_images/1624825302.1458747.jpg
Cat1,10mph,lr,opposite,9,1624825302.179208,/media/batool/MULTIMODAL_DATA/Multimodal_Data/Cat1/opposite/bag_files/Cat1_10mph_lr_opposite_9/camera_images/1624825302.179208.jpg
Cat1,10mph,lr,opposite,9,1624825302.2125413,/media/batool/MULTIMODAL_DATA/Multimodal_Data/Cat1/opposite/bag_files/Cat1_10mph_lr_opposite_9/camera_images/1624825302.2125413.jpg
Cat1,10mph,lr,opposite,9,1624825302.279208,/media/batool/MULTIMODAL_DATA/Multimodal_Data/Cat1/opposite/bag_files/Cat1_10mph_lr_opposite_9/camera_images/1624825302.279208.jpg
Cat1,10mph,lr,opposite,9,1624825302.3125412,/media/batool/MULTIMODAL_DATA/Multimodal_Data/Cat1/opposite/bag_files/Cat1_10mph_lr_opposite_9/camera_images/1624825302.3125412.jpg
Cat1,10mph,lr,opposite,9,1624825302.3458745,/media/batool/MULTIMODAL_DATA/Multimodal_Data/Cat1/opposite/bag_files/Cat1_10mph_lr_opposite_9/camera_images/1624825302.3458745.jpg
Cat1,10mph,lr,opposite,9,1624825302.3792078,/media/batool/MULTIMODAL_DATA/Multimodal_Data/Cat1/opposite/bag_files/Cat1_10mph_lr_opposite_9/camera_images/1624825302.3792078.jpg
Cat1,10mph,lr,opposite,9,1624825302.4125412,/media/batool/MULTIMODAL_DATA/Multimodal_Data/Cat1/opposite/bag_files/Cat1_10mph_lr_opposite_9/camera_images/1624825302.4125412.jpg
Cat1,10mph,lr,opposite,9,1624825302.4458745,/media/batool/MULTIMODAL_DATA/Multimodal_Data/Cat1/opposite/bag_files/Cat1_10mph_lr_opposite_9/camera_images/1624825302.4458745.jpg
Cat1,10mph,lr,opposite,9,1624825302.4792078,/media/batool/MULTIMODAL_DATA/Multimodal_Data/Cat1/opposite/bag_files/Cat1_10mph_lr_opposite_9/camera_images/1624825302.4792078.jpg
Cat1,10mph,lr,opposite,9,1624825302.512541,/media/batool/MULTIMODAL_DATA/Multimodal_Data/Cat1/opposite/bag_files/Cat1_10mph_lr_opposite_9/camera_images/1624825302.512541.jpg
Cat1,10mph,lr,opposite,9,1624825302.5458744,/media/batool/MULTIMODAL_DATA/Multimodal_Data/Cat1/opposite/bag_files/Cat1_10mph_lr_opposite_9/camera_images/1624825302.5458744.jpg
Cat1,10mph,lr,opposite,9,1624825302.5792077,/media/batool/MULTIMODAL_DATA/Multimodal_Data/Cat1/opposite/bag_files/Cat1_10mph_lr_opposite_9/camera_images/1624825302.5792077.jpg
Cat1,10mph,lr,opposite,9,1624825302.612541,/media/batool/MULTIMODAL_DATA/Multimodal_Data/Cat1/opposite/bag_files/Cat1_10mph_lr_opposite_9/camera_images/1624825302.612541.jpg
Cat1,10mph,lr,opposite,9,1624825302.6458743,/media/batool/MULTIMODAL_DATA/Multimodal_Data/Cat1/opposite/bag_files/Cat1_10mph_lr_opposite_9/camera_images/1624825302.6458743.jpg
Cat1,10mph,lr,opposite,9,1624825302.6792076,/media/batool/MULTIMODAL_DATA/Multimodal_Data/Cat1/opposite/bag_files/Cat1_10mph_lr_opposite_9/camera_images/1624825302.6792076.jpg
Cat1,10mph,lr,opposite,9,1624825302.7125409,/media/batool/MULTIMODAL_DATA/Multimodal_Data/Cat1/opposite/bag_files/Cat1_10mph_lr_opposite_9/camera_images/1624825302.7125409.jpg
Cat1,10mph,lr,opposite,9,1624825302.7458742,/media/batool/MULTIMODAL_DATA/Multimodal_Data/Cat1/opposite/bag_files/Cat1_10mph_lr_opposite_9/camera_images/1624825302.7458742.jpg
Cat1,10mph,lr,opposite,9,1624825302.8125408,/media/batool/MULTIMODAL_DATA/Multimodal_Data/Cat1/opposite/bag_files/Cat1_10mph_lr_opposite_9/camera_images/1624825302.8125408.jpg
Cat1,10mph,lr,opposite,9,1624825302.845874,/media/batool/MULTIMODAL_DATA/Multimodal_Data/Cat1/opposite/bag_files/Cat1_10mph_lr_opposite_9/camera_images/1624825302.845874.jpg
Cat1,10mph,lr,opposite,9,1624825302.8792074,/media/batool/MULTIMODAL_DATA/Multimodal_Data/Cat1/opposite/bag_files/Cat1_10mph_lr_opposite_9/camera_images/1624825302.8792074.jpg
Cat1,10mph,lr,opposite,9,1624825302.9125407,/media/batool/MULTIMODAL_DATA/Multimodal_Data/Cat1/opposite/bag_files/Cat1_10mph_lr_opposite_9/camera_images/1624825302.9125407.jpg
Cat1,10mph,lr,opposite,9,1624825302.945874,/media/batool/MULTIMODAL_DATA/Multimodal_Data/Cat1/opposite/bag_files/Cat1_10mph_lr_opposite_9/camera_images/1624825302.945874.jpg
Cat1,10mph,lr,opposite,9,1624825302.9792073,/media/batool/MULTIMODAL_DATA/Multimodal_Data/Cat1/opposite/bag_files/Cat1_10mph_lr_opposite_9/camera_images/1624825302.9792073.jpg
Cat1,10mph,lr,opposite,9,1624825303.0125406,/media/batool/MULTIMODAL_DATA/Multimodal_Data/Cat1/opposite/bag_files/Cat1_10mph_lr_opposite_9/camera_images/1624825303.0125406.jpg
Cat1,10mph,lr,opposite,9,1624825303.0458739,/media/batool/MULTIMODAL_DATA/Multimodal_Data/Cat1/opposite/bag_files/Cat1_10mph_lr_opposite_9/camera_images/1624825303.0458739.jpg
Cat1,10mph,lr,opposite,9,1624825303.0792072,/media/batool/MULTIMODAL_DATA/Multimodal_Data/Cat1/opposite/bag_files/Cat1_10mph_lr_opposite_9/camera_images/1624825303.0792072.jpg
Cat1,10mph,lr,opposite,9,1624825303.1125405,/media/batool/MULTIMODAL_DATA/Multimodal_Data/Cat1/opposite/bag_files/Cat1_10mph_lr_opposite_9/camera_images/1624825303.1125405.jpg
Cat1,10mph,lr,opposite,9,1624825303.1458738,/media/batool/MULTIMODAL_DATA/Multimodal_Data/Cat1/opposite/bag_files/Cat1_10mph_lr_opposite_9/camera_images/1624825303.1458738.jpg
Cat1,10mph,lr,opposite,9,1624825303.179207,/media/batool/MULTIMODAL_DATA/Multimodal_Data/Cat1/opposite/bag_files/Cat1_10mph_lr_opposite_9/camera_images/1624825303.179207.jpg
Cat1,10mph,lr,opposite,9,1624825303.2125404,/media/batool/MULTIMODAL_DATA/Multimodal_Data/Cat1/opposite/bag_files/Cat1_10mph_lr_opposite_9/camera_images/1624825303.2125404.jpg
Cat1,10mph,lr,opposite,9,1624825303.2458737,/media/batool/MULTIMODAL_DATA/Multimodal_Data/Cat1/opposite/bag_files/Cat1_10mph_lr_opposite_9/camera_images/1624825303.2458737.jpg
Cat1,10mph,lr,opposite,9,1624825303.279207,/media/batool/MULTIMODAL_DATA/Multimodal_Data/Cat1/opposite/bag_files/Cat1_10mph_lr_opposite_9/camera_images/1624825303.279207.jpg
Cat1,10mph,lr,opposite,9,1624825303.3458736,/media/batool/MULTIMODAL_DATA/Multimodal_Data/Cat1/opposite/bag_files/Cat1_10mph_lr_opposite_9/camera_images/1624825303.3458736.jpg
Cat1,10mph,lr,opposite,9,1624825303.379207,/media/batool/MULTIMODAL_DATA/Multimodal_Data/Cat1/opposite/bag_files/Cat1_10mph_lr_opposite_9/camera_images/1624825303.379207.jpg
Cat1,10mph,lr,opposite,9,1624825303.4125402,/media/batool/MULTIMODAL_DATA/Multimodal_Data/Cat1/opposite/bag_files/Cat1_10mph_lr_opposite_9/camera_images/1624825303.4125402.jpg
Cat1,10mph,lr,opposite,9,1624825303.4458735,/media/batool/MULTIMODAL_DATA/Multimodal_Data/Cat1/opposite/bag_files/Cat1_10mph_lr_opposite_9/camera_images/1624825303.4458735.jpg
Cat1,10mph,lr,opposite,9,1624825303.4792068,/media/batool/MULTIMODAL_DATA/Multimodal_Data/Cat1/opposite/bag_files/Cat1_10mph_lr_opposite_9/camera_images/1624825303.4792068.jpg
Cat1,10mph,lr,opposite,9,1624825303.51254,/media/batool/MULTIMODAL_DATA/Multimodal_Data/Cat1/opposite/bag_files/Cat1_10mph_lr_opposite_9/camera_images/1624825303.51254.jpg
Cat1,10mph,lr,opposite,9,1624825303.5458734,/media/batool/MULTIMODAL_DATA/Multimodal_Data/Cat1/opposite/bag_files/Cat1_10mph_lr_opposite_9/camera_images/1624825303.5458734.jpg
Cat1,10mph,lr,opposite,9,1624825303.5792067,/media/batool/MULTIMODAL_DATA/Multimodal_Data/Cat1/opposite/bag_files/Cat1_10mph_lr_opposite_9/camera_images/1624825303.5792067.jpg
Cat1,10mph,lr,opposite,9,1624825303.61254,/media/batool/MULTIMODAL_DATA/Multimodal_Data/Cat1/opposite/bag_files/Cat1_10mph_lr_opposite_9/camera_images/1624825303.61254.jpg
Cat1,10mph,lr,opposite,9,1624825303.6458733,/media/batool/MULTIMODAL_DATA/Multimodal_Data/Cat1/opposite/bag_files/Cat1_10mph_lr_opposite_9/camera_images/1624825303.6458733.jpg
Cat1,10mph,lr,opposite,9,1624825303.6792066,/media/batool/MULTIMODAL_DATA/Multimodal_Data/Cat1/opposite/bag_files/Cat1_10mph_lr_opposite_9/camera_images/1624825303.6792066.jpg
Cat1,10mph,lr,opposite,9,1624825303.71254,/media/batool/MULTIMODAL_DATA/Multimodal_Data/Cat1/opposite/bag_files/Cat1_10mph_lr_opposite_9/camera_images/1624825303.71254.jpg
Cat1,10mph,lr,opposite,9,1624825303.7458732,/media/batool/MULTIMODAL_DATA/Multimodal_Data/Cat1/opposite/bag_files/Cat1_10mph_lr_opposite_9/camera_images/1624825303.7458732.jpg
Cat1,10mph,lr,opposite,9,1624825303.7792065,/media/batool/MULTIMODAL_DATA/Multimodal_Data/Cat1/opposite/bag_files/Cat1_10mph_lr_opposite_9/camera_images/1624825303.7792065.jpg
Cat1,10mph,lr,opposite,9,1624825303.8125398,/media/batool/MULTIMODAL_DATA/Multimodal_Data/Cat1/opposite/bag_files/Cat1_10mph_lr_opposite_9/camera_images/1624825303.8125398.jpg
Cat1,10mph,lr,opposite,9,1624825303.8792064,/media/batool/MULTIMODAL_DATA/Multimodal_Data/Cat1/opposite/bag_files/Cat1_10mph_lr_opposite_9/camera_images/1624825303.8792064.jpg
Cat1,10mph,lr,opposite,9,1624825303.9125397,/media/batool/MULTIMODAL_DATA/Multimodal_Data/Cat1/opposite/bag_files/Cat1_10mph_lr_opposite_9/camera_images/1624825303.9125397.jpg
Cat1,10mph,lr,opposite,9,1624825303.945873,/media/batool/MULTIMODAL_DATA/Multimodal_Data/Cat1/opposite/bag_files/Cat1_10mph_lr_opposite_9/camera_images/1624825303.945873.jpg
Cat1,10mph,lr,opposite,9,1624825303.9792063,/media/batool/MULTIMODAL_DATA/Multimodal_Data/Cat1/opposite/bag_files/Cat1_10mph_lr_opposite_9/camera_images/1624825303.9792063.jpg
Cat1,10mph,lr,opposite,9,1624825304.0125396,/media/batool/MULTIMODAL_DATA/Multimodal_Data/Cat1/opposite/bag_files/Cat1_10mph_lr_opposite_9/camera_images/1624825304.0125396.jpg
Cat1,10mph,lr,opposite,9,1624825304.045873,/media/batool/MULTIMODAL_DATA/Multimodal_Data/Cat1/opposite/bag_files/Cat1_10mph_lr_opposite_9/camera_images/1624825304.045873.jpg
Cat1,10mph,lr,opposite,9,1624825304.0792062,/media/batool/MULTIMODAL_DATA/Multimodal_Data/Cat1/opposite/bag_files/Cat1_10mph_lr_opposite_9/camera_images/1624825304.0792062.jpg
Cat1,10mph,lr,opposite,9,1624825304.1125395,/media/batool/MULTIMODAL_DATA/Multimodal_Data/Cat1/opposite/bag_files/Cat1_10mph_lr_opposite_9/camera_images/1624825304.1125395.jpg
Cat1,10mph,lr,opposite,9,1624825304.1458728,/media/batool/MULTIMODAL_DATA/Multimodal_Data/Cat1/opposite/bag_files/Cat1_10mph_lr_opposite_9/camera_images/1624825304.1458728.jpg
Cat1,10mph,lr,opposite,9,1624825304.1792061,/media/batool/MULTIMODAL_DATA/Multimodal_Data/Cat1/opposite/bag_files/Cat1_10mph_lr_opposite_9/camera_images/1624825304.1792061.jpg
Cat1,10mph,lr,opposite,9,1624825304.2125394,/media/batool/MULTIMODAL_DATA/Multimodal_Data/Cat1/opposite/bag_files/Cat1_10mph_lr_opposite_9/camera_images/1624825304.2125394.jpg
Cat1,10mph,lr,opposite,9,1624825304.2458727,/media/batool/MULTIMODAL_DATA/Multimodal_Data/Cat1/opposite/bag_files/Cat1_10mph_lr_opposite_9/camera_images/1624825304.2458727.jpg
Cat1,10mph,lr,opposite,9,1624825304.279206,/media/batool/MULTIMODAL_DATA/Multimodal_Data/Cat1/opposite/bag_files/Cat1_10mph_lr_opposite_9/camera_images/1624825304.279206.jpg
Cat1,10mph,lr,opposite,9,1624825304.3125393,/media/batool/MULTIMODAL_DATA/Multimodal_Data/Cat1/opposite/bag_files/Cat1_10mph_lr_opposite_9/camera_images/1624825304.3125393.jpg
Cat1,10mph,lr,opposite,9,1624825304.3458726,/media/batool/MULTIMODAL_DATA/Multimodal_Data/Cat1/opposite/bag_files/Cat1_10mph_lr_opposite_9/camera_images/1624825304.3458726.jpg
Cat1,10mph,lr,opposite,9,1624825304.4125392,/media/batool/MULTIMODAL_DATA/Multimodal_Data/Cat1/opposite/bag_files/Cat1_10mph_lr_opposite_9/camera_images/1624825304.4125392.jpg
Cat1,10mph,lr,opposite,9,1624825304.4458725,/media/batool/MULTIMODAL_DATA/Multimodal_Data/Cat1/opposite/bag_files/Cat1_10mph_lr_opposite_9/camera_images/1624825304.4458725.jpg
Cat1,10mph,lr,opposite,9,1624825304.4792058,/media/batool/MULTIMODAL_DATA/Multimodal_Data/Cat1/opposite/bag_files/Cat1_10mph_lr_opposite_9/camera_images/1624825304.4792058.jpg
Cat1,10mph,lr,opposite,9,1624825304.5125391,/media/batool/MULTIMODAL_DATA/Multimodal_Data/Cat1/opposite/bag_files/Cat1_10mph_lr_opposite_9/camera_images/1624825304.5125391.jpg
Cat1,10mph,lr,opposite,9,1624825304.5458724,/media/batool/MULTIMODAL_DATA/Multimodal_Data/Cat1/opposite/bag_files/Cat1_10mph_lr_opposite_9/camera_images/1624825304.5458724.jpg
Cat1,10mph,lr,opposite,9,1624825304.5792058,/media/batool/MULTIMODAL_DATA/Multimodal_Data/Cat1/opposite/bag_files/Cat1_10mph_lr_opposite_9/camera_images/1624825304.5792058.jpg
Cat1,10mph,lr,opposite,9,1624825304.612539,/media/batool/MULTIMODAL_DATA/Multimodal_Data/Cat1/opposite/bag_files/Cat1_10mph_lr_opposite_9/camera_images/1624825304.612539.jpg
Cat1,10mph,lr,opposite,9,1624825304.6458724,/media/batool/MULTIMODAL_DATA/Multimodal_Data/Cat1/opposite/bag_files/Cat1_10mph_lr_opposite_9/camera_images/1624825304.6458724.jpg
Cat1,10mph,lr,opposite,9,1624825304.6792057,/media/batool/MULTIMODAL_DATA/Multimodal_Data/Cat1/opposite/bag_files/Cat1_10mph_lr_opposite_9/camera_images/1624825304.6792057.jpg
Cat1,10mph,lr,opposite,9,1624825304.712539,/media/batool/MULTIMODAL_DATA/Multimodal_Data/Cat1/opposite/bag_files/Cat1_10mph_lr_opposite_9/camera_images/1624825304.712539.jpg
Cat1,10mph,lr,opposite,9,1624825304.7458723,/media/batool/MULTIMODAL_DATA/Multimodal_Data/Cat1/opposite/bag_files/Cat1_10mph_lr_opposite_9/camera_images/1624825304.7458723.jpg
Cat1,10mph,lr,opposite,9,1624825304.7792056,/media/batool/MULTIMODAL_DATA/Multimodal_Data/Cat1/opposite/bag_files/Cat1_10mph_lr_opposite_9/camera_images/1624825304.7792056.jpg
Cat1,10mph,lr,opposite,9,1624825304.8125389,/media/batool/MULTIMODAL_DATA/Multimodal_Data/Cat1/opposite/bag_files/Cat1_10mph_lr_opposite_9/camera_images/1624825304.8125389.jpg
Cat1,10mph,lr,opposite,9,1624825304.8458722,/media/batool/MULTIMODAL_DATA/Multimodal_Data/Cat1/opposite/bag_files/Cat1_10mph_lr_opposite_9/camera_images/1624825304.8458722.jpg
Cat1,10mph,lr,opposite,9,1624825304.8792055,/media/batool/MULTIMODAL_DATA/Multimodal_Data/Cat1/opposite/bag_files/Cat1_10mph_lr_opposite_9/camera_images/1624825304.8792055.jpg
Cat1,10mph,lr,opposite,9,1624825304.945872,/media/batool/MULTIMODAL_DATA/Multimodal_Data/Cat1/opposite/bag_files/Cat1_10mph_lr_opposite_9/camera_images/1624825304.945872.jpg
Cat1,10mph,lr,opposite,9,1624825304.9792054,/media/batool/MULTIMODAL_DATA/Multimodal_Data/Cat1/opposite/bag_files/Cat1_10mph_lr_opposite_9/camera_images/1624825304.9792054.jpg
Cat1,10mph,lr,opposite,9,1624825305.0125387,/media/batool/MULTIMODAL_DATA/Multimodal_Data/Cat1/opposite/bag_files/Cat1_10mph_lr_opposite_9/camera_images/1624825305.0125387.jpg
Cat1,10mph,lr,opposite,9,1624825305.045872,/media/batool/MULTIMODAL_DATA/Multimodal_Data/Cat1/opposite/bag_files/Cat1_10mph_lr_opposite_9/camera_images/1624825305.045872.jpg
Cat1,10mph,lr,opposite,9,1624825305.0792053,/media/batool/MULTIMODAL_DATA/Multimodal_Data/Cat1/opposite/bag_files/Cat1_10mph_lr_opposite_9/camera_images/1624825305.0792053.jpg
Cat1,10mph,lr,opposite,9,1624825305.1125386,/media/batool/MULTIMODAL_DATA/Multimodal_Data/Cat1/opposite/bag_files/Cat1_10mph_lr_opposite_9/camera_images/1624825305.1125386.jpg
Cat1,10mph,lr,opposite,9,1624825305.1458719,/media/batool/MULTIMODAL_DATA/Multimodal_Data/Cat1/opposite/bag_files/Cat1_10mph_lr_opposite_9/camera_images/1624825305.1458719.jpg
Cat1,10mph,lr,opposite,9,1624825305.1792052,/media/batool/MULTIMODAL_DATA/Multimodal_Data/Cat1/opposite/bag_files/Cat1_10mph_lr_opposite_9/camera_images/1624825305.1792052.jpg
Cat1,10mph,lr,opposite,9,1624825305.2125385,/media/batool/MULTIMODAL_DATA/Multimodal_Data/Cat1/opposite/bag_files/Cat1_10mph_lr_opposite_9/camera_images/1624825305.2125385.jpg
Cat1,10mph,lr,opposite,9,1624825305.2458718,/media/batool/MULTIMODAL_DATA/Multimodal_Data/Cat1/opposite/bag_files/Cat1_10mph_lr_opposite_9/camera_images/1624825305.2458718.jpg
Cat1,10mph,lr,opposite,9,1624825305.279205,/media/batool/MULTIMODAL_DATA/Multimodal_Data/Cat1/opposite/bag_files/Cat1_10mph_lr_opposite_9/camera_images/1624825305.279205.jpg
Cat1,10mph,lr,opposite,9,1624825305.3125384,/media/batool/MULTIMODAL_DATA/Multimodal_Data/Cat1/opposite/bag_files/Cat1_10mph_lr_opposite_9/camera_images/1624825305.3125384.jpg
Cat1,10mph,lr,opposite,9,1624825305.3458717,/media/batool/MULTIMODAL_DATA/Multimodal_Data/Cat1/opposite/bag_files/Cat1_10mph_lr_opposite_9/camera_images/1624825305.3458717.jpg
Cat1,10mph,lr,opposite,9,1624825305.379205,/media/batool/MULTIMODAL_DATA/Multimodal_Data/Cat1/opposite/bag_files/Cat1_10mph_lr_opposite_9/camera_images/1624825305.379205.jpg
Cat1,10mph,lr,opposite,9,1624825305.4125383,/media/batool/MULTIMODAL_DATA/Multimodal_Data/Cat1/opposite/bag_files/Cat1_10mph_lr_opposite_9/camera_images/1624825305.4125383.jpg
Cat1,10mph,lr,opposite,9,1624825305.479205,/media/batool/MULTIMODAL_DATA/Multimodal_Data/Cat1/opposite/bag_files/Cat1_10mph_lr_opposite_9/camera_images/1624825305.479205.jpg
Cat1,10mph,lr,opposite,9,1624825305.5125382,/media/batool/MULTIMODAL_DATA/Multimodal_Data/Cat1/opposite/bag_files/Cat1_10mph_lr_opposite_9/camera_images/1624825305.5125382.jpg
Cat1,10mph,lr,opposite,9,1624825305.5458715,/media/batool/MULTIMODAL_DATA/Multimodal_Data/Cat1/opposite/bag_files/Cat1_10mph_lr_opposite_9/camera_images/1624825305.5458715.jpg
Cat1,10mph,lr,opposite,9,1624825305.5792048,/media/batool/MULTIMODAL_DATA/Multimodal_Data/Cat1/opposite/bag_files/Cat1_10mph_lr_opposite_9/camera_images/1624825305.5792048.jpg
Cat1,10mph,lr,opposite,9,1624825305.612538,/media/batool/MULTIMODAL_DATA/Multimodal_Data/Cat1/opposite/bag_files/Cat1_10mph_lr_opposite_9/camera_images/1624825305.612538.jpg
Cat1,10mph,lr,opposite,9,1624825305.6458714,/media/batool/MULTIMODAL_DATA/Multimodal_Data/Cat1/opposite/bag_files/Cat1_10mph_lr_opposite_9/camera_images/1624825305.6458714.jpg
Cat1,10mph,lr,opposite,9,1624825305.6792047,/media/batool/MULTIMODAL_DATA/Multimodal_Data/Cat1/opposite/bag_files/Cat1_10mph_lr_opposite_9/camera_images/1624825305.6792047.jpg
Cat1,10mph,lr,opposite,9,1624825305.712538,/media/batool/MULTIMODAL_DATA/Multimodal_Data/Cat1/opposite/bag_files/Cat1_10mph_lr_opposite_9/camera_images/1624825305.712538.jpg
Cat1,10mph,lr,opposite,9,1624825305.7458713,/media/batool/MULTIMODAL_DATA/Multimodal_Data/Cat1/opposite/bag_files/Cat1_10mph_lr_opposite_9/camera_images/1624825305.7458713.jpg
Cat1,10mph,lr,opposite,9,1624825305.7792046,/media/batool/MULTIMODAL_DATA/Multimodal_Data/Cat1/opposite/bag_files/Cat1_10mph_lr_opposite_9/camera_images/1624825305.7792046.jpg
Cat1,10mph,lr,opposite,9,1624825305.812538,/media/batool/MULTIMODAL_DATA/Multimodal_Data/Cat1/opposite/bag_files/Cat1_10mph_lr_opposite_9/camera_images/1624825305.812538.jpg
Cat1,10mph,lr,opposite,9,1624825305.8458712,/media/batool/MULTIMODAL_DATA/Multimodal_Data/Cat1/opposite/bag_files/Cat1_10mph_lr_opposite_9/camera_images/1624825305.8458712.jpg
Cat1,10mph,lr,opposite,9,1624825305.8792045,/media/batool/MULTIMODAL_DATA/Multimodal_Data/Cat1/opposite/bag_files/Cat1_10mph_lr_opposite_9/camera_images/1624825305.8792045.jpg
Cat1,10mph,lr,opposite,9,1624825305.9125378,/media/batool/MULTIMODAL_DATA/Multimodal_Data/Cat1/opposite/bag_files/Cat1_10mph_lr_opposite_9/camera_images/1624825305.9125378.jpg
Cat1,10mph,lr,opposite,9,1624825305.945871,/media/batool/MULTIMODAL_DATA/Multimodal_Data/Cat1/opposite/bag_files/Cat1_10mph_lr_opposite_9/camera_images/1624825305.945871.jpg
Cat1,10mph,lr,opposite,9,1624825306.0125377,/media/batool/MULTIMODAL_DATA/Multimodal_Data/Cat1/opposite/bag_files/Cat1_10mph_lr_opposite_9/camera_images/1624825306.0125377.jpg
Cat1,10mph,lr,opposite,9,1624825306.045871,/media/batool/MULTIMODAL_DATA/Multimodal_Data/Cat1/opposite/bag_files/Cat1_10mph_lr_opposite_9/camera_images/1624825306.045871.jpg
Cat1,10mph,lr,opposite,9,1624825306.0792043,/media/batool/MULTIMODAL_DATA/Multimodal_Data/Cat1/opposite/bag_files/Cat1_10mph_lr_opposite_9/camera_images/1624825306.0792043.jpg
Cat1,10mph,lr,opposite,9,1624825306.1125376,/media/batool/MULTIMODAL_DATA/Multimodal_Data/Cat1/opposite/bag_files/Cat1_10mph_lr_opposite_9/camera_images/1624825306.1125376.jpg
Cat1,10mph,lr,opposite,9,1624825306.145871,/media/batool/MULTIMODAL_DATA/Multimodal_Data/Cat1/opposite/bag_files/Cat1_10mph_lr_opposite_9/camera_images/1624825306.145871.jpg
Cat1,10mph,lr,opposite,9,1624825306.1792042,/media/batool/MULTIMODAL_DATA/Multimodal_Data/Cat1/opposite/bag_files/Cat1_10mph_lr_opposite_9/camera_images/1624825306.1792042.jpg
Cat1,10mph,lr,opposite,9,1624825306.2125375,/media/batool/MULTIMODAL_DATA/Multimodal_Data/Cat1/opposite/bag_files/Cat1_10mph_lr_opposite_9/camera_images/1624825306.2125375.jpg
Cat1,10mph,lr,opposite,9,1624825306.2458708,/media/batool/MULTIMODAL_DATA/Multimodal_Data/Cat1/opposite/bag_files/Cat1_10mph_lr_opposite_9/camera_images/1624825306.2458708.jpg
Cat1,10mph,lr,opposite,9,1624825306.2792041,/media/batool/MULTIMODAL_DATA/Multimodal_Data/Cat1/opposite/bag_files/Cat1_10mph_lr_opposite_9/camera_images/1624825306.2792041.jpg
Cat1,10mph,lr,opposite,9,1624825306.3125374,/media/batool/MULTIMODAL_DATA/Multimodal_Data/Cat1/opposite/bag_files/Cat1_10mph_lr_opposite_9/camera_images/1624825306.3125374.jpg
Cat1,10mph,lr,opposite,9,1624825306.3458707,/media/batool/MULTIMODAL_DATA/Multimodal_Data/Cat1/opposite/bag_files/Cat1_10mph_lr_opposite_9/camera_images/1624825306.3458707.jpg
Cat1,10mph,lr,opposite,9,1624825306.379204,/media/batool/MULTIMODAL_DATA/Multimodal_Data/Cat1/opposite/bag_files/Cat1_10mph_lr_opposite_9/camera_images/1624825306.379204.jpg
Cat1,10mph,lr,opposite,9,1624825306.4125373,/media/batool/MULTIMODAL_DATA/Multimodal_Data/Cat1/opposite/bag_files/Cat1_10mph_lr_opposite_9/camera_images/1624825306.4125373.jpg
Cat1,10mph,lr,opposite,9,1624825306.4458706,/media/batool/MULTIMODAL_DATA/Multimodal_Data/Cat1/opposite/bag_files/Cat1_10mph_lr_opposite_9/camera_images/1624825306.4458706.jpg
Cat1,10mph,lr,opposite,9,1624825306.479204,/media/batool/MULTIMODAL_DATA/Multimodal_Data/Cat1/opposite/bag_files/Cat1_10mph_lr_opposite_9/camera_images/1624825306.479204.jpg
Cat1,10mph,lr,opposite,9,1624825306.5458705,/media/batool/MULTIMODAL_DATA/Multimodal_Data/Cat1/opposite/bag_files/Cat1_10mph_lr_opposite_9/camera_images/1624825306.5458705.jpg
Cat1,10mph,lr,opposite,9,1624825306.5792038,/media/batool/MULTIMODAL_DATA/Multimodal_Data/Cat1/opposite/bag_files/Cat1_10mph_lr_opposite_9/camera_images/1624825306.5792038.jpg
Cat1,10mph,lr,opposite,9,1624825306.6125371,/media/batool/MULTIMODAL_DATA/Multimodal_Data/Cat1/opposite/bag_files/Cat1_10mph_lr_opposite_9/camera_images/1624825306.6125371.jpg
Cat1,10mph,lr,opposite,9,1624825306.6458704,/media/batool/MULTIMODAL_DATA/Multimodal_Data/Cat1/opposite/bag_files/Cat1_10mph_lr_opposite_9/camera_images/1624825306.6458704.jpg
Cat1,10mph,lr,opposite,9,1624825306.6792037,/media/batool/MULTIMODAL_DATA/Multimodal_Data/Cat1/opposite/bag_files/Cat1_10mph_lr_opposite_9/camera_images/1624825306.6792037.jpg
Cat1,10mph,lr,opposite,9,1624825306.712537,/media/batool/MULTIMODAL_DATA/Multimodal_Data/Cat1/opposite/bag_files/Cat1_10mph_lr_opposite_9/camera_images/1624825306.712537.jpg
Cat1,10mph,lr,opposite,9,1624825306.7458704,/media/batool/MULTIMODAL_DATA/Multimodal_Data/Cat1/opposite/bag_files/Cat1_10mph_lr_opposite_9/camera_images/1624825306.7458704.jpg
Cat1,10mph,lr,opposite,9,1624825306.7792037,/media/batool/MULTIMODAL_DATA/Multimodal_Data/Cat1/opposite/bag_files/Cat1_10mph_lr_opposite_9/camera_images/1624825306.7792037.jpg
Cat1,10mph,lr,opposite,9,1624825306.812537,/media/batool/MULTIMODAL_DATA/Multimodal_Data/Cat1/opposite/bag_files/Cat1_10mph_lr_opposite_9/camera_images/1624825306.812537.jpg
Cat1,10mph,lr,opposite,9,1624825306.8458703,/media/batool/MULTIMODAL_DATA/Multimodal_Data/Cat1/opposite/bag_files/Cat1_10mph_lr_opposite_9/camera_images/1624825306.8458703.jpg
Cat1,10mph,lr,opposite,9,1624825306.8792036,/media/batool/MULTIMODAL_DATA/Multimodal_Data/Cat1/opposite/bag_files/Cat1_10mph_lr_opposite_9/camera_images/1624825306.8792036.jpg
Cat1,10mph,lr,opposite,9,1624825306.9125369,/media/batool/MULTIMODAL_DATA/Multimodal_Data/Cat1/opposite/bag_files/Cat1_10mph_lr_opposite_9/camera_images/1624825306.9125369.jpg
Cat1,10mph,lr,opposite,9,1624825306.9458702,/media/batool/MULTIMODAL_DATA/Multimodal_Data/Cat1/opposite/bag_files/Cat1_10mph_lr_opposite_9/camera_images/1624825306.9458702.jpg
Cat1,10mph,lr,opposite,9,1624825306.9792035,/media/batool/MULTIMODAL_DATA/Multimodal_Data/Cat1/opposite/bag_files/Cat1_10mph_lr_opposite_9/camera_images/1624825306.9792035.jpg
Cat1,10mph,lr,opposite,9,1624825307.0125368,/media/batool/MULTIMODAL_DATA/Multimodal_Data/Cat1/opposite/bag_files/Cat1_10mph_lr_opposite_9/camera_images/1624825307.0125368.jpg
Cat1,10mph,lr,opposite,9,1624825307.0792034,/media/batool/MULTIMODAL_DATA/Multimodal_Data/Cat1/opposite/bag_files/Cat1_10mph_lr_opposite_9/camera_images/1624825307.0792034.jpg
Cat1,10mph,lr,opposite,9,1624825307.1125367,/media/batool/MULTIMODAL_DATA/Multimodal_Data/Cat1/opposite/bag_files/Cat1_10mph_lr_opposite_9/camera_images/1624825307.1125367.jpg
Cat1,10mph,lr,opposite,9,1624825307.14587,/media/batool/MULTIMODAL_DATA/Multimodal_Data/Cat1/opposite/bag_files/Cat1_10mph_lr_opposite_9/camera_images/1624825307.14587.jpg
Cat1,10mph,lr,opposite,9,1624825307.1792033,/media/batool/MULTIMODAL_DATA/Multimodal_Data/Cat1/opposite/bag_files/Cat1_10mph_lr_opposite_9/camera_images/1624825307.1792033.jpg
Cat1,10mph,lr,opposite,9,1624825307.2125366,/media/batool/MULTIMODAL_DATA/Multimodal_Data/Cat1/opposite/bag_files/Cat1_10mph_lr_opposite_9/camera_images/1624825307.2125366.jpg
Cat1,10mph,lr,opposite,9,1624825307.2458699,/media/batool/MULTIMODAL_DATA/Multimodal_Data/Cat1/opposite/bag_files/Cat1_10mph_lr_opposite_9/camera_images/1624825307.2458699.jpg
Cat1,10mph,lr,opposite,9,1624825307.2792032,/media/batool/MULTIMODAL_DATA/Multimodal_Data/Cat1/opposite/bag_files/Cat1_10mph_lr_opposite_9/camera_images/1624825307.2792032.jpg
Cat1,10mph,lr,opposite,9,1624825307.3125365,/media/batool/MULTIMODAL_DATA/Multimodal_Data/Cat1/opposite/bag_files/Cat1_10mph_lr_opposite_9/camera_images/1624825307.3125365.jpg
Cat1,10mph,lr,opposite,9,1624825307.3458698,/media/batool/MULTIMODAL_DATA/Multimodal_Data/Cat1/opposite/bag_files/Cat1_10mph_lr_opposite_9/camera_images/1624825307.3458698.jpg
Cat1,10mph,lr,opposite,9,1624825307.379203,/media/batool/MULTIMODAL_DATA/Multimodal_Data/Cat1/opposite/bag_files/Cat1_10mph_lr_opposite_9/camera_images/1624825307.379203.jpg
Cat1,10mph,lr,opposite,9,1624825307.4125364,/media/batool/MULTIMODAL_DATA/Multimodal_Data/Cat1/opposite/bag_files/Cat1_10mph_lr_opposite_9/camera_images/1624825307.4125364.jpg
Cat1,10mph,lr,opposite,9,1624825307.4458697,/media/batool/MULTIMODAL_DATA/Multimodal_Data/Cat1/opposite/bag_files/Cat1_10mph_lr_opposite_9/camera_images/1624825307.4458697.jpg
Cat1,10mph,lr,opposite,9,1624825307.479203,/media/batool/MULTIMODAL_DATA/Multimodal_Data/Cat1/opposite/bag_files/Cat1_10mph_lr_opposite_9/camera_images/1624825307.479203.jpg
Cat1,10mph,lr,opposite,9,1624825307.5125363,/media/batool/MULTIMODAL_DATA/Multimodal_Data/Cat1/opposite/bag_files/Cat1_10mph_lr_opposite_9/camera_images/1624825307.5125363.jpg
Cat1,10mph,lr,opposite,9,1624825307.5458696,/media/batool/MULTIMODAL_DATA/Multimodal_Data/Cat1/opposite/bag_files/Cat1_10mph_lr_opposite_9/camera_images/1624825307.5458696.jpg
Cat1,10mph,lr,opposite,9,1624825307.6125362,/media/batool/MULTIMODAL_DATA/Multimodal_Data/Cat1/opposite/bag_files/Cat1_10mph_lr_opposite_9/camera_images/1624825307.6125362.jpg
Cat1,10mph,lr,opposite,9,1624825307.6458695,/media/batool/MULTIMODAL_DATA/Multimodal_Data/Cat1/opposite/bag_files/Cat1_10mph_lr_opposite_9/camera_images/1624825307.6458695.jpg
Cat1,10mph,lr,opposite,9,1624825307.6792028,/media/batool/MULTIMODAL_DATA/Multimodal_Data/Cat1/opposite/bag_files/Cat1_10mph_lr_opposite_9/camera_images/1624825307.6792028.jpg
Cat1,10mph,lr,opposite,9,1624825307.712536,/media/batool/MULTIMODAL_DATA/Multimodal_Data/Cat1/opposite/bag_files/Cat1_10mph_lr_opposite_9/camera_images/1624825307.712536.jpg
Cat1,10mph,lr,opposite,9,1624825307.7458694,/media/batool/MULTIMODAL_DATA/Multimodal_Data/Cat1/opposite/bag_files/Cat1_10mph_lr_opposite_9/camera_images/1624825307.7458694.jpg
Cat1,10mph,lr,opposite,9,1624825307.7792027,/media/batool/MULTIMODAL_DATA/Multimodal_Data/Cat1/opposite/bag_files/Cat1_10mph_lr_opposite_9/camera_images/1624825307.7792027.jpg
Cat1,10mph,lr,opposite,9,1624825307.812536,/media/batool/MULTIMODAL_DATA/Multimodal_Data/Cat1/opposite/bag_files/Cat1_10mph_lr_opposite_9/camera_images/1624825307.812536.jpg
Cat1,10mph,lr,opposite,9,1624825307.8458693,/media/batool/MULTIMODAL_DATA/Multimodal_Data/Cat1/opposite/bag_files/Cat1_10mph_lr_opposite_9/camera_images/1624825307.8458693.jpg
Cat1,10mph,lr,opposite,9,1624825307.8792026,/media/batool/MULTIMODAL_DATA/Multimodal_Data/Cat1/opposite/bag_files/Cat1_10mph_lr_opposite_9/camera_images/1624825307.8792026.jpg
Cat1,10mph,lr,opposite,9,1624825307.912536,/media/batool/MULTIMODAL_DATA/Multimodal_Data/Cat1/opposite/bag_files/Cat1_10mph_lr_opposite_9/camera_images/1624825307.912536.jpg
Cat1,10mph,lr,opposite,9,1624825307.9458692,/media/batool/MULTIMODAL_DATA/Multimodal_Data/Cat1/opposite/bag_files/Cat1_10mph_lr_opposite_9/camera_images/1624825307.9458692.jpg
Cat1,10mph,lr,opposite,9,1624825307.9792025,/media/batool/MULTIMODAL_DATA/Multimodal_Data/Cat1/opposite/bag_files/Cat1_10mph_lr_opposite_9/camera_images/1624825307.9792025.jpg
Cat1,10mph,lr,opposite,9,1624825308.0125358,/media/batool/MULTIMODAL_DATA/Multimodal_Data/Cat1/opposite/bag_files/Cat1_10mph_lr_opposite_9/camera_images/1624825308.0125358.jpg
Cat1,10mph,lr,opposite,9,1624825308.045869,/media/batool/MULTIMODAL_DATA/Multimodal_Data/Cat1/opposite/bag_files/Cat1_10mph_lr_opposite_9/camera_images/1624825308.045869.jpg
Cat1,10mph,lr,opposite,9,1624825308.0792024,/media/batool/MULTIMODAL_DATA/Multimodal_Data/Cat1/opposite/bag_files/Cat1_10mph_lr_opposite_9/camera_images/1624825308.0792024.jpg
Cat1,10mph,lr,opposite,9,1624825308.1125357,/media/batool/MULTIMODAL_DATA/Multimodal_Data/Cat1/opposite/bag_files/Cat1_10mph_lr_opposite_9/camera_images/1624825308.1125357.jpg
Cat1,10mph,lr,opposite,9,1624825308.145869,/media/batool/MULTIMODAL_DATA/Multimodal_Data/Cat1/opposite/bag_files/Cat1_10mph_lr_opposite_9/camera_images/1624825308.145869.jpg
Cat1,10mph,lr,opposite,9,1624825308.1792023,/media/batool/MULTIMODAL_DATA/Multimodal_Data/Cat1/opposite/bag_files/Cat1_10mph_lr_opposite_9/camera_images/1624825308.1792023.jpg
Cat1,10mph,lr,opposite,9,1624825308.2125356,/media/batool/MULTIMODAL_DATA/Multimodal_Data/Cat1/opposite/bag_files/Cat1_10mph_lr_opposite_9/camera_images/1624825308.2125356.jpg
Cat1,10mph,lr,opposite,9,1624825308.245869,/media/batool/MULTIMODAL_DATA/Multimodal_Data/Cat1/opposite/bag_files/Cat1_10mph_lr_opposite_9/camera_images/1624825308.245869.jpg
Cat1,10mph,lr,opposite,9,1624825308.2792022,/media/batool/MULTIMODAL_DATA/Multimodal_Data/Cat1/opposite/bag_files/Cat1_10mph_lr_opposite_9/camera_images/1624825308.2792022.jpg
Cat1,10mph,lr,opposite,9,1624825308.3125355,/media/batool/MULTIMODAL_DATA/Multimodal_Data/Cat1/opposite/bag_files/Cat1_10mph_lr_opposite_9/camera_images/1624825308.3125355.jpg
