Category,speed,direction,lane,episode,Time header,Image_path
Cat1,10mph,lr,opposite,2,1624824220.3514357,/media/batool/MULTIMODAL_DATA/Multimodal_Data/Cat1/opposite/bag_files/Cat1_10mph_lr_opposite_2/camera_images/1624824220.3514357.jpg
Cat1,10mph,lr,opposite,2,1624824220.384769,/media/batool/MULTIMODAL_DATA/Multimodal_Data/Cat1/opposite/bag_files/Cat1_10mph_lr_opposite_2/camera_images/1624824220.384769.jpg
Cat1,10mph,lr,opposite,2,1624824220.4181023,/media/batool/MULTIMODAL_DATA/Multimodal_Data/Cat1/opposite/bag_files/Cat1_10mph_lr_opposite_2/camera_images/1624824220.4181023.jpg
Cat1,10mph,lr,opposite,2,1624824220.4514356,/media/batool/MULTIMODAL_DATA/Multimodal_Data/Cat1/opposite/bag_files/Cat1_10mph_lr_opposite_2/camera_images/1624824220.4514356.jpg
Cat1,10mph,lr,opposite,2,1624824220.4847689,/media/batool/MULTIMODAL_DATA/Multimodal_Data/Cat1/opposite/bag_files/Cat1_10mph_lr_opposite_2/camera_images/1624824220.4847689.jpg
Cat1,10mph,lr,opposite,2,1624824220.5181022,/media/batool/MULTIMODAL_DATA/Multimodal_Data/Cat1/opposite/bag_files/Cat1_10mph_lr_opposite_2/camera_images/1624824220.5181022.jpg
Cat1,10mph,lr,opposite,2,1624824220.5514355,/media/batool/MULTIMODAL_DATA/Multimodal_Data/Cat1/opposite/bag_files/Cat1_10mph_lr_opposite_2/camera_images/1624824220.5514355.jpg
Cat1,10mph,lr,opposite,2,1624824220.5847688,/media/batool/MULTIMODAL_DATA/Multimodal_Data/Cat1/opposite/bag_files/Cat1_10mph_lr_opposite_2/camera_images/1624824220.5847688.jpg
Cat1,10mph,lr,opposite,2,1624824220.618102,/media/batool/MULTIMODAL_DATA/Multimodal_Data/Cat1/opposite/bag_files/Cat1_10mph_lr_opposite_2/camera_images/1624824220.618102.jpg
Cat1,10mph,lr,opposite,2,1624824220.6514354,/media/batool/MULTIMODAL_DATA/Multimodal_Data/Cat1/opposite/bag_files/Cat1_10mph_lr_opposite_2/camera_images/1624824220.6514354.jpg
Cat1,10mph,lr,opposite,2,1624824220.6847687,/media/batool/MULTIMODAL_DATA/Multimodal_Data/Cat1/opposite/bag_files/Cat1_10mph_lr_opposite_2/camera_images/1624824220.6847687.jpg
Cat1,10mph,lr,opposite,2,1624824220.718102,/media/batool/MULTIMODAL_DATA/Multimodal_Data/Cat1/opposite/bag_files/Cat1_10mph_lr_opposite_2/camera_images/1624824220.718102.jpg
Cat1,10mph,lr,opposite,2,1624824220.7514353,/media/batool/MULTIMODAL_DATA/Multimodal_Data/Cat1/opposite/bag_files/Cat1_10mph_lr_opposite_2/camera_images/1624824220.7514353.jpg
Cat1,10mph,lr,opposite,2,1624824220.7847686,/media/batool/MULTIMODAL_DATA/Multimodal_Data/Cat1/opposite/bag_files/Cat1_10mph_lr_opposite_2/camera_images/1624824220.7847686.jpg
Cat1,10mph,lr,opposite,2,1624824220.818102,/media/batool/MULTIMODAL_DATA/Multimodal_Data/Cat1/opposite/bag_files/Cat1_10mph_lr_opposite_2/camera_images/1624824220.818102.jpg
Cat1,10mph,lr,opposite,2,1624824220.8847685,/media/batool/MULTIMODAL_DATA/Multimodal_Data/Cat1/opposite/bag_files/Cat1_10mph_lr_opposite_2/camera_images/1624824220.8847685.jpg
Cat1,10mph,lr,opposite,2,1624824220.9181018,/media/batool/MULTIMODAL_DATA/Multimodal_Data/Cat1/opposite/bag_files/Cat1_10mph_lr_opposite_2/camera_images/1624824220.9181018.jpg
Cat1,10mph,lr,opposite,2,1624824220.951435,/media/batool/MULTIMODAL_DATA/Multimodal_Data/Cat1/opposite/bag_files/Cat1_10mph_lr_opposite_2/camera_images/1624824220.951435.jpg
Cat1,10mph,lr,opposite,2,1624824220.9847684,/media/batool/MULTIMODAL_DATA/Multimodal_Data/Cat1/opposite/bag_files/Cat1_10mph_lr_opposite_2/camera_images/1624824220.9847684.jpg
Cat1,10mph,lr,opposite,2,1624824221.0181017,/media/batool/MULTIMODAL_DATA/Multimodal_Data/Cat1/opposite/bag_files/Cat1_10mph_lr_opposite_2/camera_images/1624824221.0181017.jpg
Cat1,10mph,lr,opposite,2,1624824221.051435,/media/batool/MULTIMODAL_DATA/Multimodal_Data/Cat1/opposite/bag_files/Cat1_10mph_lr_opposite_2/camera_images/1624824221.051435.jpg
Cat1,10mph,lr,opposite,2,1624824221.0847683,/media/batool/MULTIMODAL_DATA/Multimodal_Data/Cat1/opposite/bag_files/Cat1_10mph_lr_opposite_2/camera_images/1624824221.0847683.jpg
Cat1,10mph,lr,opposite,2,1624824221.1181016,/media/batool/MULTIMODAL_DATA/Multimodal_Data/Cat1/opposite/bag_files/Cat1_10mph_lr_opposite_2/camera_images/1624824221.1181016.jpg
Cat1,10mph,lr,opposite,2,1624824221.151435,/media/batool/MULTIMODAL_DATA/Multimodal_Data/Cat1/opposite/bag_files/Cat1_10mph_lr_opposite_2/camera_images/1624824221.151435.jpg
Cat1,10mph,lr,opposite,2,1624824221.1847682,/media/batool/MULTIMODAL_DATA/Multimodal_Data/Cat1/opposite/bag_files/Cat1_10mph_lr_opposite_2/camera_images/1624824221.1847682.jpg
Cat1,10mph,lr,opposite,2,1624824221.2181015,/media/batool/MULTIMODAL_DATA/Multimodal_Data/Cat1/opposite/bag_files/Cat1_10mph_lr_opposite_2/camera_images/1624824221.2181015.jpg
Cat1,10mph,lr,opposite,2,1624824221.2514348,/media/batool/MULTIMODAL_DATA/Multimodal_Data/Cat1/opposite/bag_files/Cat1_10mph_lr_opposite_2/camera_images/1624824221.2514348.jpg
Cat1,10mph,lr,opposite,2,1624824221.284768,/media/batool/MULTIMODAL_DATA/Multimodal_Data/Cat1/opposite/bag_files/Cat1_10mph_lr_opposite_2/camera_images/1624824221.284768.jpg
Cat1,10mph,lr,opposite,2,1624824221.3181014,/media/batool/MULTIMODAL_DATA/Multimodal_Data/Cat1/opposite/bag_files/Cat1_10mph_lr_opposite_2/camera_images/1624824221.3181014.jpg
Cat1,10mph,lr,opposite,2,1624824221.3514347,/media/batool/MULTIMODAL_DATA/Multimodal_Data/Cat1/opposite/bag_files/Cat1_10mph_lr_opposite_2/camera_images/1624824221.3514347.jpg
Cat1,10mph,lr,opposite,2,1624824221.4181013,/media/batool/MULTIMODAL_DATA/Multimodal_Data/Cat1/opposite/bag_files/Cat1_10mph_lr_opposite_2/camera_images/1624824221.4181013.jpg
Cat1,10mph,lr,opposite,2,1624824221.4514346,/media/batool/MULTIMODAL_DATA/Multimodal_Data/Cat1/opposite/bag_files/Cat1_10mph_lr_opposite_2/camera_images/1624824221.4514346.jpg
Cat1,10mph,lr,opposite,2,1624824221.484768,/media/batool/MULTIMODAL_DATA/Multimodal_Data/Cat1/opposite/bag_files/Cat1_10mph_lr_opposite_2/camera_images/1624824221.484768.jpg
Cat1,10mph,lr,opposite,2,1624824221.5181012,/media/batool/MULTIMODAL_DATA/Multimodal_Data/Cat1/opposite/bag_files/Cat1_10mph_lr_opposite_2/camera_images/1624824221.5181012.jpg
Cat1,10mph,lr,opposite,2,1624824221.5514345,/media/batool/MULTIMODAL_DATA/Multimodal_Data/Cat1/opposite/bag_files/Cat1_10mph_lr_opposite_2/camera_images/1624824221.5514345.jpg
Cat1,10mph,lr,opposite,2,1624824221.5847678,/media/batool/MULTIMODAL_DATA/Multimodal_Data/Cat1/opposite/bag_files/Cat1_10mph_lr_opposite_2/camera_images/1624824221.5847678.jpg
Cat1,10mph,lr,opposite,2,1624824221.6181011,/media/batool/MULTIMODAL_DATA/Multimodal_Data/Cat1/opposite/bag_files/Cat1_10mph_lr_opposite_2/camera_images/1624824221.6181011.jpg
Cat1,10mph,lr,opposite,2,1624824221.6514344,/media/batool/MULTIMODAL_DATA/Multimodal_Data/Cat1/opposite/bag_files/Cat1_10mph_lr_opposite_2/camera_images/1624824221.6514344.jpg
Cat1,10mph,lr,opposite,2,1624824221.6847677,/media/batool/MULTIMODAL_DATA/Multimodal_Data/Cat1/opposite/bag_files/Cat1_10mph_lr_opposite_2/camera_images/1624824221.6847677.jpg
Cat1,10mph,lr,opposite,2,1624824221.718101,/media/batool/MULTIMODAL_DATA/Multimodal_Data/Cat1/opposite/bag_files/Cat1_10mph_lr_opposite_2/camera_images/1624824221.718101.jpg
Cat1,10mph,lr,opposite,2,1624824221.7514343,/media/batool/MULTIMODAL_DATA/Multimodal_Data/Cat1/opposite/bag_files/Cat1_10mph_lr_opposite_2/camera_images/1624824221.7514343.jpg
Cat1,10mph,lr,opposite,2,1624824221.7847676,/media/batool/MULTIMODAL_DATA/Multimodal_Data/Cat1/opposite/bag_files/Cat1_10mph_lr_opposite_2/camera_images/1624824221.7847676.jpg
Cat1,10mph,lr,opposite,2,1624824221.818101,/media/batool/MULTIMODAL_DATA/Multimodal_Data/Cat1/opposite/bag_files/Cat1_10mph_lr_opposite_2/camera_images/1624824221.818101.jpg
Cat1,10mph,lr,opposite,2,1624824221.8514342,/media/batool/MULTIMODAL_DATA/Multimodal_Data/Cat1/opposite/bag_files/Cat1_10mph_lr_opposite_2/camera_images/1624824221.8514342.jpg
Cat1,10mph,lr,opposite,2,1624824221.8847675,/media/batool/MULTIMODAL_DATA/Multimodal_Data/Cat1/opposite/bag_files/Cat1_10mph_lr_opposite_2/camera_images/1624824221.8847675.jpg
Cat1,10mph,lr,opposite,2,1624824221.9514341,/media/batool/MULTIMODAL_DATA/Multimodal_Data/Cat1/opposite/bag_files/Cat1_10mph_lr_opposite_2/camera_images/1624824221.9514341.jpg
Cat1,10mph,lr,opposite,2,1624824221.9847674,/media/batool/MULTIMODAL_DATA/Multimodal_Data/Cat1/opposite/bag_files/Cat1_10mph_lr_opposite_2/camera_images/1624824221.9847674.jpg
Cat1,10mph,lr,opposite,2,1624824222.0181007,/media/batool/MULTIMODAL_DATA/Multimodal_Data/Cat1/opposite/bag_files/Cat1_10mph_lr_opposite_2/camera_images/1624824222.0181007.jpg
Cat1,10mph,lr,opposite,2,1624824222.051434,/media/batool/MULTIMODAL_DATA/Multimodal_Data/Cat1/opposite/bag_files/Cat1_10mph_lr_opposite_2/camera_images/1624824222.051434.jpg
Cat1,10mph,lr,opposite,2,1624824222.0847673,/media/batool/MULTIMODAL_DATA/Multimodal_Data/Cat1/opposite/bag_files/Cat1_10mph_lr_opposite_2/camera_images/1624824222.0847673.jpg
Cat1,10mph,lr,opposite,2,1624824222.1181006,/media/batool/MULTIMODAL_DATA/Multimodal_Data/Cat1/opposite/bag_files/Cat1_10mph_lr_opposite_2/camera_images/1624824222.1181006.jpg
Cat1,10mph,lr,opposite,2,1624824222.151434,/media/batool/MULTIMODAL_DATA/Multimodal_Data/Cat1/opposite/bag_files/Cat1_10mph_lr_opposite_2/camera_images/1624824222.151434.jpg
Cat1,10mph,lr,opposite,2,1624824222.1847672,/media/batool/MULTIMODAL_DATA/Multimodal_Data/Cat1/opposite/bag_files/Cat1_10mph_lr_opposite_2/camera_images/1624824222.1847672.jpg
Cat1,10mph,lr,opposite,2,1624824222.2181005,/media/batool/MULTIMODAL_DATA/Multimodal_Data/Cat1/opposite/bag_files/Cat1_10mph_lr_opposite_2/camera_images/1624824222.2181005.jpg
Cat1,10mph,lr,opposite,2,1624824222.2514338,/media/batool/MULTIMODAL_DATA/Multimodal_Data/Cat1/opposite/bag_files/Cat1_10mph_lr_opposite_2/camera_images/1624824222.2514338.jpg
Cat1,10mph,lr,opposite,2,1624824222.2847672,/media/batool/MULTIMODAL_DATA/Multimodal_Data/Cat1/opposite/bag_files/Cat1_10mph_lr_opposite_2/camera_images/1624824222.2847672.jpg
Cat1,10mph,lr,opposite,2,1624824222.3181005,/media/batool/MULTIMODAL_DATA/Multimodal_Data/Cat1/opposite/bag_files/Cat1_10mph_lr_opposite_2/camera_images/1624824222.3181005.jpg
Cat1,10mph,lr,opposite,2,1624824222.3514338,/media/batool/MULTIMODAL_DATA/Multimodal_Data/Cat1/opposite/bag_files/Cat1_10mph_lr_opposite_2/camera_images/1624824222.3514338.jpg
Cat1,10mph,lr,opposite,2,1624824222.384767,/media/batool/MULTIMODAL_DATA/Multimodal_Data/Cat1/opposite/bag_files/Cat1_10mph_lr_opposite_2/camera_images/1624824222.384767.jpg
Cat1,10mph,lr,opposite,2,1624824222.4181004,/media/batool/MULTIMODAL_DATA/Multimodal_Data/Cat1/opposite/bag_files/Cat1_10mph_lr_opposite_2/camera_images/1624824222.4181004.jpg
Cat1,10mph,lr,opposite,2,1624824220.8514352,/media/batool/MULTIMODAL_DATA/Multimodal_Data/Cat1/opposite/bag_files/Cat1_10mph_lr_opposite_2/camera_images/1624824220.8514352.jpg
Cat1,10mph,lr,opposite,2,1624824221.384768,/media/batool/MULTIMODAL_DATA/Multimodal_Data/Cat1/opposite/bag_files/Cat1_10mph_lr_opposite_2/camera_images/1624824221.384768.jpg
Cat1,10mph,lr,opposite,2,1624824221.9181008,/media/batool/MULTIMODAL_DATA/Multimodal_Data/Cat1/opposite/bag_files/Cat1_10mph_lr_opposite_2/camera_images/1624824221.9181008.jpg
Cat1,10mph,lr,opposite,2,1624824222.4514337,/media/batool/MULTIMODAL_DATA/Multimodal_Data/Cat1/opposite/bag_files/Cat1_10mph_lr_opposite_2/camera_images/1624824222.4514337.jpg
Cat1,10mph,lr,opposite,2,1624824222.9847665,/media/batool/MULTIMODAL_DATA/Multimodal_Data/Cat1/opposite/bag_files/Cat1_10mph_lr_opposite_2/camera_images/1624824222.9847665.jpg
Cat1,10mph,lr,opposite,2,1624824223.5180993,/media/batool/MULTIMODAL_DATA/Multimodal_Data/Cat1/opposite/bag_files/Cat1_10mph_lr_opposite_2/camera_images/1624824223.5180993.jpg
Cat1,10mph,lr,opposite,2,1624824224.0514321,/media/batool/MULTIMODAL_DATA/Multimodal_Data/Cat1/opposite/bag_files/Cat1_10mph_lr_opposite_2/camera_images/1624824224.0514321.jpg
Cat1,10mph,lr,opposite,2,1624824224.584765,/media/batool/MULTIMODAL_DATA/Multimodal_Data/Cat1/opposite/bag_files/Cat1_10mph_lr_opposite_2/camera_images/1624824224.584765.jpg
Cat1,10mph,lr,opposite,2,1624824225.1180978,/media/batool/MULTIMODAL_DATA/Multimodal_Data/Cat1/opposite/bag_files/Cat1_10mph_lr_opposite_2/camera_images/1624824225.1180978.jpg
Cat1,10mph,lr,opposite,2,1624824225.6514306,/media/batool/MULTIMODAL_DATA/Multimodal_Data/Cat1/opposite/bag_files/Cat1_10mph_lr_opposite_2/camera_images/1624824225.6514306.jpg
Cat1,10mph,lr,opposite,2,1624824226.1847634,/media/batool/MULTIMODAL_DATA/Multimodal_Data/Cat1/opposite/bag_files/Cat1_10mph_lr_opposite_2/camera_images/1624824226.1847634.jpg
Cat1,10mph,lr,opposite,2,1624824226.7180963,/media/batool/MULTIMODAL_DATA/Multimodal_Data/Cat1/opposite/bag_files/Cat1_10mph_lr_opposite_2/camera_images/1624824226.7180963.jpg
Cat1,10mph,lr,opposite,2,1624824227.251429,/media/batool/MULTIMODAL_DATA/Multimodal_Data/Cat1/opposite/bag_files/Cat1_10mph_lr_opposite_2/camera_images/1624824227.251429.jpg
Cat1,10mph,lr,opposite,2,1624824227.784762,/media/batool/MULTIMODAL_DATA/Multimodal_Data/Cat1/opposite/bag_files/Cat1_10mph_lr_opposite_2/camera_images/1624824227.784762.jpg
Cat1,10mph,lr,opposite,2,1624824228.3180947,/media/batool/MULTIMODAL_DATA/Multimodal_Data/Cat1/opposite/bag_files/Cat1_10mph_lr_opposite_2/camera_images/1624824228.3180947.jpg
Cat1,10mph,lr,opposite,2,1624824228.8514276,/media/batool/MULTIMODAL_DATA/Multimodal_Data/Cat1/opposite/bag_files/Cat1_10mph_lr_opposite_2/camera_images/1624824228.8514276.jpg
Cat1,10mph,lr,opposite,2,1624824229.3847604,/media/batool/MULTIMODAL_DATA/Multimodal_Data/Cat1/opposite/bag_files/Cat1_10mph_lr_opposite_2/camera_images/1624824229.3847604.jpg
Cat1,10mph,lr,opposite,2,1624824229.9180932,/media/batool/MULTIMODAL_DATA/Multimodal_Data/Cat1/opposite/bag_files/Cat1_10mph_lr_opposite_2/camera_images/1624824229.9180932.jpg
Cat1,10mph,lr,opposite,2,1624824230.451426,/media/batool/MULTIMODAL_DATA/Multimodal_Data/Cat1/opposite/bag_files/Cat1_10mph_lr_opposite_2/camera_images/1624824230.451426.jpg
Cat1,10mph,lr,opposite,2,1624824230.9847589,/media/batool/MULTIMODAL_DATA/Multimodal_Data/Cat1/opposite/bag_files/Cat1_10mph_lr_opposite_2/camera_images/1624824230.9847589.jpg
Cat1,10mph,lr,opposite,2,1624824231.5180917,/media/batool/MULTIMODAL_DATA/Multimodal_Data/Cat1/opposite/bag_files/Cat1_10mph_lr_opposite_2/camera_images/1624824231.5180917.jpg
Cat1,10mph,lr,opposite,2,1624824232.0514245,/media/batool/MULTIMODAL_DATA/Multimodal_Data/Cat1/opposite/bag_files/Cat1_10mph_lr_opposite_2/camera_images/1624824232.0514245.jpg
Cat1,10mph,lr,opposite,2,1624824232.5847573,/media/batool/MULTIMODAL_DATA/Multimodal_Data/Cat1/opposite/bag_files/Cat1_10mph_lr_opposite_2/camera_images/1624824232.5847573.jpg
Cat1,10mph,lr,opposite,2,1624824233.1180902,/media/batool/MULTIMODAL_DATA/Multimodal_Data/Cat1/opposite/bag_files/Cat1_10mph_lr_opposite_2/camera_images/1624824233.1180902.jpg
Cat1,10mph,lr,opposite,2,1624824233.651423,/media/batool/MULTIMODAL_DATA/Multimodal_Data/Cat1/opposite/bag_files/Cat1_10mph_lr_opposite_2/camera_images/1624824233.651423.jpg
Cat1,10mph,lr,opposite,2,1624824234.1847558,/media/batool/MULTIMODAL_DATA/Multimodal_Data/Cat1/opposite/bag_files/Cat1_10mph_lr_opposite_2/camera_images/1624824234.1847558.jpg
Cat1,10mph,lr,opposite,2,1624824234.7180886,/media/batool/MULTIMODAL_DATA/Multimodal_Data/Cat1/opposite/bag_files/Cat1_10mph_lr_opposite_2/camera_images/1624824234.7180886.jpg
Cat1,10mph,lr,opposite,2,1624824222.484767,/media/batool/MULTIMODAL_DATA/Multimodal_Data/Cat1/opposite/bag_files/Cat1_10mph_lr_opposite_2/camera_images/1624824222.484767.jpg
Cat1,10mph,lr,opposite,2,1624824222.5181003,/media/batool/MULTIMODAL_DATA/Multimodal_Data/Cat1/opposite/bag_files/Cat1_10mph_lr_opposite_2/camera_images/1624824222.5181003.jpg
Cat1,10mph,lr,opposite,2,1624824222.5514336,/media/batool/MULTIMODAL_DATA/Multimodal_Data/Cat1/opposite/bag_files/Cat1_10mph_lr_opposite_2/camera_images/1624824222.5514336.jpg
Cat1,10mph,lr,opposite,2,1624824222.5847669,/media/batool/MULTIMODAL_DATA/Multimodal_Data/Cat1/opposite/bag_files/Cat1_10mph_lr_opposite_2/camera_images/1624824222.5847669.jpg
Cat1,10mph,lr,opposite,2,1624824222.6181002,/media/batool/MULTIMODAL_DATA/Multimodal_Data/Cat1/opposite/bag_files/Cat1_10mph_lr_opposite_2/camera_images/1624824222.6181002.jpg
Cat1,10mph,lr,opposite,2,1624824222.6514335,/media/batool/MULTIMODAL_DATA/Multimodal_Data/Cat1/opposite/bag_files/Cat1_10mph_lr_opposite_2/camera_images/1624824222.6514335.jpg
Cat1,10mph,lr,opposite,2,1624824222.6847668,/media/batool/MULTIMODAL_DATA/Multimodal_Data/Cat1/opposite/bag_files/Cat1_10mph_lr_opposite_2/camera_images/1624824222.6847668.jpg
Cat1,10mph,lr,opposite,2,1624824222.7181,/media/batool/MULTIMODAL_DATA/Multimodal_Data/Cat1/opposite/bag_files/Cat1_10mph_lr_opposite_2/camera_images/1624824222.7181.jpg
Cat1,10mph,lr,opposite,2,1624824222.7514334,/media/batool/MULTIMODAL_DATA/Multimodal_Data/Cat1/opposite/bag_files/Cat1_10mph_lr_opposite_2/camera_images/1624824222.7514334.jpg
Cat1,10mph,lr,opposite,2,1624824222.7847667,/media/batool/MULTIMODAL_DATA/Multimodal_Data/Cat1/opposite/bag_files/Cat1_10mph_lr_opposite_2/camera_images/1624824222.7847667.jpg
Cat1,10mph,lr,opposite,2,1624824222.8181,/media/batool/MULTIMODAL_DATA/Multimodal_Data/Cat1/opposite/bag_files/Cat1_10mph_lr_opposite_2/camera_images/1624824222.8181.jpg
Cat1,10mph,lr,opposite,2,1624824222.8514333,/media/batool/MULTIMODAL_DATA/Multimodal_Data/Cat1/opposite/bag_files/Cat1_10mph_lr_opposite_2/camera_images/1624824222.8514333.jpg
Cat1,10mph,lr,opposite,2,1624824222.8847666,/media/batool/MULTIMODAL_DATA/Multimodal_Data/Cat1/opposite/bag_files/Cat1_10mph_lr_opposite_2/camera_images/1624824222.8847666.jpg
Cat1,10mph,lr,opposite,2,1624824222.9180999,/media/batool/MULTIMODAL_DATA/Multimodal_Data/Cat1/opposite/bag_files/Cat1_10mph_lr_opposite_2/camera_images/1624824222.9180999.jpg
Cat1,10mph,lr,opposite,2,1624824222.9514332,/media/batool/MULTIMODAL_DATA/Multimodal_Data/Cat1/opposite/bag_files/Cat1_10mph_lr_opposite_2/camera_images/1624824222.9514332.jpg
Cat1,10mph,lr,opposite,2,1624824223.0180998,/media/batool/MULTIMODAL_DATA/Multimodal_Data/Cat1/opposite/bag_files/Cat1_10mph_lr_opposite_2/camera_images/1624824223.0180998.jpg
Cat1,10mph,lr,opposite,2,1624824223.051433,/media/batool/MULTIMODAL_DATA/Multimodal_Data/Cat1/opposite/bag_files/Cat1_10mph_lr_opposite_2/camera_images/1624824223.051433.jpg
Cat1,10mph,lr,opposite,2,1624824223.0847664,/media/batool/MULTIMODAL_DATA/Multimodal_Data/Cat1/opposite/bag_files/Cat1_10mph_lr_opposite_2/camera_images/1624824223.0847664.jpg
Cat1,10mph,lr,opposite,2,1624824223.1180997,/media/batool/MULTIMODAL_DATA/Multimodal_Data/Cat1/opposite/bag_files/Cat1_10mph_lr_opposite_2/camera_images/1624824223.1180997.jpg
Cat1,10mph,lr,opposite,2,1624824223.151433,/media/batool/MULTIMODAL_DATA/Multimodal_Data/Cat1/opposite/bag_files/Cat1_10mph_lr_opposite_2/camera_images/1624824223.151433.jpg
Cat1,10mph,lr,opposite,2,1624824223.1847663,/media/batool/MULTIMODAL_DATA/Multimodal_Data/Cat1/opposite/bag_files/Cat1_10mph_lr_opposite_2/camera_images/1624824223.1847663.jpg
Cat1,10mph,lr,opposite,2,1624824223.2180996,/media/batool/MULTIMODAL_DATA/Multimodal_Data/Cat1/opposite/bag_files/Cat1_10mph_lr_opposite_2/camera_images/1624824223.2180996.jpg
Cat1,10mph,lr,opposite,2,1624824223.251433,/media/batool/MULTIMODAL_DATA/Multimodal_Data/Cat1/opposite/bag_files/Cat1_10mph_lr_opposite_2/camera_images/1624824223.251433.jpg
Cat1,10mph,lr,opposite,2,1624824223.2847662,/media/batool/MULTIMODAL_DATA/Multimodal_Data/Cat1/opposite/bag_files/Cat1_10mph_lr_opposite_2/camera_images/1624824223.2847662.jpg
Cat1,10mph,lr,opposite,2,1624824223.3180995,/media/batool/MULTIMODAL_DATA/Multimodal_Data/Cat1/opposite/bag_files/Cat1_10mph_lr_opposite_2/camera_images/1624824223.3180995.jpg
Cat1,10mph,lr,opposite,2,1624824223.3514328,/media/batool/MULTIMODAL_DATA/Multimodal_Data/Cat1/opposite/bag_files/Cat1_10mph_lr_opposite_2/camera_images/1624824223.3514328.jpg
Cat1,10mph,lr,opposite,2,1624824223.384766,/media/batool/MULTIMODAL_DATA/Multimodal_Data/Cat1/opposite/bag_files/Cat1_10mph_lr_opposite_2/camera_images/1624824223.384766.jpg
Cat1,10mph,lr,opposite,2,1624824223.4180994,/media/batool/MULTIMODAL_DATA/Multimodal_Data/Cat1/opposite/bag_files/Cat1_10mph_lr_opposite_2/camera_images/1624824223.4180994.jpg
Cat1,10mph,lr,opposite,2,1624824223.4514327,/media/batool/MULTIMODAL_DATA/Multimodal_Data/Cat1/opposite/bag_files/Cat1_10mph_lr_opposite_2/camera_images/1624824223.4514327.jpg
Cat1,10mph,lr,opposite,2,1624824223.484766,/media/batool/MULTIMODAL_DATA/Multimodal_Data/Cat1/opposite/bag_files/Cat1_10mph_lr_opposite_2/camera_images/1624824223.484766.jpg
Cat1,10mph,lr,opposite,2,1624824223.5514326,/media/batool/MULTIMODAL_DATA/Multimodal_Data/Cat1/opposite/bag_files/Cat1_10mph_lr_opposite_2/camera_images/1624824223.5514326.jpg
Cat1,10mph,lr,opposite,2,1624824223.584766,/media/batool/MULTIMODAL_DATA/Multimodal_Data/Cat1/opposite/bag_files/Cat1_10mph_lr_opposite_2/camera_images/1624824223.584766.jpg
Cat1,10mph,lr,opposite,2,1624824223.6180992,/media/batool/MULTIMODAL_DATA/Multimodal_Data/Cat1/opposite/bag_files/Cat1_10mph_lr_opposite_2/camera_images/1624824223.6180992.jpg
Cat1,10mph,lr,opposite,2,1624824223.6514325,/media/batool/MULTIMODAL_DATA/Multimodal_Data/Cat1/opposite/bag_files/Cat1_10mph_lr_opposite_2/camera_images/1624824223.6514325.jpg
Cat1,10mph,lr,opposite,2,1624824223.6847658,/media/batool/MULTIMODAL_DATA/Multimodal_Data/Cat1/opposite/bag_files/Cat1_10mph_lr_opposite_2/camera_images/1624824223.6847658.jpg
Cat1,10mph,lr,opposite,2,1624824223.718099,/media/batool/MULTIMODAL_DATA/Multimodal_Data/Cat1/opposite/bag_files/Cat1_10mph_lr_opposite_2/camera_images/1624824223.718099.jpg
Cat1,10mph,lr,opposite,2,1624824223.7514324,/media/batool/MULTIMODAL_DATA/Multimodal_Data/Cat1/opposite/bag_files/Cat1_10mph_lr_opposite_2/camera_images/1624824223.7514324.jpg
Cat1,10mph,lr,opposite,2,1624824223.7847657,/media/batool/MULTIMODAL_DATA/Multimodal_Data/Cat1/opposite/bag_files/Cat1_10mph_lr_opposite_2/camera_images/1624824223.7847657.jpg
Cat1,10mph,lr,opposite,2,1624824223.818099,/media/batool/MULTIMODAL_DATA/Multimodal_Data/Cat1/opposite/bag_files/Cat1_10mph_lr_opposite_2/camera_images/1624824223.818099.jpg
Cat1,10mph,lr,opposite,2,1624824223.8514323,/media/batool/MULTIMODAL_DATA/Multimodal_Data/Cat1/opposite/bag_files/Cat1_10mph_lr_opposite_2/camera_images/1624824223.8514323.jpg
Cat1,10mph,lr,opposite,2,1624824223.8847656,/media/batool/MULTIMODAL_DATA/Multimodal_Data/Cat1/opposite/bag_files/Cat1_10mph_lr_opposite_2/camera_images/1624824223.8847656.jpg
Cat1,10mph,lr,opposite,2,1624824223.918099,/media/batool/MULTIMODAL_DATA/Multimodal_Data/Cat1/opposite/bag_files/Cat1_10mph_lr_opposite_2/camera_images/1624824223.918099.jpg
Cat1,10mph,lr,opposite,2,1624824223.9514322,/media/batool/MULTIMODAL_DATA/Multimodal_Data/Cat1/opposite/bag_files/Cat1_10mph_lr_opposite_2/camera_images/1624824223.9514322.jpg
Cat1,10mph,lr,opposite,2,1624824223.9847655,/media/batool/MULTIMODAL_DATA/Multimodal_Data/Cat1/opposite/bag_files/Cat1_10mph_lr_opposite_2/camera_images/1624824223.9847655.jpg
Cat1,10mph,lr,opposite,2,1624824224.0180988,/media/batool/MULTIMODAL_DATA/Multimodal_Data/Cat1/opposite/bag_files/Cat1_10mph_lr_opposite_2/camera_images/1624824224.0180988.jpg
Cat1,10mph,lr,opposite,2,1624824224.0847654,/media/batool/MULTIMODAL_DATA/Multimodal_Data/Cat1/opposite/bag_files/Cat1_10mph_lr_opposite_2/camera_images/1624824224.0847654.jpg
Cat1,10mph,lr,opposite,2,1624824224.1180987,/media/batool/MULTIMODAL_DATA/Multimodal_Data/Cat1/opposite/bag_files/Cat1_10mph_lr_opposite_2/camera_images/1624824224.1180987.jpg
Cat1,10mph,lr,opposite,2,1624824224.151432,/media/batool/MULTIMODAL_DATA/Multimodal_Data/Cat1/opposite/bag_files/Cat1_10mph_lr_opposite_2/camera_images/1624824224.151432.jpg
Cat1,10mph,lr,opposite,2,1624824224.1847653,/media/batool/MULTIMODAL_DATA/Multimodal_Data/Cat1/opposite/bag_files/Cat1_10mph_lr_opposite_2/camera_images/1624824224.1847653.jpg
Cat1,10mph,lr,opposite,2,1624824224.2180986,/media/batool/MULTIMODAL_DATA/Multimodal_Data/Cat1/opposite/bag_files/Cat1_10mph_lr_opposite_2/camera_images/1624824224.2180986.jpg
Cat1,10mph,lr,opposite,2,1624824224.251432,/media/batool/MULTIMODAL_DATA/Multimodal_Data/Cat1/opposite/bag_files/Cat1_10mph_lr_opposite_2/camera_images/1624824224.251432.jpg
Cat1,10mph,lr,opposite,2,1624824224.2847652,/media/batool/MULTIMODAL_DATA/Multimodal_Data/Cat1/opposite/bag_files/Cat1_10mph_lr_opposite_2/camera_images/1624824224.2847652.jpg
Cat1,10mph,lr,opposite,2,1624824224.3180985,/media/batool/MULTIMODAL_DATA/Multimodal_Data/Cat1/opposite/bag_files/Cat1_10mph_lr_opposite_2/camera_images/1624824224.3180985.jpg
Cat1,10mph,lr,opposite,2,1624824224.3514318,/media/batool/MULTIMODAL_DATA/Multimodal_Data/Cat1/opposite/bag_files/Cat1_10mph_lr_opposite_2/camera_images/1624824224.3514318.jpg
Cat1,10mph,lr,opposite,2,1624824224.3847651,/media/batool/MULTIMODAL_DATA/Multimodal_Data/Cat1/opposite/bag_files/Cat1_10mph_lr_opposite_2/camera_images/1624824224.3847651.jpg
Cat1,10mph,lr,opposite,2,1624824224.4180984,/media/batool/MULTIMODAL_DATA/Multimodal_Data/Cat1/opposite/bag_files/Cat1_10mph_lr_opposite_2/camera_images/1624824224.4180984.jpg
Cat1,10mph,lr,opposite,2,1624824224.4514318,/media/batool/MULTIMODAL_DATA/Multimodal_Data/Cat1/opposite/bag_files/Cat1_10mph_lr_opposite_2/camera_images/1624824224.4514318.jpg
Cat1,10mph,lr,opposite,2,1624824224.484765,/media/batool/MULTIMODAL_DATA/Multimodal_Data/Cat1/opposite/bag_files/Cat1_10mph_lr_opposite_2/camera_images/1624824224.484765.jpg
Cat1,10mph,lr,opposite,2,1624824224.5180984,/media/batool/MULTIMODAL_DATA/Multimodal_Data/Cat1/opposite/bag_files/Cat1_10mph_lr_opposite_2/camera_images/1624824224.5180984.jpg
Cat1,10mph,lr,opposite,2,1624824224.5514317,/media/batool/MULTIMODAL_DATA/Multimodal_Data/Cat1/opposite/bag_files/Cat1_10mph_lr_opposite_2/camera_images/1624824224.5514317.jpg
Cat1,10mph,lr,opposite,2,1624824224.6180983,/media/batool/MULTIMODAL_DATA/Multimodal_Data/Cat1/opposite/bag_files/Cat1_10mph_lr_opposite_2/camera_images/1624824224.6180983.jpg
Cat1,10mph,lr,opposite,2,1624824224.6514316,/media/batool/MULTIMODAL_DATA/Multimodal_Data/Cat1/opposite/bag_files/Cat1_10mph_lr_opposite_2/camera_images/1624824224.6514316.jpg
Cat1,10mph,lr,opposite,2,1624824224.6847649,/media/batool/MULTIMODAL_DATA/Multimodal_Data/Cat1/opposite/bag_files/Cat1_10mph_lr_opposite_2/camera_images/1624824224.6847649.jpg
Cat1,10mph,lr,opposite,2,1624824224.7180982,/media/batool/MULTIMODAL_DATA/Multimodal_Data/Cat1/opposite/bag_files/Cat1_10mph_lr_opposite_2/camera_images/1624824224.7180982.jpg
Cat1,10mph,lr,opposite,2,1624824224.7514315,/media/batool/MULTIMODAL_DATA/Multimodal_Data/Cat1/opposite/bag_files/Cat1_10mph_lr_opposite_2/camera_images/1624824224.7514315.jpg
Cat1,10mph,lr,opposite,2,1624824224.7847648,/media/batool/MULTIMODAL_DATA/Multimodal_Data/Cat1/opposite/bag_files/Cat1_10mph_lr_opposite_2/camera_images/1624824224.7847648.jpg
Cat1,10mph,lr,opposite,2,1624824224.818098,/media/batool/MULTIMODAL_DATA/Multimodal_Data/Cat1/opposite/bag_files/Cat1_10mph_lr_opposite_2/camera_images/1624824224.818098.jpg
Cat1,10mph,lr,opposite,2,1624824224.8514314,/media/batool/MULTIMODAL_DATA/Multimodal_Data/Cat1/opposite/bag_files/Cat1_10mph_lr_opposite_2/camera_images/1624824224.8514314.jpg
Cat1,10mph,lr,opposite,2,1624824224.8847647,/media/batool/MULTIMODAL_DATA/Multimodal_Data/Cat1/opposite/bag_files/Cat1_10mph_lr_opposite_2/camera_images/1624824224.8847647.jpg
Cat1,10mph,lr,opposite,2,1624824224.918098,/media/batool/MULTIMODAL_DATA/Multimodal_Data/Cat1/opposite/bag_files/Cat1_10mph_lr_opposite_2/camera_images/1624824224.918098.jpg
Cat1,10mph,lr,opposite,2,1624824224.9514313,/media/batool/MULTIMODAL_DATA/Multimodal_Data/Cat1/opposite/bag_files/Cat1_10mph_lr_opposite_2/camera_images/1624824224.9514313.jpg
Cat1,10mph,lr,opposite,2,1624824224.9847646,/media/batool/MULTIMODAL_DATA/Multimodal_Data/Cat1/opposite/bag_files/Cat1_10mph_lr_opposite_2/camera_images/1624824224.9847646.jpg
Cat1,10mph,lr,opposite,2,1624824225.0180979,/media/batool/MULTIMODAL_DATA/Multimodal_Data/Cat1/opposite/bag_files/Cat1_10mph_lr_opposite_2/camera_images/1624824225.0180979.jpg
Cat1,10mph,lr,opposite,2,1624824225.0514312,/media/batool/MULTIMODAL_DATA/Multimodal_Data/Cat1/opposite/bag_files/Cat1_10mph_lr_opposite_2/camera_images/1624824225.0514312.jpg
Cat1,10mph,lr,opposite,2,1624824225.0847645,/media/batool/MULTIMODAL_DATA/Multimodal_Data/Cat1/opposite/bag_files/Cat1_10mph_lr_opposite_2/camera_images/1624824225.0847645.jpg
Cat1,10mph,lr,opposite,2,1624824225.151431,/media/batool/MULTIMODAL_DATA/Multimodal_Data/Cat1/opposite/bag_files/Cat1_10mph_lr_opposite_2/camera_images/1624824225.151431.jpg
Cat1,10mph,lr,opposite,2,1624824225.1847644,/media/batool/MULTIMODAL_DATA/Multimodal_Data/Cat1/opposite/bag_files/Cat1_10mph_lr_opposite_2/camera_images/1624824225.1847644.jpg
Cat1,10mph,lr,opposite,2,1624824225.2180977,/media/batool/MULTIMODAL_DATA/Multimodal_Data/Cat1/opposite/bag_files/Cat1_10mph_lr_opposite_2/camera_images/1624824225.2180977.jpg
Cat1,10mph,lr,opposite,2,1624824225.251431,/media/batool/MULTIMODAL_DATA/Multimodal_Data/Cat1/opposite/bag_files/Cat1_10mph_lr_opposite_2/camera_images/1624824225.251431.jpg
Cat1,10mph,lr,opposite,2,1624824225.2847643,/media/batool/MULTIMODAL_DATA/Multimodal_Data/Cat1/opposite/bag_files/Cat1_10mph_lr_opposite_2/camera_images/1624824225.2847643.jpg
Cat1,10mph,lr,opposite,2,1624824225.3180976,/media/batool/MULTIMODAL_DATA/Multimodal_Data/Cat1/opposite/bag_files/Cat1_10mph_lr_opposite_2/camera_images/1624824225.3180976.jpg
Cat1,10mph,lr,opposite,2,1624824225.351431,/media/batool/MULTIMODAL_DATA/Multimodal_Data/Cat1/opposite/bag_files/Cat1_10mph_lr_opposite_2/camera_images/1624824225.351431.jpg
Cat1,10mph,lr,opposite,2,1624824225.3847642,/media/batool/MULTIMODAL_DATA/Multimodal_Data/Cat1/opposite/bag_files/Cat1_10mph_lr_opposite_2/camera_images/1624824225.3847642.jpg
Cat1,10mph,lr,opposite,2,1624824225.4180975,/media/batool/MULTIMODAL_DATA/Multimodal_Data/Cat1/opposite/bag_files/Cat1_10mph_lr_opposite_2/camera_images/1624824225.4180975.jpg
Cat1,10mph,lr,opposite,2,1624824225.4514308,/media/batool/MULTIMODAL_DATA/Multimodal_Data/Cat1/opposite/bag_files/Cat1_10mph_lr_opposite_2/camera_images/1624824225.4514308.jpg
Cat1,10mph,lr,opposite,2,1624824225.484764,/media/batool/MULTIMODAL_DATA/Multimodal_Data/Cat1/opposite/bag_files/Cat1_10mph_lr_opposite_2/camera_images/1624824225.484764.jpg
Cat1,10mph,lr,opposite,2,1624824225.5180974,/media/batool/MULTIMODAL_DATA/Multimodal_Data/Cat1/opposite/bag_files/Cat1_10mph_lr_opposite_2/camera_images/1624824225.5180974.jpg
Cat1,10mph,lr,opposite,2,1624824225.5514307,/media/batool/MULTIMODAL_DATA/Multimodal_Data/Cat1/opposite/bag_files/Cat1_10mph_lr_opposite_2/camera_images/1624824225.5514307.jpg
Cat1,10mph,lr,opposite,2,1624824225.584764,/media/batool/MULTIMODAL_DATA/Multimodal_Data/Cat1/opposite/bag_files/Cat1_10mph_lr_opposite_2/camera_images/1624824225.584764.jpg
Cat1,10mph,lr,opposite,2,1624824225.6180973,/media/batool/MULTIMODAL_DATA/Multimodal_Data/Cat1/opposite/bag_files/Cat1_10mph_lr_opposite_2/camera_images/1624824225.6180973.jpg
Cat1,10mph,lr,opposite,2,1624824225.684764,/media/batool/MULTIMODAL_DATA/Multimodal_Data/Cat1/opposite/bag_files/Cat1_10mph_lr_opposite_2/camera_images/1624824225.684764.jpg
Cat1,10mph,lr,opposite,2,1624824225.7180972,/media/batool/MULTIMODAL_DATA/Multimodal_Data/Cat1/opposite/bag_files/Cat1_10mph_lr_opposite_2/camera_images/1624824225.7180972.jpg
Cat1,10mph,lr,opposite,2,1624824225.7514305,/media/batool/MULTIMODAL_DATA/Multimodal_Data/Cat1/opposite/bag_files/Cat1_10mph_lr_opposite_2/camera_images/1624824225.7514305.jpg
Cat1,10mph,lr,opposite,2,1624824225.7847638,/media/batool/MULTIMODAL_DATA/Multimodal_Data/Cat1/opposite/bag_files/Cat1_10mph_lr_opposite_2/camera_images/1624824225.7847638.jpg
Cat1,10mph,lr,opposite,2,1624824225.818097,/media/batool/MULTIMODAL_DATA/Multimodal_Data/Cat1/opposite/bag_files/Cat1_10mph_lr_opposite_2/camera_images/1624824225.818097.jpg
Cat1,10mph,lr,opposite,2,1624824225.8514304,/media/batool/MULTIMODAL_DATA/Multimodal_Data/Cat1/opposite/bag_files/Cat1_10mph_lr_opposite_2/camera_images/1624824225.8514304.jpg
Cat1,10mph,lr,opposite,2,1624824225.8847637,/media/batool/MULTIMODAL_DATA/Multimodal_Data/Cat1/opposite/bag_files/Cat1_10mph_lr_opposite_2/camera_images/1624824225.8847637.jpg
Cat1,10mph,lr,opposite,2,1624824225.918097,/media/batool/MULTIMODAL_DATA/Multimodal_Data/Cat1/opposite/bag_files/Cat1_10mph_lr_opposite_2/camera_images/1624824225.918097.jpg
Cat1,10mph,lr,opposite,2,1624824225.9514303,/media/batool/MULTIMODAL_DATA/Multimodal_Data/Cat1/opposite/bag_files/Cat1_10mph_lr_opposite_2/camera_images/1624824225.9514303.jpg
Cat1,10mph,lr,opposite,2,1624824225.9847636,/media/batool/MULTIMODAL_DATA/Multimodal_Data/Cat1/opposite/bag_files/Cat1_10mph_lr_opposite_2/camera_images/1624824225.9847636.jpg
Cat1,10mph,lr,opposite,2,1624824226.018097,/media/batool/MULTIMODAL_DATA/Multimodal_Data/Cat1/opposite/bag_files/Cat1_10mph_lr_opposite_2/camera_images/1624824226.018097.jpg
Cat1,10mph,lr,opposite,2,1624824226.0514302,/media/batool/MULTIMODAL_DATA/Multimodal_Data/Cat1/opposite/bag_files/Cat1_10mph_lr_opposite_2/camera_images/1624824226.0514302.jpg
Cat1,10mph,lr,opposite,2,1624824226.0847635,/media/batool/MULTIMODAL_DATA/Multimodal_Data/Cat1/opposite/bag_files/Cat1_10mph_lr_opposite_2/camera_images/1624824226.0847635.jpg
Cat1,10mph,lr,opposite,2,1624824226.1180968,/media/batool/MULTIMODAL_DATA/Multimodal_Data/Cat1/opposite/bag_files/Cat1_10mph_lr_opposite_2/camera_images/1624824226.1180968.jpg
Cat1,10mph,lr,opposite,2,1624824226.1514301,/media/batool/MULTIMODAL_DATA/Multimodal_Data/Cat1/opposite/bag_files/Cat1_10mph_lr_opposite_2/camera_images/1624824226.1514301.jpg
Cat1,10mph,lr,opposite,2,1624824226.2180967,/media/batool/MULTIMODAL_DATA/Multimodal_Data/Cat1/opposite/bag_files/Cat1_10mph_lr_opposite_2/camera_images/1624824226.2180967.jpg
Cat1,10mph,lr,opposite,2,1624824226.25143,/media/batool/MULTIMODAL_DATA/Multimodal_Data/Cat1/opposite/bag_files/Cat1_10mph_lr_opposite_2/camera_images/1624824226.25143.jpg
Cat1,10mph,lr,opposite,2,1624824226.2847633,/media/batool/MULTIMODAL_DATA/Multimodal_Data/Cat1/opposite/bag_files/Cat1_10mph_lr_opposite_2/camera_images/1624824226.2847633.jpg
Cat1,10mph,lr,opposite,2,1624824226.3180966,/media/batool/MULTIMODAL_DATA/Multimodal_Data/Cat1/opposite/bag_files/Cat1_10mph_lr_opposite_2/camera_images/1624824226.3180966.jpg
Cat1,10mph,lr,opposite,2,1624824226.35143,/media/batool/MULTIMODAL_DATA/Multimodal_Data/Cat1/opposite/bag_files/Cat1_10mph_lr_opposite_2/camera_images/1624824226.35143.jpg
Cat1,10mph,lr,opposite,2,1624824226.3847632,/media/batool/MULTIMODAL_DATA/Multimodal_Data/Cat1/opposite/bag_files/Cat1_10mph_lr_opposite_2/camera_images/1624824226.3847632.jpg
Cat1,10mph,lr,opposite,2,1624824226.4180965,/media/batool/MULTIMODAL_DATA/Multimodal_Data/Cat1/opposite/bag_files/Cat1_10mph_lr_opposite_2/camera_images/1624824226.4180965.jpg
Cat1,10mph,lr,opposite,2,1624824226.4514298,/media/batool/MULTIMODAL_DATA/Multimodal_Data/Cat1/opposite/bag_files/Cat1_10mph_lr_opposite_2/camera_images/1624824226.4514298.jpg
Cat1,10mph,lr,opposite,2,1624824226.4847631,/media/batool/MULTIMODAL_DATA/Multimodal_Data/Cat1/opposite/bag_files/Cat1_10mph_lr_opposite_2/camera_images/1624824226.4847631.jpg
Cat1,10mph,lr,opposite,2,1624824226.5180964,/media/batool/MULTIMODAL_DATA/Multimodal_Data/Cat1/opposite/bag_files/Cat1_10mph_lr_opposite_2/camera_images/1624824226.5180964.jpg
Cat1,10mph,lr,opposite,2,1624824226.5514297,/media/batool/MULTIMODAL_DATA/Multimodal_Data/Cat1/opposite/bag_files/Cat1_10mph_lr_opposite_2/camera_images/1624824226.5514297.jpg
Cat1,10mph,lr,opposite,2,1624824226.584763,/media/batool/MULTIMODAL_DATA/Multimodal_Data/Cat1/opposite/bag_files/Cat1_10mph_lr_opposite_2/camera_images/1624824226.584763.jpg
Cat1,10mph,lr,opposite,2,1624824226.6180964,/media/batool/MULTIMODAL_DATA/Multimodal_Data/Cat1/opposite/bag_files/Cat1_10mph_lr_opposite_2/camera_images/1624824226.6180964.jpg
Cat1,10mph,lr,opposite,2,1624824226.6514297,/media/batool/MULTIMODAL_DATA/Multimodal_Data/Cat1/opposite/bag_files/Cat1_10mph_lr_opposite_2/camera_images/1624824226.6514297.jpg
Cat1,10mph,lr,opposite,2,1624824226.684763,/media/batool/MULTIMODAL_DATA/Multimodal_Data/Cat1/opposite/bag_files/Cat1_10mph_lr_opposite_2/camera_images/1624824226.684763.jpg
Cat1,10mph,lr,opposite,2,1624824226.7514296,/media/batool/MULTIMODAL_DATA/Multimodal_Data/Cat1/opposite/bag_files/Cat1_10mph_lr_opposite_2/camera_images/1624824226.7514296.jpg
Cat1,10mph,lr,opposite,2,1624824226.7847629,/media/batool/MULTIMODAL_DATA/Multimodal_Data/Cat1/opposite/bag_files/Cat1_10mph_lr_opposite_2/camera_images/1624824226.7847629.jpg
Cat1,10mph,lr,opposite,2,1624824226.8180962,/media/batool/MULTIMODAL_DATA/Multimodal_Data/Cat1/opposite/bag_files/Cat1_10mph_lr_opposite_2/camera_images/1624824226.8180962.jpg
Cat1,10mph,lr,opposite,2,1624824226.8514295,/media/batool/MULTIMODAL_DATA/Multimodal_Data/Cat1/opposite/bag_files/Cat1_10mph_lr_opposite_2/camera_images/1624824226.8514295.jpg
Cat1,10mph,lr,opposite,2,1624824226.8847628,/media/batool/MULTIMODAL_DATA/Multimodal_Data/Cat1/opposite/bag_files/Cat1_10mph_lr_opposite_2/camera_images/1624824226.8847628.jpg
Cat1,10mph,lr,opposite,2,1624824226.918096,/media/batool/MULTIMODAL_DATA/Multimodal_Data/Cat1/opposite/bag_files/Cat1_10mph_lr_opposite_2/camera_images/1624824226.918096.jpg
Cat1,10mph,lr,opposite,2,1624824226.9514294,/media/batool/MULTIMODAL_DATA/Multimodal_Data/Cat1/opposite/bag_files/Cat1_10mph_lr_opposite_2/camera_images/1624824226.9514294.jpg
Cat1,10mph,lr,opposite,2,1624824226.9847627,/media/batool/MULTIMODAL_DATA/Multimodal_Data/Cat1/opposite/bag_files/Cat1_10mph_lr_opposite_2/camera_images/1624824226.9847627.jpg
Cat1,10mph,lr,opposite,2,1624824227.018096,/media/batool/MULTIMODAL_DATA/Multimodal_Data/Cat1/opposite/bag_files/Cat1_10mph_lr_opposite_2/camera_images/1624824227.018096.jpg
Cat1,10mph,lr,opposite,2,1624824227.0514293,/media/batool/MULTIMODAL_DATA/Multimodal_Data/Cat1/opposite/bag_files/Cat1_10mph_lr_opposite_2/camera_images/1624824227.0514293.jpg
Cat1,10mph,lr,opposite,2,1624824227.0847626,/media/batool/MULTIMODAL_DATA/Multimodal_Data/Cat1/opposite/bag_files/Cat1_10mph_lr_opposite_2/camera_images/1624824227.0847626.jpg
Cat1,10mph,lr,opposite,2,1624824227.1180959,/media/batool/MULTIMODAL_DATA/Multimodal_Data/Cat1/opposite/bag_files/Cat1_10mph_lr_opposite_2/camera_images/1624824227.1180959.jpg
Cat1,10mph,lr,opposite,2,1624824227.1514292,/media/batool/MULTIMODAL_DATA/Multimodal_Data/Cat1/opposite/bag_files/Cat1_10mph_lr_opposite_2/camera_images/1624824227.1514292.jpg
Cat1,10mph,lr,opposite,2,1624824227.1847625,/media/batool/MULTIMODAL_DATA/Multimodal_Data/Cat1/opposite/bag_files/Cat1_10mph_lr_opposite_2/camera_images/1624824227.1847625.jpg
Cat1,10mph,lr,opposite,2,1624824227.2180958,/media/batool/MULTIMODAL_DATA/Multimodal_Data/Cat1/opposite/bag_files/Cat1_10mph_lr_opposite_2/camera_images/1624824227.2180958.jpg
Cat1,10mph,lr,opposite,2,1624824227.2847624,/media/batool/MULTIMODAL_DATA/Multimodal_Data/Cat1/opposite/bag_files/Cat1_10mph_lr_opposite_2/camera_images/1624824227.2847624.jpg
Cat1,10mph,lr,opposite,2,1624824227.3180957,/media/batool/MULTIMODAL_DATA/Multimodal_Data/Cat1/opposite/bag_files/Cat1_10mph_lr_opposite_2/camera_images/1624824227.3180957.jpg
Cat1,10mph,lr,opposite,2,1624824227.351429,/media/batool/MULTIMODAL_DATA/Multimodal_Data/Cat1/opposite/bag_files/Cat1_10mph_lr_opposite_2/camera_images/1624824227.351429.jpg
Cat1,10mph,lr,opposite,2,1624824227.3847623,/media/batool/MULTIMODAL_DATA/Multimodal_Data/Cat1/opposite/bag_files/Cat1_10mph_lr_opposite_2/camera_images/1624824227.3847623.jpg
Cat1,10mph,lr,opposite,2,1624824227.4180956,/media/batool/MULTIMODAL_DATA/Multimodal_Data/Cat1/opposite/bag_files/Cat1_10mph_lr_opposite_2/camera_images/1624824227.4180956.jpg
Cat1,10mph,lr,opposite,2,1624824227.451429,/media/batool/MULTIMODAL_DATA/Multimodal_Data/Cat1/opposite/bag_files/Cat1_10mph_lr_opposite_2/camera_images/1624824227.451429.jpg
Cat1,10mph,lr,opposite,2,1624824227.4847622,/media/batool/MULTIMODAL_DATA/Multimodal_Data/Cat1/opposite/bag_files/Cat1_10mph_lr_opposite_2/camera_images/1624824227.4847622.jpg
Cat1,10mph,lr,opposite,2,1624824227.5180955,/media/batool/MULTIMODAL_DATA/Multimodal_Data/Cat1/opposite/bag_files/Cat1_10mph_lr_opposite_2/camera_images/1624824227.5180955.jpg
Cat1,10mph,lr,opposite,2,1624824227.5514288,/media/batool/MULTIMODAL_DATA/Multimodal_Data/Cat1/opposite/bag_files/Cat1_10mph_lr_opposite_2/camera_images/1624824227.5514288.jpg
Cat1,10mph,lr,opposite,2,1624824227.584762,/media/batool/MULTIMODAL_DATA/Multimodal_Data/Cat1/opposite/bag_files/Cat1_10mph_lr_opposite_2/camera_images/1624824227.584762.jpg
Cat1,10mph,lr,opposite,2,1624824227.6180954,/media/batool/MULTIMODAL_DATA/Multimodal_Data/Cat1/opposite/bag_files/Cat1_10mph_lr_opposite_2/camera_images/1624824227.6180954.jpg
Cat1,10mph,lr,opposite,2,1624824227.6514287,/media/batool/MULTIMODAL_DATA/Multimodal_Data/Cat1/opposite/bag_files/Cat1_10mph_lr_opposite_2/camera_images/1624824227.6514287.jpg
Cat1,10mph,lr,opposite,2,1624824227.684762,/media/batool/MULTIMODAL_DATA/Multimodal_Data/Cat1/opposite/bag_files/Cat1_10mph_lr_opposite_2/camera_images/1624824227.684762.jpg
Cat1,10mph,lr,opposite,2,1624824227.7180953,/media/batool/MULTIMODAL_DATA/Multimodal_Data/Cat1/opposite/bag_files/Cat1_10mph_lr_opposite_2/camera_images/1624824227.7180953.jpg
Cat1,10mph,lr,opposite,2,1624824227.7514286,/media/batool/MULTIMODAL_DATA/Multimodal_Data/Cat1/opposite/bag_files/Cat1_10mph_lr_opposite_2/camera_images/1624824227.7514286.jpg
Cat1,10mph,lr,opposite,2,1624824227.8180952,/media/batool/MULTIMODAL_DATA/Multimodal_Data/Cat1/opposite/bag_files/Cat1_10mph_lr_opposite_2/camera_images/1624824227.8180952.jpg
Cat1,10mph,lr,opposite,2,1624824227.8514285,/media/batool/MULTIMODAL_DATA/Multimodal_Data/Cat1/opposite/bag_files/Cat1_10mph_lr_opposite_2/camera_images/1624824227.8514285.jpg
Cat1,10mph,lr,opposite,2,1624824227.8847618,/media/batool/MULTIMODAL_DATA/Multimodal_Data/Cat1/opposite/bag_files/Cat1_10mph_lr_opposite_2/camera_images/1624824227.8847618.jpg
Cat1,10mph,lr,opposite,2,1624824227.918095,/media/batool/MULTIMODAL_DATA/Multimodal_Data/Cat1/opposite/bag_files/Cat1_10mph_lr_opposite_2/camera_images/1624824227.918095.jpg
Cat1,10mph,lr,opposite,2,1624824227.9514284,/media/batool/MULTIMODAL_DATA/Multimodal_Data/Cat1/opposite/bag_files/Cat1_10mph_lr_opposite_2/camera_images/1624824227.9514284.jpg
Cat1,10mph,lr,opposite,2,1624824227.9847617,/media/batool/MULTIMODAL_DATA/Multimodal_Data/Cat1/opposite/bag_files/Cat1_10mph_lr_opposite_2/camera_images/1624824227.9847617.jpg
Cat1,10mph,lr,opposite,2,1624824228.018095,/media/batool/MULTIMODAL_DATA/Multimodal_Data/Cat1/opposite/bag_files/Cat1_10mph_lr_opposite_2/camera_images/1624824228.018095.jpg
Cat1,10mph,lr,opposite,2,1624824228.0514283,/media/batool/MULTIMODAL_DATA/Multimodal_Data/Cat1/opposite/bag_files/Cat1_10mph_lr_opposite_2/camera_images/1624824228.0514283.jpg
Cat1,10mph,lr,opposite,2,1624824228.0847616,/media/batool/MULTIMODAL_DATA/Multimodal_Data/Cat1/opposite/bag_files/Cat1_10mph_lr_opposite_2/camera_images/1624824228.0847616.jpg
Cat1,10mph,lr,opposite,2,1624824228.118095,/media/batool/MULTIMODAL_DATA/Multimodal_Data/Cat1/opposite/bag_files/Cat1_10mph_lr_opposite_2/camera_images/1624824228.118095.jpg
Cat1,10mph,lr,opposite,2,1624824228.1514282,/media/batool/MULTIMODAL_DATA/Multimodal_Data/Cat1/opposite/bag_files/Cat1_10mph_lr_opposite_2/camera_images/1624824228.1514282.jpg
Cat1,10mph,lr,opposite,2,1624824228.1847615,/media/batool/MULTIMODAL_DATA/Multimodal_Data/Cat1/opposite/bag_files/Cat1_10mph_lr_opposite_2/camera_images/1624824228.1847615.jpg
Cat1,10mph,lr,opposite,2,1624824228.2180948,/media/batool/MULTIMODAL_DATA/Multimodal_Data/Cat1/opposite/bag_files/Cat1_10mph_lr_opposite_2/camera_images/1624824228.2180948.jpg
Cat1,10mph,lr,opposite,2,1624824228.2514281,/media/batool/MULTIMODAL_DATA/Multimodal_Data/Cat1/opposite/bag_files/Cat1_10mph_lr_opposite_2/camera_images/1624824228.2514281.jpg
Cat1,10mph,lr,opposite,2,1624824228.2847614,/media/batool/MULTIMODAL_DATA/Multimodal_Data/Cat1/opposite/bag_files/Cat1_10mph_lr_opposite_2/camera_images/1624824228.2847614.jpg
Cat1,10mph,lr,opposite,2,1624824228.351428,/media/batool/MULTIMODAL_DATA/Multimodal_Data/Cat1/opposite/bag_files/Cat1_10mph_lr_opposite_2/camera_images/1624824228.351428.jpg
Cat1,10mph,lr,opposite,2,1624824228.3847613,/media/batool/MULTIMODAL_DATA/Multimodal_Data/Cat1/opposite/bag_files/Cat1_10mph_lr_opposite_2/camera_images/1624824228.3847613.jpg
Cat1,10mph,lr,opposite,2,1624824228.4180946,/media/batool/MULTIMODAL_DATA/Multimodal_Data/Cat1/opposite/bag_files/Cat1_10mph_lr_opposite_2/camera_images/1624824228.4180946.jpg
Cat1,10mph,lr,opposite,2,1624824228.451428,/media/batool/MULTIMODAL_DATA/Multimodal_Data/Cat1/opposite/bag_files/Cat1_10mph_lr_opposite_2/camera_images/1624824228.451428.jpg
Cat1,10mph,lr,opposite,2,1624824228.4847612,/media/batool/MULTIMODAL_DATA/Multimodal_Data/Cat1/opposite/bag_files/Cat1_10mph_lr_opposite_2/camera_images/1624824228.4847612.jpg
Cat1,10mph,lr,opposite,2,1624824228.5180945,/media/batool/MULTIMODAL_DATA/Multimodal_Data/Cat1/opposite/bag_files/Cat1_10mph_lr_opposite_2/camera_images/1624824228.5180945.jpg
Cat1,10mph,lr,opposite,2,1624824228.5514278,/media/batool/MULTIMODAL_DATA/Multimodal_Data/Cat1/opposite/bag_files/Cat1_10mph_lr_opposite_2/camera_images/1624824228.5514278.jpg
Cat1,10mph,lr,opposite,2,1624824228.5847611,/media/batool/MULTIMODAL_DATA/Multimodal_Data/Cat1/opposite/bag_files/Cat1_10mph_lr_opposite_2/camera_images/1624824228.5847611.jpg
Cat1,10mph,lr,opposite,2,1624824228.6180944,/media/batool/MULTIMODAL_DATA/Multimodal_Data/Cat1/opposite/bag_files/Cat1_10mph_lr_opposite_2/camera_images/1624824228.6180944.jpg
Cat1,10mph,lr,opposite,2,1624824228.6514277,/media/batool/MULTIMODAL_DATA/Multimodal_Data/Cat1/opposite/bag_files/Cat1_10mph_lr_opposite_2/camera_images/1624824228.6514277.jpg
Cat1,10mph,lr,opposite,2,1624824228.684761,/media/batool/MULTIMODAL_DATA/Multimodal_Data/Cat1/opposite/bag_files/Cat1_10mph_lr_opposite_2/camera_images/1624824228.684761.jpg
Cat1,10mph,lr,opposite,2,1624824228.7180943,/media/batool/MULTIMODAL_DATA/Multimodal_Data/Cat1/opposite/bag_files/Cat1_10mph_lr_opposite_2/camera_images/1624824228.7180943.jpg
Cat1,10mph,lr,opposite,2,1624824228.7514277,/media/batool/MULTIMODAL_DATA/Multimodal_Data/Cat1/opposite/bag_files/Cat1_10mph_lr_opposite_2/camera_images/1624824228.7514277.jpg
Cat1,10mph,lr,opposite,2,1624824228.784761,/media/batool/MULTIMODAL_DATA/Multimodal_Data/Cat1/opposite/bag_files/Cat1_10mph_lr_opposite_2/camera_images/1624824228.784761.jpg
Cat1,10mph,lr,opposite,2,1624824228.8180943,/media/batool/MULTIMODAL_DATA/Multimodal_Data/Cat1/opposite/bag_files/Cat1_10mph_lr_opposite_2/camera_images/1624824228.8180943.jpg
Cat1,10mph,lr,opposite,2,1624824228.8847609,/media/batool/MULTIMODAL_DATA/Multimodal_Data/Cat1/opposite/bag_files/Cat1_10mph_lr_opposite_2/camera_images/1624824228.8847609.jpg
Cat1,10mph,lr,opposite,2,1624824228.9180942,/media/batool/MULTIMODAL_DATA/Multimodal_Data/Cat1/opposite/bag_files/Cat1_10mph_lr_opposite_2/camera_images/1624824228.9180942.jpg
Cat1,10mph,lr,opposite,2,1624824228.9514275,/media/batool/MULTIMODAL_DATA/Multimodal_Data/Cat1/opposite/bag_files/Cat1_10mph_lr_opposite_2/camera_images/1624824228.9514275.jpg
Cat1,10mph,lr,opposite,2,1624824228.9847608,/media/batool/MULTIMODAL_DATA/Multimodal_Data/Cat1/opposite/bag_files/Cat1_10mph_lr_opposite_2/camera_images/1624824228.9847608.jpg
Cat1,10mph,lr,opposite,2,1624824229.018094,/media/batool/MULTIMODAL_DATA/Multimodal_Data/Cat1/opposite/bag_files/Cat1_10mph_lr_opposite_2/camera_images/1624824229.018094.jpg
Cat1,10mph,lr,opposite,2,1624824229.0514274,/media/batool/MULTIMODAL_DATA/Multimodal_Data/Cat1/opposite/bag_files/Cat1_10mph_lr_opposite_2/camera_images/1624824229.0514274.jpg
Cat1,10mph,lr,opposite,2,1624824229.0847607,/media/batool/MULTIMODAL_DATA/Multimodal_Data/Cat1/opposite/bag_files/Cat1_10mph_lr_opposite_2/camera_images/1624824229.0847607.jpg
Cat1,10mph,lr,opposite,2,1624824229.118094,/media/batool/MULTIMODAL_DATA/Multimodal_Data/Cat1/opposite/bag_files/Cat1_10mph_lr_opposite_2/camera_images/1624824229.118094.jpg
Cat1,10mph,lr,opposite,2,1624824229.1514273,/media/batool/MULTIMODAL_DATA/Multimodal_Data/Cat1/opposite/bag_files/Cat1_10mph_lr_opposite_2/camera_images/1624824229.1514273.jpg
Cat1,10mph,lr,opposite,2,1624824229.1847606,/media/batool/MULTIMODAL_DATA/Multimodal_Data/Cat1/opposite/bag_files/Cat1_10mph_lr_opposite_2/camera_images/1624824229.1847606.jpg
Cat1,10mph,lr,opposite,2,1624824229.2180939,/media/batool/MULTIMODAL_DATA/Multimodal_Data/Cat1/opposite/bag_files/Cat1_10mph_lr_opposite_2/camera_images/1624824229.2180939.jpg
Cat1,10mph,lr,opposite,2,1624824229.2514272,/media/batool/MULTIMODAL_DATA/Multimodal_Data/Cat1/opposite/bag_files/Cat1_10mph_lr_opposite_2/camera_images/1624824229.2514272.jpg
Cat1,10mph,lr,opposite,2,1624824229.2847605,/media/batool/MULTIMODAL_DATA/Multimodal_Data/Cat1/opposite/bag_files/Cat1_10mph_lr_opposite_2/camera_images/1624824229.2847605.jpg
Cat1,10mph,lr,opposite,2,1624824229.3180938,/media/batool/MULTIMODAL_DATA/Multimodal_Data/Cat1/opposite/bag_files/Cat1_10mph_lr_opposite_2/camera_images/1624824229.3180938.jpg
Cat1,10mph,lr,opposite,2,1624824229.351427,/media/batool/MULTIMODAL_DATA/Multimodal_Data/Cat1/opposite/bag_files/Cat1_10mph_lr_opposite_2/camera_images/1624824229.351427.jpg
Cat1,10mph,lr,opposite,2,1624824229.4180937,/media/batool/MULTIMODAL_DATA/Multimodal_Data/Cat1/opposite/bag_files/Cat1_10mph_lr_opposite_2/camera_images/1624824229.4180937.jpg
Cat1,10mph,lr,opposite,2,1624824229.451427,/media/batool/MULTIMODAL_DATA/Multimodal_Data/Cat1/opposite/bag_files/Cat1_10mph_lr_opposite_2/camera_images/1624824229.451427.jpg
Cat1,10mph,lr,opposite,2,1624824229.4847603,/media/batool/MULTIMODAL_DATA/Multimodal_Data/Cat1/opposite/bag_files/Cat1_10mph_lr_opposite_2/camera_images/1624824229.4847603.jpg
Cat1,10mph,lr,opposite,2,1624824229.5180936,/media/batool/MULTIMODAL_DATA/Multimodal_Data/Cat1/opposite/bag_files/Cat1_10mph_lr_opposite_2/camera_images/1624824229.5180936.jpg
Cat1,10mph,lr,opposite,2,1624824229.551427,/media/batool/MULTIMODAL_DATA/Multimodal_Data/Cat1/opposite/bag_files/Cat1_10mph_lr_opposite_2/camera_images/1624824229.551427.jpg
Cat1,10mph,lr,opposite,2,1624824229.5847602,/media/batool/MULTIMODAL_DATA/Multimodal_Data/Cat1/opposite/bag_files/Cat1_10mph_lr_opposite_2/camera_images/1624824229.5847602.jpg
Cat1,10mph,lr,opposite,2,1624824229.6180935,/media/batool/MULTIMODAL_DATA/Multimodal_Data/Cat1/opposite/bag_files/Cat1_10mph_lr_opposite_2/camera_images/1624824229.6180935.jpg
Cat1,10mph,lr,opposite,2,1624824229.6514268,/media/batool/MULTIMODAL_DATA/Multimodal_Data/Cat1/opposite/bag_files/Cat1_10mph_lr_opposite_2/camera_images/1624824229.6514268.jpg
Cat1,10mph,lr,opposite,2,1624824229.68476,/media/batool/MULTIMODAL_DATA/Multimodal_Data/Cat1/opposite/bag_files/Cat1_10mph_lr_opposite_2/camera_images/1624824229.68476.jpg
Cat1,10mph,lr,opposite,2,1624824229.7180934,/media/batool/MULTIMODAL_DATA/Multimodal_Data/Cat1/opposite/bag_files/Cat1_10mph_lr_opposite_2/camera_images/1624824229.7180934.jpg
Cat1,10mph,lr,opposite,2,1624824229.7514267,/media/batool/MULTIMODAL_DATA/Multimodal_Data/Cat1/opposite/bag_files/Cat1_10mph_lr_opposite_2/camera_images/1624824229.7514267.jpg
Cat1,10mph,lr,opposite,2,1624824229.78476,/media/batool/MULTIMODAL_DATA/Multimodal_Data/Cat1/opposite/bag_files/Cat1_10mph_lr_opposite_2/camera_images/1624824229.78476.jpg
Cat1,10mph,lr,opposite,2,1624824229.8180933,/media/batool/MULTIMODAL_DATA/Multimodal_Data/Cat1/opposite/bag_files/Cat1_10mph_lr_opposite_2/camera_images/1624824229.8180933.jpg
Cat1,10mph,lr,opposite,2,1624824229.8514266,/media/batool/MULTIMODAL_DATA/Multimodal_Data/Cat1/opposite/bag_files/Cat1_10mph_lr_opposite_2/camera_images/1624824229.8514266.jpg
Cat1,10mph,lr,opposite,2,1624824229.88476,/media/batool/MULTIMODAL_DATA/Multimodal_Data/Cat1/opposite/bag_files/Cat1_10mph_lr_opposite_2/camera_images/1624824229.88476.jpg
Cat1,10mph,lr,opposite,2,1624824229.9514265,/media/batool/MULTIMODAL_DATA/Multimodal_Data/Cat1/opposite/bag_files/Cat1_10mph_lr_opposite_2/camera_images/1624824229.9514265.jpg
Cat1,10mph,lr,opposite,2,1624824229.9847598,/media/batool/MULTIMODAL_DATA/Multimodal_Data/Cat1/opposite/bag_files/Cat1_10mph_lr_opposite_2/camera_images/1624824229.9847598.jpg
Cat1,10mph,lr,opposite,2,1624824230.018093,/media/batool/MULTIMODAL_DATA/Multimodal_Data/Cat1/opposite/bag_files/Cat1_10mph_lr_opposite_2/camera_images/1624824230.018093.jpg
Cat1,10mph,lr,opposite,2,1624824230.0514264,/media/batool/MULTIMODAL_DATA/Multimodal_Data/Cat1/opposite/bag_files/Cat1_10mph_lr_opposite_2/camera_images/1624824230.0514264.jpg
Cat1,10mph,lr,opposite,2,1624824230.0847597,/media/batool/MULTIMODAL_DATA/Multimodal_Data/Cat1/opposite/bag_files/Cat1_10mph_lr_opposite_2/camera_images/1624824230.0847597.jpg
Cat1,10mph,lr,opposite,2,1624824230.118093,/media/batool/MULTIMODAL_DATA/Multimodal_Data/Cat1/opposite/bag_files/Cat1_10mph_lr_opposite_2/camera_images/1624824230.118093.jpg
Cat1,10mph,lr,opposite,2,1624824230.1514263,/media/batool/MULTIMODAL_DATA/Multimodal_Data/Cat1/opposite/bag_files/Cat1_10mph_lr_opposite_2/camera_images/1624824230.1514263.jpg
Cat1,10mph,lr,opposite,2,1624824230.1847596,/media/batool/MULTIMODAL_DATA/Multimodal_Data/Cat1/opposite/bag_files/Cat1_10mph_lr_opposite_2/camera_images/1624824230.1847596.jpg
Cat1,10mph,lr,opposite,2,1624824230.218093,/media/batool/MULTIMODAL_DATA/Multimodal_Data/Cat1/opposite/bag_files/Cat1_10mph_lr_opposite_2/camera_images/1624824230.218093.jpg
Cat1,10mph,lr,opposite,2,1624824230.2514262,/media/batool/MULTIMODAL_DATA/Multimodal_Data/Cat1/opposite/bag_files/Cat1_10mph_lr_opposite_2/camera_images/1624824230.2514262.jpg
Cat1,10mph,lr,opposite,2,1624824230.2847595,/media/batool/MULTIMODAL_DATA/Multimodal_Data/Cat1/opposite/bag_files/Cat1_10mph_lr_opposite_2/camera_images/1624824230.2847595.jpg
Cat1,10mph,lr,opposite,2,1624824230.3180928,/media/batool/MULTIMODAL_DATA/Multimodal_Data/Cat1/opposite/bag_files/Cat1_10mph_lr_opposite_2/camera_images/1624824230.3180928.jpg
Cat1,10mph,lr,opposite,2,1624824230.3514261,/media/batool/MULTIMODAL_DATA/Multimodal_Data/Cat1/opposite/bag_files/Cat1_10mph_lr_opposite_2/camera_images/1624824230.3514261.jpg
Cat1,10mph,lr,opposite,2,1624824230.3847594,/media/batool/MULTIMODAL_DATA/Multimodal_Data/Cat1/opposite/bag_files/Cat1_10mph_lr_opposite_2/camera_images/1624824230.3847594.jpg
Cat1,10mph,lr,opposite,2,1624824230.4180927,/media/batool/MULTIMODAL_DATA/Multimodal_Data/Cat1/opposite/bag_files/Cat1_10mph_lr_opposite_2/camera_images/1624824230.4180927.jpg
Cat1,10mph,lr,opposite,2,1624824230.4847593,/media/batool/MULTIMODAL_DATA/Multimodal_Data/Cat1/opposite/bag_files/Cat1_10mph_lr_opposite_2/camera_images/1624824230.4847593.jpg
Cat1,10mph,lr,opposite,2,1624824230.5180926,/media/batool/MULTIMODAL_DATA/Multimodal_Data/Cat1/opposite/bag_files/Cat1_10mph_lr_opposite_2/camera_images/1624824230.5180926.jpg
Cat1,10mph,lr,opposite,2,1624824230.551426,/media/batool/MULTIMODAL_DATA/Multimodal_Data/Cat1/opposite/bag_files/Cat1_10mph_lr_opposite_2/camera_images/1624824230.551426.jpg
Cat1,10mph,lr,opposite,2,1624824230.5847592,/media/batool/MULTIMODAL_DATA/Multimodal_Data/Cat1/opposite/bag_files/Cat1_10mph_lr_opposite_2/camera_images/1624824230.5847592.jpg
Cat1,10mph,lr,opposite,2,1624824230.6180925,/media/batool/MULTIMODAL_DATA/Multimodal_Data/Cat1/opposite/bag_files/Cat1_10mph_lr_opposite_2/camera_images/1624824230.6180925.jpg
Cat1,10mph,lr,opposite,2,1624824230.6514258,/media/batool/MULTIMODAL_DATA/Multimodal_Data/Cat1/opposite/bag_files/Cat1_10mph_lr_opposite_2/camera_images/1624824230.6514258.jpg
Cat1,10mph,lr,opposite,2,1624824230.6847591,/media/batool/MULTIMODAL_DATA/Multimodal_Data/Cat1/opposite/bag_files/Cat1_10mph_lr_opposite_2/camera_images/1624824230.6847591.jpg
Cat1,10mph,lr,opposite,2,1624824230.7180924,/media/batool/MULTIMODAL_DATA/Multimodal_Data/Cat1/opposite/bag_files/Cat1_10mph_lr_opposite_2/camera_images/1624824230.7180924.jpg
Cat1,10mph,lr,opposite,2,1624824230.7514257,/media/batool/MULTIMODAL_DATA/Multimodal_Data/Cat1/opposite/bag_files/Cat1_10mph_lr_opposite_2/camera_images/1624824230.7514257.jpg
Cat1,10mph,lr,opposite,2,1624824230.784759,/media/batool/MULTIMODAL_DATA/Multimodal_Data/Cat1/opposite/bag_files/Cat1_10mph_lr_opposite_2/camera_images/1624824230.784759.jpg
Cat1,10mph,lr,opposite,2,1624824230.8180923,/media/batool/MULTIMODAL_DATA/Multimodal_Data/Cat1/opposite/bag_files/Cat1_10mph_lr_opposite_2/camera_images/1624824230.8180923.jpg
Cat1,10mph,lr,opposite,2,1624824230.8514256,/media/batool/MULTIMODAL_DATA/Multimodal_Data/Cat1/opposite/bag_files/Cat1_10mph_lr_opposite_2/camera_images/1624824230.8514256.jpg
Cat1,10mph,lr,opposite,2,1624824230.884759,/media/batool/MULTIMODAL_DATA/Multimodal_Data/Cat1/opposite/bag_files/Cat1_10mph_lr_opposite_2/camera_images/1624824230.884759.jpg
Cat1,10mph,lr,opposite,2,1624824230.9180923,/media/batool/MULTIMODAL_DATA/Multimodal_Data/Cat1/opposite/bag_files/Cat1_10mph_lr_opposite_2/camera_images/1624824230.9180923.jpg
Cat1,10mph,lr,opposite,2,1624824230.9514256,/media/batool/MULTIMODAL_DATA/Multimodal_Data/Cat1/opposite/bag_files/Cat1_10mph_lr_opposite_2/camera_images/1624824230.9514256.jpg
Cat1,10mph,lr,opposite,2,1624824231.0180922,/media/batool/MULTIMODAL_DATA/Multimodal_Data/Cat1/opposite/bag_files/Cat1_10mph_lr_opposite_2/camera_images/1624824231.0180922.jpg
Cat1,10mph,lr,opposite,2,1624824231.0514255,/media/batool/MULTIMODAL_DATA/Multimodal_Data/Cat1/opposite/bag_files/Cat1_10mph_lr_opposite_2/camera_images/1624824231.0514255.jpg
Cat1,10mph,lr,opposite,2,1624824231.0847588,/media/batool/MULTIMODAL_DATA/Multimodal_Data/Cat1/opposite/bag_files/Cat1_10mph_lr_opposite_2/camera_images/1624824231.0847588.jpg
Cat1,10mph,lr,opposite,2,1624824231.118092,/media/batool/MULTIMODAL_DATA/Multimodal_Data/Cat1/opposite/bag_files/Cat1_10mph_lr_opposite_2/camera_images/1624824231.118092.jpg
Cat1,10mph,lr,opposite,2,1624824231.1514254,/media/batool/MULTIMODAL_DATA/Multimodal_Data/Cat1/opposite/bag_files/Cat1_10mph_lr_opposite_2/camera_images/1624824231.1514254.jpg
Cat1,10mph,lr,opposite,2,1624824231.1847587,/media/batool/MULTIMODAL_DATA/Multimodal_Data/Cat1/opposite/bag_files/Cat1_10mph_lr_opposite_2/camera_images/1624824231.1847587.jpg
Cat1,10mph,lr,opposite,2,1624824231.218092,/media/batool/MULTIMODAL_DATA/Multimodal_Data/Cat1/opposite/bag_files/Cat1_10mph_lr_opposite_2/camera_images/1624824231.218092.jpg
Cat1,10mph,lr,opposite,2,1624824231.2514253,/media/batool/MULTIMODAL_DATA/Multimodal_Data/Cat1/opposite/bag_files/Cat1_10mph_lr_opposite_2/camera_images/1624824231.2514253.jpg
Cat1,10mph,lr,opposite,2,1624824231.2847586,/media/batool/MULTIMODAL_DATA/Multimodal_Data/Cat1/opposite/bag_files/Cat1_10mph_lr_opposite_2/camera_images/1624824231.2847586.jpg
Cat1,10mph,lr,opposite,2,1624824231.3180919,/media/batool/MULTIMODAL_DATA/Multimodal_Data/Cat1/opposite/bag_files/Cat1_10mph_lr_opposite_2/camera_images/1624824231.3180919.jpg
Cat1,10mph,lr,opposite,2,1624824231.3514252,/media/batool/MULTIMODAL_DATA/Multimodal_Data/Cat1/opposite/bag_files/Cat1_10mph_lr_opposite_2/camera_images/1624824231.3514252.jpg
Cat1,10mph,lr,opposite,2,1624824231.3847585,/media/batool/MULTIMODAL_DATA/Multimodal_Data/Cat1/opposite/bag_files/Cat1_10mph_lr_opposite_2/camera_images/1624824231.3847585.jpg
Cat1,10mph,lr,opposite,2,1624824231.4180918,/media/batool/MULTIMODAL_DATA/Multimodal_Data/Cat1/opposite/bag_files/Cat1_10mph_lr_opposite_2/camera_images/1624824231.4180918.jpg
Cat1,10mph,lr,opposite,2,1624824231.451425,/media/batool/MULTIMODAL_DATA/Multimodal_Data/Cat1/opposite/bag_files/Cat1_10mph_lr_opposite_2/camera_images/1624824231.451425.jpg
Cat1,10mph,lr,opposite,2,1624824231.4847584,/media/batool/MULTIMODAL_DATA/Multimodal_Data/Cat1/opposite/bag_files/Cat1_10mph_lr_opposite_2/camera_images/1624824231.4847584.jpg
Cat1,10mph,lr,opposite,2,1624824231.551425,/media/batool/MULTIMODAL_DATA/Multimodal_Data/Cat1/opposite/bag_files/Cat1_10mph_lr_opposite_2/camera_images/1624824231.551425.jpg
Cat1,10mph,lr,opposite,2,1624824231.5847583,/media/batool/MULTIMODAL_DATA/Multimodal_Data/Cat1/opposite/bag_files/Cat1_10mph_lr_opposite_2/camera_images/1624824231.5847583.jpg
Cat1,10mph,lr,opposite,2,1624824231.6180916,/media/batool/MULTIMODAL_DATA/Multimodal_Data/Cat1/opposite/bag_files/Cat1_10mph_lr_opposite_2/camera_images/1624824231.6180916.jpg
Cat1,10mph,lr,opposite,2,1624824231.651425,/media/batool/MULTIMODAL_DATA/Multimodal_Data/Cat1/opposite/bag_files/Cat1_10mph_lr_opposite_2/camera_images/1624824231.651425.jpg
Cat1,10mph,lr,opposite,2,1624824231.6847582,/media/batool/MULTIMODAL_DATA/Multimodal_Data/Cat1/opposite/bag_files/Cat1_10mph_lr_opposite_2/camera_images/1624824231.6847582.jpg
Cat1,10mph,lr,opposite,2,1624824231.7180915,/media/batool/MULTIMODAL_DATA/Multimodal_Data/Cat1/opposite/bag_files/Cat1_10mph_lr_opposite_2/camera_images/1624824231.7180915.jpg
Cat1,10mph,lr,opposite,2,1624824231.7514248,/media/batool/MULTIMODAL_DATA/Multimodal_Data/Cat1/opposite/bag_files/Cat1_10mph_lr_opposite_2/camera_images/1624824231.7514248.jpg
Cat1,10mph,lr,opposite,2,1624824231.784758,/media/batool/MULTIMODAL_DATA/Multimodal_Data/Cat1/opposite/bag_files/Cat1_10mph_lr_opposite_2/camera_images/1624824231.784758.jpg
Cat1,10mph,lr,opposite,2,1624824231.8180914,/media/batool/MULTIMODAL_DATA/Multimodal_Data/Cat1/opposite/bag_files/Cat1_10mph_lr_opposite_2/camera_images/1624824231.8180914.jpg
Cat1,10mph,lr,opposite,2,1624824231.8514247,/media/batool/MULTIMODAL_DATA/Multimodal_Data/Cat1/opposite/bag_files/Cat1_10mph_lr_opposite_2/camera_images/1624824231.8514247.jpg
Cat1,10mph,lr,opposite,2,1624824231.884758,/media/batool/MULTIMODAL_DATA/Multimodal_Data/Cat1/opposite/bag_files/Cat1_10mph_lr_opposite_2/camera_images/1624824231.884758.jpg
Cat1,10mph,lr,opposite,2,1624824231.9180913,/media/batool/MULTIMODAL_DATA/Multimodal_Data/Cat1/opposite/bag_files/Cat1_10mph_lr_opposite_2/camera_images/1624824231.9180913.jpg
Cat1,10mph,lr,opposite,2,1624824231.9514246,/media/batool/MULTIMODAL_DATA/Multimodal_Data/Cat1/opposite/bag_files/Cat1_10mph_lr_opposite_2/camera_images/1624824231.9514246.jpg
Cat1,10mph,lr,opposite,2,1624824231.984758,/media/batool/MULTIMODAL_DATA/Multimodal_Data/Cat1/opposite/bag_files/Cat1_10mph_lr_opposite_2/camera_images/1624824231.984758.jpg
Cat1,10mph,lr,opposite,2,1624824232.0180912,/media/batool/MULTIMODAL_DATA/Multimodal_Data/Cat1/opposite/bag_files/Cat1_10mph_lr_opposite_2/camera_images/1624824232.0180912.jpg
Cat1,10mph,lr,opposite,2,1624824232.0847578,/media/batool/MULTIMODAL_DATA/Multimodal_Data/Cat1/opposite/bag_files/Cat1_10mph_lr_opposite_2/camera_images/1624824232.0847578.jpg
Cat1,10mph,lr,opposite,2,1624824232.118091,/media/batool/MULTIMODAL_DATA/Multimodal_Data/Cat1/opposite/bag_files/Cat1_10mph_lr_opposite_2/camera_images/1624824232.118091.jpg
Cat1,10mph,lr,opposite,2,1624824232.1514244,/media/batool/MULTIMODAL_DATA/Multimodal_Data/Cat1/opposite/bag_files/Cat1_10mph_lr_opposite_2/camera_images/1624824232.1514244.jpg
Cat1,10mph,lr,opposite,2,1624824232.1847577,/media/batool/MULTIMODAL_DATA/Multimodal_Data/Cat1/opposite/bag_files/Cat1_10mph_lr_opposite_2/camera_images/1624824232.1847577.jpg
Cat1,10mph,lr,opposite,2,1624824232.218091,/media/batool/MULTIMODAL_DATA/Multimodal_Data/Cat1/opposite/bag_files/Cat1_10mph_lr_opposite_2/camera_images/1624824232.218091.jpg
Cat1,10mph,lr,opposite,2,1624824232.2514243,/media/batool/MULTIMODAL_DATA/Multimodal_Data/Cat1/opposite/bag_files/Cat1_10mph_lr_opposite_2/camera_images/1624824232.2514243.jpg
Cat1,10mph,lr,opposite,2,1624824232.2847576,/media/batool/MULTIMODAL_DATA/Multimodal_Data/Cat1/opposite/bag_files/Cat1_10mph_lr_opposite_2/camera_images/1624824232.2847576.jpg
Cat1,10mph,lr,opposite,2,1624824232.318091,/media/batool/MULTIMODAL_DATA/Multimodal_Data/Cat1/opposite/bag_files/Cat1_10mph_lr_opposite_2/camera_images/1624824232.318091.jpg
Cat1,10mph,lr,opposite,2,1624824232.3514242,/media/batool/MULTIMODAL_DATA/Multimodal_Data/Cat1/opposite/bag_files/Cat1_10mph_lr_opposite_2/camera_images/1624824232.3514242.jpg
Cat1,10mph,lr,opposite,2,1624824232.3847575,/media/batool/MULTIMODAL_DATA/Multimodal_Data/Cat1/opposite/bag_files/Cat1_10mph_lr_opposite_2/camera_images/1624824232.3847575.jpg
Cat1,10mph,lr,opposite,2,1624824232.4180908,/media/batool/MULTIMODAL_DATA/Multimodal_Data/Cat1/opposite/bag_files/Cat1_10mph_lr_opposite_2/camera_images/1624824232.4180908.jpg
Cat1,10mph,lr,opposite,2,1624824232.4514241,/media/batool/MULTIMODAL_DATA/Multimodal_Data/Cat1/opposite/bag_files/Cat1_10mph_lr_opposite_2/camera_images/1624824232.4514241.jpg
Cat1,10mph,lr,opposite,2,1624824232.4847574,/media/batool/MULTIMODAL_DATA/Multimodal_Data/Cat1/opposite/bag_files/Cat1_10mph_lr_opposite_2/camera_images/1624824232.4847574.jpg
Cat1,10mph,lr,opposite,2,1624824232.5180907,/media/batool/MULTIMODAL_DATA/Multimodal_Data/Cat1/opposite/bag_files/Cat1_10mph_lr_opposite_2/camera_images/1624824232.5180907.jpg
Cat1,10mph,lr,opposite,2,1624824232.551424,/media/batool/MULTIMODAL_DATA/Multimodal_Data/Cat1/opposite/bag_files/Cat1_10mph_lr_opposite_2/camera_images/1624824232.551424.jpg
Cat1,10mph,lr,opposite,2,1624824232.6180906,/media/batool/MULTIMODAL_DATA/Multimodal_Data/Cat1/opposite/bag_files/Cat1_10mph_lr_opposite_2/camera_images/1624824232.6180906.jpg
Cat1,10mph,lr,opposite,2,1624824232.651424,/media/batool/MULTIMODAL_DATA/Multimodal_Data/Cat1/opposite/bag_files/Cat1_10mph_lr_opposite_2/camera_images/1624824232.651424.jpg
Cat1,10mph,lr,opposite,2,1624824232.6847572,/media/batool/MULTIMODAL_DATA/Multimodal_Data/Cat1/opposite/bag_files/Cat1_10mph_lr_opposite_2/camera_images/1624824232.6847572.jpg
Cat1,10mph,lr,opposite,2,1624824232.7180905,/media/batool/MULTIMODAL_DATA/Multimodal_Data/Cat1/opposite/bag_files/Cat1_10mph_lr_opposite_2/camera_images/1624824232.7180905.jpg
Cat1,10mph,lr,opposite,2,1624824232.7514238,/media/batool/MULTIMODAL_DATA/Multimodal_Data/Cat1/opposite/bag_files/Cat1_10mph_lr_opposite_2/camera_images/1624824232.7514238.jpg
Cat1,10mph,lr,opposite,2,1624824232.7847571,/media/batool/MULTIMODAL_DATA/Multimodal_Data/Cat1/opposite/bag_files/Cat1_10mph_lr_opposite_2/camera_images/1624824232.7847571.jpg
Cat1,10mph,lr,opposite,2,1624824232.8180904,/media/batool/MULTIMODAL_DATA/Multimodal_Data/Cat1/opposite/bag_files/Cat1_10mph_lr_opposite_2/camera_images/1624824232.8180904.jpg
Cat1,10mph,lr,opposite,2,1624824232.8514237,/media/batool/MULTIMODAL_DATA/Multimodal_Data/Cat1/opposite/bag_files/Cat1_10mph_lr_opposite_2/camera_images/1624824232.8514237.jpg
Cat1,10mph,lr,opposite,2,1624824232.884757,/media/batool/MULTIMODAL_DATA/Multimodal_Data/Cat1/opposite/bag_files/Cat1_10mph_lr_opposite_2/camera_images/1624824232.884757.jpg
Cat1,10mph,lr,opposite,2,1624824232.9180903,/media/batool/MULTIMODAL_DATA/Multimodal_Data/Cat1/opposite/bag_files/Cat1_10mph_lr_opposite_2/camera_images/1624824232.9180903.jpg
Cat1,10mph,lr,opposite,2,1624824232.9514236,/media/batool/MULTIMODAL_DATA/Multimodal_Data/Cat1/opposite/bag_files/Cat1_10mph_lr_opposite_2/camera_images/1624824232.9514236.jpg
Cat1,10mph,lr,opposite,2,1624824232.984757,/media/batool/MULTIMODAL_DATA/Multimodal_Data/Cat1/opposite/bag_files/Cat1_10mph_lr_opposite_2/camera_images/1624824232.984757.jpg
Cat1,10mph,lr,opposite,2,1624824233.0180902,/media/batool/MULTIMODAL_DATA/Multimodal_Data/Cat1/opposite/bag_files/Cat1_10mph_lr_opposite_2/camera_images/1624824233.0180902.jpg
Cat1,10mph,lr,opposite,2,1624824233.0514235,/media/batool/MULTIMODAL_DATA/Multimodal_Data/Cat1/opposite/bag_files/Cat1_10mph_lr_opposite_2/camera_images/1624824233.0514235.jpg
Cat1,10mph,lr,opposite,2,1624824233.0847569,/media/batool/MULTIMODAL_DATA/Multimodal_Data/Cat1/opposite/bag_files/Cat1_10mph_lr_opposite_2/camera_images/1624824233.0847569.jpg
Cat1,10mph,lr,opposite,2,1624824233.1514235,/media/batool/MULTIMODAL_DATA/Multimodal_Data/Cat1/opposite/bag_files/Cat1_10mph_lr_opposite_2/camera_images/1624824233.1514235.jpg
Cat1,10mph,lr,opposite,2,1624824233.1847568,/media/batool/MULTIMODAL_DATA/Multimodal_Data/Cat1/opposite/bag_files/Cat1_10mph_lr_opposite_2/camera_images/1624824233.1847568.jpg
Cat1,10mph,lr,opposite,2,1624824233.21809,/media/batool/MULTIMODAL_DATA/Multimodal_Data/Cat1/opposite/bag_files/Cat1_10mph_lr_opposite_2/camera_images/1624824233.21809.jpg
Cat1,10mph,lr,opposite,2,1624824233.2514234,/media/batool/MULTIMODAL_DATA/Multimodal_Data/Cat1/opposite/bag_files/Cat1_10mph_lr_opposite_2/camera_images/1624824233.2514234.jpg
Cat1,10mph,lr,opposite,2,1624824233.2847567,/media/batool/MULTIMODAL_DATA/Multimodal_Data/Cat1/opposite/bag_files/Cat1_10mph_lr_opposite_2/camera_images/1624824233.2847567.jpg
Cat1,10mph,lr,opposite,2,1624824233.31809,/media/batool/MULTIMODAL_DATA/Multimodal_Data/Cat1/opposite/bag_files/Cat1_10mph_lr_opposite_2/camera_images/1624824233.31809.jpg
Cat1,10mph,lr,opposite,2,1624824233.3514233,/media/batool/MULTIMODAL_DATA/Multimodal_Data/Cat1/opposite/bag_files/Cat1_10mph_lr_opposite_2/camera_images/1624824233.3514233.jpg
Cat1,10mph,lr,opposite,2,1624824233.3847566,/media/batool/MULTIMODAL_DATA/Multimodal_Data/Cat1/opposite/bag_files/Cat1_10mph_lr_opposite_2/camera_images/1624824233.3847566.jpg
Cat1,10mph,lr,opposite,2,1624824233.4180899,/media/batool/MULTIMODAL_DATA/Multimodal_Data/Cat1/opposite/bag_files/Cat1_10mph_lr_opposite_2/camera_images/1624824233.4180899.jpg
Cat1,10mph,lr,opposite,2,1624824233.4514232,/media/batool/MULTIMODAL_DATA/Multimodal_Data/Cat1/opposite/bag_files/Cat1_10mph_lr_opposite_2/camera_images/1624824233.4514232.jpg
Cat1,10mph,lr,opposite,2,1624824233.4847565,/media/batool/MULTIMODAL_DATA/Multimodal_Data/Cat1/opposite/bag_files/Cat1_10mph_lr_opposite_2/camera_images/1624824233.4847565.jpg
Cat1,10mph,lr,opposite,2,1624824233.5180898,/media/batool/MULTIMODAL_DATA/Multimodal_Data/Cat1/opposite/bag_files/Cat1_10mph_lr_opposite_2/camera_images/1624824233.5180898.jpg
Cat1,10mph,lr,opposite,2,1624824233.551423,/media/batool/MULTIMODAL_DATA/Multimodal_Data/Cat1/opposite/bag_files/Cat1_10mph_lr_opposite_2/camera_images/1624824233.551423.jpg
Cat1,10mph,lr,opposite,2,1624824233.5847564,/media/batool/MULTIMODAL_DATA/Multimodal_Data/Cat1/opposite/bag_files/Cat1_10mph_lr_opposite_2/camera_images/1624824233.5847564.jpg
Cat1,10mph,lr,opposite,2,1624824233.6180897,/media/batool/MULTIMODAL_DATA/Multimodal_Data/Cat1/opposite/bag_files/Cat1_10mph_lr_opposite_2/camera_images/1624824233.6180897.jpg
Cat1,10mph,lr,opposite,2,1624824233.6847563,/media/batool/MULTIMODAL_DATA/Multimodal_Data/Cat1/opposite/bag_files/Cat1_10mph_lr_opposite_2/camera_images/1624824233.6847563.jpg
Cat1,10mph,lr,opposite,2,1624824233.7180896,/media/batool/MULTIMODAL_DATA/Multimodal_Data/Cat1/opposite/bag_files/Cat1_10mph_lr_opposite_2/camera_images/1624824233.7180896.jpg
Cat1,10mph,lr,opposite,2,1624824233.751423,/media/batool/MULTIMODAL_DATA/Multimodal_Data/Cat1/opposite/bag_files/Cat1_10mph_lr_opposite_2/camera_images/1624824233.751423.jpg
Cat1,10mph,lr,opposite,2,1624824233.7847562,/media/batool/MULTIMODAL_DATA/Multimodal_Data/Cat1/opposite/bag_files/Cat1_10mph_lr_opposite_2/camera_images/1624824233.7847562.jpg
Cat1,10mph,lr,opposite,2,1624824233.8180895,/media/batool/MULTIMODAL_DATA/Multimodal_Data/Cat1/opposite/bag_files/Cat1_10mph_lr_opposite_2/camera_images/1624824233.8180895.jpg
Cat1,10mph,lr,opposite,2,1624824233.8514228,/media/batool/MULTIMODAL_DATA/Multimodal_Data/Cat1/opposite/bag_files/Cat1_10mph_lr_opposite_2/camera_images/1624824233.8514228.jpg
Cat1,10mph,lr,opposite,2,1624824233.884756,/media/batool/MULTIMODAL_DATA/Multimodal_Data/Cat1/opposite/bag_files/Cat1_10mph_lr_opposite_2/camera_images/1624824233.884756.jpg
Cat1,10mph,lr,opposite,2,1624824233.9180894,/media/batool/MULTIMODAL_DATA/Multimodal_Data/Cat1/opposite/bag_files/Cat1_10mph_lr_opposite_2/camera_images/1624824233.9180894.jpg
Cat1,10mph,lr,opposite,2,1624824233.9514227,/media/batool/MULTIMODAL_DATA/Multimodal_Data/Cat1/opposite/bag_files/Cat1_10mph_lr_opposite_2/camera_images/1624824233.9514227.jpg
Cat1,10mph,lr,opposite,2,1624824233.984756,/media/batool/MULTIMODAL_DATA/Multimodal_Data/Cat1/opposite/bag_files/Cat1_10mph_lr_opposite_2/camera_images/1624824233.984756.jpg
Cat1,10mph,lr,opposite,2,1624824234.0180893,/media/batool/MULTIMODAL_DATA/Multimodal_Data/Cat1/opposite/bag_files/Cat1_10mph_lr_opposite_2/camera_images/1624824234.0180893.jpg
Cat1,10mph,lr,opposite,2,1624824234.0514226,/media/batool/MULTIMODAL_DATA/Multimodal_Data/Cat1/opposite/bag_files/Cat1_10mph_lr_opposite_2/camera_images/1624824234.0514226.jpg
Cat1,10mph,lr,opposite,2,1624824234.084756,/media/batool/MULTIMODAL_DATA/Multimodal_Data/Cat1/opposite/bag_files/Cat1_10mph_lr_opposite_2/camera_images/1624824234.084756.jpg
Cat1,10mph,lr,opposite,2,1624824234.1180892,/media/batool/MULTIMODAL_DATA/Multimodal_Data/Cat1/opposite/bag_files/Cat1_10mph_lr_opposite_2/camera_images/1624824234.1180892.jpg
Cat1,10mph,lr,opposite,2,1624824234.1514225,/media/batool/MULTIMODAL_DATA/Multimodal_Data/Cat1/opposite/bag_files/Cat1_10mph_lr_opposite_2/camera_images/1624824234.1514225.jpg
Cat1,10mph,lr,opposite,2,1624824234.218089,/media/batool/MULTIMODAL_DATA/Multimodal_Data/Cat1/opposite/bag_files/Cat1_10mph_lr_opposite_2/camera_images/1624824234.218089.jpg
Cat1,10mph,lr,opposite,2,1624824234.2514224,/media/batool/MULTIMODAL_DATA/Multimodal_Data/Cat1/opposite/bag_files/Cat1_10mph_lr_opposite_2/camera_images/1624824234.2514224.jpg
Cat1,10mph,lr,opposite,2,1624824234.2847557,/media/batool/MULTIMODAL_DATA/Multimodal_Data/Cat1/opposite/bag_files/Cat1_10mph_lr_opposite_2/camera_images/1624824234.2847557.jpg
Cat1,10mph,lr,opposite,2,1624824234.318089,/media/batool/MULTIMODAL_DATA/Multimodal_Data/Cat1/opposite/bag_files/Cat1_10mph_lr_opposite_2/camera_images/1624824234.318089.jpg
Cat1,10mph,lr,opposite,2,1624824234.3514223,/media/batool/MULTIMODAL_DATA/Multimodal_Data/Cat1/opposite/bag_files/Cat1_10mph_lr_opposite_2/camera_images/1624824234.3514223.jpg
Cat1,10mph,lr,opposite,2,1624824234.3847556,/media/batool/MULTIMODAL_DATA/Multimodal_Data/Cat1/opposite/bag_files/Cat1_10mph_lr_opposite_2/camera_images/1624824234.3847556.jpg
Cat1,10mph,lr,opposite,2,1624824234.418089,/media/batool/MULTIMODAL_DATA/Multimodal_Data/Cat1/opposite/bag_files/Cat1_10mph_lr_opposite_2/camera_images/1624824234.418089.jpg
Cat1,10mph,lr,opposite,2,1624824234.4514222,/media/batool/MULTIMODAL_DATA/Multimodal_Data/Cat1/opposite/bag_files/Cat1_10mph_lr_opposite_2/camera_images/1624824234.4514222.jpg
Cat1,10mph,lr,opposite,2,1624824234.4847555,/media/batool/MULTIMODAL_DATA/Multimodal_Data/Cat1/opposite/bag_files/Cat1_10mph_lr_opposite_2/camera_images/1624824234.4847555.jpg
Cat1,10mph,lr,opposite,2,1624824234.5180888,/media/batool/MULTIMODAL_DATA/Multimodal_Data/Cat1/opposite/bag_files/Cat1_10mph_lr_opposite_2/camera_images/1624824234.5180888.jpg
Cat1,10mph,lr,opposite,2,1624824234.551422,/media/batool/MULTIMODAL_DATA/Multimodal_Data/Cat1/opposite/bag_files/Cat1_10mph_lr_opposite_2/camera_images/1624824234.551422.jpg
Cat1,10mph,lr,opposite,2,1624824234.5847554,/media/batool/MULTIMODAL_DATA/Multimodal_Data/Cat1/opposite/bag_files/Cat1_10mph_lr_opposite_2/camera_images/1624824234.5847554.jpg
Cat1,10mph,lr,opposite,2,1624824234.6180887,/media/batool/MULTIMODAL_DATA/Multimodal_Data/Cat1/opposite/bag_files/Cat1_10mph_lr_opposite_2/camera_images/1624824234.6180887.jpg
Cat1,10mph,lr,opposite,2,1624824234.651422,/media/batool/MULTIMODAL_DATA/Multimodal_Data/Cat1/opposite/bag_files/Cat1_10mph_lr_opposite_2/camera_images/1624824234.651422.jpg
Cat1,10mph,lr,opposite,2,1624824234.6847553,/media/batool/MULTIMODAL_DATA/Multimodal_Data/Cat1/opposite/bag_files/Cat1_10mph_lr_opposite_2/camera_images/1624824234.6847553.jpg
Cat1,10mph,lr,opposite,2,1624824234.751422,/media/batool/MULTIMODAL_DATA/Multimodal_Data/Cat1/opposite/bag_files/Cat1_10mph_lr_opposite_2/camera_images/1624824234.751422.jpg
Cat1,10mph,lr,opposite,2,1624824234.7847552,/media/batool/MULTIMODAL_DATA/Multimodal_Data/Cat1/opposite/bag_files/Cat1_10mph_lr_opposite_2/camera_images/1624824234.7847552.jpg
Cat1,10mph,lr,opposite,2,1624824234.8180885,/media/batool/MULTIMODAL_DATA/Multimodal_Data/Cat1/opposite/bag_files/Cat1_10mph_lr_opposite_2/camera_images/1624824234.8180885.jpg
Cat1,10mph,lr,opposite,2,1624824234.8514218,/media/batool/MULTIMODAL_DATA/Multimodal_Data/Cat1/opposite/bag_files/Cat1_10mph_lr_opposite_2/camera_images/1624824234.8514218.jpg
Cat1,10mph,lr,opposite,2,1624824234.8847551,/media/batool/MULTIMODAL_DATA/Multimodal_Data/Cat1/opposite/bag_files/Cat1_10mph_lr_opposite_2/camera_images/1624824234.8847551.jpg
Cat1,10mph,lr,opposite,2,1624824234.9180884,/media/batool/MULTIMODAL_DATA/Multimodal_Data/Cat1/opposite/bag_files/Cat1_10mph_lr_opposite_2/camera_images/1624824234.9180884.jpg
Cat1,10mph,lr,opposite,2,1624824234.9514217,/media/batool/MULTIMODAL_DATA/Multimodal_Data/Cat1/opposite/bag_files/Cat1_10mph_lr_opposite_2/camera_images/1624824234.9514217.jpg
Cat1,10mph,lr,opposite,2,1624824234.984755,/media/batool/MULTIMODAL_DATA/Multimodal_Data/Cat1/opposite/bag_files/Cat1_10mph_lr_opposite_2/camera_images/1624824234.984755.jpg
Cat1,10mph,lr,opposite,2,1624824235.0180883,/media/batool/MULTIMODAL_DATA/Multimodal_Data/Cat1/opposite/bag_files/Cat1_10mph_lr_opposite_2/camera_images/1624824235.0180883.jpg
Cat1,10mph,lr,opposite,2,1624824235.0514216,/media/batool/MULTIMODAL_DATA/Multimodal_Data/Cat1/opposite/bag_files/Cat1_10mph_lr_opposite_2/camera_images/1624824235.0514216.jpg
Cat1,10mph,lr,opposite,2,1624824235.084755,/media/batool/MULTIMODAL_DATA/Multimodal_Data/Cat1/opposite/bag_files/Cat1_10mph_lr_opposite_2/camera_images/1624824235.084755.jpg
Cat1,10mph,lr,opposite,2,1624824235.1180882,/media/batool/MULTIMODAL_DATA/Multimodal_Data/Cat1/opposite/bag_files/Cat1_10mph_lr_opposite_2/camera_images/1624824235.1180882.jpg
Cat1,10mph,lr,opposite,2,1624824235.1514215,/media/batool/MULTIMODAL_DATA/Multimodal_Data/Cat1/opposite/bag_files/Cat1_10mph_lr_opposite_2/camera_images/1624824235.1514215.jpg
Cat1,10mph,lr,opposite,2,1624824235.1847548,/media/batool/MULTIMODAL_DATA/Multimodal_Data/Cat1/opposite/bag_files/Cat1_10mph_lr_opposite_2/camera_images/1624824235.1847548.jpg
Cat1,10mph,lr,opposite,2,1624824235.2180882,/media/batool/MULTIMODAL_DATA/Multimodal_Data/Cat1/opposite/bag_files/Cat1_10mph_lr_opposite_2/camera_images/1624824235.2180882.jpg
Cat1,10mph,lr,opposite,2,1624824235.2514215,/media/batool/MULTIMODAL_DATA/Multimodal_Data/Cat1/opposite/bag_files/Cat1_10mph_lr_opposite_2/camera_images/1624824235.2514215.jpg
Cat1,10mph,lr,opposite,2,1624824235.2847548,/media/batool/MULTIMODAL_DATA/Multimodal_Data/Cat1/opposite/bag_files/Cat1_10mph_lr_opposite_2/camera_images/1624824235.2847548.jpg
Cat1,10mph,lr,opposite,2,1624824235.318088,/media/batool/MULTIMODAL_DATA/Multimodal_Data/Cat1/opposite/bag_files/Cat1_10mph_lr_opposite_2/camera_images/1624824235.318088.jpg
Cat1,10mph,lr,opposite,2,1624824235.3514214,/media/batool/MULTIMODAL_DATA/Multimodal_Data/Cat1/opposite/bag_files/Cat1_10mph_lr_opposite_2/camera_images/1624824235.3514214.jpg
Cat1,10mph,lr,opposite,2,1624824235.3847547,/media/batool/MULTIMODAL_DATA/Multimodal_Data/Cat1/opposite/bag_files/Cat1_10mph_lr_opposite_2/camera_images/1624824235.3847547.jpg
Cat1,10mph,lr,opposite,2,1624824235.418088,/media/batool/MULTIMODAL_DATA/Multimodal_Data/Cat1/opposite/bag_files/Cat1_10mph_lr_opposite_2/camera_images/1624824235.418088.jpg
