Category,speed,direction,lane,episode,Time header,lidar number,path to the file
Cat1,10mph,lr,opposite,2,1624824218.668471000,ns1,/media/batool/MULTIMODAL_DATA/Multimodal_Data/Cat1/opposite/bag_files/Cat1_10mph_lr_opposite_2/lidar_pcd/ns1/velodyne_points/1624824218.668471000.pcd
Cat1,10mph,lr,opposite,2,1624824218.769313000,ns1,/media/batool/MULTIMODAL_DATA/Multimodal_Data/Cat1/opposite/bag_files/Cat1_10mph_lr_opposite_2/lidar_pcd/ns1/velodyne_points/1624824218.769313000.pcd
Cat1,10mph,lr,opposite,2,1624824218.870212000,ns1,/media/batool/MULTIMODAL_DATA/Multimodal_Data/Cat1/opposite/bag_files/Cat1_10mph_lr_opposite_2/lidar_pcd/ns1/velodyne_points/1624824218.870212000.pcd
Cat1,10mph,lr,opposite,2,1624824218.971112000,ns1,/media/batool/MULTIMODAL_DATA/Multimodal_Data/Cat1/opposite/bag_files/Cat1_10mph_lr_opposite_2/lidar_pcd/ns1/velodyne_points/1624824218.971112000.pcd
Cat1,10mph,lr,opposite,2,1624824219.071902000,ns1,/media/batool/MULTIMODAL_DATA/Multimodal_Data/Cat1/opposite/bag_files/Cat1_10mph_lr_opposite_2/lidar_pcd/ns1/velodyne_points/1624824219.071902000.pcd
Cat1,10mph,lr,opposite,2,1624824219.172762000,ns1,/media/batool/MULTIMODAL_DATA/Multimodal_Data/Cat1/opposite/bag_files/Cat1_10mph_lr_opposite_2/lidar_pcd/ns1/velodyne_points/1624824219.172762000.pcd
Cat1,10mph,lr,opposite,2,1624824219.273659000,ns1,/media/batool/MULTIMODAL_DATA/Multimodal_Data/Cat1/opposite/bag_files/Cat1_10mph_lr_opposite_2/lidar_pcd/ns1/velodyne_points/1624824219.273659000.pcd
Cat1,10mph,lr,opposite,2,1624824219.374521000,ns1,/media/batool/MULTIMODAL_DATA/Multimodal_Data/Cat1/opposite/bag_files/Cat1_10mph_lr_opposite_2/lidar_pcd/ns1/velodyne_points/1624824219.374521000.pcd
Cat1,10mph,lr,opposite,2,1624824219.475354000,ns1,/media/batool/MULTIMODAL_DATA/Multimodal_Data/Cat1/opposite/bag_files/Cat1_10mph_lr_opposite_2/lidar_pcd/ns1/velodyne_points/1624824219.475354000.pcd
Cat1,10mph,lr,opposite,2,1624824219.576208000,ns1,/media/batool/MULTIMODAL_DATA/Multimodal_Data/Cat1/opposite/bag_files/Cat1_10mph_lr_opposite_2/lidar_pcd/ns1/velodyne_points/1624824219.576208000.pcd
Cat1,10mph,lr,opposite,2,1624824219.677062000,ns1,/media/batool/MULTIMODAL_DATA/Multimodal_Data/Cat1/opposite/bag_files/Cat1_10mph_lr_opposite_2/lidar_pcd/ns1/velodyne_points/1624824219.677062000.pcd
Cat1,10mph,lr,opposite,2,1624824219.777998000,ns1,/media/batool/MULTIMODAL_DATA/Multimodal_Data/Cat1/opposite/bag_files/Cat1_10mph_lr_opposite_2/lidar_pcd/ns1/velodyne_points/1624824219.777998000.pcd
Cat1,10mph,lr,opposite,2,1624824219.878762000,ns1,/media/batool/MULTIMODAL_DATA/Multimodal_Data/Cat1/opposite/bag_files/Cat1_10mph_lr_opposite_2/lidar_pcd/ns1/velodyne_points/1624824219.878762000.pcd
Cat1,10mph,lr,opposite,2,1624824219.979637000,ns1,/media/batool/MULTIMODAL_DATA/Multimodal_Data/Cat1/opposite/bag_files/Cat1_10mph_lr_opposite_2/lidar_pcd/ns1/velodyne_points/1624824219.979637000.pcd
Cat1,10mph,lr,opposite,2,1624824220.181351000,ns1,/media/batool/MULTIMODAL_DATA/Multimodal_Data/Cat1/opposite/bag_files/Cat1_10mph_lr_opposite_2/lidar_pcd/ns1/velodyne_points/1624824220.181351000.pcd
Cat1,10mph,lr,opposite,2,1624824220.282205000,ns1,/media/batool/MULTIMODAL_DATA/Multimodal_Data/Cat1/opposite/bag_files/Cat1_10mph_lr_opposite_2/lidar_pcd/ns1/velodyne_points/1624824220.282205000.pcd
Cat1,10mph,lr,opposite,2,1624824220.383089000,ns1,/media/batool/MULTIMODAL_DATA/Multimodal_Data/Cat1/opposite/bag_files/Cat1_10mph_lr_opposite_2/lidar_pcd/ns1/velodyne_points/1624824220.383089000.pcd
Cat1,10mph,lr,opposite,2,1624824220.483917000,ns1,/media/batool/MULTIMODAL_DATA/Multimodal_Data/Cat1/opposite/bag_files/Cat1_10mph_lr_opposite_2/lidar_pcd/ns1/velodyne_points/1624824220.483917000.pcd
Cat1,10mph,lr,opposite,2,1624824220.584765000,ns1,/media/batool/MULTIMODAL_DATA/Multimodal_Data/Cat1/opposite/bag_files/Cat1_10mph_lr_opposite_2/lidar_pcd/ns1/velodyne_points/1624824220.584765000.pcd
Cat1,10mph,lr,opposite,2,1624824220.685616000,ns1,/media/batool/MULTIMODAL_DATA/Multimodal_Data/Cat1/opposite/bag_files/Cat1_10mph_lr_opposite_2/lidar_pcd/ns1/velodyne_points/1624824220.685616000.pcd
Cat1,10mph,lr,opposite,2,1624824220.786448000,ns1,/media/batool/MULTIMODAL_DATA/Multimodal_Data/Cat1/opposite/bag_files/Cat1_10mph_lr_opposite_2/lidar_pcd/ns1/velodyne_points/1624824220.786448000.pcd
Cat1,10mph,lr,opposite,2,1624824220.887353000,ns1,/media/batool/MULTIMODAL_DATA/Multimodal_Data/Cat1/opposite/bag_files/Cat1_10mph_lr_opposite_2/lidar_pcd/ns1/velodyne_points/1624824220.887353000.pcd
Cat1,10mph,lr,opposite,2,1624824220.988277000,ns1,/media/batool/MULTIMODAL_DATA/Multimodal_Data/Cat1/opposite/bag_files/Cat1_10mph_lr_opposite_2/lidar_pcd/ns1/velodyne_points/1624824220.988277000.pcd
Cat1,10mph,lr,opposite,2,1624824221.089050000,ns1,/media/batool/MULTIMODAL_DATA/Multimodal_Data/Cat1/opposite/bag_files/Cat1_10mph_lr_opposite_2/lidar_pcd/ns1/velodyne_points/1624824221.089050000.pcd
Cat1,10mph,lr,opposite,2,1624824221.189922000,ns1,/media/batool/MULTIMODAL_DATA/Multimodal_Data/Cat1/opposite/bag_files/Cat1_10mph_lr_opposite_2/lidar_pcd/ns1/velodyne_points/1624824221.189922000.pcd
Cat1,10mph,lr,opposite,2,1624824221.290766000,ns1,/media/batool/MULTIMODAL_DATA/Multimodal_Data/Cat1/opposite/bag_files/Cat1_10mph_lr_opposite_2/lidar_pcd/ns1/velodyne_points/1624824221.290766000.pcd
Cat1,10mph,lr,opposite,2,1624824221.391607000,ns1,/media/batool/MULTIMODAL_DATA/Multimodal_Data/Cat1/opposite/bag_files/Cat1_10mph_lr_opposite_2/lidar_pcd/ns1/velodyne_points/1624824221.391607000.pcd
Cat1,10mph,lr,opposite,2,1624824221.492507000,ns1,/media/batool/MULTIMODAL_DATA/Multimodal_Data/Cat1/opposite/bag_files/Cat1_10mph_lr_opposite_2/lidar_pcd/ns1/velodyne_points/1624824221.492507000.pcd
Cat1,10mph,lr,opposite,2,1624824221.694216000,ns1,/media/batool/MULTIMODAL_DATA/Multimodal_Data/Cat1/opposite/bag_files/Cat1_10mph_lr_opposite_2/lidar_pcd/ns1/velodyne_points/1624824221.694216000.pcd
Cat1,10mph,lr,opposite,2,1624824221.795061000,ns1,/media/batool/MULTIMODAL_DATA/Multimodal_Data/Cat1/opposite/bag_files/Cat1_10mph_lr_opposite_2/lidar_pcd/ns1/velodyne_points/1624824221.795061000.pcd
Cat1,10mph,lr,opposite,2,1624824221.895912000,ns1,/media/batool/MULTIMODAL_DATA/Multimodal_Data/Cat1/opposite/bag_files/Cat1_10mph_lr_opposite_2/lidar_pcd/ns1/velodyne_points/1624824221.895912000.pcd
Cat1,10mph,lr,opposite,2,1624824221.996737000,ns1,/media/batool/MULTIMODAL_DATA/Multimodal_Data/Cat1/opposite/bag_files/Cat1_10mph_lr_opposite_2/lidar_pcd/ns1/velodyne_points/1624824221.996737000.pcd
Cat1,10mph,lr,opposite,2,1624824222.097611000,ns1,/media/batool/MULTIMODAL_DATA/Multimodal_Data/Cat1/opposite/bag_files/Cat1_10mph_lr_opposite_2/lidar_pcd/ns1/velodyne_points/1624824222.097611000.pcd
Cat1,10mph,lr,opposite,2,1624824222.198533000,ns1,/media/batool/MULTIMODAL_DATA/Multimodal_Data/Cat1/opposite/bag_files/Cat1_10mph_lr_opposite_2/lidar_pcd/ns1/velodyne_points/1624824222.198533000.pcd
Cat1,10mph,lr,opposite,2,1624824222.299360000,ns1,/media/batool/MULTIMODAL_DATA/Multimodal_Data/Cat1/opposite/bag_files/Cat1_10mph_lr_opposite_2/lidar_pcd/ns1/velodyne_points/1624824222.299360000.pcd
Cat1,10mph,lr,opposite,2,1624824222.400218000,ns1,/media/batool/MULTIMODAL_DATA/Multimodal_Data/Cat1/opposite/bag_files/Cat1_10mph_lr_opposite_2/lidar_pcd/ns1/velodyne_points/1624824222.400218000.pcd
Cat1,10mph,lr,opposite,2,1624824222.501060000,ns1,/media/batool/MULTIMODAL_DATA/Multimodal_Data/Cat1/opposite/bag_files/Cat1_10mph_lr_opposite_2/lidar_pcd/ns1/velodyne_points/1624824222.501060000.pcd
Cat1,10mph,lr,opposite,2,1624824222.601912000,ns1,/media/batool/MULTIMODAL_DATA/Multimodal_Data/Cat1/opposite/bag_files/Cat1_10mph_lr_opposite_2/lidar_pcd/ns1/velodyne_points/1624824222.601912000.pcd
Cat1,10mph,lr,opposite,2,1624824222.702773000,ns1,/media/batool/MULTIMODAL_DATA/Multimodal_Data/Cat1/opposite/bag_files/Cat1_10mph_lr_opposite_2/lidar_pcd/ns1/velodyne_points/1624824222.702773000.pcd
Cat1,10mph,lr,opposite,2,1624824222.803635000,ns1,/media/batool/MULTIMODAL_DATA/Multimodal_Data/Cat1/opposite/bag_files/Cat1_10mph_lr_opposite_2/lidar_pcd/ns1/velodyne_points/1624824222.803635000.pcd
Cat1,10mph,lr,opposite,2,1624824222.904470000,ns1,/media/batool/MULTIMODAL_DATA/Multimodal_Data/Cat1/opposite/bag_files/Cat1_10mph_lr_opposite_2/lidar_pcd/ns1/velodyne_points/1624824222.904470000.pcd
Cat1,10mph,lr,opposite,2,1624824223.005383000,ns1,/media/batool/MULTIMODAL_DATA/Multimodal_Data/Cat1/opposite/bag_files/Cat1_10mph_lr_opposite_2/lidar_pcd/ns1/velodyne_points/1624824223.005383000.pcd
Cat1,10mph,lr,opposite,2,1624824223.207083000,ns1,/media/batool/MULTIMODAL_DATA/Multimodal_Data/Cat1/opposite/bag_files/Cat1_10mph_lr_opposite_2/lidar_pcd/ns1/velodyne_points/1624824223.207083000.pcd
Cat1,10mph,lr,opposite,2,1624824223.307913000,ns1,/media/batool/MULTIMODAL_DATA/Multimodal_Data/Cat1/opposite/bag_files/Cat1_10mph_lr_opposite_2/lidar_pcd/ns1/velodyne_points/1624824223.307913000.pcd
Cat1,10mph,lr,opposite,2,1624824223.408808000,ns1,/media/batool/MULTIMODAL_DATA/Multimodal_Data/Cat1/opposite/bag_files/Cat1_10mph_lr_opposite_2/lidar_pcd/ns1/velodyne_points/1624824223.408808000.pcd
Cat1,10mph,lr,opposite,2,1624824223.509642000,ns1,/media/batool/MULTIMODAL_DATA/Multimodal_Data/Cat1/opposite/bag_files/Cat1_10mph_lr_opposite_2/lidar_pcd/ns1/velodyne_points/1624824223.509642000.pcd
Cat1,10mph,lr,opposite,2,1624824223.610444000,ns1,/media/batool/MULTIMODAL_DATA/Multimodal_Data/Cat1/opposite/bag_files/Cat1_10mph_lr_opposite_2/lidar_pcd/ns1/velodyne_points/1624824223.610444000.pcd
Cat1,10mph,lr,opposite,2,1624824223.711356000,ns1,/media/batool/MULTIMODAL_DATA/Multimodal_Data/Cat1/opposite/bag_files/Cat1_10mph_lr_opposite_2/lidar_pcd/ns1/velodyne_points/1624824223.711356000.pcd
Cat1,10mph,lr,opposite,2,1624824223.812170000,ns1,/media/batool/MULTIMODAL_DATA/Multimodal_Data/Cat1/opposite/bag_files/Cat1_10mph_lr_opposite_2/lidar_pcd/ns1/velodyne_points/1624824223.812170000.pcd
Cat1,10mph,lr,opposite,2,1624824223.913069000,ns1,/media/batool/MULTIMODAL_DATA/Multimodal_Data/Cat1/opposite/bag_files/Cat1_10mph_lr_opposite_2/lidar_pcd/ns1/velodyne_points/1624824223.913069000.pcd
Cat1,10mph,lr,opposite,2,1624824224.013939000,ns1,/media/batool/MULTIMODAL_DATA/Multimodal_Data/Cat1/opposite/bag_files/Cat1_10mph_lr_opposite_2/lidar_pcd/ns1/velodyne_points/1624824224.013939000.pcd
Cat1,10mph,lr,opposite,2,1624824224.114760000,ns1,/media/batool/MULTIMODAL_DATA/Multimodal_Data/Cat1/opposite/bag_files/Cat1_10mph_lr_opposite_2/lidar_pcd/ns1/velodyne_points/1624824224.114760000.pcd
Cat1,10mph,lr,opposite,2,1624824224.215614000,ns1,/media/batool/MULTIMODAL_DATA/Multimodal_Data/Cat1/opposite/bag_files/Cat1_10mph_lr_opposite_2/lidar_pcd/ns1/velodyne_points/1624824224.215614000.pcd
Cat1,10mph,lr,opposite,2,1624824224.316493000,ns1,/media/batool/MULTIMODAL_DATA/Multimodal_Data/Cat1/opposite/bag_files/Cat1_10mph_lr_opposite_2/lidar_pcd/ns1/velodyne_points/1624824224.316493000.pcd
Cat1,10mph,lr,opposite,2,1624824224.417334000,ns1,/media/batool/MULTIMODAL_DATA/Multimodal_Data/Cat1/opposite/bag_files/Cat1_10mph_lr_opposite_2/lidar_pcd/ns1/velodyne_points/1624824224.417334000.pcd
Cat1,10mph,lr,opposite,2,1624824224.518178000,ns1,/media/batool/MULTIMODAL_DATA/Multimodal_Data/Cat1/opposite/bag_files/Cat1_10mph_lr_opposite_2/lidar_pcd/ns1/velodyne_points/1624824224.518178000.pcd
Cat1,10mph,lr,opposite,2,1624824220.080476000,ns1,/media/batool/MULTIMODAL_DATA/Multimodal_Data/Cat1/opposite/bag_files/Cat1_10mph_lr_opposite_2/lidar_pcd/ns1/velodyne_points/1624824220.080476000.pcd
Cat1,10mph,lr,opposite,2,1624824221.593337000,ns1,/media/batool/MULTIMODAL_DATA/Multimodal_Data/Cat1/opposite/bag_files/Cat1_10mph_lr_opposite_2/lidar_pcd/ns1/velodyne_points/1624824221.593337000.pcd
Cat1,10mph,lr,opposite,2,1624824223.106196000,ns1,/media/batool/MULTIMODAL_DATA/Multimodal_Data/Cat1/opposite/bag_files/Cat1_10mph_lr_opposite_2/lidar_pcd/ns1/velodyne_points/1624824223.106196000.pcd
Cat1,10mph,lr,opposite,2,1624824224.619064000,ns1,/media/batool/MULTIMODAL_DATA/Multimodal_Data/Cat1/opposite/bag_files/Cat1_10mph_lr_opposite_2/lidar_pcd/ns1/velodyne_points/1624824224.619064000.pcd
Cat1,10mph,lr,opposite,2,1624824226.131902000,ns1,/media/batool/MULTIMODAL_DATA/Multimodal_Data/Cat1/opposite/bag_files/Cat1_10mph_lr_opposite_2/lidar_pcd/ns1/velodyne_points/1624824226.131902000.pcd
Cat1,10mph,lr,opposite,2,1624824227.644769000,ns1,/media/batool/MULTIMODAL_DATA/Multimodal_Data/Cat1/opposite/bag_files/Cat1_10mph_lr_opposite_2/lidar_pcd/ns1/velodyne_points/1624824227.644769000.pcd
Cat1,10mph,lr,opposite,2,1624824229.157602000,ns1,/media/batool/MULTIMODAL_DATA/Multimodal_Data/Cat1/opposite/bag_files/Cat1_10mph_lr_opposite_2/lidar_pcd/ns1/velodyne_points/1624824229.157602000.pcd
Cat1,10mph,lr,opposite,2,1624824230.670454000,ns1,/media/batool/MULTIMODAL_DATA/Multimodal_Data/Cat1/opposite/bag_files/Cat1_10mph_lr_opposite_2/lidar_pcd/ns1/velodyne_points/1624824230.670454000.pcd
Cat1,10mph,lr,opposite,2,1624824232.183334000,ns1,/media/batool/MULTIMODAL_DATA/Multimodal_Data/Cat1/opposite/bag_files/Cat1_10mph_lr_opposite_2/lidar_pcd/ns1/velodyne_points/1624824232.183334000.pcd
Cat1,10mph,lr,opposite,2,1624824233.696160000,ns1,/media/batool/MULTIMODAL_DATA/Multimodal_Data/Cat1/opposite/bag_files/Cat1_10mph_lr_opposite_2/lidar_pcd/ns1/velodyne_points/1624824233.696160000.pcd
Cat1,10mph,lr,opposite,2,1624824235.209011000,ns1,/media/batool/MULTIMODAL_DATA/Multimodal_Data/Cat1/opposite/bag_files/Cat1_10mph_lr_opposite_2/lidar_pcd/ns1/velodyne_points/1624824235.209011000.pcd
Cat1,10mph,lr,opposite,2,1624824236.721881000,ns1,/media/batool/MULTIMODAL_DATA/Multimodal_Data/Cat1/opposite/bag_files/Cat1_10mph_lr_opposite_2/lidar_pcd/ns1/velodyne_points/1624824236.721881000.pcd
Cat1,10mph,lr,opposite,2,1624824238.234680000,ns1,/media/batool/MULTIMODAL_DATA/Multimodal_Data/Cat1/opposite/bag_files/Cat1_10mph_lr_opposite_2/lidar_pcd/ns1/velodyne_points/1624824238.234680000.pcd
Cat1,10mph,lr,opposite,2,1624824239.747561000,ns1,/media/batool/MULTIMODAL_DATA/Multimodal_Data/Cat1/opposite/bag_files/Cat1_10mph_lr_opposite_2/lidar_pcd/ns1/velodyne_points/1624824239.747561000.pcd
Cat1,10mph,lr,opposite,2,1624824241.260433000,ns1,/media/batool/MULTIMODAL_DATA/Multimodal_Data/Cat1/opposite/bag_files/Cat1_10mph_lr_opposite_2/lidar_pcd/ns1/velodyne_points/1624824241.260433000.pcd
Cat1,10mph,lr,opposite,2,1624824242.773326000,ns1,/media/batool/MULTIMODAL_DATA/Multimodal_Data/Cat1/opposite/bag_files/Cat1_10mph_lr_opposite_2/lidar_pcd/ns1/velodyne_points/1624824242.773326000.pcd
Cat1,10mph,lr,opposite,2,1624824244.286130000,ns1,/media/batool/MULTIMODAL_DATA/Multimodal_Data/Cat1/opposite/bag_files/Cat1_10mph_lr_opposite_2/lidar_pcd/ns1/velodyne_points/1624824244.286130000.pcd
Cat1,10mph,lr,opposite,2,1624824224.719888000,ns1,/media/batool/MULTIMODAL_DATA/Multimodal_Data/Cat1/opposite/bag_files/Cat1_10mph_lr_opposite_2/lidar_pcd/ns1/velodyne_points/1624824224.719888000.pcd
Cat1,10mph,lr,opposite,2,1624824224.820777000,ns1,/media/batool/MULTIMODAL_DATA/Multimodal_Data/Cat1/opposite/bag_files/Cat1_10mph_lr_opposite_2/lidar_pcd/ns1/velodyne_points/1624824224.820777000.pcd
Cat1,10mph,lr,opposite,2,1624824224.921623000,ns1,/media/batool/MULTIMODAL_DATA/Multimodal_Data/Cat1/opposite/bag_files/Cat1_10mph_lr_opposite_2/lidar_pcd/ns1/velodyne_points/1624824224.921623000.pcd
Cat1,10mph,lr,opposite,2,1624824225.022521000,ns1,/media/batool/MULTIMODAL_DATA/Multimodal_Data/Cat1/opposite/bag_files/Cat1_10mph_lr_opposite_2/lidar_pcd/ns1/velodyne_points/1624824225.022521000.pcd
Cat1,10mph,lr,opposite,2,1624824225.123317000,ns1,/media/batool/MULTIMODAL_DATA/Multimodal_Data/Cat1/opposite/bag_files/Cat1_10mph_lr_opposite_2/lidar_pcd/ns1/velodyne_points/1624824225.123317000.pcd
Cat1,10mph,lr,opposite,2,1624824225.224152000,ns1,/media/batool/MULTIMODAL_DATA/Multimodal_Data/Cat1/opposite/bag_files/Cat1_10mph_lr_opposite_2/lidar_pcd/ns1/velodyne_points/1624824225.224152000.pcd
Cat1,10mph,lr,opposite,2,1624824225.325085000,ns1,/media/batool/MULTIMODAL_DATA/Multimodal_Data/Cat1/opposite/bag_files/Cat1_10mph_lr_opposite_2/lidar_pcd/ns1/velodyne_points/1624824225.325085000.pcd
Cat1,10mph,lr,opposite,2,1624824225.425870000,ns1,/media/batool/MULTIMODAL_DATA/Multimodal_Data/Cat1/opposite/bag_files/Cat1_10mph_lr_opposite_2/lidar_pcd/ns1/velodyne_points/1624824225.425870000.pcd
Cat1,10mph,lr,opposite,2,1624824225.526742000,ns1,/media/batool/MULTIMODAL_DATA/Multimodal_Data/Cat1/opposite/bag_files/Cat1_10mph_lr_opposite_2/lidar_pcd/ns1/velodyne_points/1624824225.526742000.pcd
Cat1,10mph,lr,opposite,2,1624824225.627594000,ns1,/media/batool/MULTIMODAL_DATA/Multimodal_Data/Cat1/opposite/bag_files/Cat1_10mph_lr_opposite_2/lidar_pcd/ns1/velodyne_points/1624824225.627594000.pcd
Cat1,10mph,lr,opposite,2,1624824225.728471000,ns1,/media/batool/MULTIMODAL_DATA/Multimodal_Data/Cat1/opposite/bag_files/Cat1_10mph_lr_opposite_2/lidar_pcd/ns1/velodyne_points/1624824225.728471000.pcd
Cat1,10mph,lr,opposite,2,1624824225.829380000,ns1,/media/batool/MULTIMODAL_DATA/Multimodal_Data/Cat1/opposite/bag_files/Cat1_10mph_lr_opposite_2/lidar_pcd/ns1/velodyne_points/1624824225.829380000.pcd
Cat1,10mph,lr,opposite,2,1624824225.930189000,ns1,/media/batool/MULTIMODAL_DATA/Multimodal_Data/Cat1/opposite/bag_files/Cat1_10mph_lr_opposite_2/lidar_pcd/ns1/velodyne_points/1624824225.930189000.pcd
Cat1,10mph,lr,opposite,2,1624824226.031050000,ns1,/media/batool/MULTIMODAL_DATA/Multimodal_Data/Cat1/opposite/bag_files/Cat1_10mph_lr_opposite_2/lidar_pcd/ns1/velodyne_points/1624824226.031050000.pcd
Cat1,10mph,lr,opposite,2,1624824226.232798000,ns1,/media/batool/MULTIMODAL_DATA/Multimodal_Data/Cat1/opposite/bag_files/Cat1_10mph_lr_opposite_2/lidar_pcd/ns1/velodyne_points/1624824226.232798000.pcd
Cat1,10mph,lr,opposite,2,1624824226.333625000,ns1,/media/batool/MULTIMODAL_DATA/Multimodal_Data/Cat1/opposite/bag_files/Cat1_10mph_lr_opposite_2/lidar_pcd/ns1/velodyne_points/1624824226.333625000.pcd
Cat1,10mph,lr,opposite,2,1624824226.434475000,ns1,/media/batool/MULTIMODAL_DATA/Multimodal_Data/Cat1/opposite/bag_files/Cat1_10mph_lr_opposite_2/lidar_pcd/ns1/velodyne_points/1624824226.434475000.pcd
Cat1,10mph,lr,opposite,2,1624824226.535346000,ns1,/media/batool/MULTIMODAL_DATA/Multimodal_Data/Cat1/opposite/bag_files/Cat1_10mph_lr_opposite_2/lidar_pcd/ns1/velodyne_points/1624824226.535346000.pcd
Cat1,10mph,lr,opposite,2,1624824226.636184000,ns1,/media/batool/MULTIMODAL_DATA/Multimodal_Data/Cat1/opposite/bag_files/Cat1_10mph_lr_opposite_2/lidar_pcd/ns1/velodyne_points/1624824226.636184000.pcd
Cat1,10mph,lr,opposite,2,1624824226.737019000,ns1,/media/batool/MULTIMODAL_DATA/Multimodal_Data/Cat1/opposite/bag_files/Cat1_10mph_lr_opposite_2/lidar_pcd/ns1/velodyne_points/1624824226.737019000.pcd
Cat1,10mph,lr,opposite,2,1624824226.837915000,ns1,/media/batool/MULTIMODAL_DATA/Multimodal_Data/Cat1/opposite/bag_files/Cat1_10mph_lr_opposite_2/lidar_pcd/ns1/velodyne_points/1624824226.837915000.pcd
Cat1,10mph,lr,opposite,2,1624824226.938772000,ns1,/media/batool/MULTIMODAL_DATA/Multimodal_Data/Cat1/opposite/bag_files/Cat1_10mph_lr_opposite_2/lidar_pcd/ns1/velodyne_points/1624824226.938772000.pcd
Cat1,10mph,lr,opposite,2,1624824227.039659000,ns1,/media/batool/MULTIMODAL_DATA/Multimodal_Data/Cat1/opposite/bag_files/Cat1_10mph_lr_opposite_2/lidar_pcd/ns1/velodyne_points/1624824227.039659000.pcd
Cat1,10mph,lr,opposite,2,1624824227.140478000,ns1,/media/batool/MULTIMODAL_DATA/Multimodal_Data/Cat1/opposite/bag_files/Cat1_10mph_lr_opposite_2/lidar_pcd/ns1/velodyne_points/1624824227.140478000.pcd
Cat1,10mph,lr,opposite,2,1624824227.241326000,ns1,/media/batool/MULTIMODAL_DATA/Multimodal_Data/Cat1/opposite/bag_files/Cat1_10mph_lr_opposite_2/lidar_pcd/ns1/velodyne_points/1624824227.241326000.pcd
Cat1,10mph,lr,opposite,2,1624824227.342199000,ns1,/media/batool/MULTIMODAL_DATA/Multimodal_Data/Cat1/opposite/bag_files/Cat1_10mph_lr_opposite_2/lidar_pcd/ns1/velodyne_points/1624824227.342199000.pcd
Cat1,10mph,lr,opposite,2,1624824227.443061000,ns1,/media/batool/MULTIMODAL_DATA/Multimodal_Data/Cat1/opposite/bag_files/Cat1_10mph_lr_opposite_2/lidar_pcd/ns1/velodyne_points/1624824227.443061000.pcd
Cat1,10mph,lr,opposite,2,1624824227.543899000,ns1,/media/batool/MULTIMODAL_DATA/Multimodal_Data/Cat1/opposite/bag_files/Cat1_10mph_lr_opposite_2/lidar_pcd/ns1/velodyne_points/1624824227.543899000.pcd
Cat1,10mph,lr,opposite,2,1624824227.745627000,ns1,/media/batool/MULTIMODAL_DATA/Multimodal_Data/Cat1/opposite/bag_files/Cat1_10mph_lr_opposite_2/lidar_pcd/ns1/velodyne_points/1624824227.745627000.pcd
Cat1,10mph,lr,opposite,2,1624824227.846495000,ns1,/media/batool/MULTIMODAL_DATA/Multimodal_Data/Cat1/opposite/bag_files/Cat1_10mph_lr_opposite_2/lidar_pcd/ns1/velodyne_points/1624824227.846495000.pcd
Cat1,10mph,lr,opposite,2,1624824227.947355000,ns1,/media/batool/MULTIMODAL_DATA/Multimodal_Data/Cat1/opposite/bag_files/Cat1_10mph_lr_opposite_2/lidar_pcd/ns1/velodyne_points/1624824227.947355000.pcd
Cat1,10mph,lr,opposite,2,1624824228.048195000,ns1,/media/batool/MULTIMODAL_DATA/Multimodal_Data/Cat1/opposite/bag_files/Cat1_10mph_lr_opposite_2/lidar_pcd/ns1/velodyne_points/1624824228.048195000.pcd
Cat1,10mph,lr,opposite,2,1624824228.149047000,ns1,/media/batool/MULTIMODAL_DATA/Multimodal_Data/Cat1/opposite/bag_files/Cat1_10mph_lr_opposite_2/lidar_pcd/ns1/velodyne_points/1624824228.149047000.pcd
Cat1,10mph,lr,opposite,2,1624824228.249868000,ns1,/media/batool/MULTIMODAL_DATA/Multimodal_Data/Cat1/opposite/bag_files/Cat1_10mph_lr_opposite_2/lidar_pcd/ns1/velodyne_points/1624824228.249868000.pcd
Cat1,10mph,lr,opposite,2,1624824228.350770000,ns1,/media/batool/MULTIMODAL_DATA/Multimodal_Data/Cat1/opposite/bag_files/Cat1_10mph_lr_opposite_2/lidar_pcd/ns1/velodyne_points/1624824228.350770000.pcd
Cat1,10mph,lr,opposite,2,1624824228.451613000,ns1,/media/batool/MULTIMODAL_DATA/Multimodal_Data/Cat1/opposite/bag_files/Cat1_10mph_lr_opposite_2/lidar_pcd/ns1/velodyne_points/1624824228.451613000.pcd
Cat1,10mph,lr,opposite,2,1624824228.552480000,ns1,/media/batool/MULTIMODAL_DATA/Multimodal_Data/Cat1/opposite/bag_files/Cat1_10mph_lr_opposite_2/lidar_pcd/ns1/velodyne_points/1624824228.552480000.pcd
Cat1,10mph,lr,opposite,2,1624824228.653367000,ns1,/media/batool/MULTIMODAL_DATA/Multimodal_Data/Cat1/opposite/bag_files/Cat1_10mph_lr_opposite_2/lidar_pcd/ns1/velodyne_points/1624824228.653367000.pcd
Cat1,10mph,lr,opposite,2,1624824228.754192000,ns1,/media/batool/MULTIMODAL_DATA/Multimodal_Data/Cat1/opposite/bag_files/Cat1_10mph_lr_opposite_2/lidar_pcd/ns1/velodyne_points/1624824228.754192000.pcd
Cat1,10mph,lr,opposite,2,1624824228.855002000,ns1,/media/batool/MULTIMODAL_DATA/Multimodal_Data/Cat1/opposite/bag_files/Cat1_10mph_lr_opposite_2/lidar_pcd/ns1/velodyne_points/1624824228.855002000.pcd
Cat1,10mph,lr,opposite,2,1624824228.955882000,ns1,/media/batool/MULTIMODAL_DATA/Multimodal_Data/Cat1/opposite/bag_files/Cat1_10mph_lr_opposite_2/lidar_pcd/ns1/velodyne_points/1624824228.955882000.pcd
Cat1,10mph,lr,opposite,2,1624824229.056731000,ns1,/media/batool/MULTIMODAL_DATA/Multimodal_Data/Cat1/opposite/bag_files/Cat1_10mph_lr_opposite_2/lidar_pcd/ns1/velodyne_points/1624824229.056731000.pcd
Cat1,10mph,lr,opposite,2,1624824229.258439000,ns1,/media/batool/MULTIMODAL_DATA/Multimodal_Data/Cat1/opposite/bag_files/Cat1_10mph_lr_opposite_2/lidar_pcd/ns1/velodyne_points/1624824229.258439000.pcd
Cat1,10mph,lr,opposite,2,1624824229.359318000,ns1,/media/batool/MULTIMODAL_DATA/Multimodal_Data/Cat1/opposite/bag_files/Cat1_10mph_lr_opposite_2/lidar_pcd/ns1/velodyne_points/1624824229.359318000.pcd
Cat1,10mph,lr,opposite,2,1624824229.460189000,ns1,/media/batool/MULTIMODAL_DATA/Multimodal_Data/Cat1/opposite/bag_files/Cat1_10mph_lr_opposite_2/lidar_pcd/ns1/velodyne_points/1624824229.460189000.pcd
Cat1,10mph,lr,opposite,2,1624824229.561031000,ns1,/media/batool/MULTIMODAL_DATA/Multimodal_Data/Cat1/opposite/bag_files/Cat1_10mph_lr_opposite_2/lidar_pcd/ns1/velodyne_points/1624824229.561031000.pcd
Cat1,10mph,lr,opposite,2,1624824229.661907000,ns1,/media/batool/MULTIMODAL_DATA/Multimodal_Data/Cat1/opposite/bag_files/Cat1_10mph_lr_opposite_2/lidar_pcd/ns1/velodyne_points/1624824229.661907000.pcd
Cat1,10mph,lr,opposite,2,1624824229.762764000,ns1,/media/batool/MULTIMODAL_DATA/Multimodal_Data/Cat1/opposite/bag_files/Cat1_10mph_lr_opposite_2/lidar_pcd/ns1/velodyne_points/1624824229.762764000.pcd
Cat1,10mph,lr,opposite,2,1624824229.863620000,ns1,/media/batool/MULTIMODAL_DATA/Multimodal_Data/Cat1/opposite/bag_files/Cat1_10mph_lr_opposite_2/lidar_pcd/ns1/velodyne_points/1624824229.863620000.pcd
Cat1,10mph,lr,opposite,2,1624824229.964458000,ns1,/media/batool/MULTIMODAL_DATA/Multimodal_Data/Cat1/opposite/bag_files/Cat1_10mph_lr_opposite_2/lidar_pcd/ns1/velodyne_points/1624824229.964458000.pcd
Cat1,10mph,lr,opposite,2,1624824230.065297000,ns1,/media/batool/MULTIMODAL_DATA/Multimodal_Data/Cat1/opposite/bag_files/Cat1_10mph_lr_opposite_2/lidar_pcd/ns1/velodyne_points/1624824230.065297000.pcd
Cat1,10mph,lr,opposite,2,1624824230.166153000,ns1,/media/batool/MULTIMODAL_DATA/Multimodal_Data/Cat1/opposite/bag_files/Cat1_10mph_lr_opposite_2/lidar_pcd/ns1/velodyne_points/1624824230.166153000.pcd
Cat1,10mph,lr,opposite,2,1624824230.267025000,ns1,/media/batool/MULTIMODAL_DATA/Multimodal_Data/Cat1/opposite/bag_files/Cat1_10mph_lr_opposite_2/lidar_pcd/ns1/velodyne_points/1624824230.267025000.pcd
Cat1,10mph,lr,opposite,2,1624824230.367867000,ns1,/media/batool/MULTIMODAL_DATA/Multimodal_Data/Cat1/opposite/bag_files/Cat1_10mph_lr_opposite_2/lidar_pcd/ns1/velodyne_points/1624824230.367867000.pcd
Cat1,10mph,lr,opposite,2,1624824230.468711000,ns1,/media/batool/MULTIMODAL_DATA/Multimodal_Data/Cat1/opposite/bag_files/Cat1_10mph_lr_opposite_2/lidar_pcd/ns1/velodyne_points/1624824230.468711000.pcd
Cat1,10mph,lr,opposite,2,1624824230.569594000,ns1,/media/batool/MULTIMODAL_DATA/Multimodal_Data/Cat1/opposite/bag_files/Cat1_10mph_lr_opposite_2/lidar_pcd/ns1/velodyne_points/1624824230.569594000.pcd
Cat1,10mph,lr,opposite,2,1624824230.771306000,ns1,/media/batool/MULTIMODAL_DATA/Multimodal_Data/Cat1/opposite/bag_files/Cat1_10mph_lr_opposite_2/lidar_pcd/ns1/velodyne_points/1624824230.771306000.pcd
Cat1,10mph,lr,opposite,2,1624824230.872153000,ns1,/media/batool/MULTIMODAL_DATA/Multimodal_Data/Cat1/opposite/bag_files/Cat1_10mph_lr_opposite_2/lidar_pcd/ns1/velodyne_points/1624824230.872153000.pcd
Cat1,10mph,lr,opposite,2,1624824230.973020000,ns1,/media/batool/MULTIMODAL_DATA/Multimodal_Data/Cat1/opposite/bag_files/Cat1_10mph_lr_opposite_2/lidar_pcd/ns1/velodyne_points/1624824230.973020000.pcd
Cat1,10mph,lr,opposite,2,1624824231.073871000,ns1,/media/batool/MULTIMODAL_DATA/Multimodal_Data/Cat1/opposite/bag_files/Cat1_10mph_lr_opposite_2/lidar_pcd/ns1/velodyne_points/1624824231.073871000.pcd
Cat1,10mph,lr,opposite,2,1624824231.174701000,ns1,/media/batool/MULTIMODAL_DATA/Multimodal_Data/Cat1/opposite/bag_files/Cat1_10mph_lr_opposite_2/lidar_pcd/ns1/velodyne_points/1624824231.174701000.pcd
Cat1,10mph,lr,opposite,2,1624824231.275615000,ns1,/media/batool/MULTIMODAL_DATA/Multimodal_Data/Cat1/opposite/bag_files/Cat1_10mph_lr_opposite_2/lidar_pcd/ns1/velodyne_points/1624824231.275615000.pcd
Cat1,10mph,lr,opposite,2,1624824231.376469000,ns1,/media/batool/MULTIMODAL_DATA/Multimodal_Data/Cat1/opposite/bag_files/Cat1_10mph_lr_opposite_2/lidar_pcd/ns1/velodyne_points/1624824231.376469000.pcd
Cat1,10mph,lr,opposite,2,1624824231.477301000,ns1,/media/batool/MULTIMODAL_DATA/Multimodal_Data/Cat1/opposite/bag_files/Cat1_10mph_lr_opposite_2/lidar_pcd/ns1/velodyne_points/1624824231.477301000.pcd
Cat1,10mph,lr,opposite,2,1624824231.578174000,ns1,/media/batool/MULTIMODAL_DATA/Multimodal_Data/Cat1/opposite/bag_files/Cat1_10mph_lr_opposite_2/lidar_pcd/ns1/velodyne_points/1624824231.578174000.pcd
Cat1,10mph,lr,opposite,2,1624824231.679003000,ns1,/media/batool/MULTIMODAL_DATA/Multimodal_Data/Cat1/opposite/bag_files/Cat1_10mph_lr_opposite_2/lidar_pcd/ns1/velodyne_points/1624824231.679003000.pcd
Cat1,10mph,lr,opposite,2,1624824231.779858000,ns1,/media/batool/MULTIMODAL_DATA/Multimodal_Data/Cat1/opposite/bag_files/Cat1_10mph_lr_opposite_2/lidar_pcd/ns1/velodyne_points/1624824231.779858000.pcd
Cat1,10mph,lr,opposite,2,1624824231.880767000,ns1,/media/batool/MULTIMODAL_DATA/Multimodal_Data/Cat1/opposite/bag_files/Cat1_10mph_lr_opposite_2/lidar_pcd/ns1/velodyne_points/1624824231.880767000.pcd
Cat1,10mph,lr,opposite,2,1624824231.981613000,ns1,/media/batool/MULTIMODAL_DATA/Multimodal_Data/Cat1/opposite/bag_files/Cat1_10mph_lr_opposite_2/lidar_pcd/ns1/velodyne_points/1624824231.981613000.pcd
Cat1,10mph,lr,opposite,2,1624824232.082472000,ns1,/media/batool/MULTIMODAL_DATA/Multimodal_Data/Cat1/opposite/bag_files/Cat1_10mph_lr_opposite_2/lidar_pcd/ns1/velodyne_points/1624824232.082472000.pcd
Cat1,10mph,lr,opposite,2,1624824232.284163000,ns1,/media/batool/MULTIMODAL_DATA/Multimodal_Data/Cat1/opposite/bag_files/Cat1_10mph_lr_opposite_2/lidar_pcd/ns1/velodyne_points/1624824232.284163000.pcd
Cat1,10mph,lr,opposite,2,1624824232.385039000,ns1,/media/batool/MULTIMODAL_DATA/Multimodal_Data/Cat1/opposite/bag_files/Cat1_10mph_lr_opposite_2/lidar_pcd/ns1/velodyne_points/1624824232.385039000.pcd
Cat1,10mph,lr,opposite,2,1624824232.485876000,ns1,/media/batool/MULTIMODAL_DATA/Multimodal_Data/Cat1/opposite/bag_files/Cat1_10mph_lr_opposite_2/lidar_pcd/ns1/velodyne_points/1624824232.485876000.pcd
Cat1,10mph,lr,opposite,2,1624824232.586735000,ns1,/media/batool/MULTIMODAL_DATA/Multimodal_Data/Cat1/opposite/bag_files/Cat1_10mph_lr_opposite_2/lidar_pcd/ns1/velodyne_points/1624824232.586735000.pcd
Cat1,10mph,lr,opposite,2,1624824232.687571000,ns1,/media/batool/MULTIMODAL_DATA/Multimodal_Data/Cat1/opposite/bag_files/Cat1_10mph_lr_opposite_2/lidar_pcd/ns1/velodyne_points/1624824232.687571000.pcd
Cat1,10mph,lr,opposite,2,1624824232.788422000,ns1,/media/batool/MULTIMODAL_DATA/Multimodal_Data/Cat1/opposite/bag_files/Cat1_10mph_lr_opposite_2/lidar_pcd/ns1/velodyne_points/1624824232.788422000.pcd
Cat1,10mph,lr,opposite,2,1624824232.889263000,ns1,/media/batool/MULTIMODAL_DATA/Multimodal_Data/Cat1/opposite/bag_files/Cat1_10mph_lr_opposite_2/lidar_pcd/ns1/velodyne_points/1624824232.889263000.pcd
Cat1,10mph,lr,opposite,2,1624824232.990159000,ns1,/media/batool/MULTIMODAL_DATA/Multimodal_Data/Cat1/opposite/bag_files/Cat1_10mph_lr_opposite_2/lidar_pcd/ns1/velodyne_points/1624824232.990159000.pcd
Cat1,10mph,lr,opposite,2,1624824233.091022000,ns1,/media/batool/MULTIMODAL_DATA/Multimodal_Data/Cat1/opposite/bag_files/Cat1_10mph_lr_opposite_2/lidar_pcd/ns1/velodyne_points/1624824233.091022000.pcd
Cat1,10mph,lr,opposite,2,1624824233.191877000,ns1,/media/batool/MULTIMODAL_DATA/Multimodal_Data/Cat1/opposite/bag_files/Cat1_10mph_lr_opposite_2/lidar_pcd/ns1/velodyne_points/1624824233.191877000.pcd
Cat1,10mph,lr,opposite,2,1624824233.292734000,ns1,/media/batool/MULTIMODAL_DATA/Multimodal_Data/Cat1/opposite/bag_files/Cat1_10mph_lr_opposite_2/lidar_pcd/ns1/velodyne_points/1624824233.292734000.pcd
Cat1,10mph,lr,opposite,2,1624824233.393566000,ns1,/media/batool/MULTIMODAL_DATA/Multimodal_Data/Cat1/opposite/bag_files/Cat1_10mph_lr_opposite_2/lidar_pcd/ns1/velodyne_points/1624824233.393566000.pcd
Cat1,10mph,lr,opposite,2,1624824233.494465000,ns1,/media/batool/MULTIMODAL_DATA/Multimodal_Data/Cat1/opposite/bag_files/Cat1_10mph_lr_opposite_2/lidar_pcd/ns1/velodyne_points/1624824233.494465000.pcd
Cat1,10mph,lr,opposite,2,1624824233.595289000,ns1,/media/batool/MULTIMODAL_DATA/Multimodal_Data/Cat1/opposite/bag_files/Cat1_10mph_lr_opposite_2/lidar_pcd/ns1/velodyne_points/1624824233.595289000.pcd
Cat1,10mph,lr,opposite,2,1624824233.797005000,ns1,/media/batool/MULTIMODAL_DATA/Multimodal_Data/Cat1/opposite/bag_files/Cat1_10mph_lr_opposite_2/lidar_pcd/ns1/velodyne_points/1624824233.797005000.pcd
Cat1,10mph,lr,opposite,2,1624824233.897940000,ns1,/media/batool/MULTIMODAL_DATA/Multimodal_Data/Cat1/opposite/bag_files/Cat1_10mph_lr_opposite_2/lidar_pcd/ns1/velodyne_points/1624824233.897940000.pcd
Cat1,10mph,lr,opposite,2,1624824233.998745000,ns1,/media/batool/MULTIMODAL_DATA/Multimodal_Data/Cat1/opposite/bag_files/Cat1_10mph_lr_opposite_2/lidar_pcd/ns1/velodyne_points/1624824233.998745000.pcd
Cat1,10mph,lr,opposite,2,1624824234.099567000,ns1,/media/batool/MULTIMODAL_DATA/Multimodal_Data/Cat1/opposite/bag_files/Cat1_10mph_lr_opposite_2/lidar_pcd/ns1/velodyne_points/1624824234.099567000.pcd
Cat1,10mph,lr,opposite,2,1624824234.200403000,ns1,/media/batool/MULTIMODAL_DATA/Multimodal_Data/Cat1/opposite/bag_files/Cat1_10mph_lr_opposite_2/lidar_pcd/ns1/velodyne_points/1624824234.200403000.pcd
Cat1,10mph,lr,opposite,2,1624824234.301257000,ns1,/media/batool/MULTIMODAL_DATA/Multimodal_Data/Cat1/opposite/bag_files/Cat1_10mph_lr_opposite_2/lidar_pcd/ns1/velodyne_points/1624824234.301257000.pcd
Cat1,10mph,lr,opposite,2,1624824234.402154000,ns1,/media/batool/MULTIMODAL_DATA/Multimodal_Data/Cat1/opposite/bag_files/Cat1_10mph_lr_opposite_2/lidar_pcd/ns1/velodyne_points/1624824234.402154000.pcd
Cat1,10mph,lr,opposite,2,1624824234.503000000,ns1,/media/batool/MULTIMODAL_DATA/Multimodal_Data/Cat1/opposite/bag_files/Cat1_10mph_lr_opposite_2/lidar_pcd/ns1/velodyne_points/1624824234.503000000.pcd
Cat1,10mph,lr,opposite,2,1624824234.603866000,ns1,/media/batool/MULTIMODAL_DATA/Multimodal_Data/Cat1/opposite/bag_files/Cat1_10mph_lr_opposite_2/lidar_pcd/ns1/velodyne_points/1624824234.603866000.pcd
Cat1,10mph,lr,opposite,2,1624824234.704790000,ns1,/media/batool/MULTIMODAL_DATA/Multimodal_Data/Cat1/opposite/bag_files/Cat1_10mph_lr_opposite_2/lidar_pcd/ns1/velodyne_points/1624824234.704790000.pcd
Cat1,10mph,lr,opposite,2,1624824234.805590000,ns1,/media/batool/MULTIMODAL_DATA/Multimodal_Data/Cat1/opposite/bag_files/Cat1_10mph_lr_opposite_2/lidar_pcd/ns1/velodyne_points/1624824234.805590000.pcd
Cat1,10mph,lr,opposite,2,1624824234.906446000,ns1,/media/batool/MULTIMODAL_DATA/Multimodal_Data/Cat1/opposite/bag_files/Cat1_10mph_lr_opposite_2/lidar_pcd/ns1/velodyne_points/1624824234.906446000.pcd
Cat1,10mph,lr,opposite,2,1624824235.007319000,ns1,/media/batool/MULTIMODAL_DATA/Multimodal_Data/Cat1/opposite/bag_files/Cat1_10mph_lr_opposite_2/lidar_pcd/ns1/velodyne_points/1624824235.007319000.pcd
Cat1,10mph,lr,opposite,2,1624824235.108159000,ns1,/media/batool/MULTIMODAL_DATA/Multimodal_Data/Cat1/opposite/bag_files/Cat1_10mph_lr_opposite_2/lidar_pcd/ns1/velodyne_points/1624824235.108159000.pcd
Cat1,10mph,lr,opposite,2,1624824235.309890000,ns1,/media/batool/MULTIMODAL_DATA/Multimodal_Data/Cat1/opposite/bag_files/Cat1_10mph_lr_opposite_2/lidar_pcd/ns1/velodyne_points/1624824235.309890000.pcd
Cat1,10mph,lr,opposite,2,1624824235.410743000,ns1,/media/batool/MULTIMODAL_DATA/Multimodal_Data/Cat1/opposite/bag_files/Cat1_10mph_lr_opposite_2/lidar_pcd/ns1/velodyne_points/1624824235.410743000.pcd
Cat1,10mph,lr,opposite,2,1624824235.511582000,ns1,/media/batool/MULTIMODAL_DATA/Multimodal_Data/Cat1/opposite/bag_files/Cat1_10mph_lr_opposite_2/lidar_pcd/ns1/velodyne_points/1624824235.511582000.pcd
Cat1,10mph,lr,opposite,2,1624824235.612455000,ns1,/media/batool/MULTIMODAL_DATA/Multimodal_Data/Cat1/opposite/bag_files/Cat1_10mph_lr_opposite_2/lidar_pcd/ns1/velodyne_points/1624824235.612455000.pcd
Cat1,10mph,lr,opposite,2,1624824235.713289000,ns1,/media/batool/MULTIMODAL_DATA/Multimodal_Data/Cat1/opposite/bag_files/Cat1_10mph_lr_opposite_2/lidar_pcd/ns1/velodyne_points/1624824235.713289000.pcd
Cat1,10mph,lr,opposite,2,1624824235.814155000,ns1,/media/batool/MULTIMODAL_DATA/Multimodal_Data/Cat1/opposite/bag_files/Cat1_10mph_lr_opposite_2/lidar_pcd/ns1/velodyne_points/1624824235.814155000.pcd
Cat1,10mph,lr,opposite,2,1624824235.915026000,ns1,/media/batool/MULTIMODAL_DATA/Multimodal_Data/Cat1/opposite/bag_files/Cat1_10mph_lr_opposite_2/lidar_pcd/ns1/velodyne_points/1624824235.915026000.pcd
Cat1,10mph,lr,opposite,2,1624824236.015901000,ns1,/media/batool/MULTIMODAL_DATA/Multimodal_Data/Cat1/opposite/bag_files/Cat1_10mph_lr_opposite_2/lidar_pcd/ns1/velodyne_points/1624824236.015901000.pcd
Cat1,10mph,lr,opposite,2,1624824236.116702000,ns1,/media/batool/MULTIMODAL_DATA/Multimodal_Data/Cat1/opposite/bag_files/Cat1_10mph_lr_opposite_2/lidar_pcd/ns1/velodyne_points/1624824236.116702000.pcd
Cat1,10mph,lr,opposite,2,1624824236.217549000,ns1,/media/batool/MULTIMODAL_DATA/Multimodal_Data/Cat1/opposite/bag_files/Cat1_10mph_lr_opposite_2/lidar_pcd/ns1/velodyne_points/1624824236.217549000.pcd
Cat1,10mph,lr,opposite,2,1624824236.318415000,ns1,/media/batool/MULTIMODAL_DATA/Multimodal_Data/Cat1/opposite/bag_files/Cat1_10mph_lr_opposite_2/lidar_pcd/ns1/velodyne_points/1624824236.318415000.pcd
Cat1,10mph,lr,opposite,2,1624824236.419309000,ns1,/media/batool/MULTIMODAL_DATA/Multimodal_Data/Cat1/opposite/bag_files/Cat1_10mph_lr_opposite_2/lidar_pcd/ns1/velodyne_points/1624824236.419309000.pcd
Cat1,10mph,lr,opposite,2,1624824236.520156000,ns1,/media/batool/MULTIMODAL_DATA/Multimodal_Data/Cat1/opposite/bag_files/Cat1_10mph_lr_opposite_2/lidar_pcd/ns1/velodyne_points/1624824236.520156000.pcd
Cat1,10mph,lr,opposite,2,1624824236.620973000,ns1,/media/batool/MULTIMODAL_DATA/Multimodal_Data/Cat1/opposite/bag_files/Cat1_10mph_lr_opposite_2/lidar_pcd/ns1/velodyne_points/1624824236.620973000.pcd
Cat1,10mph,lr,opposite,2,1624824236.822738000,ns1,/media/batool/MULTIMODAL_DATA/Multimodal_Data/Cat1/opposite/bag_files/Cat1_10mph_lr_opposite_2/lidar_pcd/ns1/velodyne_points/1624824236.822738000.pcd
Cat1,10mph,lr,opposite,2,1624824236.923595000,ns1,/media/batool/MULTIMODAL_DATA/Multimodal_Data/Cat1/opposite/bag_files/Cat1_10mph_lr_opposite_2/lidar_pcd/ns1/velodyne_points/1624824236.923595000.pcd
Cat1,10mph,lr,opposite,2,1624824237.024445000,ns1,/media/batool/MULTIMODAL_DATA/Multimodal_Data/Cat1/opposite/bag_files/Cat1_10mph_lr_opposite_2/lidar_pcd/ns1/velodyne_points/1624824237.024445000.pcd
Cat1,10mph,lr,opposite,2,1624824237.125287000,ns1,/media/batool/MULTIMODAL_DATA/Multimodal_Data/Cat1/opposite/bag_files/Cat1_10mph_lr_opposite_2/lidar_pcd/ns1/velodyne_points/1624824237.125287000.pcd
Cat1,10mph,lr,opposite,2,1624824237.226151000,ns1,/media/batool/MULTIMODAL_DATA/Multimodal_Data/Cat1/opposite/bag_files/Cat1_10mph_lr_opposite_2/lidar_pcd/ns1/velodyne_points/1624824237.226151000.pcd
Cat1,10mph,lr,opposite,2,1624824237.327007000,ns1,/media/batool/MULTIMODAL_DATA/Multimodal_Data/Cat1/opposite/bag_files/Cat1_10mph_lr_opposite_2/lidar_pcd/ns1/velodyne_points/1624824237.327007000.pcd
Cat1,10mph,lr,opposite,2,1624824237.427845000,ns1,/media/batool/MULTIMODAL_DATA/Multimodal_Data/Cat1/opposite/bag_files/Cat1_10mph_lr_opposite_2/lidar_pcd/ns1/velodyne_points/1624824237.427845000.pcd
Cat1,10mph,lr,opposite,2,1624824237.528785000,ns1,/media/batool/MULTIMODAL_DATA/Multimodal_Data/Cat1/opposite/bag_files/Cat1_10mph_lr_opposite_2/lidar_pcd/ns1/velodyne_points/1624824237.528785000.pcd
Cat1,10mph,lr,opposite,2,1624824237.629590000,ns1,/media/batool/MULTIMODAL_DATA/Multimodal_Data/Cat1/opposite/bag_files/Cat1_10mph_lr_opposite_2/lidar_pcd/ns1/velodyne_points/1624824237.629590000.pcd
Cat1,10mph,lr,opposite,2,1624824237.730442000,ns1,/media/batool/MULTIMODAL_DATA/Multimodal_Data/Cat1/opposite/bag_files/Cat1_10mph_lr_opposite_2/lidar_pcd/ns1/velodyne_points/1624824237.730442000.pcd
Cat1,10mph,lr,opposite,2,1624824237.831293000,ns1,/media/batool/MULTIMODAL_DATA/Multimodal_Data/Cat1/opposite/bag_files/Cat1_10mph_lr_opposite_2/lidar_pcd/ns1/velodyne_points/1624824237.831293000.pcd
Cat1,10mph,lr,opposite,2,1624824237.932186000,ns1,/media/batool/MULTIMODAL_DATA/Multimodal_Data/Cat1/opposite/bag_files/Cat1_10mph_lr_opposite_2/lidar_pcd/ns1/velodyne_points/1624824237.932186000.pcd
Cat1,10mph,lr,opposite,2,1624824238.033018000,ns1,/media/batool/MULTIMODAL_DATA/Multimodal_Data/Cat1/opposite/bag_files/Cat1_10mph_lr_opposite_2/lidar_pcd/ns1/velodyne_points/1624824238.033018000.pcd
Cat1,10mph,lr,opposite,2,1624824238.133834000,ns1,/media/batool/MULTIMODAL_DATA/Multimodal_Data/Cat1/opposite/bag_files/Cat1_10mph_lr_opposite_2/lidar_pcd/ns1/velodyne_points/1624824238.133834000.pcd
Cat1,10mph,lr,opposite,2,1624824238.335588000,ns1,/media/batool/MULTIMODAL_DATA/Multimodal_Data/Cat1/opposite/bag_files/Cat1_10mph_lr_opposite_2/lidar_pcd/ns1/velodyne_points/1624824238.335588000.pcd
Cat1,10mph,lr,opposite,2,1624824238.436430000,ns1,/media/batool/MULTIMODAL_DATA/Multimodal_Data/Cat1/opposite/bag_files/Cat1_10mph_lr_opposite_2/lidar_pcd/ns1/velodyne_points/1624824238.436430000.pcd
Cat1,10mph,lr,opposite,2,1624824238.537287000,ns1,/media/batool/MULTIMODAL_DATA/Multimodal_Data/Cat1/opposite/bag_files/Cat1_10mph_lr_opposite_2/lidar_pcd/ns1/velodyne_points/1624824238.537287000.pcd
Cat1,10mph,lr,opposite,2,1624824238.638160000,ns1,/media/batool/MULTIMODAL_DATA/Multimodal_Data/Cat1/opposite/bag_files/Cat1_10mph_lr_opposite_2/lidar_pcd/ns1/velodyne_points/1624824238.638160000.pcd
Cat1,10mph,lr,opposite,2,1624824238.739003000,ns1,/media/batool/MULTIMODAL_DATA/Multimodal_Data/Cat1/opposite/bag_files/Cat1_10mph_lr_opposite_2/lidar_pcd/ns1/velodyne_points/1624824238.739003000.pcd
Cat1,10mph,lr,opposite,2,1624824238.839871000,ns1,/media/batool/MULTIMODAL_DATA/Multimodal_Data/Cat1/opposite/bag_files/Cat1_10mph_lr_opposite_2/lidar_pcd/ns1/velodyne_points/1624824238.839871000.pcd
Cat1,10mph,lr,opposite,2,1624824238.940726000,ns1,/media/batool/MULTIMODAL_DATA/Multimodal_Data/Cat1/opposite/bag_files/Cat1_10mph_lr_opposite_2/lidar_pcd/ns1/velodyne_points/1624824238.940726000.pcd
Cat1,10mph,lr,opposite,2,1624824239.041558000,ns1,/media/batool/MULTIMODAL_DATA/Multimodal_Data/Cat1/opposite/bag_files/Cat1_10mph_lr_opposite_2/lidar_pcd/ns1/velodyne_points/1624824239.041558000.pcd
Cat1,10mph,lr,opposite,2,1624824239.142427000,ns1,/media/batool/MULTIMODAL_DATA/Multimodal_Data/Cat1/opposite/bag_files/Cat1_10mph_lr_opposite_2/lidar_pcd/ns1/velodyne_points/1624824239.142427000.pcd
Cat1,10mph,lr,opposite,2,1624824239.243302000,ns1,/media/batool/MULTIMODAL_DATA/Multimodal_Data/Cat1/opposite/bag_files/Cat1_10mph_lr_opposite_2/lidar_pcd/ns1/velodyne_points/1624824239.243302000.pcd
Cat1,10mph,lr,opposite,2,1624824239.344158000,ns1,/media/batool/MULTIMODAL_DATA/Multimodal_Data/Cat1/opposite/bag_files/Cat1_10mph_lr_opposite_2/lidar_pcd/ns1/velodyne_points/1624824239.344158000.pcd
Cat1,10mph,lr,opposite,2,1624824239.445017000,ns1,/media/batool/MULTIMODAL_DATA/Multimodal_Data/Cat1/opposite/bag_files/Cat1_10mph_lr_opposite_2/lidar_pcd/ns1/velodyne_points/1624824239.445017000.pcd
Cat1,10mph,lr,opposite,2,1624824239.545815000,ns1,/media/batool/MULTIMODAL_DATA/Multimodal_Data/Cat1/opposite/bag_files/Cat1_10mph_lr_opposite_2/lidar_pcd/ns1/velodyne_points/1624824239.545815000.pcd
Cat1,10mph,lr,opposite,2,1624824239.646737000,ns1,/media/batool/MULTIMODAL_DATA/Multimodal_Data/Cat1/opposite/bag_files/Cat1_10mph_lr_opposite_2/lidar_pcd/ns1/velodyne_points/1624824239.646737000.pcd
Cat1,10mph,lr,opposite,2,1624824239.848426000,ns1,/media/batool/MULTIMODAL_DATA/Multimodal_Data/Cat1/opposite/bag_files/Cat1_10mph_lr_opposite_2/lidar_pcd/ns1/velodyne_points/1624824239.848426000.pcd
Cat1,10mph,lr,opposite,2,1624824239.949308000,ns1,/media/batool/MULTIMODAL_DATA/Multimodal_Data/Cat1/opposite/bag_files/Cat1_10mph_lr_opposite_2/lidar_pcd/ns1/velodyne_points/1624824239.949308000.pcd
Cat1,10mph,lr,opposite,2,1624824240.050123000,ns1,/media/batool/MULTIMODAL_DATA/Multimodal_Data/Cat1/opposite/bag_files/Cat1_10mph_lr_opposite_2/lidar_pcd/ns1/velodyne_points/1624824240.050123000.pcd
Cat1,10mph,lr,opposite,2,1624824240.150952000,ns1,/media/batool/MULTIMODAL_DATA/Multimodal_Data/Cat1/opposite/bag_files/Cat1_10mph_lr_opposite_2/lidar_pcd/ns1/velodyne_points/1624824240.150952000.pcd
Cat1,10mph,lr,opposite,2,1624824240.251839000,ns1,/media/batool/MULTIMODAL_DATA/Multimodal_Data/Cat1/opposite/bag_files/Cat1_10mph_lr_opposite_2/lidar_pcd/ns1/velodyne_points/1624824240.251839000.pcd
Cat1,10mph,lr,opposite,2,1624824240.352699000,ns1,/media/batool/MULTIMODAL_DATA/Multimodal_Data/Cat1/opposite/bag_files/Cat1_10mph_lr_opposite_2/lidar_pcd/ns1/velodyne_points/1624824240.352699000.pcd
Cat1,10mph,lr,opposite,2,1624824240.453568000,ns1,/media/batool/MULTIMODAL_DATA/Multimodal_Data/Cat1/opposite/bag_files/Cat1_10mph_lr_opposite_2/lidar_pcd/ns1/velodyne_points/1624824240.453568000.pcd
Cat1,10mph,lr,opposite,2,1624824240.554397000,ns1,/media/batool/MULTIMODAL_DATA/Multimodal_Data/Cat1/opposite/bag_files/Cat1_10mph_lr_opposite_2/lidar_pcd/ns1/velodyne_points/1624824240.554397000.pcd
Cat1,10mph,lr,opposite,2,1624824240.655256000,ns1,/media/batool/MULTIMODAL_DATA/Multimodal_Data/Cat1/opposite/bag_files/Cat1_10mph_lr_opposite_2/lidar_pcd/ns1/velodyne_points/1624824240.655256000.pcd
Cat1,10mph,lr,opposite,2,1624824240.756156000,ns1,/media/batool/MULTIMODAL_DATA/Multimodal_Data/Cat1/opposite/bag_files/Cat1_10mph_lr_opposite_2/lidar_pcd/ns1/velodyne_points/1624824240.756156000.pcd
Cat1,10mph,lr,opposite,2,1624824240.856971000,ns1,/media/batool/MULTIMODAL_DATA/Multimodal_Data/Cat1/opposite/bag_files/Cat1_10mph_lr_opposite_2/lidar_pcd/ns1/velodyne_points/1624824240.856971000.pcd
Cat1,10mph,lr,opposite,2,1624824240.957853000,ns1,/media/batool/MULTIMODAL_DATA/Multimodal_Data/Cat1/opposite/bag_files/Cat1_10mph_lr_opposite_2/lidar_pcd/ns1/velodyne_points/1624824240.957853000.pcd
Cat1,10mph,lr,opposite,2,1624824241.058711000,ns1,/media/batool/MULTIMODAL_DATA/Multimodal_Data/Cat1/opposite/bag_files/Cat1_10mph_lr_opposite_2/lidar_pcd/ns1/velodyne_points/1624824241.058711000.pcd
Cat1,10mph,lr,opposite,2,1624824241.159558000,ns1,/media/batool/MULTIMODAL_DATA/Multimodal_Data/Cat1/opposite/bag_files/Cat1_10mph_lr_opposite_2/lidar_pcd/ns1/velodyne_points/1624824241.159558000.pcd
Cat1,10mph,lr,opposite,2,1624824241.361236000,ns1,/media/batool/MULTIMODAL_DATA/Multimodal_Data/Cat1/opposite/bag_files/Cat1_10mph_lr_opposite_2/lidar_pcd/ns1/velodyne_points/1624824241.361236000.pcd
Cat1,10mph,lr,opposite,2,1624824241.462120000,ns1,/media/batool/MULTIMODAL_DATA/Multimodal_Data/Cat1/opposite/bag_files/Cat1_10mph_lr_opposite_2/lidar_pcd/ns1/velodyne_points/1624824241.462120000.pcd
Cat1,10mph,lr,opposite,2,1624824241.562956000,ns1,/media/batool/MULTIMODAL_DATA/Multimodal_Data/Cat1/opposite/bag_files/Cat1_10mph_lr_opposite_2/lidar_pcd/ns1/velodyne_points/1624824241.562956000.pcd
Cat1,10mph,lr,opposite,2,1624824241.663855000,ns1,/media/batool/MULTIMODAL_DATA/Multimodal_Data/Cat1/opposite/bag_files/Cat1_10mph_lr_opposite_2/lidar_pcd/ns1/velodyne_points/1624824241.663855000.pcd
Cat1,10mph,lr,opposite,2,1624824241.764707000,ns1,/media/batool/MULTIMODAL_DATA/Multimodal_Data/Cat1/opposite/bag_files/Cat1_10mph_lr_opposite_2/lidar_pcd/ns1/velodyne_points/1624824241.764707000.pcd
Cat1,10mph,lr,opposite,2,1624824241.865544000,ns1,/media/batool/MULTIMODAL_DATA/Multimodal_Data/Cat1/opposite/bag_files/Cat1_10mph_lr_opposite_2/lidar_pcd/ns1/velodyne_points/1624824241.865544000.pcd
Cat1,10mph,lr,opposite,2,1624824241.966418000,ns1,/media/batool/MULTIMODAL_DATA/Multimodal_Data/Cat1/opposite/bag_files/Cat1_10mph_lr_opposite_2/lidar_pcd/ns1/velodyne_points/1624824241.966418000.pcd
Cat1,10mph,lr,opposite,2,1624824242.067250000,ns1,/media/batool/MULTIMODAL_DATA/Multimodal_Data/Cat1/opposite/bag_files/Cat1_10mph_lr_opposite_2/lidar_pcd/ns1/velodyne_points/1624824242.067250000.pcd
Cat1,10mph,lr,opposite,2,1624824242.168125000,ns1,/media/batool/MULTIMODAL_DATA/Multimodal_Data/Cat1/opposite/bag_files/Cat1_10mph_lr_opposite_2/lidar_pcd/ns1/velodyne_points/1624824242.168125000.pcd
Cat1,10mph,lr,opposite,2,1624824242.268992000,ns1,/media/batool/MULTIMODAL_DATA/Multimodal_Data/Cat1/opposite/bag_files/Cat1_10mph_lr_opposite_2/lidar_pcd/ns1/velodyne_points/1624824242.268992000.pcd
Cat1,10mph,lr,opposite,2,1624824242.369897000,ns1,/media/batool/MULTIMODAL_DATA/Multimodal_Data/Cat1/opposite/bag_files/Cat1_10mph_lr_opposite_2/lidar_pcd/ns1/velodyne_points/1624824242.369897000.pcd
Cat1,10mph,lr,opposite,2,1624824242.470675000,ns1,/media/batool/MULTIMODAL_DATA/Multimodal_Data/Cat1/opposite/bag_files/Cat1_10mph_lr_opposite_2/lidar_pcd/ns1/velodyne_points/1624824242.470675000.pcd
Cat1,10mph,lr,opposite,2,1624824242.571563000,ns1,/media/batool/MULTIMODAL_DATA/Multimodal_Data/Cat1/opposite/bag_files/Cat1_10mph_lr_opposite_2/lidar_pcd/ns1/velodyne_points/1624824242.571563000.pcd
Cat1,10mph,lr,opposite,2,1624824242.672395000,ns1,/media/batool/MULTIMODAL_DATA/Multimodal_Data/Cat1/opposite/bag_files/Cat1_10mph_lr_opposite_2/lidar_pcd/ns1/velodyne_points/1624824242.672395000.pcd
Cat1,10mph,lr,opposite,2,1624824242.874121000,ns1,/media/batool/MULTIMODAL_DATA/Multimodal_Data/Cat1/opposite/bag_files/Cat1_10mph_lr_opposite_2/lidar_pcd/ns1/velodyne_points/1624824242.874121000.pcd
Cat1,10mph,lr,opposite,2,1624824242.974987000,ns1,/media/batool/MULTIMODAL_DATA/Multimodal_Data/Cat1/opposite/bag_files/Cat1_10mph_lr_opposite_2/lidar_pcd/ns1/velodyne_points/1624824242.974987000.pcd
Cat1,10mph,lr,opposite,2,1624824243.075838000,ns1,/media/batool/MULTIMODAL_DATA/Multimodal_Data/Cat1/opposite/bag_files/Cat1_10mph_lr_opposite_2/lidar_pcd/ns1/velodyne_points/1624824243.075838000.pcd
Cat1,10mph,lr,opposite,2,1624824243.176752000,ns1,/media/batool/MULTIMODAL_DATA/Multimodal_Data/Cat1/opposite/bag_files/Cat1_10mph_lr_opposite_2/lidar_pcd/ns1/velodyne_points/1624824243.176752000.pcd
Cat1,10mph,lr,opposite,2,1624824243.277543000,ns1,/media/batool/MULTIMODAL_DATA/Multimodal_Data/Cat1/opposite/bag_files/Cat1_10mph_lr_opposite_2/lidar_pcd/ns1/velodyne_points/1624824243.277543000.pcd
Cat1,10mph,lr,opposite,2,1624824243.378404000,ns1,/media/batool/MULTIMODAL_DATA/Multimodal_Data/Cat1/opposite/bag_files/Cat1_10mph_lr_opposite_2/lidar_pcd/ns1/velodyne_points/1624824243.378404000.pcd
Cat1,10mph,lr,opposite,2,1624824243.479285000,ns1,/media/batool/MULTIMODAL_DATA/Multimodal_Data/Cat1/opposite/bag_files/Cat1_10mph_lr_opposite_2/lidar_pcd/ns1/velodyne_points/1624824243.479285000.pcd
Cat1,10mph,lr,opposite,2,1624824243.580154000,ns1,/media/batool/MULTIMODAL_DATA/Multimodal_Data/Cat1/opposite/bag_files/Cat1_10mph_lr_opposite_2/lidar_pcd/ns1/velodyne_points/1624824243.580154000.pcd
Cat1,10mph,lr,opposite,2,1624824243.681000000,ns1,/media/batool/MULTIMODAL_DATA/Multimodal_Data/Cat1/opposite/bag_files/Cat1_10mph_lr_opposite_2/lidar_pcd/ns1/velodyne_points/1624824243.681000000.pcd
Cat1,10mph,lr,opposite,2,1624824243.781842000,ns1,/media/batool/MULTIMODAL_DATA/Multimodal_Data/Cat1/opposite/bag_files/Cat1_10mph_lr_opposite_2/lidar_pcd/ns1/velodyne_points/1624824243.781842000.pcd
Cat1,10mph,lr,opposite,2,1624824243.882711000,ns1,/media/batool/MULTIMODAL_DATA/Multimodal_Data/Cat1/opposite/bag_files/Cat1_10mph_lr_opposite_2/lidar_pcd/ns1/velodyne_points/1624824243.882711000.pcd
Cat1,10mph,lr,opposite,2,1624824243.983551000,ns1,/media/batool/MULTIMODAL_DATA/Multimodal_Data/Cat1/opposite/bag_files/Cat1_10mph_lr_opposite_2/lidar_pcd/ns1/velodyne_points/1624824243.983551000.pcd
Cat1,10mph,lr,opposite,2,1624824244.084425000,ns1,/media/batool/MULTIMODAL_DATA/Multimodal_Data/Cat1/opposite/bag_files/Cat1_10mph_lr_opposite_2/lidar_pcd/ns1/velodyne_points/1624824244.084425000.pcd
Cat1,10mph,lr,opposite,2,1624824244.185269000,ns1,/media/batool/MULTIMODAL_DATA/Multimodal_Data/Cat1/opposite/bag_files/Cat1_10mph_lr_opposite_2/lidar_pcd/ns1/velodyne_points/1624824244.185269000.pcd
Cat1,10mph,lr,opposite,2,1624824244.386991000,ns1,/media/batool/MULTIMODAL_DATA/Multimodal_Data/Cat1/opposite/bag_files/Cat1_10mph_lr_opposite_2/lidar_pcd/ns1/velodyne_points/1624824244.386991000.pcd
Cat1,10mph,lr,opposite,2,1624824244.487841000,ns1,/media/batool/MULTIMODAL_DATA/Multimodal_Data/Cat1/opposite/bag_files/Cat1_10mph_lr_opposite_2/lidar_pcd/ns1/velodyne_points/1624824244.487841000.pcd
Cat1,10mph,lr,opposite,2,1624824244.588695000,ns1,/media/batool/MULTIMODAL_DATA/Multimodal_Data/Cat1/opposite/bag_files/Cat1_10mph_lr_opposite_2/lidar_pcd/ns1/velodyne_points/1624824244.588695000.pcd
Cat1,10mph,lr,opposite,2,1624824244.689551000,ns1,/media/batool/MULTIMODAL_DATA/Multimodal_Data/Cat1/opposite/bag_files/Cat1_10mph_lr_opposite_2/lidar_pcd/ns1/velodyne_points/1624824244.689551000.pcd
Cat1,10mph,lr,opposite,2,1624824244.790397000,ns1,/media/batool/MULTIMODAL_DATA/Multimodal_Data/Cat1/opposite/bag_files/Cat1_10mph_lr_opposite_2/lidar_pcd/ns1/velodyne_points/1624824244.790397000.pcd
Cat1,10mph,lr,opposite,2,1624824244.891272000,ns1,/media/batool/MULTIMODAL_DATA/Multimodal_Data/Cat1/opposite/bag_files/Cat1_10mph_lr_opposite_2/lidar_pcd/ns1/velodyne_points/1624824244.891272000.pcd
Cat1,10mph,lr,opposite,2,1624824244.992115000,ns1,/media/batool/MULTIMODAL_DATA/Multimodal_Data/Cat1/opposite/bag_files/Cat1_10mph_lr_opposite_2/lidar_pcd/ns1/velodyne_points/1624824244.992115000.pcd
Cat1,10mph,lr,opposite,2,1624824245.092996000,ns1,/media/batool/MULTIMODAL_DATA/Multimodal_Data/Cat1/opposite/bag_files/Cat1_10mph_lr_opposite_2/lidar_pcd/ns1/velodyne_points/1624824245.092996000.pcd
Cat1,10mph,lr,opposite,2,1624824245.193832000,ns1,/media/batool/MULTIMODAL_DATA/Multimodal_Data/Cat1/opposite/bag_files/Cat1_10mph_lr_opposite_2/lidar_pcd/ns1/velodyne_points/1624824245.193832000.pcd
Cat1,10mph,lr,opposite,2,1624824245.294693000,ns1,/media/batool/MULTIMODAL_DATA/Multimodal_Data/Cat1/opposite/bag_files/Cat1_10mph_lr_opposite_2/lidar_pcd/ns1/velodyne_points/1624824245.294693000.pcd
Cat1,10mph,lr,opposite,2,1624824245.395525000,ns1,/media/batool/MULTIMODAL_DATA/Multimodal_Data/Cat1/opposite/bag_files/Cat1_10mph_lr_opposite_2/lidar_pcd/ns1/velodyne_points/1624824245.395525000.pcd
Cat1,10mph,lr,opposite,2,1624824245.496407000,ns1,/media/batool/MULTIMODAL_DATA/Multimodal_Data/Cat1/opposite/bag_files/Cat1_10mph_lr_opposite_2/lidar_pcd/ns1/velodyne_points/1624824245.496407000.pcd
Cat1,10mph,lr,opposite,2,1624824245.597308000,ns1,/media/batool/MULTIMODAL_DATA/Multimodal_Data/Cat1/opposite/bag_files/Cat1_10mph_lr_opposite_2/lidar_pcd/ns1/velodyne_points/1624824245.597308000.pcd
Cat1,10mph,lr,opposite,2,1624824245.698116000,ns1,/media/batool/MULTIMODAL_DATA/Multimodal_Data/Cat1/opposite/bag_files/Cat1_10mph_lr_opposite_2/lidar_pcd/ns1/velodyne_points/1624824245.698116000.pcd
Cat1,10mph,lr,opposite,2,1624824245.798986000,ns1,/media/batool/MULTIMODAL_DATA/Multimodal_Data/Cat1/opposite/bag_files/Cat1_10mph_lr_opposite_2/lidar_pcd/ns1/velodyne_points/1624824245.798986000.pcd
Cat1,10mph,lr,opposite,2,1624824245.899851000,ns1,/media/batool/MULTIMODAL_DATA/Multimodal_Data/Cat1/opposite/bag_files/Cat1_10mph_lr_opposite_2/lidar_pcd/ns1/velodyne_points/1624824245.899851000.pcd
Cat1,10mph,lr,opposite,2,1624824246.000718000,ns1,/media/batool/MULTIMODAL_DATA/Multimodal_Data/Cat1/opposite/bag_files/Cat1_10mph_lr_opposite_2/lidar_pcd/ns1/velodyne_points/1624824246.000718000.pcd
Cat1,10mph,lr,opposite,2,1624824246.101521000,ns1,/media/batool/MULTIMODAL_DATA/Multimodal_Data/Cat1/opposite/bag_files/Cat1_10mph_lr_opposite_2/lidar_pcd/ns1/velodyne_points/1624824246.101521000.pcd
Cat1,10mph,lr,opposite,2,1624824246.202416000,ns1,/media/batool/MULTIMODAL_DATA/Multimodal_Data/Cat1/opposite/bag_files/Cat1_10mph_lr_opposite_2/lidar_pcd/ns1/velodyne_points/1624824246.202416000.pcd
Cat1,10mph,lr,opposite,2,1624824246.303283000,ns1,/media/batool/MULTIMODAL_DATA/Multimodal_Data/Cat1/opposite/bag_files/Cat1_10mph_lr_opposite_2/lidar_pcd/ns1/velodyne_points/1624824246.303283000.pcd
Cat1,10mph,lr,opposite,2,1624824246.404126000,ns1,/media/batool/MULTIMODAL_DATA/Multimodal_Data/Cat1/opposite/bag_files/Cat1_10mph_lr_opposite_2/lidar_pcd/ns1/velodyne_points/1624824246.404126000.pcd
Cat1,10mph,lr,opposite,2,1624824246.504965000,ns1,/media/batool/MULTIMODAL_DATA/Multimodal_Data/Cat1/opposite/bag_files/Cat1_10mph_lr_opposite_2/lidar_pcd/ns1/velodyne_points/1624824246.504965000.pcd
Cat1,10mph,lr,opposite,2,1624824246.605792000,ns1,/media/batool/MULTIMODAL_DATA/Multimodal_Data/Cat1/opposite/bag_files/Cat1_10mph_lr_opposite_2/lidar_pcd/ns1/velodyne_points/1624824246.605792000.pcd
