Category,speed,direction,lane,episode,Time header,Image_path
Cat1,10mph,lr,opposite,6,1624824977.4098299,/media/batool/MULTIMODAL_DATA/Multimodal_Data/Cat1/opposite/bag_files/Cat1_10mph_lr_opposite_6/camera_images/1624824977.4098299.jpg
Cat1,10mph,lr,opposite,6,1624824977.4431632,/media/batool/MULTIMODAL_DATA/Multimodal_Data/Cat1/opposite/bag_files/Cat1_10mph_lr_opposite_6/camera_images/1624824977.4431632.jpg
Cat1,10mph,lr,opposite,6,1624824977.4764965,/media/batool/MULTIMODAL_DATA/Multimodal_Data/Cat1/opposite/bag_files/Cat1_10mph_lr_opposite_6/camera_images/1624824977.4764965.jpg
Cat1,10mph,lr,opposite,6,1624824977.5098298,/media/batool/MULTIMODAL_DATA/Multimodal_Data/Cat1/opposite/bag_files/Cat1_10mph_lr_opposite_6/camera_images/1624824977.5098298.jpg
Cat1,10mph,lr,opposite,6,1624824977.543163,/media/batool/MULTIMODAL_DATA/Multimodal_Data/Cat1/opposite/bag_files/Cat1_10mph_lr_opposite_6/camera_images/1624824977.543163.jpg
Cat1,10mph,lr,opposite,6,1624824977.5764964,/media/batool/MULTIMODAL_DATA/Multimodal_Data/Cat1/opposite/bag_files/Cat1_10mph_lr_opposite_6/camera_images/1624824977.5764964.jpg
Cat1,10mph,lr,opposite,6,1624824977.6098297,/media/batool/MULTIMODAL_DATA/Multimodal_Data/Cat1/opposite/bag_files/Cat1_10mph_lr_opposite_6/camera_images/1624824977.6098297.jpg
Cat1,10mph,lr,opposite,6,1624824977.643163,/media/batool/MULTIMODAL_DATA/Multimodal_Data/Cat1/opposite/bag_files/Cat1_10mph_lr_opposite_6/camera_images/1624824977.643163.jpg
Cat1,10mph,lr,opposite,6,1624824977.6764963,/media/batool/MULTIMODAL_DATA/Multimodal_Data/Cat1/opposite/bag_files/Cat1_10mph_lr_opposite_6/camera_images/1624824977.6764963.jpg
Cat1,10mph,lr,opposite,6,1624824977.7098296,/media/batool/MULTIMODAL_DATA/Multimodal_Data/Cat1/opposite/bag_files/Cat1_10mph_lr_opposite_6/camera_images/1624824977.7098296.jpg
Cat1,10mph,lr,opposite,6,1624824977.7431629,/media/batool/MULTIMODAL_DATA/Multimodal_Data/Cat1/opposite/bag_files/Cat1_10mph_lr_opposite_6/camera_images/1624824977.7431629.jpg
Cat1,10mph,lr,opposite,6,1624824977.7764962,/media/batool/MULTIMODAL_DATA/Multimodal_Data/Cat1/opposite/bag_files/Cat1_10mph_lr_opposite_6/camera_images/1624824977.7764962.jpg
Cat1,10mph,lr,opposite,6,1624824977.8098295,/media/batool/MULTIMODAL_DATA/Multimodal_Data/Cat1/opposite/bag_files/Cat1_10mph_lr_opposite_6/camera_images/1624824977.8098295.jpg
Cat1,10mph,lr,opposite,6,1624824977.8431628,/media/batool/MULTIMODAL_DATA/Multimodal_Data/Cat1/opposite/bag_files/Cat1_10mph_lr_opposite_6/camera_images/1624824977.8431628.jpg
Cat1,10mph,lr,opposite,6,1624824977.876496,/media/batool/MULTIMODAL_DATA/Multimodal_Data/Cat1/opposite/bag_files/Cat1_10mph_lr_opposite_6/camera_images/1624824977.876496.jpg
Cat1,10mph,lr,opposite,6,1624824977.9431627,/media/batool/MULTIMODAL_DATA/Multimodal_Data/Cat1/opposite/bag_files/Cat1_10mph_lr_opposite_6/camera_images/1624824977.9431627.jpg
Cat1,10mph,lr,opposite,6,1624824977.976496,/media/batool/MULTIMODAL_DATA/Multimodal_Data/Cat1/opposite/bag_files/Cat1_10mph_lr_opposite_6/camera_images/1624824977.976496.jpg
Cat1,10mph,lr,opposite,6,1624824978.0098293,/media/batool/MULTIMODAL_DATA/Multimodal_Data/Cat1/opposite/bag_files/Cat1_10mph_lr_opposite_6/camera_images/1624824978.0098293.jpg
Cat1,10mph,lr,opposite,6,1624824978.0431626,/media/batool/MULTIMODAL_DATA/Multimodal_Data/Cat1/opposite/bag_files/Cat1_10mph_lr_opposite_6/camera_images/1624824978.0431626.jpg
Cat1,10mph,lr,opposite,6,1624824978.076496,/media/batool/MULTIMODAL_DATA/Multimodal_Data/Cat1/opposite/bag_files/Cat1_10mph_lr_opposite_6/camera_images/1624824978.076496.jpg
Cat1,10mph,lr,opposite,6,1624824978.1098292,/media/batool/MULTIMODAL_DATA/Multimodal_Data/Cat1/opposite/bag_files/Cat1_10mph_lr_opposite_6/camera_images/1624824978.1098292.jpg
Cat1,10mph,lr,opposite,6,1624824978.1431625,/media/batool/MULTIMODAL_DATA/Multimodal_Data/Cat1/opposite/bag_files/Cat1_10mph_lr_opposite_6/camera_images/1624824978.1431625.jpg
Cat1,10mph,lr,opposite,6,1624824978.1764958,/media/batool/MULTIMODAL_DATA/Multimodal_Data/Cat1/opposite/bag_files/Cat1_10mph_lr_opposite_6/camera_images/1624824978.1764958.jpg
Cat1,10mph,lr,opposite,6,1624824978.209829,/media/batool/MULTIMODAL_DATA/Multimodal_Data/Cat1/opposite/bag_files/Cat1_10mph_lr_opposite_6/camera_images/1624824978.209829.jpg
Cat1,10mph,lr,opposite,6,1624824978.2431624,/media/batool/MULTIMODAL_DATA/Multimodal_Data/Cat1/opposite/bag_files/Cat1_10mph_lr_opposite_6/camera_images/1624824978.2431624.jpg
Cat1,10mph,lr,opposite,6,1624824978.2764957,/media/batool/MULTIMODAL_DATA/Multimodal_Data/Cat1/opposite/bag_files/Cat1_10mph_lr_opposite_6/camera_images/1624824978.2764957.jpg
Cat1,10mph,lr,opposite,6,1624824978.309829,/media/batool/MULTIMODAL_DATA/Multimodal_Data/Cat1/opposite/bag_files/Cat1_10mph_lr_opposite_6/camera_images/1624824978.309829.jpg
Cat1,10mph,lr,opposite,6,1624824978.3431623,/media/batool/MULTIMODAL_DATA/Multimodal_Data/Cat1/opposite/bag_files/Cat1_10mph_lr_opposite_6/camera_images/1624824978.3431623.jpg
Cat1,10mph,lr,opposite,6,1624824978.3764956,/media/batool/MULTIMODAL_DATA/Multimodal_Data/Cat1/opposite/bag_files/Cat1_10mph_lr_opposite_6/camera_images/1624824978.3764956.jpg
Cat1,10mph,lr,opposite,6,1624824978.409829,/media/batool/MULTIMODAL_DATA/Multimodal_Data/Cat1/opposite/bag_files/Cat1_10mph_lr_opposite_6/camera_images/1624824978.409829.jpg
Cat1,10mph,lr,opposite,6,1624824978.4764955,/media/batool/MULTIMODAL_DATA/Multimodal_Data/Cat1/opposite/bag_files/Cat1_10mph_lr_opposite_6/camera_images/1624824978.4764955.jpg
Cat1,10mph,lr,opposite,6,1624824978.5098288,/media/batool/MULTIMODAL_DATA/Multimodal_Data/Cat1/opposite/bag_files/Cat1_10mph_lr_opposite_6/camera_images/1624824978.5098288.jpg
Cat1,10mph,lr,opposite,6,1624824978.543162,/media/batool/MULTIMODAL_DATA/Multimodal_Data/Cat1/opposite/bag_files/Cat1_10mph_lr_opposite_6/camera_images/1624824978.543162.jpg
Cat1,10mph,lr,opposite,6,1624824978.5764954,/media/batool/MULTIMODAL_DATA/Multimodal_Data/Cat1/opposite/bag_files/Cat1_10mph_lr_opposite_6/camera_images/1624824978.5764954.jpg
Cat1,10mph,lr,opposite,6,1624824978.6098287,/media/batool/MULTIMODAL_DATA/Multimodal_Data/Cat1/opposite/bag_files/Cat1_10mph_lr_opposite_6/camera_images/1624824978.6098287.jpg
Cat1,10mph,lr,opposite,6,1624824978.643162,/media/batool/MULTIMODAL_DATA/Multimodal_Data/Cat1/opposite/bag_files/Cat1_10mph_lr_opposite_6/camera_images/1624824978.643162.jpg
Cat1,10mph,lr,opposite,6,1624824978.6764953,/media/batool/MULTIMODAL_DATA/Multimodal_Data/Cat1/opposite/bag_files/Cat1_10mph_lr_opposite_6/camera_images/1624824978.6764953.jpg
Cat1,10mph,lr,opposite,6,1624824978.7098286,/media/batool/MULTIMODAL_DATA/Multimodal_Data/Cat1/opposite/bag_files/Cat1_10mph_lr_opposite_6/camera_images/1624824978.7098286.jpg
Cat1,10mph,lr,opposite,6,1624824978.743162,/media/batool/MULTIMODAL_DATA/Multimodal_Data/Cat1/opposite/bag_files/Cat1_10mph_lr_opposite_6/camera_images/1624824978.743162.jpg
Cat1,10mph,lr,opposite,6,1624824978.7764952,/media/batool/MULTIMODAL_DATA/Multimodal_Data/Cat1/opposite/bag_files/Cat1_10mph_lr_opposite_6/camera_images/1624824978.7764952.jpg
Cat1,10mph,lr,opposite,6,1624824978.8098285,/media/batool/MULTIMODAL_DATA/Multimodal_Data/Cat1/opposite/bag_files/Cat1_10mph_lr_opposite_6/camera_images/1624824978.8098285.jpg
Cat1,10mph,lr,opposite,6,1624824978.8431618,/media/batool/MULTIMODAL_DATA/Multimodal_Data/Cat1/opposite/bag_files/Cat1_10mph_lr_opposite_6/camera_images/1624824978.8431618.jpg
Cat1,10mph,lr,opposite,6,1624824978.8764951,/media/batool/MULTIMODAL_DATA/Multimodal_Data/Cat1/opposite/bag_files/Cat1_10mph_lr_opposite_6/camera_images/1624824978.8764951.jpg
Cat1,10mph,lr,opposite,6,1624824978.9098284,/media/batool/MULTIMODAL_DATA/Multimodal_Data/Cat1/opposite/bag_files/Cat1_10mph_lr_opposite_6/camera_images/1624824978.9098284.jpg
Cat1,10mph,lr,opposite,6,1624824978.9431617,/media/batool/MULTIMODAL_DATA/Multimodal_Data/Cat1/opposite/bag_files/Cat1_10mph_lr_opposite_6/camera_images/1624824978.9431617.jpg
Cat1,10mph,lr,opposite,6,1624824979.0098283,/media/batool/MULTIMODAL_DATA/Multimodal_Data/Cat1/opposite/bag_files/Cat1_10mph_lr_opposite_6/camera_images/1624824979.0098283.jpg
Cat1,10mph,lr,opposite,6,1624824979.0431616,/media/batool/MULTIMODAL_DATA/Multimodal_Data/Cat1/opposite/bag_files/Cat1_10mph_lr_opposite_6/camera_images/1624824979.0431616.jpg
Cat1,10mph,lr,opposite,6,1624824979.076495,/media/batool/MULTIMODAL_DATA/Multimodal_Data/Cat1/opposite/bag_files/Cat1_10mph_lr_opposite_6/camera_images/1624824979.076495.jpg
Cat1,10mph,lr,opposite,6,1624824979.1098282,/media/batool/MULTIMODAL_DATA/Multimodal_Data/Cat1/opposite/bag_files/Cat1_10mph_lr_opposite_6/camera_images/1624824979.1098282.jpg
Cat1,10mph,lr,opposite,6,1624824979.1431615,/media/batool/MULTIMODAL_DATA/Multimodal_Data/Cat1/opposite/bag_files/Cat1_10mph_lr_opposite_6/camera_images/1624824979.1431615.jpg
Cat1,10mph,lr,opposite,6,1624824979.1764948,/media/batool/MULTIMODAL_DATA/Multimodal_Data/Cat1/opposite/bag_files/Cat1_10mph_lr_opposite_6/camera_images/1624824979.1764948.jpg
Cat1,10mph,lr,opposite,6,1624824979.2098281,/media/batool/MULTIMODAL_DATA/Multimodal_Data/Cat1/opposite/bag_files/Cat1_10mph_lr_opposite_6/camera_images/1624824979.2098281.jpg
Cat1,10mph,lr,opposite,6,1624824979.2431614,/media/batool/MULTIMODAL_DATA/Multimodal_Data/Cat1/opposite/bag_files/Cat1_10mph_lr_opposite_6/camera_images/1624824979.2431614.jpg
Cat1,10mph,lr,opposite,6,1624824979.2764947,/media/batool/MULTIMODAL_DATA/Multimodal_Data/Cat1/opposite/bag_files/Cat1_10mph_lr_opposite_6/camera_images/1624824979.2764947.jpg
Cat1,10mph,lr,opposite,6,1624824979.309828,/media/batool/MULTIMODAL_DATA/Multimodal_Data/Cat1/opposite/bag_files/Cat1_10mph_lr_opposite_6/camera_images/1624824979.309828.jpg
Cat1,10mph,lr,opposite,6,1624824979.3431613,/media/batool/MULTIMODAL_DATA/Multimodal_Data/Cat1/opposite/bag_files/Cat1_10mph_lr_opposite_6/camera_images/1624824979.3431613.jpg
Cat1,10mph,lr,opposite,6,1624824979.3764946,/media/batool/MULTIMODAL_DATA/Multimodal_Data/Cat1/opposite/bag_files/Cat1_10mph_lr_opposite_6/camera_images/1624824979.3764946.jpg
Cat1,10mph,lr,opposite,6,1624824979.409828,/media/batool/MULTIMODAL_DATA/Multimodal_Data/Cat1/opposite/bag_files/Cat1_10mph_lr_opposite_6/camera_images/1624824979.409828.jpg
Cat1,10mph,lr,opposite,6,1624824979.4431612,/media/batool/MULTIMODAL_DATA/Multimodal_Data/Cat1/opposite/bag_files/Cat1_10mph_lr_opposite_6/camera_images/1624824979.4431612.jpg
Cat1,10mph,lr,opposite,6,1624824979.4764946,/media/batool/MULTIMODAL_DATA/Multimodal_Data/Cat1/opposite/bag_files/Cat1_10mph_lr_opposite_6/camera_images/1624824979.4764946.jpg
Cat1,10mph,lr,opposite,6,1624824977.9098294,/media/batool/MULTIMODAL_DATA/Multimodal_Data/Cat1/opposite/bag_files/Cat1_10mph_lr_opposite_6/camera_images/1624824977.9098294.jpg
Cat1,10mph,lr,opposite,6,1624824978.4431622,/media/batool/MULTIMODAL_DATA/Multimodal_Data/Cat1/opposite/bag_files/Cat1_10mph_lr_opposite_6/camera_images/1624824978.4431622.jpg
Cat1,10mph,lr,opposite,6,1624824978.976495,/media/batool/MULTIMODAL_DATA/Multimodal_Data/Cat1/opposite/bag_files/Cat1_10mph_lr_opposite_6/camera_images/1624824978.976495.jpg
Cat1,10mph,lr,opposite,6,1624824979.5098279,/media/batool/MULTIMODAL_DATA/Multimodal_Data/Cat1/opposite/bag_files/Cat1_10mph_lr_opposite_6/camera_images/1624824979.5098279.jpg
Cat1,10mph,lr,opposite,6,1624824980.0431607,/media/batool/MULTIMODAL_DATA/Multimodal_Data/Cat1/opposite/bag_files/Cat1_10mph_lr_opposite_6/camera_images/1624824980.0431607.jpg
Cat1,10mph,lr,opposite,6,1624824980.5764935,/media/batool/MULTIMODAL_DATA/Multimodal_Data/Cat1/opposite/bag_files/Cat1_10mph_lr_opposite_6/camera_images/1624824980.5764935.jpg
Cat1,10mph,lr,opposite,6,1624824981.1098263,/media/batool/MULTIMODAL_DATA/Multimodal_Data/Cat1/opposite/bag_files/Cat1_10mph_lr_opposite_6/camera_images/1624824981.1098263.jpg
Cat1,10mph,lr,opposite,6,1624824981.6431592,/media/batool/MULTIMODAL_DATA/Multimodal_Data/Cat1/opposite/bag_files/Cat1_10mph_lr_opposite_6/camera_images/1624824981.6431592.jpg
Cat1,10mph,lr,opposite,6,1624824982.176492,/media/batool/MULTIMODAL_DATA/Multimodal_Data/Cat1/opposite/bag_files/Cat1_10mph_lr_opposite_6/camera_images/1624824982.176492.jpg
Cat1,10mph,lr,opposite,6,1624824982.7098248,/media/batool/MULTIMODAL_DATA/Multimodal_Data/Cat1/opposite/bag_files/Cat1_10mph_lr_opposite_6/camera_images/1624824982.7098248.jpg
Cat1,10mph,lr,opposite,6,1624824983.2431576,/media/batool/MULTIMODAL_DATA/Multimodal_Data/Cat1/opposite/bag_files/Cat1_10mph_lr_opposite_6/camera_images/1624824983.2431576.jpg
Cat1,10mph,lr,opposite,6,1624824983.7764904,/media/batool/MULTIMODAL_DATA/Multimodal_Data/Cat1/opposite/bag_files/Cat1_10mph_lr_opposite_6/camera_images/1624824983.7764904.jpg
Cat1,10mph,lr,opposite,6,1624824984.3098233,/media/batool/MULTIMODAL_DATA/Multimodal_Data/Cat1/opposite/bag_files/Cat1_10mph_lr_opposite_6/camera_images/1624824984.3098233.jpg
Cat1,10mph,lr,opposite,6,1624824984.843156,/media/batool/MULTIMODAL_DATA/Multimodal_Data/Cat1/opposite/bag_files/Cat1_10mph_lr_opposite_6/camera_images/1624824984.843156.jpg
Cat1,10mph,lr,opposite,6,1624824985.376489,/media/batool/MULTIMODAL_DATA/Multimodal_Data/Cat1/opposite/bag_files/Cat1_10mph_lr_opposite_6/camera_images/1624824985.376489.jpg
Cat1,10mph,lr,opposite,6,1624824985.9098217,/media/batool/MULTIMODAL_DATA/Multimodal_Data/Cat1/opposite/bag_files/Cat1_10mph_lr_opposite_6/camera_images/1624824985.9098217.jpg
Cat1,10mph,lr,opposite,6,1624824986.4431546,/media/batool/MULTIMODAL_DATA/Multimodal_Data/Cat1/opposite/bag_files/Cat1_10mph_lr_opposite_6/camera_images/1624824986.4431546.jpg
Cat1,10mph,lr,opposite,6,1624824986.9764874,/media/batool/MULTIMODAL_DATA/Multimodal_Data/Cat1/opposite/bag_files/Cat1_10mph_lr_opposite_6/camera_images/1624824986.9764874.jpg
Cat1,10mph,lr,opposite,6,1624824987.5098202,/media/batool/MULTIMODAL_DATA/Multimodal_Data/Cat1/opposite/bag_files/Cat1_10mph_lr_opposite_6/camera_images/1624824987.5098202.jpg
Cat1,10mph,lr,opposite,6,1624824988.043153,/media/batool/MULTIMODAL_DATA/Multimodal_Data/Cat1/opposite/bag_files/Cat1_10mph_lr_opposite_6/camera_images/1624824988.043153.jpg
Cat1,10mph,lr,opposite,6,1624824988.5764859,/media/batool/MULTIMODAL_DATA/Multimodal_Data/Cat1/opposite/bag_files/Cat1_10mph_lr_opposite_6/camera_images/1624824988.5764859.jpg
Cat1,10mph,lr,opposite,6,1624824989.1098187,/media/batool/MULTIMODAL_DATA/Multimodal_Data/Cat1/opposite/bag_files/Cat1_10mph_lr_opposite_6/camera_images/1624824989.1098187.jpg
Cat1,10mph,lr,opposite,6,1624824989.6431515,/media/batool/MULTIMODAL_DATA/Multimodal_Data/Cat1/opposite/bag_files/Cat1_10mph_lr_opposite_6/camera_images/1624824989.6431515.jpg
Cat1,10mph,lr,opposite,6,1624824990.1764843,/media/batool/MULTIMODAL_DATA/Multimodal_Data/Cat1/opposite/bag_files/Cat1_10mph_lr_opposite_6/camera_images/1624824990.1764843.jpg
Cat1,10mph,lr,opposite,6,1624824990.7098172,/media/batool/MULTIMODAL_DATA/Multimodal_Data/Cat1/opposite/bag_files/Cat1_10mph_lr_opposite_6/camera_images/1624824990.7098172.jpg
Cat1,10mph,lr,opposite,6,1624824991.24315,/media/batool/MULTIMODAL_DATA/Multimodal_Data/Cat1/opposite/bag_files/Cat1_10mph_lr_opposite_6/camera_images/1624824991.24315.jpg
Cat1,10mph,lr,opposite,6,1624824991.7764828,/media/batool/MULTIMODAL_DATA/Multimodal_Data/Cat1/opposite/bag_files/Cat1_10mph_lr_opposite_6/camera_images/1624824991.7764828.jpg
Cat1,10mph,lr,opposite,6,1624824979.5431612,/media/batool/MULTIMODAL_DATA/Multimodal_Data/Cat1/opposite/bag_files/Cat1_10mph_lr_opposite_6/camera_images/1624824979.5431612.jpg
Cat1,10mph,lr,opposite,6,1624824979.5764945,/media/batool/MULTIMODAL_DATA/Multimodal_Data/Cat1/opposite/bag_files/Cat1_10mph_lr_opposite_6/camera_images/1624824979.5764945.jpg
Cat1,10mph,lr,opposite,6,1624824979.6098278,/media/batool/MULTIMODAL_DATA/Multimodal_Data/Cat1/opposite/bag_files/Cat1_10mph_lr_opposite_6/camera_images/1624824979.6098278.jpg
Cat1,10mph,lr,opposite,6,1624824979.643161,/media/batool/MULTIMODAL_DATA/Multimodal_Data/Cat1/opposite/bag_files/Cat1_10mph_lr_opposite_6/camera_images/1624824979.643161.jpg
Cat1,10mph,lr,opposite,6,1624824979.6764944,/media/batool/MULTIMODAL_DATA/Multimodal_Data/Cat1/opposite/bag_files/Cat1_10mph_lr_opposite_6/camera_images/1624824979.6764944.jpg
Cat1,10mph,lr,opposite,6,1624824979.7098277,/media/batool/MULTIMODAL_DATA/Multimodal_Data/Cat1/opposite/bag_files/Cat1_10mph_lr_opposite_6/camera_images/1624824979.7098277.jpg
Cat1,10mph,lr,opposite,6,1624824979.743161,/media/batool/MULTIMODAL_DATA/Multimodal_Data/Cat1/opposite/bag_files/Cat1_10mph_lr_opposite_6/camera_images/1624824979.743161.jpg
Cat1,10mph,lr,opposite,6,1624824979.7764943,/media/batool/MULTIMODAL_DATA/Multimodal_Data/Cat1/opposite/bag_files/Cat1_10mph_lr_opposite_6/camera_images/1624824979.7764943.jpg
Cat1,10mph,lr,opposite,6,1624824979.8098276,/media/batool/MULTIMODAL_DATA/Multimodal_Data/Cat1/opposite/bag_files/Cat1_10mph_lr_opposite_6/camera_images/1624824979.8098276.jpg
Cat1,10mph,lr,opposite,6,1624824979.8431609,/media/batool/MULTIMODAL_DATA/Multimodal_Data/Cat1/opposite/bag_files/Cat1_10mph_lr_opposite_6/camera_images/1624824979.8431609.jpg
Cat1,10mph,lr,opposite,6,1624824979.8764942,/media/batool/MULTIMODAL_DATA/Multimodal_Data/Cat1/opposite/bag_files/Cat1_10mph_lr_opposite_6/camera_images/1624824979.8764942.jpg
Cat1,10mph,lr,opposite,6,1624824979.9098275,/media/batool/MULTIMODAL_DATA/Multimodal_Data/Cat1/opposite/bag_files/Cat1_10mph_lr_opposite_6/camera_images/1624824979.9098275.jpg
Cat1,10mph,lr,opposite,6,1624824979.9431608,/media/batool/MULTIMODAL_DATA/Multimodal_Data/Cat1/opposite/bag_files/Cat1_10mph_lr_opposite_6/camera_images/1624824979.9431608.jpg
Cat1,10mph,lr,opposite,6,1624824979.976494,/media/batool/MULTIMODAL_DATA/Multimodal_Data/Cat1/opposite/bag_files/Cat1_10mph_lr_opposite_6/camera_images/1624824979.976494.jpg
Cat1,10mph,lr,opposite,6,1624824980.0098274,/media/batool/MULTIMODAL_DATA/Multimodal_Data/Cat1/opposite/bag_files/Cat1_10mph_lr_opposite_6/camera_images/1624824980.0098274.jpg
Cat1,10mph,lr,opposite,6,1624824980.076494,/media/batool/MULTIMODAL_DATA/Multimodal_Data/Cat1/opposite/bag_files/Cat1_10mph_lr_opposite_6/camera_images/1624824980.076494.jpg
Cat1,10mph,lr,opposite,6,1624824980.1098273,/media/batool/MULTIMODAL_DATA/Multimodal_Data/Cat1/opposite/bag_files/Cat1_10mph_lr_opposite_6/camera_images/1624824980.1098273.jpg
Cat1,10mph,lr,opposite,6,1624824980.1431606,/media/batool/MULTIMODAL_DATA/Multimodal_Data/Cat1/opposite/bag_files/Cat1_10mph_lr_opposite_6/camera_images/1624824980.1431606.jpg
Cat1,10mph,lr,opposite,6,1624824980.176494,/media/batool/MULTIMODAL_DATA/Multimodal_Data/Cat1/opposite/bag_files/Cat1_10mph_lr_opposite_6/camera_images/1624824980.176494.jpg
Cat1,10mph,lr,opposite,6,1624824980.2098272,/media/batool/MULTIMODAL_DATA/Multimodal_Data/Cat1/opposite/bag_files/Cat1_10mph_lr_opposite_6/camera_images/1624824980.2098272.jpg
Cat1,10mph,lr,opposite,6,1624824980.2431605,/media/batool/MULTIMODAL_DATA/Multimodal_Data/Cat1/opposite/bag_files/Cat1_10mph_lr_opposite_6/camera_images/1624824980.2431605.jpg
Cat1,10mph,lr,opposite,6,1624824980.2764938,/media/batool/MULTIMODAL_DATA/Multimodal_Data/Cat1/opposite/bag_files/Cat1_10mph_lr_opposite_6/camera_images/1624824980.2764938.jpg
Cat1,10mph,lr,opposite,6,1624824980.309827,/media/batool/MULTIMODAL_DATA/Multimodal_Data/Cat1/opposite/bag_files/Cat1_10mph_lr_opposite_6/camera_images/1624824980.309827.jpg
Cat1,10mph,lr,opposite,6,1624824980.3431604,/media/batool/MULTIMODAL_DATA/Multimodal_Data/Cat1/opposite/bag_files/Cat1_10mph_lr_opposite_6/camera_images/1624824980.3431604.jpg
Cat1,10mph,lr,opposite,6,1624824980.3764937,/media/batool/MULTIMODAL_DATA/Multimodal_Data/Cat1/opposite/bag_files/Cat1_10mph_lr_opposite_6/camera_images/1624824980.3764937.jpg
Cat1,10mph,lr,opposite,6,1624824980.409827,/media/batool/MULTIMODAL_DATA/Multimodal_Data/Cat1/opposite/bag_files/Cat1_10mph_lr_opposite_6/camera_images/1624824980.409827.jpg
Cat1,10mph,lr,opposite,6,1624824980.4431603,/media/batool/MULTIMODAL_DATA/Multimodal_Data/Cat1/opposite/bag_files/Cat1_10mph_lr_opposite_6/camera_images/1624824980.4431603.jpg
Cat1,10mph,lr,opposite,6,1624824980.4764936,/media/batool/MULTIMODAL_DATA/Multimodal_Data/Cat1/opposite/bag_files/Cat1_10mph_lr_opposite_6/camera_images/1624824980.4764936.jpg
Cat1,10mph,lr,opposite,6,1624824980.509827,/media/batool/MULTIMODAL_DATA/Multimodal_Data/Cat1/opposite/bag_files/Cat1_10mph_lr_opposite_6/camera_images/1624824980.509827.jpg
Cat1,10mph,lr,opposite,6,1624824980.5431602,/media/batool/MULTIMODAL_DATA/Multimodal_Data/Cat1/opposite/bag_files/Cat1_10mph_lr_opposite_6/camera_images/1624824980.5431602.jpg
Cat1,10mph,lr,opposite,6,1624824980.6098268,/media/batool/MULTIMODAL_DATA/Multimodal_Data/Cat1/opposite/bag_files/Cat1_10mph_lr_opposite_6/camera_images/1624824980.6098268.jpg
Cat1,10mph,lr,opposite,6,1624824980.64316,/media/batool/MULTIMODAL_DATA/Multimodal_Data/Cat1/opposite/bag_files/Cat1_10mph_lr_opposite_6/camera_images/1624824980.64316.jpg
Cat1,10mph,lr,opposite,6,1624824980.6764934,/media/batool/MULTIMODAL_DATA/Multimodal_Data/Cat1/opposite/bag_files/Cat1_10mph_lr_opposite_6/camera_images/1624824980.6764934.jpg
Cat1,10mph,lr,opposite,6,1624824980.7098267,/media/batool/MULTIMODAL_DATA/Multimodal_Data/Cat1/opposite/bag_files/Cat1_10mph_lr_opposite_6/camera_images/1624824980.7098267.jpg
Cat1,10mph,lr,opposite,6,1624824980.74316,/media/batool/MULTIMODAL_DATA/Multimodal_Data/Cat1/opposite/bag_files/Cat1_10mph_lr_opposite_6/camera_images/1624824980.74316.jpg
Cat1,10mph,lr,opposite,6,1624824980.7764933,/media/batool/MULTIMODAL_DATA/Multimodal_Data/Cat1/opposite/bag_files/Cat1_10mph_lr_opposite_6/camera_images/1624824980.7764933.jpg
Cat1,10mph,lr,opposite,6,1624824980.8098266,/media/batool/MULTIMODAL_DATA/Multimodal_Data/Cat1/opposite/bag_files/Cat1_10mph_lr_opposite_6/camera_images/1624824980.8098266.jpg
Cat1,10mph,lr,opposite,6,1624824980.84316,/media/batool/MULTIMODAL_DATA/Multimodal_Data/Cat1/opposite/bag_files/Cat1_10mph_lr_opposite_6/camera_images/1624824980.84316.jpg
Cat1,10mph,lr,opposite,6,1624824980.8764932,/media/batool/MULTIMODAL_DATA/Multimodal_Data/Cat1/opposite/bag_files/Cat1_10mph_lr_opposite_6/camera_images/1624824980.8764932.jpg
Cat1,10mph,lr,opposite,6,1624824980.9098265,/media/batool/MULTIMODAL_DATA/Multimodal_Data/Cat1/opposite/bag_files/Cat1_10mph_lr_opposite_6/camera_images/1624824980.9098265.jpg
Cat1,10mph,lr,opposite,6,1624824980.9431598,/media/batool/MULTIMODAL_DATA/Multimodal_Data/Cat1/opposite/bag_files/Cat1_10mph_lr_opposite_6/camera_images/1624824980.9431598.jpg
Cat1,10mph,lr,opposite,6,1624824980.9764931,/media/batool/MULTIMODAL_DATA/Multimodal_Data/Cat1/opposite/bag_files/Cat1_10mph_lr_opposite_6/camera_images/1624824980.9764931.jpg
Cat1,10mph,lr,opposite,6,1624824981.0098264,/media/batool/MULTIMODAL_DATA/Multimodal_Data/Cat1/opposite/bag_files/Cat1_10mph_lr_opposite_6/camera_images/1624824981.0098264.jpg
Cat1,10mph,lr,opposite,6,1624824981.0431597,/media/batool/MULTIMODAL_DATA/Multimodal_Data/Cat1/opposite/bag_files/Cat1_10mph_lr_opposite_6/camera_images/1624824981.0431597.jpg
Cat1,10mph,lr,opposite,6,1624824981.076493,/media/batool/MULTIMODAL_DATA/Multimodal_Data/Cat1/opposite/bag_files/Cat1_10mph_lr_opposite_6/camera_images/1624824981.076493.jpg
Cat1,10mph,lr,opposite,6,1624824981.1431596,/media/batool/MULTIMODAL_DATA/Multimodal_Data/Cat1/opposite/bag_files/Cat1_10mph_lr_opposite_6/camera_images/1624824981.1431596.jpg
Cat1,10mph,lr,opposite,6,1624824981.176493,/media/batool/MULTIMODAL_DATA/Multimodal_Data/Cat1/opposite/bag_files/Cat1_10mph_lr_opposite_6/camera_images/1624824981.176493.jpg
Cat1,10mph,lr,opposite,6,1624824981.2098262,/media/batool/MULTIMODAL_DATA/Multimodal_Data/Cat1/opposite/bag_files/Cat1_10mph_lr_opposite_6/camera_images/1624824981.2098262.jpg
Cat1,10mph,lr,opposite,6,1624824981.2431595,/media/batool/MULTIMODAL_DATA/Multimodal_Data/Cat1/opposite/bag_files/Cat1_10mph_lr_opposite_6/camera_images/1624824981.2431595.jpg
Cat1,10mph,lr,opposite,6,1624824981.2764928,/media/batool/MULTIMODAL_DATA/Multimodal_Data/Cat1/opposite/bag_files/Cat1_10mph_lr_opposite_6/camera_images/1624824981.2764928.jpg
Cat1,10mph,lr,opposite,6,1624824981.3098261,/media/batool/MULTIMODAL_DATA/Multimodal_Data/Cat1/opposite/bag_files/Cat1_10mph_lr_opposite_6/camera_images/1624824981.3098261.jpg
Cat1,10mph,lr,opposite,6,1624824981.3431594,/media/batool/MULTIMODAL_DATA/Multimodal_Data/Cat1/opposite/bag_files/Cat1_10mph_lr_opposite_6/camera_images/1624824981.3431594.jpg
Cat1,10mph,lr,opposite,6,1624824981.3764927,/media/batool/MULTIMODAL_DATA/Multimodal_Data/Cat1/opposite/bag_files/Cat1_10mph_lr_opposite_6/camera_images/1624824981.3764927.jpg
Cat1,10mph,lr,opposite,6,1624824981.409826,/media/batool/MULTIMODAL_DATA/Multimodal_Data/Cat1/opposite/bag_files/Cat1_10mph_lr_opposite_6/camera_images/1624824981.409826.jpg
Cat1,10mph,lr,opposite,6,1624824981.4431593,/media/batool/MULTIMODAL_DATA/Multimodal_Data/Cat1/opposite/bag_files/Cat1_10mph_lr_opposite_6/camera_images/1624824981.4431593.jpg
Cat1,10mph,lr,opposite,6,1624824981.4764926,/media/batool/MULTIMODAL_DATA/Multimodal_Data/Cat1/opposite/bag_files/Cat1_10mph_lr_opposite_6/camera_images/1624824981.4764926.jpg
Cat1,10mph,lr,opposite,6,1624824981.509826,/media/batool/MULTIMODAL_DATA/Multimodal_Data/Cat1/opposite/bag_files/Cat1_10mph_lr_opposite_6/camera_images/1624824981.509826.jpg
Cat1,10mph,lr,opposite,6,1624824981.5431592,/media/batool/MULTIMODAL_DATA/Multimodal_Data/Cat1/opposite/bag_files/Cat1_10mph_lr_opposite_6/camera_images/1624824981.5431592.jpg
Cat1,10mph,lr,opposite,6,1624824981.5764925,/media/batool/MULTIMODAL_DATA/Multimodal_Data/Cat1/opposite/bag_files/Cat1_10mph_lr_opposite_6/camera_images/1624824981.5764925.jpg
Cat1,10mph,lr,opposite,6,1624824981.6098258,/media/batool/MULTIMODAL_DATA/Multimodal_Data/Cat1/opposite/bag_files/Cat1_10mph_lr_opposite_6/camera_images/1624824981.6098258.jpg
Cat1,10mph,lr,opposite,6,1624824981.6764925,/media/batool/MULTIMODAL_DATA/Multimodal_Data/Cat1/opposite/bag_files/Cat1_10mph_lr_opposite_6/camera_images/1624824981.6764925.jpg
Cat1,10mph,lr,opposite,6,1624824981.7098258,/media/batool/MULTIMODAL_DATA/Multimodal_Data/Cat1/opposite/bag_files/Cat1_10mph_lr_opposite_6/camera_images/1624824981.7098258.jpg
Cat1,10mph,lr,opposite,6,1624824981.743159,/media/batool/MULTIMODAL_DATA/Multimodal_Data/Cat1/opposite/bag_files/Cat1_10mph_lr_opposite_6/camera_images/1624824981.743159.jpg
Cat1,10mph,lr,opposite,6,1624824981.7764924,/media/batool/MULTIMODAL_DATA/Multimodal_Data/Cat1/opposite/bag_files/Cat1_10mph_lr_opposite_6/camera_images/1624824981.7764924.jpg
Cat1,10mph,lr,opposite,6,1624824981.8098257,/media/batool/MULTIMODAL_DATA/Multimodal_Data/Cat1/opposite/bag_files/Cat1_10mph_lr_opposite_6/camera_images/1624824981.8098257.jpg
Cat1,10mph,lr,opposite,6,1624824981.843159,/media/batool/MULTIMODAL_DATA/Multimodal_Data/Cat1/opposite/bag_files/Cat1_10mph_lr_opposite_6/camera_images/1624824981.843159.jpg
Cat1,10mph,lr,opposite,6,1624824981.8764923,/media/batool/MULTIMODAL_DATA/Multimodal_Data/Cat1/opposite/bag_files/Cat1_10mph_lr_opposite_6/camera_images/1624824981.8764923.jpg
Cat1,10mph,lr,opposite,6,1624824981.9098256,/media/batool/MULTIMODAL_DATA/Multimodal_Data/Cat1/opposite/bag_files/Cat1_10mph_lr_opposite_6/camera_images/1624824981.9098256.jpg
Cat1,10mph,lr,opposite,6,1624824981.9431589,/media/batool/MULTIMODAL_DATA/Multimodal_Data/Cat1/opposite/bag_files/Cat1_10mph_lr_opposite_6/camera_images/1624824981.9431589.jpg
Cat1,10mph,lr,opposite,6,1624824981.9764922,/media/batool/MULTIMODAL_DATA/Multimodal_Data/Cat1/opposite/bag_files/Cat1_10mph_lr_opposite_6/camera_images/1624824981.9764922.jpg
Cat1,10mph,lr,opposite,6,1624824982.0098255,/media/batool/MULTIMODAL_DATA/Multimodal_Data/Cat1/opposite/bag_files/Cat1_10mph_lr_opposite_6/camera_images/1624824982.0098255.jpg
Cat1,10mph,lr,opposite,6,1624824982.0431588,/media/batool/MULTIMODAL_DATA/Multimodal_Data/Cat1/opposite/bag_files/Cat1_10mph_lr_opposite_6/camera_images/1624824982.0431588.jpg
Cat1,10mph,lr,opposite,6,1624824982.076492,/media/batool/MULTIMODAL_DATA/Multimodal_Data/Cat1/opposite/bag_files/Cat1_10mph_lr_opposite_6/camera_images/1624824982.076492.jpg
Cat1,10mph,lr,opposite,6,1624824982.1098254,/media/batool/MULTIMODAL_DATA/Multimodal_Data/Cat1/opposite/bag_files/Cat1_10mph_lr_opposite_6/camera_images/1624824982.1098254.jpg
Cat1,10mph,lr,opposite,6,1624824982.1431587,/media/batool/MULTIMODAL_DATA/Multimodal_Data/Cat1/opposite/bag_files/Cat1_10mph_lr_opposite_6/camera_images/1624824982.1431587.jpg
Cat1,10mph,lr,opposite,6,1624824982.2098253,/media/batool/MULTIMODAL_DATA/Multimodal_Data/Cat1/opposite/bag_files/Cat1_10mph_lr_opposite_6/camera_images/1624824982.2098253.jpg
Cat1,10mph,lr,opposite,6,1624824982.2431586,/media/batool/MULTIMODAL_DATA/Multimodal_Data/Cat1/opposite/bag_files/Cat1_10mph_lr_opposite_6/camera_images/1624824982.2431586.jpg
Cat1,10mph,lr,opposite,6,1624824982.2764919,/media/batool/MULTIMODAL_DATA/Multimodal_Data/Cat1/opposite/bag_files/Cat1_10mph_lr_opposite_6/camera_images/1624824982.2764919.jpg
Cat1,10mph,lr,opposite,6,1624824982.3098252,/media/batool/MULTIMODAL_DATA/Multimodal_Data/Cat1/opposite/bag_files/Cat1_10mph_lr_opposite_6/camera_images/1624824982.3098252.jpg
Cat1,10mph,lr,opposite,6,1624824982.3431585,/media/batool/MULTIMODAL_DATA/Multimodal_Data/Cat1/opposite/bag_files/Cat1_10mph_lr_opposite_6/camera_images/1624824982.3431585.jpg
Cat1,10mph,lr,opposite,6,1624824982.3764918,/media/batool/MULTIMODAL_DATA/Multimodal_Data/Cat1/opposite/bag_files/Cat1_10mph_lr_opposite_6/camera_images/1624824982.3764918.jpg
Cat1,10mph,lr,opposite,6,1624824982.409825,/media/batool/MULTIMODAL_DATA/Multimodal_Data/Cat1/opposite/bag_files/Cat1_10mph_lr_opposite_6/camera_images/1624824982.409825.jpg
Cat1,10mph,lr,opposite,6,1624824982.4431584,/media/batool/MULTIMODAL_DATA/Multimodal_Data/Cat1/opposite/bag_files/Cat1_10mph_lr_opposite_6/camera_images/1624824982.4431584.jpg
Cat1,10mph,lr,opposite,6,1624824982.4764917,/media/batool/MULTIMODAL_DATA/Multimodal_Data/Cat1/opposite/bag_files/Cat1_10mph_lr_opposite_6/camera_images/1624824982.4764917.jpg
Cat1,10mph,lr,opposite,6,1624824982.509825,/media/batool/MULTIMODAL_DATA/Multimodal_Data/Cat1/opposite/bag_files/Cat1_10mph_lr_opposite_6/camera_images/1624824982.509825.jpg
Cat1,10mph,lr,opposite,6,1624824982.5431583,/media/batool/MULTIMODAL_DATA/Multimodal_Data/Cat1/opposite/bag_files/Cat1_10mph_lr_opposite_6/camera_images/1624824982.5431583.jpg
Cat1,10mph,lr,opposite,6,1624824982.5764916,/media/batool/MULTIMODAL_DATA/Multimodal_Data/Cat1/opposite/bag_files/Cat1_10mph_lr_opposite_6/camera_images/1624824982.5764916.jpg
Cat1,10mph,lr,opposite,6,1624824982.609825,/media/batool/MULTIMODAL_DATA/Multimodal_Data/Cat1/opposite/bag_files/Cat1_10mph_lr_opposite_6/camera_images/1624824982.609825.jpg
Cat1,10mph,lr,opposite,6,1624824982.6431582,/media/batool/MULTIMODAL_DATA/Multimodal_Data/Cat1/opposite/bag_files/Cat1_10mph_lr_opposite_6/camera_images/1624824982.6431582.jpg
Cat1,10mph,lr,opposite,6,1624824982.6764915,/media/batool/MULTIMODAL_DATA/Multimodal_Data/Cat1/opposite/bag_files/Cat1_10mph_lr_opposite_6/camera_images/1624824982.6764915.jpg
Cat1,10mph,lr,opposite,6,1624824982.743158,/media/batool/MULTIMODAL_DATA/Multimodal_Data/Cat1/opposite/bag_files/Cat1_10mph_lr_opposite_6/camera_images/1624824982.743158.jpg
Cat1,10mph,lr,opposite,6,1624824982.7764914,/media/batool/MULTIMODAL_DATA/Multimodal_Data/Cat1/opposite/bag_files/Cat1_10mph_lr_opposite_6/camera_images/1624824982.7764914.jpg
Cat1,10mph,lr,opposite,6,1624824982.8098247,/media/batool/MULTIMODAL_DATA/Multimodal_Data/Cat1/opposite/bag_files/Cat1_10mph_lr_opposite_6/camera_images/1624824982.8098247.jpg
Cat1,10mph,lr,opposite,6,1624824982.843158,/media/batool/MULTIMODAL_DATA/Multimodal_Data/Cat1/opposite/bag_files/Cat1_10mph_lr_opposite_6/camera_images/1624824982.843158.jpg
Cat1,10mph,lr,opposite,6,1624824982.8764913,/media/batool/MULTIMODAL_DATA/Multimodal_Data/Cat1/opposite/bag_files/Cat1_10mph_lr_opposite_6/camera_images/1624824982.8764913.jpg
Cat1,10mph,lr,opposite,6,1624824982.9098246,/media/batool/MULTIMODAL_DATA/Multimodal_Data/Cat1/opposite/bag_files/Cat1_10mph_lr_opposite_6/camera_images/1624824982.9098246.jpg
Cat1,10mph,lr,opposite,6,1624824982.943158,/media/batool/MULTIMODAL_DATA/Multimodal_Data/Cat1/opposite/bag_files/Cat1_10mph_lr_opposite_6/camera_images/1624824982.943158.jpg
Cat1,10mph,lr,opposite,6,1624824982.9764912,/media/batool/MULTIMODAL_DATA/Multimodal_Data/Cat1/opposite/bag_files/Cat1_10mph_lr_opposite_6/camera_images/1624824982.9764912.jpg
Cat1,10mph,lr,opposite,6,1624824983.0098245,/media/batool/MULTIMODAL_DATA/Multimodal_Data/Cat1/opposite/bag_files/Cat1_10mph_lr_opposite_6/camera_images/1624824983.0098245.jpg
Cat1,10mph,lr,opposite,6,1624824983.0431578,/media/batool/MULTIMODAL_DATA/Multimodal_Data/Cat1/opposite/bag_files/Cat1_10mph_lr_opposite_6/camera_images/1624824983.0431578.jpg
Cat1,10mph,lr,opposite,6,1624824983.076491,/media/batool/MULTIMODAL_DATA/Multimodal_Data/Cat1/opposite/bag_files/Cat1_10mph_lr_opposite_6/camera_images/1624824983.076491.jpg
Cat1,10mph,lr,opposite,6,1624824983.1098244,/media/batool/MULTIMODAL_DATA/Multimodal_Data/Cat1/opposite/bag_files/Cat1_10mph_lr_opposite_6/camera_images/1624824983.1098244.jpg
Cat1,10mph,lr,opposite,6,1624824983.1431577,/media/batool/MULTIMODAL_DATA/Multimodal_Data/Cat1/opposite/bag_files/Cat1_10mph_lr_opposite_6/camera_images/1624824983.1431577.jpg
Cat1,10mph,lr,opposite,6,1624824983.176491,/media/batool/MULTIMODAL_DATA/Multimodal_Data/Cat1/opposite/bag_files/Cat1_10mph_lr_opposite_6/camera_images/1624824983.176491.jpg
Cat1,10mph,lr,opposite,6,1624824983.2098243,/media/batool/MULTIMODAL_DATA/Multimodal_Data/Cat1/opposite/bag_files/Cat1_10mph_lr_opposite_6/camera_images/1624824983.2098243.jpg
Cat1,10mph,lr,opposite,6,1624824983.276491,/media/batool/MULTIMODAL_DATA/Multimodal_Data/Cat1/opposite/bag_files/Cat1_10mph_lr_opposite_6/camera_images/1624824983.276491.jpg
Cat1,10mph,lr,opposite,6,1624824983.3098242,/media/batool/MULTIMODAL_DATA/Multimodal_Data/Cat1/opposite/bag_files/Cat1_10mph_lr_opposite_6/camera_images/1624824983.3098242.jpg
Cat1,10mph,lr,opposite,6,1624824983.3431575,/media/batool/MULTIMODAL_DATA/Multimodal_Data/Cat1/opposite/bag_files/Cat1_10mph_lr_opposite_6/camera_images/1624824983.3431575.jpg
Cat1,10mph,lr,opposite,6,1624824983.3764908,/media/batool/MULTIMODAL_DATA/Multimodal_Data/Cat1/opposite/bag_files/Cat1_10mph_lr_opposite_6/camera_images/1624824983.3764908.jpg
Cat1,10mph,lr,opposite,6,1624824983.4098241,/media/batool/MULTIMODAL_DATA/Multimodal_Data/Cat1/opposite/bag_files/Cat1_10mph_lr_opposite_6/camera_images/1624824983.4098241.jpg
Cat1,10mph,lr,opposite,6,1624824983.4431574,/media/batool/MULTIMODAL_DATA/Multimodal_Data/Cat1/opposite/bag_files/Cat1_10mph_lr_opposite_6/camera_images/1624824983.4431574.jpg
Cat1,10mph,lr,opposite,6,1624824983.4764907,/media/batool/MULTIMODAL_DATA/Multimodal_Data/Cat1/opposite/bag_files/Cat1_10mph_lr_opposite_6/camera_images/1624824983.4764907.jpg
Cat1,10mph,lr,opposite,6,1624824983.509824,/media/batool/MULTIMODAL_DATA/Multimodal_Data/Cat1/opposite/bag_files/Cat1_10mph_lr_opposite_6/camera_images/1624824983.509824.jpg
Cat1,10mph,lr,opposite,6,1624824983.5431573,/media/batool/MULTIMODAL_DATA/Multimodal_Data/Cat1/opposite/bag_files/Cat1_10mph_lr_opposite_6/camera_images/1624824983.5431573.jpg
Cat1,10mph,lr,opposite,6,1624824983.5764906,/media/batool/MULTIMODAL_DATA/Multimodal_Data/Cat1/opposite/bag_files/Cat1_10mph_lr_opposite_6/camera_images/1624824983.5764906.jpg
Cat1,10mph,lr,opposite,6,1624824983.609824,/media/batool/MULTIMODAL_DATA/Multimodal_Data/Cat1/opposite/bag_files/Cat1_10mph_lr_opposite_6/camera_images/1624824983.609824.jpg
Cat1,10mph,lr,opposite,6,1624824983.6431572,/media/batool/MULTIMODAL_DATA/Multimodal_Data/Cat1/opposite/bag_files/Cat1_10mph_lr_opposite_6/camera_images/1624824983.6431572.jpg
Cat1,10mph,lr,opposite,6,1624824983.6764905,/media/batool/MULTIMODAL_DATA/Multimodal_Data/Cat1/opposite/bag_files/Cat1_10mph_lr_opposite_6/camera_images/1624824983.6764905.jpg
Cat1,10mph,lr,opposite,6,1624824983.7098238,/media/batool/MULTIMODAL_DATA/Multimodal_Data/Cat1/opposite/bag_files/Cat1_10mph_lr_opposite_6/camera_images/1624824983.7098238.jpg
Cat1,10mph,lr,opposite,6,1624824983.7431571,/media/batool/MULTIMODAL_DATA/Multimodal_Data/Cat1/opposite/bag_files/Cat1_10mph_lr_opposite_6/camera_images/1624824983.7431571.jpg
Cat1,10mph,lr,opposite,6,1624824983.8098238,/media/batool/MULTIMODAL_DATA/Multimodal_Data/Cat1/opposite/bag_files/Cat1_10mph_lr_opposite_6/camera_images/1624824983.8098238.jpg
Cat1,10mph,lr,opposite,6,1624824983.843157,/media/batool/MULTIMODAL_DATA/Multimodal_Data/Cat1/opposite/bag_files/Cat1_10mph_lr_opposite_6/camera_images/1624824983.843157.jpg
Cat1,10mph,lr,opposite,6,1624824983.8764904,/media/batool/MULTIMODAL_DATA/Multimodal_Data/Cat1/opposite/bag_files/Cat1_10mph_lr_opposite_6/camera_images/1624824983.8764904.jpg
Cat1,10mph,lr,opposite,6,1624824983.9098237,/media/batool/MULTIMODAL_DATA/Multimodal_Data/Cat1/opposite/bag_files/Cat1_10mph_lr_opposite_6/camera_images/1624824983.9098237.jpg
Cat1,10mph,lr,opposite,6,1624824983.943157,/media/batool/MULTIMODAL_DATA/Multimodal_Data/Cat1/opposite/bag_files/Cat1_10mph_lr_opposite_6/camera_images/1624824983.943157.jpg
Cat1,10mph,lr,opposite,6,1624824983.9764903,/media/batool/MULTIMODAL_DATA/Multimodal_Data/Cat1/opposite/bag_files/Cat1_10mph_lr_opposite_6/camera_images/1624824983.9764903.jpg
Cat1,10mph,lr,opposite,6,1624824984.0098236,/media/batool/MULTIMODAL_DATA/Multimodal_Data/Cat1/opposite/bag_files/Cat1_10mph_lr_opposite_6/camera_images/1624824984.0098236.jpg
Cat1,10mph,lr,opposite,6,1624824984.0431569,/media/batool/MULTIMODAL_DATA/Multimodal_Data/Cat1/opposite/bag_files/Cat1_10mph_lr_opposite_6/camera_images/1624824984.0431569.jpg
Cat1,10mph,lr,opposite,6,1624824984.0764902,/media/batool/MULTIMODAL_DATA/Multimodal_Data/Cat1/opposite/bag_files/Cat1_10mph_lr_opposite_6/camera_images/1624824984.0764902.jpg
Cat1,10mph,lr,opposite,6,1624824984.1098235,/media/batool/MULTIMODAL_DATA/Multimodal_Data/Cat1/opposite/bag_files/Cat1_10mph_lr_opposite_6/camera_images/1624824984.1098235.jpg
Cat1,10mph,lr,opposite,6,1624824984.1431568,/media/batool/MULTIMODAL_DATA/Multimodal_Data/Cat1/opposite/bag_files/Cat1_10mph_lr_opposite_6/camera_images/1624824984.1431568.jpg
Cat1,10mph,lr,opposite,6,1624824984.17649,/media/batool/MULTIMODAL_DATA/Multimodal_Data/Cat1/opposite/bag_files/Cat1_10mph_lr_opposite_6/camera_images/1624824984.17649.jpg
Cat1,10mph,lr,opposite,6,1624824984.2098234,/media/batool/MULTIMODAL_DATA/Multimodal_Data/Cat1/opposite/bag_files/Cat1_10mph_lr_opposite_6/camera_images/1624824984.2098234.jpg
Cat1,10mph,lr,opposite,6,1624824984.2431567,/media/batool/MULTIMODAL_DATA/Multimodal_Data/Cat1/opposite/bag_files/Cat1_10mph_lr_opposite_6/camera_images/1624824984.2431567.jpg
Cat1,10mph,lr,opposite,6,1624824984.27649,/media/batool/MULTIMODAL_DATA/Multimodal_Data/Cat1/opposite/bag_files/Cat1_10mph_lr_opposite_6/camera_images/1624824984.27649.jpg
Cat1,10mph,lr,opposite,6,1624824984.3431566,/media/batool/MULTIMODAL_DATA/Multimodal_Data/Cat1/opposite/bag_files/Cat1_10mph_lr_opposite_6/camera_images/1624824984.3431566.jpg
Cat1,10mph,lr,opposite,6,1624824984.3764899,/media/batool/MULTIMODAL_DATA/Multimodal_Data/Cat1/opposite/bag_files/Cat1_10mph_lr_opposite_6/camera_images/1624824984.3764899.jpg
Cat1,10mph,lr,opposite,6,1624824984.4098232,/media/batool/MULTIMODAL_DATA/Multimodal_Data/Cat1/opposite/bag_files/Cat1_10mph_lr_opposite_6/camera_images/1624824984.4098232.jpg
Cat1,10mph,lr,opposite,6,1624824984.4431565,/media/batool/MULTIMODAL_DATA/Multimodal_Data/Cat1/opposite/bag_files/Cat1_10mph_lr_opposite_6/camera_images/1624824984.4431565.jpg
Cat1,10mph,lr,opposite,6,1624824984.4764898,/media/batool/MULTIMODAL_DATA/Multimodal_Data/Cat1/opposite/bag_files/Cat1_10mph_lr_opposite_6/camera_images/1624824984.4764898.jpg
Cat1,10mph,lr,opposite,6,1624824984.509823,/media/batool/MULTIMODAL_DATA/Multimodal_Data/Cat1/opposite/bag_files/Cat1_10mph_lr_opposite_6/camera_images/1624824984.509823.jpg
Cat1,10mph,lr,opposite,6,1624824984.5431564,/media/batool/MULTIMODAL_DATA/Multimodal_Data/Cat1/opposite/bag_files/Cat1_10mph_lr_opposite_6/camera_images/1624824984.5431564.jpg
Cat1,10mph,lr,opposite,6,1624824984.5764897,/media/batool/MULTIMODAL_DATA/Multimodal_Data/Cat1/opposite/bag_files/Cat1_10mph_lr_opposite_6/camera_images/1624824984.5764897.jpg
Cat1,10mph,lr,opposite,6,1624824984.609823,/media/batool/MULTIMODAL_DATA/Multimodal_Data/Cat1/opposite/bag_files/Cat1_10mph_lr_opposite_6/camera_images/1624824984.609823.jpg
Cat1,10mph,lr,opposite,6,1624824984.6431563,/media/batool/MULTIMODAL_DATA/Multimodal_Data/Cat1/opposite/bag_files/Cat1_10mph_lr_opposite_6/camera_images/1624824984.6431563.jpg
Cat1,10mph,lr,opposite,6,1624824984.6764896,/media/batool/MULTIMODAL_DATA/Multimodal_Data/Cat1/opposite/bag_files/Cat1_10mph_lr_opposite_6/camera_images/1624824984.6764896.jpg
Cat1,10mph,lr,opposite,6,1624824984.709823,/media/batool/MULTIMODAL_DATA/Multimodal_Data/Cat1/opposite/bag_files/Cat1_10mph_lr_opposite_6/camera_images/1624824984.709823.jpg
Cat1,10mph,lr,opposite,6,1624824984.7431562,/media/batool/MULTIMODAL_DATA/Multimodal_Data/Cat1/opposite/bag_files/Cat1_10mph_lr_opposite_6/camera_images/1624824984.7431562.jpg
Cat1,10mph,lr,opposite,6,1624824984.7764895,/media/batool/MULTIMODAL_DATA/Multimodal_Data/Cat1/opposite/bag_files/Cat1_10mph_lr_opposite_6/camera_images/1624824984.7764895.jpg
Cat1,10mph,lr,opposite,6,1624824984.8098228,/media/batool/MULTIMODAL_DATA/Multimodal_Data/Cat1/opposite/bag_files/Cat1_10mph_lr_opposite_6/camera_images/1624824984.8098228.jpg
Cat1,10mph,lr,opposite,6,1624824984.8764894,/media/batool/MULTIMODAL_DATA/Multimodal_Data/Cat1/opposite/bag_files/Cat1_10mph_lr_opposite_6/camera_images/1624824984.8764894.jpg
Cat1,10mph,lr,opposite,6,1624824984.9098227,/media/batool/MULTIMODAL_DATA/Multimodal_Data/Cat1/opposite/bag_files/Cat1_10mph_lr_opposite_6/camera_images/1624824984.9098227.jpg
Cat1,10mph,lr,opposite,6,1624824984.943156,/media/batool/MULTIMODAL_DATA/Multimodal_Data/Cat1/opposite/bag_files/Cat1_10mph_lr_opposite_6/camera_images/1624824984.943156.jpg
Cat1,10mph,lr,opposite,6,1624824984.9764893,/media/batool/MULTIMODAL_DATA/Multimodal_Data/Cat1/opposite/bag_files/Cat1_10mph_lr_opposite_6/camera_images/1624824984.9764893.jpg
Cat1,10mph,lr,opposite,6,1624824985.0098226,/media/batool/MULTIMODAL_DATA/Multimodal_Data/Cat1/opposite/bag_files/Cat1_10mph_lr_opposite_6/camera_images/1624824985.0098226.jpg
Cat1,10mph,lr,opposite,6,1624824985.043156,/media/batool/MULTIMODAL_DATA/Multimodal_Data/Cat1/opposite/bag_files/Cat1_10mph_lr_opposite_6/camera_images/1624824985.043156.jpg
Cat1,10mph,lr,opposite,6,1624824985.0764892,/media/batool/MULTIMODAL_DATA/Multimodal_Data/Cat1/opposite/bag_files/Cat1_10mph_lr_opposite_6/camera_images/1624824985.0764892.jpg
Cat1,10mph,lr,opposite,6,1624824985.1098225,/media/batool/MULTIMODAL_DATA/Multimodal_Data/Cat1/opposite/bag_files/Cat1_10mph_lr_opposite_6/camera_images/1624824985.1098225.jpg
Cat1,10mph,lr,opposite,6,1624824985.1431558,/media/batool/MULTIMODAL_DATA/Multimodal_Data/Cat1/opposite/bag_files/Cat1_10mph_lr_opposite_6/camera_images/1624824985.1431558.jpg
Cat1,10mph,lr,opposite,6,1624824985.176489,/media/batool/MULTIMODAL_DATA/Multimodal_Data/Cat1/opposite/bag_files/Cat1_10mph_lr_opposite_6/camera_images/1624824985.176489.jpg
Cat1,10mph,lr,opposite,6,1624824985.2098224,/media/batool/MULTIMODAL_DATA/Multimodal_Data/Cat1/opposite/bag_files/Cat1_10mph_lr_opposite_6/camera_images/1624824985.2098224.jpg
Cat1,10mph,lr,opposite,6,1624824985.2431557,/media/batool/MULTIMODAL_DATA/Multimodal_Data/Cat1/opposite/bag_files/Cat1_10mph_lr_opposite_6/camera_images/1624824985.2431557.jpg
Cat1,10mph,lr,opposite,6,1624824985.276489,/media/batool/MULTIMODAL_DATA/Multimodal_Data/Cat1/opposite/bag_files/Cat1_10mph_lr_opposite_6/camera_images/1624824985.276489.jpg
Cat1,10mph,lr,opposite,6,1624824985.3098223,/media/batool/MULTIMODAL_DATA/Multimodal_Data/Cat1/opposite/bag_files/Cat1_10mph_lr_opposite_6/camera_images/1624824985.3098223.jpg
Cat1,10mph,lr,opposite,6,1624824985.3431556,/media/batool/MULTIMODAL_DATA/Multimodal_Data/Cat1/opposite/bag_files/Cat1_10mph_lr_opposite_6/camera_images/1624824985.3431556.jpg
Cat1,10mph,lr,opposite,6,1624824985.4098222,/media/batool/MULTIMODAL_DATA/Multimodal_Data/Cat1/opposite/bag_files/Cat1_10mph_lr_opposite_6/camera_images/1624824985.4098222.jpg
Cat1,10mph,lr,opposite,6,1624824985.4431555,/media/batool/MULTIMODAL_DATA/Multimodal_Data/Cat1/opposite/bag_files/Cat1_10mph_lr_opposite_6/camera_images/1624824985.4431555.jpg
Cat1,10mph,lr,opposite,6,1624824985.4764888,/media/batool/MULTIMODAL_DATA/Multimodal_Data/Cat1/opposite/bag_files/Cat1_10mph_lr_opposite_6/camera_images/1624824985.4764888.jpg
Cat1,10mph,lr,opposite,6,1624824985.5098221,/media/batool/MULTIMODAL_DATA/Multimodal_Data/Cat1/opposite/bag_files/Cat1_10mph_lr_opposite_6/camera_images/1624824985.5098221.jpg
Cat1,10mph,lr,opposite,6,1624824985.5431554,/media/batool/MULTIMODAL_DATA/Multimodal_Data/Cat1/opposite/bag_files/Cat1_10mph_lr_opposite_6/camera_images/1624824985.5431554.jpg
Cat1,10mph,lr,opposite,6,1624824985.5764887,/media/batool/MULTIMODAL_DATA/Multimodal_Data/Cat1/opposite/bag_files/Cat1_10mph_lr_opposite_6/camera_images/1624824985.5764887.jpg
Cat1,10mph,lr,opposite,6,1624824985.609822,/media/batool/MULTIMODAL_DATA/Multimodal_Data/Cat1/opposite/bag_files/Cat1_10mph_lr_opposite_6/camera_images/1624824985.609822.jpg
Cat1,10mph,lr,opposite,6,1624824985.6431553,/media/batool/MULTIMODAL_DATA/Multimodal_Data/Cat1/opposite/bag_files/Cat1_10mph_lr_opposite_6/camera_images/1624824985.6431553.jpg
Cat1,10mph,lr,opposite,6,1624824985.6764886,/media/batool/MULTIMODAL_DATA/Multimodal_Data/Cat1/opposite/bag_files/Cat1_10mph_lr_opposite_6/camera_images/1624824985.6764886.jpg
Cat1,10mph,lr,opposite,6,1624824985.709822,/media/batool/MULTIMODAL_DATA/Multimodal_Data/Cat1/opposite/bag_files/Cat1_10mph_lr_opposite_6/camera_images/1624824985.709822.jpg
Cat1,10mph,lr,opposite,6,1624824985.7431552,/media/batool/MULTIMODAL_DATA/Multimodal_Data/Cat1/opposite/bag_files/Cat1_10mph_lr_opposite_6/camera_images/1624824985.7431552.jpg
Cat1,10mph,lr,opposite,6,1624824985.7764885,/media/batool/MULTIMODAL_DATA/Multimodal_Data/Cat1/opposite/bag_files/Cat1_10mph_lr_opposite_6/camera_images/1624824985.7764885.jpg
Cat1,10mph,lr,opposite,6,1624824985.8098218,/media/batool/MULTIMODAL_DATA/Multimodal_Data/Cat1/opposite/bag_files/Cat1_10mph_lr_opposite_6/camera_images/1624824985.8098218.jpg
Cat1,10mph,lr,opposite,6,1624824985.8431551,/media/batool/MULTIMODAL_DATA/Multimodal_Data/Cat1/opposite/bag_files/Cat1_10mph_lr_opposite_6/camera_images/1624824985.8431551.jpg
Cat1,10mph,lr,opposite,6,1624824985.8764884,/media/batool/MULTIMODAL_DATA/Multimodal_Data/Cat1/opposite/bag_files/Cat1_10mph_lr_opposite_6/camera_images/1624824985.8764884.jpg
Cat1,10mph,lr,opposite,6,1624824985.943155,/media/batool/MULTIMODAL_DATA/Multimodal_Data/Cat1/opposite/bag_files/Cat1_10mph_lr_opposite_6/camera_images/1624824985.943155.jpg
Cat1,10mph,lr,opposite,6,1624824985.9764884,/media/batool/MULTIMODAL_DATA/Multimodal_Data/Cat1/opposite/bag_files/Cat1_10mph_lr_opposite_6/camera_images/1624824985.9764884.jpg
Cat1,10mph,lr,opposite,6,1624824986.0098217,/media/batool/MULTIMODAL_DATA/Multimodal_Data/Cat1/opposite/bag_files/Cat1_10mph_lr_opposite_6/camera_images/1624824986.0098217.jpg
Cat1,10mph,lr,opposite,6,1624824986.043155,/media/batool/MULTIMODAL_DATA/Multimodal_Data/Cat1/opposite/bag_files/Cat1_10mph_lr_opposite_6/camera_images/1624824986.043155.jpg
Cat1,10mph,lr,opposite,6,1624824986.0764883,/media/batool/MULTIMODAL_DATA/Multimodal_Data/Cat1/opposite/bag_files/Cat1_10mph_lr_opposite_6/camera_images/1624824986.0764883.jpg
Cat1,10mph,lr,opposite,6,1624824986.1098216,/media/batool/MULTIMODAL_DATA/Multimodal_Data/Cat1/opposite/bag_files/Cat1_10mph_lr_opposite_6/camera_images/1624824986.1098216.jpg
Cat1,10mph,lr,opposite,6,1624824986.1431549,/media/batool/MULTIMODAL_DATA/Multimodal_Data/Cat1/opposite/bag_files/Cat1_10mph_lr_opposite_6/camera_images/1624824986.1431549.jpg
Cat1,10mph,lr,opposite,6,1624824986.1764882,/media/batool/MULTIMODAL_DATA/Multimodal_Data/Cat1/opposite/bag_files/Cat1_10mph_lr_opposite_6/camera_images/1624824986.1764882.jpg
Cat1,10mph,lr,opposite,6,1624824986.2098215,/media/batool/MULTIMODAL_DATA/Multimodal_Data/Cat1/opposite/bag_files/Cat1_10mph_lr_opposite_6/camera_images/1624824986.2098215.jpg
Cat1,10mph,lr,opposite,6,1624824986.2431548,/media/batool/MULTIMODAL_DATA/Multimodal_Data/Cat1/opposite/bag_files/Cat1_10mph_lr_opposite_6/camera_images/1624824986.2431548.jpg
Cat1,10mph,lr,opposite,6,1624824986.276488,/media/batool/MULTIMODAL_DATA/Multimodal_Data/Cat1/opposite/bag_files/Cat1_10mph_lr_opposite_6/camera_images/1624824986.276488.jpg
Cat1,10mph,lr,opposite,6,1624824986.3098214,/media/batool/MULTIMODAL_DATA/Multimodal_Data/Cat1/opposite/bag_files/Cat1_10mph_lr_opposite_6/camera_images/1624824986.3098214.jpg
Cat1,10mph,lr,opposite,6,1624824986.3431547,/media/batool/MULTIMODAL_DATA/Multimodal_Data/Cat1/opposite/bag_files/Cat1_10mph_lr_opposite_6/camera_images/1624824986.3431547.jpg
Cat1,10mph,lr,opposite,6,1624824986.376488,/media/batool/MULTIMODAL_DATA/Multimodal_Data/Cat1/opposite/bag_files/Cat1_10mph_lr_opposite_6/camera_images/1624824986.376488.jpg
Cat1,10mph,lr,opposite,6,1624824986.4098213,/media/batool/MULTIMODAL_DATA/Multimodal_Data/Cat1/opposite/bag_files/Cat1_10mph_lr_opposite_6/camera_images/1624824986.4098213.jpg
Cat1,10mph,lr,opposite,6,1624824986.4764879,/media/batool/MULTIMODAL_DATA/Multimodal_Data/Cat1/opposite/bag_files/Cat1_10mph_lr_opposite_6/camera_images/1624824986.4764879.jpg
Cat1,10mph,lr,opposite,6,1624824986.5098212,/media/batool/MULTIMODAL_DATA/Multimodal_Data/Cat1/opposite/bag_files/Cat1_10mph_lr_opposite_6/camera_images/1624824986.5098212.jpg
Cat1,10mph,lr,opposite,6,1624824986.5431545,/media/batool/MULTIMODAL_DATA/Multimodal_Data/Cat1/opposite/bag_files/Cat1_10mph_lr_opposite_6/camera_images/1624824986.5431545.jpg
Cat1,10mph,lr,opposite,6,1624824986.5764878,/media/batool/MULTIMODAL_DATA/Multimodal_Data/Cat1/opposite/bag_files/Cat1_10mph_lr_opposite_6/camera_images/1624824986.5764878.jpg
Cat1,10mph,lr,opposite,6,1624824986.609821,/media/batool/MULTIMODAL_DATA/Multimodal_Data/Cat1/opposite/bag_files/Cat1_10mph_lr_opposite_6/camera_images/1624824986.609821.jpg
Cat1,10mph,lr,opposite,6,1624824986.6431544,/media/batool/MULTIMODAL_DATA/Multimodal_Data/Cat1/opposite/bag_files/Cat1_10mph_lr_opposite_6/camera_images/1624824986.6431544.jpg
Cat1,10mph,lr,opposite,6,1624824986.6764877,/media/batool/MULTIMODAL_DATA/Multimodal_Data/Cat1/opposite/bag_files/Cat1_10mph_lr_opposite_6/camera_images/1624824986.6764877.jpg
Cat1,10mph,lr,opposite,6,1624824986.709821,/media/batool/MULTIMODAL_DATA/Multimodal_Data/Cat1/opposite/bag_files/Cat1_10mph_lr_opposite_6/camera_images/1624824986.709821.jpg
Cat1,10mph,lr,opposite,6,1624824986.7431543,/media/batool/MULTIMODAL_DATA/Multimodal_Data/Cat1/opposite/bag_files/Cat1_10mph_lr_opposite_6/camera_images/1624824986.7431543.jpg
Cat1,10mph,lr,opposite,6,1624824986.7764876,/media/batool/MULTIMODAL_DATA/Multimodal_Data/Cat1/opposite/bag_files/Cat1_10mph_lr_opposite_6/camera_images/1624824986.7764876.jpg
Cat1,10mph,lr,opposite,6,1624824986.809821,/media/batool/MULTIMODAL_DATA/Multimodal_Data/Cat1/opposite/bag_files/Cat1_10mph_lr_opposite_6/camera_images/1624824986.809821.jpg
Cat1,10mph,lr,opposite,6,1624824986.8431542,/media/batool/MULTIMODAL_DATA/Multimodal_Data/Cat1/opposite/bag_files/Cat1_10mph_lr_opposite_6/camera_images/1624824986.8431542.jpg
Cat1,10mph,lr,opposite,6,1624824986.8764875,/media/batool/MULTIMODAL_DATA/Multimodal_Data/Cat1/opposite/bag_files/Cat1_10mph_lr_opposite_6/camera_images/1624824986.8764875.jpg
Cat1,10mph,lr,opposite,6,1624824986.9098208,/media/batool/MULTIMODAL_DATA/Multimodal_Data/Cat1/opposite/bag_files/Cat1_10mph_lr_opposite_6/camera_images/1624824986.9098208.jpg
Cat1,10mph,lr,opposite,6,1624824986.943154,/media/batool/MULTIMODAL_DATA/Multimodal_Data/Cat1/opposite/bag_files/Cat1_10mph_lr_opposite_6/camera_images/1624824986.943154.jpg
Cat1,10mph,lr,opposite,6,1624824987.0098207,/media/batool/MULTIMODAL_DATA/Multimodal_Data/Cat1/opposite/bag_files/Cat1_10mph_lr_opposite_6/camera_images/1624824987.0098207.jpg
Cat1,10mph,lr,opposite,6,1624824987.043154,/media/batool/MULTIMODAL_DATA/Multimodal_Data/Cat1/opposite/bag_files/Cat1_10mph_lr_opposite_6/camera_images/1624824987.043154.jpg
Cat1,10mph,lr,opposite,6,1624824987.0764873,/media/batool/MULTIMODAL_DATA/Multimodal_Data/Cat1/opposite/bag_files/Cat1_10mph_lr_opposite_6/camera_images/1624824987.0764873.jpg
Cat1,10mph,lr,opposite,6,1624824987.1098206,/media/batool/MULTIMODAL_DATA/Multimodal_Data/Cat1/opposite/bag_files/Cat1_10mph_lr_opposite_6/camera_images/1624824987.1098206.jpg
Cat1,10mph,lr,opposite,6,1624824987.143154,/media/batool/MULTIMODAL_DATA/Multimodal_Data/Cat1/opposite/bag_files/Cat1_10mph_lr_opposite_6/camera_images/1624824987.143154.jpg
Cat1,10mph,lr,opposite,6,1624824987.1764872,/media/batool/MULTIMODAL_DATA/Multimodal_Data/Cat1/opposite/bag_files/Cat1_10mph_lr_opposite_6/camera_images/1624824987.1764872.jpg
Cat1,10mph,lr,opposite,6,1624824987.2098205,/media/batool/MULTIMODAL_DATA/Multimodal_Data/Cat1/opposite/bag_files/Cat1_10mph_lr_opposite_6/camera_images/1624824987.2098205.jpg
Cat1,10mph,lr,opposite,6,1624824987.2431538,/media/batool/MULTIMODAL_DATA/Multimodal_Data/Cat1/opposite/bag_files/Cat1_10mph_lr_opposite_6/camera_images/1624824987.2431538.jpg
Cat1,10mph,lr,opposite,6,1624824987.276487,/media/batool/MULTIMODAL_DATA/Multimodal_Data/Cat1/opposite/bag_files/Cat1_10mph_lr_opposite_6/camera_images/1624824987.276487.jpg
Cat1,10mph,lr,opposite,6,1624824987.3098204,/media/batool/MULTIMODAL_DATA/Multimodal_Data/Cat1/opposite/bag_files/Cat1_10mph_lr_opposite_6/camera_images/1624824987.3098204.jpg
Cat1,10mph,lr,opposite,6,1624824987.3431537,/media/batool/MULTIMODAL_DATA/Multimodal_Data/Cat1/opposite/bag_files/Cat1_10mph_lr_opposite_6/camera_images/1624824987.3431537.jpg
Cat1,10mph,lr,opposite,6,1624824987.376487,/media/batool/MULTIMODAL_DATA/Multimodal_Data/Cat1/opposite/bag_files/Cat1_10mph_lr_opposite_6/camera_images/1624824987.376487.jpg
Cat1,10mph,lr,opposite,6,1624824987.4098203,/media/batool/MULTIMODAL_DATA/Multimodal_Data/Cat1/opposite/bag_files/Cat1_10mph_lr_opposite_6/camera_images/1624824987.4098203.jpg
Cat1,10mph,lr,opposite,6,1624824987.4431536,/media/batool/MULTIMODAL_DATA/Multimodal_Data/Cat1/opposite/bag_files/Cat1_10mph_lr_opposite_6/camera_images/1624824987.4431536.jpg
Cat1,10mph,lr,opposite,6,1624824987.476487,/media/batool/MULTIMODAL_DATA/Multimodal_Data/Cat1/opposite/bag_files/Cat1_10mph_lr_opposite_6/camera_images/1624824987.476487.jpg
Cat1,10mph,lr,opposite,6,1624824987.5431535,/media/batool/MULTIMODAL_DATA/Multimodal_Data/Cat1/opposite/bag_files/Cat1_10mph_lr_opposite_6/camera_images/1624824987.5431535.jpg
Cat1,10mph,lr,opposite,6,1624824987.5764868,/media/batool/MULTIMODAL_DATA/Multimodal_Data/Cat1/opposite/bag_files/Cat1_10mph_lr_opposite_6/camera_images/1624824987.5764868.jpg
Cat1,10mph,lr,opposite,6,1624824987.6098201,/media/batool/MULTIMODAL_DATA/Multimodal_Data/Cat1/opposite/bag_files/Cat1_10mph_lr_opposite_6/camera_images/1624824987.6098201.jpg
Cat1,10mph,lr,opposite,6,1624824987.6431534,/media/batool/MULTIMODAL_DATA/Multimodal_Data/Cat1/opposite/bag_files/Cat1_10mph_lr_opposite_6/camera_images/1624824987.6431534.jpg
Cat1,10mph,lr,opposite,6,1624824987.6764867,/media/batool/MULTIMODAL_DATA/Multimodal_Data/Cat1/opposite/bag_files/Cat1_10mph_lr_opposite_6/camera_images/1624824987.6764867.jpg
Cat1,10mph,lr,opposite,6,1624824987.70982,/media/batool/MULTIMODAL_DATA/Multimodal_Data/Cat1/opposite/bag_files/Cat1_10mph_lr_opposite_6/camera_images/1624824987.70982.jpg
Cat1,10mph,lr,opposite,6,1624824987.7431533,/media/batool/MULTIMODAL_DATA/Multimodal_Data/Cat1/opposite/bag_files/Cat1_10mph_lr_opposite_6/camera_images/1624824987.7431533.jpg
Cat1,10mph,lr,opposite,6,1624824987.7764866,/media/batool/MULTIMODAL_DATA/Multimodal_Data/Cat1/opposite/bag_files/Cat1_10mph_lr_opposite_6/camera_images/1624824987.7764866.jpg
Cat1,10mph,lr,opposite,6,1624824987.80982,/media/batool/MULTIMODAL_DATA/Multimodal_Data/Cat1/opposite/bag_files/Cat1_10mph_lr_opposite_6/camera_images/1624824987.80982.jpg
Cat1,10mph,lr,opposite,6,1624824987.8431532,/media/batool/MULTIMODAL_DATA/Multimodal_Data/Cat1/opposite/bag_files/Cat1_10mph_lr_opposite_6/camera_images/1624824987.8431532.jpg
Cat1,10mph,lr,opposite,6,1624824987.8764865,/media/batool/MULTIMODAL_DATA/Multimodal_Data/Cat1/opposite/bag_files/Cat1_10mph_lr_opposite_6/camera_images/1624824987.8764865.jpg
Cat1,10mph,lr,opposite,6,1624824987.9098198,/media/batool/MULTIMODAL_DATA/Multimodal_Data/Cat1/opposite/bag_files/Cat1_10mph_lr_opposite_6/camera_images/1624824987.9098198.jpg
Cat1,10mph,lr,opposite,6,1624824987.9431531,/media/batool/MULTIMODAL_DATA/Multimodal_Data/Cat1/opposite/bag_files/Cat1_10mph_lr_opposite_6/camera_images/1624824987.9431531.jpg
Cat1,10mph,lr,opposite,6,1624824987.9764864,/media/batool/MULTIMODAL_DATA/Multimodal_Data/Cat1/opposite/bag_files/Cat1_10mph_lr_opposite_6/camera_images/1624824987.9764864.jpg
Cat1,10mph,lr,opposite,6,1624824988.0098197,/media/batool/MULTIMODAL_DATA/Multimodal_Data/Cat1/opposite/bag_files/Cat1_10mph_lr_opposite_6/camera_images/1624824988.0098197.jpg
Cat1,10mph,lr,opposite,6,1624824988.0764863,/media/batool/MULTIMODAL_DATA/Multimodal_Data/Cat1/opposite/bag_files/Cat1_10mph_lr_opposite_6/camera_images/1624824988.0764863.jpg
Cat1,10mph,lr,opposite,6,1624824988.1098197,/media/batool/MULTIMODAL_DATA/Multimodal_Data/Cat1/opposite/bag_files/Cat1_10mph_lr_opposite_6/camera_images/1624824988.1098197.jpg
Cat1,10mph,lr,opposite,6,1624824988.143153,/media/batool/MULTIMODAL_DATA/Multimodal_Data/Cat1/opposite/bag_files/Cat1_10mph_lr_opposite_6/camera_images/1624824988.143153.jpg
Cat1,10mph,lr,opposite,6,1624824988.1764863,/media/batool/MULTIMODAL_DATA/Multimodal_Data/Cat1/opposite/bag_files/Cat1_10mph_lr_opposite_6/camera_images/1624824988.1764863.jpg
Cat1,10mph,lr,opposite,6,1624824988.2098196,/media/batool/MULTIMODAL_DATA/Multimodal_Data/Cat1/opposite/bag_files/Cat1_10mph_lr_opposite_6/camera_images/1624824988.2098196.jpg
Cat1,10mph,lr,opposite,6,1624824988.2431529,/media/batool/MULTIMODAL_DATA/Multimodal_Data/Cat1/opposite/bag_files/Cat1_10mph_lr_opposite_6/camera_images/1624824988.2431529.jpg
Cat1,10mph,lr,opposite,6,1624824988.2764862,/media/batool/MULTIMODAL_DATA/Multimodal_Data/Cat1/opposite/bag_files/Cat1_10mph_lr_opposite_6/camera_images/1624824988.2764862.jpg
Cat1,10mph,lr,opposite,6,1624824988.3098195,/media/batool/MULTIMODAL_DATA/Multimodal_Data/Cat1/opposite/bag_files/Cat1_10mph_lr_opposite_6/camera_images/1624824988.3098195.jpg
Cat1,10mph,lr,opposite,6,1624824988.3431528,/media/batool/MULTIMODAL_DATA/Multimodal_Data/Cat1/opposite/bag_files/Cat1_10mph_lr_opposite_6/camera_images/1624824988.3431528.jpg
Cat1,10mph,lr,opposite,6,1624824988.376486,/media/batool/MULTIMODAL_DATA/Multimodal_Data/Cat1/opposite/bag_files/Cat1_10mph_lr_opposite_6/camera_images/1624824988.376486.jpg
Cat1,10mph,lr,opposite,6,1624824988.4098194,/media/batool/MULTIMODAL_DATA/Multimodal_Data/Cat1/opposite/bag_files/Cat1_10mph_lr_opposite_6/camera_images/1624824988.4098194.jpg
Cat1,10mph,lr,opposite,6,1624824988.4431527,/media/batool/MULTIMODAL_DATA/Multimodal_Data/Cat1/opposite/bag_files/Cat1_10mph_lr_opposite_6/camera_images/1624824988.4431527.jpg
Cat1,10mph,lr,opposite,6,1624824988.476486,/media/batool/MULTIMODAL_DATA/Multimodal_Data/Cat1/opposite/bag_files/Cat1_10mph_lr_opposite_6/camera_images/1624824988.476486.jpg
Cat1,10mph,lr,opposite,6,1624824988.5098193,/media/batool/MULTIMODAL_DATA/Multimodal_Data/Cat1/opposite/bag_files/Cat1_10mph_lr_opposite_6/camera_images/1624824988.5098193.jpg
Cat1,10mph,lr,opposite,6,1624824988.5431526,/media/batool/MULTIMODAL_DATA/Multimodal_Data/Cat1/opposite/bag_files/Cat1_10mph_lr_opposite_6/camera_images/1624824988.5431526.jpg
Cat1,10mph,lr,opposite,6,1624824988.6098192,/media/batool/MULTIMODAL_DATA/Multimodal_Data/Cat1/opposite/bag_files/Cat1_10mph_lr_opposite_6/camera_images/1624824988.6098192.jpg
Cat1,10mph,lr,opposite,6,1624824988.6431525,/media/batool/MULTIMODAL_DATA/Multimodal_Data/Cat1/opposite/bag_files/Cat1_10mph_lr_opposite_6/camera_images/1624824988.6431525.jpg
Cat1,10mph,lr,opposite,6,1624824988.6764858,/media/batool/MULTIMODAL_DATA/Multimodal_Data/Cat1/opposite/bag_files/Cat1_10mph_lr_opposite_6/camera_images/1624824988.6764858.jpg
Cat1,10mph,lr,opposite,6,1624824988.709819,/media/batool/MULTIMODAL_DATA/Multimodal_Data/Cat1/opposite/bag_files/Cat1_10mph_lr_opposite_6/camera_images/1624824988.709819.jpg
Cat1,10mph,lr,opposite,6,1624824988.7431524,/media/batool/MULTIMODAL_DATA/Multimodal_Data/Cat1/opposite/bag_files/Cat1_10mph_lr_opposite_6/camera_images/1624824988.7431524.jpg
Cat1,10mph,lr,opposite,6,1624824988.7764857,/media/batool/MULTIMODAL_DATA/Multimodal_Data/Cat1/opposite/bag_files/Cat1_10mph_lr_opposite_6/camera_images/1624824988.7764857.jpg
Cat1,10mph,lr,opposite,6,1624824988.809819,/media/batool/MULTIMODAL_DATA/Multimodal_Data/Cat1/opposite/bag_files/Cat1_10mph_lr_opposite_6/camera_images/1624824988.809819.jpg
Cat1,10mph,lr,opposite,6,1624824988.8431523,/media/batool/MULTIMODAL_DATA/Multimodal_Data/Cat1/opposite/bag_files/Cat1_10mph_lr_opposite_6/camera_images/1624824988.8431523.jpg
Cat1,10mph,lr,opposite,6,1624824988.8764856,/media/batool/MULTIMODAL_DATA/Multimodal_Data/Cat1/opposite/bag_files/Cat1_10mph_lr_opposite_6/camera_images/1624824988.8764856.jpg
Cat1,10mph,lr,opposite,6,1624824988.909819,/media/batool/MULTIMODAL_DATA/Multimodal_Data/Cat1/opposite/bag_files/Cat1_10mph_lr_opposite_6/camera_images/1624824988.909819.jpg
Cat1,10mph,lr,opposite,6,1624824988.9431522,/media/batool/MULTIMODAL_DATA/Multimodal_Data/Cat1/opposite/bag_files/Cat1_10mph_lr_opposite_6/camera_images/1624824988.9431522.jpg
Cat1,10mph,lr,opposite,6,1624824988.9764855,/media/batool/MULTIMODAL_DATA/Multimodal_Data/Cat1/opposite/bag_files/Cat1_10mph_lr_opposite_6/camera_images/1624824988.9764855.jpg
Cat1,10mph,lr,opposite,6,1624824989.0098188,/media/batool/MULTIMODAL_DATA/Multimodal_Data/Cat1/opposite/bag_files/Cat1_10mph_lr_opposite_6/camera_images/1624824989.0098188.jpg
Cat1,10mph,lr,opposite,6,1624824989.043152,/media/batool/MULTIMODAL_DATA/Multimodal_Data/Cat1/opposite/bag_files/Cat1_10mph_lr_opposite_6/camera_images/1624824989.043152.jpg
Cat1,10mph,lr,opposite,6,1624824989.0764854,/media/batool/MULTIMODAL_DATA/Multimodal_Data/Cat1/opposite/bag_files/Cat1_10mph_lr_opposite_6/camera_images/1624824989.0764854.jpg
Cat1,10mph,lr,opposite,6,1624824989.143152,/media/batool/MULTIMODAL_DATA/Multimodal_Data/Cat1/opposite/bag_files/Cat1_10mph_lr_opposite_6/camera_images/1624824989.143152.jpg
Cat1,10mph,lr,opposite,6,1624824989.1764853,/media/batool/MULTIMODAL_DATA/Multimodal_Data/Cat1/opposite/bag_files/Cat1_10mph_lr_opposite_6/camera_images/1624824989.1764853.jpg
Cat1,10mph,lr,opposite,6,1624824989.2098186,/media/batool/MULTIMODAL_DATA/Multimodal_Data/Cat1/opposite/bag_files/Cat1_10mph_lr_opposite_6/camera_images/1624824989.2098186.jpg
Cat1,10mph,lr,opposite,6,1624824989.243152,/media/batool/MULTIMODAL_DATA/Multimodal_Data/Cat1/opposite/bag_files/Cat1_10mph_lr_opposite_6/camera_images/1624824989.243152.jpg
Cat1,10mph,lr,opposite,6,1624824989.2764852,/media/batool/MULTIMODAL_DATA/Multimodal_Data/Cat1/opposite/bag_files/Cat1_10mph_lr_opposite_6/camera_images/1624824989.2764852.jpg
Cat1,10mph,lr,opposite,6,1624824989.3098185,/media/batool/MULTIMODAL_DATA/Multimodal_Data/Cat1/opposite/bag_files/Cat1_10mph_lr_opposite_6/camera_images/1624824989.3098185.jpg
Cat1,10mph,lr,opposite,6,1624824989.3431518,/media/batool/MULTIMODAL_DATA/Multimodal_Data/Cat1/opposite/bag_files/Cat1_10mph_lr_opposite_6/camera_images/1624824989.3431518.jpg
Cat1,10mph,lr,opposite,6,1624824989.376485,/media/batool/MULTIMODAL_DATA/Multimodal_Data/Cat1/opposite/bag_files/Cat1_10mph_lr_opposite_6/camera_images/1624824989.376485.jpg
Cat1,10mph,lr,opposite,6,1624824989.4098184,/media/batool/MULTIMODAL_DATA/Multimodal_Data/Cat1/opposite/bag_files/Cat1_10mph_lr_opposite_6/camera_images/1624824989.4098184.jpg
Cat1,10mph,lr,opposite,6,1624824989.4431517,/media/batool/MULTIMODAL_DATA/Multimodal_Data/Cat1/opposite/bag_files/Cat1_10mph_lr_opposite_6/camera_images/1624824989.4431517.jpg
Cat1,10mph,lr,opposite,6,1624824989.476485,/media/batool/MULTIMODAL_DATA/Multimodal_Data/Cat1/opposite/bag_files/Cat1_10mph_lr_opposite_6/camera_images/1624824989.476485.jpg
Cat1,10mph,lr,opposite,6,1624824989.5098183,/media/batool/MULTIMODAL_DATA/Multimodal_Data/Cat1/opposite/bag_files/Cat1_10mph_lr_opposite_6/camera_images/1624824989.5098183.jpg
Cat1,10mph,lr,opposite,6,1624824989.5431516,/media/batool/MULTIMODAL_DATA/Multimodal_Data/Cat1/opposite/bag_files/Cat1_10mph_lr_opposite_6/camera_images/1624824989.5431516.jpg
Cat1,10mph,lr,opposite,6,1624824989.576485,/media/batool/MULTIMODAL_DATA/Multimodal_Data/Cat1/opposite/bag_files/Cat1_10mph_lr_opposite_6/camera_images/1624824989.576485.jpg
Cat1,10mph,lr,opposite,6,1624824989.6098182,/media/batool/MULTIMODAL_DATA/Multimodal_Data/Cat1/opposite/bag_files/Cat1_10mph_lr_opposite_6/camera_images/1624824989.6098182.jpg
Cat1,10mph,lr,opposite,6,1624824989.6764848,/media/batool/MULTIMODAL_DATA/Multimodal_Data/Cat1/opposite/bag_files/Cat1_10mph_lr_opposite_6/camera_images/1624824989.6764848.jpg
Cat1,10mph,lr,opposite,6,1624824989.7098181,/media/batool/MULTIMODAL_DATA/Multimodal_Data/Cat1/opposite/bag_files/Cat1_10mph_lr_opposite_6/camera_images/1624824989.7098181.jpg
Cat1,10mph,lr,opposite,6,1624824989.7431514,/media/batool/MULTIMODAL_DATA/Multimodal_Data/Cat1/opposite/bag_files/Cat1_10mph_lr_opposite_6/camera_images/1624824989.7431514.jpg
Cat1,10mph,lr,opposite,6,1624824989.7764847,/media/batool/MULTIMODAL_DATA/Multimodal_Data/Cat1/opposite/bag_files/Cat1_10mph_lr_opposite_6/camera_images/1624824989.7764847.jpg
Cat1,10mph,lr,opposite,6,1624824989.809818,/media/batool/MULTIMODAL_DATA/Multimodal_Data/Cat1/opposite/bag_files/Cat1_10mph_lr_opposite_6/camera_images/1624824989.809818.jpg
Cat1,10mph,lr,opposite,6,1624824989.8431513,/media/batool/MULTIMODAL_DATA/Multimodal_Data/Cat1/opposite/bag_files/Cat1_10mph_lr_opposite_6/camera_images/1624824989.8431513.jpg
Cat1,10mph,lr,opposite,6,1624824989.8764846,/media/batool/MULTIMODAL_DATA/Multimodal_Data/Cat1/opposite/bag_files/Cat1_10mph_lr_opposite_6/camera_images/1624824989.8764846.jpg
Cat1,10mph,lr,opposite,6,1624824989.909818,/media/batool/MULTIMODAL_DATA/Multimodal_Data/Cat1/opposite/bag_files/Cat1_10mph_lr_opposite_6/camera_images/1624824989.909818.jpg
Cat1,10mph,lr,opposite,6,1624824989.9431512,/media/batool/MULTIMODAL_DATA/Multimodal_Data/Cat1/opposite/bag_files/Cat1_10mph_lr_opposite_6/camera_images/1624824989.9431512.jpg
Cat1,10mph,lr,opposite,6,1624824989.9764845,/media/batool/MULTIMODAL_DATA/Multimodal_Data/Cat1/opposite/bag_files/Cat1_10mph_lr_opposite_6/camera_images/1624824989.9764845.jpg
Cat1,10mph,lr,opposite,6,1624824990.0098178,/media/batool/MULTIMODAL_DATA/Multimodal_Data/Cat1/opposite/bag_files/Cat1_10mph_lr_opposite_6/camera_images/1624824990.0098178.jpg
Cat1,10mph,lr,opposite,6,1624824990.0431511,/media/batool/MULTIMODAL_DATA/Multimodal_Data/Cat1/opposite/bag_files/Cat1_10mph_lr_opposite_6/camera_images/1624824990.0431511.jpg
Cat1,10mph,lr,opposite,6,1624824990.0764844,/media/batool/MULTIMODAL_DATA/Multimodal_Data/Cat1/opposite/bag_files/Cat1_10mph_lr_opposite_6/camera_images/1624824990.0764844.jpg
Cat1,10mph,lr,opposite,6,1624824990.1098177,/media/batool/MULTIMODAL_DATA/Multimodal_Data/Cat1/opposite/bag_files/Cat1_10mph_lr_opposite_6/camera_images/1624824990.1098177.jpg
Cat1,10mph,lr,opposite,6,1624824990.143151,/media/batool/MULTIMODAL_DATA/Multimodal_Data/Cat1/opposite/bag_files/Cat1_10mph_lr_opposite_6/camera_images/1624824990.143151.jpg
Cat1,10mph,lr,opposite,6,1624824990.2098176,/media/batool/MULTIMODAL_DATA/Multimodal_Data/Cat1/opposite/bag_files/Cat1_10mph_lr_opposite_6/camera_images/1624824990.2098176.jpg
Cat1,10mph,lr,opposite,6,1624824990.243151,/media/batool/MULTIMODAL_DATA/Multimodal_Data/Cat1/opposite/bag_files/Cat1_10mph_lr_opposite_6/camera_images/1624824990.243151.jpg
Cat1,10mph,lr,opposite,6,1624824990.2764843,/media/batool/MULTIMODAL_DATA/Multimodal_Data/Cat1/opposite/bag_files/Cat1_10mph_lr_opposite_6/camera_images/1624824990.2764843.jpg
Cat1,10mph,lr,opposite,6,1624824990.3098176,/media/batool/MULTIMODAL_DATA/Multimodal_Data/Cat1/opposite/bag_files/Cat1_10mph_lr_opposite_6/camera_images/1624824990.3098176.jpg
Cat1,10mph,lr,opposite,6,1624824990.3431509,/media/batool/MULTIMODAL_DATA/Multimodal_Data/Cat1/opposite/bag_files/Cat1_10mph_lr_opposite_6/camera_images/1624824990.3431509.jpg
Cat1,10mph,lr,opposite,6,1624824990.3764842,/media/batool/MULTIMODAL_DATA/Multimodal_Data/Cat1/opposite/bag_files/Cat1_10mph_lr_opposite_6/camera_images/1624824990.3764842.jpg
Cat1,10mph,lr,opposite,6,1624824990.4098175,/media/batool/MULTIMODAL_DATA/Multimodal_Data/Cat1/opposite/bag_files/Cat1_10mph_lr_opposite_6/camera_images/1624824990.4098175.jpg
Cat1,10mph,lr,opposite,6,1624824990.4431508,/media/batool/MULTIMODAL_DATA/Multimodal_Data/Cat1/opposite/bag_files/Cat1_10mph_lr_opposite_6/camera_images/1624824990.4431508.jpg
Cat1,10mph,lr,opposite,6,1624824990.476484,/media/batool/MULTIMODAL_DATA/Multimodal_Data/Cat1/opposite/bag_files/Cat1_10mph_lr_opposite_6/camera_images/1624824990.476484.jpg
Cat1,10mph,lr,opposite,6,1624824990.5098174,/media/batool/MULTIMODAL_DATA/Multimodal_Data/Cat1/opposite/bag_files/Cat1_10mph_lr_opposite_6/camera_images/1624824990.5098174.jpg
Cat1,10mph,lr,opposite,6,1624824990.5431507,/media/batool/MULTIMODAL_DATA/Multimodal_Data/Cat1/opposite/bag_files/Cat1_10mph_lr_opposite_6/camera_images/1624824990.5431507.jpg
Cat1,10mph,lr,opposite,6,1624824990.576484,/media/batool/MULTIMODAL_DATA/Multimodal_Data/Cat1/opposite/bag_files/Cat1_10mph_lr_opposite_6/camera_images/1624824990.576484.jpg
Cat1,10mph,lr,opposite,6,1624824990.6098173,/media/batool/MULTIMODAL_DATA/Multimodal_Data/Cat1/opposite/bag_files/Cat1_10mph_lr_opposite_6/camera_images/1624824990.6098173.jpg
Cat1,10mph,lr,opposite,6,1624824990.6431506,/media/batool/MULTIMODAL_DATA/Multimodal_Data/Cat1/opposite/bag_files/Cat1_10mph_lr_opposite_6/camera_images/1624824990.6431506.jpg
Cat1,10mph,lr,opposite,6,1624824990.6764839,/media/batool/MULTIMODAL_DATA/Multimodal_Data/Cat1/opposite/bag_files/Cat1_10mph_lr_opposite_6/camera_images/1624824990.6764839.jpg
Cat1,10mph,lr,opposite,6,1624824990.7431505,/media/batool/MULTIMODAL_DATA/Multimodal_Data/Cat1/opposite/bag_files/Cat1_10mph_lr_opposite_6/camera_images/1624824990.7431505.jpg
Cat1,10mph,lr,opposite,6,1624824990.7764838,/media/batool/MULTIMODAL_DATA/Multimodal_Data/Cat1/opposite/bag_files/Cat1_10mph_lr_opposite_6/camera_images/1624824990.7764838.jpg
Cat1,10mph,lr,opposite,6,1624824990.809817,/media/batool/MULTIMODAL_DATA/Multimodal_Data/Cat1/opposite/bag_files/Cat1_10mph_lr_opposite_6/camera_images/1624824990.809817.jpg
Cat1,10mph,lr,opposite,6,1624824990.8431504,/media/batool/MULTIMODAL_DATA/Multimodal_Data/Cat1/opposite/bag_files/Cat1_10mph_lr_opposite_6/camera_images/1624824990.8431504.jpg
Cat1,10mph,lr,opposite,6,1624824990.8764837,/media/batool/MULTIMODAL_DATA/Multimodal_Data/Cat1/opposite/bag_files/Cat1_10mph_lr_opposite_6/camera_images/1624824990.8764837.jpg
Cat1,10mph,lr,opposite,6,1624824990.909817,/media/batool/MULTIMODAL_DATA/Multimodal_Data/Cat1/opposite/bag_files/Cat1_10mph_lr_opposite_6/camera_images/1624824990.909817.jpg
Cat1,10mph,lr,opposite,6,1624824990.9431503,/media/batool/MULTIMODAL_DATA/Multimodal_Data/Cat1/opposite/bag_files/Cat1_10mph_lr_opposite_6/camera_images/1624824990.9431503.jpg
Cat1,10mph,lr,opposite,6,1624824990.9764836,/media/batool/MULTIMODAL_DATA/Multimodal_Data/Cat1/opposite/bag_files/Cat1_10mph_lr_opposite_6/camera_images/1624824990.9764836.jpg
Cat1,10mph,lr,opposite,6,1624824991.009817,/media/batool/MULTIMODAL_DATA/Multimodal_Data/Cat1/opposite/bag_files/Cat1_10mph_lr_opposite_6/camera_images/1624824991.009817.jpg
Cat1,10mph,lr,opposite,6,1624824991.0431502,/media/batool/MULTIMODAL_DATA/Multimodal_Data/Cat1/opposite/bag_files/Cat1_10mph_lr_opposite_6/camera_images/1624824991.0431502.jpg
Cat1,10mph,lr,opposite,6,1624824991.0764835,/media/batool/MULTIMODAL_DATA/Multimodal_Data/Cat1/opposite/bag_files/Cat1_10mph_lr_opposite_6/camera_images/1624824991.0764835.jpg
Cat1,10mph,lr,opposite,6,1624824991.1098168,/media/batool/MULTIMODAL_DATA/Multimodal_Data/Cat1/opposite/bag_files/Cat1_10mph_lr_opposite_6/camera_images/1624824991.1098168.jpg
Cat1,10mph,lr,opposite,6,1624824991.14315,/media/batool/MULTIMODAL_DATA/Multimodal_Data/Cat1/opposite/bag_files/Cat1_10mph_lr_opposite_6/camera_images/1624824991.14315.jpg
Cat1,10mph,lr,opposite,6,1624824991.1764834,/media/batool/MULTIMODAL_DATA/Multimodal_Data/Cat1/opposite/bag_files/Cat1_10mph_lr_opposite_6/camera_images/1624824991.1764834.jpg
Cat1,10mph,lr,opposite,6,1624824991.2098167,/media/batool/MULTIMODAL_DATA/Multimodal_Data/Cat1/opposite/bag_files/Cat1_10mph_lr_opposite_6/camera_images/1624824991.2098167.jpg
Cat1,10mph,lr,opposite,6,1624824991.2764833,/media/batool/MULTIMODAL_DATA/Multimodal_Data/Cat1/opposite/bag_files/Cat1_10mph_lr_opposite_6/camera_images/1624824991.2764833.jpg
Cat1,10mph,lr,opposite,6,1624824991.3098166,/media/batool/MULTIMODAL_DATA/Multimodal_Data/Cat1/opposite/bag_files/Cat1_10mph_lr_opposite_6/camera_images/1624824991.3098166.jpg
Cat1,10mph,lr,opposite,6,1624824991.34315,/media/batool/MULTIMODAL_DATA/Multimodal_Data/Cat1/opposite/bag_files/Cat1_10mph_lr_opposite_6/camera_images/1624824991.34315.jpg
Cat1,10mph,lr,opposite,6,1624824991.3764832,/media/batool/MULTIMODAL_DATA/Multimodal_Data/Cat1/opposite/bag_files/Cat1_10mph_lr_opposite_6/camera_images/1624824991.3764832.jpg
Cat1,10mph,lr,opposite,6,1624824991.4098165,/media/batool/MULTIMODAL_DATA/Multimodal_Data/Cat1/opposite/bag_files/Cat1_10mph_lr_opposite_6/camera_images/1624824991.4098165.jpg
Cat1,10mph,lr,opposite,6,1624824991.4431498,/media/batool/MULTIMODAL_DATA/Multimodal_Data/Cat1/opposite/bag_files/Cat1_10mph_lr_opposite_6/camera_images/1624824991.4431498.jpg
Cat1,10mph,lr,opposite,6,1624824991.476483,/media/batool/MULTIMODAL_DATA/Multimodal_Data/Cat1/opposite/bag_files/Cat1_10mph_lr_opposite_6/camera_images/1624824991.476483.jpg
Cat1,10mph,lr,opposite,6,1624824991.5098164,/media/batool/MULTIMODAL_DATA/Multimodal_Data/Cat1/opposite/bag_files/Cat1_10mph_lr_opposite_6/camera_images/1624824991.5098164.jpg
Cat1,10mph,lr,opposite,6,1624824991.5431497,/media/batool/MULTIMODAL_DATA/Multimodal_Data/Cat1/opposite/bag_files/Cat1_10mph_lr_opposite_6/camera_images/1624824991.5431497.jpg
Cat1,10mph,lr,opposite,6,1624824991.576483,/media/batool/MULTIMODAL_DATA/Multimodal_Data/Cat1/opposite/bag_files/Cat1_10mph_lr_opposite_6/camera_images/1624824991.576483.jpg
Cat1,10mph,lr,opposite,6,1624824991.6098163,/media/batool/MULTIMODAL_DATA/Multimodal_Data/Cat1/opposite/bag_files/Cat1_10mph_lr_opposite_6/camera_images/1624824991.6098163.jpg
Cat1,10mph,lr,opposite,6,1624824991.6431496,/media/batool/MULTIMODAL_DATA/Multimodal_Data/Cat1/opposite/bag_files/Cat1_10mph_lr_opposite_6/camera_images/1624824991.6431496.jpg
Cat1,10mph,lr,opposite,6,1624824991.676483,/media/batool/MULTIMODAL_DATA/Multimodal_Data/Cat1/opposite/bag_files/Cat1_10mph_lr_opposite_6/camera_images/1624824991.676483.jpg
Cat1,10mph,lr,opposite,6,1624824991.7098162,/media/batool/MULTIMODAL_DATA/Multimodal_Data/Cat1/opposite/bag_files/Cat1_10mph_lr_opposite_6/camera_images/1624824991.7098162.jpg
Cat1,10mph,lr,opposite,6,1624824991.7431495,/media/batool/MULTIMODAL_DATA/Multimodal_Data/Cat1/opposite/bag_files/Cat1_10mph_lr_opposite_6/camera_images/1624824991.7431495.jpg
Cat1,10mph,lr,opposite,6,1624824991.8098161,/media/batool/MULTIMODAL_DATA/Multimodal_Data/Cat1/opposite/bag_files/Cat1_10mph_lr_opposite_6/camera_images/1624824991.8098161.jpg
Cat1,10mph,lr,opposite,6,1624824991.8431494,/media/batool/MULTIMODAL_DATA/Multimodal_Data/Cat1/opposite/bag_files/Cat1_10mph_lr_opposite_6/camera_images/1624824991.8431494.jpg
Cat1,10mph,lr,opposite,6,1624824991.8764827,/media/batool/MULTIMODAL_DATA/Multimodal_Data/Cat1/opposite/bag_files/Cat1_10mph_lr_opposite_6/camera_images/1624824991.8764827.jpg
Cat1,10mph,lr,opposite,6,1624824991.909816,/media/batool/MULTIMODAL_DATA/Multimodal_Data/Cat1/opposite/bag_files/Cat1_10mph_lr_opposite_6/camera_images/1624824991.909816.jpg
Cat1,10mph,lr,opposite,6,1624824991.9431493,/media/batool/MULTIMODAL_DATA/Multimodal_Data/Cat1/opposite/bag_files/Cat1_10mph_lr_opposite_6/camera_images/1624824991.9431493.jpg
Cat1,10mph,lr,opposite,6,1624824991.9764826,/media/batool/MULTIMODAL_DATA/Multimodal_Data/Cat1/opposite/bag_files/Cat1_10mph_lr_opposite_6/camera_images/1624824991.9764826.jpg
Cat1,10mph,lr,opposite,6,1624824992.009816,/media/batool/MULTIMODAL_DATA/Multimodal_Data/Cat1/opposite/bag_files/Cat1_10mph_lr_opposite_6/camera_images/1624824992.009816.jpg
Cat1,10mph,lr,opposite,6,1624824992.0431492,/media/batool/MULTIMODAL_DATA/Multimodal_Data/Cat1/opposite/bag_files/Cat1_10mph_lr_opposite_6/camera_images/1624824992.0431492.jpg
Cat1,10mph,lr,opposite,6,1624824992.0764825,/media/batool/MULTIMODAL_DATA/Multimodal_Data/Cat1/opposite/bag_files/Cat1_10mph_lr_opposite_6/camera_images/1624824992.0764825.jpg
Cat1,10mph,lr,opposite,6,1624824992.1098158,/media/batool/MULTIMODAL_DATA/Multimodal_Data/Cat1/opposite/bag_files/Cat1_10mph_lr_opposite_6/camera_images/1624824992.1098158.jpg
Cat1,10mph,lr,opposite,6,1624824992.1431491,/media/batool/MULTIMODAL_DATA/Multimodal_Data/Cat1/opposite/bag_files/Cat1_10mph_lr_opposite_6/camera_images/1624824992.1431491.jpg
Cat1,10mph,lr,opposite,6,1624824992.1764824,/media/batool/MULTIMODAL_DATA/Multimodal_Data/Cat1/opposite/bag_files/Cat1_10mph_lr_opposite_6/camera_images/1624824992.1764824.jpg
Cat1,10mph,lr,opposite,6,1624824992.2098157,/media/batool/MULTIMODAL_DATA/Multimodal_Data/Cat1/opposite/bag_files/Cat1_10mph_lr_opposite_6/camera_images/1624824992.2098157.jpg
Cat1,10mph,lr,opposite,6,1624824992.243149,/media/batool/MULTIMODAL_DATA/Multimodal_Data/Cat1/opposite/bag_files/Cat1_10mph_lr_opposite_6/camera_images/1624824992.243149.jpg
Cat1,10mph,lr,opposite,6,1624824992.2764823,/media/batool/MULTIMODAL_DATA/Multimodal_Data/Cat1/opposite/bag_files/Cat1_10mph_lr_opposite_6/camera_images/1624824992.2764823.jpg
Cat1,10mph,lr,opposite,6,1624824992.3098156,/media/batool/MULTIMODAL_DATA/Multimodal_Data/Cat1/opposite/bag_files/Cat1_10mph_lr_opposite_6/camera_images/1624824992.3098156.jpg
Cat1,10mph,lr,opposite,6,1624824992.343149,/media/batool/MULTIMODAL_DATA/Multimodal_Data/Cat1/opposite/bag_files/Cat1_10mph_lr_opposite_6/camera_images/1624824992.343149.jpg
Cat1,10mph,lr,opposite,6,1624824992.3764822,/media/batool/MULTIMODAL_DATA/Multimodal_Data/Cat1/opposite/bag_files/Cat1_10mph_lr_opposite_6/camera_images/1624824992.3764822.jpg
Cat1,10mph,lr,opposite,6,1624824992.4098155,/media/batool/MULTIMODAL_DATA/Multimodal_Data/Cat1/opposite/bag_files/Cat1_10mph_lr_opposite_6/camera_images/1624824992.4098155.jpg
Cat1,10mph,lr,opposite,6,1624824992.4431489,/media/batool/MULTIMODAL_DATA/Multimodal_Data/Cat1/opposite/bag_files/Cat1_10mph_lr_opposite_6/camera_images/1624824992.4431489.jpg
Cat1,10mph,lr,opposite,6,1624824992.4764822,/media/batool/MULTIMODAL_DATA/Multimodal_Data/Cat1/opposite/bag_files/Cat1_10mph_lr_opposite_6/camera_images/1624824992.4764822.jpg
Cat1,10mph,lr,opposite,6,1624824992.5098155,/media/batool/MULTIMODAL_DATA/Multimodal_Data/Cat1/opposite/bag_files/Cat1_10mph_lr_opposite_6/camera_images/1624824992.5098155.jpg
