Category,speed,direction,lane,episode,Time header,lidar number,path to the file
Cat1,10mph,lr,opposite,6,1624824976.004702000,ns1,/media/batool/MULTIMODAL_DATA/Multimodal_Data/Cat1/opposite/bag_files/Cat1_10mph_lr_opposite_6/lidar_pcd/ns1/velodyne_points/1624824976.004702000.pcd
Cat1,10mph,lr,opposite,6,1624824976.105561000,ns1,/media/batool/MULTIMODAL_DATA/Multimodal_Data/Cat1/opposite/bag_files/Cat1_10mph_lr_opposite_6/lidar_pcd/ns1/velodyne_points/1624824976.105561000.pcd
Cat1,10mph,lr,opposite,6,1624824976.206418000,ns1,/media/batool/MULTIMODAL_DATA/Multimodal_Data/Cat1/opposite/bag_files/Cat1_10mph_lr_opposite_6/lidar_pcd/ns1/velodyne_points/1624824976.206418000.pcd
Cat1,10mph,lr,opposite,6,1624824976.307286000,ns1,/media/batool/MULTIMODAL_DATA/Multimodal_Data/Cat1/opposite/bag_files/Cat1_10mph_lr_opposite_6/lidar_pcd/ns1/velodyne_points/1624824976.307286000.pcd
Cat1,10mph,lr,opposite,6,1624824976.408124000,ns1,/media/batool/MULTIMODAL_DATA/Multimodal_Data/Cat1/opposite/bag_files/Cat1_10mph_lr_opposite_6/lidar_pcd/ns1/velodyne_points/1624824976.408124000.pcd
Cat1,10mph,lr,opposite,6,1624824976.509016000,ns1,/media/batool/MULTIMODAL_DATA/Multimodal_Data/Cat1/opposite/bag_files/Cat1_10mph_lr_opposite_6/lidar_pcd/ns1/velodyne_points/1624824976.509016000.pcd
Cat1,10mph,lr,opposite,6,1624824976.609844000,ns1,/media/batool/MULTIMODAL_DATA/Multimodal_Data/Cat1/opposite/bag_files/Cat1_10mph_lr_opposite_6/lidar_pcd/ns1/velodyne_points/1624824976.609844000.pcd
Cat1,10mph,lr,opposite,6,1624824976.710728000,ns1,/media/batool/MULTIMODAL_DATA/Multimodal_Data/Cat1/opposite/bag_files/Cat1_10mph_lr_opposite_6/lidar_pcd/ns1/velodyne_points/1624824976.710728000.pcd
Cat1,10mph,lr,opposite,6,1624824976.811568000,ns1,/media/batool/MULTIMODAL_DATA/Multimodal_Data/Cat1/opposite/bag_files/Cat1_10mph_lr_opposite_6/lidar_pcd/ns1/velodyne_points/1624824976.811568000.pcd
Cat1,10mph,lr,opposite,6,1624824976.912430000,ns1,/media/batool/MULTIMODAL_DATA/Multimodal_Data/Cat1/opposite/bag_files/Cat1_10mph_lr_opposite_6/lidar_pcd/ns1/velodyne_points/1624824976.912430000.pcd
Cat1,10mph,lr,opposite,6,1624824977.013279000,ns1,/media/batool/MULTIMODAL_DATA/Multimodal_Data/Cat1/opposite/bag_files/Cat1_10mph_lr_opposite_6/lidar_pcd/ns1/velodyne_points/1624824977.013279000.pcd
Cat1,10mph,lr,opposite,6,1624824977.114158000,ns1,/media/batool/MULTIMODAL_DATA/Multimodal_Data/Cat1/opposite/bag_files/Cat1_10mph_lr_opposite_6/lidar_pcd/ns1/velodyne_points/1624824977.114158000.pcd
Cat1,10mph,lr,opposite,6,1624824977.214982000,ns1,/media/batool/MULTIMODAL_DATA/Multimodal_Data/Cat1/opposite/bag_files/Cat1_10mph_lr_opposite_6/lidar_pcd/ns1/velodyne_points/1624824977.214982000.pcd
Cat1,10mph,lr,opposite,6,1624824977.315848000,ns1,/media/batool/MULTIMODAL_DATA/Multimodal_Data/Cat1/opposite/bag_files/Cat1_10mph_lr_opposite_6/lidar_pcd/ns1/velodyne_points/1624824977.315848000.pcd
Cat1,10mph,lr,opposite,6,1624824977.517583000,ns1,/media/batool/MULTIMODAL_DATA/Multimodal_Data/Cat1/opposite/bag_files/Cat1_10mph_lr_opposite_6/lidar_pcd/ns1/velodyne_points/1624824977.517583000.pcd
Cat1,10mph,lr,opposite,6,1624824977.618440000,ns1,/media/batool/MULTIMODAL_DATA/Multimodal_Data/Cat1/opposite/bag_files/Cat1_10mph_lr_opposite_6/lidar_pcd/ns1/velodyne_points/1624824977.618440000.pcd
Cat1,10mph,lr,opposite,6,1624824977.719268000,ns1,/media/batool/MULTIMODAL_DATA/Multimodal_Data/Cat1/opposite/bag_files/Cat1_10mph_lr_opposite_6/lidar_pcd/ns1/velodyne_points/1624824977.719268000.pcd
Cat1,10mph,lr,opposite,6,1624824977.820156000,ns1,/media/batool/MULTIMODAL_DATA/Multimodal_Data/Cat1/opposite/bag_files/Cat1_10mph_lr_opposite_6/lidar_pcd/ns1/velodyne_points/1624824977.820156000.pcd
Cat1,10mph,lr,opposite,6,1624824977.921003000,ns1,/media/batool/MULTIMODAL_DATA/Multimodal_Data/Cat1/opposite/bag_files/Cat1_10mph_lr_opposite_6/lidar_pcd/ns1/velodyne_points/1624824977.921003000.pcd
Cat1,10mph,lr,opposite,6,1624824978.021852000,ns1,/media/batool/MULTIMODAL_DATA/Multimodal_Data/Cat1/opposite/bag_files/Cat1_10mph_lr_opposite_6/lidar_pcd/ns1/velodyne_points/1624824978.021852000.pcd
Cat1,10mph,lr,opposite,6,1624824978.122729000,ns1,/media/batool/MULTIMODAL_DATA/Multimodal_Data/Cat1/opposite/bag_files/Cat1_10mph_lr_opposite_6/lidar_pcd/ns1/velodyne_points/1624824978.122729000.pcd
Cat1,10mph,lr,opposite,6,1624824978.223573000,ns1,/media/batool/MULTIMODAL_DATA/Multimodal_Data/Cat1/opposite/bag_files/Cat1_10mph_lr_opposite_6/lidar_pcd/ns1/velodyne_points/1624824978.223573000.pcd
Cat1,10mph,lr,opposite,6,1624824978.324420000,ns1,/media/batool/MULTIMODAL_DATA/Multimodal_Data/Cat1/opposite/bag_files/Cat1_10mph_lr_opposite_6/lidar_pcd/ns1/velodyne_points/1624824978.324420000.pcd
Cat1,10mph,lr,opposite,6,1624824978.425278000,ns1,/media/batool/MULTIMODAL_DATA/Multimodal_Data/Cat1/opposite/bag_files/Cat1_10mph_lr_opposite_6/lidar_pcd/ns1/velodyne_points/1624824978.425278000.pcd
Cat1,10mph,lr,opposite,6,1624824978.526146000,ns1,/media/batool/MULTIMODAL_DATA/Multimodal_Data/Cat1/opposite/bag_files/Cat1_10mph_lr_opposite_6/lidar_pcd/ns1/velodyne_points/1624824978.526146000.pcd
Cat1,10mph,lr,opposite,6,1624824978.627033000,ns1,/media/batool/MULTIMODAL_DATA/Multimodal_Data/Cat1/opposite/bag_files/Cat1_10mph_lr_opposite_6/lidar_pcd/ns1/velodyne_points/1624824978.627033000.pcd
Cat1,10mph,lr,opposite,6,1624824978.727838000,ns1,/media/batool/MULTIMODAL_DATA/Multimodal_Data/Cat1/opposite/bag_files/Cat1_10mph_lr_opposite_6/lidar_pcd/ns1/velodyne_points/1624824978.727838000.pcd
Cat1,10mph,lr,opposite,6,1624824978.828710000,ns1,/media/batool/MULTIMODAL_DATA/Multimodal_Data/Cat1/opposite/bag_files/Cat1_10mph_lr_opposite_6/lidar_pcd/ns1/velodyne_points/1624824978.828710000.pcd
Cat1,10mph,lr,opposite,6,1624824979.030420000,ns1,/media/batool/MULTIMODAL_DATA/Multimodal_Data/Cat1/opposite/bag_files/Cat1_10mph_lr_opposite_6/lidar_pcd/ns1/velodyne_points/1624824979.030420000.pcd
Cat1,10mph,lr,opposite,6,1624824979.131291000,ns1,/media/batool/MULTIMODAL_DATA/Multimodal_Data/Cat1/opposite/bag_files/Cat1_10mph_lr_opposite_6/lidar_pcd/ns1/velodyne_points/1624824979.131291000.pcd
Cat1,10mph,lr,opposite,6,1624824979.232100000,ns1,/media/batool/MULTIMODAL_DATA/Multimodal_Data/Cat1/opposite/bag_files/Cat1_10mph_lr_opposite_6/lidar_pcd/ns1/velodyne_points/1624824979.232100000.pcd
Cat1,10mph,lr,opposite,6,1624824979.332956000,ns1,/media/batool/MULTIMODAL_DATA/Multimodal_Data/Cat1/opposite/bag_files/Cat1_10mph_lr_opposite_6/lidar_pcd/ns1/velodyne_points/1624824979.332956000.pcd
Cat1,10mph,lr,opposite,6,1624824979.433895000,ns1,/media/batool/MULTIMODAL_DATA/Multimodal_Data/Cat1/opposite/bag_files/Cat1_10mph_lr_opposite_6/lidar_pcd/ns1/velodyne_points/1624824979.433895000.pcd
Cat1,10mph,lr,opposite,6,1624824979.534663000,ns1,/media/batool/MULTIMODAL_DATA/Multimodal_Data/Cat1/opposite/bag_files/Cat1_10mph_lr_opposite_6/lidar_pcd/ns1/velodyne_points/1624824979.534663000.pcd
Cat1,10mph,lr,opposite,6,1624824979.635571000,ns1,/media/batool/MULTIMODAL_DATA/Multimodal_Data/Cat1/opposite/bag_files/Cat1_10mph_lr_opposite_6/lidar_pcd/ns1/velodyne_points/1624824979.635571000.pcd
Cat1,10mph,lr,opposite,6,1624824979.736397000,ns1,/media/batool/MULTIMODAL_DATA/Multimodal_Data/Cat1/opposite/bag_files/Cat1_10mph_lr_opposite_6/lidar_pcd/ns1/velodyne_points/1624824979.736397000.pcd
Cat1,10mph,lr,opposite,6,1624824979.837275000,ns1,/media/batool/MULTIMODAL_DATA/Multimodal_Data/Cat1/opposite/bag_files/Cat1_10mph_lr_opposite_6/lidar_pcd/ns1/velodyne_points/1624824979.837275000.pcd
Cat1,10mph,lr,opposite,6,1624824979.938129000,ns1,/media/batool/MULTIMODAL_DATA/Multimodal_Data/Cat1/opposite/bag_files/Cat1_10mph_lr_opposite_6/lidar_pcd/ns1/velodyne_points/1624824979.938129000.pcd
Cat1,10mph,lr,opposite,6,1624824980.039002000,ns1,/media/batool/MULTIMODAL_DATA/Multimodal_Data/Cat1/opposite/bag_files/Cat1_10mph_lr_opposite_6/lidar_pcd/ns1/velodyne_points/1624824980.039002000.pcd
Cat1,10mph,lr,opposite,6,1624824980.139846000,ns1,/media/batool/MULTIMODAL_DATA/Multimodal_Data/Cat1/opposite/bag_files/Cat1_10mph_lr_opposite_6/lidar_pcd/ns1/velodyne_points/1624824980.139846000.pcd
Cat1,10mph,lr,opposite,6,1624824980.240718000,ns1,/media/batool/MULTIMODAL_DATA/Multimodal_Data/Cat1/opposite/bag_files/Cat1_10mph_lr_opposite_6/lidar_pcd/ns1/velodyne_points/1624824980.240718000.pcd
Cat1,10mph,lr,opposite,6,1624824980.341573000,ns1,/media/batool/MULTIMODAL_DATA/Multimodal_Data/Cat1/opposite/bag_files/Cat1_10mph_lr_opposite_6/lidar_pcd/ns1/velodyne_points/1624824980.341573000.pcd
Cat1,10mph,lr,opposite,6,1624824980.543270000,ns1,/media/batool/MULTIMODAL_DATA/Multimodal_Data/Cat1/opposite/bag_files/Cat1_10mph_lr_opposite_6/lidar_pcd/ns1/velodyne_points/1624824980.543270000.pcd
Cat1,10mph,lr,opposite,6,1624824980.644177000,ns1,/media/batool/MULTIMODAL_DATA/Multimodal_Data/Cat1/opposite/bag_files/Cat1_10mph_lr_opposite_6/lidar_pcd/ns1/velodyne_points/1624824980.644177000.pcd
Cat1,10mph,lr,opposite,6,1624824980.745004000,ns1,/media/batool/MULTIMODAL_DATA/Multimodal_Data/Cat1/opposite/bag_files/Cat1_10mph_lr_opposite_6/lidar_pcd/ns1/velodyne_points/1624824980.745004000.pcd
Cat1,10mph,lr,opposite,6,1624824980.845860000,ns1,/media/batool/MULTIMODAL_DATA/Multimodal_Data/Cat1/opposite/bag_files/Cat1_10mph_lr_opposite_6/lidar_pcd/ns1/velodyne_points/1624824980.845860000.pcd
Cat1,10mph,lr,opposite,6,1624824980.946717000,ns1,/media/batool/MULTIMODAL_DATA/Multimodal_Data/Cat1/opposite/bag_files/Cat1_10mph_lr_opposite_6/lidar_pcd/ns1/velodyne_points/1624824980.946717000.pcd
Cat1,10mph,lr,opposite,6,1624824981.047584000,ns1,/media/batool/MULTIMODAL_DATA/Multimodal_Data/Cat1/opposite/bag_files/Cat1_10mph_lr_opposite_6/lidar_pcd/ns1/velodyne_points/1624824981.047584000.pcd
Cat1,10mph,lr,opposite,6,1624824981.148428000,ns1,/media/batool/MULTIMODAL_DATA/Multimodal_Data/Cat1/opposite/bag_files/Cat1_10mph_lr_opposite_6/lidar_pcd/ns1/velodyne_points/1624824981.148428000.pcd
Cat1,10mph,lr,opposite,6,1624824981.249272000,ns1,/media/batool/MULTIMODAL_DATA/Multimodal_Data/Cat1/opposite/bag_files/Cat1_10mph_lr_opposite_6/lidar_pcd/ns1/velodyne_points/1624824981.249272000.pcd
Cat1,10mph,lr,opposite,6,1624824981.350108000,ns1,/media/batool/MULTIMODAL_DATA/Multimodal_Data/Cat1/opposite/bag_files/Cat1_10mph_lr_opposite_6/lidar_pcd/ns1/velodyne_points/1624824981.350108000.pcd
Cat1,10mph,lr,opposite,6,1624824981.450994000,ns1,/media/batool/MULTIMODAL_DATA/Multimodal_Data/Cat1/opposite/bag_files/Cat1_10mph_lr_opposite_6/lidar_pcd/ns1/velodyne_points/1624824981.450994000.pcd
Cat1,10mph,lr,opposite,6,1624824981.551833000,ns1,/media/batool/MULTIMODAL_DATA/Multimodal_Data/Cat1/opposite/bag_files/Cat1_10mph_lr_opposite_6/lidar_pcd/ns1/velodyne_points/1624824981.551833000.pcd
Cat1,10mph,lr,opposite,6,1624824981.652703000,ns1,/media/batool/MULTIMODAL_DATA/Multimodal_Data/Cat1/opposite/bag_files/Cat1_10mph_lr_opposite_6/lidar_pcd/ns1/velodyne_points/1624824981.652703000.pcd
Cat1,10mph,lr,opposite,6,1624824981.753527000,ns1,/media/batool/MULTIMODAL_DATA/Multimodal_Data/Cat1/opposite/bag_files/Cat1_10mph_lr_opposite_6/lidar_pcd/ns1/velodyne_points/1624824981.753527000.pcd
Cat1,10mph,lr,opposite,6,1624824981.854427000,ns1,/media/batool/MULTIMODAL_DATA/Multimodal_Data/Cat1/opposite/bag_files/Cat1_10mph_lr_opposite_6/lidar_pcd/ns1/velodyne_points/1624824981.854427000.pcd
Cat1,10mph,lr,opposite,6,1624824977.416712000,ns1,/media/batool/MULTIMODAL_DATA/Multimodal_Data/Cat1/opposite/bag_files/Cat1_10mph_lr_opposite_6/lidar_pcd/ns1/velodyne_points/1624824977.416712000.pcd
Cat1,10mph,lr,opposite,6,1624824978.929560000,ns1,/media/batool/MULTIMODAL_DATA/Multimodal_Data/Cat1/opposite/bag_files/Cat1_10mph_lr_opposite_6/lidar_pcd/ns1/velodyne_points/1624824978.929560000.pcd
Cat1,10mph,lr,opposite,6,1624824980.442414000,ns1,/media/batool/MULTIMODAL_DATA/Multimodal_Data/Cat1/opposite/bag_files/Cat1_10mph_lr_opposite_6/lidar_pcd/ns1/velodyne_points/1624824980.442414000.pcd
Cat1,10mph,lr,opposite,6,1624824981.955283000,ns1,/media/batool/MULTIMODAL_DATA/Multimodal_Data/Cat1/opposite/bag_files/Cat1_10mph_lr_opposite_6/lidar_pcd/ns1/velodyne_points/1624824981.955283000.pcd
Cat1,10mph,lr,opposite,6,1624824983.468149000,ns1,/media/batool/MULTIMODAL_DATA/Multimodal_Data/Cat1/opposite/bag_files/Cat1_10mph_lr_opposite_6/lidar_pcd/ns1/velodyne_points/1624824983.468149000.pcd
Cat1,10mph,lr,opposite,6,1624824984.980944000,ns1,/media/batool/MULTIMODAL_DATA/Multimodal_Data/Cat1/opposite/bag_files/Cat1_10mph_lr_opposite_6/lidar_pcd/ns1/velodyne_points/1624824984.980944000.pcd
Cat1,10mph,lr,opposite,6,1624824986.493845000,ns1,/media/batool/MULTIMODAL_DATA/Multimodal_Data/Cat1/opposite/bag_files/Cat1_10mph_lr_opposite_6/lidar_pcd/ns1/velodyne_points/1624824986.493845000.pcd
Cat1,10mph,lr,opposite,6,1624824988.006634000,ns1,/media/batool/MULTIMODAL_DATA/Multimodal_Data/Cat1/opposite/bag_files/Cat1_10mph_lr_opposite_6/lidar_pcd/ns1/velodyne_points/1624824988.006634000.pcd
Cat1,10mph,lr,opposite,6,1624824989.519543000,ns1,/media/batool/MULTIMODAL_DATA/Multimodal_Data/Cat1/opposite/bag_files/Cat1_10mph_lr_opposite_6/lidar_pcd/ns1/velodyne_points/1624824989.519543000.pcd
Cat1,10mph,lr,opposite,6,1624824991.032387000,ns1,/media/batool/MULTIMODAL_DATA/Multimodal_Data/Cat1/opposite/bag_files/Cat1_10mph_lr_opposite_6/lidar_pcd/ns1/velodyne_points/1624824991.032387000.pcd
Cat1,10mph,lr,opposite,6,1624824992.545215000,ns1,/media/batool/MULTIMODAL_DATA/Multimodal_Data/Cat1/opposite/bag_files/Cat1_10mph_lr_opposite_6/lidar_pcd/ns1/velodyne_points/1624824992.545215000.pcd
Cat1,10mph,lr,opposite,6,1624824994.058100000,ns1,/media/batool/MULTIMODAL_DATA/Multimodal_Data/Cat1/opposite/bag_files/Cat1_10mph_lr_opposite_6/lidar_pcd/ns1/velodyne_points/1624824994.058100000.pcd
Cat1,10mph,lr,opposite,6,1624824995.570967000,ns1,/media/batool/MULTIMODAL_DATA/Multimodal_Data/Cat1/opposite/bag_files/Cat1_10mph_lr_opposite_6/lidar_pcd/ns1/velodyne_points/1624824995.570967000.pcd
Cat1,10mph,lr,opposite,6,1624824997.083779000,ns1,/media/batool/MULTIMODAL_DATA/Multimodal_Data/Cat1/opposite/bag_files/Cat1_10mph_lr_opposite_6/lidar_pcd/ns1/velodyne_points/1624824997.083779000.pcd
Cat1,10mph,lr,opposite,6,1624824998.596636000,ns1,/media/batool/MULTIMODAL_DATA/Multimodal_Data/Cat1/opposite/bag_files/Cat1_10mph_lr_opposite_6/lidar_pcd/ns1/velodyne_points/1624824998.596636000.pcd
Cat1,10mph,lr,opposite,6,1624824982.056103000,ns1,/media/batool/MULTIMODAL_DATA/Multimodal_Data/Cat1/opposite/bag_files/Cat1_10mph_lr_opposite_6/lidar_pcd/ns1/velodyne_points/1624824982.056103000.pcd
Cat1,10mph,lr,opposite,6,1624824982.156947000,ns1,/media/batool/MULTIMODAL_DATA/Multimodal_Data/Cat1/opposite/bag_files/Cat1_10mph_lr_opposite_6/lidar_pcd/ns1/velodyne_points/1624824982.156947000.pcd
Cat1,10mph,lr,opposite,6,1624824982.257842000,ns1,/media/batool/MULTIMODAL_DATA/Multimodal_Data/Cat1/opposite/bag_files/Cat1_10mph_lr_opposite_6/lidar_pcd/ns1/velodyne_points/1624824982.257842000.pcd
Cat1,10mph,lr,opposite,6,1624824982.358707000,ns1,/media/batool/MULTIMODAL_DATA/Multimodal_Data/Cat1/opposite/bag_files/Cat1_10mph_lr_opposite_6/lidar_pcd/ns1/velodyne_points/1624824982.358707000.pcd
Cat1,10mph,lr,opposite,6,1624824982.459590000,ns1,/media/batool/MULTIMODAL_DATA/Multimodal_Data/Cat1/opposite/bag_files/Cat1_10mph_lr_opposite_6/lidar_pcd/ns1/velodyne_points/1624824982.459590000.pcd
Cat1,10mph,lr,opposite,6,1624824982.560425000,ns1,/media/batool/MULTIMODAL_DATA/Multimodal_Data/Cat1/opposite/bag_files/Cat1_10mph_lr_opposite_6/lidar_pcd/ns1/velodyne_points/1624824982.560425000.pcd
Cat1,10mph,lr,opposite,6,1624824982.661257000,ns1,/media/batool/MULTIMODAL_DATA/Multimodal_Data/Cat1/opposite/bag_files/Cat1_10mph_lr_opposite_6/lidar_pcd/ns1/velodyne_points/1624824982.661257000.pcd
Cat1,10mph,lr,opposite,6,1624824982.762127000,ns1,/media/batool/MULTIMODAL_DATA/Multimodal_Data/Cat1/opposite/bag_files/Cat1_10mph_lr_opposite_6/lidar_pcd/ns1/velodyne_points/1624824982.762127000.pcd
Cat1,10mph,lr,opposite,6,1624824982.862969000,ns1,/media/batool/MULTIMODAL_DATA/Multimodal_Data/Cat1/opposite/bag_files/Cat1_10mph_lr_opposite_6/lidar_pcd/ns1/velodyne_points/1624824982.862969000.pcd
Cat1,10mph,lr,opposite,6,1624824982.963815000,ns1,/media/batool/MULTIMODAL_DATA/Multimodal_Data/Cat1/opposite/bag_files/Cat1_10mph_lr_opposite_6/lidar_pcd/ns1/velodyne_points/1624824982.963815000.pcd
Cat1,10mph,lr,opposite,6,1624824983.064662000,ns1,/media/batool/MULTIMODAL_DATA/Multimodal_Data/Cat1/opposite/bag_files/Cat1_10mph_lr_opposite_6/lidar_pcd/ns1/velodyne_points/1624824983.064662000.pcd
Cat1,10mph,lr,opposite,6,1624824983.165556000,ns1,/media/batool/MULTIMODAL_DATA/Multimodal_Data/Cat1/opposite/bag_files/Cat1_10mph_lr_opposite_6/lidar_pcd/ns1/velodyne_points/1624824983.165556000.pcd
Cat1,10mph,lr,opposite,6,1624824983.266423000,ns1,/media/batool/MULTIMODAL_DATA/Multimodal_Data/Cat1/opposite/bag_files/Cat1_10mph_lr_opposite_6/lidar_pcd/ns1/velodyne_points/1624824983.266423000.pcd
Cat1,10mph,lr,opposite,6,1624824983.367277000,ns1,/media/batool/MULTIMODAL_DATA/Multimodal_Data/Cat1/opposite/bag_files/Cat1_10mph_lr_opposite_6/lidar_pcd/ns1/velodyne_points/1624824983.367277000.pcd
Cat1,10mph,lr,opposite,6,1624824983.568975000,ns1,/media/batool/MULTIMODAL_DATA/Multimodal_Data/Cat1/opposite/bag_files/Cat1_10mph_lr_opposite_6/lidar_pcd/ns1/velodyne_points/1624824983.568975000.pcd
Cat1,10mph,lr,opposite,6,1624824983.669842000,ns1,/media/batool/MULTIMODAL_DATA/Multimodal_Data/Cat1/opposite/bag_files/Cat1_10mph_lr_opposite_6/lidar_pcd/ns1/velodyne_points/1624824983.669842000.pcd
Cat1,10mph,lr,opposite,6,1624824983.770701000,ns1,/media/batool/MULTIMODAL_DATA/Multimodal_Data/Cat1/opposite/bag_files/Cat1_10mph_lr_opposite_6/lidar_pcd/ns1/velodyne_points/1624824983.770701000.pcd
Cat1,10mph,lr,opposite,6,1624824983.871540000,ns1,/media/batool/MULTIMODAL_DATA/Multimodal_Data/Cat1/opposite/bag_files/Cat1_10mph_lr_opposite_6/lidar_pcd/ns1/velodyne_points/1624824983.871540000.pcd
Cat1,10mph,lr,opposite,6,1624824983.972420000,ns1,/media/batool/MULTIMODAL_DATA/Multimodal_Data/Cat1/opposite/bag_files/Cat1_10mph_lr_opposite_6/lidar_pcd/ns1/velodyne_points/1624824983.972420000.pcd
Cat1,10mph,lr,opposite,6,1624824984.073258000,ns1,/media/batool/MULTIMODAL_DATA/Multimodal_Data/Cat1/opposite/bag_files/Cat1_10mph_lr_opposite_6/lidar_pcd/ns1/velodyne_points/1624824984.073258000.pcd
Cat1,10mph,lr,opposite,6,1624824984.174131000,ns1,/media/batool/MULTIMODAL_DATA/Multimodal_Data/Cat1/opposite/bag_files/Cat1_10mph_lr_opposite_6/lidar_pcd/ns1/velodyne_points/1624824984.174131000.pcd
Cat1,10mph,lr,opposite,6,1624824984.274981000,ns1,/media/batool/MULTIMODAL_DATA/Multimodal_Data/Cat1/opposite/bag_files/Cat1_10mph_lr_opposite_6/lidar_pcd/ns1/velodyne_points/1624824984.274981000.pcd
Cat1,10mph,lr,opposite,6,1624824984.375854000,ns1,/media/batool/MULTIMODAL_DATA/Multimodal_Data/Cat1/opposite/bag_files/Cat1_10mph_lr_opposite_6/lidar_pcd/ns1/velodyne_points/1624824984.375854000.pcd
Cat1,10mph,lr,opposite,6,1624824984.476716000,ns1,/media/batool/MULTIMODAL_DATA/Multimodal_Data/Cat1/opposite/bag_files/Cat1_10mph_lr_opposite_6/lidar_pcd/ns1/velodyne_points/1624824984.476716000.pcd
Cat1,10mph,lr,opposite,6,1624824984.577550000,ns1,/media/batool/MULTIMODAL_DATA/Multimodal_Data/Cat1/opposite/bag_files/Cat1_10mph_lr_opposite_6/lidar_pcd/ns1/velodyne_points/1624824984.577550000.pcd
Cat1,10mph,lr,opposite,6,1624824984.678397000,ns1,/media/batool/MULTIMODAL_DATA/Multimodal_Data/Cat1/opposite/bag_files/Cat1_10mph_lr_opposite_6/lidar_pcd/ns1/velodyne_points/1624824984.678397000.pcd
Cat1,10mph,lr,opposite,6,1624824984.779249000,ns1,/media/batool/MULTIMODAL_DATA/Multimodal_Data/Cat1/opposite/bag_files/Cat1_10mph_lr_opposite_6/lidar_pcd/ns1/velodyne_points/1624824984.779249000.pcd
Cat1,10mph,lr,opposite,6,1624824984.880074000,ns1,/media/batool/MULTIMODAL_DATA/Multimodal_Data/Cat1/opposite/bag_files/Cat1_10mph_lr_opposite_6/lidar_pcd/ns1/velodyne_points/1624824984.880074000.pcd
Cat1,10mph,lr,opposite,6,1624824985.081845000,ns1,/media/batool/MULTIMODAL_DATA/Multimodal_Data/Cat1/opposite/bag_files/Cat1_10mph_lr_opposite_6/lidar_pcd/ns1/velodyne_points/1624824985.081845000.pcd
Cat1,10mph,lr,opposite,6,1624824985.182701000,ns1,/media/batool/MULTIMODAL_DATA/Multimodal_Data/Cat1/opposite/bag_files/Cat1_10mph_lr_opposite_6/lidar_pcd/ns1/velodyne_points/1624824985.182701000.pcd
Cat1,10mph,lr,opposite,6,1624824985.283545000,ns1,/media/batool/MULTIMODAL_DATA/Multimodal_Data/Cat1/opposite/bag_files/Cat1_10mph_lr_opposite_6/lidar_pcd/ns1/velodyne_points/1624824985.283545000.pcd
Cat1,10mph,lr,opposite,6,1624824985.384409000,ns1,/media/batool/MULTIMODAL_DATA/Multimodal_Data/Cat1/opposite/bag_files/Cat1_10mph_lr_opposite_6/lidar_pcd/ns1/velodyne_points/1624824985.384409000.pcd
Cat1,10mph,lr,opposite,6,1624824985.485304000,ns1,/media/batool/MULTIMODAL_DATA/Multimodal_Data/Cat1/opposite/bag_files/Cat1_10mph_lr_opposite_6/lidar_pcd/ns1/velodyne_points/1624824985.485304000.pcd
Cat1,10mph,lr,opposite,6,1624824985.586127000,ns1,/media/batool/MULTIMODAL_DATA/Multimodal_Data/Cat1/opposite/bag_files/Cat1_10mph_lr_opposite_6/lidar_pcd/ns1/velodyne_points/1624824985.586127000.pcd
Cat1,10mph,lr,opposite,6,1624824985.686955000,ns1,/media/batool/MULTIMODAL_DATA/Multimodal_Data/Cat1/opposite/bag_files/Cat1_10mph_lr_opposite_6/lidar_pcd/ns1/velodyne_points/1624824985.686955000.pcd
Cat1,10mph,lr,opposite,6,1624824985.787837000,ns1,/media/batool/MULTIMODAL_DATA/Multimodal_Data/Cat1/opposite/bag_files/Cat1_10mph_lr_opposite_6/lidar_pcd/ns1/velodyne_points/1624824985.787837000.pcd
Cat1,10mph,lr,opposite,6,1624824985.888696000,ns1,/media/batool/MULTIMODAL_DATA/Multimodal_Data/Cat1/opposite/bag_files/Cat1_10mph_lr_opposite_6/lidar_pcd/ns1/velodyne_points/1624824985.888696000.pcd
Cat1,10mph,lr,opposite,6,1624824985.989553000,ns1,/media/batool/MULTIMODAL_DATA/Multimodal_Data/Cat1/opposite/bag_files/Cat1_10mph_lr_opposite_6/lidar_pcd/ns1/velodyne_points/1624824985.989553000.pcd
Cat1,10mph,lr,opposite,6,1624824986.090405000,ns1,/media/batool/MULTIMODAL_DATA/Multimodal_Data/Cat1/opposite/bag_files/Cat1_10mph_lr_opposite_6/lidar_pcd/ns1/velodyne_points/1624824986.090405000.pcd
Cat1,10mph,lr,opposite,6,1624824986.191247000,ns1,/media/batool/MULTIMODAL_DATA/Multimodal_Data/Cat1/opposite/bag_files/Cat1_10mph_lr_opposite_6/lidar_pcd/ns1/velodyne_points/1624824986.191247000.pcd
Cat1,10mph,lr,opposite,6,1624824986.292107000,ns1,/media/batool/MULTIMODAL_DATA/Multimodal_Data/Cat1/opposite/bag_files/Cat1_10mph_lr_opposite_6/lidar_pcd/ns1/velodyne_points/1624824986.292107000.pcd
Cat1,10mph,lr,opposite,6,1624824986.392942000,ns1,/media/batool/MULTIMODAL_DATA/Multimodal_Data/Cat1/opposite/bag_files/Cat1_10mph_lr_opposite_6/lidar_pcd/ns1/velodyne_points/1624824986.392942000.pcd
Cat1,10mph,lr,opposite,6,1624824986.594679000,ns1,/media/batool/MULTIMODAL_DATA/Multimodal_Data/Cat1/opposite/bag_files/Cat1_10mph_lr_opposite_6/lidar_pcd/ns1/velodyne_points/1624824986.594679000.pcd
Cat1,10mph,lr,opposite,6,1624824986.695537000,ns1,/media/batool/MULTIMODAL_DATA/Multimodal_Data/Cat1/opposite/bag_files/Cat1_10mph_lr_opposite_6/lidar_pcd/ns1/velodyne_points/1624824986.695537000.pcd
Cat1,10mph,lr,opposite,6,1624824986.796408000,ns1,/media/batool/MULTIMODAL_DATA/Multimodal_Data/Cat1/opposite/bag_files/Cat1_10mph_lr_opposite_6/lidar_pcd/ns1/velodyne_points/1624824986.796408000.pcd
Cat1,10mph,lr,opposite,6,1624824986.897254000,ns1,/media/batool/MULTIMODAL_DATA/Multimodal_Data/Cat1/opposite/bag_files/Cat1_10mph_lr_opposite_6/lidar_pcd/ns1/velodyne_points/1624824986.897254000.pcd
Cat1,10mph,lr,opposite,6,1624824986.998086000,ns1,/media/batool/MULTIMODAL_DATA/Multimodal_Data/Cat1/opposite/bag_files/Cat1_10mph_lr_opposite_6/lidar_pcd/ns1/velodyne_points/1624824986.998086000.pcd
Cat1,10mph,lr,opposite,6,1624824987.098964000,ns1,/media/batool/MULTIMODAL_DATA/Multimodal_Data/Cat1/opposite/bag_files/Cat1_10mph_lr_opposite_6/lidar_pcd/ns1/velodyne_points/1624824987.098964000.pcd
Cat1,10mph,lr,opposite,6,1624824987.199826000,ns1,/media/batool/MULTIMODAL_DATA/Multimodal_Data/Cat1/opposite/bag_files/Cat1_10mph_lr_opposite_6/lidar_pcd/ns1/velodyne_points/1624824987.199826000.pcd
Cat1,10mph,lr,opposite,6,1624824987.300683000,ns1,/media/batool/MULTIMODAL_DATA/Multimodal_Data/Cat1/opposite/bag_files/Cat1_10mph_lr_opposite_6/lidar_pcd/ns1/velodyne_points/1624824987.300683000.pcd
Cat1,10mph,lr,opposite,6,1624824987.401552000,ns1,/media/batool/MULTIMODAL_DATA/Multimodal_Data/Cat1/opposite/bag_files/Cat1_10mph_lr_opposite_6/lidar_pcd/ns1/velodyne_points/1624824987.401552000.pcd
Cat1,10mph,lr,opposite,6,1624824987.502412000,ns1,/media/batool/MULTIMODAL_DATA/Multimodal_Data/Cat1/opposite/bag_files/Cat1_10mph_lr_opposite_6/lidar_pcd/ns1/velodyne_points/1624824987.502412000.pcd
Cat1,10mph,lr,opposite,6,1624824987.603262000,ns1,/media/batool/MULTIMODAL_DATA/Multimodal_Data/Cat1/opposite/bag_files/Cat1_10mph_lr_opposite_6/lidar_pcd/ns1/velodyne_points/1624824987.603262000.pcd
Cat1,10mph,lr,opposite,6,1624824987.704104000,ns1,/media/batool/MULTIMODAL_DATA/Multimodal_Data/Cat1/opposite/bag_files/Cat1_10mph_lr_opposite_6/lidar_pcd/ns1/velodyne_points/1624824987.704104000.pcd
Cat1,10mph,lr,opposite,6,1624824987.804986000,ns1,/media/batool/MULTIMODAL_DATA/Multimodal_Data/Cat1/opposite/bag_files/Cat1_10mph_lr_opposite_6/lidar_pcd/ns1/velodyne_points/1624824987.804986000.pcd
Cat1,10mph,lr,opposite,6,1624824987.905779000,ns1,/media/batool/MULTIMODAL_DATA/Multimodal_Data/Cat1/opposite/bag_files/Cat1_10mph_lr_opposite_6/lidar_pcd/ns1/velodyne_points/1624824987.905779000.pcd
Cat1,10mph,lr,opposite,6,1624824988.107522000,ns1,/media/batool/MULTIMODAL_DATA/Multimodal_Data/Cat1/opposite/bag_files/Cat1_10mph_lr_opposite_6/lidar_pcd/ns1/velodyne_points/1624824988.107522000.pcd
Cat1,10mph,lr,opposite,6,1624824988.208390000,ns1,/media/batool/MULTIMODAL_DATA/Multimodal_Data/Cat1/opposite/bag_files/Cat1_10mph_lr_opposite_6/lidar_pcd/ns1/velodyne_points/1624824988.208390000.pcd
Cat1,10mph,lr,opposite,6,1624824988.309225000,ns1,/media/batool/MULTIMODAL_DATA/Multimodal_Data/Cat1/opposite/bag_files/Cat1_10mph_lr_opposite_6/lidar_pcd/ns1/velodyne_points/1624824988.309225000.pcd
Cat1,10mph,lr,opposite,6,1624824988.410097000,ns1,/media/batool/MULTIMODAL_DATA/Multimodal_Data/Cat1/opposite/bag_files/Cat1_10mph_lr_opposite_6/lidar_pcd/ns1/velodyne_points/1624824988.410097000.pcd
Cat1,10mph,lr,opposite,6,1624824988.510966000,ns1,/media/batool/MULTIMODAL_DATA/Multimodal_Data/Cat1/opposite/bag_files/Cat1_10mph_lr_opposite_6/lidar_pcd/ns1/velodyne_points/1624824988.510966000.pcd
Cat1,10mph,lr,opposite,6,1624824988.611806000,ns1,/media/batool/MULTIMODAL_DATA/Multimodal_Data/Cat1/opposite/bag_files/Cat1_10mph_lr_opposite_6/lidar_pcd/ns1/velodyne_points/1624824988.611806000.pcd
Cat1,10mph,lr,opposite,6,1624824988.712672000,ns1,/media/batool/MULTIMODAL_DATA/Multimodal_Data/Cat1/opposite/bag_files/Cat1_10mph_lr_opposite_6/lidar_pcd/ns1/velodyne_points/1624824988.712672000.pcd
Cat1,10mph,lr,opposite,6,1624824988.813498000,ns1,/media/batool/MULTIMODAL_DATA/Multimodal_Data/Cat1/opposite/bag_files/Cat1_10mph_lr_opposite_6/lidar_pcd/ns1/velodyne_points/1624824988.813498000.pcd
Cat1,10mph,lr,opposite,6,1624824988.914352000,ns1,/media/batool/MULTIMODAL_DATA/Multimodal_Data/Cat1/opposite/bag_files/Cat1_10mph_lr_opposite_6/lidar_pcd/ns1/velodyne_points/1624824988.914352000.pcd
Cat1,10mph,lr,opposite,6,1624824989.015213000,ns1,/media/batool/MULTIMODAL_DATA/Multimodal_Data/Cat1/opposite/bag_files/Cat1_10mph_lr_opposite_6/lidar_pcd/ns1/velodyne_points/1624824989.015213000.pcd
Cat1,10mph,lr,opposite,6,1624824989.116102000,ns1,/media/batool/MULTIMODAL_DATA/Multimodal_Data/Cat1/opposite/bag_files/Cat1_10mph_lr_opposite_6/lidar_pcd/ns1/velodyne_points/1624824989.116102000.pcd
Cat1,10mph,lr,opposite,6,1624824989.216976000,ns1,/media/batool/MULTIMODAL_DATA/Multimodal_Data/Cat1/opposite/bag_files/Cat1_10mph_lr_opposite_6/lidar_pcd/ns1/velodyne_points/1624824989.216976000.pcd
Cat1,10mph,lr,opposite,6,1624824989.317833000,ns1,/media/batool/MULTIMODAL_DATA/Multimodal_Data/Cat1/opposite/bag_files/Cat1_10mph_lr_opposite_6/lidar_pcd/ns1/velodyne_points/1624824989.317833000.pcd
Cat1,10mph,lr,opposite,6,1624824989.418658000,ns1,/media/batool/MULTIMODAL_DATA/Multimodal_Data/Cat1/opposite/bag_files/Cat1_10mph_lr_opposite_6/lidar_pcd/ns1/velodyne_points/1624824989.418658000.pcd
Cat1,10mph,lr,opposite,6,1624824989.620338000,ns1,/media/batool/MULTIMODAL_DATA/Multimodal_Data/Cat1/opposite/bag_files/Cat1_10mph_lr_opposite_6/lidar_pcd/ns1/velodyne_points/1624824989.620338000.pcd
Cat1,10mph,lr,opposite,6,1624824989.721204000,ns1,/media/batool/MULTIMODAL_DATA/Multimodal_Data/Cat1/opposite/bag_files/Cat1_10mph_lr_opposite_6/lidar_pcd/ns1/velodyne_points/1624824989.721204000.pcd
Cat1,10mph,lr,opposite,6,1624824989.822107000,ns1,/media/batool/MULTIMODAL_DATA/Multimodal_Data/Cat1/opposite/bag_files/Cat1_10mph_lr_opposite_6/lidar_pcd/ns1/velodyne_points/1624824989.822107000.pcd
Cat1,10mph,lr,opposite,6,1624824989.922958000,ns1,/media/batool/MULTIMODAL_DATA/Multimodal_Data/Cat1/opposite/bag_files/Cat1_10mph_lr_opposite_6/lidar_pcd/ns1/velodyne_points/1624824989.922958000.pcd
Cat1,10mph,lr,opposite,6,1624824990.023808000,ns1,/media/batool/MULTIMODAL_DATA/Multimodal_Data/Cat1/opposite/bag_files/Cat1_10mph_lr_opposite_6/lidar_pcd/ns1/velodyne_points/1624824990.023808000.pcd
Cat1,10mph,lr,opposite,6,1624824990.124686000,ns1,/media/batool/MULTIMODAL_DATA/Multimodal_Data/Cat1/opposite/bag_files/Cat1_10mph_lr_opposite_6/lidar_pcd/ns1/velodyne_points/1624824990.124686000.pcd
Cat1,10mph,lr,opposite,6,1624824990.225513000,ns1,/media/batool/MULTIMODAL_DATA/Multimodal_Data/Cat1/opposite/bag_files/Cat1_10mph_lr_opposite_6/lidar_pcd/ns1/velodyne_points/1624824990.225513000.pcd
Cat1,10mph,lr,opposite,6,1624824990.326395000,ns1,/media/batool/MULTIMODAL_DATA/Multimodal_Data/Cat1/opposite/bag_files/Cat1_10mph_lr_opposite_6/lidar_pcd/ns1/velodyne_points/1624824990.326395000.pcd
Cat1,10mph,lr,opposite,6,1624824990.427197000,ns1,/media/batool/MULTIMODAL_DATA/Multimodal_Data/Cat1/opposite/bag_files/Cat1_10mph_lr_opposite_6/lidar_pcd/ns1/velodyne_points/1624824990.427197000.pcd
Cat1,10mph,lr,opposite,6,1624824990.528085000,ns1,/media/batool/MULTIMODAL_DATA/Multimodal_Data/Cat1/opposite/bag_files/Cat1_10mph_lr_opposite_6/lidar_pcd/ns1/velodyne_points/1624824990.528085000.pcd
Cat1,10mph,lr,opposite,6,1624824990.628968000,ns1,/media/batool/MULTIMODAL_DATA/Multimodal_Data/Cat1/opposite/bag_files/Cat1_10mph_lr_opposite_6/lidar_pcd/ns1/velodyne_points/1624824990.628968000.pcd
Cat1,10mph,lr,opposite,6,1624824990.729810000,ns1,/media/batool/MULTIMODAL_DATA/Multimodal_Data/Cat1/opposite/bag_files/Cat1_10mph_lr_opposite_6/lidar_pcd/ns1/velodyne_points/1624824990.729810000.pcd
Cat1,10mph,lr,opposite,6,1624824990.830683000,ns1,/media/batool/MULTIMODAL_DATA/Multimodal_Data/Cat1/opposite/bag_files/Cat1_10mph_lr_opposite_6/lidar_pcd/ns1/velodyne_points/1624824990.830683000.pcd
Cat1,10mph,lr,opposite,6,1624824990.931518000,ns1,/media/batool/MULTIMODAL_DATA/Multimodal_Data/Cat1/opposite/bag_files/Cat1_10mph_lr_opposite_6/lidar_pcd/ns1/velodyne_points/1624824990.931518000.pcd
Cat1,10mph,lr,opposite,6,1624824991.133221000,ns1,/media/batool/MULTIMODAL_DATA/Multimodal_Data/Cat1/opposite/bag_files/Cat1_10mph_lr_opposite_6/lidar_pcd/ns1/velodyne_points/1624824991.133221000.pcd
Cat1,10mph,lr,opposite,6,1624824991.234105000,ns1,/media/batool/MULTIMODAL_DATA/Multimodal_Data/Cat1/opposite/bag_files/Cat1_10mph_lr_opposite_6/lidar_pcd/ns1/velodyne_points/1624824991.234105000.pcd
Cat1,10mph,lr,opposite,6,1624824991.334949000,ns1,/media/batool/MULTIMODAL_DATA/Multimodal_Data/Cat1/opposite/bag_files/Cat1_10mph_lr_opposite_6/lidar_pcd/ns1/velodyne_points/1624824991.334949000.pcd
Cat1,10mph,lr,opposite,6,1624824991.435831000,ns1,/media/batool/MULTIMODAL_DATA/Multimodal_Data/Cat1/opposite/bag_files/Cat1_10mph_lr_opposite_6/lidar_pcd/ns1/velodyne_points/1624824991.435831000.pcd
Cat1,10mph,lr,opposite,6,1624824991.536678000,ns1,/media/batool/MULTIMODAL_DATA/Multimodal_Data/Cat1/opposite/bag_files/Cat1_10mph_lr_opposite_6/lidar_pcd/ns1/velodyne_points/1624824991.536678000.pcd
Cat1,10mph,lr,opposite,6,1624824991.637546000,ns1,/media/batool/MULTIMODAL_DATA/Multimodal_Data/Cat1/opposite/bag_files/Cat1_10mph_lr_opposite_6/lidar_pcd/ns1/velodyne_points/1624824991.637546000.pcd
Cat1,10mph,lr,opposite,6,1624824991.738391000,ns1,/media/batool/MULTIMODAL_DATA/Multimodal_Data/Cat1/opposite/bag_files/Cat1_10mph_lr_opposite_6/lidar_pcd/ns1/velodyne_points/1624824991.738391000.pcd
Cat1,10mph,lr,opposite,6,1624824991.839234000,ns1,/media/batool/MULTIMODAL_DATA/Multimodal_Data/Cat1/opposite/bag_files/Cat1_10mph_lr_opposite_6/lidar_pcd/ns1/velodyne_points/1624824991.839234000.pcd
Cat1,10mph,lr,opposite,6,1624824991.940083000,ns1,/media/batool/MULTIMODAL_DATA/Multimodal_Data/Cat1/opposite/bag_files/Cat1_10mph_lr_opposite_6/lidar_pcd/ns1/velodyne_points/1624824991.940083000.pcd
Cat1,10mph,lr,opposite,6,1624824992.040962000,ns1,/media/batool/MULTIMODAL_DATA/Multimodal_Data/Cat1/opposite/bag_files/Cat1_10mph_lr_opposite_6/lidar_pcd/ns1/velodyne_points/1624824992.040962000.pcd
Cat1,10mph,lr,opposite,6,1624824992.141808000,ns1,/media/batool/MULTIMODAL_DATA/Multimodal_Data/Cat1/opposite/bag_files/Cat1_10mph_lr_opposite_6/lidar_pcd/ns1/velodyne_points/1624824992.141808000.pcd
Cat1,10mph,lr,opposite,6,1624824992.242628000,ns1,/media/batool/MULTIMODAL_DATA/Multimodal_Data/Cat1/opposite/bag_files/Cat1_10mph_lr_opposite_6/lidar_pcd/ns1/velodyne_points/1624824992.242628000.pcd
Cat1,10mph,lr,opposite,6,1624824992.343490000,ns1,/media/batool/MULTIMODAL_DATA/Multimodal_Data/Cat1/opposite/bag_files/Cat1_10mph_lr_opposite_6/lidar_pcd/ns1/velodyne_points/1624824992.343490000.pcd
Cat1,10mph,lr,opposite,6,1624824992.444335000,ns1,/media/batool/MULTIMODAL_DATA/Multimodal_Data/Cat1/opposite/bag_files/Cat1_10mph_lr_opposite_6/lidar_pcd/ns1/velodyne_points/1624824992.444335000.pcd
Cat1,10mph,lr,opposite,6,1624824992.646071000,ns1,/media/batool/MULTIMODAL_DATA/Multimodal_Data/Cat1/opposite/bag_files/Cat1_10mph_lr_opposite_6/lidar_pcd/ns1/velodyne_points/1624824992.646071000.pcd
Cat1,10mph,lr,opposite,6,1624824992.746931000,ns1,/media/batool/MULTIMODAL_DATA/Multimodal_Data/Cat1/opposite/bag_files/Cat1_10mph_lr_opposite_6/lidar_pcd/ns1/velodyne_points/1624824992.746931000.pcd
Cat1,10mph,lr,opposite,6,1624824992.847765000,ns1,/media/batool/MULTIMODAL_DATA/Multimodal_Data/Cat1/opposite/bag_files/Cat1_10mph_lr_opposite_6/lidar_pcd/ns1/velodyne_points/1624824992.847765000.pcd
Cat1,10mph,lr,opposite,6,1624824992.948652000,ns1,/media/batool/MULTIMODAL_DATA/Multimodal_Data/Cat1/opposite/bag_files/Cat1_10mph_lr_opposite_6/lidar_pcd/ns1/velodyne_points/1624824992.948652000.pcd
Cat1,10mph,lr,opposite,6,1624824993.049515000,ns1,/media/batool/MULTIMODAL_DATA/Multimodal_Data/Cat1/opposite/bag_files/Cat1_10mph_lr_opposite_6/lidar_pcd/ns1/velodyne_points/1624824993.049515000.pcd
Cat1,10mph,lr,opposite,6,1624824993.150390000,ns1,/media/batool/MULTIMODAL_DATA/Multimodal_Data/Cat1/opposite/bag_files/Cat1_10mph_lr_opposite_6/lidar_pcd/ns1/velodyne_points/1624824993.150390000.pcd
Cat1,10mph,lr,opposite,6,1624824993.251235000,ns1,/media/batool/MULTIMODAL_DATA/Multimodal_Data/Cat1/opposite/bag_files/Cat1_10mph_lr_opposite_6/lidar_pcd/ns1/velodyne_points/1624824993.251235000.pcd
Cat1,10mph,lr,opposite,6,1624824993.352073000,ns1,/media/batool/MULTIMODAL_DATA/Multimodal_Data/Cat1/opposite/bag_files/Cat1_10mph_lr_opposite_6/lidar_pcd/ns1/velodyne_points/1624824993.352073000.pcd
Cat1,10mph,lr,opposite,6,1624824993.452912000,ns1,/media/batool/MULTIMODAL_DATA/Multimodal_Data/Cat1/opposite/bag_files/Cat1_10mph_lr_opposite_6/lidar_pcd/ns1/velodyne_points/1624824993.452912000.pcd
Cat1,10mph,lr,opposite,6,1624824993.553795000,ns1,/media/batool/MULTIMODAL_DATA/Multimodal_Data/Cat1/opposite/bag_files/Cat1_10mph_lr_opposite_6/lidar_pcd/ns1/velodyne_points/1624824993.553795000.pcd
Cat1,10mph,lr,opposite,6,1624824993.654675000,ns1,/media/batool/MULTIMODAL_DATA/Multimodal_Data/Cat1/opposite/bag_files/Cat1_10mph_lr_opposite_6/lidar_pcd/ns1/velodyne_points/1624824993.654675000.pcd
Cat1,10mph,lr,opposite,6,1624824993.755490000,ns1,/media/batool/MULTIMODAL_DATA/Multimodal_Data/Cat1/opposite/bag_files/Cat1_10mph_lr_opposite_6/lidar_pcd/ns1/velodyne_points/1624824993.755490000.pcd
Cat1,10mph,lr,opposite,6,1624824993.856383000,ns1,/media/batool/MULTIMODAL_DATA/Multimodal_Data/Cat1/opposite/bag_files/Cat1_10mph_lr_opposite_6/lidar_pcd/ns1/velodyne_points/1624824993.856383000.pcd
Cat1,10mph,lr,opposite,6,1624824993.957212000,ns1,/media/batool/MULTIMODAL_DATA/Multimodal_Data/Cat1/opposite/bag_files/Cat1_10mph_lr_opposite_6/lidar_pcd/ns1/velodyne_points/1624824993.957212000.pcd
Cat1,10mph,lr,opposite,6,1624824994.158961000,ns1,/media/batool/MULTIMODAL_DATA/Multimodal_Data/Cat1/opposite/bag_files/Cat1_10mph_lr_opposite_6/lidar_pcd/ns1/velodyne_points/1624824994.158961000.pcd
Cat1,10mph,lr,opposite,6,1624824994.259761000,ns1,/media/batool/MULTIMODAL_DATA/Multimodal_Data/Cat1/opposite/bag_files/Cat1_10mph_lr_opposite_6/lidar_pcd/ns1/velodyne_points/1624824994.259761000.pcd
Cat1,10mph,lr,opposite,6,1624824994.360623000,ns1,/media/batool/MULTIMODAL_DATA/Multimodal_Data/Cat1/opposite/bag_files/Cat1_10mph_lr_opposite_6/lidar_pcd/ns1/velodyne_points/1624824994.360623000.pcd
Cat1,10mph,lr,opposite,6,1624824994.461468000,ns1,/media/batool/MULTIMODAL_DATA/Multimodal_Data/Cat1/opposite/bag_files/Cat1_10mph_lr_opposite_6/lidar_pcd/ns1/velodyne_points/1624824994.461468000.pcd
Cat1,10mph,lr,opposite,6,1624824994.562386000,ns1,/media/batool/MULTIMODAL_DATA/Multimodal_Data/Cat1/opposite/bag_files/Cat1_10mph_lr_opposite_6/lidar_pcd/ns1/velodyne_points/1624824994.562386000.pcd
Cat1,10mph,lr,opposite,6,1624824994.663249000,ns1,/media/batool/MULTIMODAL_DATA/Multimodal_Data/Cat1/opposite/bag_files/Cat1_10mph_lr_opposite_6/lidar_pcd/ns1/velodyne_points/1624824994.663249000.pcd
Cat1,10mph,lr,opposite,6,1624824994.764078000,ns1,/media/batool/MULTIMODAL_DATA/Multimodal_Data/Cat1/opposite/bag_files/Cat1_10mph_lr_opposite_6/lidar_pcd/ns1/velodyne_points/1624824994.764078000.pcd
Cat1,10mph,lr,opposite,6,1624824994.864919000,ns1,/media/batool/MULTIMODAL_DATA/Multimodal_Data/Cat1/opposite/bag_files/Cat1_10mph_lr_opposite_6/lidar_pcd/ns1/velodyne_points/1624824994.864919000.pcd
Cat1,10mph,lr,opposite,6,1624824994.965762000,ns1,/media/batool/MULTIMODAL_DATA/Multimodal_Data/Cat1/opposite/bag_files/Cat1_10mph_lr_opposite_6/lidar_pcd/ns1/velodyne_points/1624824994.965762000.pcd
Cat1,10mph,lr,opposite,6,1624824995.066614000,ns1,/media/batool/MULTIMODAL_DATA/Multimodal_Data/Cat1/opposite/bag_files/Cat1_10mph_lr_opposite_6/lidar_pcd/ns1/velodyne_points/1624824995.066614000.pcd
Cat1,10mph,lr,opposite,6,1624824995.167518000,ns1,/media/batool/MULTIMODAL_DATA/Multimodal_Data/Cat1/opposite/bag_files/Cat1_10mph_lr_opposite_6/lidar_pcd/ns1/velodyne_points/1624824995.167518000.pcd
Cat1,10mph,lr,opposite,6,1624824995.268320000,ns1,/media/batool/MULTIMODAL_DATA/Multimodal_Data/Cat1/opposite/bag_files/Cat1_10mph_lr_opposite_6/lidar_pcd/ns1/velodyne_points/1624824995.268320000.pcd
Cat1,10mph,lr,opposite,6,1624824995.369253000,ns1,/media/batool/MULTIMODAL_DATA/Multimodal_Data/Cat1/opposite/bag_files/Cat1_10mph_lr_opposite_6/lidar_pcd/ns1/velodyne_points/1624824995.369253000.pcd
Cat1,10mph,lr,opposite,6,1624824995.470070000,ns1,/media/batool/MULTIMODAL_DATA/Multimodal_Data/Cat1/opposite/bag_files/Cat1_10mph_lr_opposite_6/lidar_pcd/ns1/velodyne_points/1624824995.470070000.pcd
Cat1,10mph,lr,opposite,6,1624824995.671806000,ns1,/media/batool/MULTIMODAL_DATA/Multimodal_Data/Cat1/opposite/bag_files/Cat1_10mph_lr_opposite_6/lidar_pcd/ns1/velodyne_points/1624824995.671806000.pcd
Cat1,10mph,lr,opposite,6,1624824995.772635000,ns1,/media/batool/MULTIMODAL_DATA/Multimodal_Data/Cat1/opposite/bag_files/Cat1_10mph_lr_opposite_6/lidar_pcd/ns1/velodyne_points/1624824995.772635000.pcd
Cat1,10mph,lr,opposite,6,1624824995.873521000,ns1,/media/batool/MULTIMODAL_DATA/Multimodal_Data/Cat1/opposite/bag_files/Cat1_10mph_lr_opposite_6/lidar_pcd/ns1/velodyne_points/1624824995.873521000.pcd
Cat1,10mph,lr,opposite,6,1624824995.974375000,ns1,/media/batool/MULTIMODAL_DATA/Multimodal_Data/Cat1/opposite/bag_files/Cat1_10mph_lr_opposite_6/lidar_pcd/ns1/velodyne_points/1624824995.974375000.pcd
Cat1,10mph,lr,opposite,6,1624824996.075201000,ns1,/media/batool/MULTIMODAL_DATA/Multimodal_Data/Cat1/opposite/bag_files/Cat1_10mph_lr_opposite_6/lidar_pcd/ns1/velodyne_points/1624824996.075201000.pcd
Cat1,10mph,lr,opposite,6,1624824996.176066000,ns1,/media/batool/MULTIMODAL_DATA/Multimodal_Data/Cat1/opposite/bag_files/Cat1_10mph_lr_opposite_6/lidar_pcd/ns1/velodyne_points/1624824996.176066000.pcd
Cat1,10mph,lr,opposite,6,1624824996.276909000,ns1,/media/batool/MULTIMODAL_DATA/Multimodal_Data/Cat1/opposite/bag_files/Cat1_10mph_lr_opposite_6/lidar_pcd/ns1/velodyne_points/1624824996.276909000.pcd
Cat1,10mph,lr,opposite,6,1624824996.377755000,ns1,/media/batool/MULTIMODAL_DATA/Multimodal_Data/Cat1/opposite/bag_files/Cat1_10mph_lr_opposite_6/lidar_pcd/ns1/velodyne_points/1624824996.377755000.pcd
Cat1,10mph,lr,opposite,6,1624824996.478618000,ns1,/media/batool/MULTIMODAL_DATA/Multimodal_Data/Cat1/opposite/bag_files/Cat1_10mph_lr_opposite_6/lidar_pcd/ns1/velodyne_points/1624824996.478618000.pcd
Cat1,10mph,lr,opposite,6,1624824996.579457000,ns1,/media/batool/MULTIMODAL_DATA/Multimodal_Data/Cat1/opposite/bag_files/Cat1_10mph_lr_opposite_6/lidar_pcd/ns1/velodyne_points/1624824996.579457000.pcd
Cat1,10mph,lr,opposite,6,1624824996.680377000,ns1,/media/batool/MULTIMODAL_DATA/Multimodal_Data/Cat1/opposite/bag_files/Cat1_10mph_lr_opposite_6/lidar_pcd/ns1/velodyne_points/1624824996.680377000.pcd
Cat1,10mph,lr,opposite,6,1624824996.781198000,ns1,/media/batool/MULTIMODAL_DATA/Multimodal_Data/Cat1/opposite/bag_files/Cat1_10mph_lr_opposite_6/lidar_pcd/ns1/velodyne_points/1624824996.781198000.pcd
Cat1,10mph,lr,opposite,6,1624824996.882037000,ns1,/media/batool/MULTIMODAL_DATA/Multimodal_Data/Cat1/opposite/bag_files/Cat1_10mph_lr_opposite_6/lidar_pcd/ns1/velodyne_points/1624824996.882037000.pcd
Cat1,10mph,lr,opposite,6,1624824996.982929000,ns1,/media/batool/MULTIMODAL_DATA/Multimodal_Data/Cat1/opposite/bag_files/Cat1_10mph_lr_opposite_6/lidar_pcd/ns1/velodyne_points/1624824996.982929000.pcd
Cat1,10mph,lr,opposite,6,1624824997.184624000,ns1,/media/batool/MULTIMODAL_DATA/Multimodal_Data/Cat1/opposite/bag_files/Cat1_10mph_lr_opposite_6/lidar_pcd/ns1/velodyne_points/1624824997.184624000.pcd
Cat1,10mph,lr,opposite,6,1624824997.285515000,ns1,/media/batool/MULTIMODAL_DATA/Multimodal_Data/Cat1/opposite/bag_files/Cat1_10mph_lr_opposite_6/lidar_pcd/ns1/velodyne_points/1624824997.285515000.pcd
Cat1,10mph,lr,opposite,6,1624824997.386372000,ns1,/media/batool/MULTIMODAL_DATA/Multimodal_Data/Cat1/opposite/bag_files/Cat1_10mph_lr_opposite_6/lidar_pcd/ns1/velodyne_points/1624824997.386372000.pcd
Cat1,10mph,lr,opposite,6,1624824997.487228000,ns1,/media/batool/MULTIMODAL_DATA/Multimodal_Data/Cat1/opposite/bag_files/Cat1_10mph_lr_opposite_6/lidar_pcd/ns1/velodyne_points/1624824997.487228000.pcd
Cat1,10mph,lr,opposite,6,1624824997.588056000,ns1,/media/batool/MULTIMODAL_DATA/Multimodal_Data/Cat1/opposite/bag_files/Cat1_10mph_lr_opposite_6/lidar_pcd/ns1/velodyne_points/1624824997.588056000.pcd
Cat1,10mph,lr,opposite,6,1624824997.688945000,ns1,/media/batool/MULTIMODAL_DATA/Multimodal_Data/Cat1/opposite/bag_files/Cat1_10mph_lr_opposite_6/lidar_pcd/ns1/velodyne_points/1624824997.688945000.pcd
Cat1,10mph,lr,opposite,6,1624824997.789799000,ns1,/media/batool/MULTIMODAL_DATA/Multimodal_Data/Cat1/opposite/bag_files/Cat1_10mph_lr_opposite_6/lidar_pcd/ns1/velodyne_points/1624824997.789799000.pcd
Cat1,10mph,lr,opposite,6,1624824997.890598000,ns1,/media/batool/MULTIMODAL_DATA/Multimodal_Data/Cat1/opposite/bag_files/Cat1_10mph_lr_opposite_6/lidar_pcd/ns1/velodyne_points/1624824997.890598000.pcd
Cat1,10mph,lr,opposite,6,1624824997.991542000,ns1,/media/batool/MULTIMODAL_DATA/Multimodal_Data/Cat1/opposite/bag_files/Cat1_10mph_lr_opposite_6/lidar_pcd/ns1/velodyne_points/1624824997.991542000.pcd
Cat1,10mph,lr,opposite,6,1624824998.092346000,ns1,/media/batool/MULTIMODAL_DATA/Multimodal_Data/Cat1/opposite/bag_files/Cat1_10mph_lr_opposite_6/lidar_pcd/ns1/velodyne_points/1624824998.092346000.pcd
Cat1,10mph,lr,opposite,6,1624824998.193183000,ns1,/media/batool/MULTIMODAL_DATA/Multimodal_Data/Cat1/opposite/bag_files/Cat1_10mph_lr_opposite_6/lidar_pcd/ns1/velodyne_points/1624824998.193183000.pcd
Cat1,10mph,lr,opposite,6,1624824998.294071000,ns1,/media/batool/MULTIMODAL_DATA/Multimodal_Data/Cat1/opposite/bag_files/Cat1_10mph_lr_opposite_6/lidar_pcd/ns1/velodyne_points/1624824998.294071000.pcd
Cat1,10mph,lr,opposite,6,1624824998.394888000,ns1,/media/batool/MULTIMODAL_DATA/Multimodal_Data/Cat1/opposite/bag_files/Cat1_10mph_lr_opposite_6/lidar_pcd/ns1/velodyne_points/1624824998.394888000.pcd
Cat1,10mph,lr,opposite,6,1624824998.495790000,ns1,/media/batool/MULTIMODAL_DATA/Multimodal_Data/Cat1/opposite/bag_files/Cat1_10mph_lr_opposite_6/lidar_pcd/ns1/velodyne_points/1624824998.495790000.pcd
Cat1,10mph,lr,opposite,6,1624824998.697509000,ns1,/media/batool/MULTIMODAL_DATA/Multimodal_Data/Cat1/opposite/bag_files/Cat1_10mph_lr_opposite_6/lidar_pcd/ns1/velodyne_points/1624824998.697509000.pcd
Cat1,10mph,lr,opposite,6,1624824998.798349000,ns1,/media/batool/MULTIMODAL_DATA/Multimodal_Data/Cat1/opposite/bag_files/Cat1_10mph_lr_opposite_6/lidar_pcd/ns1/velodyne_points/1624824998.798349000.pcd
Cat1,10mph,lr,opposite,6,1624824998.899199000,ns1,/media/batool/MULTIMODAL_DATA/Multimodal_Data/Cat1/opposite/bag_files/Cat1_10mph_lr_opposite_6/lidar_pcd/ns1/velodyne_points/1624824998.899199000.pcd
Cat1,10mph,lr,opposite,6,1624824999.000045000,ns1,/media/batool/MULTIMODAL_DATA/Multimodal_Data/Cat1/opposite/bag_files/Cat1_10mph_lr_opposite_6/lidar_pcd/ns1/velodyne_points/1624824999.000045000.pcd
Cat1,10mph,lr,opposite,6,1624824999.100924000,ns1,/media/batool/MULTIMODAL_DATA/Multimodal_Data/Cat1/opposite/bag_files/Cat1_10mph_lr_opposite_6/lidar_pcd/ns1/velodyne_points/1624824999.100924000.pcd
Cat1,10mph,lr,opposite,6,1624824999.201779000,ns1,/media/batool/MULTIMODAL_DATA/Multimodal_Data/Cat1/opposite/bag_files/Cat1_10mph_lr_opposite_6/lidar_pcd/ns1/velodyne_points/1624824999.201779000.pcd
Cat1,10mph,lr,opposite,6,1624824999.302633000,ns1,/media/batool/MULTIMODAL_DATA/Multimodal_Data/Cat1/opposite/bag_files/Cat1_10mph_lr_opposite_6/lidar_pcd/ns1/velodyne_points/1624824999.302633000.pcd
Cat1,10mph,lr,opposite,6,1624824999.403466000,ns1,/media/batool/MULTIMODAL_DATA/Multimodal_Data/Cat1/opposite/bag_files/Cat1_10mph_lr_opposite_6/lidar_pcd/ns1/velodyne_points/1624824999.403466000.pcd
Cat1,10mph,lr,opposite,6,1624824999.504307000,ns1,/media/batool/MULTIMODAL_DATA/Multimodal_Data/Cat1/opposite/bag_files/Cat1_10mph_lr_opposite_6/lidar_pcd/ns1/velodyne_points/1624824999.504307000.pcd
Cat1,10mph,lr,opposite,6,1624824999.605169000,ns1,/media/batool/MULTIMODAL_DATA/Multimodal_Data/Cat1/opposite/bag_files/Cat1_10mph_lr_opposite_6/lidar_pcd/ns1/velodyne_points/1624824999.605169000.pcd
Cat1,10mph,lr,opposite,6,1624824999.706068000,ns1,/media/batool/MULTIMODAL_DATA/Multimodal_Data/Cat1/opposite/bag_files/Cat1_10mph_lr_opposite_6/lidar_pcd/ns1/velodyne_points/1624824999.706068000.pcd
Cat1,10mph,lr,opposite,6,1624824999.806920000,ns1,/media/batool/MULTIMODAL_DATA/Multimodal_Data/Cat1/opposite/bag_files/Cat1_10mph_lr_opposite_6/lidar_pcd/ns1/velodyne_points/1624824999.806920000.pcd
Cat1,10mph,lr,opposite,6,1624824999.907759000,ns1,/media/batool/MULTIMODAL_DATA/Multimodal_Data/Cat1/opposite/bag_files/Cat1_10mph_lr_opposite_6/lidar_pcd/ns1/velodyne_points/1624824999.907759000.pcd
Cat1,10mph,lr,opposite,6,1624825000.008625000,ns1,/media/batool/MULTIMODAL_DATA/Multimodal_Data/Cat1/opposite/bag_files/Cat1_10mph_lr_opposite_6/lidar_pcd/ns1/velodyne_points/1624825000.008625000.pcd
Cat1,10mph,lr,opposite,6,1624825000.109504000,ns1,/media/batool/MULTIMODAL_DATA/Multimodal_Data/Cat1/opposite/bag_files/Cat1_10mph_lr_opposite_6/lidar_pcd/ns1/velodyne_points/1624825000.109504000.pcd
Cat1,10mph,lr,opposite,6,1624825000.210340000,ns1,/media/batool/MULTIMODAL_DATA/Multimodal_Data/Cat1/opposite/bag_files/Cat1_10mph_lr_opposite_6/lidar_pcd/ns1/velodyne_points/1624825000.210340000.pcd
Cat1,10mph,lr,opposite,6,1624825000.311182000,ns1,/media/batool/MULTIMODAL_DATA/Multimodal_Data/Cat1/opposite/bag_files/Cat1_10mph_lr_opposite_6/lidar_pcd/ns1/velodyne_points/1624825000.311182000.pcd
Cat1,10mph,lr,opposite,6,1624825000.412031000,ns1,/media/batool/MULTIMODAL_DATA/Multimodal_Data/Cat1/opposite/bag_files/Cat1_10mph_lr_opposite_6/lidar_pcd/ns1/velodyne_points/1624825000.412031000.pcd
Cat1,10mph,lr,opposite,6,1624825000.512920000,ns1,/media/batool/MULTIMODAL_DATA/Multimodal_Data/Cat1/opposite/bag_files/Cat1_10mph_lr_opposite_6/lidar_pcd/ns1/velodyne_points/1624825000.512920000.pcd
Cat1,10mph,lr,opposite,6,1624825000.613789000,ns1,/media/batool/MULTIMODAL_DATA/Multimodal_Data/Cat1/opposite/bag_files/Cat1_10mph_lr_opposite_6/lidar_pcd/ns1/velodyne_points/1624825000.613789000.pcd
Cat1,10mph,lr,opposite,6,1624825000.714631000,ns1,/media/batool/MULTIMODAL_DATA/Multimodal_Data/Cat1/opposite/bag_files/Cat1_10mph_lr_opposite_6/lidar_pcd/ns1/velodyne_points/1624825000.714631000.pcd
Cat1,10mph,lr,opposite,6,1624825000.815487000,ns1,/media/batool/MULTIMODAL_DATA/Multimodal_Data/Cat1/opposite/bag_files/Cat1_10mph_lr_opposite_6/lidar_pcd/ns1/velodyne_points/1624825000.815487000.pcd
Cat1,10mph,lr,opposite,6,1624825000.916305000,ns1,/media/batool/MULTIMODAL_DATA/Multimodal_Data/Cat1/opposite/bag_files/Cat1_10mph_lr_opposite_6/lidar_pcd/ns1/velodyne_points/1624825000.916305000.pcd
Cat1,10mph,lr,opposite,6,1624825001.017199000,ns1,/media/batool/MULTIMODAL_DATA/Multimodal_Data/Cat1/opposite/bag_files/Cat1_10mph_lr_opposite_6/lidar_pcd/ns1/velodyne_points/1624825001.017199000.pcd
Cat1,10mph,lr,opposite,6,1624825001.118076000,ns1,/media/batool/MULTIMODAL_DATA/Multimodal_Data/Cat1/opposite/bag_files/Cat1_10mph_lr_opposite_6/lidar_pcd/ns1/velodyne_points/1624825001.118076000.pcd
Cat1,10mph,lr,opposite,6,1624825001.218928000,ns1,/media/batool/MULTIMODAL_DATA/Multimodal_Data/Cat1/opposite/bag_files/Cat1_10mph_lr_opposite_6/lidar_pcd/ns1/velodyne_points/1624825001.218928000.pcd
Cat1,10mph,lr,opposite,6,1624825001.319772000,ns1,/media/batool/MULTIMODAL_DATA/Multimodal_Data/Cat1/opposite/bag_files/Cat1_10mph_lr_opposite_6/lidar_pcd/ns1/velodyne_points/1624825001.319772000.pcd
Cat1,10mph,lr,opposite,6,1624825001.420631000,ns1,/media/batool/MULTIMODAL_DATA/Multimodal_Data/Cat1/opposite/bag_files/Cat1_10mph_lr_opposite_6/lidar_pcd/ns1/velodyne_points/1624825001.420631000.pcd
Cat1,10mph,lr,opposite,6,1624825001.521477000,ns1,/media/batool/MULTIMODAL_DATA/Multimodal_Data/Cat1/opposite/bag_files/Cat1_10mph_lr_opposite_6/lidar_pcd/ns1/velodyne_points/1624825001.521477000.pcd
