Category,speed,direction,lane,episode,Time header,Image_path
Cat1,15mph,lr,opposite,3,1624827848.5136118,/media/batool/MULTIMODAL_DATA/Multimodal_Data/Cat1/opposite/bag_files/Cat1_15mph_lr_opposite_3/camera_images/1624827848.5136118.jpg
Cat1,15mph,lr,opposite,3,1624827848.546945,/media/batool/MULTIMODAL_DATA/Multimodal_Data/Cat1/opposite/bag_files/Cat1_15mph_lr_opposite_3/camera_images/1624827848.546945.jpg
Cat1,15mph,lr,opposite,3,1624827848.5802784,/media/batool/MULTIMODAL_DATA/Multimodal_Data/Cat1/opposite/bag_files/Cat1_15mph_lr_opposite_3/camera_images/1624827848.5802784.jpg
Cat1,15mph,lr,opposite,3,1624827848.6136117,/media/batool/MULTIMODAL_DATA/Multimodal_Data/Cat1/opposite/bag_files/Cat1_15mph_lr_opposite_3/camera_images/1624827848.6136117.jpg
Cat1,15mph,lr,opposite,3,1624827848.646945,/media/batool/MULTIMODAL_DATA/Multimodal_Data/Cat1/opposite/bag_files/Cat1_15mph_lr_opposite_3/camera_images/1624827848.646945.jpg
Cat1,15mph,lr,opposite,3,1624827848.6802783,/media/batool/MULTIMODAL_DATA/Multimodal_Data/Cat1/opposite/bag_files/Cat1_15mph_lr_opposite_3/camera_images/1624827848.6802783.jpg
Cat1,15mph,lr,opposite,3,1624827848.7136116,/media/batool/MULTIMODAL_DATA/Multimodal_Data/Cat1/opposite/bag_files/Cat1_15mph_lr_opposite_3/camera_images/1624827848.7136116.jpg
Cat1,15mph,lr,opposite,3,1624827848.746945,/media/batool/MULTIMODAL_DATA/Multimodal_Data/Cat1/opposite/bag_files/Cat1_15mph_lr_opposite_3/camera_images/1624827848.746945.jpg
Cat1,15mph,lr,opposite,3,1624827848.7802782,/media/batool/MULTIMODAL_DATA/Multimodal_Data/Cat1/opposite/bag_files/Cat1_15mph_lr_opposite_3/camera_images/1624827848.7802782.jpg
Cat1,15mph,lr,opposite,3,1624827848.8136115,/media/batool/MULTIMODAL_DATA/Multimodal_Data/Cat1/opposite/bag_files/Cat1_15mph_lr_opposite_3/camera_images/1624827848.8136115.jpg
Cat1,15mph,lr,opposite,3,1624827848.8469448,/media/batool/MULTIMODAL_DATA/Multimodal_Data/Cat1/opposite/bag_files/Cat1_15mph_lr_opposite_3/camera_images/1624827848.8469448.jpg
Cat1,15mph,lr,opposite,3,1624827848.880278,/media/batool/MULTIMODAL_DATA/Multimodal_Data/Cat1/opposite/bag_files/Cat1_15mph_lr_opposite_3/camera_images/1624827848.880278.jpg
Cat1,15mph,lr,opposite,3,1624827848.9136114,/media/batool/MULTIMODAL_DATA/Multimodal_Data/Cat1/opposite/bag_files/Cat1_15mph_lr_opposite_3/camera_images/1624827848.9136114.jpg
Cat1,15mph,lr,opposite,3,1624827848.9469447,/media/batool/MULTIMODAL_DATA/Multimodal_Data/Cat1/opposite/bag_files/Cat1_15mph_lr_opposite_3/camera_images/1624827848.9469447.jpg
Cat1,15mph,lr,opposite,3,1624827848.980278,/media/batool/MULTIMODAL_DATA/Multimodal_Data/Cat1/opposite/bag_files/Cat1_15mph_lr_opposite_3/camera_images/1624827848.980278.jpg
Cat1,15mph,lr,opposite,3,1624827849.0469446,/media/batool/MULTIMODAL_DATA/Multimodal_Data/Cat1/opposite/bag_files/Cat1_15mph_lr_opposite_3/camera_images/1624827849.0469446.jpg
Cat1,15mph,lr,opposite,3,1624827849.080278,/media/batool/MULTIMODAL_DATA/Multimodal_Data/Cat1/opposite/bag_files/Cat1_15mph_lr_opposite_3/camera_images/1624827849.080278.jpg
Cat1,15mph,lr,opposite,3,1624827849.1136112,/media/batool/MULTIMODAL_DATA/Multimodal_Data/Cat1/opposite/bag_files/Cat1_15mph_lr_opposite_3/camera_images/1624827849.1136112.jpg
Cat1,15mph,lr,opposite,3,1624827849.1469445,/media/batool/MULTIMODAL_DATA/Multimodal_Data/Cat1/opposite/bag_files/Cat1_15mph_lr_opposite_3/camera_images/1624827849.1469445.jpg
Cat1,15mph,lr,opposite,3,1624827849.1802778,/media/batool/MULTIMODAL_DATA/Multimodal_Data/Cat1/opposite/bag_files/Cat1_15mph_lr_opposite_3/camera_images/1624827849.1802778.jpg
Cat1,15mph,lr,opposite,3,1624827849.2136111,/media/batool/MULTIMODAL_DATA/Multimodal_Data/Cat1/opposite/bag_files/Cat1_15mph_lr_opposite_3/camera_images/1624827849.2136111.jpg
Cat1,15mph,lr,opposite,3,1624827849.2469444,/media/batool/MULTIMODAL_DATA/Multimodal_Data/Cat1/opposite/bag_files/Cat1_15mph_lr_opposite_3/camera_images/1624827849.2469444.jpg
Cat1,15mph,lr,opposite,3,1624827849.2802777,/media/batool/MULTIMODAL_DATA/Multimodal_Data/Cat1/opposite/bag_files/Cat1_15mph_lr_opposite_3/camera_images/1624827849.2802777.jpg
Cat1,15mph,lr,opposite,3,1624827849.313611,/media/batool/MULTIMODAL_DATA/Multimodal_Data/Cat1/opposite/bag_files/Cat1_15mph_lr_opposite_3/camera_images/1624827849.313611.jpg
Cat1,15mph,lr,opposite,3,1624827849.3469443,/media/batool/MULTIMODAL_DATA/Multimodal_Data/Cat1/opposite/bag_files/Cat1_15mph_lr_opposite_3/camera_images/1624827849.3469443.jpg
Cat1,15mph,lr,opposite,3,1624827849.3802776,/media/batool/MULTIMODAL_DATA/Multimodal_Data/Cat1/opposite/bag_files/Cat1_15mph_lr_opposite_3/camera_images/1624827849.3802776.jpg
Cat1,15mph,lr,opposite,3,1624827849.413611,/media/batool/MULTIMODAL_DATA/Multimodal_Data/Cat1/opposite/bag_files/Cat1_15mph_lr_opposite_3/camera_images/1624827849.413611.jpg
Cat1,15mph,lr,opposite,3,1624827849.4469442,/media/batool/MULTIMODAL_DATA/Multimodal_Data/Cat1/opposite/bag_files/Cat1_15mph_lr_opposite_3/camera_images/1624827849.4469442.jpg
Cat1,15mph,lr,opposite,3,1624827849.4802775,/media/batool/MULTIMODAL_DATA/Multimodal_Data/Cat1/opposite/bag_files/Cat1_15mph_lr_opposite_3/camera_images/1624827849.4802775.jpg
Cat1,15mph,lr,opposite,3,1624827849.5136108,/media/batool/MULTIMODAL_DATA/Multimodal_Data/Cat1/opposite/bag_files/Cat1_15mph_lr_opposite_3/camera_images/1624827849.5136108.jpg
Cat1,15mph,lr,opposite,3,1624827849.5802774,/media/batool/MULTIMODAL_DATA/Multimodal_Data/Cat1/opposite/bag_files/Cat1_15mph_lr_opposite_3/camera_images/1624827849.5802774.jpg
Cat1,15mph,lr,opposite,3,1624827849.6136107,/media/batool/MULTIMODAL_DATA/Multimodal_Data/Cat1/opposite/bag_files/Cat1_15mph_lr_opposite_3/camera_images/1624827849.6136107.jpg
Cat1,15mph,lr,opposite,3,1624827849.646944,/media/batool/MULTIMODAL_DATA/Multimodal_Data/Cat1/opposite/bag_files/Cat1_15mph_lr_opposite_3/camera_images/1624827849.646944.jpg
Cat1,15mph,lr,opposite,3,1624827849.6802773,/media/batool/MULTIMODAL_DATA/Multimodal_Data/Cat1/opposite/bag_files/Cat1_15mph_lr_opposite_3/camera_images/1624827849.6802773.jpg
Cat1,15mph,lr,opposite,3,1624827849.7136106,/media/batool/MULTIMODAL_DATA/Multimodal_Data/Cat1/opposite/bag_files/Cat1_15mph_lr_opposite_3/camera_images/1624827849.7136106.jpg
Cat1,15mph,lr,opposite,3,1624827849.746944,/media/batool/MULTIMODAL_DATA/Multimodal_Data/Cat1/opposite/bag_files/Cat1_15mph_lr_opposite_3/camera_images/1624827849.746944.jpg
Cat1,15mph,lr,opposite,3,1624827849.7802773,/media/batool/MULTIMODAL_DATA/Multimodal_Data/Cat1/opposite/bag_files/Cat1_15mph_lr_opposite_3/camera_images/1624827849.7802773.jpg
Cat1,15mph,lr,opposite,3,1624827849.8136106,/media/batool/MULTIMODAL_DATA/Multimodal_Data/Cat1/opposite/bag_files/Cat1_15mph_lr_opposite_3/camera_images/1624827849.8136106.jpg
Cat1,15mph,lr,opposite,3,1624827849.8469439,/media/batool/MULTIMODAL_DATA/Multimodal_Data/Cat1/opposite/bag_files/Cat1_15mph_lr_opposite_3/camera_images/1624827849.8469439.jpg
Cat1,15mph,lr,opposite,3,1624827849.8802772,/media/batool/MULTIMODAL_DATA/Multimodal_Data/Cat1/opposite/bag_files/Cat1_15mph_lr_opposite_3/camera_images/1624827849.8802772.jpg
Cat1,15mph,lr,opposite,3,1624827849.9136105,/media/batool/MULTIMODAL_DATA/Multimodal_Data/Cat1/opposite/bag_files/Cat1_15mph_lr_opposite_3/camera_images/1624827849.9136105.jpg
Cat1,15mph,lr,opposite,3,1624827849.9469438,/media/batool/MULTIMODAL_DATA/Multimodal_Data/Cat1/opposite/bag_files/Cat1_15mph_lr_opposite_3/camera_images/1624827849.9469438.jpg
Cat1,15mph,lr,opposite,3,1624827849.980277,/media/batool/MULTIMODAL_DATA/Multimodal_Data/Cat1/opposite/bag_files/Cat1_15mph_lr_opposite_3/camera_images/1624827849.980277.jpg
Cat1,15mph,lr,opposite,3,1624827850.0136104,/media/batool/MULTIMODAL_DATA/Multimodal_Data/Cat1/opposite/bag_files/Cat1_15mph_lr_opposite_3/camera_images/1624827850.0136104.jpg
Cat1,15mph,lr,opposite,3,1624827850.0469437,/media/batool/MULTIMODAL_DATA/Multimodal_Data/Cat1/opposite/bag_files/Cat1_15mph_lr_opposite_3/camera_images/1624827850.0469437.jpg
Cat1,15mph,lr,opposite,3,1624827850.1136103,/media/batool/MULTIMODAL_DATA/Multimodal_Data/Cat1/opposite/bag_files/Cat1_15mph_lr_opposite_3/camera_images/1624827850.1136103.jpg
Cat1,15mph,lr,opposite,3,1624827850.1469436,/media/batool/MULTIMODAL_DATA/Multimodal_Data/Cat1/opposite/bag_files/Cat1_15mph_lr_opposite_3/camera_images/1624827850.1469436.jpg
Cat1,15mph,lr,opposite,3,1624827850.1802769,/media/batool/MULTIMODAL_DATA/Multimodal_Data/Cat1/opposite/bag_files/Cat1_15mph_lr_opposite_3/camera_images/1624827850.1802769.jpg
Cat1,15mph,lr,opposite,3,1624827850.2136102,/media/batool/MULTIMODAL_DATA/Multimodal_Data/Cat1/opposite/bag_files/Cat1_15mph_lr_opposite_3/camera_images/1624827850.2136102.jpg
Cat1,15mph,lr,opposite,3,1624827850.2469435,/media/batool/MULTIMODAL_DATA/Multimodal_Data/Cat1/opposite/bag_files/Cat1_15mph_lr_opposite_3/camera_images/1624827850.2469435.jpg
Cat1,15mph,lr,opposite,3,1624827850.2802768,/media/batool/MULTIMODAL_DATA/Multimodal_Data/Cat1/opposite/bag_files/Cat1_15mph_lr_opposite_3/camera_images/1624827850.2802768.jpg
Cat1,15mph,lr,opposite,3,1624827850.31361,/media/batool/MULTIMODAL_DATA/Multimodal_Data/Cat1/opposite/bag_files/Cat1_15mph_lr_opposite_3/camera_images/1624827850.31361.jpg
Cat1,15mph,lr,opposite,3,1624827850.3469434,/media/batool/MULTIMODAL_DATA/Multimodal_Data/Cat1/opposite/bag_files/Cat1_15mph_lr_opposite_3/camera_images/1624827850.3469434.jpg
Cat1,15mph,lr,opposite,3,1624827850.3802767,/media/batool/MULTIMODAL_DATA/Multimodal_Data/Cat1/opposite/bag_files/Cat1_15mph_lr_opposite_3/camera_images/1624827850.3802767.jpg
Cat1,15mph,lr,opposite,3,1624827850.41361,/media/batool/MULTIMODAL_DATA/Multimodal_Data/Cat1/opposite/bag_files/Cat1_15mph_lr_opposite_3/camera_images/1624827850.41361.jpg
Cat1,15mph,lr,opposite,3,1624827850.4469433,/media/batool/MULTIMODAL_DATA/Multimodal_Data/Cat1/opposite/bag_files/Cat1_15mph_lr_opposite_3/camera_images/1624827850.4469433.jpg
Cat1,15mph,lr,opposite,3,1624827850.4802766,/media/batool/MULTIMODAL_DATA/Multimodal_Data/Cat1/opposite/bag_files/Cat1_15mph_lr_opposite_3/camera_images/1624827850.4802766.jpg
Cat1,15mph,lr,opposite,3,1624827850.51361,/media/batool/MULTIMODAL_DATA/Multimodal_Data/Cat1/opposite/bag_files/Cat1_15mph_lr_opposite_3/camera_images/1624827850.51361.jpg
Cat1,15mph,lr,opposite,3,1624827850.5469432,/media/batool/MULTIMODAL_DATA/Multimodal_Data/Cat1/opposite/bag_files/Cat1_15mph_lr_opposite_3/camera_images/1624827850.5469432.jpg
Cat1,15mph,lr,opposite,3,1624827850.5802765,/media/batool/MULTIMODAL_DATA/Multimodal_Data/Cat1/opposite/bag_files/Cat1_15mph_lr_opposite_3/camera_images/1624827850.5802765.jpg
Cat1,15mph,lr,opposite,3,1624827849.0136113,/media/batool/MULTIMODAL_DATA/Multimodal_Data/Cat1/opposite/bag_files/Cat1_15mph_lr_opposite_3/camera_images/1624827849.0136113.jpg
Cat1,15mph,lr,opposite,3,1624827849.5469441,/media/batool/MULTIMODAL_DATA/Multimodal_Data/Cat1/opposite/bag_files/Cat1_15mph_lr_opposite_3/camera_images/1624827849.5469441.jpg
Cat1,15mph,lr,opposite,3,1624827850.080277,/media/batool/MULTIMODAL_DATA/Multimodal_Data/Cat1/opposite/bag_files/Cat1_15mph_lr_opposite_3/camera_images/1624827850.080277.jpg
Cat1,15mph,lr,opposite,3,1624827850.6136098,/media/batool/MULTIMODAL_DATA/Multimodal_Data/Cat1/opposite/bag_files/Cat1_15mph_lr_opposite_3/camera_images/1624827850.6136098.jpg
Cat1,15mph,lr,opposite,3,1624827851.1469426,/media/batool/MULTIMODAL_DATA/Multimodal_Data/Cat1/opposite/bag_files/Cat1_15mph_lr_opposite_3/camera_images/1624827851.1469426.jpg
Cat1,15mph,lr,opposite,3,1624827851.6802754,/media/batool/MULTIMODAL_DATA/Multimodal_Data/Cat1/opposite/bag_files/Cat1_15mph_lr_opposite_3/camera_images/1624827851.6802754.jpg
Cat1,15mph,lr,opposite,3,1624827852.2136083,/media/batool/MULTIMODAL_DATA/Multimodal_Data/Cat1/opposite/bag_files/Cat1_15mph_lr_opposite_3/camera_images/1624827852.2136083.jpg
Cat1,15mph,lr,opposite,3,1624827852.746941,/media/batool/MULTIMODAL_DATA/Multimodal_Data/Cat1/opposite/bag_files/Cat1_15mph_lr_opposite_3/camera_images/1624827852.746941.jpg
Cat1,15mph,lr,opposite,3,1624827853.280274,/media/batool/MULTIMODAL_DATA/Multimodal_Data/Cat1/opposite/bag_files/Cat1_15mph_lr_opposite_3/camera_images/1624827853.280274.jpg
Cat1,15mph,lr,opposite,3,1624827853.8136067,/media/batool/MULTIMODAL_DATA/Multimodal_Data/Cat1/opposite/bag_files/Cat1_15mph_lr_opposite_3/camera_images/1624827853.8136067.jpg
Cat1,15mph,lr,opposite,3,1624827854.3469396,/media/batool/MULTIMODAL_DATA/Multimodal_Data/Cat1/opposite/bag_files/Cat1_15mph_lr_opposite_3/camera_images/1624827854.3469396.jpg
Cat1,15mph,lr,opposite,3,1624827854.8802724,/media/batool/MULTIMODAL_DATA/Multimodal_Data/Cat1/opposite/bag_files/Cat1_15mph_lr_opposite_3/camera_images/1624827854.8802724.jpg
Cat1,15mph,lr,opposite,3,1624827855.4136052,/media/batool/MULTIMODAL_DATA/Multimodal_Data/Cat1/opposite/bag_files/Cat1_15mph_lr_opposite_3/camera_images/1624827855.4136052.jpg
Cat1,15mph,lr,opposite,3,1624827855.946938,/media/batool/MULTIMODAL_DATA/Multimodal_Data/Cat1/opposite/bag_files/Cat1_15mph_lr_opposite_3/camera_images/1624827855.946938.jpg
Cat1,15mph,lr,opposite,3,1624827856.4802709,/media/batool/MULTIMODAL_DATA/Multimodal_Data/Cat1/opposite/bag_files/Cat1_15mph_lr_opposite_3/camera_images/1624827856.4802709.jpg
Cat1,15mph,lr,opposite,3,1624827857.0136037,/media/batool/MULTIMODAL_DATA/Multimodal_Data/Cat1/opposite/bag_files/Cat1_15mph_lr_opposite_3/camera_images/1624827857.0136037.jpg
Cat1,15mph,lr,opposite,3,1624827857.5469365,/media/batool/MULTIMODAL_DATA/Multimodal_Data/Cat1/opposite/bag_files/Cat1_15mph_lr_opposite_3/camera_images/1624827857.5469365.jpg
Cat1,15mph,lr,opposite,3,1624827858.0802693,/media/batool/MULTIMODAL_DATA/Multimodal_Data/Cat1/opposite/bag_files/Cat1_15mph_lr_opposite_3/camera_images/1624827858.0802693.jpg
Cat1,15mph,lr,opposite,3,1624827858.6136022,/media/batool/MULTIMODAL_DATA/Multimodal_Data/Cat1/opposite/bag_files/Cat1_15mph_lr_opposite_3/camera_images/1624827858.6136022.jpg
Cat1,15mph,lr,opposite,3,1624827859.146935,/media/batool/MULTIMODAL_DATA/Multimodal_Data/Cat1/opposite/bag_files/Cat1_15mph_lr_opposite_3/camera_images/1624827859.146935.jpg
Cat1,15mph,lr,opposite,3,1624827859.6802678,/media/batool/MULTIMODAL_DATA/Multimodal_Data/Cat1/opposite/bag_files/Cat1_15mph_lr_opposite_3/camera_images/1624827859.6802678.jpg
Cat1,15mph,lr,opposite,3,1624827860.2136006,/media/batool/MULTIMODAL_DATA/Multimodal_Data/Cat1/opposite/bag_files/Cat1_15mph_lr_opposite_3/camera_images/1624827860.2136006.jpg
Cat1,15mph,lr,opposite,3,1624827860.7469335,/media/batool/MULTIMODAL_DATA/Multimodal_Data/Cat1/opposite/bag_files/Cat1_15mph_lr_opposite_3/camera_images/1624827860.7469335.jpg
Cat1,15mph,lr,opposite,3,1624827861.2802663,/media/batool/MULTIMODAL_DATA/Multimodal_Data/Cat1/opposite/bag_files/Cat1_15mph_lr_opposite_3/camera_images/1624827861.2802663.jpg
Cat1,15mph,lr,opposite,3,1624827861.813599,/media/batool/MULTIMODAL_DATA/Multimodal_Data/Cat1/opposite/bag_files/Cat1_15mph_lr_opposite_3/camera_images/1624827861.813599.jpg
Cat1,15mph,lr,opposite,3,1624827862.346932,/media/batool/MULTIMODAL_DATA/Multimodal_Data/Cat1/opposite/bag_files/Cat1_15mph_lr_opposite_3/camera_images/1624827862.346932.jpg
Cat1,15mph,lr,opposite,3,1624827862.8802648,/media/batool/MULTIMODAL_DATA/Multimodal_Data/Cat1/opposite/bag_files/Cat1_15mph_lr_opposite_3/camera_images/1624827862.8802648.jpg
Cat1,15mph,lr,opposite,3,1624827850.646943,/media/batool/MULTIMODAL_DATA/Multimodal_Data/Cat1/opposite/bag_files/Cat1_15mph_lr_opposite_3/camera_images/1624827850.646943.jpg
Cat1,15mph,lr,opposite,3,1624827850.6802764,/media/batool/MULTIMODAL_DATA/Multimodal_Data/Cat1/opposite/bag_files/Cat1_15mph_lr_opposite_3/camera_images/1624827850.6802764.jpg
Cat1,15mph,lr,opposite,3,1624827850.7136097,/media/batool/MULTIMODAL_DATA/Multimodal_Data/Cat1/opposite/bag_files/Cat1_15mph_lr_opposite_3/camera_images/1624827850.7136097.jpg
Cat1,15mph,lr,opposite,3,1624827850.746943,/media/batool/MULTIMODAL_DATA/Multimodal_Data/Cat1/opposite/bag_files/Cat1_15mph_lr_opposite_3/camera_images/1624827850.746943.jpg
Cat1,15mph,lr,opposite,3,1624827850.7802763,/media/batool/MULTIMODAL_DATA/Multimodal_Data/Cat1/opposite/bag_files/Cat1_15mph_lr_opposite_3/camera_images/1624827850.7802763.jpg
Cat1,15mph,lr,opposite,3,1624827850.8136096,/media/batool/MULTIMODAL_DATA/Multimodal_Data/Cat1/opposite/bag_files/Cat1_15mph_lr_opposite_3/camera_images/1624827850.8136096.jpg
Cat1,15mph,lr,opposite,3,1624827850.846943,/media/batool/MULTIMODAL_DATA/Multimodal_Data/Cat1/opposite/bag_files/Cat1_15mph_lr_opposite_3/camera_images/1624827850.846943.jpg
Cat1,15mph,lr,opposite,3,1624827850.8802762,/media/batool/MULTIMODAL_DATA/Multimodal_Data/Cat1/opposite/bag_files/Cat1_15mph_lr_opposite_3/camera_images/1624827850.8802762.jpg
Cat1,15mph,lr,opposite,3,1624827850.9136095,/media/batool/MULTIMODAL_DATA/Multimodal_Data/Cat1/opposite/bag_files/Cat1_15mph_lr_opposite_3/camera_images/1624827850.9136095.jpg
Cat1,15mph,lr,opposite,3,1624827850.9469428,/media/batool/MULTIMODAL_DATA/Multimodal_Data/Cat1/opposite/bag_files/Cat1_15mph_lr_opposite_3/camera_images/1624827850.9469428.jpg
Cat1,15mph,lr,opposite,3,1624827850.980276,/media/batool/MULTIMODAL_DATA/Multimodal_Data/Cat1/opposite/bag_files/Cat1_15mph_lr_opposite_3/camera_images/1624827850.980276.jpg
Cat1,15mph,lr,opposite,3,1624827851.0136094,/media/batool/MULTIMODAL_DATA/Multimodal_Data/Cat1/opposite/bag_files/Cat1_15mph_lr_opposite_3/camera_images/1624827851.0136094.jpg
Cat1,15mph,lr,opposite,3,1624827851.0469427,/media/batool/MULTIMODAL_DATA/Multimodal_Data/Cat1/opposite/bag_files/Cat1_15mph_lr_opposite_3/camera_images/1624827851.0469427.jpg
Cat1,15mph,lr,opposite,3,1624827851.080276,/media/batool/MULTIMODAL_DATA/Multimodal_Data/Cat1/opposite/bag_files/Cat1_15mph_lr_opposite_3/camera_images/1624827851.080276.jpg
Cat1,15mph,lr,opposite,3,1624827851.1136093,/media/batool/MULTIMODAL_DATA/Multimodal_Data/Cat1/opposite/bag_files/Cat1_15mph_lr_opposite_3/camera_images/1624827851.1136093.jpg
Cat1,15mph,lr,opposite,3,1624827851.180276,/media/batool/MULTIMODAL_DATA/Multimodal_Data/Cat1/opposite/bag_files/Cat1_15mph_lr_opposite_3/camera_images/1624827851.180276.jpg
Cat1,15mph,lr,opposite,3,1624827851.2136092,/media/batool/MULTIMODAL_DATA/Multimodal_Data/Cat1/opposite/bag_files/Cat1_15mph_lr_opposite_3/camera_images/1624827851.2136092.jpg
Cat1,15mph,lr,opposite,3,1624827851.2469425,/media/batool/MULTIMODAL_DATA/Multimodal_Data/Cat1/opposite/bag_files/Cat1_15mph_lr_opposite_3/camera_images/1624827851.2469425.jpg
Cat1,15mph,lr,opposite,3,1624827851.2802758,/media/batool/MULTIMODAL_DATA/Multimodal_Data/Cat1/opposite/bag_files/Cat1_15mph_lr_opposite_3/camera_images/1624827851.2802758.jpg
Cat1,15mph,lr,opposite,3,1624827851.3136091,/media/batool/MULTIMODAL_DATA/Multimodal_Data/Cat1/opposite/bag_files/Cat1_15mph_lr_opposite_3/camera_images/1624827851.3136091.jpg
Cat1,15mph,lr,opposite,3,1624827851.3469424,/media/batool/MULTIMODAL_DATA/Multimodal_Data/Cat1/opposite/bag_files/Cat1_15mph_lr_opposite_3/camera_images/1624827851.3469424.jpg
Cat1,15mph,lr,opposite,3,1624827851.3802757,/media/batool/MULTIMODAL_DATA/Multimodal_Data/Cat1/opposite/bag_files/Cat1_15mph_lr_opposite_3/camera_images/1624827851.3802757.jpg
Cat1,15mph,lr,opposite,3,1624827851.413609,/media/batool/MULTIMODAL_DATA/Multimodal_Data/Cat1/opposite/bag_files/Cat1_15mph_lr_opposite_3/camera_images/1624827851.413609.jpg
Cat1,15mph,lr,opposite,3,1624827851.4469423,/media/batool/MULTIMODAL_DATA/Multimodal_Data/Cat1/opposite/bag_files/Cat1_15mph_lr_opposite_3/camera_images/1624827851.4469423.jpg
Cat1,15mph,lr,opposite,3,1624827851.4802756,/media/batool/MULTIMODAL_DATA/Multimodal_Data/Cat1/opposite/bag_files/Cat1_15mph_lr_opposite_3/camera_images/1624827851.4802756.jpg
Cat1,15mph,lr,opposite,3,1624827851.513609,/media/batool/MULTIMODAL_DATA/Multimodal_Data/Cat1/opposite/bag_files/Cat1_15mph_lr_opposite_3/camera_images/1624827851.513609.jpg
Cat1,15mph,lr,opposite,3,1624827851.5469422,/media/batool/MULTIMODAL_DATA/Multimodal_Data/Cat1/opposite/bag_files/Cat1_15mph_lr_opposite_3/camera_images/1624827851.5469422.jpg
Cat1,15mph,lr,opposite,3,1624827851.5802755,/media/batool/MULTIMODAL_DATA/Multimodal_Data/Cat1/opposite/bag_files/Cat1_15mph_lr_opposite_3/camera_images/1624827851.5802755.jpg
Cat1,15mph,lr,opposite,3,1624827851.6136088,/media/batool/MULTIMODAL_DATA/Multimodal_Data/Cat1/opposite/bag_files/Cat1_15mph_lr_opposite_3/camera_images/1624827851.6136088.jpg
Cat1,15mph,lr,opposite,3,1624827851.6469421,/media/batool/MULTIMODAL_DATA/Multimodal_Data/Cat1/opposite/bag_files/Cat1_15mph_lr_opposite_3/camera_images/1624827851.6469421.jpg
Cat1,15mph,lr,opposite,3,1624827851.7136087,/media/batool/MULTIMODAL_DATA/Multimodal_Data/Cat1/opposite/bag_files/Cat1_15mph_lr_opposite_3/camera_images/1624827851.7136087.jpg
Cat1,15mph,lr,opposite,3,1624827851.746942,/media/batool/MULTIMODAL_DATA/Multimodal_Data/Cat1/opposite/bag_files/Cat1_15mph_lr_opposite_3/camera_images/1624827851.746942.jpg
Cat1,15mph,lr,opposite,3,1624827851.7802753,/media/batool/MULTIMODAL_DATA/Multimodal_Data/Cat1/opposite/bag_files/Cat1_15mph_lr_opposite_3/camera_images/1624827851.7802753.jpg
Cat1,15mph,lr,opposite,3,1624827851.8136086,/media/batool/MULTIMODAL_DATA/Multimodal_Data/Cat1/opposite/bag_files/Cat1_15mph_lr_opposite_3/camera_images/1624827851.8136086.jpg
Cat1,15mph,lr,opposite,3,1624827851.846942,/media/batool/MULTIMODAL_DATA/Multimodal_Data/Cat1/opposite/bag_files/Cat1_15mph_lr_opposite_3/camera_images/1624827851.846942.jpg
Cat1,15mph,lr,opposite,3,1624827851.8802752,/media/batool/MULTIMODAL_DATA/Multimodal_Data/Cat1/opposite/bag_files/Cat1_15mph_lr_opposite_3/camera_images/1624827851.8802752.jpg
Cat1,15mph,lr,opposite,3,1624827851.9136086,/media/batool/MULTIMODAL_DATA/Multimodal_Data/Cat1/opposite/bag_files/Cat1_15mph_lr_opposite_3/camera_images/1624827851.9136086.jpg
Cat1,15mph,lr,opposite,3,1624827851.9469419,/media/batool/MULTIMODAL_DATA/Multimodal_Data/Cat1/opposite/bag_files/Cat1_15mph_lr_opposite_3/camera_images/1624827851.9469419.jpg
Cat1,15mph,lr,opposite,3,1624827851.9802752,/media/batool/MULTIMODAL_DATA/Multimodal_Data/Cat1/opposite/bag_files/Cat1_15mph_lr_opposite_3/camera_images/1624827851.9802752.jpg
Cat1,15mph,lr,opposite,3,1624827852.0136085,/media/batool/MULTIMODAL_DATA/Multimodal_Data/Cat1/opposite/bag_files/Cat1_15mph_lr_opposite_3/camera_images/1624827852.0136085.jpg
Cat1,15mph,lr,opposite,3,1624827852.0469418,/media/batool/MULTIMODAL_DATA/Multimodal_Data/Cat1/opposite/bag_files/Cat1_15mph_lr_opposite_3/camera_images/1624827852.0469418.jpg
Cat1,15mph,lr,opposite,3,1624827852.080275,/media/batool/MULTIMODAL_DATA/Multimodal_Data/Cat1/opposite/bag_files/Cat1_15mph_lr_opposite_3/camera_images/1624827852.080275.jpg
Cat1,15mph,lr,opposite,3,1624827852.1136084,/media/batool/MULTIMODAL_DATA/Multimodal_Data/Cat1/opposite/bag_files/Cat1_15mph_lr_opposite_3/camera_images/1624827852.1136084.jpg
Cat1,15mph,lr,opposite,3,1624827852.1469417,/media/batool/MULTIMODAL_DATA/Multimodal_Data/Cat1/opposite/bag_files/Cat1_15mph_lr_opposite_3/camera_images/1624827852.1469417.jpg
Cat1,15mph,lr,opposite,3,1624827852.180275,/media/batool/MULTIMODAL_DATA/Multimodal_Data/Cat1/opposite/bag_files/Cat1_15mph_lr_opposite_3/camera_images/1624827852.180275.jpg
Cat1,15mph,lr,opposite,3,1624827852.2469416,/media/batool/MULTIMODAL_DATA/Multimodal_Data/Cat1/opposite/bag_files/Cat1_15mph_lr_opposite_3/camera_images/1624827852.2469416.jpg
Cat1,15mph,lr,opposite,3,1624827852.2802749,/media/batool/MULTIMODAL_DATA/Multimodal_Data/Cat1/opposite/bag_files/Cat1_15mph_lr_opposite_3/camera_images/1624827852.2802749.jpg
Cat1,15mph,lr,opposite,3,1624827852.3136082,/media/batool/MULTIMODAL_DATA/Multimodal_Data/Cat1/opposite/bag_files/Cat1_15mph_lr_opposite_3/camera_images/1624827852.3136082.jpg
Cat1,15mph,lr,opposite,3,1624827852.3469415,/media/batool/MULTIMODAL_DATA/Multimodal_Data/Cat1/opposite/bag_files/Cat1_15mph_lr_opposite_3/camera_images/1624827852.3469415.jpg
Cat1,15mph,lr,opposite,3,1624827852.3802748,/media/batool/MULTIMODAL_DATA/Multimodal_Data/Cat1/opposite/bag_files/Cat1_15mph_lr_opposite_3/camera_images/1624827852.3802748.jpg
Cat1,15mph,lr,opposite,3,1624827852.413608,/media/batool/MULTIMODAL_DATA/Multimodal_Data/Cat1/opposite/bag_files/Cat1_15mph_lr_opposite_3/camera_images/1624827852.413608.jpg
Cat1,15mph,lr,opposite,3,1624827852.4469414,/media/batool/MULTIMODAL_DATA/Multimodal_Data/Cat1/opposite/bag_files/Cat1_15mph_lr_opposite_3/camera_images/1624827852.4469414.jpg
Cat1,15mph,lr,opposite,3,1624827852.4802747,/media/batool/MULTIMODAL_DATA/Multimodal_Data/Cat1/opposite/bag_files/Cat1_15mph_lr_opposite_3/camera_images/1624827852.4802747.jpg
Cat1,15mph,lr,opposite,3,1624827852.513608,/media/batool/MULTIMODAL_DATA/Multimodal_Data/Cat1/opposite/bag_files/Cat1_15mph_lr_opposite_3/camera_images/1624827852.513608.jpg
Cat1,15mph,lr,opposite,3,1624827852.5469413,/media/batool/MULTIMODAL_DATA/Multimodal_Data/Cat1/opposite/bag_files/Cat1_15mph_lr_opposite_3/camera_images/1624827852.5469413.jpg
Cat1,15mph,lr,opposite,3,1624827852.5802746,/media/batool/MULTIMODAL_DATA/Multimodal_Data/Cat1/opposite/bag_files/Cat1_15mph_lr_opposite_3/camera_images/1624827852.5802746.jpg
Cat1,15mph,lr,opposite,3,1624827852.613608,/media/batool/MULTIMODAL_DATA/Multimodal_Data/Cat1/opposite/bag_files/Cat1_15mph_lr_opposite_3/camera_images/1624827852.613608.jpg
Cat1,15mph,lr,opposite,3,1624827852.6469412,/media/batool/MULTIMODAL_DATA/Multimodal_Data/Cat1/opposite/bag_files/Cat1_15mph_lr_opposite_3/camera_images/1624827852.6469412.jpg
Cat1,15mph,lr,opposite,3,1624827852.6802745,/media/batool/MULTIMODAL_DATA/Multimodal_Data/Cat1/opposite/bag_files/Cat1_15mph_lr_opposite_3/camera_images/1624827852.6802745.jpg
Cat1,15mph,lr,opposite,3,1624827852.7136078,/media/batool/MULTIMODAL_DATA/Multimodal_Data/Cat1/opposite/bag_files/Cat1_15mph_lr_opposite_3/camera_images/1624827852.7136078.jpg
Cat1,15mph,lr,opposite,3,1624827852.7802744,/media/batool/MULTIMODAL_DATA/Multimodal_Data/Cat1/opposite/bag_files/Cat1_15mph_lr_opposite_3/camera_images/1624827852.7802744.jpg
Cat1,15mph,lr,opposite,3,1624827852.8136077,/media/batool/MULTIMODAL_DATA/Multimodal_Data/Cat1/opposite/bag_files/Cat1_15mph_lr_opposite_3/camera_images/1624827852.8136077.jpg
Cat1,15mph,lr,opposite,3,1624827852.846941,/media/batool/MULTIMODAL_DATA/Multimodal_Data/Cat1/opposite/bag_files/Cat1_15mph_lr_opposite_3/camera_images/1624827852.846941.jpg
Cat1,15mph,lr,opposite,3,1624827852.8802743,/media/batool/MULTIMODAL_DATA/Multimodal_Data/Cat1/opposite/bag_files/Cat1_15mph_lr_opposite_3/camera_images/1624827852.8802743.jpg
Cat1,15mph,lr,opposite,3,1624827852.9136076,/media/batool/MULTIMODAL_DATA/Multimodal_Data/Cat1/opposite/bag_files/Cat1_15mph_lr_opposite_3/camera_images/1624827852.9136076.jpg
Cat1,15mph,lr,opposite,3,1624827852.946941,/media/batool/MULTIMODAL_DATA/Multimodal_Data/Cat1/opposite/bag_files/Cat1_15mph_lr_opposite_3/camera_images/1624827852.946941.jpg
Cat1,15mph,lr,opposite,3,1624827852.9802742,/media/batool/MULTIMODAL_DATA/Multimodal_Data/Cat1/opposite/bag_files/Cat1_15mph_lr_opposite_3/camera_images/1624827852.9802742.jpg
Cat1,15mph,lr,opposite,3,1624827853.0136075,/media/batool/MULTIMODAL_DATA/Multimodal_Data/Cat1/opposite/bag_files/Cat1_15mph_lr_opposite_3/camera_images/1624827853.0136075.jpg
Cat1,15mph,lr,opposite,3,1624827853.0469408,/media/batool/MULTIMODAL_DATA/Multimodal_Data/Cat1/opposite/bag_files/Cat1_15mph_lr_opposite_3/camera_images/1624827853.0469408.jpg
Cat1,15mph,lr,opposite,3,1624827853.080274,/media/batool/MULTIMODAL_DATA/Multimodal_Data/Cat1/opposite/bag_files/Cat1_15mph_lr_opposite_3/camera_images/1624827853.080274.jpg
Cat1,15mph,lr,opposite,3,1624827853.1136074,/media/batool/MULTIMODAL_DATA/Multimodal_Data/Cat1/opposite/bag_files/Cat1_15mph_lr_opposite_3/camera_images/1624827853.1136074.jpg
Cat1,15mph,lr,opposite,3,1624827853.1469407,/media/batool/MULTIMODAL_DATA/Multimodal_Data/Cat1/opposite/bag_files/Cat1_15mph_lr_opposite_3/camera_images/1624827853.1469407.jpg
Cat1,15mph,lr,opposite,3,1624827853.180274,/media/batool/MULTIMODAL_DATA/Multimodal_Data/Cat1/opposite/bag_files/Cat1_15mph_lr_opposite_3/camera_images/1624827853.180274.jpg
Cat1,15mph,lr,opposite,3,1624827853.2136073,/media/batool/MULTIMODAL_DATA/Multimodal_Data/Cat1/opposite/bag_files/Cat1_15mph_lr_opposite_3/camera_images/1624827853.2136073.jpg
Cat1,15mph,lr,opposite,3,1624827853.2469406,/media/batool/MULTIMODAL_DATA/Multimodal_Data/Cat1/opposite/bag_files/Cat1_15mph_lr_opposite_3/camera_images/1624827853.2469406.jpg
Cat1,15mph,lr,opposite,3,1624827853.3136072,/media/batool/MULTIMODAL_DATA/Multimodal_Data/Cat1/opposite/bag_files/Cat1_15mph_lr_opposite_3/camera_images/1624827853.3136072.jpg
Cat1,15mph,lr,opposite,3,1624827853.3469405,/media/batool/MULTIMODAL_DATA/Multimodal_Data/Cat1/opposite/bag_files/Cat1_15mph_lr_opposite_3/camera_images/1624827853.3469405.jpg
Cat1,15mph,lr,opposite,3,1624827853.3802738,/media/batool/MULTIMODAL_DATA/Multimodal_Data/Cat1/opposite/bag_files/Cat1_15mph_lr_opposite_3/camera_images/1624827853.3802738.jpg
Cat1,15mph,lr,opposite,3,1624827853.4136071,/media/batool/MULTIMODAL_DATA/Multimodal_Data/Cat1/opposite/bag_files/Cat1_15mph_lr_opposite_3/camera_images/1624827853.4136071.jpg
Cat1,15mph,lr,opposite,3,1624827853.4469404,/media/batool/MULTIMODAL_DATA/Multimodal_Data/Cat1/opposite/bag_files/Cat1_15mph_lr_opposite_3/camera_images/1624827853.4469404.jpg
Cat1,15mph,lr,opposite,3,1624827853.4802737,/media/batool/MULTIMODAL_DATA/Multimodal_Data/Cat1/opposite/bag_files/Cat1_15mph_lr_opposite_3/camera_images/1624827853.4802737.jpg
Cat1,15mph,lr,opposite,3,1624827853.513607,/media/batool/MULTIMODAL_DATA/Multimodal_Data/Cat1/opposite/bag_files/Cat1_15mph_lr_opposite_3/camera_images/1624827853.513607.jpg
Cat1,15mph,lr,opposite,3,1624827853.5469403,/media/batool/MULTIMODAL_DATA/Multimodal_Data/Cat1/opposite/bag_files/Cat1_15mph_lr_opposite_3/camera_images/1624827853.5469403.jpg
Cat1,15mph,lr,opposite,3,1624827853.5802736,/media/batool/MULTIMODAL_DATA/Multimodal_Data/Cat1/opposite/bag_files/Cat1_15mph_lr_opposite_3/camera_images/1624827853.5802736.jpg
Cat1,15mph,lr,opposite,3,1624827853.613607,/media/batool/MULTIMODAL_DATA/Multimodal_Data/Cat1/opposite/bag_files/Cat1_15mph_lr_opposite_3/camera_images/1624827853.613607.jpg
Cat1,15mph,lr,opposite,3,1624827853.6469402,/media/batool/MULTIMODAL_DATA/Multimodal_Data/Cat1/opposite/bag_files/Cat1_15mph_lr_opposite_3/camera_images/1624827853.6469402.jpg
Cat1,15mph,lr,opposite,3,1624827853.6802735,/media/batool/MULTIMODAL_DATA/Multimodal_Data/Cat1/opposite/bag_files/Cat1_15mph_lr_opposite_3/camera_images/1624827853.6802735.jpg
Cat1,15mph,lr,opposite,3,1624827853.7136068,/media/batool/MULTIMODAL_DATA/Multimodal_Data/Cat1/opposite/bag_files/Cat1_15mph_lr_opposite_3/camera_images/1624827853.7136068.jpg
Cat1,15mph,lr,opposite,3,1624827853.7469401,/media/batool/MULTIMODAL_DATA/Multimodal_Data/Cat1/opposite/bag_files/Cat1_15mph_lr_opposite_3/camera_images/1624827853.7469401.jpg
Cat1,15mph,lr,opposite,3,1624827853.7802734,/media/batool/MULTIMODAL_DATA/Multimodal_Data/Cat1/opposite/bag_files/Cat1_15mph_lr_opposite_3/camera_images/1624827853.7802734.jpg
Cat1,15mph,lr,opposite,3,1624827853.84694,/media/batool/MULTIMODAL_DATA/Multimodal_Data/Cat1/opposite/bag_files/Cat1_15mph_lr_opposite_3/camera_images/1624827853.84694.jpg
Cat1,15mph,lr,opposite,3,1624827853.8802733,/media/batool/MULTIMODAL_DATA/Multimodal_Data/Cat1/opposite/bag_files/Cat1_15mph_lr_opposite_3/camera_images/1624827853.8802733.jpg
Cat1,15mph,lr,opposite,3,1624827853.9136066,/media/batool/MULTIMODAL_DATA/Multimodal_Data/Cat1/opposite/bag_files/Cat1_15mph_lr_opposite_3/camera_images/1624827853.9136066.jpg
Cat1,15mph,lr,opposite,3,1624827853.94694,/media/batool/MULTIMODAL_DATA/Multimodal_Data/Cat1/opposite/bag_files/Cat1_15mph_lr_opposite_3/camera_images/1624827853.94694.jpg
Cat1,15mph,lr,opposite,3,1624827853.9802732,/media/batool/MULTIMODAL_DATA/Multimodal_Data/Cat1/opposite/bag_files/Cat1_15mph_lr_opposite_3/camera_images/1624827853.9802732.jpg
Cat1,15mph,lr,opposite,3,1624827854.0136065,/media/batool/MULTIMODAL_DATA/Multimodal_Data/Cat1/opposite/bag_files/Cat1_15mph_lr_opposite_3/camera_images/1624827854.0136065.jpg
Cat1,15mph,lr,opposite,3,1624827854.0469398,/media/batool/MULTIMODAL_DATA/Multimodal_Data/Cat1/opposite/bag_files/Cat1_15mph_lr_opposite_3/camera_images/1624827854.0469398.jpg
Cat1,15mph,lr,opposite,3,1624827854.0802732,/media/batool/MULTIMODAL_DATA/Multimodal_Data/Cat1/opposite/bag_files/Cat1_15mph_lr_opposite_3/camera_images/1624827854.0802732.jpg
Cat1,15mph,lr,opposite,3,1624827854.1136065,/media/batool/MULTIMODAL_DATA/Multimodal_Data/Cat1/opposite/bag_files/Cat1_15mph_lr_opposite_3/camera_images/1624827854.1136065.jpg
Cat1,15mph,lr,opposite,3,1624827854.1469398,/media/batool/MULTIMODAL_DATA/Multimodal_Data/Cat1/opposite/bag_files/Cat1_15mph_lr_opposite_3/camera_images/1624827854.1469398.jpg
Cat1,15mph,lr,opposite,3,1624827854.180273,/media/batool/MULTIMODAL_DATA/Multimodal_Data/Cat1/opposite/bag_files/Cat1_15mph_lr_opposite_3/camera_images/1624827854.180273.jpg
Cat1,15mph,lr,opposite,3,1624827854.2136064,/media/batool/MULTIMODAL_DATA/Multimodal_Data/Cat1/opposite/bag_files/Cat1_15mph_lr_opposite_3/camera_images/1624827854.2136064.jpg
Cat1,15mph,lr,opposite,3,1624827854.2469397,/media/batool/MULTIMODAL_DATA/Multimodal_Data/Cat1/opposite/bag_files/Cat1_15mph_lr_opposite_3/camera_images/1624827854.2469397.jpg
Cat1,15mph,lr,opposite,3,1624827854.280273,/media/batool/MULTIMODAL_DATA/Multimodal_Data/Cat1/opposite/bag_files/Cat1_15mph_lr_opposite_3/camera_images/1624827854.280273.jpg
Cat1,15mph,lr,opposite,3,1624827854.3136063,/media/batool/MULTIMODAL_DATA/Multimodal_Data/Cat1/opposite/bag_files/Cat1_15mph_lr_opposite_3/camera_images/1624827854.3136063.jpg
Cat1,15mph,lr,opposite,3,1624827854.3802729,/media/batool/MULTIMODAL_DATA/Multimodal_Data/Cat1/opposite/bag_files/Cat1_15mph_lr_opposite_3/camera_images/1624827854.3802729.jpg
Cat1,15mph,lr,opposite,3,1624827854.4136062,/media/batool/MULTIMODAL_DATA/Multimodal_Data/Cat1/opposite/bag_files/Cat1_15mph_lr_opposite_3/camera_images/1624827854.4136062.jpg
Cat1,15mph,lr,opposite,3,1624827854.4469395,/media/batool/MULTIMODAL_DATA/Multimodal_Data/Cat1/opposite/bag_files/Cat1_15mph_lr_opposite_3/camera_images/1624827854.4469395.jpg
Cat1,15mph,lr,opposite,3,1624827854.4802728,/media/batool/MULTIMODAL_DATA/Multimodal_Data/Cat1/opposite/bag_files/Cat1_15mph_lr_opposite_3/camera_images/1624827854.4802728.jpg
Cat1,15mph,lr,opposite,3,1624827854.513606,/media/batool/MULTIMODAL_DATA/Multimodal_Data/Cat1/opposite/bag_files/Cat1_15mph_lr_opposite_3/camera_images/1624827854.513606.jpg
Cat1,15mph,lr,opposite,3,1624827854.5469394,/media/batool/MULTIMODAL_DATA/Multimodal_Data/Cat1/opposite/bag_files/Cat1_15mph_lr_opposite_3/camera_images/1624827854.5469394.jpg
Cat1,15mph,lr,opposite,3,1624827854.5802727,/media/batool/MULTIMODAL_DATA/Multimodal_Data/Cat1/opposite/bag_files/Cat1_15mph_lr_opposite_3/camera_images/1624827854.5802727.jpg
Cat1,15mph,lr,opposite,3,1624827854.613606,/media/batool/MULTIMODAL_DATA/Multimodal_Data/Cat1/opposite/bag_files/Cat1_15mph_lr_opposite_3/camera_images/1624827854.613606.jpg
Cat1,15mph,lr,opposite,3,1624827854.6469393,/media/batool/MULTIMODAL_DATA/Multimodal_Data/Cat1/opposite/bag_files/Cat1_15mph_lr_opposite_3/camera_images/1624827854.6469393.jpg
Cat1,15mph,lr,opposite,3,1624827854.6802726,/media/batool/MULTIMODAL_DATA/Multimodal_Data/Cat1/opposite/bag_files/Cat1_15mph_lr_opposite_3/camera_images/1624827854.6802726.jpg
Cat1,15mph,lr,opposite,3,1624827854.7136059,/media/batool/MULTIMODAL_DATA/Multimodal_Data/Cat1/opposite/bag_files/Cat1_15mph_lr_opposite_3/camera_images/1624827854.7136059.jpg
Cat1,15mph,lr,opposite,3,1624827854.7469392,/media/batool/MULTIMODAL_DATA/Multimodal_Data/Cat1/opposite/bag_files/Cat1_15mph_lr_opposite_3/camera_images/1624827854.7469392.jpg
Cat1,15mph,lr,opposite,3,1624827854.7802725,/media/batool/MULTIMODAL_DATA/Multimodal_Data/Cat1/opposite/bag_files/Cat1_15mph_lr_opposite_3/camera_images/1624827854.7802725.jpg
Cat1,15mph,lr,opposite,3,1624827854.8136058,/media/batool/MULTIMODAL_DATA/Multimodal_Data/Cat1/opposite/bag_files/Cat1_15mph_lr_opposite_3/camera_images/1624827854.8136058.jpg
Cat1,15mph,lr,opposite,3,1624827854.846939,/media/batool/MULTIMODAL_DATA/Multimodal_Data/Cat1/opposite/bag_files/Cat1_15mph_lr_opposite_3/camera_images/1624827854.846939.jpg
Cat1,15mph,lr,opposite,3,1624827854.9136057,/media/batool/MULTIMODAL_DATA/Multimodal_Data/Cat1/opposite/bag_files/Cat1_15mph_lr_opposite_3/camera_images/1624827854.9136057.jpg
Cat1,15mph,lr,opposite,3,1624827854.946939,/media/batool/MULTIMODAL_DATA/Multimodal_Data/Cat1/opposite/bag_files/Cat1_15mph_lr_opposite_3/camera_images/1624827854.946939.jpg
Cat1,15mph,lr,opposite,3,1624827854.9802723,/media/batool/MULTIMODAL_DATA/Multimodal_Data/Cat1/opposite/bag_files/Cat1_15mph_lr_opposite_3/camera_images/1624827854.9802723.jpg
Cat1,15mph,lr,opposite,3,1624827855.0136056,/media/batool/MULTIMODAL_DATA/Multimodal_Data/Cat1/opposite/bag_files/Cat1_15mph_lr_opposite_3/camera_images/1624827855.0136056.jpg
Cat1,15mph,lr,opposite,3,1624827855.046939,/media/batool/MULTIMODAL_DATA/Multimodal_Data/Cat1/opposite/bag_files/Cat1_15mph_lr_opposite_3/camera_images/1624827855.046939.jpg
Cat1,15mph,lr,opposite,3,1624827855.0802722,/media/batool/MULTIMODAL_DATA/Multimodal_Data/Cat1/opposite/bag_files/Cat1_15mph_lr_opposite_3/camera_images/1624827855.0802722.jpg
Cat1,15mph,lr,opposite,3,1624827855.1136055,/media/batool/MULTIMODAL_DATA/Multimodal_Data/Cat1/opposite/bag_files/Cat1_15mph_lr_opposite_3/camera_images/1624827855.1136055.jpg
Cat1,15mph,lr,opposite,3,1624827855.1469388,/media/batool/MULTIMODAL_DATA/Multimodal_Data/Cat1/opposite/bag_files/Cat1_15mph_lr_opposite_3/camera_images/1624827855.1469388.jpg
Cat1,15mph,lr,opposite,3,1624827855.180272,/media/batool/MULTIMODAL_DATA/Multimodal_Data/Cat1/opposite/bag_files/Cat1_15mph_lr_opposite_3/camera_images/1624827855.180272.jpg
Cat1,15mph,lr,opposite,3,1624827855.2136054,/media/batool/MULTIMODAL_DATA/Multimodal_Data/Cat1/opposite/bag_files/Cat1_15mph_lr_opposite_3/camera_images/1624827855.2136054.jpg
Cat1,15mph,lr,opposite,3,1624827855.2469387,/media/batool/MULTIMODAL_DATA/Multimodal_Data/Cat1/opposite/bag_files/Cat1_15mph_lr_opposite_3/camera_images/1624827855.2469387.jpg
Cat1,15mph,lr,opposite,3,1624827855.280272,/media/batool/MULTIMODAL_DATA/Multimodal_Data/Cat1/opposite/bag_files/Cat1_15mph_lr_opposite_3/camera_images/1624827855.280272.jpg
Cat1,15mph,lr,opposite,3,1624827855.3136053,/media/batool/MULTIMODAL_DATA/Multimodal_Data/Cat1/opposite/bag_files/Cat1_15mph_lr_opposite_3/camera_images/1624827855.3136053.jpg
Cat1,15mph,lr,opposite,3,1624827855.3469386,/media/batool/MULTIMODAL_DATA/Multimodal_Data/Cat1/opposite/bag_files/Cat1_15mph_lr_opposite_3/camera_images/1624827855.3469386.jpg
Cat1,15mph,lr,opposite,3,1624827855.380272,/media/batool/MULTIMODAL_DATA/Multimodal_Data/Cat1/opposite/bag_files/Cat1_15mph_lr_opposite_3/camera_images/1624827855.380272.jpg
Cat1,15mph,lr,opposite,3,1624827855.4469385,/media/batool/MULTIMODAL_DATA/Multimodal_Data/Cat1/opposite/bag_files/Cat1_15mph_lr_opposite_3/camera_images/1624827855.4469385.jpg
Cat1,15mph,lr,opposite,3,1624827855.4802718,/media/batool/MULTIMODAL_DATA/Multimodal_Data/Cat1/opposite/bag_files/Cat1_15mph_lr_opposite_3/camera_images/1624827855.4802718.jpg
Cat1,15mph,lr,opposite,3,1624827855.513605,/media/batool/MULTIMODAL_DATA/Multimodal_Data/Cat1/opposite/bag_files/Cat1_15mph_lr_opposite_3/camera_images/1624827855.513605.jpg
Cat1,15mph,lr,opposite,3,1624827855.5469384,/media/batool/MULTIMODAL_DATA/Multimodal_Data/Cat1/opposite/bag_files/Cat1_15mph_lr_opposite_3/camera_images/1624827855.5469384.jpg
Cat1,15mph,lr,opposite,3,1624827855.5802717,/media/batool/MULTIMODAL_DATA/Multimodal_Data/Cat1/opposite/bag_files/Cat1_15mph_lr_opposite_3/camera_images/1624827855.5802717.jpg
Cat1,15mph,lr,opposite,3,1624827855.613605,/media/batool/MULTIMODAL_DATA/Multimodal_Data/Cat1/opposite/bag_files/Cat1_15mph_lr_opposite_3/camera_images/1624827855.613605.jpg
Cat1,15mph,lr,opposite,3,1624827855.6469383,/media/batool/MULTIMODAL_DATA/Multimodal_Data/Cat1/opposite/bag_files/Cat1_15mph_lr_opposite_3/camera_images/1624827855.6469383.jpg
Cat1,15mph,lr,opposite,3,1624827855.6802716,/media/batool/MULTIMODAL_DATA/Multimodal_Data/Cat1/opposite/bag_files/Cat1_15mph_lr_opposite_3/camera_images/1624827855.6802716.jpg
Cat1,15mph,lr,opposite,3,1624827855.713605,/media/batool/MULTIMODAL_DATA/Multimodal_Data/Cat1/opposite/bag_files/Cat1_15mph_lr_opposite_3/camera_images/1624827855.713605.jpg
Cat1,15mph,lr,opposite,3,1624827855.7469382,/media/batool/MULTIMODAL_DATA/Multimodal_Data/Cat1/opposite/bag_files/Cat1_15mph_lr_opposite_3/camera_images/1624827855.7469382.jpg
Cat1,15mph,lr,opposite,3,1624827855.7802715,/media/batool/MULTIMODAL_DATA/Multimodal_Data/Cat1/opposite/bag_files/Cat1_15mph_lr_opposite_3/camera_images/1624827855.7802715.jpg
Cat1,15mph,lr,opposite,3,1624827855.8136048,/media/batool/MULTIMODAL_DATA/Multimodal_Data/Cat1/opposite/bag_files/Cat1_15mph_lr_opposite_3/camera_images/1624827855.8136048.jpg
Cat1,15mph,lr,opposite,3,1624827855.8469381,/media/batool/MULTIMODAL_DATA/Multimodal_Data/Cat1/opposite/bag_files/Cat1_15mph_lr_opposite_3/camera_images/1624827855.8469381.jpg
Cat1,15mph,lr,opposite,3,1624827855.8802714,/media/batool/MULTIMODAL_DATA/Multimodal_Data/Cat1/opposite/bag_files/Cat1_15mph_lr_opposite_3/camera_images/1624827855.8802714.jpg
Cat1,15mph,lr,opposite,3,1624827855.9136047,/media/batool/MULTIMODAL_DATA/Multimodal_Data/Cat1/opposite/bag_files/Cat1_15mph_lr_opposite_3/camera_images/1624827855.9136047.jpg
Cat1,15mph,lr,opposite,3,1624827855.9802713,/media/batool/MULTIMODAL_DATA/Multimodal_Data/Cat1/opposite/bag_files/Cat1_15mph_lr_opposite_3/camera_images/1624827855.9802713.jpg
Cat1,15mph,lr,opposite,3,1624827856.0136046,/media/batool/MULTIMODAL_DATA/Multimodal_Data/Cat1/opposite/bag_files/Cat1_15mph_lr_opposite_3/camera_images/1624827856.0136046.jpg
Cat1,15mph,lr,opposite,3,1624827856.046938,/media/batool/MULTIMODAL_DATA/Multimodal_Data/Cat1/opposite/bag_files/Cat1_15mph_lr_opposite_3/camera_images/1624827856.046938.jpg
Cat1,15mph,lr,opposite,3,1624827856.0802712,/media/batool/MULTIMODAL_DATA/Multimodal_Data/Cat1/opposite/bag_files/Cat1_15mph_lr_opposite_3/camera_images/1624827856.0802712.jpg
Cat1,15mph,lr,opposite,3,1624827856.1136045,/media/batool/MULTIMODAL_DATA/Multimodal_Data/Cat1/opposite/bag_files/Cat1_15mph_lr_opposite_3/camera_images/1624827856.1136045.jpg
Cat1,15mph,lr,opposite,3,1624827856.1469378,/media/batool/MULTIMODAL_DATA/Multimodal_Data/Cat1/opposite/bag_files/Cat1_15mph_lr_opposite_3/camera_images/1624827856.1469378.jpg
Cat1,15mph,lr,opposite,3,1624827856.1802711,/media/batool/MULTIMODAL_DATA/Multimodal_Data/Cat1/opposite/bag_files/Cat1_15mph_lr_opposite_3/camera_images/1624827856.1802711.jpg
Cat1,15mph,lr,opposite,3,1624827856.2136045,/media/batool/MULTIMODAL_DATA/Multimodal_Data/Cat1/opposite/bag_files/Cat1_15mph_lr_opposite_3/camera_images/1624827856.2136045.jpg
Cat1,15mph,lr,opposite,3,1624827856.2469378,/media/batool/MULTIMODAL_DATA/Multimodal_Data/Cat1/opposite/bag_files/Cat1_15mph_lr_opposite_3/camera_images/1624827856.2469378.jpg
Cat1,15mph,lr,opposite,3,1624827856.280271,/media/batool/MULTIMODAL_DATA/Multimodal_Data/Cat1/opposite/bag_files/Cat1_15mph_lr_opposite_3/camera_images/1624827856.280271.jpg
Cat1,15mph,lr,opposite,3,1624827856.3136044,/media/batool/MULTIMODAL_DATA/Multimodal_Data/Cat1/opposite/bag_files/Cat1_15mph_lr_opposite_3/camera_images/1624827856.3136044.jpg
Cat1,15mph,lr,opposite,3,1624827856.3469377,/media/batool/MULTIMODAL_DATA/Multimodal_Data/Cat1/opposite/bag_files/Cat1_15mph_lr_opposite_3/camera_images/1624827856.3469377.jpg
Cat1,15mph,lr,opposite,3,1624827856.380271,/media/batool/MULTIMODAL_DATA/Multimodal_Data/Cat1/opposite/bag_files/Cat1_15mph_lr_opposite_3/camera_images/1624827856.380271.jpg
Cat1,15mph,lr,opposite,3,1624827856.4136043,/media/batool/MULTIMODAL_DATA/Multimodal_Data/Cat1/opposite/bag_files/Cat1_15mph_lr_opposite_3/camera_images/1624827856.4136043.jpg
Cat1,15mph,lr,opposite,3,1624827856.4469376,/media/batool/MULTIMODAL_DATA/Multimodal_Data/Cat1/opposite/bag_files/Cat1_15mph_lr_opposite_3/camera_images/1624827856.4469376.jpg
Cat1,15mph,lr,opposite,3,1624827856.5136042,/media/batool/MULTIMODAL_DATA/Multimodal_Data/Cat1/opposite/bag_files/Cat1_15mph_lr_opposite_3/camera_images/1624827856.5136042.jpg
Cat1,15mph,lr,opposite,3,1624827856.5469375,/media/batool/MULTIMODAL_DATA/Multimodal_Data/Cat1/opposite/bag_files/Cat1_15mph_lr_opposite_3/camera_images/1624827856.5469375.jpg
Cat1,15mph,lr,opposite,3,1624827856.5802708,/media/batool/MULTIMODAL_DATA/Multimodal_Data/Cat1/opposite/bag_files/Cat1_15mph_lr_opposite_3/camera_images/1624827856.5802708.jpg
Cat1,15mph,lr,opposite,3,1624827856.613604,/media/batool/MULTIMODAL_DATA/Multimodal_Data/Cat1/opposite/bag_files/Cat1_15mph_lr_opposite_3/camera_images/1624827856.613604.jpg
Cat1,15mph,lr,opposite,3,1624827856.6469374,/media/batool/MULTIMODAL_DATA/Multimodal_Data/Cat1/opposite/bag_files/Cat1_15mph_lr_opposite_3/camera_images/1624827856.6469374.jpg
Cat1,15mph,lr,opposite,3,1624827856.6802707,/media/batool/MULTIMODAL_DATA/Multimodal_Data/Cat1/opposite/bag_files/Cat1_15mph_lr_opposite_3/camera_images/1624827856.6802707.jpg
Cat1,15mph,lr,opposite,3,1624827856.713604,/media/batool/MULTIMODAL_DATA/Multimodal_Data/Cat1/opposite/bag_files/Cat1_15mph_lr_opposite_3/camera_images/1624827856.713604.jpg
Cat1,15mph,lr,opposite,3,1624827856.7469373,/media/batool/MULTIMODAL_DATA/Multimodal_Data/Cat1/opposite/bag_files/Cat1_15mph_lr_opposite_3/camera_images/1624827856.7469373.jpg
Cat1,15mph,lr,opposite,3,1624827856.7802706,/media/batool/MULTIMODAL_DATA/Multimodal_Data/Cat1/opposite/bag_files/Cat1_15mph_lr_opposite_3/camera_images/1624827856.7802706.jpg
Cat1,15mph,lr,opposite,3,1624827856.8136039,/media/batool/MULTIMODAL_DATA/Multimodal_Data/Cat1/opposite/bag_files/Cat1_15mph_lr_opposite_3/camera_images/1624827856.8136039.jpg
Cat1,15mph,lr,opposite,3,1624827856.8469372,/media/batool/MULTIMODAL_DATA/Multimodal_Data/Cat1/opposite/bag_files/Cat1_15mph_lr_opposite_3/camera_images/1624827856.8469372.jpg
Cat1,15mph,lr,opposite,3,1624827856.8802705,/media/batool/MULTIMODAL_DATA/Multimodal_Data/Cat1/opposite/bag_files/Cat1_15mph_lr_opposite_3/camera_images/1624827856.8802705.jpg
Cat1,15mph,lr,opposite,3,1624827856.9136038,/media/batool/MULTIMODAL_DATA/Multimodal_Data/Cat1/opposite/bag_files/Cat1_15mph_lr_opposite_3/camera_images/1624827856.9136038.jpg
Cat1,15mph,lr,opposite,3,1624827856.946937,/media/batool/MULTIMODAL_DATA/Multimodal_Data/Cat1/opposite/bag_files/Cat1_15mph_lr_opposite_3/camera_images/1624827856.946937.jpg
Cat1,15mph,lr,opposite,3,1624827856.9802704,/media/batool/MULTIMODAL_DATA/Multimodal_Data/Cat1/opposite/bag_files/Cat1_15mph_lr_opposite_3/camera_images/1624827856.9802704.jpg
Cat1,15mph,lr,opposite,3,1624827857.046937,/media/batool/MULTIMODAL_DATA/Multimodal_Data/Cat1/opposite/bag_files/Cat1_15mph_lr_opposite_3/camera_images/1624827857.046937.jpg
Cat1,15mph,lr,opposite,3,1624827857.0802703,/media/batool/MULTIMODAL_DATA/Multimodal_Data/Cat1/opposite/bag_files/Cat1_15mph_lr_opposite_3/camera_images/1624827857.0802703.jpg
Cat1,15mph,lr,opposite,3,1624827857.1136036,/media/batool/MULTIMODAL_DATA/Multimodal_Data/Cat1/opposite/bag_files/Cat1_15mph_lr_opposite_3/camera_images/1624827857.1136036.jpg
Cat1,15mph,lr,opposite,3,1624827857.146937,/media/batool/MULTIMODAL_DATA/Multimodal_Data/Cat1/opposite/bag_files/Cat1_15mph_lr_opposite_3/camera_images/1624827857.146937.jpg
Cat1,15mph,lr,opposite,3,1624827857.1802702,/media/batool/MULTIMODAL_DATA/Multimodal_Data/Cat1/opposite/bag_files/Cat1_15mph_lr_opposite_3/camera_images/1624827857.1802702.jpg
Cat1,15mph,lr,opposite,3,1624827857.2136035,/media/batool/MULTIMODAL_DATA/Multimodal_Data/Cat1/opposite/bag_files/Cat1_15mph_lr_opposite_3/camera_images/1624827857.2136035.jpg
Cat1,15mph,lr,opposite,3,1624827857.2469368,/media/batool/MULTIMODAL_DATA/Multimodal_Data/Cat1/opposite/bag_files/Cat1_15mph_lr_opposite_3/camera_images/1624827857.2469368.jpg
Cat1,15mph,lr,opposite,3,1624827857.28027,/media/batool/MULTIMODAL_DATA/Multimodal_Data/Cat1/opposite/bag_files/Cat1_15mph_lr_opposite_3/camera_images/1624827857.28027.jpg
Cat1,15mph,lr,opposite,3,1624827857.3136034,/media/batool/MULTIMODAL_DATA/Multimodal_Data/Cat1/opposite/bag_files/Cat1_15mph_lr_opposite_3/camera_images/1624827857.3136034.jpg
Cat1,15mph,lr,opposite,3,1624827857.3469367,/media/batool/MULTIMODAL_DATA/Multimodal_Data/Cat1/opposite/bag_files/Cat1_15mph_lr_opposite_3/camera_images/1624827857.3469367.jpg
Cat1,15mph,lr,opposite,3,1624827857.38027,/media/batool/MULTIMODAL_DATA/Multimodal_Data/Cat1/opposite/bag_files/Cat1_15mph_lr_opposite_3/camera_images/1624827857.38027.jpg
Cat1,15mph,lr,opposite,3,1624827857.4136033,/media/batool/MULTIMODAL_DATA/Multimodal_Data/Cat1/opposite/bag_files/Cat1_15mph_lr_opposite_3/camera_images/1624827857.4136033.jpg
Cat1,15mph,lr,opposite,3,1624827857.4469366,/media/batool/MULTIMODAL_DATA/Multimodal_Data/Cat1/opposite/bag_files/Cat1_15mph_lr_opposite_3/camera_images/1624827857.4469366.jpg
Cat1,15mph,lr,opposite,3,1624827857.48027,/media/batool/MULTIMODAL_DATA/Multimodal_Data/Cat1/opposite/bag_files/Cat1_15mph_lr_opposite_3/camera_images/1624827857.48027.jpg
Cat1,15mph,lr,opposite,3,1624827857.5136032,/media/batool/MULTIMODAL_DATA/Multimodal_Data/Cat1/opposite/bag_files/Cat1_15mph_lr_opposite_3/camera_images/1624827857.5136032.jpg
Cat1,15mph,lr,opposite,3,1624827857.5802698,/media/batool/MULTIMODAL_DATA/Multimodal_Data/Cat1/opposite/bag_files/Cat1_15mph_lr_opposite_3/camera_images/1624827857.5802698.jpg
Cat1,15mph,lr,opposite,3,1624827857.613603,/media/batool/MULTIMODAL_DATA/Multimodal_Data/Cat1/opposite/bag_files/Cat1_15mph_lr_opposite_3/camera_images/1624827857.613603.jpg
Cat1,15mph,lr,opposite,3,1624827857.6469364,/media/batool/MULTIMODAL_DATA/Multimodal_Data/Cat1/opposite/bag_files/Cat1_15mph_lr_opposite_3/camera_images/1624827857.6469364.jpg
Cat1,15mph,lr,opposite,3,1624827857.6802697,/media/batool/MULTIMODAL_DATA/Multimodal_Data/Cat1/opposite/bag_files/Cat1_15mph_lr_opposite_3/camera_images/1624827857.6802697.jpg
Cat1,15mph,lr,opposite,3,1624827857.713603,/media/batool/MULTIMODAL_DATA/Multimodal_Data/Cat1/opposite/bag_files/Cat1_15mph_lr_opposite_3/camera_images/1624827857.713603.jpg
Cat1,15mph,lr,opposite,3,1624827857.7469363,/media/batool/MULTIMODAL_DATA/Multimodal_Data/Cat1/opposite/bag_files/Cat1_15mph_lr_opposite_3/camera_images/1624827857.7469363.jpg
Cat1,15mph,lr,opposite,3,1624827857.7802696,/media/batool/MULTIMODAL_DATA/Multimodal_Data/Cat1/opposite/bag_files/Cat1_15mph_lr_opposite_3/camera_images/1624827857.7802696.jpg
Cat1,15mph,lr,opposite,3,1624827857.813603,/media/batool/MULTIMODAL_DATA/Multimodal_Data/Cat1/opposite/bag_files/Cat1_15mph_lr_opposite_3/camera_images/1624827857.813603.jpg
Cat1,15mph,lr,opposite,3,1624827857.8469362,/media/batool/MULTIMODAL_DATA/Multimodal_Data/Cat1/opposite/bag_files/Cat1_15mph_lr_opposite_3/camera_images/1624827857.8469362.jpg
Cat1,15mph,lr,opposite,3,1624827857.8802695,/media/batool/MULTIMODAL_DATA/Multimodal_Data/Cat1/opposite/bag_files/Cat1_15mph_lr_opposite_3/camera_images/1624827857.8802695.jpg
Cat1,15mph,lr,opposite,3,1624827857.9136028,/media/batool/MULTIMODAL_DATA/Multimodal_Data/Cat1/opposite/bag_files/Cat1_15mph_lr_opposite_3/camera_images/1624827857.9136028.jpg
Cat1,15mph,lr,opposite,3,1624827857.9469361,/media/batool/MULTIMODAL_DATA/Multimodal_Data/Cat1/opposite/bag_files/Cat1_15mph_lr_opposite_3/camera_images/1624827857.9469361.jpg
Cat1,15mph,lr,opposite,3,1624827857.9802694,/media/batool/MULTIMODAL_DATA/Multimodal_Data/Cat1/opposite/bag_files/Cat1_15mph_lr_opposite_3/camera_images/1624827857.9802694.jpg
Cat1,15mph,lr,opposite,3,1624827858.0136027,/media/batool/MULTIMODAL_DATA/Multimodal_Data/Cat1/opposite/bag_files/Cat1_15mph_lr_opposite_3/camera_images/1624827858.0136027.jpg
Cat1,15mph,lr,opposite,3,1624827858.046936,/media/batool/MULTIMODAL_DATA/Multimodal_Data/Cat1/opposite/bag_files/Cat1_15mph_lr_opposite_3/camera_images/1624827858.046936.jpg
Cat1,15mph,lr,opposite,3,1624827858.1136026,/media/batool/MULTIMODAL_DATA/Multimodal_Data/Cat1/opposite/bag_files/Cat1_15mph_lr_opposite_3/camera_images/1624827858.1136026.jpg
Cat1,15mph,lr,opposite,3,1624827858.146936,/media/batool/MULTIMODAL_DATA/Multimodal_Data/Cat1/opposite/bag_files/Cat1_15mph_lr_opposite_3/camera_images/1624827858.146936.jpg
Cat1,15mph,lr,opposite,3,1624827858.1802692,/media/batool/MULTIMODAL_DATA/Multimodal_Data/Cat1/opposite/bag_files/Cat1_15mph_lr_opposite_3/camera_images/1624827858.1802692.jpg
Cat1,15mph,lr,opposite,3,1624827858.2136025,/media/batool/MULTIMODAL_DATA/Multimodal_Data/Cat1/opposite/bag_files/Cat1_15mph_lr_opposite_3/camera_images/1624827858.2136025.jpg
Cat1,15mph,lr,opposite,3,1624827858.2469358,/media/batool/MULTIMODAL_DATA/Multimodal_Data/Cat1/opposite/bag_files/Cat1_15mph_lr_opposite_3/camera_images/1624827858.2469358.jpg
Cat1,15mph,lr,opposite,3,1624827858.2802691,/media/batool/MULTIMODAL_DATA/Multimodal_Data/Cat1/opposite/bag_files/Cat1_15mph_lr_opposite_3/camera_images/1624827858.2802691.jpg
Cat1,15mph,lr,opposite,3,1624827858.3136024,/media/batool/MULTIMODAL_DATA/Multimodal_Data/Cat1/opposite/bag_files/Cat1_15mph_lr_opposite_3/camera_images/1624827858.3136024.jpg
Cat1,15mph,lr,opposite,3,1624827858.3469357,/media/batool/MULTIMODAL_DATA/Multimodal_Data/Cat1/opposite/bag_files/Cat1_15mph_lr_opposite_3/camera_images/1624827858.3469357.jpg
Cat1,15mph,lr,opposite,3,1624827858.380269,/media/batool/MULTIMODAL_DATA/Multimodal_Data/Cat1/opposite/bag_files/Cat1_15mph_lr_opposite_3/camera_images/1624827858.380269.jpg
Cat1,15mph,lr,opposite,3,1624827858.4136024,/media/batool/MULTIMODAL_DATA/Multimodal_Data/Cat1/opposite/bag_files/Cat1_15mph_lr_opposite_3/camera_images/1624827858.4136024.jpg
Cat1,15mph,lr,opposite,3,1624827858.4469357,/media/batool/MULTIMODAL_DATA/Multimodal_Data/Cat1/opposite/bag_files/Cat1_15mph_lr_opposite_3/camera_images/1624827858.4469357.jpg
Cat1,15mph,lr,opposite,3,1624827858.480269,/media/batool/MULTIMODAL_DATA/Multimodal_Data/Cat1/opposite/bag_files/Cat1_15mph_lr_opposite_3/camera_images/1624827858.480269.jpg
Cat1,15mph,lr,opposite,3,1624827858.5136023,/media/batool/MULTIMODAL_DATA/Multimodal_Data/Cat1/opposite/bag_files/Cat1_15mph_lr_opposite_3/camera_images/1624827858.5136023.jpg
Cat1,15mph,lr,opposite,3,1624827858.5469356,/media/batool/MULTIMODAL_DATA/Multimodal_Data/Cat1/opposite/bag_files/Cat1_15mph_lr_opposite_3/camera_images/1624827858.5469356.jpg
Cat1,15mph,lr,opposite,3,1624827858.5802689,/media/batool/MULTIMODAL_DATA/Multimodal_Data/Cat1/opposite/bag_files/Cat1_15mph_lr_opposite_3/camera_images/1624827858.5802689.jpg
Cat1,15mph,lr,opposite,3,1624827858.6469355,/media/batool/MULTIMODAL_DATA/Multimodal_Data/Cat1/opposite/bag_files/Cat1_15mph_lr_opposite_3/camera_images/1624827858.6469355.jpg
Cat1,15mph,lr,opposite,3,1624827858.6802688,/media/batool/MULTIMODAL_DATA/Multimodal_Data/Cat1/opposite/bag_files/Cat1_15mph_lr_opposite_3/camera_images/1624827858.6802688.jpg
Cat1,15mph,lr,opposite,3,1624827858.713602,/media/batool/MULTIMODAL_DATA/Multimodal_Data/Cat1/opposite/bag_files/Cat1_15mph_lr_opposite_3/camera_images/1624827858.713602.jpg
Cat1,15mph,lr,opposite,3,1624827858.7469354,/media/batool/MULTIMODAL_DATA/Multimodal_Data/Cat1/opposite/bag_files/Cat1_15mph_lr_opposite_3/camera_images/1624827858.7469354.jpg
Cat1,15mph,lr,opposite,3,1624827858.7802687,/media/batool/MULTIMODAL_DATA/Multimodal_Data/Cat1/opposite/bag_files/Cat1_15mph_lr_opposite_3/camera_images/1624827858.7802687.jpg
Cat1,15mph,lr,opposite,3,1624827858.813602,/media/batool/MULTIMODAL_DATA/Multimodal_Data/Cat1/opposite/bag_files/Cat1_15mph_lr_opposite_3/camera_images/1624827858.813602.jpg
Cat1,15mph,lr,opposite,3,1624827858.8469353,/media/batool/MULTIMODAL_DATA/Multimodal_Data/Cat1/opposite/bag_files/Cat1_15mph_lr_opposite_3/camera_images/1624827858.8469353.jpg
Cat1,15mph,lr,opposite,3,1624827858.8802686,/media/batool/MULTIMODAL_DATA/Multimodal_Data/Cat1/opposite/bag_files/Cat1_15mph_lr_opposite_3/camera_images/1624827858.8802686.jpg
Cat1,15mph,lr,opposite,3,1624827858.9136019,/media/batool/MULTIMODAL_DATA/Multimodal_Data/Cat1/opposite/bag_files/Cat1_15mph_lr_opposite_3/camera_images/1624827858.9136019.jpg
Cat1,15mph,lr,opposite,3,1624827858.9469352,/media/batool/MULTIMODAL_DATA/Multimodal_Data/Cat1/opposite/bag_files/Cat1_15mph_lr_opposite_3/camera_images/1624827858.9469352.jpg
Cat1,15mph,lr,opposite,3,1624827858.9802685,/media/batool/MULTIMODAL_DATA/Multimodal_Data/Cat1/opposite/bag_files/Cat1_15mph_lr_opposite_3/camera_images/1624827858.9802685.jpg
Cat1,15mph,lr,opposite,3,1624827859.0136018,/media/batool/MULTIMODAL_DATA/Multimodal_Data/Cat1/opposite/bag_files/Cat1_15mph_lr_opposite_3/camera_images/1624827859.0136018.jpg
Cat1,15mph,lr,opposite,3,1624827859.046935,/media/batool/MULTIMODAL_DATA/Multimodal_Data/Cat1/opposite/bag_files/Cat1_15mph_lr_opposite_3/camera_images/1624827859.046935.jpg
Cat1,15mph,lr,opposite,3,1624827859.0802684,/media/batool/MULTIMODAL_DATA/Multimodal_Data/Cat1/opposite/bag_files/Cat1_15mph_lr_opposite_3/camera_images/1624827859.0802684.jpg
Cat1,15mph,lr,opposite,3,1624827859.1136017,/media/batool/MULTIMODAL_DATA/Multimodal_Data/Cat1/opposite/bag_files/Cat1_15mph_lr_opposite_3/camera_images/1624827859.1136017.jpg
Cat1,15mph,lr,opposite,3,1624827859.1802683,/media/batool/MULTIMODAL_DATA/Multimodal_Data/Cat1/opposite/bag_files/Cat1_15mph_lr_opposite_3/camera_images/1624827859.1802683.jpg
Cat1,15mph,lr,opposite,3,1624827859.2136016,/media/batool/MULTIMODAL_DATA/Multimodal_Data/Cat1/opposite/bag_files/Cat1_15mph_lr_opposite_3/camera_images/1624827859.2136016.jpg
Cat1,15mph,lr,opposite,3,1624827859.246935,/media/batool/MULTIMODAL_DATA/Multimodal_Data/Cat1/opposite/bag_files/Cat1_15mph_lr_opposite_3/camera_images/1624827859.246935.jpg
Cat1,15mph,lr,opposite,3,1624827859.2802682,/media/batool/MULTIMODAL_DATA/Multimodal_Data/Cat1/opposite/bag_files/Cat1_15mph_lr_opposite_3/camera_images/1624827859.2802682.jpg
Cat1,15mph,lr,opposite,3,1624827859.3136015,/media/batool/MULTIMODAL_DATA/Multimodal_Data/Cat1/opposite/bag_files/Cat1_15mph_lr_opposite_3/camera_images/1624827859.3136015.jpg
Cat1,15mph,lr,opposite,3,1624827859.3469348,/media/batool/MULTIMODAL_DATA/Multimodal_Data/Cat1/opposite/bag_files/Cat1_15mph_lr_opposite_3/camera_images/1624827859.3469348.jpg
Cat1,15mph,lr,opposite,3,1624827859.380268,/media/batool/MULTIMODAL_DATA/Multimodal_Data/Cat1/opposite/bag_files/Cat1_15mph_lr_opposite_3/camera_images/1624827859.380268.jpg
Cat1,15mph,lr,opposite,3,1624827859.4136014,/media/batool/MULTIMODAL_DATA/Multimodal_Data/Cat1/opposite/bag_files/Cat1_15mph_lr_opposite_3/camera_images/1624827859.4136014.jpg
Cat1,15mph,lr,opposite,3,1624827859.4469347,/media/batool/MULTIMODAL_DATA/Multimodal_Data/Cat1/opposite/bag_files/Cat1_15mph_lr_opposite_3/camera_images/1624827859.4469347.jpg
Cat1,15mph,lr,opposite,3,1624827859.480268,/media/batool/MULTIMODAL_DATA/Multimodal_Data/Cat1/opposite/bag_files/Cat1_15mph_lr_opposite_3/camera_images/1624827859.480268.jpg
Cat1,15mph,lr,opposite,3,1624827859.5136013,/media/batool/MULTIMODAL_DATA/Multimodal_Data/Cat1/opposite/bag_files/Cat1_15mph_lr_opposite_3/camera_images/1624827859.5136013.jpg
Cat1,15mph,lr,opposite,3,1624827859.5469346,/media/batool/MULTIMODAL_DATA/Multimodal_Data/Cat1/opposite/bag_files/Cat1_15mph_lr_opposite_3/camera_images/1624827859.5469346.jpg
Cat1,15mph,lr,opposite,3,1624827859.580268,/media/batool/MULTIMODAL_DATA/Multimodal_Data/Cat1/opposite/bag_files/Cat1_15mph_lr_opposite_3/camera_images/1624827859.580268.jpg
Cat1,15mph,lr,opposite,3,1624827859.6136012,/media/batool/MULTIMODAL_DATA/Multimodal_Data/Cat1/opposite/bag_files/Cat1_15mph_lr_opposite_3/camera_images/1624827859.6136012.jpg
Cat1,15mph,lr,opposite,3,1624827859.6469345,/media/batool/MULTIMODAL_DATA/Multimodal_Data/Cat1/opposite/bag_files/Cat1_15mph_lr_opposite_3/camera_images/1624827859.6469345.jpg
Cat1,15mph,lr,opposite,3,1624827859.713601,/media/batool/MULTIMODAL_DATA/Multimodal_Data/Cat1/opposite/bag_files/Cat1_15mph_lr_opposite_3/camera_images/1624827859.713601.jpg
Cat1,15mph,lr,opposite,3,1624827859.7469344,/media/batool/MULTIMODAL_DATA/Multimodal_Data/Cat1/opposite/bag_files/Cat1_15mph_lr_opposite_3/camera_images/1624827859.7469344.jpg
Cat1,15mph,lr,opposite,3,1624827859.7802677,/media/batool/MULTIMODAL_DATA/Multimodal_Data/Cat1/opposite/bag_files/Cat1_15mph_lr_opposite_3/camera_images/1624827859.7802677.jpg
Cat1,15mph,lr,opposite,3,1624827859.813601,/media/batool/MULTIMODAL_DATA/Multimodal_Data/Cat1/opposite/bag_files/Cat1_15mph_lr_opposite_3/camera_images/1624827859.813601.jpg
Cat1,15mph,lr,opposite,3,1624827859.8469343,/media/batool/MULTIMODAL_DATA/Multimodal_Data/Cat1/opposite/bag_files/Cat1_15mph_lr_opposite_3/camera_images/1624827859.8469343.jpg
Cat1,15mph,lr,opposite,3,1624827859.8802676,/media/batool/MULTIMODAL_DATA/Multimodal_Data/Cat1/opposite/bag_files/Cat1_15mph_lr_opposite_3/camera_images/1624827859.8802676.jpg
Cat1,15mph,lr,opposite,3,1624827859.913601,/media/batool/MULTIMODAL_DATA/Multimodal_Data/Cat1/opposite/bag_files/Cat1_15mph_lr_opposite_3/camera_images/1624827859.913601.jpg
Cat1,15mph,lr,opposite,3,1624827859.9469342,/media/batool/MULTIMODAL_DATA/Multimodal_Data/Cat1/opposite/bag_files/Cat1_15mph_lr_opposite_3/camera_images/1624827859.9469342.jpg
Cat1,15mph,lr,opposite,3,1624827859.9802675,/media/batool/MULTIMODAL_DATA/Multimodal_Data/Cat1/opposite/bag_files/Cat1_15mph_lr_opposite_3/camera_images/1624827859.9802675.jpg
Cat1,15mph,lr,opposite,3,1624827860.0136008,/media/batool/MULTIMODAL_DATA/Multimodal_Data/Cat1/opposite/bag_files/Cat1_15mph_lr_opposite_3/camera_images/1624827860.0136008.jpg
Cat1,15mph,lr,opposite,3,1624827860.0469341,/media/batool/MULTIMODAL_DATA/Multimodal_Data/Cat1/opposite/bag_files/Cat1_15mph_lr_opposite_3/camera_images/1624827860.0469341.jpg
Cat1,15mph,lr,opposite,3,1624827860.0802674,/media/batool/MULTIMODAL_DATA/Multimodal_Data/Cat1/opposite/bag_files/Cat1_15mph_lr_opposite_3/camera_images/1624827860.0802674.jpg
Cat1,15mph,lr,opposite,3,1624827860.1136007,/media/batool/MULTIMODAL_DATA/Multimodal_Data/Cat1/opposite/bag_files/Cat1_15mph_lr_opposite_3/camera_images/1624827860.1136007.jpg
Cat1,15mph,lr,opposite,3,1624827860.146934,/media/batool/MULTIMODAL_DATA/Multimodal_Data/Cat1/opposite/bag_files/Cat1_15mph_lr_opposite_3/camera_images/1624827860.146934.jpg
Cat1,15mph,lr,opposite,3,1624827860.1802673,/media/batool/MULTIMODAL_DATA/Multimodal_Data/Cat1/opposite/bag_files/Cat1_15mph_lr_opposite_3/camera_images/1624827860.1802673.jpg
Cat1,15mph,lr,opposite,3,1624827860.246934,/media/batool/MULTIMODAL_DATA/Multimodal_Data/Cat1/opposite/bag_files/Cat1_15mph_lr_opposite_3/camera_images/1624827860.246934.jpg
Cat1,15mph,lr,opposite,3,1624827860.2802672,/media/batool/MULTIMODAL_DATA/Multimodal_Data/Cat1/opposite/bag_files/Cat1_15mph_lr_opposite_3/camera_images/1624827860.2802672.jpg
Cat1,15mph,lr,opposite,3,1624827860.3136005,/media/batool/MULTIMODAL_DATA/Multimodal_Data/Cat1/opposite/bag_files/Cat1_15mph_lr_opposite_3/camera_images/1624827860.3136005.jpg
Cat1,15mph,lr,opposite,3,1624827860.3469338,/media/batool/MULTIMODAL_DATA/Multimodal_Data/Cat1/opposite/bag_files/Cat1_15mph_lr_opposite_3/camera_images/1624827860.3469338.jpg
Cat1,15mph,lr,opposite,3,1624827860.3802671,/media/batool/MULTIMODAL_DATA/Multimodal_Data/Cat1/opposite/bag_files/Cat1_15mph_lr_opposite_3/camera_images/1624827860.3802671.jpg
Cat1,15mph,lr,opposite,3,1624827860.4136004,/media/batool/MULTIMODAL_DATA/Multimodal_Data/Cat1/opposite/bag_files/Cat1_15mph_lr_opposite_3/camera_images/1624827860.4136004.jpg
Cat1,15mph,lr,opposite,3,1624827860.4469337,/media/batool/MULTIMODAL_DATA/Multimodal_Data/Cat1/opposite/bag_files/Cat1_15mph_lr_opposite_3/camera_images/1624827860.4469337.jpg
Cat1,15mph,lr,opposite,3,1624827860.480267,/media/batool/MULTIMODAL_DATA/Multimodal_Data/Cat1/opposite/bag_files/Cat1_15mph_lr_opposite_3/camera_images/1624827860.480267.jpg
Cat1,15mph,lr,opposite,3,1624827860.5136003,/media/batool/MULTIMODAL_DATA/Multimodal_Data/Cat1/opposite/bag_files/Cat1_15mph_lr_opposite_3/camera_images/1624827860.5136003.jpg
Cat1,15mph,lr,opposite,3,1624827860.5469337,/media/batool/MULTIMODAL_DATA/Multimodal_Data/Cat1/opposite/bag_files/Cat1_15mph_lr_opposite_3/camera_images/1624827860.5469337.jpg
Cat1,15mph,lr,opposite,3,1624827860.580267,/media/batool/MULTIMODAL_DATA/Multimodal_Data/Cat1/opposite/bag_files/Cat1_15mph_lr_opposite_3/camera_images/1624827860.580267.jpg
Cat1,15mph,lr,opposite,3,1624827860.6136003,/media/batool/MULTIMODAL_DATA/Multimodal_Data/Cat1/opposite/bag_files/Cat1_15mph_lr_opposite_3/camera_images/1624827860.6136003.jpg
Cat1,15mph,lr,opposite,3,1624827860.6469336,/media/batool/MULTIMODAL_DATA/Multimodal_Data/Cat1/opposite/bag_files/Cat1_15mph_lr_opposite_3/camera_images/1624827860.6469336.jpg
Cat1,15mph,lr,opposite,3,1624827860.6802669,/media/batool/MULTIMODAL_DATA/Multimodal_Data/Cat1/opposite/bag_files/Cat1_15mph_lr_opposite_3/camera_images/1624827860.6802669.jpg
Cat1,15mph,lr,opposite,3,1624827860.7136002,/media/batool/MULTIMODAL_DATA/Multimodal_Data/Cat1/opposite/bag_files/Cat1_15mph_lr_opposite_3/camera_images/1624827860.7136002.jpg
Cat1,15mph,lr,opposite,3,1624827860.7802668,/media/batool/MULTIMODAL_DATA/Multimodal_Data/Cat1/opposite/bag_files/Cat1_15mph_lr_opposite_3/camera_images/1624827860.7802668.jpg
Cat1,15mph,lr,opposite,3,1624827860.8136,/media/batool/MULTIMODAL_DATA/Multimodal_Data/Cat1/opposite/bag_files/Cat1_15mph_lr_opposite_3/camera_images/1624827860.8136.jpg
Cat1,15mph,lr,opposite,3,1624827860.8469334,/media/batool/MULTIMODAL_DATA/Multimodal_Data/Cat1/opposite/bag_files/Cat1_15mph_lr_opposite_3/camera_images/1624827860.8469334.jpg
Cat1,15mph,lr,opposite,3,1624827860.8802667,/media/batool/MULTIMODAL_DATA/Multimodal_Data/Cat1/opposite/bag_files/Cat1_15mph_lr_opposite_3/camera_images/1624827860.8802667.jpg
Cat1,15mph,lr,opposite,3,1624827860.9136,/media/batool/MULTIMODAL_DATA/Multimodal_Data/Cat1/opposite/bag_files/Cat1_15mph_lr_opposite_3/camera_images/1624827860.9136.jpg
Cat1,15mph,lr,opposite,3,1624827860.9469333,/media/batool/MULTIMODAL_DATA/Multimodal_Data/Cat1/opposite/bag_files/Cat1_15mph_lr_opposite_3/camera_images/1624827860.9469333.jpg
Cat1,15mph,lr,opposite,3,1624827860.9802666,/media/batool/MULTIMODAL_DATA/Multimodal_Data/Cat1/opposite/bag_files/Cat1_15mph_lr_opposite_3/camera_images/1624827860.9802666.jpg
Cat1,15mph,lr,opposite,3,1624827861.0135999,/media/batool/MULTIMODAL_DATA/Multimodal_Data/Cat1/opposite/bag_files/Cat1_15mph_lr_opposite_3/camera_images/1624827861.0135999.jpg
Cat1,15mph,lr,opposite,3,1624827861.0469332,/media/batool/MULTIMODAL_DATA/Multimodal_Data/Cat1/opposite/bag_files/Cat1_15mph_lr_opposite_3/camera_images/1624827861.0469332.jpg
Cat1,15mph,lr,opposite,3,1624827861.0802665,/media/batool/MULTIMODAL_DATA/Multimodal_Data/Cat1/opposite/bag_files/Cat1_15mph_lr_opposite_3/camera_images/1624827861.0802665.jpg
Cat1,15mph,lr,opposite,3,1624827861.1135998,/media/batool/MULTIMODAL_DATA/Multimodal_Data/Cat1/opposite/bag_files/Cat1_15mph_lr_opposite_3/camera_images/1624827861.1135998.jpg
Cat1,15mph,lr,opposite,3,1624827861.146933,/media/batool/MULTIMODAL_DATA/Multimodal_Data/Cat1/opposite/bag_files/Cat1_15mph_lr_opposite_3/camera_images/1624827861.146933.jpg
Cat1,15mph,lr,opposite,3,1624827861.1802664,/media/batool/MULTIMODAL_DATA/Multimodal_Data/Cat1/opposite/bag_files/Cat1_15mph_lr_opposite_3/camera_images/1624827861.1802664.jpg
Cat1,15mph,lr,opposite,3,1624827861.2135997,/media/batool/MULTIMODAL_DATA/Multimodal_Data/Cat1/opposite/bag_files/Cat1_15mph_lr_opposite_3/camera_images/1624827861.2135997.jpg
Cat1,15mph,lr,opposite,3,1624827861.246933,/media/batool/MULTIMODAL_DATA/Multimodal_Data/Cat1/opposite/bag_files/Cat1_15mph_lr_opposite_3/camera_images/1624827861.246933.jpg
Cat1,15mph,lr,opposite,3,1624827861.3135996,/media/batool/MULTIMODAL_DATA/Multimodal_Data/Cat1/opposite/bag_files/Cat1_15mph_lr_opposite_3/camera_images/1624827861.3135996.jpg
Cat1,15mph,lr,opposite,3,1624827861.346933,/media/batool/MULTIMODAL_DATA/Multimodal_Data/Cat1/opposite/bag_files/Cat1_15mph_lr_opposite_3/camera_images/1624827861.346933.jpg
Cat1,15mph,lr,opposite,3,1624827861.3802662,/media/batool/MULTIMODAL_DATA/Multimodal_Data/Cat1/opposite/bag_files/Cat1_15mph_lr_opposite_3/camera_images/1624827861.3802662.jpg
Cat1,15mph,lr,opposite,3,1624827861.4135995,/media/batool/MULTIMODAL_DATA/Multimodal_Data/Cat1/opposite/bag_files/Cat1_15mph_lr_opposite_3/camera_images/1624827861.4135995.jpg
Cat1,15mph,lr,opposite,3,1624827861.4469328,/media/batool/MULTIMODAL_DATA/Multimodal_Data/Cat1/opposite/bag_files/Cat1_15mph_lr_opposite_3/camera_images/1624827861.4469328.jpg
Cat1,15mph,lr,opposite,3,1624827861.480266,/media/batool/MULTIMODAL_DATA/Multimodal_Data/Cat1/opposite/bag_files/Cat1_15mph_lr_opposite_3/camera_images/1624827861.480266.jpg
Cat1,15mph,lr,opposite,3,1624827861.5135994,/media/batool/MULTIMODAL_DATA/Multimodal_Data/Cat1/opposite/bag_files/Cat1_15mph_lr_opposite_3/camera_images/1624827861.5135994.jpg
Cat1,15mph,lr,opposite,3,1624827861.5469327,/media/batool/MULTIMODAL_DATA/Multimodal_Data/Cat1/opposite/bag_files/Cat1_15mph_lr_opposite_3/camera_images/1624827861.5469327.jpg
Cat1,15mph,lr,opposite,3,1624827861.580266,/media/batool/MULTIMODAL_DATA/Multimodal_Data/Cat1/opposite/bag_files/Cat1_15mph_lr_opposite_3/camera_images/1624827861.580266.jpg
Cat1,15mph,lr,opposite,3,1624827861.6135993,/media/batool/MULTIMODAL_DATA/Multimodal_Data/Cat1/opposite/bag_files/Cat1_15mph_lr_opposite_3/camera_images/1624827861.6135993.jpg
Cat1,15mph,lr,opposite,3,1624827861.6469326,/media/batool/MULTIMODAL_DATA/Multimodal_Data/Cat1/opposite/bag_files/Cat1_15mph_lr_opposite_3/camera_images/1624827861.6469326.jpg
Cat1,15mph,lr,opposite,3,1624827861.680266,/media/batool/MULTIMODAL_DATA/Multimodal_Data/Cat1/opposite/bag_files/Cat1_15mph_lr_opposite_3/camera_images/1624827861.680266.jpg
Cat1,15mph,lr,opposite,3,1624827861.7135992,/media/batool/MULTIMODAL_DATA/Multimodal_Data/Cat1/opposite/bag_files/Cat1_15mph_lr_opposite_3/camera_images/1624827861.7135992.jpg
Cat1,15mph,lr,opposite,3,1624827861.7469325,/media/batool/MULTIMODAL_DATA/Multimodal_Data/Cat1/opposite/bag_files/Cat1_15mph_lr_opposite_3/camera_images/1624827861.7469325.jpg
Cat1,15mph,lr,opposite,3,1624827861.7802658,/media/batool/MULTIMODAL_DATA/Multimodal_Data/Cat1/opposite/bag_files/Cat1_15mph_lr_opposite_3/camera_images/1624827861.7802658.jpg
Cat1,15mph,lr,opposite,3,1624827861.8469324,/media/batool/MULTIMODAL_DATA/Multimodal_Data/Cat1/opposite/bag_files/Cat1_15mph_lr_opposite_3/camera_images/1624827861.8469324.jpg
Cat1,15mph,lr,opposite,3,1624827861.8802657,/media/batool/MULTIMODAL_DATA/Multimodal_Data/Cat1/opposite/bag_files/Cat1_15mph_lr_opposite_3/camera_images/1624827861.8802657.jpg
Cat1,15mph,lr,opposite,3,1624827861.913599,/media/batool/MULTIMODAL_DATA/Multimodal_Data/Cat1/opposite/bag_files/Cat1_15mph_lr_opposite_3/camera_images/1624827861.913599.jpg
Cat1,15mph,lr,opposite,3,1624827861.9469323,/media/batool/MULTIMODAL_DATA/Multimodal_Data/Cat1/opposite/bag_files/Cat1_15mph_lr_opposite_3/camera_images/1624827861.9469323.jpg
Cat1,15mph,lr,opposite,3,1624827861.9802656,/media/batool/MULTIMODAL_DATA/Multimodal_Data/Cat1/opposite/bag_files/Cat1_15mph_lr_opposite_3/camera_images/1624827861.9802656.jpg
Cat1,15mph,lr,opposite,3,1624827862.013599,/media/batool/MULTIMODAL_DATA/Multimodal_Data/Cat1/opposite/bag_files/Cat1_15mph_lr_opposite_3/camera_images/1624827862.013599.jpg
Cat1,15mph,lr,opposite,3,1624827862.0469322,/media/batool/MULTIMODAL_DATA/Multimodal_Data/Cat1/opposite/bag_files/Cat1_15mph_lr_opposite_3/camera_images/1624827862.0469322.jpg
Cat1,15mph,lr,opposite,3,1624827862.0802655,/media/batool/MULTIMODAL_DATA/Multimodal_Data/Cat1/opposite/bag_files/Cat1_15mph_lr_opposite_3/camera_images/1624827862.0802655.jpg
Cat1,15mph,lr,opposite,3,1624827862.1135988,/media/batool/MULTIMODAL_DATA/Multimodal_Data/Cat1/opposite/bag_files/Cat1_15mph_lr_opposite_3/camera_images/1624827862.1135988.jpg
Cat1,15mph,lr,opposite,3,1624827862.1469321,/media/batool/MULTIMODAL_DATA/Multimodal_Data/Cat1/opposite/bag_files/Cat1_15mph_lr_opposite_3/camera_images/1624827862.1469321.jpg
Cat1,15mph,lr,opposite,3,1624827862.1802654,/media/batool/MULTIMODAL_DATA/Multimodal_Data/Cat1/opposite/bag_files/Cat1_15mph_lr_opposite_3/camera_images/1624827862.1802654.jpg
Cat1,15mph,lr,opposite,3,1624827862.2135987,/media/batool/MULTIMODAL_DATA/Multimodal_Data/Cat1/opposite/bag_files/Cat1_15mph_lr_opposite_3/camera_images/1624827862.2135987.jpg
Cat1,15mph,lr,opposite,3,1624827862.246932,/media/batool/MULTIMODAL_DATA/Multimodal_Data/Cat1/opposite/bag_files/Cat1_15mph_lr_opposite_3/camera_images/1624827862.246932.jpg
Cat1,15mph,lr,opposite,3,1624827862.2802653,/media/batool/MULTIMODAL_DATA/Multimodal_Data/Cat1/opposite/bag_files/Cat1_15mph_lr_opposite_3/camera_images/1624827862.2802653.jpg
Cat1,15mph,lr,opposite,3,1624827862.3135986,/media/batool/MULTIMODAL_DATA/Multimodal_Data/Cat1/opposite/bag_files/Cat1_15mph_lr_opposite_3/camera_images/1624827862.3135986.jpg
Cat1,15mph,lr,opposite,3,1624827862.3802652,/media/batool/MULTIMODAL_DATA/Multimodal_Data/Cat1/opposite/bag_files/Cat1_15mph_lr_opposite_3/camera_images/1624827862.3802652.jpg
Cat1,15mph,lr,opposite,3,1624827862.4135985,/media/batool/MULTIMODAL_DATA/Multimodal_Data/Cat1/opposite/bag_files/Cat1_15mph_lr_opposite_3/camera_images/1624827862.4135985.jpg
Cat1,15mph,lr,opposite,3,1624827862.4469318,/media/batool/MULTIMODAL_DATA/Multimodal_Data/Cat1/opposite/bag_files/Cat1_15mph_lr_opposite_3/camera_images/1624827862.4469318.jpg
Cat1,15mph,lr,opposite,3,1624827862.4802651,/media/batool/MULTIMODAL_DATA/Multimodal_Data/Cat1/opposite/bag_files/Cat1_15mph_lr_opposite_3/camera_images/1624827862.4802651.jpg
Cat1,15mph,lr,opposite,3,1624827862.5135984,/media/batool/MULTIMODAL_DATA/Multimodal_Data/Cat1/opposite/bag_files/Cat1_15mph_lr_opposite_3/camera_images/1624827862.5135984.jpg
Cat1,15mph,lr,opposite,3,1624827862.5469317,/media/batool/MULTIMODAL_DATA/Multimodal_Data/Cat1/opposite/bag_files/Cat1_15mph_lr_opposite_3/camera_images/1624827862.5469317.jpg
Cat1,15mph,lr,opposite,3,1624827862.580265,/media/batool/MULTIMODAL_DATA/Multimodal_Data/Cat1/opposite/bag_files/Cat1_15mph_lr_opposite_3/camera_images/1624827862.580265.jpg
Cat1,15mph,lr,opposite,3,1624827862.6135983,/media/batool/MULTIMODAL_DATA/Multimodal_Data/Cat1/opposite/bag_files/Cat1_15mph_lr_opposite_3/camera_images/1624827862.6135983.jpg
Cat1,15mph,lr,opposite,3,1624827862.6469316,/media/batool/MULTIMODAL_DATA/Multimodal_Data/Cat1/opposite/bag_files/Cat1_15mph_lr_opposite_3/camera_images/1624827862.6469316.jpg
Cat1,15mph,lr,opposite,3,1624827862.680265,/media/batool/MULTIMODAL_DATA/Multimodal_Data/Cat1/opposite/bag_files/Cat1_15mph_lr_opposite_3/camera_images/1624827862.680265.jpg
Cat1,15mph,lr,opposite,3,1624827862.7135983,/media/batool/MULTIMODAL_DATA/Multimodal_Data/Cat1/opposite/bag_files/Cat1_15mph_lr_opposite_3/camera_images/1624827862.7135983.jpg
Cat1,15mph,lr,opposite,3,1624827862.7469316,/media/batool/MULTIMODAL_DATA/Multimodal_Data/Cat1/opposite/bag_files/Cat1_15mph_lr_opposite_3/camera_images/1624827862.7469316.jpg
Cat1,15mph,lr,opposite,3,1624827862.7802649,/media/batool/MULTIMODAL_DATA/Multimodal_Data/Cat1/opposite/bag_files/Cat1_15mph_lr_opposite_3/camera_images/1624827862.7802649.jpg
Cat1,15mph,lr,opposite,3,1624827862.8135982,/media/batool/MULTIMODAL_DATA/Multimodal_Data/Cat1/opposite/bag_files/Cat1_15mph_lr_opposite_3/camera_images/1624827862.8135982.jpg
Cat1,15mph,lr,opposite,3,1624827862.8469315,/media/batool/MULTIMODAL_DATA/Multimodal_Data/Cat1/opposite/bag_files/Cat1_15mph_lr_opposite_3/camera_images/1624827862.8469315.jpg
Cat1,15mph,lr,opposite,3,1624827862.913598,/media/batool/MULTIMODAL_DATA/Multimodal_Data/Cat1/opposite/bag_files/Cat1_15mph_lr_opposite_3/camera_images/1624827862.913598.jpg
Cat1,15mph,lr,opposite,3,1624827862.9469314,/media/batool/MULTIMODAL_DATA/Multimodal_Data/Cat1/opposite/bag_files/Cat1_15mph_lr_opposite_3/camera_images/1624827862.9469314.jpg
Cat1,15mph,lr,opposite,3,1624827862.9802647,/media/batool/MULTIMODAL_DATA/Multimodal_Data/Cat1/opposite/bag_files/Cat1_15mph_lr_opposite_3/camera_images/1624827862.9802647.jpg
Cat1,15mph,lr,opposite,3,1624827863.013598,/media/batool/MULTIMODAL_DATA/Multimodal_Data/Cat1/opposite/bag_files/Cat1_15mph_lr_opposite_3/camera_images/1624827863.013598.jpg
Cat1,15mph,lr,opposite,3,1624827863.0469313,/media/batool/MULTIMODAL_DATA/Multimodal_Data/Cat1/opposite/bag_files/Cat1_15mph_lr_opposite_3/camera_images/1624827863.0469313.jpg
Cat1,15mph,lr,opposite,3,1624827863.0802646,/media/batool/MULTIMODAL_DATA/Multimodal_Data/Cat1/opposite/bag_files/Cat1_15mph_lr_opposite_3/camera_images/1624827863.0802646.jpg
Cat1,15mph,lr,opposite,3,1624827863.1135979,/media/batool/MULTIMODAL_DATA/Multimodal_Data/Cat1/opposite/bag_files/Cat1_15mph_lr_opposite_3/camera_images/1624827863.1135979.jpg
Cat1,15mph,lr,opposite,3,1624827863.1469312,/media/batool/MULTIMODAL_DATA/Multimodal_Data/Cat1/opposite/bag_files/Cat1_15mph_lr_opposite_3/camera_images/1624827863.1469312.jpg
Cat1,15mph,lr,opposite,3,1624827863.1802645,/media/batool/MULTIMODAL_DATA/Multimodal_Data/Cat1/opposite/bag_files/Cat1_15mph_lr_opposite_3/camera_images/1624827863.1802645.jpg
Cat1,15mph,lr,opposite,3,1624827863.2135978,/media/batool/MULTIMODAL_DATA/Multimodal_Data/Cat1/opposite/bag_files/Cat1_15mph_lr_opposite_3/camera_images/1624827863.2135978.jpg
Cat1,15mph,lr,opposite,3,1624827863.246931,/media/batool/MULTIMODAL_DATA/Multimodal_Data/Cat1/opposite/bag_files/Cat1_15mph_lr_opposite_3/camera_images/1624827863.246931.jpg
Cat1,15mph,lr,opposite,3,1624827863.2802644,/media/batool/MULTIMODAL_DATA/Multimodal_Data/Cat1/opposite/bag_files/Cat1_15mph_lr_opposite_3/camera_images/1624827863.2802644.jpg
Cat1,15mph,lr,opposite,3,1624827863.3135977,/media/batool/MULTIMODAL_DATA/Multimodal_Data/Cat1/opposite/bag_files/Cat1_15mph_lr_opposite_3/camera_images/1624827863.3135977.jpg
Cat1,15mph,lr,opposite,3,1624827863.346931,/media/batool/MULTIMODAL_DATA/Multimodal_Data/Cat1/opposite/bag_files/Cat1_15mph_lr_opposite_3/camera_images/1624827863.346931.jpg
Cat1,15mph,lr,opposite,3,1624827863.3802643,/media/batool/MULTIMODAL_DATA/Multimodal_Data/Cat1/opposite/bag_files/Cat1_15mph_lr_opposite_3/camera_images/1624827863.3802643.jpg
Cat1,15mph,lr,opposite,3,1624827863.4135976,/media/batool/MULTIMODAL_DATA/Multimodal_Data/Cat1/opposite/bag_files/Cat1_15mph_lr_opposite_3/camera_images/1624827863.4135976.jpg
Cat1,15mph,lr,opposite,3,1624827863.446931,/media/batool/MULTIMODAL_DATA/Multimodal_Data/Cat1/opposite/bag_files/Cat1_15mph_lr_opposite_3/camera_images/1624827863.446931.jpg
Cat1,15mph,lr,opposite,3,1624827863.4802642,/media/batool/MULTIMODAL_DATA/Multimodal_Data/Cat1/opposite/bag_files/Cat1_15mph_lr_opposite_3/camera_images/1624827863.4802642.jpg
Cat1,15mph,lr,opposite,3,1624827863.5135975,/media/batool/MULTIMODAL_DATA/Multimodal_Data/Cat1/opposite/bag_files/Cat1_15mph_lr_opposite_3/camera_images/1624827863.5135975.jpg
Cat1,15mph,lr,opposite,3,1624827863.5469308,/media/batool/MULTIMODAL_DATA/Multimodal_Data/Cat1/opposite/bag_files/Cat1_15mph_lr_opposite_3/camera_images/1624827863.5469308.jpg
