Category,speed,direction,lane,episode,Time header,Image_path
Cat3,15mph,lr,opposite,5,1625004021.2394626,/media/batool/MULTIMODAL_DATA/Multimodal_Data/Cat3/static_in_front/bag_files/Cat3_15mph_lr_opposite_5/camera_images/1625004021.2394626.jpg
Cat3,15mph,lr,opposite,5,1625004021.272796,/media/batool/MULTIMODAL_DATA/Multimodal_Data/Cat3/static_in_front/bag_files/Cat3_15mph_lr_opposite_5/camera_images/1625004021.272796.jpg
Cat3,15mph,lr,opposite,5,1625004021.3061292,/media/batool/MULTIMODAL_DATA/Multimodal_Data/Cat3/static_in_front/bag_files/Cat3_15mph_lr_opposite_5/camera_images/1625004021.3061292.jpg
Cat3,15mph,lr,opposite,5,1625004021.3394625,/media/batool/MULTIMODAL_DATA/Multimodal_Data/Cat3/static_in_front/bag_files/Cat3_15mph_lr_opposite_5/camera_images/1625004021.3394625.jpg
Cat3,15mph,lr,opposite,5,1625004021.3727958,/media/batool/MULTIMODAL_DATA/Multimodal_Data/Cat3/static_in_front/bag_files/Cat3_15mph_lr_opposite_5/camera_images/1625004021.3727958.jpg
Cat3,15mph,lr,opposite,5,1625004021.4061291,/media/batool/MULTIMODAL_DATA/Multimodal_Data/Cat3/static_in_front/bag_files/Cat3_15mph_lr_opposite_5/camera_images/1625004021.4061291.jpg
Cat3,15mph,lr,opposite,5,1625004021.4394624,/media/batool/MULTIMODAL_DATA/Multimodal_Data/Cat3/static_in_front/bag_files/Cat3_15mph_lr_opposite_5/camera_images/1625004021.4394624.jpg
Cat3,15mph,lr,opposite,5,1625004021.4727957,/media/batool/MULTIMODAL_DATA/Multimodal_Data/Cat3/static_in_front/bag_files/Cat3_15mph_lr_opposite_5/camera_images/1625004021.4727957.jpg
Cat3,15mph,lr,opposite,5,1625004021.506129,/media/batool/MULTIMODAL_DATA/Multimodal_Data/Cat3/static_in_front/bag_files/Cat3_15mph_lr_opposite_5/camera_images/1625004021.506129.jpg
Cat3,15mph,lr,opposite,5,1625004021.5394623,/media/batool/MULTIMODAL_DATA/Multimodal_Data/Cat3/static_in_front/bag_files/Cat3_15mph_lr_opposite_5/camera_images/1625004021.5394623.jpg
Cat3,15mph,lr,opposite,5,1625004021.5727956,/media/batool/MULTIMODAL_DATA/Multimodal_Data/Cat3/static_in_front/bag_files/Cat3_15mph_lr_opposite_5/camera_images/1625004021.5727956.jpg
Cat3,15mph,lr,opposite,5,1625004021.606129,/media/batool/MULTIMODAL_DATA/Multimodal_Data/Cat3/static_in_front/bag_files/Cat3_15mph_lr_opposite_5/camera_images/1625004021.606129.jpg
Cat3,15mph,lr,opposite,5,1625004021.6394622,/media/batool/MULTIMODAL_DATA/Multimodal_Data/Cat3/static_in_front/bag_files/Cat3_15mph_lr_opposite_5/camera_images/1625004021.6394622.jpg
Cat3,15mph,lr,opposite,5,1625004021.6727955,/media/batool/MULTIMODAL_DATA/Multimodal_Data/Cat3/static_in_front/bag_files/Cat3_15mph_lr_opposite_5/camera_images/1625004021.6727955.jpg
Cat3,15mph,lr,opposite,5,1625004021.7061288,/media/batool/MULTIMODAL_DATA/Multimodal_Data/Cat3/static_in_front/bag_files/Cat3_15mph_lr_opposite_5/camera_images/1625004021.7061288.jpg
Cat3,15mph,lr,opposite,5,1625004021.7727954,/media/batool/MULTIMODAL_DATA/Multimodal_Data/Cat3/static_in_front/bag_files/Cat3_15mph_lr_opposite_5/camera_images/1625004021.7727954.jpg
Cat3,15mph,lr,opposite,5,1625004021.8061287,/media/batool/MULTIMODAL_DATA/Multimodal_Data/Cat3/static_in_front/bag_files/Cat3_15mph_lr_opposite_5/camera_images/1625004021.8061287.jpg
Cat3,15mph,lr,opposite,5,1625004021.839462,/media/batool/MULTIMODAL_DATA/Multimodal_Data/Cat3/static_in_front/bag_files/Cat3_15mph_lr_opposite_5/camera_images/1625004021.839462.jpg
Cat3,15mph,lr,opposite,5,1625004021.8727953,/media/batool/MULTIMODAL_DATA/Multimodal_Data/Cat3/static_in_front/bag_files/Cat3_15mph_lr_opposite_5/camera_images/1625004021.8727953.jpg
Cat3,15mph,lr,opposite,5,1625004021.9061286,/media/batool/MULTIMODAL_DATA/Multimodal_Data/Cat3/static_in_front/bag_files/Cat3_15mph_lr_opposite_5/camera_images/1625004021.9061286.jpg
Cat3,15mph,lr,opposite,5,1625004021.939462,/media/batool/MULTIMODAL_DATA/Multimodal_Data/Cat3/static_in_front/bag_files/Cat3_15mph_lr_opposite_5/camera_images/1625004021.939462.jpg
Cat3,15mph,lr,opposite,5,1625004021.9727952,/media/batool/MULTIMODAL_DATA/Multimodal_Data/Cat3/static_in_front/bag_files/Cat3_15mph_lr_opposite_5/camera_images/1625004021.9727952.jpg
Cat3,15mph,lr,opposite,5,1625004022.0061285,/media/batool/MULTIMODAL_DATA/Multimodal_Data/Cat3/static_in_front/bag_files/Cat3_15mph_lr_opposite_5/camera_images/1625004022.0061285.jpg
Cat3,15mph,lr,opposite,5,1625004022.0394619,/media/batool/MULTIMODAL_DATA/Multimodal_Data/Cat3/static_in_front/bag_files/Cat3_15mph_lr_opposite_5/camera_images/1625004022.0394619.jpg
Cat3,15mph,lr,opposite,5,1625004022.0727952,/media/batool/MULTIMODAL_DATA/Multimodal_Data/Cat3/static_in_front/bag_files/Cat3_15mph_lr_opposite_5/camera_images/1625004022.0727952.jpg
Cat3,15mph,lr,opposite,5,1625004022.1061285,/media/batool/MULTIMODAL_DATA/Multimodal_Data/Cat3/static_in_front/bag_files/Cat3_15mph_lr_opposite_5/camera_images/1625004022.1061285.jpg
Cat3,15mph,lr,opposite,5,1625004022.1394618,/media/batool/MULTIMODAL_DATA/Multimodal_Data/Cat3/static_in_front/bag_files/Cat3_15mph_lr_opposite_5/camera_images/1625004022.1394618.jpg
Cat3,15mph,lr,opposite,5,1625004022.172795,/media/batool/MULTIMODAL_DATA/Multimodal_Data/Cat3/static_in_front/bag_files/Cat3_15mph_lr_opposite_5/camera_images/1625004022.172795.jpg
Cat3,15mph,lr,opposite,5,1625004022.2061284,/media/batool/MULTIMODAL_DATA/Multimodal_Data/Cat3/static_in_front/bag_files/Cat3_15mph_lr_opposite_5/camera_images/1625004022.2061284.jpg
Cat3,15mph,lr,opposite,5,1625004022.2394617,/media/batool/MULTIMODAL_DATA/Multimodal_Data/Cat3/static_in_front/bag_files/Cat3_15mph_lr_opposite_5/camera_images/1625004022.2394617.jpg
Cat3,15mph,lr,opposite,5,1625004022.3061283,/media/batool/MULTIMODAL_DATA/Multimodal_Data/Cat3/static_in_front/bag_files/Cat3_15mph_lr_opposite_5/camera_images/1625004022.3061283.jpg
Cat3,15mph,lr,opposite,5,1625004022.3394616,/media/batool/MULTIMODAL_DATA/Multimodal_Data/Cat3/static_in_front/bag_files/Cat3_15mph_lr_opposite_5/camera_images/1625004022.3394616.jpg
Cat3,15mph,lr,opposite,5,1625004022.3727949,/media/batool/MULTIMODAL_DATA/Multimodal_Data/Cat3/static_in_front/bag_files/Cat3_15mph_lr_opposite_5/camera_images/1625004022.3727949.jpg
Cat3,15mph,lr,opposite,5,1625004022.4061282,/media/batool/MULTIMODAL_DATA/Multimodal_Data/Cat3/static_in_front/bag_files/Cat3_15mph_lr_opposite_5/camera_images/1625004022.4061282.jpg
Cat3,15mph,lr,opposite,5,1625004022.4394615,/media/batool/MULTIMODAL_DATA/Multimodal_Data/Cat3/static_in_front/bag_files/Cat3_15mph_lr_opposite_5/camera_images/1625004022.4394615.jpg
Cat3,15mph,lr,opposite,5,1625004022.4727948,/media/batool/MULTIMODAL_DATA/Multimodal_Data/Cat3/static_in_front/bag_files/Cat3_15mph_lr_opposite_5/camera_images/1625004022.4727948.jpg
Cat3,15mph,lr,opposite,5,1625004022.506128,/media/batool/MULTIMODAL_DATA/Multimodal_Data/Cat3/static_in_front/bag_files/Cat3_15mph_lr_opposite_5/camera_images/1625004022.506128.jpg
Cat3,15mph,lr,opposite,5,1625004022.5394614,/media/batool/MULTIMODAL_DATA/Multimodal_Data/Cat3/static_in_front/bag_files/Cat3_15mph_lr_opposite_5/camera_images/1625004022.5394614.jpg
Cat3,15mph,lr,opposite,5,1625004022.5727947,/media/batool/MULTIMODAL_DATA/Multimodal_Data/Cat3/static_in_front/bag_files/Cat3_15mph_lr_opposite_5/camera_images/1625004022.5727947.jpg
Cat3,15mph,lr,opposite,5,1625004022.606128,/media/batool/MULTIMODAL_DATA/Multimodal_Data/Cat3/static_in_front/bag_files/Cat3_15mph_lr_opposite_5/camera_images/1625004022.606128.jpg
Cat3,15mph,lr,opposite,5,1625004022.6394613,/media/batool/MULTIMODAL_DATA/Multimodal_Data/Cat3/static_in_front/bag_files/Cat3_15mph_lr_opposite_5/camera_images/1625004022.6394613.jpg
Cat3,15mph,lr,opposite,5,1625004022.6727946,/media/batool/MULTIMODAL_DATA/Multimodal_Data/Cat3/static_in_front/bag_files/Cat3_15mph_lr_opposite_5/camera_images/1625004022.6727946.jpg
Cat3,15mph,lr,opposite,5,1625004022.706128,/media/batool/MULTIMODAL_DATA/Multimodal_Data/Cat3/static_in_front/bag_files/Cat3_15mph_lr_opposite_5/camera_images/1625004022.706128.jpg
Cat3,15mph,lr,opposite,5,1625004022.7394612,/media/batool/MULTIMODAL_DATA/Multimodal_Data/Cat3/static_in_front/bag_files/Cat3_15mph_lr_opposite_5/camera_images/1625004022.7394612.jpg
Cat3,15mph,lr,opposite,5,1625004022.7727945,/media/batool/MULTIMODAL_DATA/Multimodal_Data/Cat3/static_in_front/bag_files/Cat3_15mph_lr_opposite_5/camera_images/1625004022.7727945.jpg
Cat3,15mph,lr,opposite,5,1625004022.839461,/media/batool/MULTIMODAL_DATA/Multimodal_Data/Cat3/static_in_front/bag_files/Cat3_15mph_lr_opposite_5/camera_images/1625004022.839461.jpg
Cat3,15mph,lr,opposite,5,1625004022.8727944,/media/batool/MULTIMODAL_DATA/Multimodal_Data/Cat3/static_in_front/bag_files/Cat3_15mph_lr_opposite_5/camera_images/1625004022.8727944.jpg
Cat3,15mph,lr,opposite,5,1625004022.9061277,/media/batool/MULTIMODAL_DATA/Multimodal_Data/Cat3/static_in_front/bag_files/Cat3_15mph_lr_opposite_5/camera_images/1625004022.9061277.jpg
Cat3,15mph,lr,opposite,5,1625004022.939461,/media/batool/MULTIMODAL_DATA/Multimodal_Data/Cat3/static_in_front/bag_files/Cat3_15mph_lr_opposite_5/camera_images/1625004022.939461.jpg
Cat3,15mph,lr,opposite,5,1625004022.9727943,/media/batool/MULTIMODAL_DATA/Multimodal_Data/Cat3/static_in_front/bag_files/Cat3_15mph_lr_opposite_5/camera_images/1625004022.9727943.jpg
Cat3,15mph,lr,opposite,5,1625004023.0061276,/media/batool/MULTIMODAL_DATA/Multimodal_Data/Cat3/static_in_front/bag_files/Cat3_15mph_lr_opposite_5/camera_images/1625004023.0061276.jpg
Cat3,15mph,lr,opposite,5,1625004023.039461,/media/batool/MULTIMODAL_DATA/Multimodal_Data/Cat3/static_in_front/bag_files/Cat3_15mph_lr_opposite_5/camera_images/1625004023.039461.jpg
Cat3,15mph,lr,opposite,5,1625004023.0727942,/media/batool/MULTIMODAL_DATA/Multimodal_Data/Cat3/static_in_front/bag_files/Cat3_15mph_lr_opposite_5/camera_images/1625004023.0727942.jpg
Cat3,15mph,lr,opposite,5,1625004023.1061275,/media/batool/MULTIMODAL_DATA/Multimodal_Data/Cat3/static_in_front/bag_files/Cat3_15mph_lr_opposite_5/camera_images/1625004023.1061275.jpg
Cat3,15mph,lr,opposite,5,1625004023.1394608,/media/batool/MULTIMODAL_DATA/Multimodal_Data/Cat3/static_in_front/bag_files/Cat3_15mph_lr_opposite_5/camera_images/1625004023.1394608.jpg
Cat3,15mph,lr,opposite,5,1625004023.172794,/media/batool/MULTIMODAL_DATA/Multimodal_Data/Cat3/static_in_front/bag_files/Cat3_15mph_lr_opposite_5/camera_images/1625004023.172794.jpg
Cat3,15mph,lr,opposite,5,1625004023.2061274,/media/batool/MULTIMODAL_DATA/Multimodal_Data/Cat3/static_in_front/bag_files/Cat3_15mph_lr_opposite_5/camera_images/1625004023.2061274.jpg
Cat3,15mph,lr,opposite,5,1625004023.2394607,/media/batool/MULTIMODAL_DATA/Multimodal_Data/Cat3/static_in_front/bag_files/Cat3_15mph_lr_opposite_5/camera_images/1625004023.2394607.jpg
Cat3,15mph,lr,opposite,5,1625004023.272794,/media/batool/MULTIMODAL_DATA/Multimodal_Data/Cat3/static_in_front/bag_files/Cat3_15mph_lr_opposite_5/camera_images/1625004023.272794.jpg
Cat3,15mph,lr,opposite,5,1625004023.3061273,/media/batool/MULTIMODAL_DATA/Multimodal_Data/Cat3/static_in_front/bag_files/Cat3_15mph_lr_opposite_5/camera_images/1625004023.3061273.jpg
Cat3,15mph,lr,opposite,5,1625004021.7394621,/media/batool/MULTIMODAL_DATA/Multimodal_Data/Cat3/static_in_front/bag_files/Cat3_15mph_lr_opposite_5/camera_images/1625004021.7394621.jpg
Cat3,15mph,lr,opposite,5,1625004022.272795,/media/batool/MULTIMODAL_DATA/Multimodal_Data/Cat3/static_in_front/bag_files/Cat3_15mph_lr_opposite_5/camera_images/1625004022.272795.jpg
Cat3,15mph,lr,opposite,5,1625004022.8061278,/media/batool/MULTIMODAL_DATA/Multimodal_Data/Cat3/static_in_front/bag_files/Cat3_15mph_lr_opposite_5/camera_images/1625004022.8061278.jpg
Cat3,15mph,lr,opposite,5,1625004023.3394606,/media/batool/MULTIMODAL_DATA/Multimodal_Data/Cat3/static_in_front/bag_files/Cat3_15mph_lr_opposite_5/camera_images/1625004023.3394606.jpg
Cat3,15mph,lr,opposite,5,1625004023.8727934,/media/batool/MULTIMODAL_DATA/Multimodal_Data/Cat3/static_in_front/bag_files/Cat3_15mph_lr_opposite_5/camera_images/1625004023.8727934.jpg
Cat3,15mph,lr,opposite,5,1625004024.4061263,/media/batool/MULTIMODAL_DATA/Multimodal_Data/Cat3/static_in_front/bag_files/Cat3_15mph_lr_opposite_5/camera_images/1625004024.4061263.jpg
Cat3,15mph,lr,opposite,5,1625004024.939459,/media/batool/MULTIMODAL_DATA/Multimodal_Data/Cat3/static_in_front/bag_files/Cat3_15mph_lr_opposite_5/camera_images/1625004024.939459.jpg
Cat3,15mph,lr,opposite,5,1625004025.472792,/media/batool/MULTIMODAL_DATA/Multimodal_Data/Cat3/static_in_front/bag_files/Cat3_15mph_lr_opposite_5/camera_images/1625004025.472792.jpg
Cat3,15mph,lr,opposite,5,1625004026.0061247,/media/batool/MULTIMODAL_DATA/Multimodal_Data/Cat3/static_in_front/bag_files/Cat3_15mph_lr_opposite_5/camera_images/1625004026.0061247.jpg
Cat3,15mph,lr,opposite,5,1625004026.5394576,/media/batool/MULTIMODAL_DATA/Multimodal_Data/Cat3/static_in_front/bag_files/Cat3_15mph_lr_opposite_5/camera_images/1625004026.5394576.jpg
Cat3,15mph,lr,opposite,5,1625004027.0727904,/media/batool/MULTIMODAL_DATA/Multimodal_Data/Cat3/static_in_front/bag_files/Cat3_15mph_lr_opposite_5/camera_images/1625004027.0727904.jpg
Cat3,15mph,lr,opposite,5,1625004027.6061232,/media/batool/MULTIMODAL_DATA/Multimodal_Data/Cat3/static_in_front/bag_files/Cat3_15mph_lr_opposite_5/camera_images/1625004027.6061232.jpg
Cat3,15mph,lr,opposite,5,1625004028.139456,/media/batool/MULTIMODAL_DATA/Multimodal_Data/Cat3/static_in_front/bag_files/Cat3_15mph_lr_opposite_5/camera_images/1625004028.139456.jpg
Cat3,15mph,lr,opposite,5,1625004028.6727889,/media/batool/MULTIMODAL_DATA/Multimodal_Data/Cat3/static_in_front/bag_files/Cat3_15mph_lr_opposite_5/camera_images/1625004028.6727889.jpg
Cat3,15mph,lr,opposite,5,1625004029.2061217,/media/batool/MULTIMODAL_DATA/Multimodal_Data/Cat3/static_in_front/bag_files/Cat3_15mph_lr_opposite_5/camera_images/1625004029.2061217.jpg
Cat3,15mph,lr,opposite,5,1625004029.7394545,/media/batool/MULTIMODAL_DATA/Multimodal_Data/Cat3/static_in_front/bag_files/Cat3_15mph_lr_opposite_5/camera_images/1625004029.7394545.jpg
Cat3,15mph,lr,opposite,5,1625004030.2727873,/media/batool/MULTIMODAL_DATA/Multimodal_Data/Cat3/static_in_front/bag_files/Cat3_15mph_lr_opposite_5/camera_images/1625004030.2727873.jpg
Cat3,15mph,lr,opposite,5,1625004030.8061202,/media/batool/MULTIMODAL_DATA/Multimodal_Data/Cat3/static_in_front/bag_files/Cat3_15mph_lr_opposite_5/camera_images/1625004030.8061202.jpg
Cat3,15mph,lr,opposite,5,1625004031.339453,/media/batool/MULTIMODAL_DATA/Multimodal_Data/Cat3/static_in_front/bag_files/Cat3_15mph_lr_opposite_5/camera_images/1625004031.339453.jpg
Cat3,15mph,lr,opposite,5,1625004031.8727858,/media/batool/MULTIMODAL_DATA/Multimodal_Data/Cat3/static_in_front/bag_files/Cat3_15mph_lr_opposite_5/camera_images/1625004031.8727858.jpg
Cat3,15mph,lr,opposite,5,1625004032.4061186,/media/batool/MULTIMODAL_DATA/Multimodal_Data/Cat3/static_in_front/bag_files/Cat3_15mph_lr_opposite_5/camera_images/1625004032.4061186.jpg
Cat3,15mph,lr,opposite,5,1625004032.9394515,/media/batool/MULTIMODAL_DATA/Multimodal_Data/Cat3/static_in_front/bag_files/Cat3_15mph_lr_opposite_5/camera_images/1625004032.9394515.jpg
Cat3,15mph,lr,opposite,5,1625004033.4727843,/media/batool/MULTIMODAL_DATA/Multimodal_Data/Cat3/static_in_front/bag_files/Cat3_15mph_lr_opposite_5/camera_images/1625004033.4727843.jpg
Cat3,15mph,lr,opposite,5,1625004034.006117,/media/batool/MULTIMODAL_DATA/Multimodal_Data/Cat3/static_in_front/bag_files/Cat3_15mph_lr_opposite_5/camera_images/1625004034.006117.jpg
Cat3,15mph,lr,opposite,5,1625004034.53945,/media/batool/MULTIMODAL_DATA/Multimodal_Data/Cat3/static_in_front/bag_files/Cat3_15mph_lr_opposite_5/camera_images/1625004034.53945.jpg
Cat3,15mph,lr,opposite,5,1625004035.0727828,/media/batool/MULTIMODAL_DATA/Multimodal_Data/Cat3/static_in_front/bag_files/Cat3_15mph_lr_opposite_5/camera_images/1625004035.0727828.jpg
Cat3,15mph,lr,opposite,5,1625004035.6061156,/media/batool/MULTIMODAL_DATA/Multimodal_Data/Cat3/static_in_front/bag_files/Cat3_15mph_lr_opposite_5/camera_images/1625004035.6061156.jpg
Cat3,15mph,lr,opposite,5,1625004023.372794,/media/batool/MULTIMODAL_DATA/Multimodal_Data/Cat3/static_in_front/bag_files/Cat3_15mph_lr_opposite_5/camera_images/1625004023.372794.jpg
Cat3,15mph,lr,opposite,5,1625004023.4061272,/media/batool/MULTIMODAL_DATA/Multimodal_Data/Cat3/static_in_front/bag_files/Cat3_15mph_lr_opposite_5/camera_images/1625004023.4061272.jpg
Cat3,15mph,lr,opposite,5,1625004023.4394605,/media/batool/MULTIMODAL_DATA/Multimodal_Data/Cat3/static_in_front/bag_files/Cat3_15mph_lr_opposite_5/camera_images/1625004023.4394605.jpg
Cat3,15mph,lr,opposite,5,1625004023.4727938,/media/batool/MULTIMODAL_DATA/Multimodal_Data/Cat3/static_in_front/bag_files/Cat3_15mph_lr_opposite_5/camera_images/1625004023.4727938.jpg
Cat3,15mph,lr,opposite,5,1625004023.506127,/media/batool/MULTIMODAL_DATA/Multimodal_Data/Cat3/static_in_front/bag_files/Cat3_15mph_lr_opposite_5/camera_images/1625004023.506127.jpg
Cat3,15mph,lr,opposite,5,1625004023.5394604,/media/batool/MULTIMODAL_DATA/Multimodal_Data/Cat3/static_in_front/bag_files/Cat3_15mph_lr_opposite_5/camera_images/1625004023.5394604.jpg
Cat3,15mph,lr,opposite,5,1625004023.5727937,/media/batool/MULTIMODAL_DATA/Multimodal_Data/Cat3/static_in_front/bag_files/Cat3_15mph_lr_opposite_5/camera_images/1625004023.5727937.jpg
Cat3,15mph,lr,opposite,5,1625004023.606127,/media/batool/MULTIMODAL_DATA/Multimodal_Data/Cat3/static_in_front/bag_files/Cat3_15mph_lr_opposite_5/camera_images/1625004023.606127.jpg
Cat3,15mph,lr,opposite,5,1625004023.6394603,/media/batool/MULTIMODAL_DATA/Multimodal_Data/Cat3/static_in_front/bag_files/Cat3_15mph_lr_opposite_5/camera_images/1625004023.6394603.jpg
Cat3,15mph,lr,opposite,5,1625004023.6727936,/media/batool/MULTIMODAL_DATA/Multimodal_Data/Cat3/static_in_front/bag_files/Cat3_15mph_lr_opposite_5/camera_images/1625004023.6727936.jpg
Cat3,15mph,lr,opposite,5,1625004023.706127,/media/batool/MULTIMODAL_DATA/Multimodal_Data/Cat3/static_in_front/bag_files/Cat3_15mph_lr_opposite_5/camera_images/1625004023.706127.jpg
Cat3,15mph,lr,opposite,5,1625004023.7394602,/media/batool/MULTIMODAL_DATA/Multimodal_Data/Cat3/static_in_front/bag_files/Cat3_15mph_lr_opposite_5/camera_images/1625004023.7394602.jpg
Cat3,15mph,lr,opposite,5,1625004023.7727935,/media/batool/MULTIMODAL_DATA/Multimodal_Data/Cat3/static_in_front/bag_files/Cat3_15mph_lr_opposite_5/camera_images/1625004023.7727935.jpg
Cat3,15mph,lr,opposite,5,1625004023.8061268,/media/batool/MULTIMODAL_DATA/Multimodal_Data/Cat3/static_in_front/bag_files/Cat3_15mph_lr_opposite_5/camera_images/1625004023.8061268.jpg
Cat3,15mph,lr,opposite,5,1625004023.8394601,/media/batool/MULTIMODAL_DATA/Multimodal_Data/Cat3/static_in_front/bag_files/Cat3_15mph_lr_opposite_5/camera_images/1625004023.8394601.jpg
Cat3,15mph,lr,opposite,5,1625004023.9061267,/media/batool/MULTIMODAL_DATA/Multimodal_Data/Cat3/static_in_front/bag_files/Cat3_15mph_lr_opposite_5/camera_images/1625004023.9061267.jpg
Cat3,15mph,lr,opposite,5,1625004023.93946,/media/batool/MULTIMODAL_DATA/Multimodal_Data/Cat3/static_in_front/bag_files/Cat3_15mph_lr_opposite_5/camera_images/1625004023.93946.jpg
Cat3,15mph,lr,opposite,5,1625004023.9727933,/media/batool/MULTIMODAL_DATA/Multimodal_Data/Cat3/static_in_front/bag_files/Cat3_15mph_lr_opposite_5/camera_images/1625004023.9727933.jpg
Cat3,15mph,lr,opposite,5,1625004024.0061266,/media/batool/MULTIMODAL_DATA/Multimodal_Data/Cat3/static_in_front/bag_files/Cat3_15mph_lr_opposite_5/camera_images/1625004024.0061266.jpg
Cat3,15mph,lr,opposite,5,1625004024.03946,/media/batool/MULTIMODAL_DATA/Multimodal_Data/Cat3/static_in_front/bag_files/Cat3_15mph_lr_opposite_5/camera_images/1625004024.03946.jpg
Cat3,15mph,lr,opposite,5,1625004024.0727932,/media/batool/MULTIMODAL_DATA/Multimodal_Data/Cat3/static_in_front/bag_files/Cat3_15mph_lr_opposite_5/camera_images/1625004024.0727932.jpg
Cat3,15mph,lr,opposite,5,1625004024.1061265,/media/batool/MULTIMODAL_DATA/Multimodal_Data/Cat3/static_in_front/bag_files/Cat3_15mph_lr_opposite_5/camera_images/1625004024.1061265.jpg
Cat3,15mph,lr,opposite,5,1625004024.1394598,/media/batool/MULTIMODAL_DATA/Multimodal_Data/Cat3/static_in_front/bag_files/Cat3_15mph_lr_opposite_5/camera_images/1625004024.1394598.jpg
Cat3,15mph,lr,opposite,5,1625004024.1727931,/media/batool/MULTIMODAL_DATA/Multimodal_Data/Cat3/static_in_front/bag_files/Cat3_15mph_lr_opposite_5/camera_images/1625004024.1727931.jpg
Cat3,15mph,lr,opposite,5,1625004024.2061265,/media/batool/MULTIMODAL_DATA/Multimodal_Data/Cat3/static_in_front/bag_files/Cat3_15mph_lr_opposite_5/camera_images/1625004024.2061265.jpg
Cat3,15mph,lr,opposite,5,1625004024.2394598,/media/batool/MULTIMODAL_DATA/Multimodal_Data/Cat3/static_in_front/bag_files/Cat3_15mph_lr_opposite_5/camera_images/1625004024.2394598.jpg
Cat3,15mph,lr,opposite,5,1625004024.272793,/media/batool/MULTIMODAL_DATA/Multimodal_Data/Cat3/static_in_front/bag_files/Cat3_15mph_lr_opposite_5/camera_images/1625004024.272793.jpg
Cat3,15mph,lr,opposite,5,1625004024.3061264,/media/batool/MULTIMODAL_DATA/Multimodal_Data/Cat3/static_in_front/bag_files/Cat3_15mph_lr_opposite_5/camera_images/1625004024.3061264.jpg
Cat3,15mph,lr,opposite,5,1625004024.3394597,/media/batool/MULTIMODAL_DATA/Multimodal_Data/Cat3/static_in_front/bag_files/Cat3_15mph_lr_opposite_5/camera_images/1625004024.3394597.jpg
Cat3,15mph,lr,opposite,5,1625004024.372793,/media/batool/MULTIMODAL_DATA/Multimodal_Data/Cat3/static_in_front/bag_files/Cat3_15mph_lr_opposite_5/camera_images/1625004024.372793.jpg
Cat3,15mph,lr,opposite,5,1625004024.4394596,/media/batool/MULTIMODAL_DATA/Multimodal_Data/Cat3/static_in_front/bag_files/Cat3_15mph_lr_opposite_5/camera_images/1625004024.4394596.jpg
Cat3,15mph,lr,opposite,5,1625004024.4727929,/media/batool/MULTIMODAL_DATA/Multimodal_Data/Cat3/static_in_front/bag_files/Cat3_15mph_lr_opposite_5/camera_images/1625004024.4727929.jpg
Cat3,15mph,lr,opposite,5,1625004024.5061262,/media/batool/MULTIMODAL_DATA/Multimodal_Data/Cat3/static_in_front/bag_files/Cat3_15mph_lr_opposite_5/camera_images/1625004024.5061262.jpg
Cat3,15mph,lr,opposite,5,1625004024.5394595,/media/batool/MULTIMODAL_DATA/Multimodal_Data/Cat3/static_in_front/bag_files/Cat3_15mph_lr_opposite_5/camera_images/1625004024.5394595.jpg
Cat3,15mph,lr,opposite,5,1625004024.5727928,/media/batool/MULTIMODAL_DATA/Multimodal_Data/Cat3/static_in_front/bag_files/Cat3_15mph_lr_opposite_5/camera_images/1625004024.5727928.jpg
Cat3,15mph,lr,opposite,5,1625004024.606126,/media/batool/MULTIMODAL_DATA/Multimodal_Data/Cat3/static_in_front/bag_files/Cat3_15mph_lr_opposite_5/camera_images/1625004024.606126.jpg
Cat3,15mph,lr,opposite,5,1625004024.6394594,/media/batool/MULTIMODAL_DATA/Multimodal_Data/Cat3/static_in_front/bag_files/Cat3_15mph_lr_opposite_5/camera_images/1625004024.6394594.jpg
Cat3,15mph,lr,opposite,5,1625004024.6727927,/media/batool/MULTIMODAL_DATA/Multimodal_Data/Cat3/static_in_front/bag_files/Cat3_15mph_lr_opposite_5/camera_images/1625004024.6727927.jpg
Cat3,15mph,lr,opposite,5,1625004024.706126,/media/batool/MULTIMODAL_DATA/Multimodal_Data/Cat3/static_in_front/bag_files/Cat3_15mph_lr_opposite_5/camera_images/1625004024.706126.jpg
Cat3,15mph,lr,opposite,5,1625004024.7394593,/media/batool/MULTIMODAL_DATA/Multimodal_Data/Cat3/static_in_front/bag_files/Cat3_15mph_lr_opposite_5/camera_images/1625004024.7394593.jpg
Cat3,15mph,lr,opposite,5,1625004024.7727926,/media/batool/MULTIMODAL_DATA/Multimodal_Data/Cat3/static_in_front/bag_files/Cat3_15mph_lr_opposite_5/camera_images/1625004024.7727926.jpg
Cat3,15mph,lr,opposite,5,1625004024.8061259,/media/batool/MULTIMODAL_DATA/Multimodal_Data/Cat3/static_in_front/bag_files/Cat3_15mph_lr_opposite_5/camera_images/1625004024.8061259.jpg
Cat3,15mph,lr,opposite,5,1625004024.8394592,/media/batool/MULTIMODAL_DATA/Multimodal_Data/Cat3/static_in_front/bag_files/Cat3_15mph_lr_opposite_5/camera_images/1625004024.8394592.jpg
Cat3,15mph,lr,opposite,5,1625004024.8727925,/media/batool/MULTIMODAL_DATA/Multimodal_Data/Cat3/static_in_front/bag_files/Cat3_15mph_lr_opposite_5/camera_images/1625004024.8727925.jpg
Cat3,15mph,lr,opposite,5,1625004024.9061258,/media/batool/MULTIMODAL_DATA/Multimodal_Data/Cat3/static_in_front/bag_files/Cat3_15mph_lr_opposite_5/camera_images/1625004024.9061258.jpg
Cat3,15mph,lr,opposite,5,1625004024.9727924,/media/batool/MULTIMODAL_DATA/Multimodal_Data/Cat3/static_in_front/bag_files/Cat3_15mph_lr_opposite_5/camera_images/1625004024.9727924.jpg
Cat3,15mph,lr,opposite,5,1625004025.0061257,/media/batool/MULTIMODAL_DATA/Multimodal_Data/Cat3/static_in_front/bag_files/Cat3_15mph_lr_opposite_5/camera_images/1625004025.0061257.jpg
Cat3,15mph,lr,opposite,5,1625004025.039459,/media/batool/MULTIMODAL_DATA/Multimodal_Data/Cat3/static_in_front/bag_files/Cat3_15mph_lr_opposite_5/camera_images/1625004025.039459.jpg
Cat3,15mph,lr,opposite,5,1625004025.0727923,/media/batool/MULTIMODAL_DATA/Multimodal_Data/Cat3/static_in_front/bag_files/Cat3_15mph_lr_opposite_5/camera_images/1625004025.0727923.jpg
Cat3,15mph,lr,opposite,5,1625004025.1061256,/media/batool/MULTIMODAL_DATA/Multimodal_Data/Cat3/static_in_front/bag_files/Cat3_15mph_lr_opposite_5/camera_images/1625004025.1061256.jpg
Cat3,15mph,lr,opposite,5,1625004025.139459,/media/batool/MULTIMODAL_DATA/Multimodal_Data/Cat3/static_in_front/bag_files/Cat3_15mph_lr_opposite_5/camera_images/1625004025.139459.jpg
Cat3,15mph,lr,opposite,5,1625004025.1727922,/media/batool/MULTIMODAL_DATA/Multimodal_Data/Cat3/static_in_front/bag_files/Cat3_15mph_lr_opposite_5/camera_images/1625004025.1727922.jpg
Cat3,15mph,lr,opposite,5,1625004025.2061255,/media/batool/MULTIMODAL_DATA/Multimodal_Data/Cat3/static_in_front/bag_files/Cat3_15mph_lr_opposite_5/camera_images/1625004025.2061255.jpg
Cat3,15mph,lr,opposite,5,1625004025.2394588,/media/batool/MULTIMODAL_DATA/Multimodal_Data/Cat3/static_in_front/bag_files/Cat3_15mph_lr_opposite_5/camera_images/1625004025.2394588.jpg
Cat3,15mph,lr,opposite,5,1625004025.272792,/media/batool/MULTIMODAL_DATA/Multimodal_Data/Cat3/static_in_front/bag_files/Cat3_15mph_lr_opposite_5/camera_images/1625004025.272792.jpg
Cat3,15mph,lr,opposite,5,1625004025.3061254,/media/batool/MULTIMODAL_DATA/Multimodal_Data/Cat3/static_in_front/bag_files/Cat3_15mph_lr_opposite_5/camera_images/1625004025.3061254.jpg
Cat3,15mph,lr,opposite,5,1625004025.3394587,/media/batool/MULTIMODAL_DATA/Multimodal_Data/Cat3/static_in_front/bag_files/Cat3_15mph_lr_opposite_5/camera_images/1625004025.3394587.jpg
Cat3,15mph,lr,opposite,5,1625004025.372792,/media/batool/MULTIMODAL_DATA/Multimodal_Data/Cat3/static_in_front/bag_files/Cat3_15mph_lr_opposite_5/camera_images/1625004025.372792.jpg
Cat3,15mph,lr,opposite,5,1625004025.4061253,/media/batool/MULTIMODAL_DATA/Multimodal_Data/Cat3/static_in_front/bag_files/Cat3_15mph_lr_opposite_5/camera_images/1625004025.4061253.jpg
Cat3,15mph,lr,opposite,5,1625004025.4394586,/media/batool/MULTIMODAL_DATA/Multimodal_Data/Cat3/static_in_front/bag_files/Cat3_15mph_lr_opposite_5/camera_images/1625004025.4394586.jpg
Cat3,15mph,lr,opposite,5,1625004025.5061252,/media/batool/MULTIMODAL_DATA/Multimodal_Data/Cat3/static_in_front/bag_files/Cat3_15mph_lr_opposite_5/camera_images/1625004025.5061252.jpg
Cat3,15mph,lr,opposite,5,1625004025.5394585,/media/batool/MULTIMODAL_DATA/Multimodal_Data/Cat3/static_in_front/bag_files/Cat3_15mph_lr_opposite_5/camera_images/1625004025.5394585.jpg
Cat3,15mph,lr,opposite,5,1625004025.5727918,/media/batool/MULTIMODAL_DATA/Multimodal_Data/Cat3/static_in_front/bag_files/Cat3_15mph_lr_opposite_5/camera_images/1625004025.5727918.jpg
Cat3,15mph,lr,opposite,5,1625004025.606125,/media/batool/MULTIMODAL_DATA/Multimodal_Data/Cat3/static_in_front/bag_files/Cat3_15mph_lr_opposite_5/camera_images/1625004025.606125.jpg
Cat3,15mph,lr,opposite,5,1625004025.6394584,/media/batool/MULTIMODAL_DATA/Multimodal_Data/Cat3/static_in_front/bag_files/Cat3_15mph_lr_opposite_5/camera_images/1625004025.6394584.jpg
Cat3,15mph,lr,opposite,5,1625004025.6727917,/media/batool/MULTIMODAL_DATA/Multimodal_Data/Cat3/static_in_front/bag_files/Cat3_15mph_lr_opposite_5/camera_images/1625004025.6727917.jpg
Cat3,15mph,lr,opposite,5,1625004025.706125,/media/batool/MULTIMODAL_DATA/Multimodal_Data/Cat3/static_in_front/bag_files/Cat3_15mph_lr_opposite_5/camera_images/1625004025.706125.jpg
Cat3,15mph,lr,opposite,5,1625004025.7394583,/media/batool/MULTIMODAL_DATA/Multimodal_Data/Cat3/static_in_front/bag_files/Cat3_15mph_lr_opposite_5/camera_images/1625004025.7394583.jpg
Cat3,15mph,lr,opposite,5,1625004025.7727916,/media/batool/MULTIMODAL_DATA/Multimodal_Data/Cat3/static_in_front/bag_files/Cat3_15mph_lr_opposite_5/camera_images/1625004025.7727916.jpg
Cat3,15mph,lr,opposite,5,1625004025.806125,/media/batool/MULTIMODAL_DATA/Multimodal_Data/Cat3/static_in_front/bag_files/Cat3_15mph_lr_opposite_5/camera_images/1625004025.806125.jpg
Cat3,15mph,lr,opposite,5,1625004025.8394582,/media/batool/MULTIMODAL_DATA/Multimodal_Data/Cat3/static_in_front/bag_files/Cat3_15mph_lr_opposite_5/camera_images/1625004025.8394582.jpg
Cat3,15mph,lr,opposite,5,1625004025.8727915,/media/batool/MULTIMODAL_DATA/Multimodal_Data/Cat3/static_in_front/bag_files/Cat3_15mph_lr_opposite_5/camera_images/1625004025.8727915.jpg
Cat3,15mph,lr,opposite,5,1625004025.9061248,/media/batool/MULTIMODAL_DATA/Multimodal_Data/Cat3/static_in_front/bag_files/Cat3_15mph_lr_opposite_5/camera_images/1625004025.9061248.jpg
Cat3,15mph,lr,opposite,5,1625004025.9394581,/media/batool/MULTIMODAL_DATA/Multimodal_Data/Cat3/static_in_front/bag_files/Cat3_15mph_lr_opposite_5/camera_images/1625004025.9394581.jpg
Cat3,15mph,lr,opposite,5,1625004025.9727914,/media/batool/MULTIMODAL_DATA/Multimodal_Data/Cat3/static_in_front/bag_files/Cat3_15mph_lr_opposite_5/camera_images/1625004025.9727914.jpg
Cat3,15mph,lr,opposite,5,1625004026.039458,/media/batool/MULTIMODAL_DATA/Multimodal_Data/Cat3/static_in_front/bag_files/Cat3_15mph_lr_opposite_5/camera_images/1625004026.039458.jpg
Cat3,15mph,lr,opposite,5,1625004026.0727913,/media/batool/MULTIMODAL_DATA/Multimodal_Data/Cat3/static_in_front/bag_files/Cat3_15mph_lr_opposite_5/camera_images/1625004026.0727913.jpg
Cat3,15mph,lr,opposite,5,1625004026.1061246,/media/batool/MULTIMODAL_DATA/Multimodal_Data/Cat3/static_in_front/bag_files/Cat3_15mph_lr_opposite_5/camera_images/1625004026.1061246.jpg
Cat3,15mph,lr,opposite,5,1625004026.139458,/media/batool/MULTIMODAL_DATA/Multimodal_Data/Cat3/static_in_front/bag_files/Cat3_15mph_lr_opposite_5/camera_images/1625004026.139458.jpg
Cat3,15mph,lr,opposite,5,1625004026.1727912,/media/batool/MULTIMODAL_DATA/Multimodal_Data/Cat3/static_in_front/bag_files/Cat3_15mph_lr_opposite_5/camera_images/1625004026.1727912.jpg
Cat3,15mph,lr,opposite,5,1625004026.2061245,/media/batool/MULTIMODAL_DATA/Multimodal_Data/Cat3/static_in_front/bag_files/Cat3_15mph_lr_opposite_5/camera_images/1625004026.2061245.jpg
Cat3,15mph,lr,opposite,5,1625004026.2394578,/media/batool/MULTIMODAL_DATA/Multimodal_Data/Cat3/static_in_front/bag_files/Cat3_15mph_lr_opposite_5/camera_images/1625004026.2394578.jpg
Cat3,15mph,lr,opposite,5,1625004026.2727911,/media/batool/MULTIMODAL_DATA/Multimodal_Data/Cat3/static_in_front/bag_files/Cat3_15mph_lr_opposite_5/camera_images/1625004026.2727911.jpg
Cat3,15mph,lr,opposite,5,1625004026.3061244,/media/batool/MULTIMODAL_DATA/Multimodal_Data/Cat3/static_in_front/bag_files/Cat3_15mph_lr_opposite_5/camera_images/1625004026.3061244.jpg
Cat3,15mph,lr,opposite,5,1625004026.3394578,/media/batool/MULTIMODAL_DATA/Multimodal_Data/Cat3/static_in_front/bag_files/Cat3_15mph_lr_opposite_5/camera_images/1625004026.3394578.jpg
Cat3,15mph,lr,opposite,5,1625004026.372791,/media/batool/MULTIMODAL_DATA/Multimodal_Data/Cat3/static_in_front/bag_files/Cat3_15mph_lr_opposite_5/camera_images/1625004026.372791.jpg
Cat3,15mph,lr,opposite,5,1625004026.4061244,/media/batool/MULTIMODAL_DATA/Multimodal_Data/Cat3/static_in_front/bag_files/Cat3_15mph_lr_opposite_5/camera_images/1625004026.4061244.jpg
Cat3,15mph,lr,opposite,5,1625004026.4394577,/media/batool/MULTIMODAL_DATA/Multimodal_Data/Cat3/static_in_front/bag_files/Cat3_15mph_lr_opposite_5/camera_images/1625004026.4394577.jpg
Cat3,15mph,lr,opposite,5,1625004026.472791,/media/batool/MULTIMODAL_DATA/Multimodal_Data/Cat3/static_in_front/bag_files/Cat3_15mph_lr_opposite_5/camera_images/1625004026.472791.jpg
Cat3,15mph,lr,opposite,5,1625004026.5061243,/media/batool/MULTIMODAL_DATA/Multimodal_Data/Cat3/static_in_front/bag_files/Cat3_15mph_lr_opposite_5/camera_images/1625004026.5061243.jpg
Cat3,15mph,lr,opposite,5,1625004026.5727909,/media/batool/MULTIMODAL_DATA/Multimodal_Data/Cat3/static_in_front/bag_files/Cat3_15mph_lr_opposite_5/camera_images/1625004026.5727909.jpg
Cat3,15mph,lr,opposite,5,1625004026.6061242,/media/batool/MULTIMODAL_DATA/Multimodal_Data/Cat3/static_in_front/bag_files/Cat3_15mph_lr_opposite_5/camera_images/1625004026.6061242.jpg
Cat3,15mph,lr,opposite,5,1625004026.6394575,/media/batool/MULTIMODAL_DATA/Multimodal_Data/Cat3/static_in_front/bag_files/Cat3_15mph_lr_opposite_5/camera_images/1625004026.6394575.jpg
Cat3,15mph,lr,opposite,5,1625004026.6727908,/media/batool/MULTIMODAL_DATA/Multimodal_Data/Cat3/static_in_front/bag_files/Cat3_15mph_lr_opposite_5/camera_images/1625004026.6727908.jpg
Cat3,15mph,lr,opposite,5,1625004026.706124,/media/batool/MULTIMODAL_DATA/Multimodal_Data/Cat3/static_in_front/bag_files/Cat3_15mph_lr_opposite_5/camera_images/1625004026.706124.jpg
Cat3,15mph,lr,opposite,5,1625004026.7394574,/media/batool/MULTIMODAL_DATA/Multimodal_Data/Cat3/static_in_front/bag_files/Cat3_15mph_lr_opposite_5/camera_images/1625004026.7394574.jpg
Cat3,15mph,lr,opposite,5,1625004026.7727907,/media/batool/MULTIMODAL_DATA/Multimodal_Data/Cat3/static_in_front/bag_files/Cat3_15mph_lr_opposite_5/camera_images/1625004026.7727907.jpg
Cat3,15mph,lr,opposite,5,1625004026.806124,/media/batool/MULTIMODAL_DATA/Multimodal_Data/Cat3/static_in_front/bag_files/Cat3_15mph_lr_opposite_5/camera_images/1625004026.806124.jpg
Cat3,15mph,lr,opposite,5,1625004026.8394573,/media/batool/MULTIMODAL_DATA/Multimodal_Data/Cat3/static_in_front/bag_files/Cat3_15mph_lr_opposite_5/camera_images/1625004026.8394573.jpg
Cat3,15mph,lr,opposite,5,1625004026.8727906,/media/batool/MULTIMODAL_DATA/Multimodal_Data/Cat3/static_in_front/bag_files/Cat3_15mph_lr_opposite_5/camera_images/1625004026.8727906.jpg
Cat3,15mph,lr,opposite,5,1625004026.9061239,/media/batool/MULTIMODAL_DATA/Multimodal_Data/Cat3/static_in_front/bag_files/Cat3_15mph_lr_opposite_5/camera_images/1625004026.9061239.jpg
Cat3,15mph,lr,opposite,5,1625004026.9394572,/media/batool/MULTIMODAL_DATA/Multimodal_Data/Cat3/static_in_front/bag_files/Cat3_15mph_lr_opposite_5/camera_images/1625004026.9394572.jpg
Cat3,15mph,lr,opposite,5,1625004026.9727905,/media/batool/MULTIMODAL_DATA/Multimodal_Data/Cat3/static_in_front/bag_files/Cat3_15mph_lr_opposite_5/camera_images/1625004026.9727905.jpg
Cat3,15mph,lr,opposite,5,1625004027.0061238,/media/batool/MULTIMODAL_DATA/Multimodal_Data/Cat3/static_in_front/bag_files/Cat3_15mph_lr_opposite_5/camera_images/1625004027.0061238.jpg
Cat3,15mph,lr,opposite,5,1625004027.039457,/media/batool/MULTIMODAL_DATA/Multimodal_Data/Cat3/static_in_front/bag_files/Cat3_15mph_lr_opposite_5/camera_images/1625004027.039457.jpg
Cat3,15mph,lr,opposite,5,1625004027.1061237,/media/batool/MULTIMODAL_DATA/Multimodal_Data/Cat3/static_in_front/bag_files/Cat3_15mph_lr_opposite_5/camera_images/1625004027.1061237.jpg
Cat3,15mph,lr,opposite,5,1625004027.139457,/media/batool/MULTIMODAL_DATA/Multimodal_Data/Cat3/static_in_front/bag_files/Cat3_15mph_lr_opposite_5/camera_images/1625004027.139457.jpg
Cat3,15mph,lr,opposite,5,1625004027.1727903,/media/batool/MULTIMODAL_DATA/Multimodal_Data/Cat3/static_in_front/bag_files/Cat3_15mph_lr_opposite_5/camera_images/1625004027.1727903.jpg
Cat3,15mph,lr,opposite,5,1625004027.2061236,/media/batool/MULTIMODAL_DATA/Multimodal_Data/Cat3/static_in_front/bag_files/Cat3_15mph_lr_opposite_5/camera_images/1625004027.2061236.jpg
Cat3,15mph,lr,opposite,5,1625004027.239457,/media/batool/MULTIMODAL_DATA/Multimodal_Data/Cat3/static_in_front/bag_files/Cat3_15mph_lr_opposite_5/camera_images/1625004027.239457.jpg
Cat3,15mph,lr,opposite,5,1625004027.2727902,/media/batool/MULTIMODAL_DATA/Multimodal_Data/Cat3/static_in_front/bag_files/Cat3_15mph_lr_opposite_5/camera_images/1625004027.2727902.jpg
Cat3,15mph,lr,opposite,5,1625004027.3061235,/media/batool/MULTIMODAL_DATA/Multimodal_Data/Cat3/static_in_front/bag_files/Cat3_15mph_lr_opposite_5/camera_images/1625004027.3061235.jpg
Cat3,15mph,lr,opposite,5,1625004027.3394568,/media/batool/MULTIMODAL_DATA/Multimodal_Data/Cat3/static_in_front/bag_files/Cat3_15mph_lr_opposite_5/camera_images/1625004027.3394568.jpg
Cat3,15mph,lr,opposite,5,1625004027.37279,/media/batool/MULTIMODAL_DATA/Multimodal_Data/Cat3/static_in_front/bag_files/Cat3_15mph_lr_opposite_5/camera_images/1625004027.37279.jpg
Cat3,15mph,lr,opposite,5,1625004027.4061234,/media/batool/MULTIMODAL_DATA/Multimodal_Data/Cat3/static_in_front/bag_files/Cat3_15mph_lr_opposite_5/camera_images/1625004027.4061234.jpg
Cat3,15mph,lr,opposite,5,1625004027.4394567,/media/batool/MULTIMODAL_DATA/Multimodal_Data/Cat3/static_in_front/bag_files/Cat3_15mph_lr_opposite_5/camera_images/1625004027.4394567.jpg
Cat3,15mph,lr,opposite,5,1625004027.47279,/media/batool/MULTIMODAL_DATA/Multimodal_Data/Cat3/static_in_front/bag_files/Cat3_15mph_lr_opposite_5/camera_images/1625004027.47279.jpg
Cat3,15mph,lr,opposite,5,1625004027.5061233,/media/batool/MULTIMODAL_DATA/Multimodal_Data/Cat3/static_in_front/bag_files/Cat3_15mph_lr_opposite_5/camera_images/1625004027.5061233.jpg
Cat3,15mph,lr,opposite,5,1625004027.5394566,/media/batool/MULTIMODAL_DATA/Multimodal_Data/Cat3/static_in_front/bag_files/Cat3_15mph_lr_opposite_5/camera_images/1625004027.5394566.jpg
Cat3,15mph,lr,opposite,5,1625004027.57279,/media/batool/MULTIMODAL_DATA/Multimodal_Data/Cat3/static_in_front/bag_files/Cat3_15mph_lr_opposite_5/camera_images/1625004027.57279.jpg
Cat3,15mph,lr,opposite,5,1625004027.6394565,/media/batool/MULTIMODAL_DATA/Multimodal_Data/Cat3/static_in_front/bag_files/Cat3_15mph_lr_opposite_5/camera_images/1625004027.6394565.jpg
Cat3,15mph,lr,opposite,5,1625004027.6727898,/media/batool/MULTIMODAL_DATA/Multimodal_Data/Cat3/static_in_front/bag_files/Cat3_15mph_lr_opposite_5/camera_images/1625004027.6727898.jpg
Cat3,15mph,lr,opposite,5,1625004027.706123,/media/batool/MULTIMODAL_DATA/Multimodal_Data/Cat3/static_in_front/bag_files/Cat3_15mph_lr_opposite_5/camera_images/1625004027.706123.jpg
Cat3,15mph,lr,opposite,5,1625004027.7394564,/media/batool/MULTIMODAL_DATA/Multimodal_Data/Cat3/static_in_front/bag_files/Cat3_15mph_lr_opposite_5/camera_images/1625004027.7394564.jpg
Cat3,15mph,lr,opposite,5,1625004027.7727897,/media/batool/MULTIMODAL_DATA/Multimodal_Data/Cat3/static_in_front/bag_files/Cat3_15mph_lr_opposite_5/camera_images/1625004027.7727897.jpg
Cat3,15mph,lr,opposite,5,1625004027.806123,/media/batool/MULTIMODAL_DATA/Multimodal_Data/Cat3/static_in_front/bag_files/Cat3_15mph_lr_opposite_5/camera_images/1625004027.806123.jpg
Cat3,15mph,lr,opposite,5,1625004027.8394563,/media/batool/MULTIMODAL_DATA/Multimodal_Data/Cat3/static_in_front/bag_files/Cat3_15mph_lr_opposite_5/camera_images/1625004027.8394563.jpg
Cat3,15mph,lr,opposite,5,1625004027.8727896,/media/batool/MULTIMODAL_DATA/Multimodal_Data/Cat3/static_in_front/bag_files/Cat3_15mph_lr_opposite_5/camera_images/1625004027.8727896.jpg
Cat3,15mph,lr,opposite,5,1625004027.906123,/media/batool/MULTIMODAL_DATA/Multimodal_Data/Cat3/static_in_front/bag_files/Cat3_15mph_lr_opposite_5/camera_images/1625004027.906123.jpg
Cat3,15mph,lr,opposite,5,1625004027.9394562,/media/batool/MULTIMODAL_DATA/Multimodal_Data/Cat3/static_in_front/bag_files/Cat3_15mph_lr_opposite_5/camera_images/1625004027.9394562.jpg
Cat3,15mph,lr,opposite,5,1625004027.9727895,/media/batool/MULTIMODAL_DATA/Multimodal_Data/Cat3/static_in_front/bag_files/Cat3_15mph_lr_opposite_5/camera_images/1625004027.9727895.jpg
Cat3,15mph,lr,opposite,5,1625004028.0061228,/media/batool/MULTIMODAL_DATA/Multimodal_Data/Cat3/static_in_front/bag_files/Cat3_15mph_lr_opposite_5/camera_images/1625004028.0061228.jpg
Cat3,15mph,lr,opposite,5,1625004028.0394561,/media/batool/MULTIMODAL_DATA/Multimodal_Data/Cat3/static_in_front/bag_files/Cat3_15mph_lr_opposite_5/camera_images/1625004028.0394561.jpg
Cat3,15mph,lr,opposite,5,1625004028.0727894,/media/batool/MULTIMODAL_DATA/Multimodal_Data/Cat3/static_in_front/bag_files/Cat3_15mph_lr_opposite_5/camera_images/1625004028.0727894.jpg
Cat3,15mph,lr,opposite,5,1625004028.1061227,/media/batool/MULTIMODAL_DATA/Multimodal_Data/Cat3/static_in_front/bag_files/Cat3_15mph_lr_opposite_5/camera_images/1625004028.1061227.jpg
Cat3,15mph,lr,opposite,5,1625004028.1727893,/media/batool/MULTIMODAL_DATA/Multimodal_Data/Cat3/static_in_front/bag_files/Cat3_15mph_lr_opposite_5/camera_images/1625004028.1727893.jpg
Cat3,15mph,lr,opposite,5,1625004028.2061226,/media/batool/MULTIMODAL_DATA/Multimodal_Data/Cat3/static_in_front/bag_files/Cat3_15mph_lr_opposite_5/camera_images/1625004028.2061226.jpg
Cat3,15mph,lr,opposite,5,1625004028.239456,/media/batool/MULTIMODAL_DATA/Multimodal_Data/Cat3/static_in_front/bag_files/Cat3_15mph_lr_opposite_5/camera_images/1625004028.239456.jpg
Cat3,15mph,lr,opposite,5,1625004028.2727892,/media/batool/MULTIMODAL_DATA/Multimodal_Data/Cat3/static_in_front/bag_files/Cat3_15mph_lr_opposite_5/camera_images/1625004028.2727892.jpg
Cat3,15mph,lr,opposite,5,1625004028.3061225,/media/batool/MULTIMODAL_DATA/Multimodal_Data/Cat3/static_in_front/bag_files/Cat3_15mph_lr_opposite_5/camera_images/1625004028.3061225.jpg
Cat3,15mph,lr,opposite,5,1625004028.3394558,/media/batool/MULTIMODAL_DATA/Multimodal_Data/Cat3/static_in_front/bag_files/Cat3_15mph_lr_opposite_5/camera_images/1625004028.3394558.jpg
Cat3,15mph,lr,opposite,5,1625004028.3727891,/media/batool/MULTIMODAL_DATA/Multimodal_Data/Cat3/static_in_front/bag_files/Cat3_15mph_lr_opposite_5/camera_images/1625004028.3727891.jpg
Cat3,15mph,lr,opposite,5,1625004028.4061224,/media/batool/MULTIMODAL_DATA/Multimodal_Data/Cat3/static_in_front/bag_files/Cat3_15mph_lr_opposite_5/camera_images/1625004028.4061224.jpg
Cat3,15mph,lr,opposite,5,1625004028.4394557,/media/batool/MULTIMODAL_DATA/Multimodal_Data/Cat3/static_in_front/bag_files/Cat3_15mph_lr_opposite_5/camera_images/1625004028.4394557.jpg
Cat3,15mph,lr,opposite,5,1625004028.472789,/media/batool/MULTIMODAL_DATA/Multimodal_Data/Cat3/static_in_front/bag_files/Cat3_15mph_lr_opposite_5/camera_images/1625004028.472789.jpg
Cat3,15mph,lr,opposite,5,1625004028.5061224,/media/batool/MULTIMODAL_DATA/Multimodal_Data/Cat3/static_in_front/bag_files/Cat3_15mph_lr_opposite_5/camera_images/1625004028.5061224.jpg
Cat3,15mph,lr,opposite,5,1625004028.5394557,/media/batool/MULTIMODAL_DATA/Multimodal_Data/Cat3/static_in_front/bag_files/Cat3_15mph_lr_opposite_5/camera_images/1625004028.5394557.jpg
Cat3,15mph,lr,opposite,5,1625004028.572789,/media/batool/MULTIMODAL_DATA/Multimodal_Data/Cat3/static_in_front/bag_files/Cat3_15mph_lr_opposite_5/camera_images/1625004028.572789.jpg
Cat3,15mph,lr,opposite,5,1625004028.6061223,/media/batool/MULTIMODAL_DATA/Multimodal_Data/Cat3/static_in_front/bag_files/Cat3_15mph_lr_opposite_5/camera_images/1625004028.6061223.jpg
Cat3,15mph,lr,opposite,5,1625004028.6394556,/media/batool/MULTIMODAL_DATA/Multimodal_Data/Cat3/static_in_front/bag_files/Cat3_15mph_lr_opposite_5/camera_images/1625004028.6394556.jpg
Cat3,15mph,lr,opposite,5,1625004028.7061222,/media/batool/MULTIMODAL_DATA/Multimodal_Data/Cat3/static_in_front/bag_files/Cat3_15mph_lr_opposite_5/camera_images/1625004028.7061222.jpg
Cat3,15mph,lr,opposite,5,1625004028.7394555,/media/batool/MULTIMODAL_DATA/Multimodal_Data/Cat3/static_in_front/bag_files/Cat3_15mph_lr_opposite_5/camera_images/1625004028.7394555.jpg
Cat3,15mph,lr,opposite,5,1625004028.7727888,/media/batool/MULTIMODAL_DATA/Multimodal_Data/Cat3/static_in_front/bag_files/Cat3_15mph_lr_opposite_5/camera_images/1625004028.7727888.jpg
Cat3,15mph,lr,opposite,5,1625004028.806122,/media/batool/MULTIMODAL_DATA/Multimodal_Data/Cat3/static_in_front/bag_files/Cat3_15mph_lr_opposite_5/camera_images/1625004028.806122.jpg
Cat3,15mph,lr,opposite,5,1625004028.8394554,/media/batool/MULTIMODAL_DATA/Multimodal_Data/Cat3/static_in_front/bag_files/Cat3_15mph_lr_opposite_5/camera_images/1625004028.8394554.jpg
Cat3,15mph,lr,opposite,5,1625004028.8727887,/media/batool/MULTIMODAL_DATA/Multimodal_Data/Cat3/static_in_front/bag_files/Cat3_15mph_lr_opposite_5/camera_images/1625004028.8727887.jpg
Cat3,15mph,lr,opposite,5,1625004028.906122,/media/batool/MULTIMODAL_DATA/Multimodal_Data/Cat3/static_in_front/bag_files/Cat3_15mph_lr_opposite_5/camera_images/1625004028.906122.jpg
Cat3,15mph,lr,opposite,5,1625004028.9394553,/media/batool/MULTIMODAL_DATA/Multimodal_Data/Cat3/static_in_front/bag_files/Cat3_15mph_lr_opposite_5/camera_images/1625004028.9394553.jpg
Cat3,15mph,lr,opposite,5,1625004028.9727886,/media/batool/MULTIMODAL_DATA/Multimodal_Data/Cat3/static_in_front/bag_files/Cat3_15mph_lr_opposite_5/camera_images/1625004028.9727886.jpg
Cat3,15mph,lr,opposite,5,1625004029.0061219,/media/batool/MULTIMODAL_DATA/Multimodal_Data/Cat3/static_in_front/bag_files/Cat3_15mph_lr_opposite_5/camera_images/1625004029.0061219.jpg
Cat3,15mph,lr,opposite,5,1625004029.0394552,/media/batool/MULTIMODAL_DATA/Multimodal_Data/Cat3/static_in_front/bag_files/Cat3_15mph_lr_opposite_5/camera_images/1625004029.0394552.jpg
Cat3,15mph,lr,opposite,5,1625004029.0727885,/media/batool/MULTIMODAL_DATA/Multimodal_Data/Cat3/static_in_front/bag_files/Cat3_15mph_lr_opposite_5/camera_images/1625004029.0727885.jpg
Cat3,15mph,lr,opposite,5,1625004029.1061218,/media/batool/MULTIMODAL_DATA/Multimodal_Data/Cat3/static_in_front/bag_files/Cat3_15mph_lr_opposite_5/camera_images/1625004029.1061218.jpg
Cat3,15mph,lr,opposite,5,1625004029.139455,/media/batool/MULTIMODAL_DATA/Multimodal_Data/Cat3/static_in_front/bag_files/Cat3_15mph_lr_opposite_5/camera_images/1625004029.139455.jpg
Cat3,15mph,lr,opposite,5,1625004029.1727884,/media/batool/MULTIMODAL_DATA/Multimodal_Data/Cat3/static_in_front/bag_files/Cat3_15mph_lr_opposite_5/camera_images/1625004029.1727884.jpg
Cat3,15mph,lr,opposite,5,1625004029.239455,/media/batool/MULTIMODAL_DATA/Multimodal_Data/Cat3/static_in_front/bag_files/Cat3_15mph_lr_opposite_5/camera_images/1625004029.239455.jpg
Cat3,15mph,lr,opposite,5,1625004029.2727883,/media/batool/MULTIMODAL_DATA/Multimodal_Data/Cat3/static_in_front/bag_files/Cat3_15mph_lr_opposite_5/camera_images/1625004029.2727883.jpg
Cat3,15mph,lr,opposite,5,1625004029.3061216,/media/batool/MULTIMODAL_DATA/Multimodal_Data/Cat3/static_in_front/bag_files/Cat3_15mph_lr_opposite_5/camera_images/1625004029.3061216.jpg
Cat3,15mph,lr,opposite,5,1625004029.339455,/media/batool/MULTIMODAL_DATA/Multimodal_Data/Cat3/static_in_front/bag_files/Cat3_15mph_lr_opposite_5/camera_images/1625004029.339455.jpg
Cat3,15mph,lr,opposite,5,1625004029.3727882,/media/batool/MULTIMODAL_DATA/Multimodal_Data/Cat3/static_in_front/bag_files/Cat3_15mph_lr_opposite_5/camera_images/1625004029.3727882.jpg
Cat3,15mph,lr,opposite,5,1625004029.4061215,/media/batool/MULTIMODAL_DATA/Multimodal_Data/Cat3/static_in_front/bag_files/Cat3_15mph_lr_opposite_5/camera_images/1625004029.4061215.jpg
Cat3,15mph,lr,opposite,5,1625004029.4394548,/media/batool/MULTIMODAL_DATA/Multimodal_Data/Cat3/static_in_front/bag_files/Cat3_15mph_lr_opposite_5/camera_images/1625004029.4394548.jpg
Cat3,15mph,lr,opposite,5,1625004029.472788,/media/batool/MULTIMODAL_DATA/Multimodal_Data/Cat3/static_in_front/bag_files/Cat3_15mph_lr_opposite_5/camera_images/1625004029.472788.jpg
Cat3,15mph,lr,opposite,5,1625004029.5061214,/media/batool/MULTIMODAL_DATA/Multimodal_Data/Cat3/static_in_front/bag_files/Cat3_15mph_lr_opposite_5/camera_images/1625004029.5061214.jpg
Cat3,15mph,lr,opposite,5,1625004029.5394547,/media/batool/MULTIMODAL_DATA/Multimodal_Data/Cat3/static_in_front/bag_files/Cat3_15mph_lr_opposite_5/camera_images/1625004029.5394547.jpg
Cat3,15mph,lr,opposite,5,1625004029.572788,/media/batool/MULTIMODAL_DATA/Multimodal_Data/Cat3/static_in_front/bag_files/Cat3_15mph_lr_opposite_5/camera_images/1625004029.572788.jpg
Cat3,15mph,lr,opposite,5,1625004029.6061213,/media/batool/MULTIMODAL_DATA/Multimodal_Data/Cat3/static_in_front/bag_files/Cat3_15mph_lr_opposite_5/camera_images/1625004029.6061213.jpg
Cat3,15mph,lr,opposite,5,1625004029.6394546,/media/batool/MULTIMODAL_DATA/Multimodal_Data/Cat3/static_in_front/bag_files/Cat3_15mph_lr_opposite_5/camera_images/1625004029.6394546.jpg
Cat3,15mph,lr,opposite,5,1625004029.672788,/media/batool/MULTIMODAL_DATA/Multimodal_Data/Cat3/static_in_front/bag_files/Cat3_15mph_lr_opposite_5/camera_images/1625004029.672788.jpg
Cat3,15mph,lr,opposite,5,1625004029.7061212,/media/batool/MULTIMODAL_DATA/Multimodal_Data/Cat3/static_in_front/bag_files/Cat3_15mph_lr_opposite_5/camera_images/1625004029.7061212.jpg
Cat3,15mph,lr,opposite,5,1625004029.7727878,/media/batool/MULTIMODAL_DATA/Multimodal_Data/Cat3/static_in_front/bag_files/Cat3_15mph_lr_opposite_5/camera_images/1625004029.7727878.jpg
Cat3,15mph,lr,opposite,5,1625004029.806121,/media/batool/MULTIMODAL_DATA/Multimodal_Data/Cat3/static_in_front/bag_files/Cat3_15mph_lr_opposite_5/camera_images/1625004029.806121.jpg
Cat3,15mph,lr,opposite,5,1625004029.8394544,/media/batool/MULTIMODAL_DATA/Multimodal_Data/Cat3/static_in_front/bag_files/Cat3_15mph_lr_opposite_5/camera_images/1625004029.8394544.jpg
Cat3,15mph,lr,opposite,5,1625004029.8727877,/media/batool/MULTIMODAL_DATA/Multimodal_Data/Cat3/static_in_front/bag_files/Cat3_15mph_lr_opposite_5/camera_images/1625004029.8727877.jpg
Cat3,15mph,lr,opposite,5,1625004029.906121,/media/batool/MULTIMODAL_DATA/Multimodal_Data/Cat3/static_in_front/bag_files/Cat3_15mph_lr_opposite_5/camera_images/1625004029.906121.jpg
Cat3,15mph,lr,opposite,5,1625004029.9394543,/media/batool/MULTIMODAL_DATA/Multimodal_Data/Cat3/static_in_front/bag_files/Cat3_15mph_lr_opposite_5/camera_images/1625004029.9394543.jpg
Cat3,15mph,lr,opposite,5,1625004029.9727876,/media/batool/MULTIMODAL_DATA/Multimodal_Data/Cat3/static_in_front/bag_files/Cat3_15mph_lr_opposite_5/camera_images/1625004029.9727876.jpg
Cat3,15mph,lr,opposite,5,1625004030.006121,/media/batool/MULTIMODAL_DATA/Multimodal_Data/Cat3/static_in_front/bag_files/Cat3_15mph_lr_opposite_5/camera_images/1625004030.006121.jpg
Cat3,15mph,lr,opposite,5,1625004030.0394542,/media/batool/MULTIMODAL_DATA/Multimodal_Data/Cat3/static_in_front/bag_files/Cat3_15mph_lr_opposite_5/camera_images/1625004030.0394542.jpg
Cat3,15mph,lr,opposite,5,1625004030.0727875,/media/batool/MULTIMODAL_DATA/Multimodal_Data/Cat3/static_in_front/bag_files/Cat3_15mph_lr_opposite_5/camera_images/1625004030.0727875.jpg
Cat3,15mph,lr,opposite,5,1625004030.1061208,/media/batool/MULTIMODAL_DATA/Multimodal_Data/Cat3/static_in_front/bag_files/Cat3_15mph_lr_opposite_5/camera_images/1625004030.1061208.jpg
Cat3,15mph,lr,opposite,5,1625004030.1394541,/media/batool/MULTIMODAL_DATA/Multimodal_Data/Cat3/static_in_front/bag_files/Cat3_15mph_lr_opposite_5/camera_images/1625004030.1394541.jpg
Cat3,15mph,lr,opposite,5,1625004030.1727874,/media/batool/MULTIMODAL_DATA/Multimodal_Data/Cat3/static_in_front/bag_files/Cat3_15mph_lr_opposite_5/camera_images/1625004030.1727874.jpg
Cat3,15mph,lr,opposite,5,1625004030.2061207,/media/batool/MULTIMODAL_DATA/Multimodal_Data/Cat3/static_in_front/bag_files/Cat3_15mph_lr_opposite_5/camera_images/1625004030.2061207.jpg
Cat3,15mph,lr,opposite,5,1625004030.239454,/media/batool/MULTIMODAL_DATA/Multimodal_Data/Cat3/static_in_front/bag_files/Cat3_15mph_lr_opposite_5/camera_images/1625004030.239454.jpg
Cat3,15mph,lr,opposite,5,1625004030.3061206,/media/batool/MULTIMODAL_DATA/Multimodal_Data/Cat3/static_in_front/bag_files/Cat3_15mph_lr_opposite_5/camera_images/1625004030.3061206.jpg
Cat3,15mph,lr,opposite,5,1625004030.339454,/media/batool/MULTIMODAL_DATA/Multimodal_Data/Cat3/static_in_front/bag_files/Cat3_15mph_lr_opposite_5/camera_images/1625004030.339454.jpg
Cat3,15mph,lr,opposite,5,1625004030.3727872,/media/batool/MULTIMODAL_DATA/Multimodal_Data/Cat3/static_in_front/bag_files/Cat3_15mph_lr_opposite_5/camera_images/1625004030.3727872.jpg
Cat3,15mph,lr,opposite,5,1625004030.4061205,/media/batool/MULTIMODAL_DATA/Multimodal_Data/Cat3/static_in_front/bag_files/Cat3_15mph_lr_opposite_5/camera_images/1625004030.4061205.jpg
Cat3,15mph,lr,opposite,5,1625004030.4394538,/media/batool/MULTIMODAL_DATA/Multimodal_Data/Cat3/static_in_front/bag_files/Cat3_15mph_lr_opposite_5/camera_images/1625004030.4394538.jpg
Cat3,15mph,lr,opposite,5,1625004030.4727871,/media/batool/MULTIMODAL_DATA/Multimodal_Data/Cat3/static_in_front/bag_files/Cat3_15mph_lr_opposite_5/camera_images/1625004030.4727871.jpg
Cat3,15mph,lr,opposite,5,1625004030.5061204,/media/batool/MULTIMODAL_DATA/Multimodal_Data/Cat3/static_in_front/bag_files/Cat3_15mph_lr_opposite_5/camera_images/1625004030.5061204.jpg
Cat3,15mph,lr,opposite,5,1625004030.5394537,/media/batool/MULTIMODAL_DATA/Multimodal_Data/Cat3/static_in_front/bag_files/Cat3_15mph_lr_opposite_5/camera_images/1625004030.5394537.jpg
Cat3,15mph,lr,opposite,5,1625004030.572787,/media/batool/MULTIMODAL_DATA/Multimodal_Data/Cat3/static_in_front/bag_files/Cat3_15mph_lr_opposite_5/camera_images/1625004030.572787.jpg
Cat3,15mph,lr,opposite,5,1625004030.6061203,/media/batool/MULTIMODAL_DATA/Multimodal_Data/Cat3/static_in_front/bag_files/Cat3_15mph_lr_opposite_5/camera_images/1625004030.6061203.jpg
Cat3,15mph,lr,opposite,5,1625004030.6394536,/media/batool/MULTIMODAL_DATA/Multimodal_Data/Cat3/static_in_front/bag_files/Cat3_15mph_lr_opposite_5/camera_images/1625004030.6394536.jpg
Cat3,15mph,lr,opposite,5,1625004030.672787,/media/batool/MULTIMODAL_DATA/Multimodal_Data/Cat3/static_in_front/bag_files/Cat3_15mph_lr_opposite_5/camera_images/1625004030.672787.jpg
Cat3,15mph,lr,opposite,5,1625004030.7061203,/media/batool/MULTIMODAL_DATA/Multimodal_Data/Cat3/static_in_front/bag_files/Cat3_15mph_lr_opposite_5/camera_images/1625004030.7061203.jpg
Cat3,15mph,lr,opposite,5,1625004030.7394536,/media/batool/MULTIMODAL_DATA/Multimodal_Data/Cat3/static_in_front/bag_files/Cat3_15mph_lr_opposite_5/camera_images/1625004030.7394536.jpg
Cat3,15mph,lr,opposite,5,1625004030.7727869,/media/batool/MULTIMODAL_DATA/Multimodal_Data/Cat3/static_in_front/bag_files/Cat3_15mph_lr_opposite_5/camera_images/1625004030.7727869.jpg
Cat3,15mph,lr,opposite,5,1625004030.8394535,/media/batool/MULTIMODAL_DATA/Multimodal_Data/Cat3/static_in_front/bag_files/Cat3_15mph_lr_opposite_5/camera_images/1625004030.8394535.jpg
Cat3,15mph,lr,opposite,5,1625004030.8727868,/media/batool/MULTIMODAL_DATA/Multimodal_Data/Cat3/static_in_front/bag_files/Cat3_15mph_lr_opposite_5/camera_images/1625004030.8727868.jpg
Cat3,15mph,lr,opposite,5,1625004030.90612,/media/batool/MULTIMODAL_DATA/Multimodal_Data/Cat3/static_in_front/bag_files/Cat3_15mph_lr_opposite_5/camera_images/1625004030.90612.jpg
Cat3,15mph,lr,opposite,5,1625004030.9394534,/media/batool/MULTIMODAL_DATA/Multimodal_Data/Cat3/static_in_front/bag_files/Cat3_15mph_lr_opposite_5/camera_images/1625004030.9394534.jpg
Cat3,15mph,lr,opposite,5,1625004030.9727867,/media/batool/MULTIMODAL_DATA/Multimodal_Data/Cat3/static_in_front/bag_files/Cat3_15mph_lr_opposite_5/camera_images/1625004030.9727867.jpg
Cat3,15mph,lr,opposite,5,1625004031.00612,/media/batool/MULTIMODAL_DATA/Multimodal_Data/Cat3/static_in_front/bag_files/Cat3_15mph_lr_opposite_5/camera_images/1625004031.00612.jpg
Cat3,15mph,lr,opposite,5,1625004031.0394533,/media/batool/MULTIMODAL_DATA/Multimodal_Data/Cat3/static_in_front/bag_files/Cat3_15mph_lr_opposite_5/camera_images/1625004031.0394533.jpg
Cat3,15mph,lr,opposite,5,1625004031.0727866,/media/batool/MULTIMODAL_DATA/Multimodal_Data/Cat3/static_in_front/bag_files/Cat3_15mph_lr_opposite_5/camera_images/1625004031.0727866.jpg
Cat3,15mph,lr,opposite,5,1625004031.1061199,/media/batool/MULTIMODAL_DATA/Multimodal_Data/Cat3/static_in_front/bag_files/Cat3_15mph_lr_opposite_5/camera_images/1625004031.1061199.jpg
Cat3,15mph,lr,opposite,5,1625004031.1394532,/media/batool/MULTIMODAL_DATA/Multimodal_Data/Cat3/static_in_front/bag_files/Cat3_15mph_lr_opposite_5/camera_images/1625004031.1394532.jpg
Cat3,15mph,lr,opposite,5,1625004031.1727865,/media/batool/MULTIMODAL_DATA/Multimodal_Data/Cat3/static_in_front/bag_files/Cat3_15mph_lr_opposite_5/camera_images/1625004031.1727865.jpg
Cat3,15mph,lr,opposite,5,1625004031.2061198,/media/batool/MULTIMODAL_DATA/Multimodal_Data/Cat3/static_in_front/bag_files/Cat3_15mph_lr_opposite_5/camera_images/1625004031.2061198.jpg
Cat3,15mph,lr,opposite,5,1625004031.239453,/media/batool/MULTIMODAL_DATA/Multimodal_Data/Cat3/static_in_front/bag_files/Cat3_15mph_lr_opposite_5/camera_images/1625004031.239453.jpg
Cat3,15mph,lr,opposite,5,1625004031.2727864,/media/batool/MULTIMODAL_DATA/Multimodal_Data/Cat3/static_in_front/bag_files/Cat3_15mph_lr_opposite_5/camera_images/1625004031.2727864.jpg
Cat3,15mph,lr,opposite,5,1625004031.3061197,/media/batool/MULTIMODAL_DATA/Multimodal_Data/Cat3/static_in_front/bag_files/Cat3_15mph_lr_opposite_5/camera_images/1625004031.3061197.jpg
Cat3,15mph,lr,opposite,5,1625004031.3727863,/media/batool/MULTIMODAL_DATA/Multimodal_Data/Cat3/static_in_front/bag_files/Cat3_15mph_lr_opposite_5/camera_images/1625004031.3727863.jpg
Cat3,15mph,lr,opposite,5,1625004031.4061196,/media/batool/MULTIMODAL_DATA/Multimodal_Data/Cat3/static_in_front/bag_files/Cat3_15mph_lr_opposite_5/camera_images/1625004031.4061196.jpg
Cat3,15mph,lr,opposite,5,1625004031.439453,/media/batool/MULTIMODAL_DATA/Multimodal_Data/Cat3/static_in_front/bag_files/Cat3_15mph_lr_opposite_5/camera_images/1625004031.439453.jpg
Cat3,15mph,lr,opposite,5,1625004031.4727862,/media/batool/MULTIMODAL_DATA/Multimodal_Data/Cat3/static_in_front/bag_files/Cat3_15mph_lr_opposite_5/camera_images/1625004031.4727862.jpg
Cat3,15mph,lr,opposite,5,1625004031.5061195,/media/batool/MULTIMODAL_DATA/Multimodal_Data/Cat3/static_in_front/bag_files/Cat3_15mph_lr_opposite_5/camera_images/1625004031.5061195.jpg
Cat3,15mph,lr,opposite,5,1625004031.5394528,/media/batool/MULTIMODAL_DATA/Multimodal_Data/Cat3/static_in_front/bag_files/Cat3_15mph_lr_opposite_5/camera_images/1625004031.5394528.jpg
Cat3,15mph,lr,opposite,5,1625004031.572786,/media/batool/MULTIMODAL_DATA/Multimodal_Data/Cat3/static_in_front/bag_files/Cat3_15mph_lr_opposite_5/camera_images/1625004031.572786.jpg
Cat3,15mph,lr,opposite,5,1625004031.6061194,/media/batool/MULTIMODAL_DATA/Multimodal_Data/Cat3/static_in_front/bag_files/Cat3_15mph_lr_opposite_5/camera_images/1625004031.6061194.jpg
Cat3,15mph,lr,opposite,5,1625004031.6394527,/media/batool/MULTIMODAL_DATA/Multimodal_Data/Cat3/static_in_front/bag_files/Cat3_15mph_lr_opposite_5/camera_images/1625004031.6394527.jpg
Cat3,15mph,lr,opposite,5,1625004031.672786,/media/batool/MULTIMODAL_DATA/Multimodal_Data/Cat3/static_in_front/bag_files/Cat3_15mph_lr_opposite_5/camera_images/1625004031.672786.jpg
Cat3,15mph,lr,opposite,5,1625004031.7061193,/media/batool/MULTIMODAL_DATA/Multimodal_Data/Cat3/static_in_front/bag_files/Cat3_15mph_lr_opposite_5/camera_images/1625004031.7061193.jpg
Cat3,15mph,lr,opposite,5,1625004031.7394526,/media/batool/MULTIMODAL_DATA/Multimodal_Data/Cat3/static_in_front/bag_files/Cat3_15mph_lr_opposite_5/camera_images/1625004031.7394526.jpg
Cat3,15mph,lr,opposite,5,1625004031.772786,/media/batool/MULTIMODAL_DATA/Multimodal_Data/Cat3/static_in_front/bag_files/Cat3_15mph_lr_opposite_5/camera_images/1625004031.772786.jpg
Cat3,15mph,lr,opposite,5,1625004031.8061192,/media/batool/MULTIMODAL_DATA/Multimodal_Data/Cat3/static_in_front/bag_files/Cat3_15mph_lr_opposite_5/camera_images/1625004031.8061192.jpg
Cat3,15mph,lr,opposite,5,1625004031.8394525,/media/batool/MULTIMODAL_DATA/Multimodal_Data/Cat3/static_in_front/bag_files/Cat3_15mph_lr_opposite_5/camera_images/1625004031.8394525.jpg
Cat3,15mph,lr,opposite,5,1625004031.906119,/media/batool/MULTIMODAL_DATA/Multimodal_Data/Cat3/static_in_front/bag_files/Cat3_15mph_lr_opposite_5/camera_images/1625004031.906119.jpg
Cat3,15mph,lr,opposite,5,1625004031.9394524,/media/batool/MULTIMODAL_DATA/Multimodal_Data/Cat3/static_in_front/bag_files/Cat3_15mph_lr_opposite_5/camera_images/1625004031.9394524.jpg
Cat3,15mph,lr,opposite,5,1625004031.9727857,/media/batool/MULTIMODAL_DATA/Multimodal_Data/Cat3/static_in_front/bag_files/Cat3_15mph_lr_opposite_5/camera_images/1625004031.9727857.jpg
Cat3,15mph,lr,opposite,5,1625004032.006119,/media/batool/MULTIMODAL_DATA/Multimodal_Data/Cat3/static_in_front/bag_files/Cat3_15mph_lr_opposite_5/camera_images/1625004032.006119.jpg
Cat3,15mph,lr,opposite,5,1625004032.0394523,/media/batool/MULTIMODAL_DATA/Multimodal_Data/Cat3/static_in_front/bag_files/Cat3_15mph_lr_opposite_5/camera_images/1625004032.0394523.jpg
Cat3,15mph,lr,opposite,5,1625004032.0727856,/media/batool/MULTIMODAL_DATA/Multimodal_Data/Cat3/static_in_front/bag_files/Cat3_15mph_lr_opposite_5/camera_images/1625004032.0727856.jpg
Cat3,15mph,lr,opposite,5,1625004032.106119,/media/batool/MULTIMODAL_DATA/Multimodal_Data/Cat3/static_in_front/bag_files/Cat3_15mph_lr_opposite_5/camera_images/1625004032.106119.jpg
Cat3,15mph,lr,opposite,5,1625004032.1394522,/media/batool/MULTIMODAL_DATA/Multimodal_Data/Cat3/static_in_front/bag_files/Cat3_15mph_lr_opposite_5/camera_images/1625004032.1394522.jpg
Cat3,15mph,lr,opposite,5,1625004032.1727855,/media/batool/MULTIMODAL_DATA/Multimodal_Data/Cat3/static_in_front/bag_files/Cat3_15mph_lr_opposite_5/camera_images/1625004032.1727855.jpg
Cat3,15mph,lr,opposite,5,1625004032.2061188,/media/batool/MULTIMODAL_DATA/Multimodal_Data/Cat3/static_in_front/bag_files/Cat3_15mph_lr_opposite_5/camera_images/1625004032.2061188.jpg
Cat3,15mph,lr,opposite,5,1625004032.2394521,/media/batool/MULTIMODAL_DATA/Multimodal_Data/Cat3/static_in_front/bag_files/Cat3_15mph_lr_opposite_5/camera_images/1625004032.2394521.jpg
Cat3,15mph,lr,opposite,5,1625004032.2727854,/media/batool/MULTIMODAL_DATA/Multimodal_Data/Cat3/static_in_front/bag_files/Cat3_15mph_lr_opposite_5/camera_images/1625004032.2727854.jpg
Cat3,15mph,lr,opposite,5,1625004032.3061187,/media/batool/MULTIMODAL_DATA/Multimodal_Data/Cat3/static_in_front/bag_files/Cat3_15mph_lr_opposite_5/camera_images/1625004032.3061187.jpg
Cat3,15mph,lr,opposite,5,1625004032.339452,/media/batool/MULTIMODAL_DATA/Multimodal_Data/Cat3/static_in_front/bag_files/Cat3_15mph_lr_opposite_5/camera_images/1625004032.339452.jpg
Cat3,15mph,lr,opposite,5,1625004032.3727853,/media/batool/MULTIMODAL_DATA/Multimodal_Data/Cat3/static_in_front/bag_files/Cat3_15mph_lr_opposite_5/camera_images/1625004032.3727853.jpg
Cat3,15mph,lr,opposite,5,1625004032.439452,/media/batool/MULTIMODAL_DATA/Multimodal_Data/Cat3/static_in_front/bag_files/Cat3_15mph_lr_opposite_5/camera_images/1625004032.439452.jpg
Cat3,15mph,lr,opposite,5,1625004032.4727852,/media/batool/MULTIMODAL_DATA/Multimodal_Data/Cat3/static_in_front/bag_files/Cat3_15mph_lr_opposite_5/camera_images/1625004032.4727852.jpg
Cat3,15mph,lr,opposite,5,1625004032.5061185,/media/batool/MULTIMODAL_DATA/Multimodal_Data/Cat3/static_in_front/bag_files/Cat3_15mph_lr_opposite_5/camera_images/1625004032.5061185.jpg
Cat3,15mph,lr,opposite,5,1625004032.5394518,/media/batool/MULTIMODAL_DATA/Multimodal_Data/Cat3/static_in_front/bag_files/Cat3_15mph_lr_opposite_5/camera_images/1625004032.5394518.jpg
Cat3,15mph,lr,opposite,5,1625004032.5727851,/media/batool/MULTIMODAL_DATA/Multimodal_Data/Cat3/static_in_front/bag_files/Cat3_15mph_lr_opposite_5/camera_images/1625004032.5727851.jpg
Cat3,15mph,lr,opposite,5,1625004032.6061184,/media/batool/MULTIMODAL_DATA/Multimodal_Data/Cat3/static_in_front/bag_files/Cat3_15mph_lr_opposite_5/camera_images/1625004032.6061184.jpg
Cat3,15mph,lr,opposite,5,1625004032.6394517,/media/batool/MULTIMODAL_DATA/Multimodal_Data/Cat3/static_in_front/bag_files/Cat3_15mph_lr_opposite_5/camera_images/1625004032.6394517.jpg
Cat3,15mph,lr,opposite,5,1625004032.672785,/media/batool/MULTIMODAL_DATA/Multimodal_Data/Cat3/static_in_front/bag_files/Cat3_15mph_lr_opposite_5/camera_images/1625004032.672785.jpg
Cat3,15mph,lr,opposite,5,1625004032.7061183,/media/batool/MULTIMODAL_DATA/Multimodal_Data/Cat3/static_in_front/bag_files/Cat3_15mph_lr_opposite_5/camera_images/1625004032.7061183.jpg
Cat3,15mph,lr,opposite,5,1625004032.7394516,/media/batool/MULTIMODAL_DATA/Multimodal_Data/Cat3/static_in_front/bag_files/Cat3_15mph_lr_opposite_5/camera_images/1625004032.7394516.jpg
Cat3,15mph,lr,opposite,5,1625004032.772785,/media/batool/MULTIMODAL_DATA/Multimodal_Data/Cat3/static_in_front/bag_files/Cat3_15mph_lr_opposite_5/camera_images/1625004032.772785.jpg
Cat3,15mph,lr,opposite,5,1625004032.8061182,/media/batool/MULTIMODAL_DATA/Multimodal_Data/Cat3/static_in_front/bag_files/Cat3_15mph_lr_opposite_5/camera_images/1625004032.8061182.jpg
Cat3,15mph,lr,opposite,5,1625004032.8394516,/media/batool/MULTIMODAL_DATA/Multimodal_Data/Cat3/static_in_front/bag_files/Cat3_15mph_lr_opposite_5/camera_images/1625004032.8394516.jpg
Cat3,15mph,lr,opposite,5,1625004032.8727849,/media/batool/MULTIMODAL_DATA/Multimodal_Data/Cat3/static_in_front/bag_files/Cat3_15mph_lr_opposite_5/camera_images/1625004032.8727849.jpg
Cat3,15mph,lr,opposite,5,1625004032.9061182,/media/batool/MULTIMODAL_DATA/Multimodal_Data/Cat3/static_in_front/bag_files/Cat3_15mph_lr_opposite_5/camera_images/1625004032.9061182.jpg
Cat3,15mph,lr,opposite,5,1625004032.9727848,/media/batool/MULTIMODAL_DATA/Multimodal_Data/Cat3/static_in_front/bag_files/Cat3_15mph_lr_opposite_5/camera_images/1625004032.9727848.jpg
Cat3,15mph,lr,opposite,5,1625004033.006118,/media/batool/MULTIMODAL_DATA/Multimodal_Data/Cat3/static_in_front/bag_files/Cat3_15mph_lr_opposite_5/camera_images/1625004033.006118.jpg
Cat3,15mph,lr,opposite,5,1625004033.0394514,/media/batool/MULTIMODAL_DATA/Multimodal_Data/Cat3/static_in_front/bag_files/Cat3_15mph_lr_opposite_5/camera_images/1625004033.0394514.jpg
Cat3,15mph,lr,opposite,5,1625004033.0727847,/media/batool/MULTIMODAL_DATA/Multimodal_Data/Cat3/static_in_front/bag_files/Cat3_15mph_lr_opposite_5/camera_images/1625004033.0727847.jpg
Cat3,15mph,lr,opposite,5,1625004033.106118,/media/batool/MULTIMODAL_DATA/Multimodal_Data/Cat3/static_in_front/bag_files/Cat3_15mph_lr_opposite_5/camera_images/1625004033.106118.jpg
Cat3,15mph,lr,opposite,5,1625004033.1394513,/media/batool/MULTIMODAL_DATA/Multimodal_Data/Cat3/static_in_front/bag_files/Cat3_15mph_lr_opposite_5/camera_images/1625004033.1394513.jpg
Cat3,15mph,lr,opposite,5,1625004033.1727846,/media/batool/MULTIMODAL_DATA/Multimodal_Data/Cat3/static_in_front/bag_files/Cat3_15mph_lr_opposite_5/camera_images/1625004033.1727846.jpg
Cat3,15mph,lr,opposite,5,1625004033.2061179,/media/batool/MULTIMODAL_DATA/Multimodal_Data/Cat3/static_in_front/bag_files/Cat3_15mph_lr_opposite_5/camera_images/1625004033.2061179.jpg
Cat3,15mph,lr,opposite,5,1625004033.2394512,/media/batool/MULTIMODAL_DATA/Multimodal_Data/Cat3/static_in_front/bag_files/Cat3_15mph_lr_opposite_5/camera_images/1625004033.2394512.jpg
Cat3,15mph,lr,opposite,5,1625004033.2727845,/media/batool/MULTIMODAL_DATA/Multimodal_Data/Cat3/static_in_front/bag_files/Cat3_15mph_lr_opposite_5/camera_images/1625004033.2727845.jpg
Cat3,15mph,lr,opposite,5,1625004033.3061178,/media/batool/MULTIMODAL_DATA/Multimodal_Data/Cat3/static_in_front/bag_files/Cat3_15mph_lr_opposite_5/camera_images/1625004033.3061178.jpg
Cat3,15mph,lr,opposite,5,1625004033.339451,/media/batool/MULTIMODAL_DATA/Multimodal_Data/Cat3/static_in_front/bag_files/Cat3_15mph_lr_opposite_5/camera_images/1625004033.339451.jpg
Cat3,15mph,lr,opposite,5,1625004033.3727844,/media/batool/MULTIMODAL_DATA/Multimodal_Data/Cat3/static_in_front/bag_files/Cat3_15mph_lr_opposite_5/camera_images/1625004033.3727844.jpg
Cat3,15mph,lr,opposite,5,1625004033.4061177,/media/batool/MULTIMODAL_DATA/Multimodal_Data/Cat3/static_in_front/bag_files/Cat3_15mph_lr_opposite_5/camera_images/1625004033.4061177.jpg
Cat3,15mph,lr,opposite,5,1625004033.439451,/media/batool/MULTIMODAL_DATA/Multimodal_Data/Cat3/static_in_front/bag_files/Cat3_15mph_lr_opposite_5/camera_images/1625004033.439451.jpg
Cat3,15mph,lr,opposite,5,1625004033.5061176,/media/batool/MULTIMODAL_DATA/Multimodal_Data/Cat3/static_in_front/bag_files/Cat3_15mph_lr_opposite_5/camera_images/1625004033.5061176.jpg
Cat3,15mph,lr,opposite,5,1625004033.539451,/media/batool/MULTIMODAL_DATA/Multimodal_Data/Cat3/static_in_front/bag_files/Cat3_15mph_lr_opposite_5/camera_images/1625004033.539451.jpg
Cat3,15mph,lr,opposite,5,1625004033.5727842,/media/batool/MULTIMODAL_DATA/Multimodal_Data/Cat3/static_in_front/bag_files/Cat3_15mph_lr_opposite_5/camera_images/1625004033.5727842.jpg
Cat3,15mph,lr,opposite,5,1625004033.6061175,/media/batool/MULTIMODAL_DATA/Multimodal_Data/Cat3/static_in_front/bag_files/Cat3_15mph_lr_opposite_5/camera_images/1625004033.6061175.jpg
Cat3,15mph,lr,opposite,5,1625004033.6394508,/media/batool/MULTIMODAL_DATA/Multimodal_Data/Cat3/static_in_front/bag_files/Cat3_15mph_lr_opposite_5/camera_images/1625004033.6394508.jpg
Cat3,15mph,lr,opposite,5,1625004033.672784,/media/batool/MULTIMODAL_DATA/Multimodal_Data/Cat3/static_in_front/bag_files/Cat3_15mph_lr_opposite_5/camera_images/1625004033.672784.jpg
Cat3,15mph,lr,opposite,5,1625004033.7061174,/media/batool/MULTIMODAL_DATA/Multimodal_Data/Cat3/static_in_front/bag_files/Cat3_15mph_lr_opposite_5/camera_images/1625004033.7061174.jpg
Cat3,15mph,lr,opposite,5,1625004033.7394507,/media/batool/MULTIMODAL_DATA/Multimodal_Data/Cat3/static_in_front/bag_files/Cat3_15mph_lr_opposite_5/camera_images/1625004033.7394507.jpg
Cat3,15mph,lr,opposite,5,1625004033.772784,/media/batool/MULTIMODAL_DATA/Multimodal_Data/Cat3/static_in_front/bag_files/Cat3_15mph_lr_opposite_5/camera_images/1625004033.772784.jpg
Cat3,15mph,lr,opposite,5,1625004033.8061173,/media/batool/MULTIMODAL_DATA/Multimodal_Data/Cat3/static_in_front/bag_files/Cat3_15mph_lr_opposite_5/camera_images/1625004033.8061173.jpg
Cat3,15mph,lr,opposite,5,1625004033.8394506,/media/batool/MULTIMODAL_DATA/Multimodal_Data/Cat3/static_in_front/bag_files/Cat3_15mph_lr_opposite_5/camera_images/1625004033.8394506.jpg
Cat3,15mph,lr,opposite,5,1625004033.872784,/media/batool/MULTIMODAL_DATA/Multimodal_Data/Cat3/static_in_front/bag_files/Cat3_15mph_lr_opposite_5/camera_images/1625004033.872784.jpg
Cat3,15mph,lr,opposite,5,1625004033.9061172,/media/batool/MULTIMODAL_DATA/Multimodal_Data/Cat3/static_in_front/bag_files/Cat3_15mph_lr_opposite_5/camera_images/1625004033.9061172.jpg
Cat3,15mph,lr,opposite,5,1625004033.9394505,/media/batool/MULTIMODAL_DATA/Multimodal_Data/Cat3/static_in_front/bag_files/Cat3_15mph_lr_opposite_5/camera_images/1625004033.9394505.jpg
Cat3,15mph,lr,opposite,5,1625004033.9727838,/media/batool/MULTIMODAL_DATA/Multimodal_Data/Cat3/static_in_front/bag_files/Cat3_15mph_lr_opposite_5/camera_images/1625004033.9727838.jpg
Cat3,15mph,lr,opposite,5,1625004034.0394504,/media/batool/MULTIMODAL_DATA/Multimodal_Data/Cat3/static_in_front/bag_files/Cat3_15mph_lr_opposite_5/camera_images/1625004034.0394504.jpg
Cat3,15mph,lr,opposite,5,1625004034.0727837,/media/batool/MULTIMODAL_DATA/Multimodal_Data/Cat3/static_in_front/bag_files/Cat3_15mph_lr_opposite_5/camera_images/1625004034.0727837.jpg
Cat3,15mph,lr,opposite,5,1625004034.106117,/media/batool/MULTIMODAL_DATA/Multimodal_Data/Cat3/static_in_front/bag_files/Cat3_15mph_lr_opposite_5/camera_images/1625004034.106117.jpg
Cat3,15mph,lr,opposite,5,1625004034.1394503,/media/batool/MULTIMODAL_DATA/Multimodal_Data/Cat3/static_in_front/bag_files/Cat3_15mph_lr_opposite_5/camera_images/1625004034.1394503.jpg
Cat3,15mph,lr,opposite,5,1625004034.1727836,/media/batool/MULTIMODAL_DATA/Multimodal_Data/Cat3/static_in_front/bag_files/Cat3_15mph_lr_opposite_5/camera_images/1625004034.1727836.jpg
Cat3,15mph,lr,opposite,5,1625004034.206117,/media/batool/MULTIMODAL_DATA/Multimodal_Data/Cat3/static_in_front/bag_files/Cat3_15mph_lr_opposite_5/camera_images/1625004034.206117.jpg
Cat3,15mph,lr,opposite,5,1625004034.2394502,/media/batool/MULTIMODAL_DATA/Multimodal_Data/Cat3/static_in_front/bag_files/Cat3_15mph_lr_opposite_5/camera_images/1625004034.2394502.jpg
Cat3,15mph,lr,opposite,5,1625004034.2727835,/media/batool/MULTIMODAL_DATA/Multimodal_Data/Cat3/static_in_front/bag_files/Cat3_15mph_lr_opposite_5/camera_images/1625004034.2727835.jpg
Cat3,15mph,lr,opposite,5,1625004034.3061168,/media/batool/MULTIMODAL_DATA/Multimodal_Data/Cat3/static_in_front/bag_files/Cat3_15mph_lr_opposite_5/camera_images/1625004034.3061168.jpg
Cat3,15mph,lr,opposite,5,1625004034.3394501,/media/batool/MULTIMODAL_DATA/Multimodal_Data/Cat3/static_in_front/bag_files/Cat3_15mph_lr_opposite_5/camera_images/1625004034.3394501.jpg
Cat3,15mph,lr,opposite,5,1625004034.3727834,/media/batool/MULTIMODAL_DATA/Multimodal_Data/Cat3/static_in_front/bag_files/Cat3_15mph_lr_opposite_5/camera_images/1625004034.3727834.jpg
Cat3,15mph,lr,opposite,5,1625004034.4061167,/media/batool/MULTIMODAL_DATA/Multimodal_Data/Cat3/static_in_front/bag_files/Cat3_15mph_lr_opposite_5/camera_images/1625004034.4061167.jpg
Cat3,15mph,lr,opposite,5,1625004034.43945,/media/batool/MULTIMODAL_DATA/Multimodal_Data/Cat3/static_in_front/bag_files/Cat3_15mph_lr_opposite_5/camera_images/1625004034.43945.jpg
Cat3,15mph,lr,opposite,5,1625004034.4727833,/media/batool/MULTIMODAL_DATA/Multimodal_Data/Cat3/static_in_front/bag_files/Cat3_15mph_lr_opposite_5/camera_images/1625004034.4727833.jpg
Cat3,15mph,lr,opposite,5,1625004034.5061166,/media/batool/MULTIMODAL_DATA/Multimodal_Data/Cat3/static_in_front/bag_files/Cat3_15mph_lr_opposite_5/camera_images/1625004034.5061166.jpg
Cat3,15mph,lr,opposite,5,1625004034.5727832,/media/batool/MULTIMODAL_DATA/Multimodal_Data/Cat3/static_in_front/bag_files/Cat3_15mph_lr_opposite_5/camera_images/1625004034.5727832.jpg
Cat3,15mph,lr,opposite,5,1625004034.6061165,/media/batool/MULTIMODAL_DATA/Multimodal_Data/Cat3/static_in_front/bag_files/Cat3_15mph_lr_opposite_5/camera_images/1625004034.6061165.jpg
Cat3,15mph,lr,opposite,5,1625004034.6394498,/media/batool/MULTIMODAL_DATA/Multimodal_Data/Cat3/static_in_front/bag_files/Cat3_15mph_lr_opposite_5/camera_images/1625004034.6394498.jpg
Cat3,15mph,lr,opposite,5,1625004034.6727831,/media/batool/MULTIMODAL_DATA/Multimodal_Data/Cat3/static_in_front/bag_files/Cat3_15mph_lr_opposite_5/camera_images/1625004034.6727831.jpg
Cat3,15mph,lr,opposite,5,1625004034.7061164,/media/batool/MULTIMODAL_DATA/Multimodal_Data/Cat3/static_in_front/bag_files/Cat3_15mph_lr_opposite_5/camera_images/1625004034.7061164.jpg
Cat3,15mph,lr,opposite,5,1625004034.7394497,/media/batool/MULTIMODAL_DATA/Multimodal_Data/Cat3/static_in_front/bag_files/Cat3_15mph_lr_opposite_5/camera_images/1625004034.7394497.jpg
Cat3,15mph,lr,opposite,5,1625004034.772783,/media/batool/MULTIMODAL_DATA/Multimodal_Data/Cat3/static_in_front/bag_files/Cat3_15mph_lr_opposite_5/camera_images/1625004034.772783.jpg
Cat3,15mph,lr,opposite,5,1625004034.8061163,/media/batool/MULTIMODAL_DATA/Multimodal_Data/Cat3/static_in_front/bag_files/Cat3_15mph_lr_opposite_5/camera_images/1625004034.8061163.jpg
Cat3,15mph,lr,opposite,5,1625004034.8394496,/media/batool/MULTIMODAL_DATA/Multimodal_Data/Cat3/static_in_front/bag_files/Cat3_15mph_lr_opposite_5/camera_images/1625004034.8394496.jpg
Cat3,15mph,lr,opposite,5,1625004034.872783,/media/batool/MULTIMODAL_DATA/Multimodal_Data/Cat3/static_in_front/bag_files/Cat3_15mph_lr_opposite_5/camera_images/1625004034.872783.jpg
Cat3,15mph,lr,opposite,5,1625004034.9061162,/media/batool/MULTIMODAL_DATA/Multimodal_Data/Cat3/static_in_front/bag_files/Cat3_15mph_lr_opposite_5/camera_images/1625004034.9061162.jpg
Cat3,15mph,lr,opposite,5,1625004034.9394495,/media/batool/MULTIMODAL_DATA/Multimodal_Data/Cat3/static_in_front/bag_files/Cat3_15mph_lr_opposite_5/camera_images/1625004034.9394495.jpg
Cat3,15mph,lr,opposite,5,1625004034.9727829,/media/batool/MULTIMODAL_DATA/Multimodal_Data/Cat3/static_in_front/bag_files/Cat3_15mph_lr_opposite_5/camera_images/1625004034.9727829.jpg
Cat3,15mph,lr,opposite,5,1625004035.0061162,/media/batool/MULTIMODAL_DATA/Multimodal_Data/Cat3/static_in_front/bag_files/Cat3_15mph_lr_opposite_5/camera_images/1625004035.0061162.jpg
Cat3,15mph,lr,opposite,5,1625004035.0394495,/media/batool/MULTIMODAL_DATA/Multimodal_Data/Cat3/static_in_front/bag_files/Cat3_15mph_lr_opposite_5/camera_images/1625004035.0394495.jpg
Cat3,15mph,lr,opposite,5,1625004035.106116,/media/batool/MULTIMODAL_DATA/Multimodal_Data/Cat3/static_in_front/bag_files/Cat3_15mph_lr_opposite_5/camera_images/1625004035.106116.jpg
Cat3,15mph,lr,opposite,5,1625004035.1394494,/media/batool/MULTIMODAL_DATA/Multimodal_Data/Cat3/static_in_front/bag_files/Cat3_15mph_lr_opposite_5/camera_images/1625004035.1394494.jpg
Cat3,15mph,lr,opposite,5,1625004035.1727827,/media/batool/MULTIMODAL_DATA/Multimodal_Data/Cat3/static_in_front/bag_files/Cat3_15mph_lr_opposite_5/camera_images/1625004035.1727827.jpg
Cat3,15mph,lr,opposite,5,1625004035.206116,/media/batool/MULTIMODAL_DATA/Multimodal_Data/Cat3/static_in_front/bag_files/Cat3_15mph_lr_opposite_5/camera_images/1625004035.206116.jpg
Cat3,15mph,lr,opposite,5,1625004035.2394493,/media/batool/MULTIMODAL_DATA/Multimodal_Data/Cat3/static_in_front/bag_files/Cat3_15mph_lr_opposite_5/camera_images/1625004035.2394493.jpg
Cat3,15mph,lr,opposite,5,1625004035.2727826,/media/batool/MULTIMODAL_DATA/Multimodal_Data/Cat3/static_in_front/bag_files/Cat3_15mph_lr_opposite_5/camera_images/1625004035.2727826.jpg
Cat3,15mph,lr,opposite,5,1625004035.3061159,/media/batool/MULTIMODAL_DATA/Multimodal_Data/Cat3/static_in_front/bag_files/Cat3_15mph_lr_opposite_5/camera_images/1625004035.3061159.jpg
Cat3,15mph,lr,opposite,5,1625004035.3394492,/media/batool/MULTIMODAL_DATA/Multimodal_Data/Cat3/static_in_front/bag_files/Cat3_15mph_lr_opposite_5/camera_images/1625004035.3394492.jpg
Cat3,15mph,lr,opposite,5,1625004035.3727825,/media/batool/MULTIMODAL_DATA/Multimodal_Data/Cat3/static_in_front/bag_files/Cat3_15mph_lr_opposite_5/camera_images/1625004035.3727825.jpg
Cat3,15mph,lr,opposite,5,1625004035.4061158,/media/batool/MULTIMODAL_DATA/Multimodal_Data/Cat3/static_in_front/bag_files/Cat3_15mph_lr_opposite_5/camera_images/1625004035.4061158.jpg
Cat3,15mph,lr,opposite,5,1625004035.439449,/media/batool/MULTIMODAL_DATA/Multimodal_Data/Cat3/static_in_front/bag_files/Cat3_15mph_lr_opposite_5/camera_images/1625004035.439449.jpg
Cat3,15mph,lr,opposite,5,1625004035.4727824,/media/batool/MULTIMODAL_DATA/Multimodal_Data/Cat3/static_in_front/bag_files/Cat3_15mph_lr_opposite_5/camera_images/1625004035.4727824.jpg
Cat3,15mph,lr,opposite,5,1625004035.5061157,/media/batool/MULTIMODAL_DATA/Multimodal_Data/Cat3/static_in_front/bag_files/Cat3_15mph_lr_opposite_5/camera_images/1625004035.5061157.jpg
Cat3,15mph,lr,opposite,5,1625004035.539449,/media/batool/MULTIMODAL_DATA/Multimodal_Data/Cat3/static_in_front/bag_files/Cat3_15mph_lr_opposite_5/camera_images/1625004035.539449.jpg
Cat3,15mph,lr,opposite,5,1625004035.5727823,/media/batool/MULTIMODAL_DATA/Multimodal_Data/Cat3/static_in_front/bag_files/Cat3_15mph_lr_opposite_5/camera_images/1625004035.5727823.jpg
Cat3,15mph,lr,opposite,5,1625004035.639449,/media/batool/MULTIMODAL_DATA/Multimodal_Data/Cat3/static_in_front/bag_files/Cat3_15mph_lr_opposite_5/camera_images/1625004035.639449.jpg
Cat3,15mph,lr,opposite,5,1625004035.6727822,/media/batool/MULTIMODAL_DATA/Multimodal_Data/Cat3/static_in_front/bag_files/Cat3_15mph_lr_opposite_5/camera_images/1625004035.6727822.jpg
Cat3,15mph,lr,opposite,5,1625004035.7061155,/media/batool/MULTIMODAL_DATA/Multimodal_Data/Cat3/static_in_front/bag_files/Cat3_15mph_lr_opposite_5/camera_images/1625004035.7061155.jpg
Cat3,15mph,lr,opposite,5,1625004035.7394488,/media/batool/MULTIMODAL_DATA/Multimodal_Data/Cat3/static_in_front/bag_files/Cat3_15mph_lr_opposite_5/camera_images/1625004035.7394488.jpg
Cat3,15mph,lr,opposite,5,1625004035.772782,/media/batool/MULTIMODAL_DATA/Multimodal_Data/Cat3/static_in_front/bag_files/Cat3_15mph_lr_opposite_5/camera_images/1625004035.772782.jpg
Cat3,15mph,lr,opposite,5,1625004035.8061154,/media/batool/MULTIMODAL_DATA/Multimodal_Data/Cat3/static_in_front/bag_files/Cat3_15mph_lr_opposite_5/camera_images/1625004035.8061154.jpg
Cat3,15mph,lr,opposite,5,1625004035.8394487,/media/batool/MULTIMODAL_DATA/Multimodal_Data/Cat3/static_in_front/bag_files/Cat3_15mph_lr_opposite_5/camera_images/1625004035.8394487.jpg
Cat3,15mph,lr,opposite,5,1625004035.872782,/media/batool/MULTIMODAL_DATA/Multimodal_Data/Cat3/static_in_front/bag_files/Cat3_15mph_lr_opposite_5/camera_images/1625004035.872782.jpg
Cat3,15mph,lr,opposite,5,1625004035.9061153,/media/batool/MULTIMODAL_DATA/Multimodal_Data/Cat3/static_in_front/bag_files/Cat3_15mph_lr_opposite_5/camera_images/1625004035.9061153.jpg
Cat3,15mph,lr,opposite,5,1625004035.9394486,/media/batool/MULTIMODAL_DATA/Multimodal_Data/Cat3/static_in_front/bag_files/Cat3_15mph_lr_opposite_5/camera_images/1625004035.9394486.jpg
Cat3,15mph,lr,opposite,5,1625004035.972782,/media/batool/MULTIMODAL_DATA/Multimodal_Data/Cat3/static_in_front/bag_files/Cat3_15mph_lr_opposite_5/camera_images/1625004035.972782.jpg
Cat3,15mph,lr,opposite,5,1625004036.0061152,/media/batool/MULTIMODAL_DATA/Multimodal_Data/Cat3/static_in_front/bag_files/Cat3_15mph_lr_opposite_5/camera_images/1625004036.0061152.jpg
Cat3,15mph,lr,opposite,5,1625004036.0394485,/media/batool/MULTIMODAL_DATA/Multimodal_Data/Cat3/static_in_front/bag_files/Cat3_15mph_lr_opposite_5/camera_images/1625004036.0394485.jpg
Cat3,15mph,lr,opposite,5,1625004036.0727818,/media/batool/MULTIMODAL_DATA/Multimodal_Data/Cat3/static_in_front/bag_files/Cat3_15mph_lr_opposite_5/camera_images/1625004036.0727818.jpg
Cat3,15mph,lr,opposite,5,1625004036.106115,/media/batool/MULTIMODAL_DATA/Multimodal_Data/Cat3/static_in_front/bag_files/Cat3_15mph_lr_opposite_5/camera_images/1625004036.106115.jpg
Cat3,15mph,lr,opposite,5,1625004036.1394484,/media/batool/MULTIMODAL_DATA/Multimodal_Data/Cat3/static_in_front/bag_files/Cat3_15mph_lr_opposite_5/camera_images/1625004036.1394484.jpg
Cat3,15mph,lr,opposite,5,1625004036.1727817,/media/batool/MULTIMODAL_DATA/Multimodal_Data/Cat3/static_in_front/bag_files/Cat3_15mph_lr_opposite_5/camera_images/1625004036.1727817.jpg
Cat3,15mph,lr,opposite,5,1625004036.206115,/media/batool/MULTIMODAL_DATA/Multimodal_Data/Cat3/static_in_front/bag_files/Cat3_15mph_lr_opposite_5/camera_images/1625004036.206115.jpg
Cat3,15mph,lr,opposite,5,1625004036.2394483,/media/batool/MULTIMODAL_DATA/Multimodal_Data/Cat3/static_in_front/bag_files/Cat3_15mph_lr_opposite_5/camera_images/1625004036.2394483.jpg
Cat3,15mph,lr,opposite,5,1625004036.2727816,/media/batool/MULTIMODAL_DATA/Multimodal_Data/Cat3/static_in_front/bag_files/Cat3_15mph_lr_opposite_5/camera_images/1625004036.2727816.jpg
Cat3,15mph,lr,opposite,5,1625004036.306115,/media/batool/MULTIMODAL_DATA/Multimodal_Data/Cat3/static_in_front/bag_files/Cat3_15mph_lr_opposite_5/camera_images/1625004036.306115.jpg
