Phi,Theta,Gain
0.000000000000000000e+00,-9.000000000000000000e+01,3.250000000000000000e+00
0.000000000000000000e+00,-8.820000000000000284e+01,2.507499999999998952e+00
0.000000000000000000e+00,-8.640000000000000568e+01,3.479999999999994209e+00
0.000000000000000000e+00,-8.459999999999999432e+01,5.015625000000007105e+00
0.000000000000000000e+00,-8.279999999999999716e+01,6.562500000000009770e+00
0.000000000000000000e+00,-8.100000000000000000e+01,8.168749999999999289e+00
0.000000000000000000e+00,-7.920000000000000284e+01,8.954999999999998295e+00
0.000000000000000000e+00,-7.740000000000000568e+01,8.302500000000007319e+00
0.000000000000000000e+00,-7.559999999999999432e+01,8.250000000000000000e+00
0.000000000000000000e+00,-7.379999999999999716e+01,8.250000000000000000e+00
0.000000000000000000e+00,-7.200000000000000000e+01,8.024999999999998579e+00
0.000000000000000000e+00,-7.020000000000000284e+01,6.887499999999996625e+00
0.000000000000000000e+00,-6.840000000000000568e+01,5.650000000000000355e+00
0.000000000000000000e+00,-6.659999999999999432e+01,-3.725000000000112665e-01
0.000000000000000000e+00,-6.479999999999999716e+01,8.999999999999965805e-01
0.000000000000000000e+00,-6.300000000000000000e+01,3.374999999999989786e+00
0.000000000000000000e+00,-6.120000000000000284e+01,6.689999999999984404e+00
0.000000000000000000e+00,-5.939999999999999858e+01,1.015500000000000469e+01
0.000000000000000000e+00,-5.760000000000000142e+01,1.156999999999999851e+01
0.000000000000000000e+00,-5.579999999999999716e+01,1.235749999999999993e+01
0.000000000000000000e+00,-5.400000000000000000e+01,1.309999999999999787e+01
0.000000000000000000e+00,-5.219999999999999574e+01,1.317099999999999937e+01
0.000000000000000000e+00,-5.039999999999999858e+01,1.307200000000000095e+01
0.000000000000000000e+00,-4.860000000000000142e+01,1.297300000000000075e+01
0.000000000000000000e+00,-4.679999999999999716e+01,1.287400000000000055e+01
0.000000000000000000e+00,-4.500000000000000000e+01,1.277499999999999858e+01
0.000000000000000000e+00,-4.319999999999999574e+01,1.232450000000000045e+01
0.000000000000000000e+00,-4.139999999999999858e+01,1.175525000000000198e+01
0.000000000000000000e+00,-3.960000000000000142e+01,1.118600000000000350e+01
0.000000000000000000e+00,-3.779999999999999716e+01,1.061674999999999969e+01
0.000000000000000000e+00,-3.600000000000000000e+01,1.004750000000000121e+01
0.000000000000000000e+00,-3.419999999999999574e+01,9.098749999999999005e+00
0.000000000000000000e+00,-3.239999999999999858e+01,8.919999999999999929e+00
0.000000000000000000e+00,-3.060000000000000142e+01,1.017250000000000121e+01
0.000000000000000000e+00,-2.879999999999999716e+01,1.025499999999999901e+01
0.000000000000000000e+00,-2.700000000000000000e+01,9.756249999999999645e+00
0.000000000000000000e+00,-2.520000000000000284e+01,9.865000000000000213e+00
0.000000000000000000e+00,-2.339999999999999147e+01,9.527499999999999858e+00
0.000000000000000000e+00,-2.159999999999999432e+01,9.250000000000000000e+00
0.000000000000000000e+00,-1.979999999999999716e+01,8.830624999999997726e+00
0.000000000000000000e+00,-1.800000000000000000e+01,8.150000000000000355e+00
0.000000000000000000e+00,-1.620000000000000284e+01,8.169999999999998153e+00
0.000000000000000000e+00,-1.439999999999999147e+01,8.955000000000001847e+00
0.000000000000000000e+00,-1.259999999999999432e+01,9.945000000000000284e+00
0.000000000000000000e+00,-1.079999999999999716e+01,1.072500000000000142e+01
0.000000000000000000e+00,-9.000000000000000000e+00,1.072499999999999964e+01
0.000000000000000000e+00,-7.200000000000002842e+00,1.077000000000000135e+01
0.000000000000000000e+00,-5.399999999999991473e+00,1.109937500000000199e+01
0.000000000000000000e+00,-3.599999999999994316e+00,1.128500000000000014e+01
0.000000000000000000e+00,-1.799999999999997158e+00,1.147062500000000007e+01
0.000000000000000000e+00,0.000000000000000000e+00,1.165625000000000000e+01
0.000000000000000000e+00,1.799999999999997158e+00,1.211749999999999616e+01
0.000000000000000000e+00,3.600000000000008527e+00,1.273999999999999666e+01
0.000000000000000000e+00,5.400000000000005684e+00,1.302937499999999993e+01
0.000000000000000000e+00,7.200000000000002842e+00,1.309124999999999872e+01
0.000000000000000000e+00,9.000000000000000000e+00,1.306874999999999787e+01
0.000000000000000000e+00,1.079999999999999716e+01,1.272500000000000142e+01
0.000000000000000000e+00,1.260000000000000853e+01,1.210625000000000462e+01
0.000000000000000000e+00,1.440000000000000568e+01,1.190749999999999709e+01
0.000000000000000000e+00,1.620000000000000284e+01,1.227874999999999872e+01
0.000000000000000000e+00,1.800000000000000000e+01,1.264999999999999858e+01
0.000000000000000000e+00,1.979999999999999716e+01,1.302124999999999844e+01
0.000000000000000000e+00,2.160000000000000853e+01,1.353499999999999659e+01
0.000000000000000000e+00,2.340000000000000568e+01,1.400000000000000000e+01
0.000000000000000000e+00,2.520000000000000284e+01,1.400000000000000000e+01
0.000000000000000000e+00,2.700000000000000000e+01,1.400000000000000000e+01
0.000000000000000000e+00,2.879999999999999716e+01,1.400000000000000178e+01
0.000000000000000000e+00,3.060000000000000853e+01,1.412375000000000114e+01
0.000000000000000000e+00,3.240000000000000568e+01,1.415500000000000469e+01
0.000000000000000000e+00,3.420000000000000284e+01,1.347437500000000199e+01
0.000000000000000000e+00,3.600000000000000000e+01,1.315000000000000036e+01
0.000000000000000000e+00,3.779999999999999716e+01,1.342749999999999844e+01
0.000000000000000000e+00,3.959999999999999432e+01,1.321499999999999808e+01
0.000000000000000000e+00,4.140000000000000568e+01,1.304906250000000156e+01
0.000000000000000000e+00,4.320000000000001705e+01,1.277062499999999901e+01
0.000000000000000000e+00,4.500000000000000000e+01,1.249218750000000000e+01
0.000000000000000000e+00,4.680000000000001137e+01,1.221374999999999744e+01
0.000000000000000000e+00,4.859999999999999432e+01,1.171249999999999325e+01
0.000000000000000000e+00,5.040000000000000568e+01,1.086000000000000298e+01
0.000000000000000000e+00,5.220000000000001705e+01,1.114499999999999602e+01
0.000000000000000000e+00,5.400000000000000000e+01,1.064999999999999680e+01
0.000000000000000000e+00,5.580000000000001137e+01,1.020250000000000057e+01
0.000000000000000000e+00,5.759999999999999432e+01,1.004499999999999815e+01
0.000000000000000000e+00,5.940000000000000568e+01,1.029249999999999865e+01
0.000000000000000000e+00,6.120000000000001705e+01,1.007999999999999474e+01
0.000000000000000000e+00,6.300000000000000000e+01,7.668749999999992184e+00
0.000000000000000000e+00,6.480000000000001137e+01,6.325000000000003730e+00
0.000000000000000000e+00,6.659999999999999432e+01,4.908750000000022595e+00
0.000000000000000000e+00,6.840000000000000568e+01,2.309999999999997833e+00
0.000000000000000000e+00,7.020000000000001705e+01,-9.625000000000064060e-02
0.000000000000000000e+00,7.200000000000000000e+01,-9.625000000000023537e-01
0.000000000000000000e+00,7.380000000000001137e+01,-1.783750000000001501e+00
0.000000000000000000e+00,7.559999999999999432e+01,-2.120000000000000995e+00
0.000000000000000000e+00,7.740000000000000568e+01,-2.058124999999999982e+00
0.000000000000000000e+00,7.920000000000001705e+01,-1.887500000000000400e+00
0.000000000000000000e+00,8.100000000000000000e+01,-5.937500000000799777e-02
0.000000000000000000e+00,8.280000000000001137e+01,1.239999999999993774e+00
0.000000000000000000e+00,8.459999999999999432e+01,2.462500000000005684e+00
0.000000000000000000e+00,8.640000000000000568e+01,1.257500000000004947e+00
0.000000000000000000e+00,8.820000000000001705e+01,1.628750000000002585e+00
0.000000000000000000e+00,9.000000000000000000e+01,2.000000000000000000e+00
3.599999999999999645e+00,-9.000000000000000000e+01,5.187499999999997335e+00
3.599999999999999645e+00,-8.820000000000000284e+01,7.105073154239920363e+00
3.599999999999999645e+00,-8.640000000000000568e+01,6.992836941929590822e+00
3.599999999999999645e+00,-8.459999999999999432e+01,7.547178340025923582e+00
3.599999999999999645e+00,-8.279999999999999716e+01,8.422918890993626562e+00
3.599999999999999645e+00,-8.100000000000000000e+01,9.894245176112034912e+00
3.599999999999999645e+00,-7.920000000000000284e+01,9.777399030488583165e+00
3.599999999999999645e+00,-7.740000000000000568e+01,9.967502869012371036e+00
3.599999999999999645e+00,-7.559999999999999432e+01,9.565482816277180333e+00
3.599999999999999645e+00,-7.379999999999999716e+01,9.481152310581121512e+00
3.599999999999999645e+00,-7.200000000000000000e+01,8.246976990347535619e+00
3.599999999999999645e+00,-7.020000000000000284e+01,6.438219885119532471e+00
3.599999999999999645e+00,-6.840000000000000568e+01,2.952920941460472903e+00
3.599999999999999645e+00,-6.659999999999999432e+01,-1.193171958096068908e+00
3.599999999999999645e+00,-6.479999999999999716e+01,-1.934849417836995045e+00
3.599999999999999645e+00,-6.300000000000000000e+01,3.337366298851417223e+00
3.599999999999999645e+00,-6.120000000000000284e+01,7.098193083573475448e+00
3.599999999999999645e+00,-5.939999999999999858e+01,9.482452424016278414e+00
3.599999999999999645e+00,-5.760000000000000142e+01,1.143359285399206549e+01
3.599999999999999645e+00,-5.579999999999999716e+01,1.336076271709655217e+01
3.599999999999999645e+00,-5.400000000000000000e+01,1.412761416774450396e+01
3.599999999999999645e+00,-5.219999999999999574e+01,1.393212541131760673e+01
3.599999999999999645e+00,-5.039999999999999858e+01,1.390755990492821326e+01
3.599999999999999645e+00,-4.860000000000000142e+01,1.403367785787344069e+01
3.599999999999999645e+00,-4.679999999999999716e+01,1.435937219389696473e+01
3.599999999999999645e+00,-4.500000000000000000e+01,1.342798725895317169e+01
3.599999999999999645e+00,-4.319999999999999574e+01,1.226008953168044791e+01
3.599999999999999645e+00,-4.139999999999999858e+01,1.047742792545661317e+01
3.599999999999999645e+00,-3.960000000000000142e+01,8.722190804888864335e+00
3.599999999999999645e+00,-3.779999999999999716e+01,8.358537669207517951e+00
3.599999999999999645e+00,-3.600000000000000000e+01,8.640438434580895333e+00
3.599999999999999645e+00,-3.419999999999999574e+01,9.429150560730761299e+00
3.599999999999999645e+00,-3.239999999999999858e+01,1.022091936765874820e+01
3.599999999999999645e+00,-3.060000000000000142e+01,1.098145058989957690e+01
3.599999999999999645e+00,-2.879999999999999716e+01,1.127874726969035279e+01
3.599999999999999645e+00,-2.700000000000000000e+01,1.141653087599827998e+01
3.599999999999999645e+00,-2.520000000000000284e+01,1.124318894009216763e+01
3.599999999999999645e+00,-2.339999999999999147e+01,1.111195073845578385e+01
3.599999999999999645e+00,-2.159999999999999432e+01,1.003038337230666244e+01
3.599999999999999645e+00,-1.979999999999999716e+01,9.215086283447785576e+00
3.599999999999999645e+00,-1.800000000000000000e+01,9.166088818682212036e+00
3.599999999999999645e+00,-1.620000000000000284e+01,9.546995019692303686e+00
3.599999999999999645e+00,-1.439999999999999147e+01,1.027564756317689820e+01
3.599999999999999645e+00,-1.259999999999999432e+01,1.046042856937027032e+01
3.599999999999999645e+00,-1.079999999999999716e+01,1.087242315290399119e+01
3.599999999999999645e+00,-9.000000000000000000e+00,1.157857613917530770e+01
3.599999999999999645e+00,-7.200000000000002842e+00,1.219486115938670601e+01
3.599999999999999645e+00,-5.399999999999991473e+00,1.216344572471428620e+01
3.599999999999999645e+00,-3.599999999999994316e+00,1.181903405142459995e+01
3.599999999999999645e+00,-1.799999999999997158e+00,1.213243875450334563e+01
3.599999999999999645e+00,0.000000000000000000e+00,1.267588552479285724e+01
3.599999999999999645e+00,1.799999999999997158e+00,1.318227285103997737e+01
3.599999999999999645e+00,3.600000000000008527e+00,1.384845165975838377e+01
3.599999999999999645e+00,5.400000000000005684e+00,1.410578234882612847e+01
3.599999999999999645e+00,7.200000000000002842e+00,1.392610616467654872e+01
3.599999999999999645e+00,9.000000000000000000e+00,1.370032129742962113e+01
3.599999999999999645e+00,1.079999999999999716e+01,1.331451818830242573e+01
3.599999999999999645e+00,1.260000000000000853e+01,1.297910958092924716e+01
3.599999999999999645e+00,1.440000000000000568e+01,1.278982423748321473e+01
3.599999999999999645e+00,1.620000000000000284e+01,1.299428595929392038e+01
3.599999999999999645e+00,1.800000000000000000e+01,1.355534068551309979e+01
3.599999999999999645e+00,1.979999999999999716e+01,1.412997504127339710e+01
3.599999999999999645e+00,2.160000000000000853e+01,1.456045672492755649e+01
3.599999999999999645e+00,2.340000000000000568e+01,1.485543809706697083e+01
3.599999999999999645e+00,2.520000000000000284e+01,1.533059532658931268e+01
3.599999999999999645e+00,2.700000000000000000e+01,1.552225876417682571e+01
3.599999999999999645e+00,2.879999999999999716e+01,1.499186264228215215e+01
3.599999999999999645e+00,3.060000000000000853e+01,1.466510759187893242e+01
3.599999999999999645e+00,3.240000000000000568e+01,1.440816267140180074e+01
3.599999999999999645e+00,3.420000000000000284e+01,1.390415429139911652e+01
3.599999999999999645e+00,3.600000000000000000e+01,1.373858809062453368e+01
3.599999999999999645e+00,3.779999999999999716e+01,1.395868808797395744e+01
3.599999999999999645e+00,3.959999999999999432e+01,1.416049686660696949e+01
3.599999999999999645e+00,4.140000000000000568e+01,1.333139420665440689e+01
3.599999999999999645e+00,4.320000000000001705e+01,1.304308145924494511e+01
3.599999999999999645e+00,4.500000000000000000e+01,1.243361577908149584e+01
3.599999999999999645e+00,4.680000000000001137e+01,1.205727868852459572e+01
3.599999999999999645e+00,4.859999999999999432e+01,1.130274884051860340e+01
3.599999999999999645e+00,5.040000000000000568e+01,1.084827429983525882e+01
3.599999999999999645e+00,5.220000000000001705e+01,1.112568126770010046e+01
3.599999999999999645e+00,5.400000000000000000e+01,1.068506095131862033e+01
3.599999999999999645e+00,5.580000000000001137e+01,1.022124197644071764e+01
3.599999999999999645e+00,5.759999999999999432e+01,8.981924036063688277e+00
3.599999999999999645e+00,5.940000000000000568e+01,8.722974145165935056e+00
3.599999999999999645e+00,6.120000000000001705e+01,7.651665100986379642e+00
3.599999999999999645e+00,6.300000000000000000e+01,6.074918337018640813e+00
3.599999999999999645e+00,6.480000000000001137e+01,4.211302724762956196e+00
3.599999999999999645e+00,6.659999999999999432e+01,2.054425904551626214e+00
3.599999999999999645e+00,6.840000000000000568e+01,2.337840565085757549e-01
3.599999999999999645e+00,7.020000000000001705e+01,-1.665597698165454332e+00
3.599999999999999645e+00,7.200000000000000000e+01,-1.142544806737209928e+00
3.599999999999999645e+00,7.380000000000001137e+01,-2.165110544700674211e+00
3.599999999999999645e+00,7.559999999999999432e+01,-1.224693485595643727e+00
3.599999999999999645e+00,7.740000000000000568e+01,-9.129398464624300935e-01
3.599999999999999645e+00,7.920000000000001705e+01,-5.182681859341996544e-01
3.599999999999999645e+00,8.100000000000000000e+01,1.262121939242428326e+00
3.599999999999999645e+00,8.280000000000001137e+01,3.026615827338126063e+00
3.599999999999999645e+00,8.459999999999999432e+01,3.733634186901995555e+00
3.599999999999999645e+00,8.640000000000000568e+01,3.287032490331796897e+00
3.599999999999999645e+00,8.820000000000001705e+01,5.103750000000003340e+00
3.599999999999999645e+00,9.000000000000000000e+01,2.999999999999998224e+00
7.199999999999999289e+00,-9.000000000000000000e+01,7.125000000000000000e+00
7.199999999999999289e+00,-8.820000000000000284e+01,7.390328339673056135e+00
7.199999999999999289e+00,-8.640000000000000568e+01,7.499406565656566492e+00
7.199999999999999289e+00,-8.459999999999999432e+01,7.579591761477311174e+00
7.199999999999999289e+00,-8.279999999999999716e+01,7.422437717617210495e+00
7.199999999999999289e+00,-8.100000000000000000e+01,6.795680366221269253e+00
7.199999999999999289e+00,-7.920000000000000284e+01,7.460696509372973573e+00
7.199999999999999289e+00,-7.740000000000000568e+01,7.644950976551020183e+00
7.199999999999999289e+00,-7.559999999999999432e+01,7.327516342453473719e+00
7.199999999999999289e+00,-7.379999999999999716e+01,6.704640122618171105e+00
7.199999999999999289e+00,-7.200000000000000000e+01,5.749145161006583571e+00
7.199999999999999289e+00,-7.020000000000000284e+01,3.503796851184723948e+00
7.199999999999999289e+00,-6.840000000000000568e+01,3.787707641196032538e-01
7.199999999999999289e+00,-6.659999999999999432e+01,-1.427738373628047119e+00
7.199999999999999289e+00,-6.479999999999999716e+01,1.659048573079443534e+00
7.199999999999999289e+00,-6.300000000000000000e+01,6.856946156959429217e+00
7.199999999999999289e+00,-6.120000000000000284e+01,9.160409221902011012e+00
7.199999999999999289e+00,-5.939999999999999858e+01,1.029087980169767924e+01
7.199999999999999289e+00,-5.760000000000000142e+01,1.130969894146949350e+01
7.199999999999999289e+00,-5.579999999999999716e+01,1.214502769965940132e+01
7.199999999999999289e+00,-5.400000000000000000e+01,1.286549037336453338e+01
7.199999999999999289e+00,-5.219999999999999574e+01,1.327924542726645107e+01
7.199999999999999289e+00,-5.039999999999999858e+01,1.345451509569952719e+01
7.199999999999999289e+00,-4.860000000000000142e+01,1.332594097876149064e+01
7.199999999999999289e+00,-4.679999999999999716e+01,1.281035965717784286e+01
7.199999999999999289e+00,-4.500000000000000000e+01,1.182014532137257490e+01
7.199999999999999289e+00,-4.319999999999999574e+01,1.024225111517273845e+01
7.199999999999999289e+00,-4.139999999999999858e+01,8.157713665614666709e+00
7.199999999999999289e+00,-3.960000000000000142e+01,7.237824886206720265e+00
7.199999999999999289e+00,-3.779999999999999716e+01,6.372531886866432238e+00
7.199999999999999289e+00,-3.600000000000000000e+01,7.616503001556364616e+00
7.199999999999999289e+00,-3.419999999999999574e+01,9.352361210510171219e+00
7.199999999999999289e+00,-3.239999999999999858e+01,1.063602454183266488e+01
7.199999999999999289e+00,-3.060000000000000142e+01,1.168185152960791839e+01
7.199999999999999289e+00,-2.879999999999999716e+01,1.184508896029157832e+01
7.199999999999999289e+00,-2.700000000000000000e+01,1.166792461915846246e+01
7.199999999999999289e+00,-2.520000000000000284e+01,1.136398076693693326e+01
7.199999999999999289e+00,-2.339999999999999147e+01,1.072162077901796806e+01
7.199999999999999289e+00,-2.159999999999999432e+01,9.884833828164779845e+00
7.199999999999999289e+00,-1.979999999999999716e+01,8.960754510248053251e+00
7.199999999999999289e+00,-1.800000000000000000e+01,8.246468372490429743e+00
7.199999999999999289e+00,-1.620000000000000284e+01,8.599161990352447660e+00
7.199999999999999289e+00,-1.439999999999999147e+01,9.544327056384231511e+00
7.199999999999999289e+00,-1.259999999999999432e+01,1.048694255260060970e+01
7.199999999999999289e+00,-1.079999999999999716e+01,1.144969569028176082e+01
7.199999999999999289e+00,-9.000000000000000000e+00,1.244233534806169672e+01
7.199999999999999289e+00,-7.200000000000002842e+00,1.301751536601451065e+01
7.199999999999999289e+00,-5.399999999999991473e+00,1.321902509092909916e+01
7.199999999999999289e+00,-3.599999999999994316e+00,1.339273618275608513e+01
7.199999999999999289e+00,-1.799999999999997158e+00,1.360855377097098540e+01
7.199999999999999289e+00,0.000000000000000000e+00,1.336001342796854452e+01
7.199999999999999289e+00,1.799999999999997158e+00,1.342371883045236380e+01
7.199999999999999289e+00,3.600000000000008527e+00,1.418184324013511777e+01
7.199999999999999289e+00,5.400000000000005684e+00,1.427623315509304192e+01
7.199999999999999289e+00,7.200000000000002842e+00,1.399558399673892239e+01
7.199999999999999289e+00,9.000000000000000000e+00,1.395319882909004683e+01
7.199999999999999289e+00,1.079999999999999716e+01,1.353296131066841212e+01
7.199999999999999289e+00,1.260000000000000853e+01,1.318574535947688808e+01
7.199999999999999289e+00,1.440000000000000568e+01,1.325629271917087060e+01
7.199999999999999289e+00,1.620000000000000284e+01,1.362298266010047776e+01
7.199999999999999289e+00,1.800000000000000000e+01,1.434346495497670304e+01
7.199999999999999289e+00,1.979999999999999716e+01,1.486684108905460278e+01
7.199999999999999289e+00,2.160000000000000853e+01,1.461460709572437544e+01
7.199999999999999289e+00,2.340000000000000568e+01,1.450582334047109434e+01
7.199999999999999289e+00,2.520000000000000284e+01,1.452185403576607214e+01
7.199999999999999289e+00,2.700000000000000000e+01,1.460254157671703723e+01
7.199999999999999289e+00,2.879999999999999716e+01,1.445403817251254175e+01
7.199999999999999289e+00,3.060000000000000853e+01,1.376686737130837557e+01
7.199999999999999289e+00,3.240000000000000568e+01,1.344303416328894052e+01
7.199999999999999289e+00,3.420000000000000284e+01,1.326877589398661073e+01
7.199999999999999289e+00,3.600000000000000000e+01,1.348480918054919542e+01
7.199999999999999289e+00,3.779999999999999716e+01,1.382700700046360254e+01
7.199999999999999289e+00,3.959999999999999432e+01,1.323017346053772769e+01
7.199999999999999289e+00,4.140000000000000568e+01,1.280886243939140456e+01
7.199999999999999289e+00,4.320000000000001705e+01,1.272319487127302651e+01
7.199999999999999289e+00,4.500000000000000000e+01,1.200973120087690482e+01
7.199999999999999289e+00,4.680000000000001137e+01,1.119768161434977927e+01
7.199999999999999289e+00,4.859999999999999432e+01,1.067404023127686408e+01
7.199999999999999289e+00,5.040000000000000568e+01,9.822530889621081229e+00
7.199999999999999289e+00,5.220000000000001705e+01,9.700757361141379320e+00
7.199999999999999289e+00,5.400000000000000000e+01,1.032671489004103549e+01
7.199999999999999289e+00,5.580000000000001137e+01,1.009778969564031037e+01
7.199999999999999289e+00,5.759999999999999432e+01,9.386138371760539556e+00
7.199999999999999289e+00,5.940000000000000568e+01,8.259913420364576098e+00
7.199999999999999289e+00,6.120000000000001705e+01,7.486013223731230681e+00
7.199999999999999289e+00,6.300000000000000000e+01,6.477787978897342036e+00
7.199999999999999289e+00,6.480000000000001137e+01,4.859763504022477143e+00
7.199999999999999289e+00,6.659999999999999432e+01,3.274145523025617788e+00
7.199999999999999289e+00,6.840000000000000568e+01,-1.246294595008436978e-01
7.199999999999999289e+00,7.020000000000001705e+01,-3.101753786856221495e+00
7.199999999999999289e+00,7.200000000000000000e+01,-4.854786087153876828e+00
7.199999999999999289e+00,7.380000000000001137e+01,-3.516180918436906389e+00
7.199999999999999289e+00,7.559999999999999432e+01,-1.130000000000014104e+00
7.199999999999999289e+00,7.740000000000000568e+01,3.049234134272005847e-01
7.199999999999999289e+00,7.920000000000001705e+01,1.198779735710913563e+00
7.199999999999999289e+00,8.100000000000000000e+01,2.275711862171495348e+00
7.199999999999999289e+00,8.280000000000001137e+01,2.808204316546754953e+00
7.199999999999999289e+00,8.459999999999999432e+01,4.265942110128458253e+00
7.199999999999999289e+00,8.640000000000000568e+01,4.866137169524218820e+00
7.199999999999999289e+00,8.820000000000001705e+01,4.472976641414136978e+00
7.199999999999999289e+00,9.000000000000000000e+01,4.000000000000000000e+00
1.079999999999999893e+01,-9.000000000000000000e+01,8.500000000000000000e+00
1.079999999999999893e+01,-8.820000000000000284e+01,8.746288108217243007e+00
1.079999999999999893e+01,-8.640000000000000568e+01,8.297891386782229262e+00
1.079999999999999893e+01,-8.459999999999999432e+01,8.005618425064792376e+00
1.079999999999999893e+01,-8.279999999999999716e+01,7.596193068799695247e+00
1.079999999999999893e+01,-8.100000000000000000e+01,7.277548884215526037e+00
1.079999999999999893e+01,-7.920000000000000284e+01,7.109564208016582398e+00
1.079999999999999893e+01,-7.740000000000000568e+01,7.009076231157017389e+00
1.079999999999999893e+01,-7.559999999999999432e+01,6.306708643388659219e+00
1.079999999999999893e+01,-7.379999999999999716e+01,4.675242075245784612e+00
1.079999999999999893e+01,-7.200000000000000000e+01,2.510157136016521573e+00
1.079999999999999893e+01,-7.020000000000000284e+01,-5.805548531245349198e-01
1.079999999999999893e+01,-6.840000000000000568e+01,-3.793474128827876601e+00
1.079999999999999893e+01,-6.659999999999999432e+01,-3.534050947584566948e+00
1.079999999999999893e+01,-6.479999999999999716e+01,-9.777252801085218881e-01
1.079999999999999893e+01,-6.300000000000000000e+01,2.090603351718675729e+00
1.079999999999999893e+01,-6.120000000000000284e+01,5.054648384925962468e+00
1.079999999999999893e+01,-5.939999999999999858e+01,7.397756662086816704e+00
1.079999999999999893e+01,-5.760000000000000142e+01,9.309951349013774191e+00
1.079999999999999893e+01,-5.579999999999999716e+01,1.105172573374257361e+01
1.079999999999999893e+01,-5.400000000000000000e+01,1.225829343706363872e+01
1.079999999999999893e+01,-5.219999999999999574e+01,1.321661148347840431e+01
1.079999999999999893e+01,-5.039999999999999858e+01,1.442432402204157960e+01
1.079999999999999893e+01,-4.860000000000000142e+01,1.417842348683026721e+01
1.079999999999999893e+01,-4.679999999999999716e+01,1.394951885951886084e+01
1.079999999999999893e+01,-4.500000000000000000e+01,1.244692825592000140e+01
1.079999999999999893e+01,-4.319999999999999574e+01,1.102288732394367088e+01
1.079999999999999893e+01,-4.139999999999999858e+01,9.859561110182244903e+00
1.079999999999999893e+01,-3.960000000000000142e+01,9.829310494362534456e+00
1.079999999999999893e+01,-3.779999999999999716e+01,9.736099414924229478e+00
1.079999999999999893e+01,-3.600000000000000000e+01,1.022863336544875068e+01
1.079999999999999893e+01,-3.419999999999999574e+01,1.114413572849778511e+01
1.079999999999999893e+01,-3.239999999999999858e+01,1.176866835506362818e+01
1.079999999999999893e+01,-3.060000000000000142e+01,1.232222958284672032e+01
1.079999999999999893e+01,-2.879999999999999716e+01,1.297838281975477237e+01
1.079999999999999893e+01,-2.700000000000000000e+01,1.260857693177151084e+01
1.079999999999999893e+01,-2.520000000000000284e+01,1.184938865918488204e+01
1.079999999999999893e+01,-2.339999999999999147e+01,1.084629778601359540e+01
1.079999999999999893e+01,-2.159999999999999432e+01,9.533076340379011526e+00
1.079999999999999893e+01,-1.979999999999999716e+01,9.014444707553868952e+00
1.079999999999999893e+01,-1.800000000000000000e+01,9.008780900889163945e+00
1.079999999999999893e+01,-1.620000000000000284e+01,8.867717758772103664e+00
1.079999999999999893e+01,-1.439999999999999147e+01,9.603254668404208161e+00
1.079999999999999893e+01,-1.259999999999999432e+01,1.083407461702478258e+01
1.079999999999999893e+01,-1.079999999999999716e+01,1.199812643224022501e+01
1.079999999999999893e+01,-9.000000000000000000e+00,1.312161193878213794e+01
1.079999999999999893e+01,-7.200000000000002842e+00,1.382219528821226717e+01
1.079999999999999893e+01,-5.399999999999991473e+00,1.425468273711400435e+01
1.079999999999999893e+01,-3.599999999999994316e+00,1.433234147053102348e+01
1.079999999999999893e+01,-1.799999999999997158e+00,1.410475637527660098e+01
1.079999999999999893e+01,0.000000000000000000e+00,1.389555456481028450e+01
1.079999999999999893e+01,1.799999999999997158e+00,1.396035680477833907e+01
1.079999999999999893e+01,3.600000000000008527e+00,1.416294424527796458e+01
1.079999999999999893e+01,5.400000000000005684e+00,1.439090956222197093e+01
1.079999999999999893e+01,7.200000000000002842e+00,1.437903052315190777e+01
1.079999999999999893e+01,9.000000000000000000e+00,1.410019583040663349e+01
1.079999999999999893e+01,1.079999999999999716e+01,1.378057205894533510e+01
1.079999999999999893e+01,1.260000000000000853e+01,1.344188228878591040e+01
1.079999999999999893e+01,1.440000000000000568e+01,1.303700907590759250e+01
1.079999999999999893e+01,1.620000000000000284e+01,1.297950205821340930e+01
1.079999999999999893e+01,1.800000000000000000e+01,1.331781151729559909e+01
1.079999999999999893e+01,1.979999999999999716e+01,1.373332285566654676e+01
1.079999999999999893e+01,2.160000000000000853e+01,1.426392303328290545e+01
1.079999999999999893e+01,2.340000000000000568e+01,1.453784190067977455e+01
1.079999999999999893e+01,2.520000000000000284e+01,1.482598550024166251e+01
1.079999999999999893e+01,2.700000000000000000e+01,1.442430739746910717e+01
1.079999999999999893e+01,2.879999999999999716e+01,1.423421912981612003e+01
1.079999999999999893e+01,3.060000000000000853e+01,1.414911553783166909e+01
1.079999999999999893e+01,3.240000000000000568e+01,1.405481374172185305e+01
1.079999999999999893e+01,3.420000000000000284e+01,1.406234138780033049e+01
1.079999999999999893e+01,3.600000000000000000e+01,1.429855896716312280e+01
1.079999999999999893e+01,3.779999999999999716e+01,1.442192666425787095e+01
1.079999999999999893e+01,3.959999999999999432e+01,1.425697703035274522e+01
1.079999999999999893e+01,4.140000000000000568e+01,1.397746249930810869e+01
1.079999999999999893e+01,4.320000000000001705e+01,1.322400129741477137e+01
1.079999999999999893e+01,4.500000000000000000e+01,1.283695744398392691e+01
1.079999999999999893e+01,4.680000000000001137e+01,1.283343665753768725e+01
1.079999999999999893e+01,4.859999999999999432e+01,1.328990779063918559e+01
1.079999999999999893e+01,5.040000000000000568e+01,1.397515763653415810e+01
1.079999999999999893e+01,5.220000000000001705e+01,1.360299047920703153e+01
1.079999999999999893e+01,5.400000000000000000e+01,1.310717472711337983e+01
1.079999999999999893e+01,5.580000000000001137e+01,1.197897090357621863e+01
1.079999999999999893e+01,5.759999999999999432e+01,1.070298308627442729e+01
1.079999999999999893e+01,5.940000000000000568e+01,9.673011733478409369e+00
1.079999999999999893e+01,6.120000000000001705e+01,7.804134855169765572e+00
1.079999999999999893e+01,6.300000000000000000e+01,5.582892446172332157e+00
1.079999999999999893e+01,6.480000000000001137e+01,2.981135068039732161e+00
1.079999999999999893e+01,6.659999999999999432e+01,1.372440940802684750e+00
1.079999999999999893e+01,6.840000000000000568e+01,-2.356572340202951921e+00
1.079999999999999893e+01,7.020000000000001705e+01,-3.607435762947125646e+00
1.079999999999999893e+01,7.200000000000000000e+01,-5.031666624662913812e+00
1.079999999999999893e+01,7.380000000000001137e+01,-3.187882208294610109e+00
1.079999999999999893e+01,7.559999999999999432e+01,-1.145132118205362870e+00
1.079999999999999893e+01,7.740000000000000568e+01,1.622447286683266210e-01
1.079999999999999893e+01,7.920000000000001705e+01,1.425200443698291686e+00
1.079999999999999893e+01,8.100000000000000000e+01,2.256980465657586254e+00
1.079999999999999893e+01,8.280000000000001137e+01,2.610902040816323932e+00
1.079999999999999893e+01,8.459999999999999432e+01,3.282370320779167905e+00
1.079999999999999893e+01,8.640000000000000568e+01,4.374220817219621971e+00
1.079999999999999893e+01,8.820000000000001705e+01,4.373468275547497619e+00
1.079999999999999893e+01,9.000000000000000000e+01,4.675000000000000711e+00
1.439999999999999858e+01,-9.000000000000000000e+01,6.750000000000000888e+00
1.439999999999999858e+01,-8.820000000000000284e+01,7.019305214229571099e+00
1.439999999999999858e+01,-8.640000000000000568e+01,7.206808661883787437e+00
1.439999999999999858e+01,-8.459999999999999432e+01,7.367630368842039701e+00
1.439999999999999858e+01,-8.279999999999999716e+01,8.449048920863315715e+00
1.439999999999999858e+01,-8.100000000000000000e+01,7.063907595544822726e+00
1.439999999999999858e+01,-7.920000000000000284e+01,7.462548198883811601e+00
1.439999999999999858e+01,-7.740000000000000568e+01,6.334573122482254348e+00
1.439999999999999858e+01,-7.559999999999999432e+01,6.115154607613023430e+00
1.439999999999999858e+01,-7.379999999999999716e+01,5.784528339280308629e+00
1.439999999999999858e+01,-7.200000000000000000e+01,5.288123515439426825e+00
1.439999999999999858e+01,-7.020000000000000284e+01,5.228240133802654732e+00
1.439999999999999858e+01,-6.840000000000000568e+01,4.013184030723887297e+00
1.439999999999999858e+01,-6.659999999999999432e+01,3.284000628086212625e+00
1.439999999999999858e+01,-6.479999999999999716e+01,2.806029807064260417e+00
1.439999999999999858e+01,-6.300000000000000000e+01,4.532498658747779352e+00
1.439999999999999858e+01,-6.120000000000000284e+01,5.963771870794073671e+00
1.439999999999999858e+01,-5.939999999999999858e+01,7.854515952263038336e+00
1.439999999999999858e+01,-5.760000000000000142e+01,8.738944658209582883e+00
1.439999999999999858e+01,-5.579999999999999716e+01,1.013381460842366089e+01
1.439999999999999858e+01,-5.400000000000000000e+01,1.005925407459253940e+01
1.439999999999999858e+01,-5.219999999999999574e+01,9.980854815927873602e+00
1.439999999999999858e+01,-5.039999999999999858e+01,1.023408783037307757e+01
1.439999999999999858e+01,-4.860000000000000142e+01,1.027452439019387498e+01
1.439999999999999858e+01,-4.679999999999999716e+01,9.907395460847988389e+00
1.439999999999999858e+01,-4.500000000000000000e+01,8.487663703308495400e+00
1.439999999999999858e+01,-4.319999999999999574e+01,7.136972190409808015e+00
1.439999999999999858e+01,-4.139999999999999858e+01,6.455790015115887570e+00
1.439999999999999858e+01,-3.960000000000000142e+01,6.680250671441359422e+00
1.439999999999999858e+01,-3.779999999999999716e+01,7.957583144825424171e+00
1.439999999999999858e+01,-3.600000000000000000e+01,9.275132943699597732e+00
1.439999999999999858e+01,-3.419999999999999574e+01,9.918438675555888651e+00
1.439999999999999858e+01,-3.239999999999999858e+01,1.087270882380638426e+01
1.439999999999999858e+01,-3.060000000000000142e+01,1.193226129876146224e+01
1.439999999999999858e+01,-2.879999999999999716e+01,1.248035619988265665e+01
1.439999999999999858e+01,-2.700000000000000000e+01,1.205135559903617626e+01
1.439999999999999858e+01,-2.520000000000000284e+01,1.155582961938425335e+01
1.439999999999999858e+01,-2.339999999999999147e+01,1.131222705005118634e+01
1.439999999999999858e+01,-2.159999999999999432e+01,1.028584658714379962e+01
1.439999999999999858e+01,-1.979999999999999716e+01,9.870504370585210907e+00
1.439999999999999858e+01,-1.800000000000000000e+01,1.041228028089152602e+01
1.439999999999999858e+01,-1.620000000000000284e+01,1.047302656171056690e+01
1.439999999999999858e+01,-1.439999999999999147e+01,1.083560012059015598e+01
1.439999999999999858e+01,-1.259999999999999432e+01,1.169429867565218828e+01
1.439999999999999858e+01,-1.079999999999999716e+01,1.284630356971269549e+01
1.439999999999999858e+01,-9.000000000000000000e+00,1.349888580720247333e+01
1.439999999999999858e+01,-7.200000000000002842e+00,1.370884323305817531e+01
1.439999999999999858e+01,-5.399999999999991473e+00,1.404310668203122781e+01
1.439999999999999858e+01,-3.599999999999994316e+00,1.425418903036239016e+01
1.439999999999999858e+01,-1.799999999999997158e+00,1.436340623455861909e+01
1.439999999999999858e+01,0.000000000000000000e+00,1.410312903186543210e+01
1.439999999999999858e+01,1.799999999999997158e+00,1.386796001763429054e+01
1.439999999999999858e+01,3.600000000000008527e+00,1.395653051787916255e+01
1.439999999999999858e+01,5.400000000000005684e+00,1.405382261234333718e+01
1.439999999999999858e+01,7.200000000000002842e+00,1.429814849171163971e+01
1.439999999999999858e+01,9.000000000000000000e+00,1.430672469584483153e+01
1.439999999999999858e+01,1.079999999999999716e+01,1.401815475732636074e+01
1.439999999999999858e+01,1.260000000000000853e+01,1.363157208588957303e+01
1.439999999999999858e+01,1.440000000000000568e+01,1.344041681220376283e+01
1.439999999999999858e+01,1.620000000000000284e+01,1.345776567478876551e+01
1.439999999999999858e+01,1.800000000000000000e+01,1.365984830579274423e+01
1.439999999999999858e+01,1.979999999999999716e+01,1.404039350567289191e+01
1.439999999999999858e+01,2.160000000000000853e+01,1.461553308940028550e+01
1.439999999999999858e+01,2.340000000000000568e+01,1.503218212902444861e+01
1.439999999999999858e+01,2.520000000000000284e+01,1.515200823045267420e+01
1.439999999999999858e+01,2.700000000000000000e+01,1.505711267398336872e+01
1.439999999999999858e+01,2.879999999999999716e+01,1.475652868710139032e+01
1.439999999999999858e+01,3.060000000000000853e+01,1.466500925292655033e+01
1.439999999999999858e+01,3.240000000000000568e+01,1.453139327559857641e+01
1.439999999999999858e+01,3.420000000000000284e+01,1.445879290408680085e+01
1.439999999999999858e+01,3.600000000000000000e+01,1.435220961354982094e+01
1.439999999999999858e+01,3.779999999999999716e+01,1.418630581260650381e+01
1.439999999999999858e+01,3.959999999999999432e+01,1.383557452522539144e+01
1.439999999999999858e+01,4.140000000000000568e+01,1.332817697343180363e+01
1.439999999999999858e+01,4.320000000000001705e+01,1.313012282130282848e+01
1.439999999999999858e+01,4.500000000000000000e+01,1.299686182175739901e+01
1.439999999999999858e+01,4.680000000000001137e+01,1.285942252030748989e+01
1.439999999999999858e+01,4.859999999999999432e+01,1.262872313486796294e+01
1.439999999999999858e+01,5.040000000000000568e+01,1.213597061015165579e+01
1.439999999999999858e+01,5.220000000000001705e+01,1.155061094139133360e+01
1.439999999999999858e+01,5.400000000000000000e+01,1.178184328968903571e+01
1.439999999999999858e+01,5.580000000000001137e+01,1.173248163627153140e+01
1.439999999999999858e+01,5.759999999999999432e+01,1.067213440739072006e+01
1.439999999999999858e+01,5.940000000000000568e+01,1.034213862418479124e+01
1.439999999999999858e+01,6.120000000000001705e+01,9.320416343619159605e+00
1.439999999999999858e+01,6.300000000000000000e+01,7.063109994031425032e+00
1.439999999999999858e+01,6.480000000000001137e+01,5.414008811988071379e+00
1.439999999999999858e+01,6.659999999999999432e+01,4.181842798815695872e+00
1.439999999999999858e+01,6.840000000000000568e+01,1.986786252637923633e+00
1.439999999999999858e+01,7.020000000000001705e+01,2.000736473175434293e-01
1.439999999999999858e+01,7.200000000000000000e+01,-1.122157333440960691e-01
1.439999999999999858e+01,7.380000000000001137e+01,-1.040039375572075153e+00
1.439999999999999858e+01,7.559999999999999432e+01,-1.616066564358363378e+00
1.439999999999999858e+01,7.740000000000000568e+01,5.581416737124111904e-02
1.439999999999999858e+01,7.920000000000001705e+01,7.428221394924630072e-01
1.439999999999999858e+01,8.100000000000000000e+01,-1.164106436678907119e+00
1.439999999999999858e+01,8.280000000000001137e+01,3.040283905620496663e-01
1.439999999999999858e+01,8.459999999999999432e+01,1.555953561569509924e+00
1.439999999999999858e+01,8.640000000000000568e+01,3.282004994495661521e+00
1.439999999999999858e+01,8.820000000000001705e+01,4.585587660471031057e+00
1.439999999999999858e+01,9.000000000000000000e+01,5.349999999999999645e+00
1.800000000000000000e+01,-9.000000000000000000e+01,5.000000000000000000e+00
1.800000000000000000e+01,-8.820000000000000284e+01,5.494955310199785892e+00
1.800000000000000000e+01,-8.640000000000000568e+01,5.501282380657954718e+00
1.800000000000000000e+01,-8.459999999999999432e+01,5.140599091844705981e+00
1.800000000000000000e+01,-8.279999999999999716e+01,5.253419128845568054e+00
1.800000000000000000e+01,-8.100000000000000000e+01,5.710676960759330179e+00
1.800000000000000000e+01,-7.920000000000000284e+01,5.991871426524791211e+00
1.800000000000000000e+01,-7.740000000000000568e+01,6.510293281589876635e+00
1.800000000000000000e+01,-7.559999999999999432e+01,7.188120379594198361e+00
1.800000000000000000e+01,-7.379999999999999716e+01,6.445942804428040240e+00
1.800000000000000000e+01,-7.200000000000000000e+01,6.009553878900797841e+00
1.800000000000000000e+01,-7.020000000000000284e+01,5.604262753719937429e+00
1.800000000000000000e+01,-6.840000000000000568e+01,5.247266102571580326e+00
1.800000000000000000e+01,-6.659999999999999432e+01,5.199336378768816047e+00
1.800000000000000000e+01,-6.479999999999999716e+01,4.771075968446968574e+00
1.800000000000000000e+01,-6.300000000000000000e+01,4.081448246489213894e+00
1.800000000000000000e+01,-6.120000000000000284e+01,2.697515850144094340e+00
1.800000000000000000e+01,-5.939999999999999858e+01,6.658721479174893876e-01
1.800000000000000000e+01,-5.760000000000000142e+01,1.741579571772392754e+00
1.800000000000000000e+01,-5.579999999999999716e+01,3.078053128092661517e+00
1.800000000000000000e+01,-5.400000000000000000e+01,3.893265070666279914e+00
1.800000000000000000e+01,-5.219999999999999574e+01,5.611459785147131285e+00
1.800000000000000000e+01,-5.039999999999999858e+01,7.007151655563617965e+00
1.800000000000000000e+01,-4.860000000000000142e+01,8.027876990797439660e+00
1.800000000000000000e+01,-4.679999999999999716e+01,8.176140243279158781e+00
1.800000000000000000e+01,-4.500000000000000000e+01,8.203365072987148565e+00
1.800000000000000000e+01,-4.319999999999999574e+01,8.203655579345715765e+00
1.800000000000000000e+01,-4.139999999999999858e+01,8.554769482700704586e+00
1.800000000000000000e+01,-3.960000000000000142e+01,8.868438855160452050e+00
1.800000000000000000e+01,-3.779999999999999716e+01,9.449070187528246123e+00
1.800000000000000000e+01,-3.600000000000000000e+01,1.023343549722197920e+01
1.800000000000000000e+01,-3.419999999999999574e+01,1.113446312290857421e+01
1.800000000000000000e+01,-3.239999999999999858e+01,1.156054191444465751e+01
1.800000000000000000e+01,-3.060000000000000142e+01,1.138460237317998924e+01
1.800000000000000000e+01,-2.879999999999999716e+01,1.095228612695124681e+01
1.800000000000000000e+01,-2.700000000000000000e+01,1.109535040400746553e+01
1.800000000000000000e+01,-2.520000000000000284e+01,1.093345290619604881e+01
1.800000000000000000e+01,-2.339999999999999147e+01,9.839067437533385529e+00
1.800000000000000000e+01,-2.159999999999999432e+01,8.745349908375015247e+00
1.800000000000000000e+01,-1.979999999999999716e+01,7.737900216279982146e+00
1.800000000000000000e+01,-1.800000000000000000e+01,7.948492882045324670e+00
1.800000000000000000e+01,-1.620000000000000284e+01,8.605465022040588607e+00
1.800000000000000000e+01,-1.439999999999999147e+01,1.004194547082127720e+01
1.800000000000000000e+01,-1.259999999999999432e+01,1.109992178383897254e+01
1.800000000000000000e+01,-1.079999999999999716e+01,1.129218847839699791e+01
1.800000000000000000e+01,-9.000000000000000000e+00,1.182459114446774961e+01
1.800000000000000000e+01,-7.200000000000002842e+00,1.259897037797011521e+01
1.800000000000000000e+01,-5.399999999999991473e+00,1.308873652355970840e+01
1.800000000000000000e+01,-3.599999999999994316e+00,1.313319976658237742e+01
1.800000000000000000e+01,-1.799999999999997158e+00,1.326623543305198538e+01
1.800000000000000000e+01,0.000000000000000000e+00,1.321888008471482046e+01
1.800000000000000000e+01,1.799999999999997158e+00,1.333071644295301361e+01
1.800000000000000000e+01,3.600000000000008527e+00,1.412578052190120204e+01
1.800000000000000000e+01,5.400000000000005684e+00,1.397677322185689341e+01
1.800000000000000000e+01,7.200000000000002842e+00,1.342680230669265562e+01
1.800000000000000000e+01,9.000000000000000000e+00,1.337372758394387695e+01
1.800000000000000000e+01,1.079999999999999716e+01,1.328509275481809837e+01
1.800000000000000000e+01,1.260000000000000853e+01,1.317540019019638819e+01
1.800000000000000000e+01,1.440000000000000568e+01,1.315467118130255564e+01
1.800000000000000000e+01,1.620000000000000284e+01,1.343237217441271980e+01
1.800000000000000000e+01,1.800000000000000000e+01,1.363098166036317238e+01
1.800000000000000000e+01,1.979999999999999716e+01,1.431039252150653951e+01
1.800000000000000000e+01,2.160000000000000853e+01,1.500893833297051927e+01
1.800000000000000000e+01,2.340000000000000568e+01,1.476020132021239917e+01
1.800000000000000000e+01,2.520000000000000284e+01,1.475037543627959380e+01
1.800000000000000000e+01,2.700000000000000000e+01,1.448422883185416055e+01
1.800000000000000000e+01,2.879999999999999716e+01,1.525148973333062763e+01
1.800000000000000000e+01,3.060000000000000853e+01,1.548459109213635720e+01
1.800000000000000000e+01,3.240000000000000568e+01,1.433580003860258856e+01
1.800000000000000000e+01,3.420000000000000284e+01,1.414384665699916255e+01
1.800000000000000000e+01,3.600000000000000000e+01,1.448682228915662584e+01
1.800000000000000000e+01,3.779999999999999716e+01,1.434129194155746134e+01
1.800000000000000000e+01,3.959999999999999432e+01,1.395931993246807856e+01
1.800000000000000000e+01,4.140000000000000568e+01,1.391662527949156569e+01
1.800000000000000000e+01,4.320000000000001705e+01,1.383133819245658813e+01
1.800000000000000000e+01,4.500000000000000000e+01,1.336631800534728676e+01
1.800000000000000000e+01,4.680000000000001137e+01,1.299779059705797835e+01
1.800000000000000000e+01,4.859999999999999432e+01,1.254608802139129331e+01
1.800000000000000000e+01,5.040000000000000568e+01,1.177988168151448001e+01
1.800000000000000000e+01,5.220000000000001705e+01,1.000120628211116269e+01
1.800000000000000000e+01,5.400000000000000000e+01,9.698072300740314233e+00
1.800000000000000000e+01,5.580000000000001137e+01,8.466540020263431998e+00
1.800000000000000000e+01,5.759999999999999432e+01,7.183524673276240335e+00
1.800000000000000000e+01,5.940000000000000568e+01,7.654871925170247948e+00
1.800000000000000000e+01,6.120000000000001705e+01,6.740475339528220644e+00
1.800000000000000000e+01,6.300000000000000000e+01,5.399343068084250241e+00
1.800000000000000000e+01,6.480000000000001137e+01,4.515627077128305800e+00
1.800000000000000000e+01,6.659999999999999432e+01,3.494062133038613016e+00
1.800000000000000000e+01,6.840000000000000568e+01,3.135201877174528917e+00
1.800000000000000000e+01,7.020000000000001705e+01,2.119619388472605337e+00
1.800000000000000000e+01,7.200000000000000000e+01,1.151663680843687976e+00
1.800000000000000000e+01,7.380000000000001137e+01,1.736570717274422970e-01
1.800000000000000000e+01,7.559999999999999432e+01,-7.729578043656999409e-01
1.800000000000000000e+01,7.740000000000000568e+01,-1.810598457642870196e+00
1.800000000000000000e+01,7.920000000000001705e+01,-1.224357177119560935e+00
1.800000000000000000e+01,8.100000000000000000e+01,-1.046352034025074040e+00
1.800000000000000000e+01,8.280000000000001137e+01,3.546225276856732056e-01
1.800000000000000000e+01,8.459999999999999432e+01,2.688605209468200030e+00
1.800000000000000000e+01,8.640000000000000568e+01,4.038164791606947190e+00
1.800000000000000000e+01,8.820000000000001705e+01,5.189946764821494085e+00
1.800000000000000000e+01,9.000000000000000000e+01,6.025000000000000355e+00
2.159999999999999787e+01,-9.000000000000000000e+01,4.999999999999999112e+00
2.159999999999999787e+01,-8.820000000000000284e+01,3.764458543505672328e+00
2.159999999999999787e+01,-8.640000000000000568e+01,4.851356101470656768e+00
2.159999999999999787e+01,-8.459999999999999432e+01,5.235780338695537495e+00
2.159999999999999787e+01,-8.279999999999999716e+01,5.485162960706674085e+00
2.159999999999999787e+01,-8.100000000000000000e+01,5.862138929432131995e+00
2.159999999999999787e+01,-7.920000000000000284e+01,6.455371738802592851e+00
2.159999999999999787e+01,-7.740000000000000568e+01,5.911327644000551551e+00
2.159999999999999787e+01,-7.559999999999999432e+01,6.215354004646004071e+00
2.159999999999999787e+01,-7.379999999999999716e+01,5.562029275497049952e+00
2.159999999999999787e+01,-7.200000000000000000e+01,6.845279229810095956e+00
2.159999999999999787e+01,-7.020000000000000284e+01,5.647313690295800548e+00
2.159999999999999787e+01,-6.840000000000000568e+01,3.970699423414391749e+00
2.159999999999999787e+01,-6.659999999999999432e+01,2.679332153823923424e+00
2.159999999999999787e+01,-6.479999999999999716e+01,3.981678641410792419e-01
2.159999999999999787e+01,-6.300000000000000000e+01,-1.621784039954111134e-01
2.159999999999999787e+01,-6.120000000000000284e+01,-3.277890836254376605e+00
2.159999999999999787e+01,-5.939999999999999858e+01,-3.485619330923717119e+00
2.159999999999999787e+01,-5.760000000000000142e+01,-9.915148608146762133e-01
2.159999999999999787e+01,-5.579999999999999716e+01,1.145773829523380805e+00
2.159999999999999787e+01,-5.400000000000000000e+01,2.913793985270054065e+00
2.159999999999999787e+01,-5.219999999999999574e+01,4.362950298854399556e+00
2.159999999999999787e+01,-5.039999999999999858e+01,5.441461677403817809e+00
2.159999999999999787e+01,-4.860000000000000142e+01,6.325983399839638643e+00
2.159999999999999787e+01,-4.679999999999999716e+01,5.737900707130235922e+00
2.159999999999999787e+01,-4.500000000000000000e+01,5.182159986992928680e+00
2.159999999999999787e+01,-4.319999999999999574e+01,5.605025908020328629e+00
2.159999999999999787e+01,-4.139999999999999858e+01,5.982134875095582949e+00
2.159999999999999787e+01,-3.960000000000000142e+01,7.634637140080802631e+00
2.159999999999999787e+01,-3.779999999999999716e+01,9.505504567534375227e+00
2.159999999999999787e+01,-3.600000000000000000e+01,8.265735900633035982e+00
2.159999999999999787e+01,-3.419999999999999574e+01,8.997968503634814041e+00
2.159999999999999787e+01,-3.239999999999999858e+01,1.075479604709839698e+01
2.159999999999999787e+01,-3.060000000000000142e+01,1.121395706642652890e+01
2.159999999999999787e+01,-2.879999999999999716e+01,1.121006672614516830e+01
2.159999999999999787e+01,-2.700000000000000000e+01,1.099250341711192824e+01
2.159999999999999787e+01,-2.520000000000000284e+01,1.064912467635929261e+01
2.159999999999999787e+01,-2.339999999999999147e+01,1.018312339761453522e+01
2.159999999999999787e+01,-2.159999999999999432e+01,9.681576754494576775e+00
2.159999999999999787e+01,-1.979999999999999716e+01,9.706585627211953948e+00
2.159999999999999787e+01,-1.800000000000000000e+01,9.751067693201623143e+00
2.159999999999999787e+01,-1.620000000000000284e+01,9.739878960418767662e+00
2.159999999999999787e+01,-1.439999999999999147e+01,1.015000461181816505e+01
2.159999999999999787e+01,-1.259999999999999432e+01,1.079788559244532387e+01
2.159999999999999787e+01,-1.079999999999999716e+01,1.140477248168752311e+01
2.159999999999999787e+01,-9.000000000000000000e+00,1.209994840324248599e+01
2.159999999999999787e+01,-7.200000000000002842e+00,1.265140000000000242e+01
2.159999999999999787e+01,-5.399999999999991473e+00,1.302106766885503042e+01
2.159999999999999787e+01,-3.599999999999994316e+00,1.297974191634529895e+01
2.159999999999999787e+01,-1.799999999999997158e+00,1.305775453742261760e+01
2.159999999999999787e+01,0.000000000000000000e+00,1.367318568595539929e+01
2.159999999999999787e+01,1.799999999999997158e+00,1.422085693859411748e+01
2.159999999999999787e+01,3.600000000000008527e+00,1.438186585015788133e+01
2.159999999999999787e+01,5.400000000000005684e+00,1.424386769314724255e+01
2.159999999999999787e+01,7.200000000000002842e+00,1.412225948870607617e+01
2.159999999999999787e+01,9.000000000000000000e+00,1.405134154040404226e+01
2.159999999999999787e+01,1.079999999999999716e+01,1.428667984189723228e+01
2.159999999999999787e+01,1.260000000000000853e+01,1.420910815598500854e+01
2.159999999999999787e+01,1.440000000000000568e+01,1.371677259287982054e+01
2.159999999999999787e+01,1.620000000000000284e+01,1.351702780079161670e+01
2.159999999999999787e+01,1.800000000000000000e+01,1.352946147985906045e+01
2.159999999999999787e+01,1.979999999999999716e+01,1.393874999999999709e+01
2.159999999999999787e+01,2.160000000000000853e+01,1.438680717894111716e+01
2.159999999999999787e+01,2.340000000000000568e+01,1.415547642822560626e+01
2.159999999999999787e+01,2.520000000000000284e+01,1.453265020576131938e+01
2.159999999999999787e+01,2.700000000000000000e+01,1.463268658883265694e+01
2.159999999999999787e+01,2.879999999999999716e+01,1.441706686735745180e+01
2.159999999999999787e+01,3.060000000000000853e+01,1.422084561695801597e+01
2.159999999999999787e+01,3.240000000000000568e+01,1.354716850028952813e+01
2.159999999999999787e+01,3.420000000000000284e+01,1.284425198235166476e+01
2.159999999999999787e+01,3.600000000000000000e+01,1.344177053448733083e+01
2.159999999999999787e+01,3.779999999999999716e+01,1.326408946369318897e+01
2.159999999999999787e+01,3.959999999999999432e+01,1.324937636111661199e+01
2.159999999999999787e+01,4.140000000000000568e+01,1.305367098267775638e+01
2.159999999999999787e+01,4.320000000000001705e+01,1.251025560927234537e+01
2.159999999999999787e+01,4.500000000000000000e+01,1.248730752567828794e+01
2.159999999999999787e+01,4.680000000000001137e+01,1.233859158058425542e+01
2.159999999999999787e+01,4.859999999999999432e+01,1.178357964013931891e+01
2.159999999999999787e+01,5.040000000000000568e+01,1.131916785133586068e+01
2.159999999999999787e+01,5.220000000000001705e+01,1.109976832683877390e+01
2.159999999999999787e+01,5.400000000000000000e+01,1.135700429957004332e+01
2.159999999999999787e+01,5.580000000000001137e+01,1.011948277744844482e+01
2.159999999999999787e+01,5.759999999999999432e+01,8.777096437066047585e+00
2.159999999999999787e+01,5.940000000000000568e+01,8.938190752655906124e+00
2.159999999999999787e+01,6.120000000000001705e+01,8.049716094379430587e+00
2.159999999999999787e+01,6.300000000000000000e+01,7.071338180989831024e+00
2.159999999999999787e+01,6.480000000000001137e+01,6.248912334548241354e+00
2.159999999999999787e+01,6.659999999999999432e+01,6.237452867972295145e+00
2.159999999999999787e+01,6.840000000000000568e+01,4.646309476900957414e+00
2.159999999999999787e+01,7.020000000000001705e+01,3.521788599129636488e+00
2.159999999999999787e+01,7.200000000000000000e+01,2.593759042804159254e+00
2.159999999999999787e+01,7.380000000000001137e+01,1.907326399610745904e+00
2.159999999999999787e+01,7.559999999999999432e+01,1.388637281095321141e+00
2.159999999999999787e+01,7.740000000000000568e+01,1.288045672281949550e+00
2.159999999999999787e+01,7.920000000000001705e+01,1.795982937874727403e+00
2.159999999999999787e+01,8.100000000000000000e+01,2.352841431296968544e+00
2.159999999999999787e+01,8.280000000000001137e+01,4.253909247792099890e+00
2.159999999999999787e+01,8.459999999999999432e+01,4.522233998192545457e+00
2.159999999999999787e+01,8.640000000000000568e+01,5.224337353612236612e+00
2.159999999999999787e+01,8.820000000000001705e+01,5.922376021436623006e+00
2.159999999999999787e+01,9.000000000000000000e+01,6.699999999999999289e+00
2.519999999999999574e+01,-9.000000000000000000e+01,6.250000000000000000e+00
2.519999999999999574e+01,-8.820000000000000284e+01,5.134601986128632056e+00
2.519999999999999574e+01,-8.640000000000000568e+01,3.287870117257761127e+00
2.519999999999999574e+01,-8.459999999999999432e+01,3.737779998665883952e+00
2.519999999999999574e+01,-8.279999999999999716e+01,3.751900700578739034e+00
2.519999999999999574e+01,-8.100000000000000000e+01,4.433776311095249056e+00
2.519999999999999574e+01,-7.920000000000000284e+01,4.968448053554912924e+00
2.519999999999999574e+01,-7.740000000000000568e+01,4.579820916551317289e+00
2.519999999999999574e+01,-7.559999999999999432e+01,4.271489969801550046e+00
2.519999999999999574e+01,-7.379999999999999716e+01,4.648575350549086771e+00
2.519999999999999574e+01,-7.200000000000000000e+01,5.192163173731175085e+00
2.519999999999999574e+01,-7.020000000000000284e+01,3.940615531541916017e+00
2.519999999999999574e+01,-6.840000000000000568e+01,2.678611949305975237e+00
2.519999999999999574e+01,-6.659999999999999432e+01,2.305439386847650596e+00
2.519999999999999574e+01,-6.479999999999999716e+01,2.277188558524651629e+00
2.519999999999999574e+01,-6.300000000000000000e+01,3.271009229457636724e+00
2.519999999999999574e+01,-6.120000000000000284e+01,4.222541666666670857e+00
2.519999999999999574e+01,-5.939999999999999858e+01,3.430864471491750667e+00
2.519999999999999574e+01,-5.760000000000000142e+01,4.094620212829918948e+00
2.519999999999999574e+01,-5.579999999999999716e+01,4.907926112202941837e+00
2.519999999999999574e+01,-5.400000000000000000e+01,4.812018075185079624e+00
2.519999999999999574e+01,-5.219999999999999574e+01,5.757814549276041305e+00
2.519999999999999574e+01,-5.039999999999999858e+01,5.618717624990982706e+00
2.519999999999999574e+01,-4.860000000000000142e+01,5.961399295968952572e+00
2.519999999999999574e+01,-4.679999999999999716e+01,6.296340089187960842e+00
2.519999999999999574e+01,-4.500000000000000000e+01,6.580542776743090627e+00
2.519999999999999574e+01,-4.319999999999999574e+01,7.059592100687817506e+00
2.519999999999999574e+01,-4.139999999999999858e+01,8.184166490893344914e+00
2.519999999999999574e+01,-3.960000000000000142e+01,9.740595497458247820e+00
2.519999999999999574e+01,-3.779999999999999716e+01,8.880003376603294640e+00
2.519999999999999574e+01,-3.600000000000000000e+01,9.205378420576876053e+00
2.519999999999999574e+01,-3.419999999999999574e+01,1.038969593185974283e+01
2.519999999999999574e+01,-3.239999999999999858e+01,1.061499656896382682e+01
2.519999999999999574e+01,-3.060000000000000142e+01,1.052608208077138841e+01
2.519999999999999574e+01,-2.879999999999999716e+01,1.036659639295826629e+01
2.519999999999999574e+01,-2.700000000000000000e+01,1.048578227617537983e+01
2.519999999999999574e+01,-2.520000000000000284e+01,1.068630530973451442e+01
2.519999999999999574e+01,-2.339999999999999147e+01,1.043678925617297182e+01
2.519999999999999574e+01,-2.159999999999999432e+01,1.009117125204299015e+01
2.519999999999999574e+01,-1.979999999999999716e+01,1.004694416292631587e+01
2.519999999999999574e+01,-1.800000000000000000e+01,1.015882756592490921e+01
2.519999999999999574e+01,-1.620000000000000284e+01,1.028746172013041260e+01
2.519999999999999574e+01,-1.439999999999999147e+01,1.048843399339934024e+01
2.519999999999999574e+01,-1.259999999999999432e+01,1.074456150354284745e+01
2.519999999999999574e+01,-1.079999999999999716e+01,1.096544409324377689e+01
2.519999999999999574e+01,-9.000000000000000000e+00,1.129354588288893524e+01
2.519999999999999574e+01,-7.200000000000002842e+00,1.167912701991338587e+01
2.519999999999999574e+01,-5.399999999999991473e+00,1.193189984400860304e+01
2.519999999999999574e+01,-3.599999999999994316e+00,1.220826609314743472e+01
2.519999999999999574e+01,-1.799999999999997158e+00,1.273359959319169477e+01
2.519999999999999574e+01,0.000000000000000000e+00,1.329526596076202694e+01
2.519999999999999574e+01,1.799999999999997158e+00,1.371140017182454507e+01
2.519999999999999574e+01,3.600000000000008527e+00,1.401202942511527993e+01
2.519999999999999574e+01,5.400000000000005684e+00,1.413293195456206774e+01
2.519999999999999574e+01,7.200000000000002842e+00,1.409491159940840888e+01
2.519999999999999574e+01,9.000000000000000000e+00,1.397718020516639470e+01
2.519999999999999574e+01,1.079999999999999716e+01,1.372497937903664678e+01
2.519999999999999574e+01,1.260000000000000853e+01,1.350126264957659394e+01
2.519999999999999574e+01,1.440000000000000568e+01,1.337926318411339821e+01
2.519999999999999574e+01,1.620000000000000284e+01,1.351271088560321232e+01
2.519999999999999574e+01,1.800000000000000000e+01,1.363044741429401441e+01
2.519999999999999574e+01,1.979999999999999716e+01,1.355812574269374693e+01
2.519999999999999574e+01,2.160000000000000853e+01,1.372110785901873165e+01
2.519999999999999574e+01,2.340000000000000568e+01,1.361999999999999211e+01
2.519999999999999574e+01,2.520000000000000284e+01,1.407598550024166428e+01
2.519999999999999574e+01,2.700000000000000000e+01,1.386549056085654996e+01
2.519999999999999574e+01,2.879999999999999716e+01,1.396891999808579143e+01
2.519999999999999574e+01,3.060000000000000853e+01,1.392762152388912433e+01
2.519999999999999574e+01,3.240000000000000568e+01,1.384122726500084966e+01
2.519999999999999574e+01,3.420000000000000284e+01,1.369717647808359118e+01
2.519999999999999574e+01,3.600000000000000000e+01,1.357189865055542377e+01
2.519999999999999574e+01,3.779999999999999716e+01,1.323990094541860962e+01
2.519999999999999574e+01,3.959999999999999432e+01,1.245374183330033091e+01
2.519999999999999574e+01,4.140000000000000568e+01,1.208951379397544379e+01
2.519999999999999574e+01,4.320000000000001705e+01,1.187658579395509051e+01
2.519999999999999574e+01,4.500000000000000000e+01,1.077298996207167114e+01
2.519999999999999574e+01,4.680000000000001137e+01,1.067664977645305591e+01
2.519999999999999574e+01,4.859999999999999432e+01,1.035846615523465886e+01
2.519999999999999574e+01,5.040000000000000568e+01,1.004285847880299443e+01
2.519999999999999574e+01,5.220000000000001705e+01,9.269070370169345097e+00
2.519999999999999574e+01,5.400000000000000000e+01,8.891342178636671534e+00
2.519999999999999574e+01,5.580000000000001137e+01,7.241329523143988922e+00
2.519999999999999574e+01,5.759999999999999432e+01,6.876937766786806350e+00
2.519999999999999574e+01,5.940000000000000568e+01,6.074456400420197077e+00
2.519999999999999574e+01,6.120000000000001705e+01,4.993356805419378652e+00
2.519999999999999574e+01,6.300000000000000000e+01,4.723159579398231500e+00
2.519999999999999574e+01,6.480000000000001137e+01,4.252812583568565508e+00
2.519999999999999574e+01,6.659999999999999432e+01,4.211568859712254032e+00
2.519999999999999574e+01,6.840000000000000568e+01,4.060386876725677219e+00
2.519999999999999574e+01,7.020000000000001705e+01,3.843260824877960502e+00
2.519999999999999574e+01,7.200000000000000000e+01,4.506596667427520408e+00
2.519999999999999574e+01,7.380000000000001137e+01,2.546466658524667803e+00
2.519999999999999574e+01,7.559999999999999432e+01,3.255145789372706489e+00
2.519999999999999574e+01,7.740000000000000568e+01,4.985853425330903477e+00
2.519999999999999574e+01,7.920000000000001705e+01,5.090208253404960637e+00
2.519999999999999574e+01,8.100000000000000000e+01,6.689747648254402712e+00
2.519999999999999574e+01,8.280000000000001137e+01,5.781016260162598286e+00
2.519999999999999574e+01,8.459999999999999432e+01,6.603461440965745055e+00
2.519999999999999574e+01,8.640000000000000568e+01,7.495157717714076462e+00
2.519999999999999574e+01,8.820000000000001705e+01,7.396757053576845209e+00
2.519999999999999574e+01,9.000000000000000000e+01,7.375000000000000000e+00
2.879999999999999716e+01,-9.000000000000000000e+01,6.000000000000002665e+00
2.879999999999999716e+01,-8.820000000000000284e+01,3.897417244640602352e+00
2.879999999999999716e+01,-8.640000000000000568e+01,3.718174501951381217e+00
2.879999999999999716e+01,-8.459999999999999432e+01,3.746818489793565909e+00
2.879999999999999716e+01,-8.279999999999999716e+01,2.791705756929633520e+00
2.879999999999999716e+01,-8.100000000000000000e+01,4.174768610116840861e+00
2.879999999999999716e+01,-7.920000000000000284e+01,2.380415685529817083e+00
2.879999999999999716e+01,-7.740000000000000568e+01,2.261257150695284768e+00
2.879999999999999716e+01,-7.559999999999999432e+01,2.487111245832072548e+00
2.879999999999999716e+01,-7.379999999999999716e+01,3.626140179190344703e+00
2.879999999999999716e+01,-7.200000000000000000e+01,4.458240035139056090e+00
2.879999999999999716e+01,-7.020000000000000284e+01,5.043926160651142077e+00
2.879999999999999716e+01,-6.840000000000000568e+01,5.454846051923351702e+00
2.879999999999999716e+01,-6.659999999999999432e+01,6.275487393630276856e+00
2.879999999999999716e+01,-6.479999999999999716e+01,7.528931267567937624e+00
2.879999999999999716e+01,-6.300000000000000000e+01,8.558192894574128573e+00
2.879999999999999716e+01,-6.120000000000000284e+01,9.333352028042066095e+00
2.879999999999999716e+01,-5.939999999999999858e+01,9.240030984164171457e+00
2.879999999999999716e+01,-5.760000000000000142e+01,1.123045179347956690e+01
2.879999999999999716e+01,-5.579999999999999716e+01,1.046978060746935135e+01
2.879999999999999716e+01,-5.400000000000000000e+01,9.498755124487548329e+00
2.879999999999999716e+01,-5.219999999999999574e+01,9.047954681704069912e+00
2.879999999999999716e+01,-5.039999999999999858e+01,7.813669686985172724e+00
2.879999999999999716e+01,-4.860000000000000142e+01,7.388795696024749837e+00
2.879999999999999716e+01,-4.679999999999999716e+01,7.278997504335687374e+00
2.879999999999999716e+01,-4.500000000000000000e+01,6.920395813263605866e+00
2.879999999999999716e+01,-4.319999999999999574e+01,7.684056225156250086e+00
2.879999999999999716e+01,-4.139999999999999858e+01,8.577312684274884802e+00
2.879999999999999716e+01,-3.960000000000000142e+01,9.338519105127696562e+00
2.879999999999999716e+01,-3.779999999999999716e+01,1.099995408055476531e+01
2.879999999999999716e+01,-3.600000000000000000e+01,1.161727163837100107e+01
2.879999999999999716e+01,-3.419999999999999574e+01,1.190821564903769314e+01
2.879999999999999716e+01,-3.239999999999999858e+01,1.225337167601388266e+01
2.879999999999999716e+01,-3.060000000000000142e+01,1.169059148479125021e+01
2.879999999999999716e+01,-2.879999999999999716e+01,1.161852886864458867e+01
2.879999999999999716e+01,-2.700000000000000000e+01,1.141143306399502144e+01
2.879999999999999716e+01,-2.520000000000000284e+01,1.103026125710773009e+01
2.879999999999999716e+01,-2.339999999999999147e+01,1.072883079157588782e+01
2.879999999999999716e+01,-2.159999999999999432e+01,1.024114642662572550e+01
2.879999999999999716e+01,-1.979999999999999716e+01,9.757226417559841991e+00
2.879999999999999716e+01,-1.800000000000000000e+01,9.408053724537841944e+00
2.879999999999999716e+01,-1.620000000000000284e+01,9.729318624441589236e+00
2.879999999999999716e+01,-1.439999999999999147e+01,1.045607478204394525e+01
2.879999999999999716e+01,-1.259999999999999432e+01,1.102670223058440868e+01
2.879999999999999716e+01,-1.079999999999999716e+01,1.124771490750816128e+01
2.879999999999999716e+01,-9.000000000000000000e+00,1.146304460289706206e+01
2.879999999999999716e+01,-7.200000000000002842e+00,1.171350160574688104e+01
2.879999999999999716e+01,-5.399999999999991473e+00,1.190150117473451452e+01
2.879999999999999716e+01,-3.599999999999994316e+00,1.225529516463957336e+01
2.879999999999999716e+01,-1.799999999999997158e+00,1.272584344497348141e+01
2.879999999999999716e+01,0.000000000000000000e+00,1.328628223920330242e+01
2.879999999999999716e+01,1.799999999999997158e+00,1.344651693424236072e+01
2.879999999999999716e+01,3.600000000000008527e+00,1.371323477922582512e+01
2.879999999999999716e+01,5.400000000000005684e+00,1.426756833943626290e+01
2.879999999999999716e+01,7.200000000000002842e+00,1.439337254653875320e+01
2.879999999999999716e+01,9.000000000000000000e+00,1.434449199375138306e+01
2.879999999999999716e+01,1.079999999999999716e+01,1.411369232506034876e+01
2.879999999999999716e+01,1.260000000000000853e+01,1.398929537971469372e+01
2.879999999999999716e+01,1.440000000000000568e+01,1.395543736783337785e+01
2.879999999999999716e+01,1.620000000000000284e+01,1.369033021143924067e+01
2.879999999999999716e+01,1.800000000000000000e+01,1.374888624888625266e+01
2.879999999999999716e+01,1.979999999999999716e+01,1.418966567176649995e+01
2.879999999999999716e+01,2.160000000000000853e+01,1.368067332583740736e+01
2.879999999999999716e+01,2.340000000000000568e+01,1.354126843071915154e+01
2.879999999999999716e+01,2.520000000000000284e+01,1.350620874219446854e+01
2.879999999999999716e+01,2.700000000000000000e+01,1.384274156472375239e+01
2.879999999999999716e+01,2.879999999999999716e+01,1.438090440255237290e+01
2.879999999999999716e+01,3.060000000000000853e+01,1.414485512754941077e+01
2.879999999999999716e+01,3.240000000000000568e+01,1.388570932252460999e+01
2.879999999999999716e+01,3.420000000000000284e+01,1.357709303940020362e+01
2.879999999999999716e+01,3.600000000000000000e+01,1.334050724462981385e+01
2.879999999999999716e+01,3.779999999999999716e+01,1.273804580604470793e+01
2.879999999999999716e+01,3.959999999999999432e+01,1.218902448032077679e+01
2.879999999999999716e+01,4.140000000000000568e+01,1.259623382312428319e+01
2.879999999999999716e+01,4.320000000000001705e+01,1.257491205248219934e+01
2.879999999999999716e+01,4.500000000000000000e+01,1.095889715911214601e+01
2.879999999999999716e+01,4.680000000000001137e+01,1.038170505533952159e+01
2.879999999999999716e+01,4.859999999999999432e+01,9.951625137193031989e+00
2.879999999999999716e+01,5.040000000000000568e+01,9.677124785633548498e+00
2.879999999999999716e+01,5.220000000000001705e+01,9.339805464159940840e+00
2.879999999999999716e+01,5.400000000000000000e+01,9.085444016832713743e+00
2.879999999999999716e+01,5.580000000000001137e+01,8.835664168044679911e+00
2.879999999999999716e+01,5.759999999999999432e+01,8.098577048747092277e+00
2.879999999999999716e+01,5.940000000000000568e+01,7.242150192704539968e+00
2.879999999999999716e+01,6.120000000000001705e+01,6.042898729831795990e+00
2.879999999999999716e+01,6.300000000000000000e+01,5.137689476752663964e+00
2.879999999999999716e+01,6.480000000000001137e+01,4.085823861497920539e+00
2.879999999999999716e+01,6.659999999999999432e+01,2.496567223267475377e+00
2.879999999999999716e+01,6.840000000000000568e+01,3.041203801478354674e+00
2.879999999999999716e+01,7.020000000000001705e+01,1.471806325342942090e+00
2.879999999999999716e+01,7.200000000000000000e+01,1.377978892419435608e+00
2.879999999999999716e+01,7.380000000000001137e+01,2.470472211178008415e+00
2.879999999999999716e+01,7.559999999999999432e+01,2.479844154443472615e+00
2.879999999999999716e+01,7.740000000000000568e+01,3.830017549930788689e+00
2.879999999999999716e+01,7.920000000000001705e+01,5.160564535748078718e+00
2.879999999999999716e+01,8.100000000000000000e+01,5.838960403498926865e+00
2.879999999999999716e+01,8.280000000000001137e+01,6.560536040609129316e+00
2.879999999999999716e+01,8.459999999999999432e+01,8.015691967363485659e+00
2.879999999999999716e+01,8.640000000000000568e+01,8.761533003083792792e+00
2.879999999999999716e+01,8.820000000000001705e+01,9.368399805622415144e+00
2.879999999999999716e+01,9.000000000000000000e+01,1.024999999999999822e+01
3.239999999999999858e+01,-9.000000000000000000e+01,5.250000000000000000e+00
3.239999999999999858e+01,-8.820000000000000284e+01,4.507499999999998508e+00
3.239999999999999858e+01,-8.640000000000000568e+01,2.907500000000008633e+00
3.239999999999999858e+01,-8.459999999999999432e+01,3.238750000000001350e+00
3.239999999999999858e+01,-8.279999999999999716e+01,2.529999999999996252e+00
3.239999999999999858e+01,-8.100000000000000000e+01,3.093749999999999556e+00
3.239999999999999858e+01,-7.920000000000000284e+01,2.537500000000000089e+00
3.239999999999999858e+01,-7.740000000000000568e+01,2.383750000000000924e+00
3.239999999999999858e+01,-7.559999999999999432e+01,2.259999999999998899e+00
3.239999999999999858e+01,-7.379999999999999716e+01,3.842499999999994920e+00
3.239999999999999858e+01,-7.200000000000000000e+01,4.900000000000003908e+00
3.239999999999999858e+01,-7.020000000000000284e+01,5.889999999999998792e+00
3.239999999999999858e+01,-6.840000000000000568e+01,6.660000000000000142e+00
3.239999999999999858e+01,-6.659999999999999432e+01,7.620000000000001883e+00
3.239999999999999858e+01,-6.479999999999999716e+01,7.965000000000000746e+00
3.239999999999999858e+01,-6.300000000000000000e+01,8.637499999999997513e+00
3.239999999999999858e+01,-6.120000000000000284e+01,8.960000000000000853e+00
3.239999999999999858e+01,-5.939999999999999858e+01,9.207500000000001350e+00
3.239999999999999858e+01,-5.760000000000000142e+01,9.454999999999998295e+00
3.239999999999999858e+01,-5.579999999999999716e+01,8.993750000000000355e+00
3.239999999999999858e+01,-5.400000000000000000e+01,9.174999999999998934e+00
3.239999999999999858e+01,-5.219999999999999574e+01,9.447499999999999787e+00
3.239999999999999858e+01,-5.039999999999999858e+01,8.524999999999998579e+00
3.239999999999999858e+01,-4.860000000000000142e+01,8.923749999999996518e+00
3.239999999999999858e+01,-4.679999999999999716e+01,9.979999999999998650e+00
3.239999999999999858e+01,-4.500000000000000000e+01,1.062499999999999645e+01
3.239999999999999858e+01,-4.319999999999999574e+01,1.130500000000000149e+01
3.239999999999999858e+01,-4.139999999999999858e+01,1.204750000000000121e+01
3.239999999999999858e+01,-3.960000000000000142e+01,1.242999999999999972e+01
3.239999999999999858e+01,-3.779999999999999716e+01,1.250000000000000000e+01
3.239999999999999858e+01,-3.600000000000000000e+01,1.197499999999999787e+01
3.239999999999999858e+01,-3.419999999999999574e+01,1.261250000000000071e+01
3.239999999999999858e+01,-3.239999999999999858e+01,1.266000000000000192e+01
3.239999999999999858e+01,-3.060000000000000142e+01,1.258375000000000021e+01
3.239999999999999858e+01,-2.879999999999999716e+01,1.270750000000000135e+01
3.239999999999999858e+01,-2.700000000000000000e+01,1.193750000000000000e+01
3.239999999999999858e+01,-2.520000000000000284e+01,1.101999999999999957e+01
3.239999999999999858e+01,-2.339999999999999147e+01,1.106500000000000128e+01
3.239999999999999858e+01,-2.159999999999999432e+01,1.062999999999999901e+01
3.239999999999999858e+01,-1.979999999999999716e+01,9.487499999999995381e+00
3.239999999999999858e+01,-1.800000000000000000e+01,8.925000000000000711e+00
3.239999999999999858e+01,-1.620000000000000284e+01,9.391249999999997655e+00
3.239999999999999858e+01,-1.439999999999999147e+01,1.018500000000000227e+01
3.239999999999999858e+01,-1.259999999999999432e+01,1.085624999999999929e+01
3.239999999999999858e+01,-1.079999999999999716e+01,1.140499999999999936e+01
3.239999999999999858e+01,-9.000000000000000000e+00,1.210625000000000284e+01
3.239999999999999858e+01,-7.200000000000002842e+00,1.216250000000000142e+01
3.239999999999999858e+01,-5.399999999999991473e+00,1.167624999999999780e+01
3.239999999999999858e+01,-3.599999999999994316e+00,1.202000000000000313e+01
3.239999999999999858e+01,-1.799999999999997158e+00,1.211749999999999972e+01
3.239999999999999858e+01,0.000000000000000000e+00,1.212499999999999645e+01
3.239999999999999858e+01,1.799999999999997158e+00,1.262249999999999872e+01
3.239999999999999858e+01,3.600000000000008527e+00,1.275000000000000000e+01
3.239999999999999858e+01,5.400000000000005684e+00,1.316124999999999368e+01
3.239999999999999858e+01,7.200000000000002842e+00,1.379750000000000121e+01
3.239999999999999858e+01,9.000000000000000000e+00,1.411249999999999716e+01
3.239999999999999858e+01,1.079999999999999716e+01,1.419500000000000028e+01
3.239999999999999858e+01,1.260000000000000853e+01,1.417875000000000085e+01
3.239999999999999858e+01,1.440000000000000568e+01,1.388250000000000739e+01
3.239999999999999858e+01,1.620000000000000284e+01,1.373375000000000590e+01
3.239999999999999858e+01,1.800000000000000000e+01,1.379999999999999716e+01
3.239999999999999858e+01,1.979999999999999716e+01,1.366124999999999545e+01
3.239999999999999858e+01,2.160000000000000853e+01,1.402500000000000568e+01
3.239999999999999858e+01,2.340000000000000568e+01,1.334249999999999758e+01
3.239999999999999858e+01,2.520000000000000284e+01,1.336499999999999844e+01
3.239999999999999858e+01,2.700000000000000000e+01,1.308125000000000071e+01
3.239999999999999858e+01,2.879999999999999716e+01,1.333999999999999986e+01
3.239999999999999858e+01,3.060000000000000853e+01,1.424750000000000227e+01
3.239999999999999858e+01,3.240000000000000568e+01,1.419000000000000838e+01
3.239999999999999858e+01,3.420000000000000284e+01,1.276750000000000185e+01
3.239999999999999858e+01,3.600000000000000000e+01,1.209999999999999787e+01
3.239999999999999858e+01,3.779999999999999716e+01,1.160499999999999687e+01
3.239999999999999858e+01,3.959999999999999432e+01,1.103999999999999382e+01
3.239999999999999858e+01,4.140000000000000568e+01,1.063500000000000156e+01
3.239999999999999858e+01,4.320000000000001705e+01,1.083750000000000036e+01
3.239999999999999858e+01,4.500000000000000000e+01,1.034375000000000178e+01
3.239999999999999858e+01,4.680000000000001137e+01,1.025000000000000000e+01
3.239999999999999858e+01,4.859999999999999432e+01,1.036500000000000021e+01
3.239999999999999858e+01,5.040000000000000568e+01,1.041999999999999282e+01
3.239999999999999858e+01,5.220000000000001705e+01,9.013749999999991047e+00
3.239999999999999858e+01,5.400000000000000000e+01,8.199999999999999289e+00
3.239999999999999858e+01,5.580000000000001137e+01,8.333750000000001990e+00
3.239999999999999858e+01,5.759999999999999432e+01,7.512500000000006395e+00
3.239999999999999858e+01,5.940000000000000568e+01,6.745000000000008100e+00
3.239999999999999858e+01,6.120000000000001705e+01,5.579999999999999183e+00
3.239999999999999858e+01,6.300000000000000000e+01,5.587499999999985256e+00
3.239999999999999858e+01,6.480000000000001137e+01,3.005000000000005667e+00
3.239999999999999858e+01,6.659999999999999432e+01,1.467500000000002913e+00
3.239999999999999858e+01,6.840000000000000568e+01,9.799999999999988720e-01
3.239999999999999858e+01,7.020000000000001705e+01,-1.027500000000000524e+00
3.239999999999999858e+01,7.200000000000000000e+01,-1.249999999999999556e+00
3.239999999999999858e+01,7.380000000000001137e+01,-1.114999999999995328e+00
3.239999999999999858e+01,7.559999999999999432e+01,4.099999999999816569e-01
3.239999999999999858e+01,7.740000000000000568e+01,2.267500000000001403e+00
3.239999999999999858e+01,7.920000000000001705e+01,2.634999999999999343e+00
3.239999999999999858e+01,8.100000000000000000e+01,4.893749999999982947e+00
3.239999999999999858e+01,8.280000000000001137e+01,7.530000000000015348e+00
3.239999999999999858e+01,8.459999999999999432e+01,5.369999999999985896e+00
3.239999999999999858e+01,8.640000000000000568e+01,9.250000000000000000e+00
3.239999999999999858e+01,8.820000000000001705e+01,9.257499999999998508e+00
3.239999999999999858e+01,9.000000000000000000e+01,1.000000000000000000e+01
