Category,speed,direction,lane,episode,Time header,Image_path
Cat1,15mph,lr,opposite,0,1624826303.4377363,/media/batool/MULTIMODAL_DATA/Multimodal_Data/Cat1/opposite/bag_files/Cat1_15mph_lr_opposite_0/camera_images/1624826303.4377363.jpg
Cat1,15mph,lr,opposite,0,1624826303.4710696,/media/batool/MULTIMODAL_DATA/Multimodal_Data/Cat1/opposite/bag_files/Cat1_15mph_lr_opposite_0/camera_images/1624826303.4710696.jpg
Cat1,15mph,lr,opposite,0,1624826303.5044029,/media/batool/MULTIMODAL_DATA/Multimodal_Data/Cat1/opposite/bag_files/Cat1_15mph_lr_opposite_0/camera_images/1624826303.5044029.jpg
Cat1,15mph,lr,opposite,0,1624826303.5377362,/media/batool/MULTIMODAL_DATA/Multimodal_Data/Cat1/opposite/bag_files/Cat1_15mph_lr_opposite_0/camera_images/1624826303.5377362.jpg
Cat1,15mph,lr,opposite,0,1624826303.5710695,/media/batool/MULTIMODAL_DATA/Multimodal_Data/Cat1/opposite/bag_files/Cat1_15mph_lr_opposite_0/camera_images/1624826303.5710695.jpg
Cat1,15mph,lr,opposite,0,1624826303.6044028,/media/batool/MULTIMODAL_DATA/Multimodal_Data/Cat1/opposite/bag_files/Cat1_15mph_lr_opposite_0/camera_images/1624826303.6044028.jpg
Cat1,15mph,lr,opposite,0,1624826303.637736,/media/batool/MULTIMODAL_DATA/Multimodal_Data/Cat1/opposite/bag_files/Cat1_15mph_lr_opposite_0/camera_images/1624826303.637736.jpg
Cat1,15mph,lr,opposite,0,1624826303.6710694,/media/batool/MULTIMODAL_DATA/Multimodal_Data/Cat1/opposite/bag_files/Cat1_15mph_lr_opposite_0/camera_images/1624826303.6710694.jpg
Cat1,15mph,lr,opposite,0,1624826303.7044027,/media/batool/MULTIMODAL_DATA/Multimodal_Data/Cat1/opposite/bag_files/Cat1_15mph_lr_opposite_0/camera_images/1624826303.7044027.jpg
Cat1,15mph,lr,opposite,0,1624826303.737736,/media/batool/MULTIMODAL_DATA/Multimodal_Data/Cat1/opposite/bag_files/Cat1_15mph_lr_opposite_0/camera_images/1624826303.737736.jpg
Cat1,15mph,lr,opposite,0,1624826303.7710693,/media/batool/MULTIMODAL_DATA/Multimodal_Data/Cat1/opposite/bag_files/Cat1_15mph_lr_opposite_0/camera_images/1624826303.7710693.jpg
Cat1,15mph,lr,opposite,0,1624826303.8044026,/media/batool/MULTIMODAL_DATA/Multimodal_Data/Cat1/opposite/bag_files/Cat1_15mph_lr_opposite_0/camera_images/1624826303.8044026.jpg
Cat1,15mph,lr,opposite,0,1624826303.837736,/media/batool/MULTIMODAL_DATA/Multimodal_Data/Cat1/opposite/bag_files/Cat1_15mph_lr_opposite_0/camera_images/1624826303.837736.jpg
Cat1,15mph,lr,opposite,0,1624826303.8710692,/media/batool/MULTIMODAL_DATA/Multimodal_Data/Cat1/opposite/bag_files/Cat1_15mph_lr_opposite_0/camera_images/1624826303.8710692.jpg
Cat1,15mph,lr,opposite,0,1624826303.9044025,/media/batool/MULTIMODAL_DATA/Multimodal_Data/Cat1/opposite/bag_files/Cat1_15mph_lr_opposite_0/camera_images/1624826303.9044025.jpg
Cat1,15mph,lr,opposite,0,1624826303.971069,/media/batool/MULTIMODAL_DATA/Multimodal_Data/Cat1/opposite/bag_files/Cat1_15mph_lr_opposite_0/camera_images/1624826303.971069.jpg
Cat1,15mph,lr,opposite,0,1624826304.0044024,/media/batool/MULTIMODAL_DATA/Multimodal_Data/Cat1/opposite/bag_files/Cat1_15mph_lr_opposite_0/camera_images/1624826304.0044024.jpg
Cat1,15mph,lr,opposite,0,1624826304.0377357,/media/batool/MULTIMODAL_DATA/Multimodal_Data/Cat1/opposite/bag_files/Cat1_15mph_lr_opposite_0/camera_images/1624826304.0377357.jpg
Cat1,15mph,lr,opposite,0,1624826304.071069,/media/batool/MULTIMODAL_DATA/Multimodal_Data/Cat1/opposite/bag_files/Cat1_15mph_lr_opposite_0/camera_images/1624826304.071069.jpg
Cat1,15mph,lr,opposite,0,1624826304.1044023,/media/batool/MULTIMODAL_DATA/Multimodal_Data/Cat1/opposite/bag_files/Cat1_15mph_lr_opposite_0/camera_images/1624826304.1044023.jpg
Cat1,15mph,lr,opposite,0,1624826304.1377356,/media/batool/MULTIMODAL_DATA/Multimodal_Data/Cat1/opposite/bag_files/Cat1_15mph_lr_opposite_0/camera_images/1624826304.1377356.jpg
Cat1,15mph,lr,opposite,0,1624826304.171069,/media/batool/MULTIMODAL_DATA/Multimodal_Data/Cat1/opposite/bag_files/Cat1_15mph_lr_opposite_0/camera_images/1624826304.171069.jpg
Cat1,15mph,lr,opposite,0,1624826304.2044022,/media/batool/MULTIMODAL_DATA/Multimodal_Data/Cat1/opposite/bag_files/Cat1_15mph_lr_opposite_0/camera_images/1624826304.2044022.jpg
Cat1,15mph,lr,opposite,0,1624826304.2377355,/media/batool/MULTIMODAL_DATA/Multimodal_Data/Cat1/opposite/bag_files/Cat1_15mph_lr_opposite_0/camera_images/1624826304.2377355.jpg
Cat1,15mph,lr,opposite,0,1624826304.2710688,/media/batool/MULTIMODAL_DATA/Multimodal_Data/Cat1/opposite/bag_files/Cat1_15mph_lr_opposite_0/camera_images/1624826304.2710688.jpg
Cat1,15mph,lr,opposite,0,1624826304.304402,/media/batool/MULTIMODAL_DATA/Multimodal_Data/Cat1/opposite/bag_files/Cat1_15mph_lr_opposite_0/camera_images/1624826304.304402.jpg
Cat1,15mph,lr,opposite,0,1624826304.3377354,/media/batool/MULTIMODAL_DATA/Multimodal_Data/Cat1/opposite/bag_files/Cat1_15mph_lr_opposite_0/camera_images/1624826304.3377354.jpg
Cat1,15mph,lr,opposite,0,1624826304.3710687,/media/batool/MULTIMODAL_DATA/Multimodal_Data/Cat1/opposite/bag_files/Cat1_15mph_lr_opposite_0/camera_images/1624826304.3710687.jpg
Cat1,15mph,lr,opposite,0,1624826304.404402,/media/batool/MULTIMODAL_DATA/Multimodal_Data/Cat1/opposite/bag_files/Cat1_15mph_lr_opposite_0/camera_images/1624826304.404402.jpg
Cat1,15mph,lr,opposite,0,1624826304.4377353,/media/batool/MULTIMODAL_DATA/Multimodal_Data/Cat1/opposite/bag_files/Cat1_15mph_lr_opposite_0/camera_images/1624826304.4377353.jpg
Cat1,15mph,lr,opposite,0,1624826304.504402,/media/batool/MULTIMODAL_DATA/Multimodal_Data/Cat1/opposite/bag_files/Cat1_15mph_lr_opposite_0/camera_images/1624826304.504402.jpg
Cat1,15mph,lr,opposite,0,1624826304.5377352,/media/batool/MULTIMODAL_DATA/Multimodal_Data/Cat1/opposite/bag_files/Cat1_15mph_lr_opposite_0/camera_images/1624826304.5377352.jpg
Cat1,15mph,lr,opposite,0,1624826304.5710685,/media/batool/MULTIMODAL_DATA/Multimodal_Data/Cat1/opposite/bag_files/Cat1_15mph_lr_opposite_0/camera_images/1624826304.5710685.jpg
Cat1,15mph,lr,opposite,0,1624826304.6044018,/media/batool/MULTIMODAL_DATA/Multimodal_Data/Cat1/opposite/bag_files/Cat1_15mph_lr_opposite_0/camera_images/1624826304.6044018.jpg
Cat1,15mph,lr,opposite,0,1624826304.6377351,/media/batool/MULTIMODAL_DATA/Multimodal_Data/Cat1/opposite/bag_files/Cat1_15mph_lr_opposite_0/camera_images/1624826304.6377351.jpg
Cat1,15mph,lr,opposite,0,1624826304.6710684,/media/batool/MULTIMODAL_DATA/Multimodal_Data/Cat1/opposite/bag_files/Cat1_15mph_lr_opposite_0/camera_images/1624826304.6710684.jpg
Cat1,15mph,lr,opposite,0,1624826304.7044017,/media/batool/MULTIMODAL_DATA/Multimodal_Data/Cat1/opposite/bag_files/Cat1_15mph_lr_opposite_0/camera_images/1624826304.7044017.jpg
Cat1,15mph,lr,opposite,0,1624826304.737735,/media/batool/MULTIMODAL_DATA/Multimodal_Data/Cat1/opposite/bag_files/Cat1_15mph_lr_opposite_0/camera_images/1624826304.737735.jpg
Cat1,15mph,lr,opposite,0,1624826304.7710683,/media/batool/MULTIMODAL_DATA/Multimodal_Data/Cat1/opposite/bag_files/Cat1_15mph_lr_opposite_0/camera_images/1624826304.7710683.jpg
Cat1,15mph,lr,opposite,0,1624826304.8044016,/media/batool/MULTIMODAL_DATA/Multimodal_Data/Cat1/opposite/bag_files/Cat1_15mph_lr_opposite_0/camera_images/1624826304.8044016.jpg
Cat1,15mph,lr,opposite,0,1624826304.837735,/media/batool/MULTIMODAL_DATA/Multimodal_Data/Cat1/opposite/bag_files/Cat1_15mph_lr_opposite_0/camera_images/1624826304.837735.jpg
Cat1,15mph,lr,opposite,0,1624826304.8710682,/media/batool/MULTIMODAL_DATA/Multimodal_Data/Cat1/opposite/bag_files/Cat1_15mph_lr_opposite_0/camera_images/1624826304.8710682.jpg
Cat1,15mph,lr,opposite,0,1624826304.9044015,/media/batool/MULTIMODAL_DATA/Multimodal_Data/Cat1/opposite/bag_files/Cat1_15mph_lr_opposite_0/camera_images/1624826304.9044015.jpg
Cat1,15mph,lr,opposite,0,1624826304.9377348,/media/batool/MULTIMODAL_DATA/Multimodal_Data/Cat1/opposite/bag_files/Cat1_15mph_lr_opposite_0/camera_images/1624826304.9377348.jpg
Cat1,15mph,lr,opposite,0,1624826304.9710681,/media/batool/MULTIMODAL_DATA/Multimodal_Data/Cat1/opposite/bag_files/Cat1_15mph_lr_opposite_0/camera_images/1624826304.9710681.jpg
Cat1,15mph,lr,opposite,0,1624826305.0377347,/media/batool/MULTIMODAL_DATA/Multimodal_Data/Cat1/opposite/bag_files/Cat1_15mph_lr_opposite_0/camera_images/1624826305.0377347.jpg
Cat1,15mph,lr,opposite,0,1624826305.071068,/media/batool/MULTIMODAL_DATA/Multimodal_Data/Cat1/opposite/bag_files/Cat1_15mph_lr_opposite_0/camera_images/1624826305.071068.jpg
Cat1,15mph,lr,opposite,0,1624826305.1044014,/media/batool/MULTIMODAL_DATA/Multimodal_Data/Cat1/opposite/bag_files/Cat1_15mph_lr_opposite_0/camera_images/1624826305.1044014.jpg
Cat1,15mph,lr,opposite,0,1624826305.1377347,/media/batool/MULTIMODAL_DATA/Multimodal_Data/Cat1/opposite/bag_files/Cat1_15mph_lr_opposite_0/camera_images/1624826305.1377347.jpg
Cat1,15mph,lr,opposite,0,1624826305.171068,/media/batool/MULTIMODAL_DATA/Multimodal_Data/Cat1/opposite/bag_files/Cat1_15mph_lr_opposite_0/camera_images/1624826305.171068.jpg
Cat1,15mph,lr,opposite,0,1624826305.2044013,/media/batool/MULTIMODAL_DATA/Multimodal_Data/Cat1/opposite/bag_files/Cat1_15mph_lr_opposite_0/camera_images/1624826305.2044013.jpg
Cat1,15mph,lr,opposite,0,1624826305.2377346,/media/batool/MULTIMODAL_DATA/Multimodal_Data/Cat1/opposite/bag_files/Cat1_15mph_lr_opposite_0/camera_images/1624826305.2377346.jpg
Cat1,15mph,lr,opposite,0,1624826305.2710679,/media/batool/MULTIMODAL_DATA/Multimodal_Data/Cat1/opposite/bag_files/Cat1_15mph_lr_opposite_0/camera_images/1624826305.2710679.jpg
Cat1,15mph,lr,opposite,0,1624826305.3044012,/media/batool/MULTIMODAL_DATA/Multimodal_Data/Cat1/opposite/bag_files/Cat1_15mph_lr_opposite_0/camera_images/1624826305.3044012.jpg
Cat1,15mph,lr,opposite,0,1624826305.3377345,/media/batool/MULTIMODAL_DATA/Multimodal_Data/Cat1/opposite/bag_files/Cat1_15mph_lr_opposite_0/camera_images/1624826305.3377345.jpg
Cat1,15mph,lr,opposite,0,1624826305.3710678,/media/batool/MULTIMODAL_DATA/Multimodal_Data/Cat1/opposite/bag_files/Cat1_15mph_lr_opposite_0/camera_images/1624826305.3710678.jpg
Cat1,15mph,lr,opposite,0,1624826305.404401,/media/batool/MULTIMODAL_DATA/Multimodal_Data/Cat1/opposite/bag_files/Cat1_15mph_lr_opposite_0/camera_images/1624826305.404401.jpg
Cat1,15mph,lr,opposite,0,1624826305.4377344,/media/batool/MULTIMODAL_DATA/Multimodal_Data/Cat1/opposite/bag_files/Cat1_15mph_lr_opposite_0/camera_images/1624826305.4377344.jpg
Cat1,15mph,lr,opposite,0,1624826305.4710677,/media/batool/MULTIMODAL_DATA/Multimodal_Data/Cat1/opposite/bag_files/Cat1_15mph_lr_opposite_0/camera_images/1624826305.4710677.jpg
Cat1,15mph,lr,opposite,0,1624826305.504401,/media/batool/MULTIMODAL_DATA/Multimodal_Data/Cat1/opposite/bag_files/Cat1_15mph_lr_opposite_0/camera_images/1624826305.504401.jpg
Cat1,15mph,lr,opposite,0,1624826303.9377358,/media/batool/MULTIMODAL_DATA/Multimodal_Data/Cat1/opposite/bag_files/Cat1_15mph_lr_opposite_0/camera_images/1624826303.9377358.jpg
Cat1,15mph,lr,opposite,0,1624826304.4710686,/media/batool/MULTIMODAL_DATA/Multimodal_Data/Cat1/opposite/bag_files/Cat1_15mph_lr_opposite_0/camera_images/1624826304.4710686.jpg
Cat1,15mph,lr,opposite,0,1624826305.0044014,/media/batool/MULTIMODAL_DATA/Multimodal_Data/Cat1/opposite/bag_files/Cat1_15mph_lr_opposite_0/camera_images/1624826305.0044014.jpg
Cat1,15mph,lr,opposite,0,1624826305.5377343,/media/batool/MULTIMODAL_DATA/Multimodal_Data/Cat1/opposite/bag_files/Cat1_15mph_lr_opposite_0/camera_images/1624826305.5377343.jpg
Cat1,15mph,lr,opposite,0,1624826306.071067,/media/batool/MULTIMODAL_DATA/Multimodal_Data/Cat1/opposite/bag_files/Cat1_15mph_lr_opposite_0/camera_images/1624826306.071067.jpg
Cat1,15mph,lr,opposite,0,1624826306.6044,/media/batool/MULTIMODAL_DATA/Multimodal_Data/Cat1/opposite/bag_files/Cat1_15mph_lr_opposite_0/camera_images/1624826306.6044.jpg
Cat1,15mph,lr,opposite,0,1624826307.1377327,/media/batool/MULTIMODAL_DATA/Multimodal_Data/Cat1/opposite/bag_files/Cat1_15mph_lr_opposite_0/camera_images/1624826307.1377327.jpg
Cat1,15mph,lr,opposite,0,1624826307.6710656,/media/batool/MULTIMODAL_DATA/Multimodal_Data/Cat1/opposite/bag_files/Cat1_15mph_lr_opposite_0/camera_images/1624826307.6710656.jpg
Cat1,15mph,lr,opposite,0,1624826308.2043984,/media/batool/MULTIMODAL_DATA/Multimodal_Data/Cat1/opposite/bag_files/Cat1_15mph_lr_opposite_0/camera_images/1624826308.2043984.jpg
Cat1,15mph,lr,opposite,0,1624826308.7377312,/media/batool/MULTIMODAL_DATA/Multimodal_Data/Cat1/opposite/bag_files/Cat1_15mph_lr_opposite_0/camera_images/1624826308.7377312.jpg
Cat1,15mph,lr,opposite,0,1624826309.271064,/media/batool/MULTIMODAL_DATA/Multimodal_Data/Cat1/opposite/bag_files/Cat1_15mph_lr_opposite_0/camera_images/1624826309.271064.jpg
Cat1,15mph,lr,opposite,0,1624826309.8043969,/media/batool/MULTIMODAL_DATA/Multimodal_Data/Cat1/opposite/bag_files/Cat1_15mph_lr_opposite_0/camera_images/1624826309.8043969.jpg
Cat1,15mph,lr,opposite,0,1624826310.3377297,/media/batool/MULTIMODAL_DATA/Multimodal_Data/Cat1/opposite/bag_files/Cat1_15mph_lr_opposite_0/camera_images/1624826310.3377297.jpg
Cat1,15mph,lr,opposite,0,1624826310.8710625,/media/batool/MULTIMODAL_DATA/Multimodal_Data/Cat1/opposite/bag_files/Cat1_15mph_lr_opposite_0/camera_images/1624826310.8710625.jpg
Cat1,15mph,lr,opposite,0,1624826311.4043953,/media/batool/MULTIMODAL_DATA/Multimodal_Data/Cat1/opposite/bag_files/Cat1_15mph_lr_opposite_0/camera_images/1624826311.4043953.jpg
Cat1,15mph,lr,opposite,0,1624826311.9377282,/media/batool/MULTIMODAL_DATA/Multimodal_Data/Cat1/opposite/bag_files/Cat1_15mph_lr_opposite_0/camera_images/1624826311.9377282.jpg
Cat1,15mph,lr,opposite,0,1624826312.471061,/media/batool/MULTIMODAL_DATA/Multimodal_Data/Cat1/opposite/bag_files/Cat1_15mph_lr_opposite_0/camera_images/1624826312.471061.jpg
Cat1,15mph,lr,opposite,0,1624826313.0043938,/media/batool/MULTIMODAL_DATA/Multimodal_Data/Cat1/opposite/bag_files/Cat1_15mph_lr_opposite_0/camera_images/1624826313.0043938.jpg
Cat1,15mph,lr,opposite,0,1624826313.5377266,/media/batool/MULTIMODAL_DATA/Multimodal_Data/Cat1/opposite/bag_files/Cat1_15mph_lr_opposite_0/camera_images/1624826313.5377266.jpg
Cat1,15mph,lr,opposite,0,1624826314.0710595,/media/batool/MULTIMODAL_DATA/Multimodal_Data/Cat1/opposite/bag_files/Cat1_15mph_lr_opposite_0/camera_images/1624826314.0710595.jpg
Cat1,15mph,lr,opposite,0,1624826314.6043923,/media/batool/MULTIMODAL_DATA/Multimodal_Data/Cat1/opposite/bag_files/Cat1_15mph_lr_opposite_0/camera_images/1624826314.6043923.jpg
Cat1,15mph,lr,opposite,0,1624826315.137725,/media/batool/MULTIMODAL_DATA/Multimodal_Data/Cat1/opposite/bag_files/Cat1_15mph_lr_opposite_0/camera_images/1624826315.137725.jpg
Cat1,15mph,lr,opposite,0,1624826315.671058,/media/batool/MULTIMODAL_DATA/Multimodal_Data/Cat1/opposite/bag_files/Cat1_15mph_lr_opposite_0/camera_images/1624826315.671058.jpg
Cat1,15mph,lr,opposite,0,1624826316.2043908,/media/batool/MULTIMODAL_DATA/Multimodal_Data/Cat1/opposite/bag_files/Cat1_15mph_lr_opposite_0/camera_images/1624826316.2043908.jpg
Cat1,15mph,lr,opposite,0,1624826316.7377236,/media/batool/MULTIMODAL_DATA/Multimodal_Data/Cat1/opposite/bag_files/Cat1_15mph_lr_opposite_0/camera_images/1624826316.7377236.jpg
Cat1,15mph,lr,opposite,0,1624826317.2710564,/media/batool/MULTIMODAL_DATA/Multimodal_Data/Cat1/opposite/bag_files/Cat1_15mph_lr_opposite_0/camera_images/1624826317.2710564.jpg
Cat1,15mph,lr,opposite,0,1624826317.8043892,/media/batool/MULTIMODAL_DATA/Multimodal_Data/Cat1/opposite/bag_files/Cat1_15mph_lr_opposite_0/camera_images/1624826317.8043892.jpg
Cat1,15mph,lr,opposite,0,1624826305.5710676,/media/batool/MULTIMODAL_DATA/Multimodal_Data/Cat1/opposite/bag_files/Cat1_15mph_lr_opposite_0/camera_images/1624826305.5710676.jpg
Cat1,15mph,lr,opposite,0,1624826305.6044009,/media/batool/MULTIMODAL_DATA/Multimodal_Data/Cat1/opposite/bag_files/Cat1_15mph_lr_opposite_0/camera_images/1624826305.6044009.jpg
Cat1,15mph,lr,opposite,0,1624826305.6377342,/media/batool/MULTIMODAL_DATA/Multimodal_Data/Cat1/opposite/bag_files/Cat1_15mph_lr_opposite_0/camera_images/1624826305.6377342.jpg
Cat1,15mph,lr,opposite,0,1624826305.6710675,/media/batool/MULTIMODAL_DATA/Multimodal_Data/Cat1/opposite/bag_files/Cat1_15mph_lr_opposite_0/camera_images/1624826305.6710675.jpg
Cat1,15mph,lr,opposite,0,1624826305.7044008,/media/batool/MULTIMODAL_DATA/Multimodal_Data/Cat1/opposite/bag_files/Cat1_15mph_lr_opposite_0/camera_images/1624826305.7044008.jpg
Cat1,15mph,lr,opposite,0,1624826305.737734,/media/batool/MULTIMODAL_DATA/Multimodal_Data/Cat1/opposite/bag_files/Cat1_15mph_lr_opposite_0/camera_images/1624826305.737734.jpg
Cat1,15mph,lr,opposite,0,1624826305.7710674,/media/batool/MULTIMODAL_DATA/Multimodal_Data/Cat1/opposite/bag_files/Cat1_15mph_lr_opposite_0/camera_images/1624826305.7710674.jpg
Cat1,15mph,lr,opposite,0,1624826305.8044007,/media/batool/MULTIMODAL_DATA/Multimodal_Data/Cat1/opposite/bag_files/Cat1_15mph_lr_opposite_0/camera_images/1624826305.8044007.jpg
Cat1,15mph,lr,opposite,0,1624826305.837734,/media/batool/MULTIMODAL_DATA/Multimodal_Data/Cat1/opposite/bag_files/Cat1_15mph_lr_opposite_0/camera_images/1624826305.837734.jpg
Cat1,15mph,lr,opposite,0,1624826305.8710673,/media/batool/MULTIMODAL_DATA/Multimodal_Data/Cat1/opposite/bag_files/Cat1_15mph_lr_opposite_0/camera_images/1624826305.8710673.jpg
Cat1,15mph,lr,opposite,0,1624826305.9044006,/media/batool/MULTIMODAL_DATA/Multimodal_Data/Cat1/opposite/bag_files/Cat1_15mph_lr_opposite_0/camera_images/1624826305.9044006.jpg
Cat1,15mph,lr,opposite,0,1624826305.937734,/media/batool/MULTIMODAL_DATA/Multimodal_Data/Cat1/opposite/bag_files/Cat1_15mph_lr_opposite_0/camera_images/1624826305.937734.jpg
Cat1,15mph,lr,opposite,0,1624826305.9710672,/media/batool/MULTIMODAL_DATA/Multimodal_Data/Cat1/opposite/bag_files/Cat1_15mph_lr_opposite_0/camera_images/1624826305.9710672.jpg
Cat1,15mph,lr,opposite,0,1624826306.0044005,/media/batool/MULTIMODAL_DATA/Multimodal_Data/Cat1/opposite/bag_files/Cat1_15mph_lr_opposite_0/camera_images/1624826306.0044005.jpg
Cat1,15mph,lr,opposite,0,1624826306.0377338,/media/batool/MULTIMODAL_DATA/Multimodal_Data/Cat1/opposite/bag_files/Cat1_15mph_lr_opposite_0/camera_images/1624826306.0377338.jpg
Cat1,15mph,lr,opposite,0,1624826306.1044004,/media/batool/MULTIMODAL_DATA/Multimodal_Data/Cat1/opposite/bag_files/Cat1_15mph_lr_opposite_0/camera_images/1624826306.1044004.jpg
Cat1,15mph,lr,opposite,0,1624826306.1377337,/media/batool/MULTIMODAL_DATA/Multimodal_Data/Cat1/opposite/bag_files/Cat1_15mph_lr_opposite_0/camera_images/1624826306.1377337.jpg
Cat1,15mph,lr,opposite,0,1624826306.171067,/media/batool/MULTIMODAL_DATA/Multimodal_Data/Cat1/opposite/bag_files/Cat1_15mph_lr_opposite_0/camera_images/1624826306.171067.jpg
Cat1,15mph,lr,opposite,0,1624826306.2044003,/media/batool/MULTIMODAL_DATA/Multimodal_Data/Cat1/opposite/bag_files/Cat1_15mph_lr_opposite_0/camera_images/1624826306.2044003.jpg
Cat1,15mph,lr,opposite,0,1624826306.2377336,/media/batool/MULTIMODAL_DATA/Multimodal_Data/Cat1/opposite/bag_files/Cat1_15mph_lr_opposite_0/camera_images/1624826306.2377336.jpg
Cat1,15mph,lr,opposite,0,1624826306.271067,/media/batool/MULTIMODAL_DATA/Multimodal_Data/Cat1/opposite/bag_files/Cat1_15mph_lr_opposite_0/camera_images/1624826306.271067.jpg
Cat1,15mph,lr,opposite,0,1624826306.3044002,/media/batool/MULTIMODAL_DATA/Multimodal_Data/Cat1/opposite/bag_files/Cat1_15mph_lr_opposite_0/camera_images/1624826306.3044002.jpg
Cat1,15mph,lr,opposite,0,1624826306.3377335,/media/batool/MULTIMODAL_DATA/Multimodal_Data/Cat1/opposite/bag_files/Cat1_15mph_lr_opposite_0/camera_images/1624826306.3377335.jpg
Cat1,15mph,lr,opposite,0,1624826306.3710668,/media/batool/MULTIMODAL_DATA/Multimodal_Data/Cat1/opposite/bag_files/Cat1_15mph_lr_opposite_0/camera_images/1624826306.3710668.jpg
Cat1,15mph,lr,opposite,0,1624826306.4044,/media/batool/MULTIMODAL_DATA/Multimodal_Data/Cat1/opposite/bag_files/Cat1_15mph_lr_opposite_0/camera_images/1624826306.4044.jpg
Cat1,15mph,lr,opposite,0,1624826306.4377334,/media/batool/MULTIMODAL_DATA/Multimodal_Data/Cat1/opposite/bag_files/Cat1_15mph_lr_opposite_0/camera_images/1624826306.4377334.jpg
Cat1,15mph,lr,opposite,0,1624826306.4710667,/media/batool/MULTIMODAL_DATA/Multimodal_Data/Cat1/opposite/bag_files/Cat1_15mph_lr_opposite_0/camera_images/1624826306.4710667.jpg
Cat1,15mph,lr,opposite,0,1624826306.5044,/media/batool/MULTIMODAL_DATA/Multimodal_Data/Cat1/opposite/bag_files/Cat1_15mph_lr_opposite_0/camera_images/1624826306.5044.jpg
Cat1,15mph,lr,opposite,0,1624826306.5377333,/media/batool/MULTIMODAL_DATA/Multimodal_Data/Cat1/opposite/bag_files/Cat1_15mph_lr_opposite_0/camera_images/1624826306.5377333.jpg
Cat1,15mph,lr,opposite,0,1624826306.5710666,/media/batool/MULTIMODAL_DATA/Multimodal_Data/Cat1/opposite/bag_files/Cat1_15mph_lr_opposite_0/camera_images/1624826306.5710666.jpg
Cat1,15mph,lr,opposite,0,1624826306.6377332,/media/batool/MULTIMODAL_DATA/Multimodal_Data/Cat1/opposite/bag_files/Cat1_15mph_lr_opposite_0/camera_images/1624826306.6377332.jpg
Cat1,15mph,lr,opposite,0,1624826306.6710665,/media/batool/MULTIMODAL_DATA/Multimodal_Data/Cat1/opposite/bag_files/Cat1_15mph_lr_opposite_0/camera_images/1624826306.6710665.jpg
Cat1,15mph,lr,opposite,0,1624826306.7043998,/media/batool/MULTIMODAL_DATA/Multimodal_Data/Cat1/opposite/bag_files/Cat1_15mph_lr_opposite_0/camera_images/1624826306.7043998.jpg
Cat1,15mph,lr,opposite,0,1624826306.7377331,/media/batool/MULTIMODAL_DATA/Multimodal_Data/Cat1/opposite/bag_files/Cat1_15mph_lr_opposite_0/camera_images/1624826306.7377331.jpg
Cat1,15mph,lr,opposite,0,1624826306.7710664,/media/batool/MULTIMODAL_DATA/Multimodal_Data/Cat1/opposite/bag_files/Cat1_15mph_lr_opposite_0/camera_images/1624826306.7710664.jpg
Cat1,15mph,lr,opposite,0,1624826306.8043997,/media/batool/MULTIMODAL_DATA/Multimodal_Data/Cat1/opposite/bag_files/Cat1_15mph_lr_opposite_0/camera_images/1624826306.8043997.jpg
Cat1,15mph,lr,opposite,0,1624826306.837733,/media/batool/MULTIMODAL_DATA/Multimodal_Data/Cat1/opposite/bag_files/Cat1_15mph_lr_opposite_0/camera_images/1624826306.837733.jpg
Cat1,15mph,lr,opposite,0,1624826306.8710663,/media/batool/MULTIMODAL_DATA/Multimodal_Data/Cat1/opposite/bag_files/Cat1_15mph_lr_opposite_0/camera_images/1624826306.8710663.jpg
Cat1,15mph,lr,opposite,0,1624826306.9043996,/media/batool/MULTIMODAL_DATA/Multimodal_Data/Cat1/opposite/bag_files/Cat1_15mph_lr_opposite_0/camera_images/1624826306.9043996.jpg
Cat1,15mph,lr,opposite,0,1624826306.937733,/media/batool/MULTIMODAL_DATA/Multimodal_Data/Cat1/opposite/bag_files/Cat1_15mph_lr_opposite_0/camera_images/1624826306.937733.jpg
Cat1,15mph,lr,opposite,0,1624826306.9710662,/media/batool/MULTIMODAL_DATA/Multimodal_Data/Cat1/opposite/bag_files/Cat1_15mph_lr_opposite_0/camera_images/1624826306.9710662.jpg
Cat1,15mph,lr,opposite,0,1624826307.0043995,/media/batool/MULTIMODAL_DATA/Multimodal_Data/Cat1/opposite/bag_files/Cat1_15mph_lr_opposite_0/camera_images/1624826307.0043995.jpg
Cat1,15mph,lr,opposite,0,1624826307.0377328,/media/batool/MULTIMODAL_DATA/Multimodal_Data/Cat1/opposite/bag_files/Cat1_15mph_lr_opposite_0/camera_images/1624826307.0377328.jpg
Cat1,15mph,lr,opposite,0,1624826307.0710661,/media/batool/MULTIMODAL_DATA/Multimodal_Data/Cat1/opposite/bag_files/Cat1_15mph_lr_opposite_0/camera_images/1624826307.0710661.jpg
Cat1,15mph,lr,opposite,0,1624826307.1043994,/media/batool/MULTIMODAL_DATA/Multimodal_Data/Cat1/opposite/bag_files/Cat1_15mph_lr_opposite_0/camera_images/1624826307.1043994.jpg
Cat1,15mph,lr,opposite,0,1624826307.171066,/media/batool/MULTIMODAL_DATA/Multimodal_Data/Cat1/opposite/bag_files/Cat1_15mph_lr_opposite_0/camera_images/1624826307.171066.jpg
Cat1,15mph,lr,opposite,0,1624826307.2043993,/media/batool/MULTIMODAL_DATA/Multimodal_Data/Cat1/opposite/bag_files/Cat1_15mph_lr_opposite_0/camera_images/1624826307.2043993.jpg
Cat1,15mph,lr,opposite,0,1624826307.2377326,/media/batool/MULTIMODAL_DATA/Multimodal_Data/Cat1/opposite/bag_files/Cat1_15mph_lr_opposite_0/camera_images/1624826307.2377326.jpg
Cat1,15mph,lr,opposite,0,1624826307.271066,/media/batool/MULTIMODAL_DATA/Multimodal_Data/Cat1/opposite/bag_files/Cat1_15mph_lr_opposite_0/camera_images/1624826307.271066.jpg
Cat1,15mph,lr,opposite,0,1624826307.3043993,/media/batool/MULTIMODAL_DATA/Multimodal_Data/Cat1/opposite/bag_files/Cat1_15mph_lr_opposite_0/camera_images/1624826307.3043993.jpg
Cat1,15mph,lr,opposite,0,1624826307.3377326,/media/batool/MULTIMODAL_DATA/Multimodal_Data/Cat1/opposite/bag_files/Cat1_15mph_lr_opposite_0/camera_images/1624826307.3377326.jpg
Cat1,15mph,lr,opposite,0,1624826307.3710659,/media/batool/MULTIMODAL_DATA/Multimodal_Data/Cat1/opposite/bag_files/Cat1_15mph_lr_opposite_0/camera_images/1624826307.3710659.jpg
Cat1,15mph,lr,opposite,0,1624826307.4043992,/media/batool/MULTIMODAL_DATA/Multimodal_Data/Cat1/opposite/bag_files/Cat1_15mph_lr_opposite_0/camera_images/1624826307.4043992.jpg
Cat1,15mph,lr,opposite,0,1624826307.4377325,/media/batool/MULTIMODAL_DATA/Multimodal_Data/Cat1/opposite/bag_files/Cat1_15mph_lr_opposite_0/camera_images/1624826307.4377325.jpg
Cat1,15mph,lr,opposite,0,1624826307.4710658,/media/batool/MULTIMODAL_DATA/Multimodal_Data/Cat1/opposite/bag_files/Cat1_15mph_lr_opposite_0/camera_images/1624826307.4710658.jpg
Cat1,15mph,lr,opposite,0,1624826307.504399,/media/batool/MULTIMODAL_DATA/Multimodal_Data/Cat1/opposite/bag_files/Cat1_15mph_lr_opposite_0/camera_images/1624826307.504399.jpg
Cat1,15mph,lr,opposite,0,1624826307.5377324,/media/batool/MULTIMODAL_DATA/Multimodal_Data/Cat1/opposite/bag_files/Cat1_15mph_lr_opposite_0/camera_images/1624826307.5377324.jpg
Cat1,15mph,lr,opposite,0,1624826307.5710657,/media/batool/MULTIMODAL_DATA/Multimodal_Data/Cat1/opposite/bag_files/Cat1_15mph_lr_opposite_0/camera_images/1624826307.5710657.jpg
Cat1,15mph,lr,opposite,0,1624826307.604399,/media/batool/MULTIMODAL_DATA/Multimodal_Data/Cat1/opposite/bag_files/Cat1_15mph_lr_opposite_0/camera_images/1624826307.604399.jpg
Cat1,15mph,lr,opposite,0,1624826307.6377323,/media/batool/MULTIMODAL_DATA/Multimodal_Data/Cat1/opposite/bag_files/Cat1_15mph_lr_opposite_0/camera_images/1624826307.6377323.jpg
Cat1,15mph,lr,opposite,0,1624826307.7043989,/media/batool/MULTIMODAL_DATA/Multimodal_Data/Cat1/opposite/bag_files/Cat1_15mph_lr_opposite_0/camera_images/1624826307.7043989.jpg
Cat1,15mph,lr,opposite,0,1624826307.7377322,/media/batool/MULTIMODAL_DATA/Multimodal_Data/Cat1/opposite/bag_files/Cat1_15mph_lr_opposite_0/camera_images/1624826307.7377322.jpg
Cat1,15mph,lr,opposite,0,1624826307.7710655,/media/batool/MULTIMODAL_DATA/Multimodal_Data/Cat1/opposite/bag_files/Cat1_15mph_lr_opposite_0/camera_images/1624826307.7710655.jpg
Cat1,15mph,lr,opposite,0,1624826307.8043988,/media/batool/MULTIMODAL_DATA/Multimodal_Data/Cat1/opposite/bag_files/Cat1_15mph_lr_opposite_0/camera_images/1624826307.8043988.jpg
Cat1,15mph,lr,opposite,0,1624826307.837732,/media/batool/MULTIMODAL_DATA/Multimodal_Data/Cat1/opposite/bag_files/Cat1_15mph_lr_opposite_0/camera_images/1624826307.837732.jpg
Cat1,15mph,lr,opposite,0,1624826307.8710654,/media/batool/MULTIMODAL_DATA/Multimodal_Data/Cat1/opposite/bag_files/Cat1_15mph_lr_opposite_0/camera_images/1624826307.8710654.jpg
Cat1,15mph,lr,opposite,0,1624826307.9043987,/media/batool/MULTIMODAL_DATA/Multimodal_Data/Cat1/opposite/bag_files/Cat1_15mph_lr_opposite_0/camera_images/1624826307.9043987.jpg
Cat1,15mph,lr,opposite,0,1624826307.937732,/media/batool/MULTIMODAL_DATA/Multimodal_Data/Cat1/opposite/bag_files/Cat1_15mph_lr_opposite_0/camera_images/1624826307.937732.jpg
Cat1,15mph,lr,opposite,0,1624826307.9710653,/media/batool/MULTIMODAL_DATA/Multimodal_Data/Cat1/opposite/bag_files/Cat1_15mph_lr_opposite_0/camera_images/1624826307.9710653.jpg
Cat1,15mph,lr,opposite,0,1624826308.0043986,/media/batool/MULTIMODAL_DATA/Multimodal_Data/Cat1/opposite/bag_files/Cat1_15mph_lr_opposite_0/camera_images/1624826308.0043986.jpg
Cat1,15mph,lr,opposite,0,1624826308.037732,/media/batool/MULTIMODAL_DATA/Multimodal_Data/Cat1/opposite/bag_files/Cat1_15mph_lr_opposite_0/camera_images/1624826308.037732.jpg
Cat1,15mph,lr,opposite,0,1624826308.0710652,/media/batool/MULTIMODAL_DATA/Multimodal_Data/Cat1/opposite/bag_files/Cat1_15mph_lr_opposite_0/camera_images/1624826308.0710652.jpg
Cat1,15mph,lr,opposite,0,1624826308.1043985,/media/batool/MULTIMODAL_DATA/Multimodal_Data/Cat1/opposite/bag_files/Cat1_15mph_lr_opposite_0/camera_images/1624826308.1043985.jpg
Cat1,15mph,lr,opposite,0,1624826308.1377318,/media/batool/MULTIMODAL_DATA/Multimodal_Data/Cat1/opposite/bag_files/Cat1_15mph_lr_opposite_0/camera_images/1624826308.1377318.jpg
Cat1,15mph,lr,opposite,0,1624826308.171065,/media/batool/MULTIMODAL_DATA/Multimodal_Data/Cat1/opposite/bag_files/Cat1_15mph_lr_opposite_0/camera_images/1624826308.171065.jpg
Cat1,15mph,lr,opposite,0,1624826308.2377317,/media/batool/MULTIMODAL_DATA/Multimodal_Data/Cat1/opposite/bag_files/Cat1_15mph_lr_opposite_0/camera_images/1624826308.2377317.jpg
Cat1,15mph,lr,opposite,0,1624826308.271065,/media/batool/MULTIMODAL_DATA/Multimodal_Data/Cat1/opposite/bag_files/Cat1_15mph_lr_opposite_0/camera_images/1624826308.271065.jpg
Cat1,15mph,lr,opposite,0,1624826308.3043983,/media/batool/MULTIMODAL_DATA/Multimodal_Data/Cat1/opposite/bag_files/Cat1_15mph_lr_opposite_0/camera_images/1624826308.3043983.jpg
Cat1,15mph,lr,opposite,0,1624826308.3377316,/media/batool/MULTIMODAL_DATA/Multimodal_Data/Cat1/opposite/bag_files/Cat1_15mph_lr_opposite_0/camera_images/1624826308.3377316.jpg
Cat1,15mph,lr,opposite,0,1624826308.371065,/media/batool/MULTIMODAL_DATA/Multimodal_Data/Cat1/opposite/bag_files/Cat1_15mph_lr_opposite_0/camera_images/1624826308.371065.jpg
Cat1,15mph,lr,opposite,0,1624826308.4043982,/media/batool/MULTIMODAL_DATA/Multimodal_Data/Cat1/opposite/bag_files/Cat1_15mph_lr_opposite_0/camera_images/1624826308.4043982.jpg
Cat1,15mph,lr,opposite,0,1624826308.4377315,/media/batool/MULTIMODAL_DATA/Multimodal_Data/Cat1/opposite/bag_files/Cat1_15mph_lr_opposite_0/camera_images/1624826308.4377315.jpg
Cat1,15mph,lr,opposite,0,1624826308.4710648,/media/batool/MULTIMODAL_DATA/Multimodal_Data/Cat1/opposite/bag_files/Cat1_15mph_lr_opposite_0/camera_images/1624826308.4710648.jpg
Cat1,15mph,lr,opposite,0,1624826308.504398,/media/batool/MULTIMODAL_DATA/Multimodal_Data/Cat1/opposite/bag_files/Cat1_15mph_lr_opposite_0/camera_images/1624826308.504398.jpg
Cat1,15mph,lr,opposite,0,1624826308.5377314,/media/batool/MULTIMODAL_DATA/Multimodal_Data/Cat1/opposite/bag_files/Cat1_15mph_lr_opposite_0/camera_images/1624826308.5377314.jpg
Cat1,15mph,lr,opposite,0,1624826308.5710647,/media/batool/MULTIMODAL_DATA/Multimodal_Data/Cat1/opposite/bag_files/Cat1_15mph_lr_opposite_0/camera_images/1624826308.5710647.jpg
Cat1,15mph,lr,opposite,0,1624826308.604398,/media/batool/MULTIMODAL_DATA/Multimodal_Data/Cat1/opposite/bag_files/Cat1_15mph_lr_opposite_0/camera_images/1624826308.604398.jpg
Cat1,15mph,lr,opposite,0,1624826308.6377313,/media/batool/MULTIMODAL_DATA/Multimodal_Data/Cat1/opposite/bag_files/Cat1_15mph_lr_opposite_0/camera_images/1624826308.6377313.jpg
Cat1,15mph,lr,opposite,0,1624826308.6710646,/media/batool/MULTIMODAL_DATA/Multimodal_Data/Cat1/opposite/bag_files/Cat1_15mph_lr_opposite_0/camera_images/1624826308.6710646.jpg
Cat1,15mph,lr,opposite,0,1624826308.704398,/media/batool/MULTIMODAL_DATA/Multimodal_Data/Cat1/opposite/bag_files/Cat1_15mph_lr_opposite_0/camera_images/1624826308.704398.jpg
Cat1,15mph,lr,opposite,0,1624826308.7710645,/media/batool/MULTIMODAL_DATA/Multimodal_Data/Cat1/opposite/bag_files/Cat1_15mph_lr_opposite_0/camera_images/1624826308.7710645.jpg
Cat1,15mph,lr,opposite,0,1624826308.8043978,/media/batool/MULTIMODAL_DATA/Multimodal_Data/Cat1/opposite/bag_files/Cat1_15mph_lr_opposite_0/camera_images/1624826308.8043978.jpg
Cat1,15mph,lr,opposite,0,1624826308.8377311,/media/batool/MULTIMODAL_DATA/Multimodal_Data/Cat1/opposite/bag_files/Cat1_15mph_lr_opposite_0/camera_images/1624826308.8377311.jpg
Cat1,15mph,lr,opposite,0,1624826308.8710644,/media/batool/MULTIMODAL_DATA/Multimodal_Data/Cat1/opposite/bag_files/Cat1_15mph_lr_opposite_0/camera_images/1624826308.8710644.jpg
Cat1,15mph,lr,opposite,0,1624826308.9043977,/media/batool/MULTIMODAL_DATA/Multimodal_Data/Cat1/opposite/bag_files/Cat1_15mph_lr_opposite_0/camera_images/1624826308.9043977.jpg
Cat1,15mph,lr,opposite,0,1624826308.937731,/media/batool/MULTIMODAL_DATA/Multimodal_Data/Cat1/opposite/bag_files/Cat1_15mph_lr_opposite_0/camera_images/1624826308.937731.jpg
Cat1,15mph,lr,opposite,0,1624826308.9710643,/media/batool/MULTIMODAL_DATA/Multimodal_Data/Cat1/opposite/bag_files/Cat1_15mph_lr_opposite_0/camera_images/1624826308.9710643.jpg
Cat1,15mph,lr,opposite,0,1624826309.0043976,/media/batool/MULTIMODAL_DATA/Multimodal_Data/Cat1/opposite/bag_files/Cat1_15mph_lr_opposite_0/camera_images/1624826309.0043976.jpg
Cat1,15mph,lr,opposite,0,1624826309.037731,/media/batool/MULTIMODAL_DATA/Multimodal_Data/Cat1/opposite/bag_files/Cat1_15mph_lr_opposite_0/camera_images/1624826309.037731.jpg
Cat1,15mph,lr,opposite,0,1624826309.0710642,/media/batool/MULTIMODAL_DATA/Multimodal_Data/Cat1/opposite/bag_files/Cat1_15mph_lr_opposite_0/camera_images/1624826309.0710642.jpg
Cat1,15mph,lr,opposite,0,1624826309.1043975,/media/batool/MULTIMODAL_DATA/Multimodal_Data/Cat1/opposite/bag_files/Cat1_15mph_lr_opposite_0/camera_images/1624826309.1043975.jpg
Cat1,15mph,lr,opposite,0,1624826309.1377308,/media/batool/MULTIMODAL_DATA/Multimodal_Data/Cat1/opposite/bag_files/Cat1_15mph_lr_opposite_0/camera_images/1624826309.1377308.jpg
Cat1,15mph,lr,opposite,0,1624826309.1710641,/media/batool/MULTIMODAL_DATA/Multimodal_Data/Cat1/opposite/bag_files/Cat1_15mph_lr_opposite_0/camera_images/1624826309.1710641.jpg
Cat1,15mph,lr,opposite,0,1624826309.2043974,/media/batool/MULTIMODAL_DATA/Multimodal_Data/Cat1/opposite/bag_files/Cat1_15mph_lr_opposite_0/camera_images/1624826309.2043974.jpg
Cat1,15mph,lr,opposite,0,1624826309.2377307,/media/batool/MULTIMODAL_DATA/Multimodal_Data/Cat1/opposite/bag_files/Cat1_15mph_lr_opposite_0/camera_images/1624826309.2377307.jpg
Cat1,15mph,lr,opposite,0,1624826309.3043973,/media/batool/MULTIMODAL_DATA/Multimodal_Data/Cat1/opposite/bag_files/Cat1_15mph_lr_opposite_0/camera_images/1624826309.3043973.jpg
Cat1,15mph,lr,opposite,0,1624826309.3377306,/media/batool/MULTIMODAL_DATA/Multimodal_Data/Cat1/opposite/bag_files/Cat1_15mph_lr_opposite_0/camera_images/1624826309.3377306.jpg
Cat1,15mph,lr,opposite,0,1624826309.371064,/media/batool/MULTIMODAL_DATA/Multimodal_Data/Cat1/opposite/bag_files/Cat1_15mph_lr_opposite_0/camera_images/1624826309.371064.jpg
Cat1,15mph,lr,opposite,0,1624826309.4043972,/media/batool/MULTIMODAL_DATA/Multimodal_Data/Cat1/opposite/bag_files/Cat1_15mph_lr_opposite_0/camera_images/1624826309.4043972.jpg
Cat1,15mph,lr,opposite,0,1624826309.4377306,/media/batool/MULTIMODAL_DATA/Multimodal_Data/Cat1/opposite/bag_files/Cat1_15mph_lr_opposite_0/camera_images/1624826309.4377306.jpg
Cat1,15mph,lr,opposite,0,1624826309.4710639,/media/batool/MULTIMODAL_DATA/Multimodal_Data/Cat1/opposite/bag_files/Cat1_15mph_lr_opposite_0/camera_images/1624826309.4710639.jpg
Cat1,15mph,lr,opposite,0,1624826309.5043972,/media/batool/MULTIMODAL_DATA/Multimodal_Data/Cat1/opposite/bag_files/Cat1_15mph_lr_opposite_0/camera_images/1624826309.5043972.jpg
Cat1,15mph,lr,opposite,0,1624826309.5377305,/media/batool/MULTIMODAL_DATA/Multimodal_Data/Cat1/opposite/bag_files/Cat1_15mph_lr_opposite_0/camera_images/1624826309.5377305.jpg
Cat1,15mph,lr,opposite,0,1624826309.5710638,/media/batool/MULTIMODAL_DATA/Multimodal_Data/Cat1/opposite/bag_files/Cat1_15mph_lr_opposite_0/camera_images/1624826309.5710638.jpg
Cat1,15mph,lr,opposite,0,1624826309.604397,/media/batool/MULTIMODAL_DATA/Multimodal_Data/Cat1/opposite/bag_files/Cat1_15mph_lr_opposite_0/camera_images/1624826309.604397.jpg
Cat1,15mph,lr,opposite,0,1624826309.6377304,/media/batool/MULTIMODAL_DATA/Multimodal_Data/Cat1/opposite/bag_files/Cat1_15mph_lr_opposite_0/camera_images/1624826309.6377304.jpg
Cat1,15mph,lr,opposite,0,1624826309.6710637,/media/batool/MULTIMODAL_DATA/Multimodal_Data/Cat1/opposite/bag_files/Cat1_15mph_lr_opposite_0/camera_images/1624826309.6710637.jpg
Cat1,15mph,lr,opposite,0,1624826309.704397,/media/batool/MULTIMODAL_DATA/Multimodal_Data/Cat1/opposite/bag_files/Cat1_15mph_lr_opposite_0/camera_images/1624826309.704397.jpg
Cat1,15mph,lr,opposite,0,1624826309.7377303,/media/batool/MULTIMODAL_DATA/Multimodal_Data/Cat1/opposite/bag_files/Cat1_15mph_lr_opposite_0/camera_images/1624826309.7377303.jpg
Cat1,15mph,lr,opposite,0,1624826309.7710636,/media/batool/MULTIMODAL_DATA/Multimodal_Data/Cat1/opposite/bag_files/Cat1_15mph_lr_opposite_0/camera_images/1624826309.7710636.jpg
Cat1,15mph,lr,opposite,0,1624826309.8377302,/media/batool/MULTIMODAL_DATA/Multimodal_Data/Cat1/opposite/bag_files/Cat1_15mph_lr_opposite_0/camera_images/1624826309.8377302.jpg
Cat1,15mph,lr,opposite,0,1624826309.8710635,/media/batool/MULTIMODAL_DATA/Multimodal_Data/Cat1/opposite/bag_files/Cat1_15mph_lr_opposite_0/camera_images/1624826309.8710635.jpg
Cat1,15mph,lr,opposite,0,1624826309.9043968,/media/batool/MULTIMODAL_DATA/Multimodal_Data/Cat1/opposite/bag_files/Cat1_15mph_lr_opposite_0/camera_images/1624826309.9043968.jpg
Cat1,15mph,lr,opposite,0,1624826309.93773,/media/batool/MULTIMODAL_DATA/Multimodal_Data/Cat1/opposite/bag_files/Cat1_15mph_lr_opposite_0/camera_images/1624826309.93773.jpg
Cat1,15mph,lr,opposite,0,1624826309.9710634,/media/batool/MULTIMODAL_DATA/Multimodal_Data/Cat1/opposite/bag_files/Cat1_15mph_lr_opposite_0/camera_images/1624826309.9710634.jpg
Cat1,15mph,lr,opposite,0,1624826310.0043967,/media/batool/MULTIMODAL_DATA/Multimodal_Data/Cat1/opposite/bag_files/Cat1_15mph_lr_opposite_0/camera_images/1624826310.0043967.jpg
Cat1,15mph,lr,opposite,0,1624826310.03773,/media/batool/MULTIMODAL_DATA/Multimodal_Data/Cat1/opposite/bag_files/Cat1_15mph_lr_opposite_0/camera_images/1624826310.03773.jpg
Cat1,15mph,lr,opposite,0,1624826310.0710633,/media/batool/MULTIMODAL_DATA/Multimodal_Data/Cat1/opposite/bag_files/Cat1_15mph_lr_opposite_0/camera_images/1624826310.0710633.jpg
Cat1,15mph,lr,opposite,0,1624826310.1043966,/media/batool/MULTIMODAL_DATA/Multimodal_Data/Cat1/opposite/bag_files/Cat1_15mph_lr_opposite_0/camera_images/1624826310.1043966.jpg
Cat1,15mph,lr,opposite,0,1624826310.13773,/media/batool/MULTIMODAL_DATA/Multimodal_Data/Cat1/opposite/bag_files/Cat1_15mph_lr_opposite_0/camera_images/1624826310.13773.jpg
Cat1,15mph,lr,opposite,0,1624826310.1710632,/media/batool/MULTIMODAL_DATA/Multimodal_Data/Cat1/opposite/bag_files/Cat1_15mph_lr_opposite_0/camera_images/1624826310.1710632.jpg
Cat1,15mph,lr,opposite,0,1624826310.2043965,/media/batool/MULTIMODAL_DATA/Multimodal_Data/Cat1/opposite/bag_files/Cat1_15mph_lr_opposite_0/camera_images/1624826310.2043965.jpg
Cat1,15mph,lr,opposite,0,1624826310.2377298,/media/batool/MULTIMODAL_DATA/Multimodal_Data/Cat1/opposite/bag_files/Cat1_15mph_lr_opposite_0/camera_images/1624826310.2377298.jpg
Cat1,15mph,lr,opposite,0,1624826310.271063,/media/batool/MULTIMODAL_DATA/Multimodal_Data/Cat1/opposite/bag_files/Cat1_15mph_lr_opposite_0/camera_images/1624826310.271063.jpg
Cat1,15mph,lr,opposite,0,1624826310.3043964,/media/batool/MULTIMODAL_DATA/Multimodal_Data/Cat1/opposite/bag_files/Cat1_15mph_lr_opposite_0/camera_images/1624826310.3043964.jpg
Cat1,15mph,lr,opposite,0,1624826310.371063,/media/batool/MULTIMODAL_DATA/Multimodal_Data/Cat1/opposite/bag_files/Cat1_15mph_lr_opposite_0/camera_images/1624826310.371063.jpg
Cat1,15mph,lr,opposite,0,1624826310.4043963,/media/batool/MULTIMODAL_DATA/Multimodal_Data/Cat1/opposite/bag_files/Cat1_15mph_lr_opposite_0/camera_images/1624826310.4043963.jpg
Cat1,15mph,lr,opposite,0,1624826310.4377296,/media/batool/MULTIMODAL_DATA/Multimodal_Data/Cat1/opposite/bag_files/Cat1_15mph_lr_opposite_0/camera_images/1624826310.4377296.jpg
Cat1,15mph,lr,opposite,0,1624826310.471063,/media/batool/MULTIMODAL_DATA/Multimodal_Data/Cat1/opposite/bag_files/Cat1_15mph_lr_opposite_0/camera_images/1624826310.471063.jpg
Cat1,15mph,lr,opposite,0,1624826310.5043962,/media/batool/MULTIMODAL_DATA/Multimodal_Data/Cat1/opposite/bag_files/Cat1_15mph_lr_opposite_0/camera_images/1624826310.5043962.jpg
Cat1,15mph,lr,opposite,0,1624826310.5377295,/media/batool/MULTIMODAL_DATA/Multimodal_Data/Cat1/opposite/bag_files/Cat1_15mph_lr_opposite_0/camera_images/1624826310.5377295.jpg
Cat1,15mph,lr,opposite,0,1624826310.5710628,/media/batool/MULTIMODAL_DATA/Multimodal_Data/Cat1/opposite/bag_files/Cat1_15mph_lr_opposite_0/camera_images/1624826310.5710628.jpg
Cat1,15mph,lr,opposite,0,1624826310.604396,/media/batool/MULTIMODAL_DATA/Multimodal_Data/Cat1/opposite/bag_files/Cat1_15mph_lr_opposite_0/camera_images/1624826310.604396.jpg
Cat1,15mph,lr,opposite,0,1624826310.6377294,/media/batool/MULTIMODAL_DATA/Multimodal_Data/Cat1/opposite/bag_files/Cat1_15mph_lr_opposite_0/camera_images/1624826310.6377294.jpg
Cat1,15mph,lr,opposite,0,1624826310.6710627,/media/batool/MULTIMODAL_DATA/Multimodal_Data/Cat1/opposite/bag_files/Cat1_15mph_lr_opposite_0/camera_images/1624826310.6710627.jpg
Cat1,15mph,lr,opposite,0,1624826310.704396,/media/batool/MULTIMODAL_DATA/Multimodal_Data/Cat1/opposite/bag_files/Cat1_15mph_lr_opposite_0/camera_images/1624826310.704396.jpg
Cat1,15mph,lr,opposite,0,1624826310.7377293,/media/batool/MULTIMODAL_DATA/Multimodal_Data/Cat1/opposite/bag_files/Cat1_15mph_lr_opposite_0/camera_images/1624826310.7377293.jpg
Cat1,15mph,lr,opposite,0,1624826310.7710626,/media/batool/MULTIMODAL_DATA/Multimodal_Data/Cat1/opposite/bag_files/Cat1_15mph_lr_opposite_0/camera_images/1624826310.7710626.jpg
Cat1,15mph,lr,opposite,0,1624826310.804396,/media/batool/MULTIMODAL_DATA/Multimodal_Data/Cat1/opposite/bag_files/Cat1_15mph_lr_opposite_0/camera_images/1624826310.804396.jpg
Cat1,15mph,lr,opposite,0,1624826310.8377292,/media/batool/MULTIMODAL_DATA/Multimodal_Data/Cat1/opposite/bag_files/Cat1_15mph_lr_opposite_0/camera_images/1624826310.8377292.jpg
Cat1,15mph,lr,opposite,0,1624826310.9043958,/media/batool/MULTIMODAL_DATA/Multimodal_Data/Cat1/opposite/bag_files/Cat1_15mph_lr_opposite_0/camera_images/1624826310.9043958.jpg
Cat1,15mph,lr,opposite,0,1624826310.9377291,/media/batool/MULTIMODAL_DATA/Multimodal_Data/Cat1/opposite/bag_files/Cat1_15mph_lr_opposite_0/camera_images/1624826310.9377291.jpg
Cat1,15mph,lr,opposite,0,1624826310.9710624,/media/batool/MULTIMODAL_DATA/Multimodal_Data/Cat1/opposite/bag_files/Cat1_15mph_lr_opposite_0/camera_images/1624826310.9710624.jpg
Cat1,15mph,lr,opposite,0,1624826311.0043957,/media/batool/MULTIMODAL_DATA/Multimodal_Data/Cat1/opposite/bag_files/Cat1_15mph_lr_opposite_0/camera_images/1624826311.0043957.jpg
Cat1,15mph,lr,opposite,0,1624826311.037729,/media/batool/MULTIMODAL_DATA/Multimodal_Data/Cat1/opposite/bag_files/Cat1_15mph_lr_opposite_0/camera_images/1624826311.037729.jpg
Cat1,15mph,lr,opposite,0,1624826311.0710623,/media/batool/MULTIMODAL_DATA/Multimodal_Data/Cat1/opposite/bag_files/Cat1_15mph_lr_opposite_0/camera_images/1624826311.0710623.jpg
Cat1,15mph,lr,opposite,0,1624826311.1043956,/media/batool/MULTIMODAL_DATA/Multimodal_Data/Cat1/opposite/bag_files/Cat1_15mph_lr_opposite_0/camera_images/1624826311.1043956.jpg
Cat1,15mph,lr,opposite,0,1624826311.137729,/media/batool/MULTIMODAL_DATA/Multimodal_Data/Cat1/opposite/bag_files/Cat1_15mph_lr_opposite_0/camera_images/1624826311.137729.jpg
Cat1,15mph,lr,opposite,0,1624826311.1710622,/media/batool/MULTIMODAL_DATA/Multimodal_Data/Cat1/opposite/bag_files/Cat1_15mph_lr_opposite_0/camera_images/1624826311.1710622.jpg
Cat1,15mph,lr,opposite,0,1624826311.2043955,/media/batool/MULTIMODAL_DATA/Multimodal_Data/Cat1/opposite/bag_files/Cat1_15mph_lr_opposite_0/camera_images/1624826311.2043955.jpg
Cat1,15mph,lr,opposite,0,1624826311.2377288,/media/batool/MULTIMODAL_DATA/Multimodal_Data/Cat1/opposite/bag_files/Cat1_15mph_lr_opposite_0/camera_images/1624826311.2377288.jpg
Cat1,15mph,lr,opposite,0,1624826311.2710621,/media/batool/MULTIMODAL_DATA/Multimodal_Data/Cat1/opposite/bag_files/Cat1_15mph_lr_opposite_0/camera_images/1624826311.2710621.jpg
Cat1,15mph,lr,opposite,0,1624826311.3043954,/media/batool/MULTIMODAL_DATA/Multimodal_Data/Cat1/opposite/bag_files/Cat1_15mph_lr_opposite_0/camera_images/1624826311.3043954.jpg
Cat1,15mph,lr,opposite,0,1624826311.3377287,/media/batool/MULTIMODAL_DATA/Multimodal_Data/Cat1/opposite/bag_files/Cat1_15mph_lr_opposite_0/camera_images/1624826311.3377287.jpg
Cat1,15mph,lr,opposite,0,1624826311.371062,/media/batool/MULTIMODAL_DATA/Multimodal_Data/Cat1/opposite/bag_files/Cat1_15mph_lr_opposite_0/camera_images/1624826311.371062.jpg
Cat1,15mph,lr,opposite,0,1624826311.4377286,/media/batool/MULTIMODAL_DATA/Multimodal_Data/Cat1/opposite/bag_files/Cat1_15mph_lr_opposite_0/camera_images/1624826311.4377286.jpg
Cat1,15mph,lr,opposite,0,1624826311.471062,/media/batool/MULTIMODAL_DATA/Multimodal_Data/Cat1/opposite/bag_files/Cat1_15mph_lr_opposite_0/camera_images/1624826311.471062.jpg
Cat1,15mph,lr,opposite,0,1624826311.5043952,/media/batool/MULTIMODAL_DATA/Multimodal_Data/Cat1/opposite/bag_files/Cat1_15mph_lr_opposite_0/camera_images/1624826311.5043952.jpg
Cat1,15mph,lr,opposite,0,1624826311.5377285,/media/batool/MULTIMODAL_DATA/Multimodal_Data/Cat1/opposite/bag_files/Cat1_15mph_lr_opposite_0/camera_images/1624826311.5377285.jpg
Cat1,15mph,lr,opposite,0,1624826311.5710618,/media/batool/MULTIMODAL_DATA/Multimodal_Data/Cat1/opposite/bag_files/Cat1_15mph_lr_opposite_0/camera_images/1624826311.5710618.jpg
Cat1,15mph,lr,opposite,0,1624826311.6043952,/media/batool/MULTIMODAL_DATA/Multimodal_Data/Cat1/opposite/bag_files/Cat1_15mph_lr_opposite_0/camera_images/1624826311.6043952.jpg
Cat1,15mph,lr,opposite,0,1624826311.6377285,/media/batool/MULTIMODAL_DATA/Multimodal_Data/Cat1/opposite/bag_files/Cat1_15mph_lr_opposite_0/camera_images/1624826311.6377285.jpg
Cat1,15mph,lr,opposite,0,1624826311.6710618,/media/batool/MULTIMODAL_DATA/Multimodal_Data/Cat1/opposite/bag_files/Cat1_15mph_lr_opposite_0/camera_images/1624826311.6710618.jpg
Cat1,15mph,lr,opposite,0,1624826311.704395,/media/batool/MULTIMODAL_DATA/Multimodal_Data/Cat1/opposite/bag_files/Cat1_15mph_lr_opposite_0/camera_images/1624826311.704395.jpg
Cat1,15mph,lr,opposite,0,1624826311.7377284,/media/batool/MULTIMODAL_DATA/Multimodal_Data/Cat1/opposite/bag_files/Cat1_15mph_lr_opposite_0/camera_images/1624826311.7377284.jpg
Cat1,15mph,lr,opposite,0,1624826311.7710617,/media/batool/MULTIMODAL_DATA/Multimodal_Data/Cat1/opposite/bag_files/Cat1_15mph_lr_opposite_0/camera_images/1624826311.7710617.jpg
Cat1,15mph,lr,opposite,0,1624826311.804395,/media/batool/MULTIMODAL_DATA/Multimodal_Data/Cat1/opposite/bag_files/Cat1_15mph_lr_opposite_0/camera_images/1624826311.804395.jpg
Cat1,15mph,lr,opposite,0,1624826311.8377283,/media/batool/MULTIMODAL_DATA/Multimodal_Data/Cat1/opposite/bag_files/Cat1_15mph_lr_opposite_0/camera_images/1624826311.8377283.jpg
Cat1,15mph,lr,opposite,0,1624826311.8710616,/media/batool/MULTIMODAL_DATA/Multimodal_Data/Cat1/opposite/bag_files/Cat1_15mph_lr_opposite_0/camera_images/1624826311.8710616.jpg
Cat1,15mph,lr,opposite,0,1624826311.9043949,/media/batool/MULTIMODAL_DATA/Multimodal_Data/Cat1/opposite/bag_files/Cat1_15mph_lr_opposite_0/camera_images/1624826311.9043949.jpg
Cat1,15mph,lr,opposite,0,1624826311.9710615,/media/batool/MULTIMODAL_DATA/Multimodal_Data/Cat1/opposite/bag_files/Cat1_15mph_lr_opposite_0/camera_images/1624826311.9710615.jpg
Cat1,15mph,lr,opposite,0,1624826312.0043948,/media/batool/MULTIMODAL_DATA/Multimodal_Data/Cat1/opposite/bag_files/Cat1_15mph_lr_opposite_0/camera_images/1624826312.0043948.jpg
Cat1,15mph,lr,opposite,0,1624826312.037728,/media/batool/MULTIMODAL_DATA/Multimodal_Data/Cat1/opposite/bag_files/Cat1_15mph_lr_opposite_0/camera_images/1624826312.037728.jpg
Cat1,15mph,lr,opposite,0,1624826312.0710614,/media/batool/MULTIMODAL_DATA/Multimodal_Data/Cat1/opposite/bag_files/Cat1_15mph_lr_opposite_0/camera_images/1624826312.0710614.jpg
Cat1,15mph,lr,opposite,0,1624826312.1043947,/media/batool/MULTIMODAL_DATA/Multimodal_Data/Cat1/opposite/bag_files/Cat1_15mph_lr_opposite_0/camera_images/1624826312.1043947.jpg
Cat1,15mph,lr,opposite,0,1624826312.137728,/media/batool/MULTIMODAL_DATA/Multimodal_Data/Cat1/opposite/bag_files/Cat1_15mph_lr_opposite_0/camera_images/1624826312.137728.jpg
Cat1,15mph,lr,opposite,0,1624826312.1710613,/media/batool/MULTIMODAL_DATA/Multimodal_Data/Cat1/opposite/bag_files/Cat1_15mph_lr_opposite_0/camera_images/1624826312.1710613.jpg
Cat1,15mph,lr,opposite,0,1624826312.2043946,/media/batool/MULTIMODAL_DATA/Multimodal_Data/Cat1/opposite/bag_files/Cat1_15mph_lr_opposite_0/camera_images/1624826312.2043946.jpg
Cat1,15mph,lr,opposite,0,1624826312.2377279,/media/batool/MULTIMODAL_DATA/Multimodal_Data/Cat1/opposite/bag_files/Cat1_15mph_lr_opposite_0/camera_images/1624826312.2377279.jpg
Cat1,15mph,lr,opposite,0,1624826312.2710612,/media/batool/MULTIMODAL_DATA/Multimodal_Data/Cat1/opposite/bag_files/Cat1_15mph_lr_opposite_0/camera_images/1624826312.2710612.jpg
Cat1,15mph,lr,opposite,0,1624826312.3043945,/media/batool/MULTIMODAL_DATA/Multimodal_Data/Cat1/opposite/bag_files/Cat1_15mph_lr_opposite_0/camera_images/1624826312.3043945.jpg
Cat1,15mph,lr,opposite,0,1624826312.3377278,/media/batool/MULTIMODAL_DATA/Multimodal_Data/Cat1/opposite/bag_files/Cat1_15mph_lr_opposite_0/camera_images/1624826312.3377278.jpg
Cat1,15mph,lr,opposite,0,1624826312.371061,/media/batool/MULTIMODAL_DATA/Multimodal_Data/Cat1/opposite/bag_files/Cat1_15mph_lr_opposite_0/camera_images/1624826312.371061.jpg
Cat1,15mph,lr,opposite,0,1624826312.4043944,/media/batool/MULTIMODAL_DATA/Multimodal_Data/Cat1/opposite/bag_files/Cat1_15mph_lr_opposite_0/camera_images/1624826312.4043944.jpg
Cat1,15mph,lr,opposite,0,1624826312.4377277,/media/batool/MULTIMODAL_DATA/Multimodal_Data/Cat1/opposite/bag_files/Cat1_15mph_lr_opposite_0/camera_images/1624826312.4377277.jpg
Cat1,15mph,lr,opposite,0,1624826312.5043943,/media/batool/MULTIMODAL_DATA/Multimodal_Data/Cat1/opposite/bag_files/Cat1_15mph_lr_opposite_0/camera_images/1624826312.5043943.jpg
Cat1,15mph,lr,opposite,0,1624826312.5377276,/media/batool/MULTIMODAL_DATA/Multimodal_Data/Cat1/opposite/bag_files/Cat1_15mph_lr_opposite_0/camera_images/1624826312.5377276.jpg
Cat1,15mph,lr,opposite,0,1624826312.571061,/media/batool/MULTIMODAL_DATA/Multimodal_Data/Cat1/opposite/bag_files/Cat1_15mph_lr_opposite_0/camera_images/1624826312.571061.jpg
Cat1,15mph,lr,opposite,0,1624826312.6043942,/media/batool/MULTIMODAL_DATA/Multimodal_Data/Cat1/opposite/bag_files/Cat1_15mph_lr_opposite_0/camera_images/1624826312.6043942.jpg
Cat1,15mph,lr,opposite,0,1624826312.6377275,/media/batool/MULTIMODAL_DATA/Multimodal_Data/Cat1/opposite/bag_files/Cat1_15mph_lr_opposite_0/camera_images/1624826312.6377275.jpg
Cat1,15mph,lr,opposite,0,1624826312.6710608,/media/batool/MULTIMODAL_DATA/Multimodal_Data/Cat1/opposite/bag_files/Cat1_15mph_lr_opposite_0/camera_images/1624826312.6710608.jpg
Cat1,15mph,lr,opposite,0,1624826312.704394,/media/batool/MULTIMODAL_DATA/Multimodal_Data/Cat1/opposite/bag_files/Cat1_15mph_lr_opposite_0/camera_images/1624826312.704394.jpg
Cat1,15mph,lr,opposite,0,1624826312.7377274,/media/batool/MULTIMODAL_DATA/Multimodal_Data/Cat1/opposite/bag_files/Cat1_15mph_lr_opposite_0/camera_images/1624826312.7377274.jpg
Cat1,15mph,lr,opposite,0,1624826312.7710607,/media/batool/MULTIMODAL_DATA/Multimodal_Data/Cat1/opposite/bag_files/Cat1_15mph_lr_opposite_0/camera_images/1624826312.7710607.jpg
Cat1,15mph,lr,opposite,0,1624826312.804394,/media/batool/MULTIMODAL_DATA/Multimodal_Data/Cat1/opposite/bag_files/Cat1_15mph_lr_opposite_0/camera_images/1624826312.804394.jpg
Cat1,15mph,lr,opposite,0,1624826312.8377273,/media/batool/MULTIMODAL_DATA/Multimodal_Data/Cat1/opposite/bag_files/Cat1_15mph_lr_opposite_0/camera_images/1624826312.8377273.jpg
Cat1,15mph,lr,opposite,0,1624826312.8710606,/media/batool/MULTIMODAL_DATA/Multimodal_Data/Cat1/opposite/bag_files/Cat1_15mph_lr_opposite_0/camera_images/1624826312.8710606.jpg
Cat1,15mph,lr,opposite,0,1624826312.904394,/media/batool/MULTIMODAL_DATA/Multimodal_Data/Cat1/opposite/bag_files/Cat1_15mph_lr_opposite_0/camera_images/1624826312.904394.jpg
Cat1,15mph,lr,opposite,0,1624826312.9377272,/media/batool/MULTIMODAL_DATA/Multimodal_Data/Cat1/opposite/bag_files/Cat1_15mph_lr_opposite_0/camera_images/1624826312.9377272.jpg
Cat1,15mph,lr,opposite,0,1624826312.9710605,/media/batool/MULTIMODAL_DATA/Multimodal_Data/Cat1/opposite/bag_files/Cat1_15mph_lr_opposite_0/camera_images/1624826312.9710605.jpg
Cat1,15mph,lr,opposite,0,1624826313.037727,/media/batool/MULTIMODAL_DATA/Multimodal_Data/Cat1/opposite/bag_files/Cat1_15mph_lr_opposite_0/camera_images/1624826313.037727.jpg
Cat1,15mph,lr,opposite,0,1624826313.0710604,/media/batool/MULTIMODAL_DATA/Multimodal_Data/Cat1/opposite/bag_files/Cat1_15mph_lr_opposite_0/camera_images/1624826313.0710604.jpg
Cat1,15mph,lr,opposite,0,1624826313.1043937,/media/batool/MULTIMODAL_DATA/Multimodal_Data/Cat1/opposite/bag_files/Cat1_15mph_lr_opposite_0/camera_images/1624826313.1043937.jpg
Cat1,15mph,lr,opposite,0,1624826313.137727,/media/batool/MULTIMODAL_DATA/Multimodal_Data/Cat1/opposite/bag_files/Cat1_15mph_lr_opposite_0/camera_images/1624826313.137727.jpg
Cat1,15mph,lr,opposite,0,1624826313.1710603,/media/batool/MULTIMODAL_DATA/Multimodal_Data/Cat1/opposite/bag_files/Cat1_15mph_lr_opposite_0/camera_images/1624826313.1710603.jpg
Cat1,15mph,lr,opposite,0,1624826313.2043936,/media/batool/MULTIMODAL_DATA/Multimodal_Data/Cat1/opposite/bag_files/Cat1_15mph_lr_opposite_0/camera_images/1624826313.2043936.jpg
Cat1,15mph,lr,opposite,0,1624826313.237727,/media/batool/MULTIMODAL_DATA/Multimodal_Data/Cat1/opposite/bag_files/Cat1_15mph_lr_opposite_0/camera_images/1624826313.237727.jpg
Cat1,15mph,lr,opposite,0,1624826313.2710602,/media/batool/MULTIMODAL_DATA/Multimodal_Data/Cat1/opposite/bag_files/Cat1_15mph_lr_opposite_0/camera_images/1624826313.2710602.jpg
Cat1,15mph,lr,opposite,0,1624826313.3043935,/media/batool/MULTIMODAL_DATA/Multimodal_Data/Cat1/opposite/bag_files/Cat1_15mph_lr_opposite_0/camera_images/1624826313.3043935.jpg
Cat1,15mph,lr,opposite,0,1624826313.3377268,/media/batool/MULTIMODAL_DATA/Multimodal_Data/Cat1/opposite/bag_files/Cat1_15mph_lr_opposite_0/camera_images/1624826313.3377268.jpg
Cat1,15mph,lr,opposite,0,1624826313.3710601,/media/batool/MULTIMODAL_DATA/Multimodal_Data/Cat1/opposite/bag_files/Cat1_15mph_lr_opposite_0/camera_images/1624826313.3710601.jpg
Cat1,15mph,lr,opposite,0,1624826313.4043934,/media/batool/MULTIMODAL_DATA/Multimodal_Data/Cat1/opposite/bag_files/Cat1_15mph_lr_opposite_0/camera_images/1624826313.4043934.jpg
Cat1,15mph,lr,opposite,0,1624826313.4377267,/media/batool/MULTIMODAL_DATA/Multimodal_Data/Cat1/opposite/bag_files/Cat1_15mph_lr_opposite_0/camera_images/1624826313.4377267.jpg
Cat1,15mph,lr,opposite,0,1624826313.47106,/media/batool/MULTIMODAL_DATA/Multimodal_Data/Cat1/opposite/bag_files/Cat1_15mph_lr_opposite_0/camera_images/1624826313.47106.jpg
Cat1,15mph,lr,opposite,0,1624826313.5043933,/media/batool/MULTIMODAL_DATA/Multimodal_Data/Cat1/opposite/bag_files/Cat1_15mph_lr_opposite_0/camera_images/1624826313.5043933.jpg
Cat1,15mph,lr,opposite,0,1624826313.57106,/media/batool/MULTIMODAL_DATA/Multimodal_Data/Cat1/opposite/bag_files/Cat1_15mph_lr_opposite_0/camera_images/1624826313.57106.jpg
Cat1,15mph,lr,opposite,0,1624826313.6043932,/media/batool/MULTIMODAL_DATA/Multimodal_Data/Cat1/opposite/bag_files/Cat1_15mph_lr_opposite_0/camera_images/1624826313.6043932.jpg
Cat1,15mph,lr,opposite,0,1624826313.6377265,/media/batool/MULTIMODAL_DATA/Multimodal_Data/Cat1/opposite/bag_files/Cat1_15mph_lr_opposite_0/camera_images/1624826313.6377265.jpg
Cat1,15mph,lr,opposite,0,1624826313.6710598,/media/batool/MULTIMODAL_DATA/Multimodal_Data/Cat1/opposite/bag_files/Cat1_15mph_lr_opposite_0/camera_images/1624826313.6710598.jpg
Cat1,15mph,lr,opposite,0,1624826313.7043931,/media/batool/MULTIMODAL_DATA/Multimodal_Data/Cat1/opposite/bag_files/Cat1_15mph_lr_opposite_0/camera_images/1624826313.7043931.jpg
Cat1,15mph,lr,opposite,0,1624826313.7377264,/media/batool/MULTIMODAL_DATA/Multimodal_Data/Cat1/opposite/bag_files/Cat1_15mph_lr_opposite_0/camera_images/1624826313.7377264.jpg
Cat1,15mph,lr,opposite,0,1624826313.7710598,/media/batool/MULTIMODAL_DATA/Multimodal_Data/Cat1/opposite/bag_files/Cat1_15mph_lr_opposite_0/camera_images/1624826313.7710598.jpg
Cat1,15mph,lr,opposite,0,1624826313.804393,/media/batool/MULTIMODAL_DATA/Multimodal_Data/Cat1/opposite/bag_files/Cat1_15mph_lr_opposite_0/camera_images/1624826313.804393.jpg
Cat1,15mph,lr,opposite,0,1624826313.8377264,/media/batool/MULTIMODAL_DATA/Multimodal_Data/Cat1/opposite/bag_files/Cat1_15mph_lr_opposite_0/camera_images/1624826313.8377264.jpg
Cat1,15mph,lr,opposite,0,1624826313.8710597,/media/batool/MULTIMODAL_DATA/Multimodal_Data/Cat1/opposite/bag_files/Cat1_15mph_lr_opposite_0/camera_images/1624826313.8710597.jpg
Cat1,15mph,lr,opposite,0,1624826313.904393,/media/batool/MULTIMODAL_DATA/Multimodal_Data/Cat1/opposite/bag_files/Cat1_15mph_lr_opposite_0/camera_images/1624826313.904393.jpg
Cat1,15mph,lr,opposite,0,1624826313.9377263,/media/batool/MULTIMODAL_DATA/Multimodal_Data/Cat1/opposite/bag_files/Cat1_15mph_lr_opposite_0/camera_images/1624826313.9377263.jpg
Cat1,15mph,lr,opposite,0,1624826313.9710596,/media/batool/MULTIMODAL_DATA/Multimodal_Data/Cat1/opposite/bag_files/Cat1_15mph_lr_opposite_0/camera_images/1624826313.9710596.jpg
Cat1,15mph,lr,opposite,0,1624826314.0043929,/media/batool/MULTIMODAL_DATA/Multimodal_Data/Cat1/opposite/bag_files/Cat1_15mph_lr_opposite_0/camera_images/1624826314.0043929.jpg
Cat1,15mph,lr,opposite,0,1624826314.0377262,/media/batool/MULTIMODAL_DATA/Multimodal_Data/Cat1/opposite/bag_files/Cat1_15mph_lr_opposite_0/camera_images/1624826314.0377262.jpg
Cat1,15mph,lr,opposite,0,1624826314.1043928,/media/batool/MULTIMODAL_DATA/Multimodal_Data/Cat1/opposite/bag_files/Cat1_15mph_lr_opposite_0/camera_images/1624826314.1043928.jpg
Cat1,15mph,lr,opposite,0,1624826314.137726,/media/batool/MULTIMODAL_DATA/Multimodal_Data/Cat1/opposite/bag_files/Cat1_15mph_lr_opposite_0/camera_images/1624826314.137726.jpg
Cat1,15mph,lr,opposite,0,1624826314.1710594,/media/batool/MULTIMODAL_DATA/Multimodal_Data/Cat1/opposite/bag_files/Cat1_15mph_lr_opposite_0/camera_images/1624826314.1710594.jpg
Cat1,15mph,lr,opposite,0,1624826314.2043927,/media/batool/MULTIMODAL_DATA/Multimodal_Data/Cat1/opposite/bag_files/Cat1_15mph_lr_opposite_0/camera_images/1624826314.2043927.jpg
Cat1,15mph,lr,opposite,0,1624826314.237726,/media/batool/MULTIMODAL_DATA/Multimodal_Data/Cat1/opposite/bag_files/Cat1_15mph_lr_opposite_0/camera_images/1624826314.237726.jpg
Cat1,15mph,lr,opposite,0,1624826314.2710593,/media/batool/MULTIMODAL_DATA/Multimodal_Data/Cat1/opposite/bag_files/Cat1_15mph_lr_opposite_0/camera_images/1624826314.2710593.jpg
Cat1,15mph,lr,opposite,0,1624826314.3043926,/media/batool/MULTIMODAL_DATA/Multimodal_Data/Cat1/opposite/bag_files/Cat1_15mph_lr_opposite_0/camera_images/1624826314.3043926.jpg
Cat1,15mph,lr,opposite,0,1624826314.3377259,/media/batool/MULTIMODAL_DATA/Multimodal_Data/Cat1/opposite/bag_files/Cat1_15mph_lr_opposite_0/camera_images/1624826314.3377259.jpg
Cat1,15mph,lr,opposite,0,1624826314.3710592,/media/batool/MULTIMODAL_DATA/Multimodal_Data/Cat1/opposite/bag_files/Cat1_15mph_lr_opposite_0/camera_images/1624826314.3710592.jpg
Cat1,15mph,lr,opposite,0,1624826314.4043925,/media/batool/MULTIMODAL_DATA/Multimodal_Data/Cat1/opposite/bag_files/Cat1_15mph_lr_opposite_0/camera_images/1624826314.4043925.jpg
Cat1,15mph,lr,opposite,0,1624826314.4377258,/media/batool/MULTIMODAL_DATA/Multimodal_Data/Cat1/opposite/bag_files/Cat1_15mph_lr_opposite_0/camera_images/1624826314.4377258.jpg
Cat1,15mph,lr,opposite,0,1624826314.471059,/media/batool/MULTIMODAL_DATA/Multimodal_Data/Cat1/opposite/bag_files/Cat1_15mph_lr_opposite_0/camera_images/1624826314.471059.jpg
Cat1,15mph,lr,opposite,0,1624826314.5043924,/media/batool/MULTIMODAL_DATA/Multimodal_Data/Cat1/opposite/bag_files/Cat1_15mph_lr_opposite_0/camera_images/1624826314.5043924.jpg
Cat1,15mph,lr,opposite,0,1624826314.5377257,/media/batool/MULTIMODAL_DATA/Multimodal_Data/Cat1/opposite/bag_files/Cat1_15mph_lr_opposite_0/camera_images/1624826314.5377257.jpg
Cat1,15mph,lr,opposite,0,1624826314.571059,/media/batool/MULTIMODAL_DATA/Multimodal_Data/Cat1/opposite/bag_files/Cat1_15mph_lr_opposite_0/camera_images/1624826314.571059.jpg
Cat1,15mph,lr,opposite,0,1624826314.6377256,/media/batool/MULTIMODAL_DATA/Multimodal_Data/Cat1/opposite/bag_files/Cat1_15mph_lr_opposite_0/camera_images/1624826314.6377256.jpg
Cat1,15mph,lr,opposite,0,1624826314.671059,/media/batool/MULTIMODAL_DATA/Multimodal_Data/Cat1/opposite/bag_files/Cat1_15mph_lr_opposite_0/camera_images/1624826314.671059.jpg
Cat1,15mph,lr,opposite,0,1624826314.7043922,/media/batool/MULTIMODAL_DATA/Multimodal_Data/Cat1/opposite/bag_files/Cat1_15mph_lr_opposite_0/camera_images/1624826314.7043922.jpg
Cat1,15mph,lr,opposite,0,1624826314.7377255,/media/batool/MULTIMODAL_DATA/Multimodal_Data/Cat1/opposite/bag_files/Cat1_15mph_lr_opposite_0/camera_images/1624826314.7377255.jpg
Cat1,15mph,lr,opposite,0,1624826314.7710588,/media/batool/MULTIMODAL_DATA/Multimodal_Data/Cat1/opposite/bag_files/Cat1_15mph_lr_opposite_0/camera_images/1624826314.7710588.jpg
Cat1,15mph,lr,opposite,0,1624826314.804392,/media/batool/MULTIMODAL_DATA/Multimodal_Data/Cat1/opposite/bag_files/Cat1_15mph_lr_opposite_0/camera_images/1624826314.804392.jpg
Cat1,15mph,lr,opposite,0,1624826314.8377254,/media/batool/MULTIMODAL_DATA/Multimodal_Data/Cat1/opposite/bag_files/Cat1_15mph_lr_opposite_0/camera_images/1624826314.8377254.jpg
Cat1,15mph,lr,opposite,0,1624826314.8710587,/media/batool/MULTIMODAL_DATA/Multimodal_Data/Cat1/opposite/bag_files/Cat1_15mph_lr_opposite_0/camera_images/1624826314.8710587.jpg
Cat1,15mph,lr,opposite,0,1624826314.904392,/media/batool/MULTIMODAL_DATA/Multimodal_Data/Cat1/opposite/bag_files/Cat1_15mph_lr_opposite_0/camera_images/1624826314.904392.jpg
Cat1,15mph,lr,opposite,0,1624826314.9377253,/media/batool/MULTIMODAL_DATA/Multimodal_Data/Cat1/opposite/bag_files/Cat1_15mph_lr_opposite_0/camera_images/1624826314.9377253.jpg
Cat1,15mph,lr,opposite,0,1624826314.9710586,/media/batool/MULTIMODAL_DATA/Multimodal_Data/Cat1/opposite/bag_files/Cat1_15mph_lr_opposite_0/camera_images/1624826314.9710586.jpg
Cat1,15mph,lr,opposite,0,1624826315.004392,/media/batool/MULTIMODAL_DATA/Multimodal_Data/Cat1/opposite/bag_files/Cat1_15mph_lr_opposite_0/camera_images/1624826315.004392.jpg
Cat1,15mph,lr,opposite,0,1624826315.0377252,/media/batool/MULTIMODAL_DATA/Multimodal_Data/Cat1/opposite/bag_files/Cat1_15mph_lr_opposite_0/camera_images/1624826315.0377252.jpg
Cat1,15mph,lr,opposite,0,1624826315.0710585,/media/batool/MULTIMODAL_DATA/Multimodal_Data/Cat1/opposite/bag_files/Cat1_15mph_lr_opposite_0/camera_images/1624826315.0710585.jpg
Cat1,15mph,lr,opposite,0,1624826315.1043918,/media/batool/MULTIMODAL_DATA/Multimodal_Data/Cat1/opposite/bag_files/Cat1_15mph_lr_opposite_0/camera_images/1624826315.1043918.jpg
Cat1,15mph,lr,opposite,0,1624826315.1710584,/media/batool/MULTIMODAL_DATA/Multimodal_Data/Cat1/opposite/bag_files/Cat1_15mph_lr_opposite_0/camera_images/1624826315.1710584.jpg
Cat1,15mph,lr,opposite,0,1624826315.2043917,/media/batool/MULTIMODAL_DATA/Multimodal_Data/Cat1/opposite/bag_files/Cat1_15mph_lr_opposite_0/camera_images/1624826315.2043917.jpg
Cat1,15mph,lr,opposite,0,1624826315.237725,/media/batool/MULTIMODAL_DATA/Multimodal_Data/Cat1/opposite/bag_files/Cat1_15mph_lr_opposite_0/camera_images/1624826315.237725.jpg
Cat1,15mph,lr,opposite,0,1624826315.2710583,/media/batool/MULTIMODAL_DATA/Multimodal_Data/Cat1/opposite/bag_files/Cat1_15mph_lr_opposite_0/camera_images/1624826315.2710583.jpg
Cat1,15mph,lr,opposite,0,1624826315.3043916,/media/batool/MULTIMODAL_DATA/Multimodal_Data/Cat1/opposite/bag_files/Cat1_15mph_lr_opposite_0/camera_images/1624826315.3043916.jpg
Cat1,15mph,lr,opposite,0,1624826315.337725,/media/batool/MULTIMODAL_DATA/Multimodal_Data/Cat1/opposite/bag_files/Cat1_15mph_lr_opposite_0/camera_images/1624826315.337725.jpg
Cat1,15mph,lr,opposite,0,1624826315.3710582,/media/batool/MULTIMODAL_DATA/Multimodal_Data/Cat1/opposite/bag_files/Cat1_15mph_lr_opposite_0/camera_images/1624826315.3710582.jpg
Cat1,15mph,lr,opposite,0,1624826315.4043915,/media/batool/MULTIMODAL_DATA/Multimodal_Data/Cat1/opposite/bag_files/Cat1_15mph_lr_opposite_0/camera_images/1624826315.4043915.jpg
Cat1,15mph,lr,opposite,0,1624826315.4377248,/media/batool/MULTIMODAL_DATA/Multimodal_Data/Cat1/opposite/bag_files/Cat1_15mph_lr_opposite_0/camera_images/1624826315.4377248.jpg
Cat1,15mph,lr,opposite,0,1624826315.4710581,/media/batool/MULTIMODAL_DATA/Multimodal_Data/Cat1/opposite/bag_files/Cat1_15mph_lr_opposite_0/camera_images/1624826315.4710581.jpg
Cat1,15mph,lr,opposite,0,1624826315.5043914,/media/batool/MULTIMODAL_DATA/Multimodal_Data/Cat1/opposite/bag_files/Cat1_15mph_lr_opposite_0/camera_images/1624826315.5043914.jpg
Cat1,15mph,lr,opposite,0,1624826315.5377247,/media/batool/MULTIMODAL_DATA/Multimodal_Data/Cat1/opposite/bag_files/Cat1_15mph_lr_opposite_0/camera_images/1624826315.5377247.jpg
Cat1,15mph,lr,opposite,0,1624826315.571058,/media/batool/MULTIMODAL_DATA/Multimodal_Data/Cat1/opposite/bag_files/Cat1_15mph_lr_opposite_0/camera_images/1624826315.571058.jpg
Cat1,15mph,lr,opposite,0,1624826315.6043913,/media/batool/MULTIMODAL_DATA/Multimodal_Data/Cat1/opposite/bag_files/Cat1_15mph_lr_opposite_0/camera_images/1624826315.6043913.jpg
Cat1,15mph,lr,opposite,0,1624826315.6377246,/media/batool/MULTIMODAL_DATA/Multimodal_Data/Cat1/opposite/bag_files/Cat1_15mph_lr_opposite_0/camera_images/1624826315.6377246.jpg
Cat1,15mph,lr,opposite,0,1624826315.7043912,/media/batool/MULTIMODAL_DATA/Multimodal_Data/Cat1/opposite/bag_files/Cat1_15mph_lr_opposite_0/camera_images/1624826315.7043912.jpg
Cat1,15mph,lr,opposite,0,1624826315.7377245,/media/batool/MULTIMODAL_DATA/Multimodal_Data/Cat1/opposite/bag_files/Cat1_15mph_lr_opposite_0/camera_images/1624826315.7377245.jpg
Cat1,15mph,lr,opposite,0,1624826315.7710578,/media/batool/MULTIMODAL_DATA/Multimodal_Data/Cat1/opposite/bag_files/Cat1_15mph_lr_opposite_0/camera_images/1624826315.7710578.jpg
Cat1,15mph,lr,opposite,0,1624826315.8043911,/media/batool/MULTIMODAL_DATA/Multimodal_Data/Cat1/opposite/bag_files/Cat1_15mph_lr_opposite_0/camera_images/1624826315.8043911.jpg
Cat1,15mph,lr,opposite,0,1624826315.8377244,/media/batool/MULTIMODAL_DATA/Multimodal_Data/Cat1/opposite/bag_files/Cat1_15mph_lr_opposite_0/camera_images/1624826315.8377244.jpg
Cat1,15mph,lr,opposite,0,1624826315.8710577,/media/batool/MULTIMODAL_DATA/Multimodal_Data/Cat1/opposite/bag_files/Cat1_15mph_lr_opposite_0/camera_images/1624826315.8710577.jpg
Cat1,15mph,lr,opposite,0,1624826315.904391,/media/batool/MULTIMODAL_DATA/Multimodal_Data/Cat1/opposite/bag_files/Cat1_15mph_lr_opposite_0/camera_images/1624826315.904391.jpg
Cat1,15mph,lr,opposite,0,1624826315.9377244,/media/batool/MULTIMODAL_DATA/Multimodal_Data/Cat1/opposite/bag_files/Cat1_15mph_lr_opposite_0/camera_images/1624826315.9377244.jpg
Cat1,15mph,lr,opposite,0,1624826315.9710577,/media/batool/MULTIMODAL_DATA/Multimodal_Data/Cat1/opposite/bag_files/Cat1_15mph_lr_opposite_0/camera_images/1624826315.9710577.jpg
Cat1,15mph,lr,opposite,0,1624826316.004391,/media/batool/MULTIMODAL_DATA/Multimodal_Data/Cat1/opposite/bag_files/Cat1_15mph_lr_opposite_0/camera_images/1624826316.004391.jpg
Cat1,15mph,lr,opposite,0,1624826316.0377243,/media/batool/MULTIMODAL_DATA/Multimodal_Data/Cat1/opposite/bag_files/Cat1_15mph_lr_opposite_0/camera_images/1624826316.0377243.jpg
Cat1,15mph,lr,opposite,0,1624826316.0710576,/media/batool/MULTIMODAL_DATA/Multimodal_Data/Cat1/opposite/bag_files/Cat1_15mph_lr_opposite_0/camera_images/1624826316.0710576.jpg
Cat1,15mph,lr,opposite,0,1624826316.1043909,/media/batool/MULTIMODAL_DATA/Multimodal_Data/Cat1/opposite/bag_files/Cat1_15mph_lr_opposite_0/camera_images/1624826316.1043909.jpg
Cat1,15mph,lr,opposite,0,1624826316.1377242,/media/batool/MULTIMODAL_DATA/Multimodal_Data/Cat1/opposite/bag_files/Cat1_15mph_lr_opposite_0/camera_images/1624826316.1377242.jpg
Cat1,15mph,lr,opposite,0,1624826316.1710575,/media/batool/MULTIMODAL_DATA/Multimodal_Data/Cat1/opposite/bag_files/Cat1_15mph_lr_opposite_0/camera_images/1624826316.1710575.jpg
Cat1,15mph,lr,opposite,0,1624826316.237724,/media/batool/MULTIMODAL_DATA/Multimodal_Data/Cat1/opposite/bag_files/Cat1_15mph_lr_opposite_0/camera_images/1624826316.237724.jpg
Cat1,15mph,lr,opposite,0,1624826316.2710574,/media/batool/MULTIMODAL_DATA/Multimodal_Data/Cat1/opposite/bag_files/Cat1_15mph_lr_opposite_0/camera_images/1624826316.2710574.jpg
Cat1,15mph,lr,opposite,0,1624826316.3043907,/media/batool/MULTIMODAL_DATA/Multimodal_Data/Cat1/opposite/bag_files/Cat1_15mph_lr_opposite_0/camera_images/1624826316.3043907.jpg
Cat1,15mph,lr,opposite,0,1624826316.337724,/media/batool/MULTIMODAL_DATA/Multimodal_Data/Cat1/opposite/bag_files/Cat1_15mph_lr_opposite_0/camera_images/1624826316.337724.jpg
Cat1,15mph,lr,opposite,0,1624826316.3710573,/media/batool/MULTIMODAL_DATA/Multimodal_Data/Cat1/opposite/bag_files/Cat1_15mph_lr_opposite_0/camera_images/1624826316.3710573.jpg
Cat1,15mph,lr,opposite,0,1624826316.4043906,/media/batool/MULTIMODAL_DATA/Multimodal_Data/Cat1/opposite/bag_files/Cat1_15mph_lr_opposite_0/camera_images/1624826316.4043906.jpg
Cat1,15mph,lr,opposite,0,1624826316.4377239,/media/batool/MULTIMODAL_DATA/Multimodal_Data/Cat1/opposite/bag_files/Cat1_15mph_lr_opposite_0/camera_images/1624826316.4377239.jpg
Cat1,15mph,lr,opposite,0,1624826316.4710572,/media/batool/MULTIMODAL_DATA/Multimodal_Data/Cat1/opposite/bag_files/Cat1_15mph_lr_opposite_0/camera_images/1624826316.4710572.jpg
Cat1,15mph,lr,opposite,0,1624826316.5043905,/media/batool/MULTIMODAL_DATA/Multimodal_Data/Cat1/opposite/bag_files/Cat1_15mph_lr_opposite_0/camera_images/1624826316.5043905.jpg
Cat1,15mph,lr,opposite,0,1624826316.5377238,/media/batool/MULTIMODAL_DATA/Multimodal_Data/Cat1/opposite/bag_files/Cat1_15mph_lr_opposite_0/camera_images/1624826316.5377238.jpg
Cat1,15mph,lr,opposite,0,1624826316.571057,/media/batool/MULTIMODAL_DATA/Multimodal_Data/Cat1/opposite/bag_files/Cat1_15mph_lr_opposite_0/camera_images/1624826316.571057.jpg
Cat1,15mph,lr,opposite,0,1624826316.6043904,/media/batool/MULTIMODAL_DATA/Multimodal_Data/Cat1/opposite/bag_files/Cat1_15mph_lr_opposite_0/camera_images/1624826316.6043904.jpg
Cat1,15mph,lr,opposite,0,1624826316.6377237,/media/batool/MULTIMODAL_DATA/Multimodal_Data/Cat1/opposite/bag_files/Cat1_15mph_lr_opposite_0/camera_images/1624826316.6377237.jpg
Cat1,15mph,lr,opposite,0,1624826316.671057,/media/batool/MULTIMODAL_DATA/Multimodal_Data/Cat1/opposite/bag_files/Cat1_15mph_lr_opposite_0/camera_images/1624826316.671057.jpg
Cat1,15mph,lr,opposite,0,1624826316.7043903,/media/batool/MULTIMODAL_DATA/Multimodal_Data/Cat1/opposite/bag_files/Cat1_15mph_lr_opposite_0/camera_images/1624826316.7043903.jpg
Cat1,15mph,lr,opposite,0,1624826316.771057,/media/batool/MULTIMODAL_DATA/Multimodal_Data/Cat1/opposite/bag_files/Cat1_15mph_lr_opposite_0/camera_images/1624826316.771057.jpg
Cat1,15mph,lr,opposite,0,1624826316.8043902,/media/batool/MULTIMODAL_DATA/Multimodal_Data/Cat1/opposite/bag_files/Cat1_15mph_lr_opposite_0/camera_images/1624826316.8043902.jpg
Cat1,15mph,lr,opposite,0,1624826316.8377235,/media/batool/MULTIMODAL_DATA/Multimodal_Data/Cat1/opposite/bag_files/Cat1_15mph_lr_opposite_0/camera_images/1624826316.8377235.jpg
Cat1,15mph,lr,opposite,0,1624826316.8710568,/media/batool/MULTIMODAL_DATA/Multimodal_Data/Cat1/opposite/bag_files/Cat1_15mph_lr_opposite_0/camera_images/1624826316.8710568.jpg
Cat1,15mph,lr,opposite,0,1624826316.90439,/media/batool/MULTIMODAL_DATA/Multimodal_Data/Cat1/opposite/bag_files/Cat1_15mph_lr_opposite_0/camera_images/1624826316.90439.jpg
Cat1,15mph,lr,opposite,0,1624826316.9377234,/media/batool/MULTIMODAL_DATA/Multimodal_Data/Cat1/opposite/bag_files/Cat1_15mph_lr_opposite_0/camera_images/1624826316.9377234.jpg
Cat1,15mph,lr,opposite,0,1624826316.9710567,/media/batool/MULTIMODAL_DATA/Multimodal_Data/Cat1/opposite/bag_files/Cat1_15mph_lr_opposite_0/camera_images/1624826316.9710567.jpg
Cat1,15mph,lr,opposite,0,1624826317.00439,/media/batool/MULTIMODAL_DATA/Multimodal_Data/Cat1/opposite/bag_files/Cat1_15mph_lr_opposite_0/camera_images/1624826317.00439.jpg
Cat1,15mph,lr,opposite,0,1624826317.0377233,/media/batool/MULTIMODAL_DATA/Multimodal_Data/Cat1/opposite/bag_files/Cat1_15mph_lr_opposite_0/camera_images/1624826317.0377233.jpg
Cat1,15mph,lr,opposite,0,1624826317.0710566,/media/batool/MULTIMODAL_DATA/Multimodal_Data/Cat1/opposite/bag_files/Cat1_15mph_lr_opposite_0/camera_images/1624826317.0710566.jpg
Cat1,15mph,lr,opposite,0,1624826317.10439,/media/batool/MULTIMODAL_DATA/Multimodal_Data/Cat1/opposite/bag_files/Cat1_15mph_lr_opposite_0/camera_images/1624826317.10439.jpg
Cat1,15mph,lr,opposite,0,1624826317.1377232,/media/batool/MULTIMODAL_DATA/Multimodal_Data/Cat1/opposite/bag_files/Cat1_15mph_lr_opposite_0/camera_images/1624826317.1377232.jpg
Cat1,15mph,lr,opposite,0,1624826317.1710565,/media/batool/MULTIMODAL_DATA/Multimodal_Data/Cat1/opposite/bag_files/Cat1_15mph_lr_opposite_0/camera_images/1624826317.1710565.jpg
Cat1,15mph,lr,opposite,0,1624826317.2043898,/media/batool/MULTIMODAL_DATA/Multimodal_Data/Cat1/opposite/bag_files/Cat1_15mph_lr_opposite_0/camera_images/1624826317.2043898.jpg
Cat1,15mph,lr,opposite,0,1624826317.237723,/media/batool/MULTIMODAL_DATA/Multimodal_Data/Cat1/opposite/bag_files/Cat1_15mph_lr_opposite_0/camera_images/1624826317.237723.jpg
Cat1,15mph,lr,opposite,0,1624826317.3043897,/media/batool/MULTIMODAL_DATA/Multimodal_Data/Cat1/opposite/bag_files/Cat1_15mph_lr_opposite_0/camera_images/1624826317.3043897.jpg
Cat1,15mph,lr,opposite,0,1624826317.337723,/media/batool/MULTIMODAL_DATA/Multimodal_Data/Cat1/opposite/bag_files/Cat1_15mph_lr_opposite_0/camera_images/1624826317.337723.jpg
Cat1,15mph,lr,opposite,0,1624826317.3710563,/media/batool/MULTIMODAL_DATA/Multimodal_Data/Cat1/opposite/bag_files/Cat1_15mph_lr_opposite_0/camera_images/1624826317.3710563.jpg
Cat1,15mph,lr,opposite,0,1624826317.4043896,/media/batool/MULTIMODAL_DATA/Multimodal_Data/Cat1/opposite/bag_files/Cat1_15mph_lr_opposite_0/camera_images/1624826317.4043896.jpg
Cat1,15mph,lr,opposite,0,1624826317.437723,/media/batool/MULTIMODAL_DATA/Multimodal_Data/Cat1/opposite/bag_files/Cat1_15mph_lr_opposite_0/camera_images/1624826317.437723.jpg
Cat1,15mph,lr,opposite,0,1624826317.4710562,/media/batool/MULTIMODAL_DATA/Multimodal_Data/Cat1/opposite/bag_files/Cat1_15mph_lr_opposite_0/camera_images/1624826317.4710562.jpg
Cat1,15mph,lr,opposite,0,1624826317.5043895,/media/batool/MULTIMODAL_DATA/Multimodal_Data/Cat1/opposite/bag_files/Cat1_15mph_lr_opposite_0/camera_images/1624826317.5043895.jpg
Cat1,15mph,lr,opposite,0,1624826317.5377228,/media/batool/MULTIMODAL_DATA/Multimodal_Data/Cat1/opposite/bag_files/Cat1_15mph_lr_opposite_0/camera_images/1624826317.5377228.jpg
Cat1,15mph,lr,opposite,0,1624826317.5710561,/media/batool/MULTIMODAL_DATA/Multimodal_Data/Cat1/opposite/bag_files/Cat1_15mph_lr_opposite_0/camera_images/1624826317.5710561.jpg
Cat1,15mph,lr,opposite,0,1624826317.6043894,/media/batool/MULTIMODAL_DATA/Multimodal_Data/Cat1/opposite/bag_files/Cat1_15mph_lr_opposite_0/camera_images/1624826317.6043894.jpg
Cat1,15mph,lr,opposite,0,1624826317.6377227,/media/batool/MULTIMODAL_DATA/Multimodal_Data/Cat1/opposite/bag_files/Cat1_15mph_lr_opposite_0/camera_images/1624826317.6377227.jpg
Cat1,15mph,lr,opposite,0,1624826317.671056,/media/batool/MULTIMODAL_DATA/Multimodal_Data/Cat1/opposite/bag_files/Cat1_15mph_lr_opposite_0/camera_images/1624826317.671056.jpg
Cat1,15mph,lr,opposite,0,1624826317.7043893,/media/batool/MULTIMODAL_DATA/Multimodal_Data/Cat1/opposite/bag_files/Cat1_15mph_lr_opposite_0/camera_images/1624826317.7043893.jpg
Cat1,15mph,lr,opposite,0,1624826317.7377226,/media/batool/MULTIMODAL_DATA/Multimodal_Data/Cat1/opposite/bag_files/Cat1_15mph_lr_opposite_0/camera_images/1624826317.7377226.jpg
Cat1,15mph,lr,opposite,0,1624826317.771056,/media/batool/MULTIMODAL_DATA/Multimodal_Data/Cat1/opposite/bag_files/Cat1_15mph_lr_opposite_0/camera_images/1624826317.771056.jpg
Cat1,15mph,lr,opposite,0,1624826317.8377225,/media/batool/MULTIMODAL_DATA/Multimodal_Data/Cat1/opposite/bag_files/Cat1_15mph_lr_opposite_0/camera_images/1624826317.8377225.jpg
Cat1,15mph,lr,opposite,0,1624826317.8710558,/media/batool/MULTIMODAL_DATA/Multimodal_Data/Cat1/opposite/bag_files/Cat1_15mph_lr_opposite_0/camera_images/1624826317.8710558.jpg
Cat1,15mph,lr,opposite,0,1624826317.9043891,/media/batool/MULTIMODAL_DATA/Multimodal_Data/Cat1/opposite/bag_files/Cat1_15mph_lr_opposite_0/camera_images/1624826317.9043891.jpg
Cat1,15mph,lr,opposite,0,1624826317.9377224,/media/batool/MULTIMODAL_DATA/Multimodal_Data/Cat1/opposite/bag_files/Cat1_15mph_lr_opposite_0/camera_images/1624826317.9377224.jpg
Cat1,15mph,lr,opposite,0,1624826317.9710557,/media/batool/MULTIMODAL_DATA/Multimodal_Data/Cat1/opposite/bag_files/Cat1_15mph_lr_opposite_0/camera_images/1624826317.9710557.jpg
Cat1,15mph,lr,opposite,0,1624826318.004389,/media/batool/MULTIMODAL_DATA/Multimodal_Data/Cat1/opposite/bag_files/Cat1_15mph_lr_opposite_0/camera_images/1624826318.004389.jpg
Cat1,15mph,lr,opposite,0,1624826318.0377223,/media/batool/MULTIMODAL_DATA/Multimodal_Data/Cat1/opposite/bag_files/Cat1_15mph_lr_opposite_0/camera_images/1624826318.0377223.jpg
Cat1,15mph,lr,opposite,0,1624826318.0710557,/media/batool/MULTIMODAL_DATA/Multimodal_Data/Cat1/opposite/bag_files/Cat1_15mph_lr_opposite_0/camera_images/1624826318.0710557.jpg
Cat1,15mph,lr,opposite,0,1624826318.104389,/media/batool/MULTIMODAL_DATA/Multimodal_Data/Cat1/opposite/bag_files/Cat1_15mph_lr_opposite_0/camera_images/1624826318.104389.jpg
Cat1,15mph,lr,opposite,0,1624826318.1377223,/media/batool/MULTIMODAL_DATA/Multimodal_Data/Cat1/opposite/bag_files/Cat1_15mph_lr_opposite_0/camera_images/1624826318.1377223.jpg
Cat1,15mph,lr,opposite,0,1624826318.1710556,/media/batool/MULTIMODAL_DATA/Multimodal_Data/Cat1/opposite/bag_files/Cat1_15mph_lr_opposite_0/camera_images/1624826318.1710556.jpg
Cat1,15mph,lr,opposite,0,1624826318.2043889,/media/batool/MULTIMODAL_DATA/Multimodal_Data/Cat1/opposite/bag_files/Cat1_15mph_lr_opposite_0/camera_images/1624826318.2043889.jpg
Cat1,15mph,lr,opposite,0,1624826318.2377222,/media/batool/MULTIMODAL_DATA/Multimodal_Data/Cat1/opposite/bag_files/Cat1_15mph_lr_opposite_0/camera_images/1624826318.2377222.jpg
Cat1,15mph,lr,opposite,0,1624826318.2710555,/media/batool/MULTIMODAL_DATA/Multimodal_Data/Cat1/opposite/bag_files/Cat1_15mph_lr_opposite_0/camera_images/1624826318.2710555.jpg
Cat1,15mph,lr,opposite,0,1624826318.3043888,/media/batool/MULTIMODAL_DATA/Multimodal_Data/Cat1/opposite/bag_files/Cat1_15mph_lr_opposite_0/camera_images/1624826318.3043888.jpg
Cat1,15mph,lr,opposite,0,1624826318.337722,/media/batool/MULTIMODAL_DATA/Multimodal_Data/Cat1/opposite/bag_files/Cat1_15mph_lr_opposite_0/camera_images/1624826318.337722.jpg
Cat1,15mph,lr,opposite,0,1624826318.3710554,/media/batool/MULTIMODAL_DATA/Multimodal_Data/Cat1/opposite/bag_files/Cat1_15mph_lr_opposite_0/camera_images/1624826318.3710554.jpg
Cat1,15mph,lr,opposite,0,1624826318.4043887,/media/batool/MULTIMODAL_DATA/Multimodal_Data/Cat1/opposite/bag_files/Cat1_15mph_lr_opposite_0/camera_images/1624826318.4043887.jpg
Cat1,15mph,lr,opposite,0,1624826318.437722,/media/batool/MULTIMODAL_DATA/Multimodal_Data/Cat1/opposite/bag_files/Cat1_15mph_lr_opposite_0/camera_images/1624826318.437722.jpg
Cat1,15mph,lr,opposite,0,1624826318.4710553,/media/batool/MULTIMODAL_DATA/Multimodal_Data/Cat1/opposite/bag_files/Cat1_15mph_lr_opposite_0/camera_images/1624826318.4710553.jpg
Cat1,15mph,lr,opposite,0,1624826318.5043886,/media/batool/MULTIMODAL_DATA/Multimodal_Data/Cat1/opposite/bag_files/Cat1_15mph_lr_opposite_0/camera_images/1624826318.5043886.jpg
