Category,speed,direction,lane,episode,time_stamp,lida_file,image_file,lat,long,max_rssi,selected_sector,tx_mcs,rx_mcs,sqi,all_rssi,all_sector,x,y
Cat1,15mph,lr,opposite,0,1624826303.179001000,/media/batool/MULTIMODAL_DATA/Multimodal_Data/Cat1/opposite/bag_files/Cat1_15mph_lr_opposite_0/lidar_pcd/ns1/velodyne_points/1624826303.179001000.pcd,/media/batool/MULTIMODAL_DATA/Multimodal_Data/Cat1/opposite/bag_files/Cat1_15mph_lr_opposite_0/camera_images/1624826303.4377363.jpg,42.33805066666667,-71.08696533333334,9753,19,6,6,50,"[7325, 6542, 6776, 7428, 6458, 0, 6641, 7888, 6436, 7411, 7598, 7511, 8124, 6666, 6530, 9753, 7856, 6640, 6510, 8004, 6497, 8501, 7849, 6608, 9648, 7810, 7570, 7770]","[1, 2, 2, 4, 5, 5, 7, 8, 8, 10, 12, 15, 16, 17, 18, 19, 20, 21, 22, 23, 24, 26, 27, 28, 29, 30, 61, 63]",7.19174052008721,-8.666115397836116
Cat1,15mph,lr,opposite,0,1624826303.279845000,/media/batool/MULTIMODAL_DATA/Multimodal_Data/Cat1/opposite/bag_files/Cat1_15mph_lr_opposite_0/lidar_pcd/ns1/velodyne_points/1624826303.279845000.pcd,/media/batool/MULTIMODAL_DATA/Multimodal_Data/Cat1/opposite/bag_files/Cat1_15mph_lr_opposite_0/camera_images/1624826303.4377363.jpg,42.33805066666666,-71.08696533333334,9753,19,6,6,50,"[7325, 6542, 6776, 7428, 6458, 0, 6641, 7888, 6436, 7411, 7598, 7511, 8124, 6666, 6530, 9753, 7856, 6640, 6510, 8004, 6497, 8501, 7849, 6608, 9648, 7810, 7570, 7770]","[1, 2, 2, 4, 5, 5, 7, 8, 8, 10, 12, 15, 16, 17, 18, 19, 20, 21, 22, 23, 24, 26, 27, 28, 29, 30, 61, 63]",7.19174052008721,-8.666115398625607
Cat1,15mph,lr,opposite,0,1624826303.380740000,/media/batool/MULTIMODAL_DATA/Multimodal_Data/Cat1/opposite/bag_files/Cat1_15mph_lr_opposite_0/lidar_pcd/ns1/velodyne_points/1624826303.380740000.pcd,/media/batool/MULTIMODAL_DATA/Multimodal_Data/Cat1/opposite/bag_files/Cat1_15mph_lr_opposite_0/camera_images/1624826303.4377363.jpg,42.33805066666666,-71.08696533333334,9753,19,6,6,50,"[7325, 6542, 6776, 7428, 6458, 0, 6641, 7888, 6436, 7411, 7598, 7511, 8124, 6666, 6530, 9753, 7856, 6640, 6510, 8004, 6497, 8501, 7849, 6608, 9648, 7810, 7570, 7770]","[1, 2, 2, 4, 5, 5, 7, 8, 8, 10, 12, 15, 16, 17, 18, 19, 20, 21, 22, 23, 24, 26, 27, 28, 29, 30, 61, 63]",7.19174052008721,-8.666115398625607
Cat1,15mph,lr,opposite,0,1624826303.481588000,/media/batool/MULTIMODAL_DATA/Multimodal_Data/Cat1/opposite/bag_files/Cat1_15mph_lr_opposite_0/lidar_pcd/ns1/velodyne_points/1624826303.481588000.pcd,/media/batool/MULTIMODAL_DATA/Multimodal_Data/Cat1/opposite/bag_files/Cat1_15mph_lr_opposite_0/camera_images/1624826303.4710696.jpg,42.33805066666666,-71.08696533333334,9753,19,6,6,50,"[7325, 6542, 6776, 7428, 6458, 0, 6641, 7888, 6436, 7411, 7598, 7511, 8124, 6666, 6530, 9753, 7856, 6640, 6510, 8004, 6497, 8501, 7849, 6608, 9648, 7810, 7570, 7770]","[1, 2, 2, 4, 5, 5, 7, 8, 8, 10, 12, 15, 16, 17, 18, 19, 20, 21, 22, 23, 24, 26, 27, 28, 29, 30, 61, 63]",7.19174052008721,-8.666115398625607
Cat1,15mph,lr,opposite,0,1624826303.582416000,/media/batool/MULTIMODAL_DATA/Multimodal_Data/Cat1/opposite/bag_files/Cat1_15mph_lr_opposite_0/lidar_pcd/ns1/velodyne_points/1624826303.582416000.pcd,/media/batool/MULTIMODAL_DATA/Multimodal_Data/Cat1/opposite/bag_files/Cat1_15mph_lr_opposite_0/camera_images/1624826303.5710695.jpg,42.33805066666666,-71.08696533333334,9753,19,6,6,50,"[7325, 6542, 6776, 7428, 6458, 0, 6641, 7888, 6436, 7411, 7598, 7511, 8124, 6666, 6530, 9753, 7856, 6640, 6510, 8004, 6497, 8501, 7849, 6608, 9648, 7810, 7570, 7770]","[1, 2, 2, 4, 5, 5, 7, 8, 8, 10, 12, 15, 16, 17, 18, 19, 20, 21, 22, 23, 24, 26, 27, 28, 29, 30, 61, 63]",7.19174052008721,-8.666115398625607
Cat1,15mph,lr,opposite,0,1624826303.683314000,/media/batool/MULTIMODAL_DATA/Multimodal_Data/Cat1/opposite/bag_files/Cat1_15mph_lr_opposite_0/lidar_pcd/ns1/velodyne_points/1624826303.683314000.pcd,/media/batool/MULTIMODAL_DATA/Multimodal_Data/Cat1/opposite/bag_files/Cat1_15mph_lr_opposite_0/camera_images/1624826303.6710694.jpg,42.33805066666666,-71.08696533333334,9753,19,6,6,50,"[7325, 6542, 6776, 7428, 6458, 0, 6641, 7888, 6436, 7411, 7598, 7511, 8124, 6666, 6530, 9753, 7856, 6640, 6510, 8004, 6497, 8501, 7849, 6608, 9648, 7810, 7570, 7770]","[1, 2, 2, 4, 5, 5, 7, 8, 8, 10, 12, 15, 16, 17, 18, 19, 20, 21, 22, 23, 24, 26, 27, 28, 29, 30, 61, 63]",7.19174052008721,-8.666115398625607
Cat1,15mph,lr,opposite,0,1624826303.784147000,/media/batool/MULTIMODAL_DATA/Multimodal_Data/Cat1/opposite/bag_files/Cat1_15mph_lr_opposite_0/lidar_pcd/ns1/velodyne_points/1624826303.784147000.pcd,/media/batool/MULTIMODAL_DATA/Multimodal_Data/Cat1/opposite/bag_files/Cat1_15mph_lr_opposite_0/camera_images/1624826303.7710693.jpg,42.33805066666666,-71.08696533333334,9753,19,6,6,50,"[7325, 6542, 6776, 7428, 6458, 0, 6641, 7888, 6436, 7411, 7598, 7511, 8124, 6666, 6530, 9753, 7856, 6640, 6510, 8004, 6497, 8501, 7849, 6608, 9648, 7810, 7570, 7770]","[1, 2, 2, 4, 5, 5, 7, 8, 8, 10, 12, 15, 16, 17, 18, 19, 20, 21, 22, 23, 24, 26, 27, 28, 29, 30, 61, 63]",7.19174052008721,-8.666115398625607
Cat1,15mph,lr,opposite,0,1624826303.985863000,/media/batool/MULTIMODAL_DATA/Multimodal_Data/Cat1/opposite/bag_files/Cat1_15mph_lr_opposite_0/lidar_pcd/ns1/velodyne_points/1624826303.985863000.pcd,/media/batool/MULTIMODAL_DATA/Multimodal_Data/Cat1/opposite/bag_files/Cat1_15mph_lr_opposite_0/camera_images/1624826303.971069.jpg,42.33805066666666,-71.08696533333334,9753,19,6,6,50,"[7325, 6542, 6776, 7428, 6458, 0, 6641, 7888, 6436, 7411, 7598, 7511, 8124, 6666, 6530, 9753, 7856, 6640, 6510, 8004, 6497, 8501, 7849, 6608, 9648, 7810, 7570, 7770]","[1, 2, 2, 4, 5, 5, 7, 8, 8, 10, 12, 15, 16, 17, 18, 19, 20, 21, 22, 23, 24, 26, 27, 28, 29, 30, 61, 63]",7.19174052008721,-8.666115398625607
Cat1,15mph,lr,opposite,0,1624826304.086734000,/media/batool/MULTIMODAL_DATA/Multimodal_Data/Cat1/opposite/bag_files/Cat1_15mph_lr_opposite_0/lidar_pcd/ns1/velodyne_points/1624826304.086734000.pcd,/media/batool/MULTIMODAL_DATA/Multimodal_Data/Cat1/opposite/bag_files/Cat1_15mph_lr_opposite_0/camera_images/1624826304.071069.jpg,42.33805066666667,-71.08696533333334,9753,19,6,6,50,"[7325, 6542, 6776, 7428, 6458, 0, 6641, 7888, 6436, 7411, 7598, 7511, 8124, 6666, 6530, 9753, 7856, 6640, 6510, 8004, 6497, 8501, 7849, 6608, 9648, 7810, 7570, 7770]","[1, 2, 2, 4, 5, 5, 7, 8, 8, 10, 12, 15, 16, 17, 18, 19, 20, 21, 22, 23, 24, 26, 27, 28, 29, 30, 61, 63]",7.19174052008721,-8.666115397836116
Cat1,15mph,lr,opposite,0,1624826304.187551000,/media/batool/MULTIMODAL_DATA/Multimodal_Data/Cat1/opposite/bag_files/Cat1_15mph_lr_opposite_0/lidar_pcd/ns1/velodyne_points/1624826304.187551000.pcd,/media/batool/MULTIMODAL_DATA/Multimodal_Data/Cat1/opposite/bag_files/Cat1_15mph_lr_opposite_0/camera_images/1624826304.171069.jpg,42.33805066666666,-71.08696533333334,9753,19,6,6,50,"[7325, 6542, 6776, 7428, 6458, 0, 6641, 7888, 6436, 7411, 7598, 7511, 8124, 6666, 6530, 9753, 7856, 6640, 6510, 8004, 6497, 8501, 7849, 6608, 9648, 7810, 7570, 7770]","[1, 2, 2, 4, 5, 5, 7, 8, 8, 10, 12, 15, 16, 17, 18, 19, 20, 21, 22, 23, 24, 26, 27, 28, 29, 30, 61, 63]",7.19174052008721,-8.666115398625607
Cat1,15mph,lr,opposite,0,1624826304.288450000,/media/batool/MULTIMODAL_DATA/Multimodal_Data/Cat1/opposite/bag_files/Cat1_15mph_lr_opposite_0/lidar_pcd/ns1/velodyne_points/1624826304.288450000.pcd,/media/batool/MULTIMODAL_DATA/Multimodal_Data/Cat1/opposite/bag_files/Cat1_15mph_lr_opposite_0/camera_images/1624826304.304402.jpg,42.33805066666666,-71.08696533333334,9753,19,6,6,50,"[7325, 6542, 6776, 7428, 6458, 0, 6641, 7888, 6436, 7411, 7598, 7511, 8124, 6666, 6530, 9753, 7856, 6640, 6510, 8004, 6497, 8501, 7849, 6608, 9648, 7810, 7570, 7770]","[1, 2, 2, 4, 5, 5, 7, 8, 8, 10, 12, 15, 16, 17, 18, 19, 20, 21, 22, 23, 24, 26, 27, 28, 29, 30, 61, 63]",7.19174052008721,-8.666115398625607
Cat1,15mph,lr,opposite,0,1624826303.884998000,/media/batool/MULTIMODAL_DATA/Multimodal_Data/Cat1/opposite/bag_files/Cat1_15mph_lr_opposite_0/lidar_pcd/ns1/velodyne_points/1624826303.884998000.pcd,/media/batool/MULTIMODAL_DATA/Multimodal_Data/Cat1/opposite/bag_files/Cat1_15mph_lr_opposite_0/camera_images/1624826303.8710692.jpg,42.33805066666666,-71.08696533333334,9753,19,6,6,50,"[7325, 6542, 6776, 7428, 6458, 0, 6641, 7888, 6436, 7411, 7598, 7511, 8124, 6666, 6530, 9753, 7856, 6640, 6510, 8004, 6497, 8501, 7849, 6608, 9648, 7810, 7570, 7770]","[1, 2, 2, 4, 5, 5, 7, 8, 8, 10, 12, 15, 16, 17, 18, 19, 20, 21, 22, 23, 24, 26, 27, 28, 29, 30, 61, 63]",7.19174052008721,-8.666115398625607
Cat1,15mph,lr,opposite,0,1624826304.389274000,/media/batool/MULTIMODAL_DATA/Multimodal_Data/Cat1/opposite/bag_files/Cat1_15mph_lr_opposite_0/lidar_pcd/ns1/velodyne_points/1624826304.389274000.pcd,/media/batool/MULTIMODAL_DATA/Multimodal_Data/Cat1/opposite/bag_files/Cat1_15mph_lr_opposite_0/camera_images/1624826304.404402.jpg,42.33805066666666,-71.08696533333334,8140,26,6,6,55,"[6373, 6232, 5300, 6712, 6386, 6000, 5802, 6523, 7518, 6574, 6720, 6548, 7872, 6339, 6349, 7952, 6493, 6385, 5643, 6686, 5586, 8140, 6588, 6348, 8056, 6474, 6082, 7205, 6636]","[1, 2, 3, 4, 5, 5, 7, 8, 9, 10, 12, 15, 16, 17, 18, 19, 20, 21, 22, 23, 24, 26, 27, 28, 29, 30, 30, 61, 63]",7.19174052008721,-8.666115398625607
Cat1,15mph,lr,opposite,0,1624826304.490167000,/media/batool/MULTIMODAL_DATA/Multimodal_Data/Cat1/opposite/bag_files/Cat1_15mph_lr_opposite_0/lidar_pcd/ns1/velodyne_points/1624826304.490167000.pcd,/media/batool/MULTIMODAL_DATA/Multimodal_Data/Cat1/opposite/bag_files/Cat1_15mph_lr_opposite_0/camera_images/1624826304.504402.jpg,42.33805066666666,-71.08696533333334,8140,26,6,6,55,"[6373, 6232, 5300, 6712, 6386, 6000, 5802, 6523, 7518, 6574, 6720, 6548, 7872, 6339, 6349, 7952, 6493, 6385, 5643, 6686, 5586, 8140, 6588, 6348, 8056, 6474, 6082, 7205, 6636]","[1, 2, 3, 4, 5, 5, 7, 8, 9, 10, 12, 15, 16, 17, 18, 19, 20, 21, 22, 23, 24, 26, 27, 28, 29, 30, 30, 61, 63]",7.19174052008721,-8.666115398625607
Cat1,15mph,lr,opposite,0,1624826304.591014000,/media/batool/MULTIMODAL_DATA/Multimodal_Data/Cat1/opposite/bag_files/Cat1_15mph_lr_opposite_0/lidar_pcd/ns1/velodyne_points/1624826304.591014000.pcd,/media/batool/MULTIMODAL_DATA/Multimodal_Data/Cat1/opposite/bag_files/Cat1_15mph_lr_opposite_0/camera_images/1624826304.6044018.jpg,42.33805066666667,-71.08696533333335,8140,26,6,6,55,"[6373, 6232, 5300, 6712, 6386, 6000, 5802, 6523, 7518, 6574, 6720, 6548, 7872, 6339, 6349, 7952, 6493, 6385, 5643, 6686, 5586, 8140, 6588, 6348, 8056, 6474, 6082, 7205, 6636]","[1, 2, 3, 4, 5, 5, 7, 8, 9, 10, 12, 15, 16, 17, 18, 19, 20, 21, 22, 23, 24, 26, 27, 28, 29, 30, 30, 61, 63]",7.191740518920052,-8.666115397836116
Cat1,15mph,lr,opposite,0,1624826304.691843000,/media/batool/MULTIMODAL_DATA/Multimodal_Data/Cat1/opposite/bag_files/Cat1_15mph_lr_opposite_0/lidar_pcd/ns1/velodyne_points/1624826304.691843000.pcd,/media/batool/MULTIMODAL_DATA/Multimodal_Data/Cat1/opposite/bag_files/Cat1_15mph_lr_opposite_0/camera_images/1624826304.7044017.jpg,42.33805066666667,-71.08696533333337,8140,26,6,6,55,"[6373, 6232, 5300, 6712, 6386, 6000, 5802, 6523, 7518, 6574, 6720, 6548, 7872, 6339, 6349, 7952, 6493, 6385, 5643, 6686, 5586, 8140, 6588, 6348, 8056, 6474, 6082, 7205, 6636]","[1, 2, 3, 4, 5, 5, 7, 8, 9, 10, 12, 15, 16, 17, 18, 19, 20, 21, 22, 23, 24, 26, 27, 28, 29, 30, 30, 61, 63]",7.191740517752892,-8.666115397836116
Cat1,15mph,lr,opposite,0,1624826304.792723000,/media/batool/MULTIMODAL_DATA/Multimodal_Data/Cat1/opposite/bag_files/Cat1_15mph_lr_opposite_0/lidar_pcd/ns1/velodyne_points/1624826304.792723000.pcd,/media/batool/MULTIMODAL_DATA/Multimodal_Data/Cat1/opposite/bag_files/Cat1_15mph_lr_opposite_0/camera_images/1624826304.8044016.jpg,42.338050666666675,-71.08696533333337,8140,26,6,6,55,"[6373, 6232, 5300, 6712, 6386, 6000, 5802, 6523, 7518, 6574, 6720, 6548, 7872, 6339, 6349, 7952, 6493, 6385, 5643, 6686, 5586, 8140, 6588, 6348, 8056, 6474, 6082, 7205, 6636]","[1, 2, 3, 4, 5, 5, 7, 8, 9, 10, 12, 15, 16, 17, 18, 19, 20, 21, 22, 23, 24, 26, 27, 28, 29, 30, 30, 61, 63]",7.191740517752892,-8.666115397046623
Cat1,15mph,lr,opposite,0,1624826304.893583000,/media/batool/MULTIMODAL_DATA/Multimodal_Data/Cat1/opposite/bag_files/Cat1_15mph_lr_opposite_0/lidar_pcd/ns1/velodyne_points/1624826304.893583000.pcd,/media/batool/MULTIMODAL_DATA/Multimodal_Data/Cat1/opposite/bag_files/Cat1_15mph_lr_opposite_0/camera_images/1624826304.9044015.jpg,42.338050666666675,-71.08696533333337,8140,26,6,6,55,"[6373, 6232, 5300, 6712, 6386, 6000, 5802, 6523, 7518, 6574, 6720, 6548, 7872, 6339, 6349, 7952, 6493, 6385, 5643, 6686, 5586, 8140, 6588, 6348, 8056, 6474, 6082, 7205, 6636]","[1, 2, 3, 4, 5, 5, 7, 8, 9, 10, 12, 15, 16, 17, 18, 19, 20, 21, 22, 23, 24, 26, 27, 28, 29, 30, 30, 61, 63]",7.191740517752892,-8.666115397046623
Cat1,15mph,lr,opposite,0,1624826304.994392000,/media/batool/MULTIMODAL_DATA/Multimodal_Data/Cat1/opposite/bag_files/Cat1_15mph_lr_opposite_0/lidar_pcd/ns1/velodyne_points/1624826304.994392000.pcd,/media/batool/MULTIMODAL_DATA/Multimodal_Data/Cat1/opposite/bag_files/Cat1_15mph_lr_opposite_0/camera_images/1624826305.0044014.jpg,42.33805066666668,-71.08696533333338,8140,26,6,6,55,"[6373, 6232, 5300, 6712, 6386, 6000, 5802, 6523, 7518, 6574, 6720, 6548, 7872, 6339, 6349, 7952, 6493, 6385, 5643, 6686, 5586, 8140, 6588, 6348, 8056, 6474, 6082, 7205, 6636]","[1, 2, 3, 4, 5, 5, 7, 8, 9, 10, 12, 15, 16, 17, 18, 19, 20, 21, 22, 23, 24, 26, 27, 28, 29, 30, 30, 61, 63]",7.191740516585733,-8.666115396257132
Cat1,15mph,lr,opposite,0,1624826305.095272000,/media/batool/MULTIMODAL_DATA/Multimodal_Data/Cat1/opposite/bag_files/Cat1_15mph_lr_opposite_0/lidar_pcd/ns1/velodyne_points/1624826305.095272000.pcd,/media/batool/MULTIMODAL_DATA/Multimodal_Data/Cat1/opposite/bag_files/Cat1_15mph_lr_opposite_0/camera_images/1624826305.1044014.jpg,42.33805066666668,-71.0869653333334,8140,26,6,6,55,"[6373, 6232, 5300, 6712, 6386, 6000, 5802, 6523, 7518, 6574, 6720, 6548, 7872, 6339, 6349, 7952, 6493, 6385, 5643, 6686, 5586, 8140, 6588, 6348, 8056, 6474, 6082, 7205, 6636]","[1, 2, 3, 4, 5, 5, 7, 8, 9, 10, 12, 15, 16, 17, 18, 19, 20, 21, 22, 23, 24, 26, 27, 28, 29, 30, 30, 61, 63]",7.191740515418575,-8.666115396257132
Cat1,15mph,lr,opposite,0,1624826305.196146000,/media/batool/MULTIMODAL_DATA/Multimodal_Data/Cat1/opposite/bag_files/Cat1_15mph_lr_opposite_0/lidar_pcd/ns1/velodyne_points/1624826305.196146000.pcd,/media/batool/MULTIMODAL_DATA/Multimodal_Data/Cat1/opposite/bag_files/Cat1_15mph_lr_opposite_0/camera_images/1624826305.2044013.jpg,42.33805066666669,-71.0869653333334,8140,26,6,6,55,"[6373, 6232, 5300, 6712, 6386, 6000, 5802, 6523, 7518, 6574, 6720, 6548, 7872, 6339, 6349, 7952, 6493, 6385, 5643, 6686, 5586, 8140, 6588, 6348, 8056, 6474, 6082, 7205, 6636]","[1, 2, 3, 4, 5, 5, 7, 8, 9, 10, 12, 15, 16, 17, 18, 19, 20, 21, 22, 23, 24, 26, 27, 28, 29, 30, 30, 61, 63]",7.191740515418573,-8.666115395467639
Cat1,15mph,lr,opposite,0,1624826305.297009000,/media/batool/MULTIMODAL_DATA/Multimodal_Data/Cat1/opposite/bag_files/Cat1_15mph_lr_opposite_0/lidar_pcd/ns1/velodyne_points/1624826305.297009000.pcd,/media/batool/MULTIMODAL_DATA/Multimodal_Data/Cat1/opposite/bag_files/Cat1_15mph_lr_opposite_0/camera_images/1624826305.3044012.jpg,42.338050666666696,-71.0869653333334,8140,26,6,6,55,"[6373, 6232, 5300, 6712, 6386, 6000, 5802, 6523, 7518, 6574, 6720, 6548, 7872, 6339, 6349, 7952, 6493, 6385, 5643, 6686, 5586, 8140, 6588, 6348, 8056, 6474, 6082, 7205, 6636]","[1, 2, 3, 4, 5, 5, 7, 8, 9, 10, 12, 15, 16, 17, 18, 19, 20, 21, 22, 23, 24, 26, 27, 28, 29, 30, 30, 61, 63]",7.191740515418573,-8.666115394678148
Cat1,15mph,lr,opposite,0,1624826305.498668000,/media/batool/MULTIMODAL_DATA/Multimodal_Data/Cat1/opposite/bag_files/Cat1_15mph_lr_opposite_0/lidar_pcd/ns1/velodyne_points/1624826305.498668000.pcd,/media/batool/MULTIMODAL_DATA/Multimodal_Data/Cat1/opposite/bag_files/Cat1_15mph_lr_opposite_0/camera_images/1624826305.504401.jpg,42.338050666666696,-71.0869653333334,8140,26,6,6,55,"[6373, 6232, 5300, 6712, 6386, 6000, 5802, 6523, 7518, 6574, 6720, 6548, 7872, 6339, 6349, 7952, 6493, 6385, 5643, 6686, 5586, 8140, 6588, 6348, 8056, 6474, 6082, 7205, 6636]","[1, 2, 3, 4, 5, 5, 7, 8, 9, 10, 12, 15, 16, 17, 18, 19, 20, 21, 22, 23, 24, 26, 27, 28, 29, 30, 30, 61, 63]",7.191740515418573,-8.666115394678148
Cat1,15mph,lr,opposite,0,1624826305.599556000,/media/batool/MULTIMODAL_DATA/Multimodal_Data/Cat1/opposite/bag_files/Cat1_15mph_lr_opposite_0/lidar_pcd/ns1/velodyne_points/1624826305.599556000.pcd,/media/batool/MULTIMODAL_DATA/Multimodal_Data/Cat1/opposite/bag_files/Cat1_15mph_lr_opposite_0/camera_images/1624826305.6044009.jpg,42.33805066666669,-71.08696533333338,8140,26,6,6,55,"[6373, 6232, 5300, 6712, 6386, 6000, 5802, 6523, 7518, 6574, 6720, 6548, 7872, 6339, 6349, 7952, 6493, 6385, 5643, 6686, 5586, 8140, 6588, 6348, 8056, 6474, 6082, 7205, 6636]","[1, 2, 3, 4, 5, 5, 7, 8, 9, 10, 12, 15, 16, 17, 18, 19, 20, 21, 22, 23, 24, 26, 27, 28, 29, 30, 30, 61, 63]",7.191740516585732,-8.666115395467639
Cat1,15mph,lr,opposite,0,1624826305.700427000,/media/batool/MULTIMODAL_DATA/Multimodal_Data/Cat1/opposite/bag_files/Cat1_15mph_lr_opposite_0/lidar_pcd/ns1/velodyne_points/1624826305.700427000.pcd,/media/batool/MULTIMODAL_DATA/Multimodal_Data/Cat1/opposite/bag_files/Cat1_15mph_lr_opposite_0/camera_images/1624826305.7044008.jpg,42.33805066666668,-71.08696533333337,8140,26,6,6,55,"[6373, 6232, 5300, 6712, 6386, 6000, 5802, 6523, 7518, 6574, 6720, 6548, 7872, 6339, 6349, 7952, 6493, 6385, 5643, 6686, 5586, 8140, 6588, 6348, 8056, 6474, 6082, 7205, 6636]","[1, 2, 3, 4, 5, 5, 7, 8, 9, 10, 12, 15, 16, 17, 18, 19, 20, 21, 22, 23, 24, 26, 27, 28, 29, 30, 30, 61, 63]",7.191740517752892,-8.666115396257132
Cat1,15mph,lr,opposite,0,1624826305.801249000,/media/batool/MULTIMODAL_DATA/Multimodal_Data/Cat1/opposite/bag_files/Cat1_15mph_lr_opposite_0/lidar_pcd/ns1/velodyne_points/1624826305.801249000.pcd,/media/batool/MULTIMODAL_DATA/Multimodal_Data/Cat1/opposite/bag_files/Cat1_15mph_lr_opposite_0/camera_images/1624826305.8044007.jpg,42.33805066666668,-71.08696533333335,8140,26,6,6,55,"[6373, 6232, 5300, 6712, 6386, 6000, 5802, 6523, 7518, 6574, 6720, 6548, 7872, 6339, 6349, 7952, 6493, 6385, 5643, 6686, 5586, 8140, 6588, 6348, 8056, 6474, 6082, 7205, 6636]","[1, 2, 3, 4, 5, 5, 7, 8, 9, 10, 12, 15, 16, 17, 18, 19, 20, 21, 22, 23, 24, 26, 27, 28, 29, 30, 30, 61, 63]",7.191740518920051,-8.666115396257132
Cat1,15mph,lr,opposite,0,1624826305.902155000,/media/batool/MULTIMODAL_DATA/Multimodal_Data/Cat1/opposite/bag_files/Cat1_15mph_lr_opposite_0/lidar_pcd/ns1/velodyne_points/1624826305.902155000.pcd,/media/batool/MULTIMODAL_DATA/Multimodal_Data/Cat1/opposite/bag_files/Cat1_15mph_lr_opposite_0/camera_images/1624826305.9044006.jpg,42.33805066666668,-71.08696533333334,8140,26,6,6,55,"[6373, 6232, 5300, 6712, 6386, 6000, 5802, 6523, 7518, 6574, 6720, 6548, 7872, 6339, 6349, 7952, 6493, 6385, 5643, 6686, 5586, 8140, 6588, 6348, 8056, 6474, 6082, 7205, 6636]","[1, 2, 3, 4, 5, 5, 7, 8, 9, 10, 12, 15, 16, 17, 18, 19, 20, 21, 22, 23, 24, 26, 27, 28, 29, 30, 30, 61, 63]",7.191740520087209,-8.666115396257132
Cat1,15mph,lr,opposite,0,1624826306.002968000,/media/batool/MULTIMODAL_DATA/Multimodal_Data/Cat1/opposite/bag_files/Cat1_15mph_lr_opposite_0/lidar_pcd/ns1/velodyne_points/1624826306.002968000.pcd,/media/batool/MULTIMODAL_DATA/Multimodal_Data/Cat1/opposite/bag_files/Cat1_15mph_lr_opposite_0/camera_images/1624826306.0044005.jpg,42.338050666666675,-71.08696533333332,8140,26,6,6,55,"[6373, 6232, 5300, 6712, 6386, 6000, 5802, 6523, 7518, 6574, 6720, 6548, 7872, 6339, 6349, 7952, 6493, 6385, 5643, 6686, 5586, 8140, 6588, 6348, 8056, 6474, 6082, 7205, 6636]","[1, 2, 3, 4, 5, 5, 7, 8, 9, 10, 12, 15, 16, 17, 18, 19, 20, 21, 22, 23, 24, 26, 27, 28, 29, 30, 30, 61, 63]",7.19174052125437,-8.666115397046623
Cat1,15mph,lr,opposite,0,1624826306.103896000,/media/batool/MULTIMODAL_DATA/Multimodal_Data/Cat1/opposite/bag_files/Cat1_15mph_lr_opposite_0/lidar_pcd/ns1/velodyne_points/1624826306.103896000.pcd,/media/batool/MULTIMODAL_DATA/Multimodal_Data/Cat1/opposite/bag_files/Cat1_15mph_lr_opposite_0/camera_images/1624826306.1044004.jpg,42.338050666666675,-71.08696533333331,8140,26,6,6,55,"[6373, 6232, 5300, 6712, 6386, 6000, 5802, 6523, 7518, 6574, 6720, 6548, 7872, 6339, 6349, 7952, 6493, 6385, 5643, 6686, 5586, 8140, 6588, 6348, 8056, 6474, 6082, 7205, 6636]","[1, 2, 3, 4, 5, 5, 7, 8, 9, 10, 12, 15, 16, 17, 18, 19, 20, 21, 22, 23, 24, 26, 27, 28, 29, 30, 30, 61, 63]",7.1917405224215285,-8.666115397046623
Cat1,15mph,lr,opposite,0,1624826306.204708000,/media/batool/MULTIMODAL_DATA/Multimodal_Data/Cat1/opposite/bag_files/Cat1_15mph_lr_opposite_0/lidar_pcd/ns1/velodyne_points/1624826306.204708000.pcd,/media/batool/MULTIMODAL_DATA/Multimodal_Data/Cat1/opposite/bag_files/Cat1_15mph_lr_opposite_0/camera_images/1624826306.2044003.jpg,42.33805066666667,-71.08696533333331,8140,26,6,6,55,"[6373, 6232, 5300, 6712, 6386, 6000, 5802, 6523, 7518, 6574, 6720, 6548, 7872, 6339, 6349, 7952, 6493, 6385, 5643, 6686, 5586, 8140, 6588, 6348, 8056, 6474, 6082, 7205, 6636]","[1, 2, 3, 4, 5, 5, 7, 8, 9, 10, 12, 15, 16, 17, 18, 19, 20, 21, 22, 23, 24, 26, 27, 28, 29, 30, 30, 61, 63]",7.1917405224215285,-8.666115397836116
Cat1,15mph,lr,opposite,0,1624826306.305583000,/media/batool/MULTIMODAL_DATA/Multimodal_Data/Cat1/opposite/bag_files/Cat1_15mph_lr_opposite_0/lidar_pcd/ns1/velodyne_points/1624826306.305583000.pcd,/media/batool/MULTIMODAL_DATA/Multimodal_Data/Cat1/opposite/bag_files/Cat1_15mph_lr_opposite_0/camera_images/1624826306.3044002.jpg,42.33805066666667,-71.0869653333333,8140,26,6,6,55,"[6373, 6232, 5300, 6712, 6386, 6000, 5802, 6523, 7518, 6574, 6720, 6548, 7872, 6339, 6349, 7952, 6493, 6385, 5643, 6686, 5586, 8140, 6588, 6348, 8056, 6474, 6082, 7205, 6636]","[1, 2, 3, 4, 5, 5, 7, 8, 9, 10, 12, 15, 16, 17, 18, 19, 20, 21, 22, 23, 24, 26, 27, 28, 29, 30, 30, 61, 63]",7.191740523588686,-8.666115397836116
Cat1,15mph,lr,opposite,0,1624826306.406395000,/media/batool/MULTIMODAL_DATA/Multimodal_Data/Cat1/opposite/bag_files/Cat1_15mph_lr_opposite_0/lidar_pcd/ns1/velodyne_points/1624826306.406395000.pcd,/media/batool/MULTIMODAL_DATA/Multimodal_Data/Cat1/opposite/bag_files/Cat1_15mph_lr_opposite_0/camera_images/1624826306.4044.jpg,42.33805066666666,-71.08696533333328,8140,26,6,6,55,"[6373, 6232, 5300, 6712, 6386, 6000, 5802, 6523, 7518, 6574, 6720, 6548, 7872, 6339, 6349, 7952, 6493, 6385, 5643, 6686, 5586, 8140, 6588, 6348, 8056, 6474, 6082, 7205, 6636]","[1, 2, 3, 4, 5, 5, 7, 8, 9, 10, 12, 15, 16, 17, 18, 19, 20, 21, 22, 23, 24, 26, 27, 28, 29, 30, 30, 61, 63]",7.191740524755846,-8.666115398625607
Cat1,15mph,lr,opposite,0,1624826305.397878000,/media/batool/MULTIMODAL_DATA/Multimodal_Data/Cat1/opposite/bag_files/Cat1_15mph_lr_opposite_0/lidar_pcd/ns1/velodyne_points/1624826305.397878000.pcd,/media/batool/MULTIMODAL_DATA/Multimodal_Data/Cat1/opposite/bag_files/Cat1_15mph_lr_opposite_0/camera_images/1624826305.404401.jpg,42.338050666666696,-71.08696533333341,8140,26,6,6,55,"[6373, 6232, 5300, 6712, 6386, 6000, 5802, 6523, 7518, 6574, 6720, 6548, 7872, 6339, 6349, 7952, 6493, 6385, 5643, 6686, 5586, 8140, 6588, 6348, 8056, 6474, 6082, 7205, 6636]","[1, 2, 3, 4, 5, 5, 7, 8, 9, 10, 12, 15, 16, 17, 18, 19, 20, 21, 22, 23, 24, 26, 27, 28, 29, 30, 30, 61, 63]",7.191740514251415,-8.666115394678148
Cat1,15mph,lr,opposite,0,1624826306.507233000,/media/batool/MULTIMODAL_DATA/Multimodal_Data/Cat1/opposite/bag_files/Cat1_15mph_lr_opposite_0/lidar_pcd/ns1/velodyne_points/1624826306.507233000.pcd,/media/batool/MULTIMODAL_DATA/Multimodal_Data/Cat1/opposite/bag_files/Cat1_15mph_lr_opposite_0/camera_images/1624826306.5044.jpg,42.33805066666667,-71.08696533333328,7612,19,4,4,45,"[5509, 0, 5972, 6385, 6079, 0, 5656, 6252, 5062, 6359, 5682, 5591, 6461, 4649, 6115, 7612, 6252, 5990, 5986, 7170, 5284, 6812, 6227, 5972, 7507, 5427, 6916, 6039]","[1, 2, 3, 4, 5, 5, 5, 8, 9, 10, 12, 15, 16, 17, 18, 19, 20, 21, 22, 23, 24, 26, 27, 28, 29, 30, 61, 63]",7.191740524755846,-8.666115397836116
Cat1,15mph,lr,opposite,0,1624826306.608090000,/media/batool/MULTIMODAL_DATA/Multimodal_Data/Cat1/opposite/bag_files/Cat1_15mph_lr_opposite_0/lidar_pcd/ns1/velodyne_points/1624826306.608090000.pcd,/media/batool/MULTIMODAL_DATA/Multimodal_Data/Cat1/opposite/bag_files/Cat1_15mph_lr_opposite_0/camera_images/1624826306.6044.jpg,42.33805066666666,-71.0869653333333,7612,19,4,4,45,"[5509, 0, 5972, 6385, 6079, 0, 5656, 6252, 5062, 6359, 5682, 5591, 6461, 4649, 6115, 7612, 6252, 5990, 5986, 7170, 5284, 6812, 6227, 5972, 7507, 5427, 6916, 6039]","[1, 2, 3, 4, 5, 5, 5, 8, 9, 10, 12, 15, 16, 17, 18, 19, 20, 21, 22, 23, 24, 26, 27, 28, 29, 30, 61, 63]",7.191740523588686,-8.666115398625607
Cat1,15mph,lr,opposite,0,1624826306.708951000,/media/batool/MULTIMODAL_DATA/Multimodal_Data/Cat1/opposite/bag_files/Cat1_15mph_lr_opposite_0/lidar_pcd/ns1/velodyne_points/1624826306.708951000.pcd,/media/batool/MULTIMODAL_DATA/Multimodal_Data/Cat1/opposite/bag_files/Cat1_15mph_lr_opposite_0/camera_images/1624826306.7043998.jpg,42.33805066666667,-71.0869653333333,7612,19,4,4,45,"[5509, 0, 5972, 6385, 6079, 0, 5656, 6252, 5062, 6359, 5682, 5591, 6461, 4649, 6115, 7612, 6252, 5990, 5986, 7170, 5284, 6812, 6227, 5972, 7507, 5427, 6916, 6039]","[1, 2, 3, 4, 5, 5, 5, 8, 9, 10, 12, 15, 16, 17, 18, 19, 20, 21, 22, 23, 24, 26, 27, 28, 29, 30, 61, 63]",7.191740523588686,-8.666115397836116
Cat1,15mph,lr,opposite,0,1624826306.809858000,/media/batool/MULTIMODAL_DATA/Multimodal_Data/Cat1/opposite/bag_files/Cat1_15mph_lr_opposite_0/lidar_pcd/ns1/velodyne_points/1624826306.809858000.pcd,/media/batool/MULTIMODAL_DATA/Multimodal_Data/Cat1/opposite/bag_files/Cat1_15mph_lr_opposite_0/camera_images/1624826306.8043997.jpg,42.338050666666675,-71.0869653333333,7612,19,4,4,45,"[5509, 0, 5972, 6385, 6079, 0, 5656, 6252, 5062, 6359, 5682, 5591, 6461, 4649, 6115, 7612, 6252, 5990, 5986, 7170, 5284, 6812, 6227, 5972, 7507, 5427, 6916, 6039]","[1, 2, 3, 4, 5, 5, 5, 8, 9, 10, 12, 15, 16, 17, 18, 19, 20, 21, 22, 23, 24, 26, 27, 28, 29, 30, 61, 63]",7.191740523588686,-8.666115397046623
Cat1,15mph,lr,opposite,0,1624826307.011563000,/media/batool/MULTIMODAL_DATA/Multimodal_Data/Cat1/opposite/bag_files/Cat1_15mph_lr_opposite_0/lidar_pcd/ns1/velodyne_points/1624826307.011563000.pcd,/media/batool/MULTIMODAL_DATA/Multimodal_Data/Cat1/opposite/bag_files/Cat1_15mph_lr_opposite_0/camera_images/1624826307.0043995.jpg,42.338050666666675,-71.08696533333331,7612,19,4,4,45,"[5509, 0, 5972, 6385, 6079, 0, 5656, 6252, 5062, 6359, 5682, 5591, 6461, 4649, 6115, 7612, 6252, 5990, 5986, 7170, 5284, 6812, 6227, 5972, 7507, 5427, 6916, 6039]","[1, 2, 3, 4, 5, 5, 5, 8, 9, 10, 12, 15, 16, 17, 18, 19, 20, 21, 22, 23, 24, 26, 27, 28, 29, 30, 61, 63]",7.1917405224215285,-8.666115397046623
Cat1,15mph,lr,opposite,0,1624826307.112433000,/media/batool/MULTIMODAL_DATA/Multimodal_Data/Cat1/opposite/bag_files/Cat1_15mph_lr_opposite_0/lidar_pcd/ns1/velodyne_points/1624826307.112433000.pcd,/media/batool/MULTIMODAL_DATA/Multimodal_Data/Cat1/opposite/bag_files/Cat1_15mph_lr_opposite_0/camera_images/1624826307.1043994.jpg,42.338050666666675,-71.08696533333331,7612,19,4,4,45,"[5509, 0, 5972, 6385, 6079, 0, 5656, 6252, 5062, 6359, 5682, 5591, 6461, 4649, 6115, 7612, 6252, 5990, 5986, 7170, 5284, 6812, 6227, 5972, 7507, 5427, 6916, 6039]","[1, 2, 3, 4, 5, 5, 5, 8, 9, 10, 12, 15, 16, 17, 18, 19, 20, 21, 22, 23, 24, 26, 27, 28, 29, 30, 61, 63]",7.1917405224215285,-8.666115397046623
Cat1,15mph,lr,opposite,0,1624826307.213255000,/media/batool/MULTIMODAL_DATA/Multimodal_Data/Cat1/opposite/bag_files/Cat1_15mph_lr_opposite_0/lidar_pcd/ns1/velodyne_points/1624826307.213255000.pcd,/media/batool/MULTIMODAL_DATA/Multimodal_Data/Cat1/opposite/bag_files/Cat1_15mph_lr_opposite_0/camera_images/1624826307.2043993.jpg,42.33805066666668,-71.08696533333331,7612,19,4,4,45,"[5509, 0, 5972, 6385, 6079, 0, 5656, 6252, 5062, 6359, 5682, 5591, 6461, 4649, 6115, 7612, 6252, 5990, 5986, 7170, 5284, 6812, 6227, 5972, 7507, 5427, 6916, 6039]","[1, 2, 3, 4, 5, 5, 5, 8, 9, 10, 12, 15, 16, 17, 18, 19, 20, 21, 22, 23, 24, 26, 27, 28, 29, 30, 61, 63]",7.191740522421527,-8.666115396257132
Cat1,15mph,lr,opposite,0,1624826307.314090000,/media/batool/MULTIMODAL_DATA/Multimodal_Data/Cat1/opposite/bag_files/Cat1_15mph_lr_opposite_0/lidar_pcd/ns1/velodyne_points/1624826307.314090000.pcd,/media/batool/MULTIMODAL_DATA/Multimodal_Data/Cat1/opposite/bag_files/Cat1_15mph_lr_opposite_0/camera_images/1624826307.3043993.jpg,42.338050666666675,-71.08696533333331,7612,19,4,4,45,"[5509, 0, 5972, 6385, 6079, 0, 5656, 6252, 5062, 6359, 5682, 5591, 6461, 4649, 6115, 7612, 6252, 5990, 5986, 7170, 5284, 6812, 6227, 5972, 7507, 5427, 6916, 6039]","[1, 2, 3, 4, 5, 5, 5, 8, 9, 10, 12, 15, 16, 17, 18, 19, 20, 21, 22, 23, 24, 26, 27, 28, 29, 30, 61, 63]",7.1917405224215285,-8.666115397046623
Cat1,15mph,lr,opposite,0,1624826307.414988000,/media/batool/MULTIMODAL_DATA/Multimodal_Data/Cat1/opposite/bag_files/Cat1_15mph_lr_opposite_0/lidar_pcd/ns1/velodyne_points/1624826307.414988000.pcd,/media/batool/MULTIMODAL_DATA/Multimodal_Data/Cat1/opposite/bag_files/Cat1_15mph_lr_opposite_0/camera_images/1624826307.4043992.jpg,42.33805066666668,-71.08696533333331,7612,19,4,4,45,"[5509, 0, 5972, 6385, 6079, 0, 5656, 6252, 5062, 6359, 5682, 5591, 6461, 4649, 6115, 7612, 6252, 5990, 5986, 7170, 5284, 6812, 6227, 5972, 7507, 5427, 6916, 6039]","[1, 2, 3, 4, 5, 5, 5, 8, 9, 10, 12, 15, 16, 17, 18, 19, 20, 21, 22, 23, 24, 26, 27, 28, 29, 30, 61, 63]",7.191740522421527,-8.666115396257132
Cat1,15mph,lr,opposite,0,1624826306.910697000,/media/batool/MULTIMODAL_DATA/Multimodal_Data/Cat1/opposite/bag_files/Cat1_15mph_lr_opposite_0/lidar_pcd/ns1/velodyne_points/1624826306.910697000.pcd,/media/batool/MULTIMODAL_DATA/Multimodal_Data/Cat1/opposite/bag_files/Cat1_15mph_lr_opposite_0/camera_images/1624826306.9043996.jpg,42.338050666666675,-71.08696533333331,7612,19,4,4,45,"[5509, 0, 5972, 6385, 6079, 0, 5656, 6252, 5062, 6359, 5682, 5591, 6461, 4649, 6115, 7612, 6252, 5990, 5986, 7170, 5284, 6812, 6227, 5972, 7507, 5427, 6916, 6039]","[1, 2, 3, 4, 5, 5, 5, 8, 9, 10, 12, 15, 16, 17, 18, 19, 20, 21, 22, 23, 24, 26, 27, 28, 29, 30, 61, 63]",7.1917405224215285,-8.666115397046623
Cat1,15mph,lr,opposite,0,1624826307.515811000,/media/batool/MULTIMODAL_DATA/Multimodal_Data/Cat1/opposite/bag_files/Cat1_15mph_lr_opposite_0/lidar_pcd/ns1/velodyne_points/1624826307.515811000.pcd,/media/batool/MULTIMODAL_DATA/Multimodal_Data/Cat1/opposite/bag_files/Cat1_15mph_lr_opposite_0/camera_images/1624826307.504399.jpg,42.33805066666668,-71.08696533333331,7845,29,6,4,50,"[6102, 5304, 5920, 7088, 5321, 5320, 5432, 6505, 6244, 5979, 5589, 6578, 5206, 5280, 7761, 6269, 5310, 6270, 6408, 5330, 5932, 7056, 6326, 5732, 7845, 6355, 5616, 7036, 6251]","[1, 2, 2, 4, 5, 6, 6, 8, 10, 12, 15, 16, 17, 18, 19, 20, 21, 22, 23, 24, 24, 26, 27, 27, 29, 30, 30, 61, 63]",7.191740522421527,-8.666115396257132
Cat1,15mph,lr,opposite,0,1624826307.616720000,/media/batool/MULTIMODAL_DATA/Multimodal_Data/Cat1/opposite/bag_files/Cat1_15mph_lr_opposite_0/lidar_pcd/ns1/velodyne_points/1624826307.616720000.pcd,/media/batool/MULTIMODAL_DATA/Multimodal_Data/Cat1/opposite/bag_files/Cat1_15mph_lr_opposite_0/camera_images/1624826307.604399.jpg,42.33805066666668,-71.08696533333332,7845,29,6,4,50,"[6102, 5304, 5920, 7088, 5321, 5320, 5432, 6505, 6244, 5979, 5589, 6578, 5206, 5280, 7761, 6269, 5310, 6270, 6408, 5330, 5932, 7056, 6326, 5732, 7845, 6355, 5616, 7036, 6251]","[1, 2, 2, 4, 5, 6, 6, 8, 10, 12, 15, 16, 17, 18, 19, 20, 21, 22, 23, 24, 24, 26, 27, 27, 29, 30, 30, 61, 63]",7.191740521254369,-8.666115396257132
Cat1,15mph,lr,opposite,0,1624826307.717583000,/media/batool/MULTIMODAL_DATA/Multimodal_Data/Cat1/opposite/bag_files/Cat1_15mph_lr_opposite_0/lidar_pcd/ns1/velodyne_points/1624826307.717583000.pcd,/media/batool/MULTIMODAL_DATA/Multimodal_Data/Cat1/opposite/bag_files/Cat1_15mph_lr_opposite_0/camera_images/1624826307.7043989.jpg,42.33805066666668,-71.08696533333332,7845,29,6,4,50,"[6102, 5304, 5920, 7088, 5321, 5320, 5432, 6505, 6244, 5979, 5589, 6578, 5206, 5280, 7761, 6269, 5310, 6270, 6408, 5330, 5932, 7056, 6326, 5732, 7845, 6355, 5616, 7036, 6251]","[1, 2, 2, 4, 5, 6, 6, 8, 10, 12, 15, 16, 17, 18, 19, 20, 21, 22, 23, 24, 24, 26, 27, 27, 29, 30, 30, 61, 63]",7.191740521254369,-8.666115396257132
Cat1,15mph,lr,opposite,0,1624826307.818429000,/media/batool/MULTIMODAL_DATA/Multimodal_Data/Cat1/opposite/bag_files/Cat1_15mph_lr_opposite_0/lidar_pcd/ns1/velodyne_points/1624826307.818429000.pcd,/media/batool/MULTIMODAL_DATA/Multimodal_Data/Cat1/opposite/bag_files/Cat1_15mph_lr_opposite_0/camera_images/1624826307.8043988.jpg,42.338050666666675,-71.08696533333332,7845,29,6,4,50,"[6102, 5304, 5920, 7088, 5321, 5320, 5432, 6505, 6244, 5979, 5589, 6578, 5206, 5280, 7761, 6269, 5310, 6270, 6408, 5330, 5932, 7056, 6326, 5732, 7845, 6355, 5616, 7036, 6251]","[1, 2, 2, 4, 5, 6, 6, 8, 10, 12, 15, 16, 17, 18, 19, 20, 21, 22, 23, 24, 24, 26, 27, 27, 29, 30, 30, 61, 63]",7.19174052125437,-8.666115397046623
Cat1,15mph,lr,opposite,0,1624826307.919292000,/media/batool/MULTIMODAL_DATA/Multimodal_Data/Cat1/opposite/bag_files/Cat1_15mph_lr_opposite_0/lidar_pcd/ns1/velodyne_points/1624826307.919292000.pcd,/media/batool/MULTIMODAL_DATA/Multimodal_Data/Cat1/opposite/bag_files/Cat1_15mph_lr_opposite_0/camera_images/1624826307.9043987.jpg,42.338050666666675,-71.08696533333332,7845,29,6,4,50,"[6102, 5304, 5920, 7088, 5321, 5320, 5432, 6505, 6244, 5979, 5589, 6578, 5206, 5280, 7761, 6269, 5310, 6270, 6408, 5330, 5932, 7056, 6326, 5732, 7845, 6355, 5616, 7036, 6251]","[1, 2, 2, 4, 5, 6, 6, 8, 10, 12, 15, 16, 17, 18, 19, 20, 21, 22, 23, 24, 24, 26, 27, 27, 29, 30, 30, 61, 63]",7.19174052125437,-8.666115397046623
Cat1,15mph,lr,opposite,0,1624826308.020128000,/media/batool/MULTIMODAL_DATA/Multimodal_Data/Cat1/opposite/bag_files/Cat1_15mph_lr_opposite_0/lidar_pcd/ns1/velodyne_points/1624826308.020128000.pcd,/media/batool/MULTIMODAL_DATA/Multimodal_Data/Cat1/opposite/bag_files/Cat1_15mph_lr_opposite_0/camera_images/1624826308.0043986.jpg,42.33805066666667,-71.08696533333331,7845,29,6,4,50,"[6102, 5304, 5920, 7088, 5321, 5320, 5432, 6505, 6244, 5979, 5589, 6578, 5206, 5280, 7761, 6269, 5310, 6270, 6408, 5330, 5932, 7056, 6326, 5732, 7845, 6355, 5616, 7036, 6251]","[1, 2, 2, 4, 5, 6, 6, 8, 10, 12, 15, 16, 17, 18, 19, 20, 21, 22, 23, 24, 24, 26, 27, 27, 29, 30, 30, 61, 63]",7.1917405224215285,-8.666115397836116
Cat1,15mph,lr,opposite,0,1624826308.121008000,/media/batool/MULTIMODAL_DATA/Multimodal_Data/Cat1/opposite/bag_files/Cat1_15mph_lr_opposite_0/lidar_pcd/ns1/velodyne_points/1624826308.121008000.pcd,/media/batool/MULTIMODAL_DATA/Multimodal_Data/Cat1/opposite/bag_files/Cat1_15mph_lr_opposite_0/camera_images/1624826308.1043985.jpg,42.33805066666667,-71.08696533333332,7845,29,6,4,50,"[6102, 5304, 5920, 7088, 5321, 5320, 5432, 6505, 6244, 5979, 5589, 6578, 5206, 5280, 7761, 6269, 5310, 6270, 6408, 5330, 5932, 7056, 6326, 5732, 7845, 6355, 5616, 7036, 6251]","[1, 2, 2, 4, 5, 6, 6, 8, 10, 12, 15, 16, 17, 18, 19, 20, 21, 22, 23, 24, 24, 26, 27, 27, 29, 30, 30, 61, 63]",7.19174052125437,-8.666115397836116
Cat1,15mph,lr,opposite,0,1624826308.221863000,/media/batool/MULTIMODAL_DATA/Multimodal_Data/Cat1/opposite/bag_files/Cat1_15mph_lr_opposite_0/lidar_pcd/ns1/velodyne_points/1624826308.221863000.pcd,/media/batool/MULTIMODAL_DATA/Multimodal_Data/Cat1/opposite/bag_files/Cat1_15mph_lr_opposite_0/camera_images/1624826308.2377317.jpg,42.33805066666667,-71.08696533333331,7845,29,6,4,50,"[6102, 5304, 5920, 7088, 5321, 5320, 5432, 6505, 6244, 5979, 5589, 6578, 5206, 5280, 7761, 6269, 5310, 6270, 6408, 5330, 5932, 7056, 6326, 5732, 7845, 6355, 5616, 7036, 6251]","[1, 2, 2, 4, 5, 6, 6, 8, 10, 12, 15, 16, 17, 18, 19, 20, 21, 22, 23, 24, 24, 26, 27, 27, 29, 30, 30, 61, 63]",7.1917405224215285,-8.666115397836116
Cat1,15mph,lr,opposite,0,1624826308.322717000,/media/batool/MULTIMODAL_DATA/Multimodal_Data/Cat1/opposite/bag_files/Cat1_15mph_lr_opposite_0/lidar_pcd/ns1/velodyne_points/1624826308.322717000.pcd,/media/batool/MULTIMODAL_DATA/Multimodal_Data/Cat1/opposite/bag_files/Cat1_15mph_lr_opposite_0/camera_images/1624826308.3377316.jpg,42.33805066666667,-71.08696533333331,7845,29,6,4,50,"[6102, 5304, 5920, 7088, 5321, 5320, 5432, 6505, 6244, 5979, 5589, 6578, 5206, 5280, 7761, 6269, 5310, 6270, 6408, 5330, 5932, 7056, 6326, 5732, 7845, 6355, 5616, 7036, 6251]","[1, 2, 2, 4, 5, 6, 6, 8, 10, 12, 15, 16, 17, 18, 19, 20, 21, 22, 23, 24, 24, 26, 27, 27, 29, 30, 30, 61, 63]",7.1917405224215285,-8.666115397836116
Cat1,15mph,lr,opposite,0,1624826308.423544000,/media/batool/MULTIMODAL_DATA/Multimodal_Data/Cat1/opposite/bag_files/Cat1_15mph_lr_opposite_0/lidar_pcd/ns1/velodyne_points/1624826308.423544000.pcd,/media/batool/MULTIMODAL_DATA/Multimodal_Data/Cat1/opposite/bag_files/Cat1_15mph_lr_opposite_0/camera_images/1624826308.4043982.jpg,42.33805066666666,-71.08696533333331,7845,29,6,4,50,"[6102, 5304, 5920, 7088, 5321, 5320, 5432, 6505, 6244, 5979, 5589, 6578, 5206, 5280, 7761, 6269, 5310, 6270, 6408, 5330, 5932, 7056, 6326, 5732, 7845, 6355, 5616, 7036, 6251]","[1, 2, 2, 4, 5, 6, 6, 8, 10, 12, 15, 16, 17, 18, 19, 20, 21, 22, 23, 24, 24, 26, 27, 27, 29, 30, 30, 61, 63]",7.1917405224215285,-8.666115398625607
Cat1,15mph,lr,opposite,0,1624826308.524411000,/media/batool/MULTIMODAL_DATA/Multimodal_Data/Cat1/opposite/bag_files/Cat1_15mph_lr_opposite_0/lidar_pcd/ns1/velodyne_points/1624826308.524411000.pcd,/media/batool/MULTIMODAL_DATA/Multimodal_Data/Cat1/opposite/bag_files/Cat1_15mph_lr_opposite_0/camera_images/1624826308.5377314.jpg,42.3380485665149,-71.0869611330298,7940,19,4,4,40,"[6424, 0, 6160, 7731, 5437, 5334, 6554, 5294, 7357, 6611, 5915, 7494, 6227, 6165, 7940, 6266, 5493, 6314, 6679, 6201, 7799, 7527, 6271, 7136, 6489, 7481, 6471]","[1, 2, 3, 4, 5, 6, 8, 9, 10, 12, 15, 16, 17, 18, 19, 20, 21, 22, 23, 24, 26, 27, 28, 29, 30, 61, 63]",7.536717884940309,-8.899465594285832
Cat1,15mph,lr,opposite,0,1624826308.625251000,/media/batool/MULTIMODAL_DATA/Multimodal_Data/Cat1/opposite/bag_files/Cat1_15mph_lr_opposite_0/lidar_pcd/ns1/velodyne_points/1624826308.625251000.pcd,/media/batool/MULTIMODAL_DATA/Multimodal_Data/Cat1/opposite/bag_files/Cat1_15mph_lr_opposite_0/camera_images/1624826308.6377313.jpg,42.338046298779076,-71.08695659755814,7940,19,4,4,40,"[6424, 0, 6160, 7731, 5437, 5334, 6554, 5294, 7357, 6611, 5915, 7494, 6227, 6165, 7940, 6266, 5493, 6314, 6679, 6201, 7799, 7527, 6271, 7136, 6489, 7481, 6471]","[1, 2, 3, 4, 5, 6, 8, 9, 10, 12, 15, 16, 17, 18, 19, 20, 21, 22, 23, 24, 26, 27, 28, 29, 30, 61, 63]",7.909223134307662,-9.15143624129971
Cat1,15mph,lr,opposite,0,1624826308.726129000,/media/batool/MULTIMODAL_DATA/Multimodal_Data/Cat1/opposite/bag_files/Cat1_15mph_lr_opposite_0/lidar_pcd/ns1/velodyne_points/1624826308.726129000.pcd,/media/batool/MULTIMODAL_DATA/Multimodal_Data/Cat1/opposite/bag_files/Cat1_15mph_lr_opposite_0/camera_images/1624826308.7377312.jpg,42.33804403019075,-71.08695206038148,7940,19,4,4,40,"[6424, 0, 6160, 7731, 5437, 5334, 6554, 5294, 7357, 6611, 5915, 7494, 6227, 6165, 7940, 6266, 5493, 6314, 6679, 6201, 7799, 7527, 6271, 7136, 6489, 7481, 6471]","[1, 2, 3, 4, 5, 6, 8, 9, 10, 12, 15, 16, 17, 18, 19, 20, 21, 22, 23, 24, 26, 27, 28, 29, 30, 61, 63]",8.281868431723119,-9.40350161076569
Cat1,15mph,lr,opposite,0,1624826308.827001000,/media/batool/MULTIMODAL_DATA/Multimodal_Data/Cat1/opposite/bag_files/Cat1_15mph_lr_opposite_0/lidar_pcd/ns1/velodyne_points/1624826308.827001000.pcd,/media/batool/MULTIMODAL_DATA/Multimodal_Data/Cat1/opposite/bag_files/Cat1_15mph_lr_opposite_0/camera_images/1624826308.8377311.jpg,42.33804176173647,-71.08694752347292,7940,19,4,4,40,"[6424, 0, 6160, 7731, 5437, 5334, 6554, 5294, 7357, 6611, 5915, 7494, 6227, 6165, 7940, 6266, 5493, 6314, 6679, 6201, 7799, 7527, 6271, 7136, 6489, 7481, 6471]","[1, 2, 3, 4, 5, 6, 8, 9, 10, 12, 15, 16, 17, 18, 19, 20, 21, 22, 23, 24, 26, 27, 28, 29, 30, 61, 63]",8.654491722952645,-9.655552086466438
Cat1,15mph,lr,opposite,0,1624826308.927840000,/media/batool/MULTIMODAL_DATA/Multimodal_Data/Cat1/opposite/bag_files/Cat1_15mph_lr_opposite_0/lidar_pcd/ns1/velodyne_points/1624826308.927840000.pcd,/media/batool/MULTIMODAL_DATA/Multimodal_Data/Cat1/opposite/bag_files/Cat1_15mph_lr_opposite_0/camera_images/1624826308.937731.jpg,42.338039494027456,-71.08694298805489,7940,19,4,4,40,"[6424, 0, 6160, 7731, 5437, 5334, 6554, 5294, 7357, 6611, 5915, 7494, 6227, 6165, 7940, 6266, 5493, 6314, 6679, 6201, 7799, 7527, 6271, 7136, 6489, 7481, 6471]","[1, 2, 3, 4, 5, 6, 8, 9, 10, 12, 15, 16, 17, 18, 19, 20, 21, 22, 23, 24, 26, 27, 28, 29, 30, 61, 63]",9.026992607770072,-9.907519754727268
Cat1,15mph,lr,opposite,0,1624826309.028680000,/media/batool/MULTIMODAL_DATA/Multimodal_Data/Cat1/opposite/bag_files/Cat1_15mph_lr_opposite_0/lidar_pcd/ns1/velodyne_points/1624826309.028680000.pcd,/media/batool/MULTIMODAL_DATA/Multimodal_Data/Cat1/opposite/bag_files/Cat1_15mph_lr_opposite_0/camera_images/1624826309.037731.jpg,42.33803722629163,-71.08693845258323,7940,19,4,4,40,"[6424, 0, 6160, 7731, 5437, 5334, 6554, 5294, 7357, 6611, 5915, 7494, 6227, 6165, 7940, 6266, 5493, 6314, 6679, 6201, 7799, 7527, 6271, 7136, 6489, 7481, 6471]","[1, 2, 3, 4, 5, 6, 8, 9, 10, 12, 15, 16, 17, 18, 19, 20, 21, 22, 23, 24, 26, 27, 28, 29, 30, 61, 63]",9.399497910880656,-10.159490401741145
Cat1,15mph,lr,opposite,0,1624826309.129514000,/media/batool/MULTIMODAL_DATA/Multimodal_Data/Cat1/opposite/bag_files/Cat1_15mph_lr_opposite_0/lidar_pcd/ns1/velodyne_points/1624826309.129514000.pcd,/media/batool/MULTIMODAL_DATA/Multimodal_Data/Cat1/opposite/bag_files/Cat1_15mph_lr_opposite_0/camera_images/1624826309.1377308.jpg,42.33803495869521,-71.0869339173904,7940,19,4,4,40,"[6424, 0, 6160, 7731, 5437, 5334, 6554, 5294, 7357, 6611, 5915, 7494, 6227, 6165, 7940, 6266, 5493, 6314, 6679, 6201, 7799, 7527, 6271, 7136, 6489, 7481, 6471]","[1, 2, 3, 4, 5, 6, 8, 9, 10, 12, 15, 16, 17, 18, 19, 20, 21, 22, 23, 24, 26, 27, 28, 29, 30, 61, 63]",9.771980326587375,-10.411445559712876
Cat1,15mph,lr,opposite,0,1624826309.230403000,/media/batool/MULTIMODAL_DATA/Multimodal_Data/Cat1/opposite/bag_files/Cat1_15mph_lr_opposite_0/lidar_pcd/ns1/velodyne_points/1624826309.230403000.pcd,/media/batool/MULTIMODAL_DATA/Multimodal_Data/Cat1/opposite/bag_files/Cat1_15mph_lr_opposite_0/camera_images/1624826309.2377307.jpg,42.33803268986024,-71.08692937972047,7940,19,4,4,40,"[6424, 0, 6160, 7731, 5437, 5334, 6554, 5294, 7357, 6611, 5915, 7494, 6227, 6165, 7940, 6266, 5493, 6314, 6679, 6201, 7799, 7527, 6271, 7136, 6489, 7481, 6471]","[1, 2, 3, 4, 5, 6, 8, 9, 10, 12, 15, 16, 17, 18, 19, 20, 21, 22, 23, 24, 26, 27, 28, 29, 30, 61, 63]",10.1446662033132,-10.663538334022682
Cat1,15mph,lr,opposite,0,1624826309.331246000,/media/batool/MULTIMODAL_DATA/Multimodal_Data/Cat1/opposite/bag_files/Cat1_15mph_lr_opposite_0/lidar_pcd/ns1/velodyne_points/1624826309.331246000.pcd,/media/batool/MULTIMODAL_DATA/Multimodal_Data/Cat1/opposite/bag_files/Cat1_15mph_lr_opposite_0/camera_images/1624826309.3377306.jpg,42.33803042206008,-71.08692484412013,7940,19,4,4,40,"[6424, 0, 6160, 7731, 5437, 5334, 6554, 5294, 7357, 6611, 5915, 7494, 6227, 6165, 7940, 6266, 5493, 6314, 6679, 6201, 7799, 7527, 6271, 7136, 6489, 7481, 6471]","[1, 2, 3, 4, 5, 6, 8, 9, 10, 12, 15, 16, 17, 18, 19, 20, 21, 22, 23, 24, 26, 27, 28, 29, 30, 61, 63]",10.51718211536045,-10.915516129885974
Cat1,15mph,lr,opposite,0,1624826309.432128000,/media/batool/MULTIMODAL_DATA/Multimodal_Data/Cat1/opposite/bag_files/Cat1_15mph_lr_opposite_0/lidar_pcd/ns1/velodyne_points/1624826309.432128000.pcd,/media/batool/MULTIMODAL_DATA/Multimodal_Data/Cat1/opposite/bag_files/Cat1_15mph_lr_opposite_0/camera_images/1624826309.4377306.jpg,42.338028153380606,-71.08692030676119,7940,19,4,4,40,"[6424, 0, 6160, 7731, 5437, 5334, 6554, 5294, 7357, 6611, 5915, 7494, 6227, 6165, 7940, 6266, 5493, 6314, 6679, 6201, 7799, 7527, 6271, 7136, 6489, 7481, 6471]","[1, 2, 3, 4, 5, 6, 8, 9, 10, 12, 15, 16, 17, 18, 19, 20, 21, 22, 23, 24, 26, 27, 28, 29, 30, 61, 63]",10.88984247801819,-11.167591626954415
Cat1,15mph,lr,opposite,0,1624826309.936425000,/media/batool/MULTIMODAL_DATA/Multimodal_Data/Cat1/opposite/bag_files/Cat1_15mph_lr_opposite_0/lidar_pcd/ns1/velodyne_points/1624826309.936425000.pcd,/media/batool/MULTIMODAL_DATA/Multimodal_Data/Cat1/opposite/bag_files/Cat1_15mph_lr_opposite_0/camera_images/1624826309.93773.jpg,42.33806672264737,-71.08697887976034,7787,19,8,3,60,"[6289, 0, 5623, 6695, 6276, 5612, 6111, 6592, 5688, 6428, 6245, 7586, 6177, 6060, 7787, 6236, 5347, 5539, 6617, 5372, 7647, 6398, 5503, 7107, 6418, 5516, 7169, 6279]","[1, 1, 3, 4, 5, 5, 8, 10, 10, 12, 15, 16, 17, 18, 19, 20, 21, 22, 23, 24, 26, 27, 28, 29, 30, 30, 61, 63]",6.079151345513896,-6.882117542122362
Cat1,15mph,lr,opposite,0,1624826309.532979000,/media/batool/MULTIMODAL_DATA/Multimodal_Data/Cat1/opposite/bag_files/Cat1_15mph_lr_opposite_0/lidar_pcd/ns1/velodyne_points/1624826309.532979000.pcd,/media/batool/MULTIMODAL_DATA/Multimodal_Data/Cat1/opposite/bag_files/Cat1_15mph_lr_opposite_0/camera_images/1624826309.5377305.jpg,42.33803517549805,-71.08693089527051,7787,19,8,3,60,"[6289, 0, 5623, 6695, 6276, 5612, 6111, 6592, 5688, 6428, 6245, 7586, 6177, 6060, 7787, 6236, 5347, 5539, 6617, 5372, 7647, 6398, 5503, 7107, 6418, 5516, 7169, 6279]","[1, 1, 3, 4, 5, 5, 8, 10, 10, 12, 15, 16, 17, 18, 19, 20, 21, 22, 23, 24, 26, 27, 28, 29, 30, 30, 61, 63]",10.020191586142571,-10.387356355402567
Cat1,15mph,lr,opposite,0,1624826309.633865000,/media/batool/MULTIMODAL_DATA/Multimodal_Data/Cat1/opposite/bag_files/Cat1_15mph_lr_opposite_0/lidar_pcd/ns1/velodyne_points/1624826309.633865000.pcd,/media/batool/MULTIMODAL_DATA/Multimodal_Data/Cat1/opposite/bag_files/Cat1_15mph_lr_opposite_0/camera_images/1624826309.6377304.jpg,42.33804306421027,-71.0869428943208,7787,19,8,3,60,"[6289, 0, 5623, 6695, 6276, 5612, 6111, 6592, 5688, 6428, 6245, 7586, 6177, 6060, 7787, 6236, 5347, 5539, 6617, 5372, 7647, 6398, 5503, 7107, 6418, 5516, 7169, 6279]","[1, 1, 3, 4, 5, 5, 8, 10, 10, 12, 15, 16, 17, 18, 19, 20, 21, 22, 23, 24, 26, 27, 28, 29, 30, 30, 61, 63]",9.034690873365635,-9.510832775561084
Cat1,15mph,lr,opposite,0,1624826309.734686000,/media/batool/MULTIMODAL_DATA/Multimodal_Data/Cat1/opposite/bag_files/Cat1_15mph_lr_opposite_0/lidar_pcd/ns1/velodyne_points/1624826309.734686000.pcd,/media/batool/MULTIMODAL_DATA/Multimodal_Data/Cat1/opposite/bag_files/Cat1_15mph_lr_opposite_0/camera_images/1624826309.7377303.jpg,42.33805094781431,-71.08695488560134,7787,19,8,3,60,"[6289, 0, 5623, 6695, 6276, 5612, 6111, 6592, 5688, 6428, 6245, 7586, 6177, 6060, 7787, 6236, 5347, 5539, 6617, 5372, 7647, 6398, 5503, 7107, 6418, 5516, 7169, 6279]","[1, 1, 3, 4, 5, 5, 8, 10, 10, 12, 15, 16, 17, 18, 19, 20, 21, 22, 23, 24, 26, 27, 28, 29, 30, 30, 61, 63]",8.049828425142323,-8.634876770940991
Cat1,15mph,lr,opposite,0,1624826309.835549000,/media/batool/MULTIMODAL_DATA/Multimodal_Data/Cat1/opposite/bag_files/Cat1_15mph_lr_opposite_0/lidar_pcd/ns1/velodyne_points/1624826309.835549000.pcd,/media/batool/MULTIMODAL_DATA/Multimodal_Data/Cat1/opposite/bag_files/Cat1_15mph_lr_opposite_0/camera_images/1624826309.8377302.jpg,42.3380588347368,-71.08696688192938,7787,19,8,3,60,"[6289, 0, 5623, 6695, 6276, 5612, 6111, 6592, 5688, 6428, 6245, 7586, 6177, 6060, 7787, 6236, 5347, 5539, 6617, 5372, 7647, 6398, 5503, 7107, 6418, 5516, 7169, 6279]","[1, 1, 3, 4, 5, 5, 8, 10, 10, 12, 15, 16, 17, 18, 19, 20, 21, 22, 23, 24, 26, 27, 28, 29, 30, 30, 61, 63]",7.06455154174913,-7.758552049905473
Cat1,15mph,lr,opposite,0,1624826310.037240000,/media/batool/MULTIMODAL_DATA/Multimodal_Data/Cat1/opposite/bag_files/Cat1_15mph_lr_opposite_0/lidar_pcd/ns1/velodyne_points/1624826310.037240000.pcd,/media/batool/MULTIMODAL_DATA/Multimodal_Data/Cat1/opposite/bag_files/Cat1_15mph_lr_opposite_0/camera_images/1624826310.03773.jpg,42.33807460580397,-71.08699087036032,7787,19,8,3,60,"[6289, 0, 5623, 6695, 6276, 5612, 6111, 6592, 5688, 6428, 6245, 7586, 6177, 6060, 7787, 6236, 5347, 5539, 6617, 5372, 7647, 6398, 5503, 7107, 6418, 5516, 7169, 6279]","[1, 1, 3, 4, 5, 5, 8, 10, 10, 12, 15, 16, 17, 18, 19, 20, 21, 22, 23, 24, 26, 27, 28, 29, 30, 30, 61, 63]",5.094345163067911,-6.006211253387998
Cat1,15mph,lr,opposite,0,1624826310.138099000,/media/batool/MULTIMODAL_DATA/Multimodal_Data/Cat1/opposite/bag_files/Cat1_15mph_lr_opposite_0/lidar_pcd/ns1/velodyne_points/1624826310.138099000.pcd,/media/batool/MULTIMODAL_DATA/Multimodal_Data/Cat1/opposite/bag_files/Cat1_15mph_lr_opposite_0/camera_images/1624826310.13773.jpg,42.33808249239089,-71.08700286617794,7787,19,8,3,60,"[6289, 0, 5623, 6695, 6276, 5612, 6111, 6592, 5688, 6428, 6245, 7586, 6177, 6060, 7787, 6236, 5347, 5539, 6617, 5372, 7647, 6398, 5503, 7107, 6418, 5516, 7169, 6279]","[1, 1, 3, 4, 5, 5, 8, 10, 10, 12, 15, 16, 17, 18, 19, 20, 21, 22, 23, 24, 26, 27, 28, 29, 30, 30, 61, 63]",4.109110572368224,-5.129923817687793
Cat1,15mph,lr,opposite,0,1624826310.238993000,/media/batool/MULTIMODAL_DATA/Multimodal_Data/Cat1/opposite/bag_files/Cat1_15mph_lr_opposite_0/lidar_pcd/ns1/velodyne_points/1624826310.238993000.pcd,/media/batool/MULTIMODAL_DATA/Multimodal_Data/Cat1/opposite/bag_files/Cat1_15mph_lr_opposite_0/camera_images/1624826310.2377298.jpg,42.338090381718324,-71.08701486616401,7787,19,8,3,60,"[6289, 0, 5623, 6695, 6276, 5612, 6111, 6592, 5688, 6428, 6245, 7586, 6177, 6060, 7787, 6236, 5347, 5539, 6617, 5372, 7647, 6398, 5503, 7107, 6418, 5516, 7169, 6279]","[1, 1, 3, 4, 5, 5, 8, 10, 10, 12, 15, 16, 17, 18, 19, 20, 21, 22, 23, 24, 26, 27, 28, 29, 30, 30, 61, 63]",3.123533743736367,-4.2533318804771625
Cat1,15mph,lr,opposite,0,1624826310.339840000,/media/batool/MULTIMODAL_DATA/Multimodal_Data/Cat1/opposite/bag_files/Cat1_15mph_lr_opposite_0/lidar_pcd/ns1/velodyne_points/1624826310.339840000.pcd,/media/batool/MULTIMODAL_DATA/Multimodal_Data/Cat1/opposite/bag_files/Cat1_15mph_lr_opposite_0/camera_images/1624826310.3377297.jpg,42.3380982673731,-71.0870268605638,7787,19,8,3,60,"[6289, 0, 5623, 6695, 6276, 5612, 6111, 6592, 5688, 6428, 6245, 7586, 6177, 6060, 7787, 6236, 5347, 5539, 6617, 5372, 7647, 6398, 5503, 7107, 6418, 5516, 7169, 6279]","[1, 1, 3, 4, 5, 5, 8, 10, 10, 12, 15, 16, 17, 18, 19, 20, 21, 22, 23, 24, 26, 27, 28, 29, 30, 30, 61, 63]",2.1384158487857357,-3.37714801664409
Cat1,15mph,lr,opposite,0,1624826311.449261000,/media/batool/MULTIMODAL_DATA/Multimodal_Data/Cat1/opposite/bag_files/Cat1_15mph_lr_opposite_0/lidar_pcd/ns1/velodyne_points/1624826311.449261000.pcd,/media/batool/MULTIMODAL_DATA/Multimodal_Data/Cat1/opposite/bag_files/Cat1_15mph_lr_opposite_0/camera_images/1624826311.4377286.jpg,42.338027080926025,-71.08693700183053,7942,19,8,8,45,"[6606, 0, 5681, 6513, 5415, 6549, 5816, 6899, 7208, 7858, 5744, 6370, 7942, 7488, 6052, 7052, 5495, 7227, 6276, 6111, 7663, 7771, 7235, 6622]","[1, 2, 3, 4, 5, 8, 8, 10, 12, 16, 16, 18, 19, 20, 20, 23, 24, 26, 26, 28, 29, 30, 61, 63]",9.5186511892854,-11.286753246982547
Cat1,15mph,lr,opposite,0,1624826310.440653000,/media/batool/MULTIMODAL_DATA/Multimodal_Data/Cat1/opposite/bag_files/Cat1_15mph_lr_opposite_0/lidar_pcd/ns1/velodyne_points/1624826310.440653000.pcd,/media/batool/MULTIMODAL_DATA/Multimodal_Data/Cat1/opposite/bag_files/Cat1_15mph_lr_opposite_0/camera_images/1624826310.4377296.jpg,42.33809324688591,-71.08702072901711,7942,19,8,8,45,"[6606, 0, 5681, 6513, 5415, 6549, 5816, 6899, 7208, 7858, 5744, 6370, 7942, 7488, 6052, 7052, 5495, 7227, 6276, 6111, 7663, 7771, 7235, 6622]","[1, 2, 3, 4, 5, 8, 8, 10, 12, 16, 16, 18, 19, 20, 20, 23, 24, 26, 26, 28, 29, 30, 61, 63]",2.642008903422908,-3.9349799262961622
Cat1,15mph,lr,opposite,0,1624826310.541505000,/media/batool/MULTIMODAL_DATA/Multimodal_Data/Cat1/opposite/bag_files/Cat1_15mph_lr_opposite_0/lidar_pcd/ns1/velodyne_points/1624826310.541505000.pcd,/media/batool/MULTIMODAL_DATA/Multimodal_Data/Cat1/opposite/bag_files/Cat1_15mph_lr_opposite_0/camera_images/1624826310.5377295.jpg,42.3380866308655,-71.08701235702678,7942,19,8,8,45,"[6606, 0, 5681, 6513, 5415, 6549, 5816, 6899, 7208, 7858, 5744, 6370, 7942, 7488, 6052, 7052, 5495, 7227, 6276, 6111, 7663, 7771, 7235, 6622]","[1, 2, 3, 4, 5, 8, 8, 10, 12, 16, 16, 18, 19, 20, 20, 23, 24, 26, 26, 28, 29, 30, 61, 63]",3.3296129879997034,-4.670093305650072
Cat1,15mph,lr,opposite,0,1624826310.642418000,/media/batool/MULTIMODAL_DATA/Multimodal_Data/Cat1/opposite/bag_files/Cat1_15mph_lr_opposite_0/lidar_pcd/ns1/velodyne_points/1624826310.642418000.pcd,/media/batool/MULTIMODAL_DATA/Multimodal_Data/Cat1/opposite/bag_files/Cat1_15mph_lr_opposite_0/camera_images/1624826310.6377294.jpg,42.33808001085674,-71.08700397998957,7942,19,8,8,45,"[6606, 0, 5681, 6513, 5415, 6549, 5816, 6899, 7208, 7858, 5744, 6370, 7942, 7488, 6052, 7052, 5495, 7227, 6276, 6111, 7663, 7771, 7235, 6622]","[1, 2, 3, 4, 5, 8, 8, 10, 12, 16, 16, 18, 19, 20, 20, 23, 24, 26, 26, 28, 29, 30, 61, 63]",4.017631652077379,-5.405649833928944
Cat1,15mph,lr,opposite,0,1624826310.743230000,/media/batool/MULTIMODAL_DATA/Multimodal_Data/Cat1/opposite/bag_files/Cat1_15mph_lr_opposite_0/lidar_pcd/ns1/velodyne_points/1624826310.743230000.pcd,/media/batool/MULTIMODAL_DATA/Multimodal_Data/Cat1/opposite/bag_files/Cat1_15mph_lr_opposite_0/camera_images/1624826310.7377293.jpg,42.33807339744829,-71.08699561130447,7942,19,8,8,45,"[6606, 0, 5681, 6513, 5415, 6549, 5816, 6899, 7208, 7858, 5744, 6370, 7942, 7488, 6052, 7052, 5495, 7227, 6276, 6111, 7663, 7771, 7235, 6622]","[1, 2, 3, 4, 5, 8, 8, 10, 12, 16, 16, 18, 19, 20, 20, 23, 24, 26, 26, 28, 29, 30, 61, 63]",4.70496441769658,-6.1404729952604
Cat1,15mph,lr,opposite,0,1624826310.844134000,/media/batool/MULTIMODAL_DATA/Multimodal_Data/Cat1/opposite/bag_files/Cat1_15mph_lr_opposite_0/lidar_pcd/ns1/velodyne_points/1624826310.844134000.pcd,/media/batool/MULTIMODAL_DATA/Multimodal_Data/Cat1/opposite/bag_files/Cat1_15mph_lr_opposite_0/camera_images/1624826310.8377292.jpg,42.33806677801823,-71.08698723499954,7942,19,8,8,45,"[6606, 0, 5681, 6513, 5415, 6549, 5816, 6899, 7208, 7858, 5744, 6370, 7942, 7488, 6052, 7052, 5495, 7227, 6276, 6111, 7663, 7771, 7235, 6622]","[1, 2, 3, 4, 5, 8, 8, 10, 12, 16, 16, 18, 19, 20, 20, 23, 24, 26, 26, 28, 29, 30, 61, 63]",5.392923084018687,-6.875965224158638
Cat1,15mph,lr,opposite,0,1624826310.944986000,/media/batool/MULTIMODAL_DATA/Multimodal_Data/Cat1/opposite/bag_files/Cat1_15mph_lr_opposite_0/lidar_pcd/ns1/velodyne_points/1624826310.944986000.pcd,/media/batool/MULTIMODAL_DATA/Multimodal_Data/Cat1/opposite/bag_files/Cat1_15mph_lr_opposite_0/camera_images/1624826310.9377291.jpg,42.33806016199782,-71.08697886300924,7942,19,8,8,45,"[6606, 0, 5681, 6513, 5415, 6549, 5816, 6899, 7208, 7858, 5744, 6370, 7942, 7488, 6052, 7052, 5495, 7227, 6276, 6111, 7663, 7771, 7235, 6622]","[1, 2, 3, 4, 5, 8, 8, 10, 12, 16, 16, 18, 19, 20, 20, 23, 24, 26, 26, 28, 29, 30, 61, 63]",6.080527455688256,-7.611078603512548
Cat1,15mph,lr,opposite,0,1624826311.045831000,/media/batool/MULTIMODAL_DATA/Multimodal_Data/Cat1/opposite/bag_files/Cat1_15mph_lr_opposite_0/lidar_pcd/ns1/velodyne_points/1624826311.045831000.pcd,/media/batool/MULTIMODAL_DATA/Multimodal_Data/Cat1/opposite/bag_files/Cat1_15mph_lr_opposite_0/camera_images/1624826311.037729.jpg,42.338053546446616,-71.08697049161266,7942,19,8,8,45,"[6606, 0, 5681, 6513, 5415, 6549, 5816, 6899, 7208, 7858, 5744, 6370, 7942, 7488, 6052, 7052, 5495, 7227, 6276, 6111, 7663, 7771, 7235, 6622]","[1, 2, 3, 4, 5, 8, 8, 10, 12, 16, 16, 18, 19, 20, 20, 23, 24, 26, 26, 28, 29, 30, 61, 63]",6.7680831357808255,-8.34613984797746
Cat1,15mph,lr,opposite,0,1624826311.146647000,/media/batool/MULTIMODAL_DATA/Multimodal_Data/Cat1/opposite/bag_files/Cat1_15mph_lr_opposite_0/lidar_pcd/ns1/velodyne_points/1624826311.146647000.pcd,/media/batool/MULTIMODAL_DATA/Multimodal_Data/Cat1/opposite/bag_files/Cat1_15mph_lr_opposite_0/camera_images/1624826311.137729.jpg,42.33804693278793,-71.0869621226109,7942,19,8,8,45,"[6606, 0, 5681, 6513, 5415, 6549, 5816, 6899, 7208, 7858, 5744, 6370, 7942, 7488, 6052, 7052, 5495, 7227, 6276, 6111, 7663, 7771, 7235, 6622]","[1, 2, 3, 4, 5, 8, 8, 10, 12, 16, 16, 18, 19, 20, 20, 23, 24, 26, 26, 28, 29, 30, 61, 63]",7.455442198480221,-9.080990812846165
Cat1,15mph,lr,opposite,0,1624826311.247562000,/media/batool/MULTIMODAL_DATA/Multimodal_Data/Cat1/opposite/bag_files/Cat1_15mph_lr_opposite_0/lidar_pcd/ns1/velodyne_points/1624826311.247562000.pcd,/media/batool/MULTIMODAL_DATA/Multimodal_Data/Cat1/opposite/bag_files/Cat1_15mph_lr_opposite_0/camera_images/1624826311.2377288.jpg,42.338040312638405,-71.08695374539555,7942,19,8,8,45,"[6606, 0, 5681, 6513, 5415, 6549, 5816, 6899, 7208, 7858, 5744, 6370, 7942, 7488, 6052, 7052, 5495, 7227, 6276, 6111, 7663, 7771, 7235, 6622]","[1, 2, 3, 4, 5, 8, 8, 10, 12, 16, 16, 18, 19, 20, 20, 23, 24, 26, 26, 28, 29, 30, 61, 63]",8.143475928416608,-9.816562982539129
Cat1,15mph,lr,opposite,0,1624826311.348403000,/media/batool/MULTIMODAL_DATA/Multimodal_Data/Cat1/opposite/bag_files/Cat1_15mph_lr_opposite_0/lidar_pcd/ns1/velodyne_points/1624826311.348403000.pcd,/media/batool/MULTIMODAL_DATA/Multimodal_Data/Cat1/opposite/bag_files/Cat1_15mph_lr_opposite_0/camera_images/1624826311.3377287.jpg,42.33803369733745,-71.08694537431565,7942,19,8,8,45,"[6606, 0, 5681, 6513, 5415, 6549, 5816, 6899, 7208, 7858, 5744, 6370, 7942, 7488, 6052, 7052, 5495, 7227, 6276, 6111, 7663, 7771, 7235, 6622]","[1, 2, 3, 4, 5, 8, 8, 10, 12, 16, 16, 18, 19, 20, 20, 23, 24, 26, 26, 28, 29, 30, 61, 63]",8.83100581655017,-10.551596421887805
Cat1,15mph,lr,opposite,0,1624826311.550079000,/media/batool/MULTIMODAL_DATA/Multimodal_Data/Cat1/opposite/bag_files/Cat1_15mph_lr_opposite_0/lidar_pcd/ns1/velodyne_points/1624826311.550079000.pcd,/media/batool/MULTIMODAL_DATA/Multimodal_Data/Cat1/opposite/bag_files/Cat1_15mph_lr_opposite_0/camera_images/1624826311.5377285.jpg,42.33802046712656,-71.08692863265064,7942,19,8,8,45,"[6606, 0, 5681, 6513, 5415, 6549, 5816, 6899, 7208, 7858, 5744, 6370, 7942, 7488, 6052, 7052, 5495, 7227, 6276, 6111, 7663, 7771, 7235, 6622]","[1, 2, 3, 4, 5, 8, 8, 10, 12, 16, 16, 18, 19, 20, 20, 23, 24, 26, 26, 28, 29, 30, 61, 63]",10.206025171622876,-12.021619854054835
Cat1,15mph,lr,opposite,0,1624826311.650994000,/media/batool/MULTIMODAL_DATA/Multimodal_Data/Cat1/opposite/bag_files/Cat1_15mph_lr_opposite_0/lidar_pcd/ns1/velodyne_points/1624826311.650994000.pcd,/media/batool/MULTIMODAL_DATA/Multimodal_Data/Cat1/opposite/bag_files/Cat1_15mph_lr_opposite_0/camera_images/1624826311.6377285.jpg,42.338013846977034,-71.08692025543529,7942,19,8,8,45,"[6606, 0, 5681, 6513, 5415, 6549, 5816, 6899, 7208, 7858, 5744, 6370, 7942, 7488, 6052, 7052, 5495, 7227, 6276, 6111, 7663, 7771, 7235, 6622]","[1, 2, 3, 4, 5, 8, 8, 10, 12, 16, 16, 18, 19, 20, 20, 23, 24, 26, 26, 28, 29, 30, 61, 63]",10.894059191131715,-12.757192023747798
Cat1,15mph,lr,opposite,0,1624826311.751803000,/media/batool/MULTIMODAL_DATA/Multimodal_Data/Cat1/opposite/bag_files/Cat1_15mph_lr_opposite_0/lidar_pcd/ns1/velodyne_points/1624826311.751803000.pcd,/media/batool/MULTIMODAL_DATA/Multimodal_Data/Cat1/opposite/bag_files/Cat1_15mph_lr_opposite_0/camera_images/1624826311.7377284.jpg,42.338007233787565,-71.08691188702728,7942,19,8,8,45,"[6606, 0, 5681, 6513, 5415, 6549, 5816, 6899, 7208, 7858, 5744, 6370, 7942, 7488, 6052, 7052, 5495, 7227, 6276, 6111, 7663, 7771, 7235, 6622]","[1, 2, 3, 4, 5, 8, 8, 10, 12, 16, 16, 18, 19, 20, 20, 23, 24, 26, 26, 28, 29, 30, 61, 63]",11.581369921483692,-13.491990853727506
Cat1,15mph,lr,opposite,0,1624826311.852663000,/media/batool/MULTIMODAL_DATA/Multimodal_Data/Cat1/opposite/bag_files/Cat1_15mph_lr_opposite_0/lidar_pcd/ns1/velodyne_points/1624826311.852663000.pcd,/media/batool/MULTIMODAL_DATA/Multimodal_Data/Cat1/opposite/bag_files/Cat1_15mph_lr_opposite_0/camera_images/1624826311.8377283.jpg,42.33800061723537,-71.08690351436404,7942,19,8,8,45,"[6606, 0, 5681, 6513, 5415, 6549, 5816, 6899, 7208, 7858, 5744, 6370, 7942, 7488, 6052, 7052, 5495, 7227, 6276, 6111, 7663, 7771, 7235, 6622]","[1, 2, 3, 4, 5, 8, 8, 10, 12, 16, 16, 18, 19, 20, 20, 23, 24, 26, 26, 28, 29, 30, 61, 63]",12.269030213960393,-14.227163319446845
Cat1,15mph,lr,opposite,0,1624826312.962109000,/media/batool/MULTIMODAL_DATA/Multimodal_Data/Cat1/opposite/bag_files/Cat1_15mph_lr_opposite_0/lidar_pcd/ns1/velodyne_points/1624826312.962109000.pcd,/media/batool/MULTIMODAL_DATA/Multimodal_Data/Cat1/opposite/bag_files/Cat1_15mph_lr_opposite_0/camera_images/1624826312.9710605.jpg,42.337962120647646,-71.08685672730687,7943,30,8,8,60,"[6344, 6280, 6144, 6554, 6235, 5966, 6708, 6580, 5848, 7511, 6210, 6072, 7860, 6425, 5300, 7309, 7940, 6244, 6556, 6193, 6981, 7943, 5800, 6590, 5532, 6136]","[1, 2, 2, 4, 7, 7, 10, 12, 12, 16, 17, 17, 19, 20, 21, 22, 23, 24, 26, 27, 29, 30, 30, 61, 61, 61]",16.111727962705395,-18.50456195582082
Cat1,15mph,lr,opposite,0,1624826311.953556000,/media/batool/MULTIMODAL_DATA/Multimodal_Data/Cat1/opposite/bag_files/Cat1_15mph_lr_opposite_0/lidar_pcd/ns1/velodyne_points/1624826311.953556000.pcd,/media/batool/MULTIMODAL_DATA/Multimodal_Data/Cat1/opposite/bag_files/Cat1_15mph_lr_opposite_0/camera_images/1624826311.9710615.jpg,42.33799442988192,-71.08689570905864,7943,30,8,8,60,"[6344, 6280, 6144, 6554, 6235, 5966, 6708, 6580, 5848, 7511, 6210, 6072, 7860, 6425, 5300, 7309, 7940, 6244, 6556, 6193, 6981, 7943, 5800, 6590, 5532, 6136]","[1, 2, 2, 4, 7, 7, 10, 12, 12, 16, 17, 17, 19, 20, 21, 22, 23, 24, 26, 27, 29, 30, 30, 61, 61, 61]",12.910092561720777,-14.914647036808523
Cat1,15mph,lr,opposite,0,1624826312.054416000,/media/batool/MULTIMODAL_DATA/Multimodal_Data/Cat1/opposite/bag_files/Cat1_15mph_lr_opposite_0/lidar_pcd/ns1/velodyne_points/1624826312.054416000.pcd,/media/batool/MULTIMODAL_DATA/Multimodal_Data/Cat1/opposite/bag_files/Cat1_15mph_lr_opposite_0/camera_images/1624826312.0710614.jpg,42.33799119881184,-71.08689181070652,7943,30,8,8,60,"[6344, 6280, 6144, 6554, 6235, 5966, 6708, 6580, 5848, 7511, 6210, 6072, 7860, 6425, 5300, 7309, 7940, 6244, 6556, 6193, 6981, 7943, 5800, 6590, 5532, 6136]","[1, 2, 2, 4, 7, 7, 10, 12, 12, 16, 17, 17, 19, 20, 21, 22, 23, 24, 26, 27, 29, 30, 30, 61, 61, 61]",13.230270560345323,-15.273654822875768
Cat1,15mph,lr,opposite,0,1624826312.155275000,/media/batool/MULTIMODAL_DATA/Multimodal_Data/Cat1/opposite/bag_files/Cat1_15mph_lr_opposite_0/lidar_pcd/ns1/velodyne_points/1624826312.155275000.pcd,/media/batool/MULTIMODAL_DATA/Multimodal_Data/Cat1/opposite/bag_files/Cat1_15mph_lr_opposite_0/camera_images/1624826312.1710613.jpg,42.337987967764676,-71.08688791238205,7943,30,8,8,60,"[6344, 6280, 6144, 6554, 6235, 5966, 6708, 6580, 5848, 7511, 6210, 6072, 7860, 6425, 5300, 7309, 7940, 6244, 6556, 6193, 6981, 7943, 5800, 6590, 5532, 6136]","[1, 2, 2, 4, 7, 7, 10, 12, 12, 16, 17, 17, 19, 20, 21, 22, 23, 24, 26, 27, 29, 30, 30, 61, 61, 61]",13.550446304126526,-15.632660063621037
Cat1,15mph,lr,opposite,0,1624826312.256078000,/media/batool/MULTIMODAL_DATA/Multimodal_Data/Cat1/opposite/bag_files/Cat1_15mph_lr_opposite_0/lidar_pcd/ns1/velodyne_points/1624826312.256078000.pcd,/media/batool/MULTIMODAL_DATA/Multimodal_Data/Cat1/opposite/bag_files/Cat1_15mph_lr_opposite_0/camera_images/1624826312.2710612.jpg,42.33798473852004,-71.08688401623237,7943,30,8,8,60,"[6344, 6280, 6144, 6554, 6235, 5966, 6708, 6580, 5848, 7511, 6210, 6072, 7860, 6425, 5300, 7309, 7940, 6244, 6556, 6193, 6981, 7943, 5800, 6590, 5532, 6136]","[1, 2, 2, 4, 7, 7, 10, 12, 12, 16, 17, 17, 19, 20, 21, 22, 23, 24, 26, 27, 29, 30, 30, 61, 61, 61]",13.870443445578278,-15.991465022895884
Cat1,15mph,lr,opposite,0,1624826312.356990000,/media/batool/MULTIMODAL_DATA/Multimodal_Data/Cat1/opposite/bag_files/Cat1_15mph_lr_opposite_0/lidar_pcd/ns1/velodyne_points/1624826312.356990000.pcd,/media/batool/MULTIMODAL_DATA/Multimodal_Data/Cat1/opposite/bag_files/Cat1_15mph_lr_opposite_0/camera_images/1624826312.371061.jpg,42.3379815057773,-71.08688011586214,7943,30,8,8,60,"[6344, 6280, 6144, 6554, 6235, 5966, 6708, 6580, 5848, 7511, 6210, 6072, 7860, 6425, 5300, 7309, 7940, 6244, 6556, 6193, 6981, 7943, 5800, 6590, 5532, 6136]","[1, 2, 2, 4, 7, 7, 10, 12, 12, 16, 17, 17, 19, 20, 21, 22, 23, 24, 26, 27, 29, 30, 30, 61, 61, 61]",14.190787244389279,-16.35065866088957
Cat1,15mph,lr,opposite,0,1624826312.457845000,/media/batool/MULTIMODAL_DATA/Multimodal_Data/Cat1/opposite/bag_files/Cat1_15mph_lr_opposite_0/lidar_pcd/ns1/velodyne_points/1624826312.457845000.pcd,/media/batool/MULTIMODAL_DATA/Multimodal_Data/Cat1/opposite/bag_files/Cat1_15mph_lr_opposite_0/camera_images/1624826312.471061.jpg,42.33797827486761,-71.08687621770356,7943,30,8,8,60,"[6344, 6280, 6144, 6554, 6235, 5966, 6708, 6580, 5848, 7511, 6210, 6072, 7860, 6425, 5300, 7309, 7940, 6244, 6556, 6193, 6981, 7943, 5800, 6590, 5532, 6136]","[1, 2, 2, 4, 7, 7, 10, 12, 12, 16, 17, 17, 19, 20, 21, 22, 23, 24, 26, 27, 29, 30, 30, 61, 61, 61]",14.51094941325443,-16.709648626545004
Cat1,15mph,lr,opposite,0,1624826312.558686000,/media/batool/MULTIMODAL_DATA/Multimodal_Data/Cat1/opposite/bag_files/Cat1_15mph_lr_opposite_0/lidar_pcd/ns1/velodyne_points/1624826312.558686000.pcd,/media/batool/MULTIMODAL_DATA/Multimodal_Data/Cat1/opposite/bag_files/Cat1_15mph_lr_opposite_0/camera_images/1624826312.571061.jpg,42.33797504440093,-71.08687232007945,7943,30,8,8,60,"[6344, 6280, 6144, 6554, 6235, 5966, 6708, 6580, 5848, 7511, 6210, 6072, 7860, 6425, 5300, 7309, 7940, 6244, 6556, 6193, 6981, 7943, 5800, 6590, 5532, 6136]","[1, 2, 2, 4, 7, 7, 10, 12, 12, 16, 17, 17, 19, 20, 21, 22, 23, 24, 26, 27, 29, 30, 30, 61, 61, 61]",14.831067701646521,-17.06858936895767
Cat1,15mph,lr,opposite,0,1624826312.659558000,/media/batool/MULTIMODAL_DATA/Multimodal_Data/Cat1/opposite/bag_files/Cat1_15mph_lr_opposite_0/lidar_pcd/ns1/velodyne_points/1624826312.659558000.pcd,/media/batool/MULTIMODAL_DATA/Multimodal_Data/Cat1/opposite/bag_files/Cat1_15mph_lr_opposite_0/camera_images/1624826312.6710608.jpg,42.337971812941326,-71.08686842125736,7943,30,8,8,60,"[6344, 6280, 6144, 6554, 6235, 5966, 6708, 6580, 5848, 7511, 6210, 6072, 7860, 6425, 5300, 7309, 7940, 6244, 6556, 6193, 6981, 7943, 5800, 6590, 5532, 6136]","[1, 2, 2, 4, 7, 7, 10, 12, 12, 16, 17, 17, 19, 20, 21, 22, 23, 24, 26, 27, 29, 30, 30, 61, 61, 61]",15.151284398155763,-17.427640435761937
Cat1,15mph,lr,opposite,0,1624826312.760385000,/media/batool/MULTIMODAL_DATA/Multimodal_Data/Cat1/opposite/bag_files/Cat1_15mph_lr_opposite_0/lidar_pcd/ns1/velodyne_points/1624826312.760385000.pcd,/media/batool/MULTIMODAL_DATA/Multimodal_Data/Cat1/opposite/bag_files/Cat1_15mph_lr_opposite_0/camera_images/1624826312.7710607.jpg,42.33796858292527,-71.08686452417696,7943,30,8,8,60,"[6344, 6280, 6144, 6554, 6235, 5966, 6708, 6580, 5848, 7511, 6210, 6072, 7860, 6425, 5300, 7309, 7940, 6244, 6556, 6193, 6981, 7943, 5800, 6590, 5532, 6136]","[1, 2, 2, 4, 7, 7, 10, 12, 12, 16, 17, 17, 19, 20, 21, 22, 23, 24, 26, 27, 29, 30, 30, 61, 61, 61]",15.471358063861363,-17.786531108596492
Cat1,15mph,lr,opposite,0,1624826312.861269000,/media/batool/MULTIMODAL_DATA/Multimodal_Data/Cat1/opposite/bag_files/Cat1_15mph_lr_opposite_0/lidar_pcd/ns1/velodyne_points/1624826312.861269000.pcd,/media/batool/MULTIMODAL_DATA/Multimodal_Data/Cat1/opposite/bag_files/Cat1_15mph_lr_opposite_0/camera_images/1624826312.8710606.jpg,42.33796535108378,-71.08686062489413,7943,30,8,8,60,"[6344, 6280, 6144, 6554, 6235, 5966, 6708, 6580, 5848, 7511, 6210, 6072, 7860, 6425, 5300, 7309, 7940, 6244, 6556, 6193, 6981, 7943, 5800, 6590, 5532, 6136]","[1, 2, 2, 4, 7, 7, 10, 12, 12, 16, 17, 17, 19, 20, 21, 22, 23, 24, 26, 27, 29, 30, 30, 61, 61, 61]",15.791612634971603,-18.145624607433952
Cat1,15mph,lr,opposite,0,1624826313.062971000,/media/batool/MULTIMODAL_DATA/Multimodal_Data/Cat1/opposite/bag_files/Cat1_15mph_lr_opposite_0/lidar_pcd/ns1/velodyne_points/1624826313.062971000.pcd,/media/batool/MULTIMODAL_DATA/Multimodal_Data/Cat1/opposite/bag_files/Cat1_15mph_lr_opposite_0/camera_images/1624826313.0710604.jpg,42.33795888950883,-71.08685282887184,7943,30,8,8,60,"[6344, 6280, 6144, 6554, 6235, 5966, 6708, 6580, 5848, 7511, 6210, 6072, 7860, 6425, 5300, 7309, 7940, 6244, 6556, 6193, 6981, 7943, 5800, 6590, 5532, 6136]","[1, 2, 2, 4, 7, 7, 10, 12, 12, 16, 17, 17, 19, 20, 21, 22, 23, 24, 26, 27, 29, 30, 30, 61, 61, 61]",16.43191293505476,-18.863577379432982
Cat1,15mph,lr,opposite,0,1624826313.163818000,/media/batool/MULTIMODAL_DATA/Multimodal_Data/Cat1/opposite/bag_files/Cat1_15mph_lr_opposite_0/lidar_pcd/ns1/velodyne_points/1624826313.163818000.pcd,/media/batool/MULTIMODAL_DATA/Multimodal_Data/Cat1/opposite/bag_files/Cat1_15mph_lr_opposite_0/camera_images/1624826313.1710603.jpg,42.3379541982009,-71.08684786940665,104928,61,7,8,40,"[23206, 18968, 38294, 15972, 15358, 12966, 13180, 21241, 13252, 78818, 23776, 39408, 25702, 50616, 8224, 101143, 15306, 38447, 7937, 9628, 13085, 52489, 41596, 8227, 15984, 41285, 31850, 15171, 80834, 19946, 24424, 16126, 15964, 104928, 12966, 20126]","[1, 2, 3, 4, 5, 6, 7, 8, 9, 10, 11, 12, 13, 14, 15, 16, 17, 18, 19, 20, 21, 22, 23, 24, 25, 26, 27, 28, 29, 30, 31, 59, 60, 61, 62, 63]",16.83924218620859,-19.384833816755215
Cat1,15mph,lr,opposite,0,1624826313.264703000,/media/batool/MULTIMODAL_DATA/Multimodal_Data/Cat1/opposite/bag_files/Cat1_15mph_lr_opposite_0/lidar_pcd/ns1/velodyne_points/1624826313.264703000.pcd,/media/batool/MULTIMODAL_DATA/Multimodal_Data/Cat1/opposite/bag_files/Cat1_15mph_lr_opposite_0/camera_images/1624826313.2710602.jpg,42.33794912292932,-71.08684263028321,104928,61,7,8,40,"[23206, 18968, 38294, 15972, 15358, 12966, 13180, 21241, 13252, 78818, 23776, 39408, 25702, 50616, 8224, 101143, 15306, 38447, 7937, 9628, 13085, 52489, 41596, 8227, 15984, 41285, 31850, 15171, 80834, 19946, 24424, 16126, 15964, 104928, 12966, 20126]","[1, 2, 3, 4, 5, 6, 7, 8, 9, 10, 11, 12, 13, 14, 15, 16, 17, 18, 19, 20, 21, 22, 23, 24, 25, 26, 27, 28, 29, 30, 31, 59, 60, 61, 62, 63]",17.269540291289722,-19.948752881286207
Cat1,15mph,lr,opposite,0,1624826313.365548000,/media/batool/MULTIMODAL_DATA/Multimodal_Data/Cat1/opposite/bag_files/Cat1_15mph_lr_opposite_0/lidar_pcd/ns1/velodyne_points/1624826313.365548000.pcd,/media/batool/MULTIMODAL_DATA/Multimodal_Data/Cat1/opposite/bag_files/Cat1_15mph_lr_opposite_0/camera_images/1624826313.3710601.jpg,42.33794404968476,-71.08683739325224,104928,61,7,8,40,"[23206, 18968, 38294, 15972, 15358, 12966, 13180, 21241, 13252, 78818, 23776, 39408, 25702, 50616, 8224, 101143, 15306, 38447, 7937, 9628, 13085, 52489, 41596, 8227, 15984, 41285, 31850, 15171, 80834, 19946, 24424, 16126, 15964, 104928, 12966, 20126]","[1, 2, 3, 4, 5, 6, 7, 8, 9, 10, 11, 12, 13, 14, 15, 16, 17, 18, 19, 20, 21, 22, 23, 24, 25, 26, 27, 28, 29, 30, 31, 59, 60, 61, 62, 63]",17.699666573531918,-20.512446721138783
Cat1,15mph,lr,opposite,0,1624826313.466395000,/media/batool/MULTIMODAL_DATA/Multimodal_Data/Cat1/opposite/bag_files/Cat1_15mph_lr_opposite_0/lidar_pcd/ns1/velodyne_points/1624826313.466395000.pcd,/media/batool/MULTIMODAL_DATA/Multimodal_Data/Cat1/opposite/bag_files/Cat1_15mph_lr_opposite_0/camera_images/1624826313.47106.jpg,42.33793897633225,-71.08683215610984,104928,61,7,8,40,"[23206, 18968, 38294, 15972, 15358, 12966, 13180, 21241, 13252, 78818, 23776, 39408, 25702, 50616, 8224, 101143, 15306, 38447, 7937, 9628, 13085, 52489, 41596, 8227, 15984, 41285, 31850, 15171, 80834, 19946, 24424, 16126, 15964, 104928, 12966, 20126]","[1, 2, 3, 4, 5, 6, 7, 8, 9, 10, 11, 12, 13, 14, 15, 16, 17, 18, 19, 20, 21, 22, 23, 24, 25, 26, 27, 28, 29, 30, 31, 59, 60, 61, 62, 63]",18.129802042191557,-21.076152555742233
Cat1,15mph,lr,opposite,0,1624826313.567208000,/media/batool/MULTIMODAL_DATA/Multimodal_Data/Cat1/opposite/bag_files/Cat1_15mph_lr_opposite_0/lidar_pcd/ns1/velodyne_points/1624826313.567208000.pcd,/media/batool/MULTIMODAL_DATA/Multimodal_Data/Cat1/opposite/bag_files/Cat1_15mph_lr_opposite_0/camera_images/1624826313.57106.jpg,42.33793390468291,-71.08682692072557,104928,61,7,8,40,"[23206, 18968, 38294, 15972, 15358, 12966, 13180, 21241, 13252, 78818, 23776, 39408, 25702, 50616, 8224, 101143, 15306, 38447, 7937, 9628, 13085, 52489, 41596, 8227, 15984, 41285, 31850, 15171, 80834, 19946, 24424, 16126, 15964, 104928, 12966, 20126]","[1, 2, 3, 4, 5, 6, 7, 8, 9, 10, 11, 12, 13, 14, 15, 16, 17, 18, 19, 20, 21, 22, 23, 24, 25, 26, 27, 28, 29, 30, 31, 59, 60, 61, 62, 63]",18.55979314661054,-21.6396691483409
Cat1,15mph,lr,opposite,0,1624826313.668118000,/media/batool/MULTIMODAL_DATA/Multimodal_Data/Cat1/opposite/bag_files/Cat1_15mph_lr_opposite_0/lidar_pcd/ns1/velodyne_points/1624826313.668118000.pcd,/media/batool/MULTIMODAL_DATA/Multimodal_Data/Cat1/opposite/bag_files/Cat1_15mph_lr_opposite_0/camera_images/1624826313.6710598.jpg,42.33792882816393,-71.08682168031446,104928,61,7,8,40,"[23206, 18968, 38294, 15972, 15358, 12966, 13180, 21241, 13252, 78818, 23776, 39408, 25702, 50616, 8224, 101143, 15306, 38447, 7937, 9628, 13085, 52489, 41596, 8227, 15984, 41285, 31850, 15171, 80834, 19946, 24424, 16126, 15964, 104928, 12966, 20126]","[1, 2, 3, 4, 5, 6, 7, 8, 9, 10, 11, 12, 13, 14, 15, 16, 17, 18, 19, 20, 21, 22, 23, 24, 25, 26, 27, 28, 29, 30, 31, 59, 60, 61, 62, 63]",18.990197149443887,-22.203726812916912
Cat1,15mph,lr,opposite,0,1624826313.768947000,/media/batool/MULTIMODAL_DATA/Multimodal_Data/Cat1/opposite/bag_files/Cat1_15mph_lr_opposite_0/lidar_pcd/ns1/velodyne_points/1624826313.768947000.pcd,/media/batool/MULTIMODAL_DATA/Multimodal_Data/Cat1/opposite/bag_files/Cat1_15mph_lr_opposite_0/camera_images/1624826313.7710598.jpg,42.33792375572298,-71.08681644411304,104928,61,7,8,40,"[23206, 18968, 38294, 15972, 15358, 12966, 13180, 21241, 13252, 78818, 23776, 39408, 25702, 50616, 8224, 101143, 15306, 38447, 7937, 9628, 13085, 52489, 41596, 8227, 15984, 41285, 31850, 15171, 80834, 19946, 24424, 16126, 15964, 104928, 12966, 20126]","[1, 2, 3, 4, 5, 6, 7, 8, 9, 10, 11, 12, 13, 14, 15, 16, 17, 18, 19, 20, 21, 22, 23, 24, 25, 26, 27, 28, 29, 30, 31, 59, 60, 61, 62, 63]",19.420255437412884,-22.767331362811344
Cat1,15mph,lr,opposite,0,1624826313.869797000,/media/batool/MULTIMODAL_DATA/Multimodal_Data/Cat1/opposite/bag_files/Cat1_15mph_lr_opposite_0/lidar_pcd/ns1/velodyne_points/1624826313.869797000.pcd,/media/batool/MULTIMODAL_DATA/Multimodal_Data/Cat1/opposite/bag_files/Cat1_15mph_lr_opposite_0/camera_images/1624826313.8710597.jpg,42.33791868221455,-71.08681120680967,104928,61,7,8,40,"[23206, 18968, 38294, 15972, 15358, 12966, 13180, 21241, 13252, 78818, 23776, 39408, 25702, 50616, 8224, 101143, 15306, 38447, 7937, 9628, 13085, 52489, 41596, 8227, 15984, 41285, 31850, 15171, 80834, 19946, 24424, 16126, 15964, 104928, 12966, 20126]","[1, 2, 3, 4, 5, 6, 7, 8, 9, 10, 11, 12, 13, 14, 15, 16, 17, 18, 19, 20, 21, 22, 23, 24, 25, 26, 27, 28, 29, 30, 31, 59, 60, 61, 62, 63]",19.850404265333907,-23.331054522025674
Cat1,15mph,lr,opposite,0,1624826313.970695000,/media/batool/MULTIMODAL_DATA/Multimodal_Data/Cat1/opposite/bag_files/Cat1_15mph_lr_opposite_0/lidar_pcd/ns1/velodyne_points/1624826313.970695000.pcd,/media/batool/MULTIMODAL_DATA/Multimodal_Data/Cat1/opposite/bag_files/Cat1_15mph_lr_opposite_0/camera_images/1624826313.9710596.jpg,42.33791360629528,-71.08680596701763,104928,61,7,8,40,"[23206, 18968, 38294, 15972, 15358, 12966, 13180, 21241, 13252, 78818, 23776, 39408, 25702, 50616, 8224, 101143, 15306, 38447, 7937, 9628, 13085, 52489, 41596, 8227, 15984, 41285, 31850, 15171, 80834, 19946, 24424, 16126, 15964, 104928, 12966, 20126]","[1, 2, 3, 4, 5, 6, 7, 8, 9, 10, 11, 12, 13, 14, 15, 16, 17, 18, 19, 20, 21, 22, 23, 24, 25, 26, 27, 28, 29, 30, 31, 59, 60, 61, 62, 63]",20.280757527264004,-23.895045551903927
Cat1,15mph,lr,opposite,0,1624826314.071540000,/media/batool/MULTIMODAL_DATA/Multimodal_Data/Cat1/opposite/bag_files/Cat1_15mph_lr_opposite_0/lidar_pcd/ns1/velodyne_points/1624826314.071540000.pcd,/media/batool/MULTIMODAL_DATA/Multimodal_Data/Cat1/opposite/bag_files/Cat1_15mph_lr_opposite_0/camera_images/1624826314.0710595.jpg,42.33790853303872,-71.08680072997427,104928,61,7,8,40,"[23206, 18968, 38294, 15972, 15358, 12966, 13180, 21241, 13252, 78818, 23776, 39408, 25702, 50616, 8224, 101143, 15306, 38447, 7937, 9628, 13085, 52489, 41596, 8227, 15984, 41285, 31850, 15171, 80834, 19946, 24424, 16126, 15964, 104928, 12966, 20126]","[1, 2, 3, 4, 5, 6, 7, 8, 9, 10, 11, 12, 13, 14, 15, 16, 17, 18, 19, 20, 21, 22, 23, 24, 25, 26, 27, 28, 29, 30, 31, 59, 60, 61, 62, 63]",20.710885069040216,-24.458740725208372
Cat1,15mph,lr,opposite,0,1624826314.474956000,/media/batool/MULTIMODAL_DATA/Multimodal_Data/Cat1/opposite/bag_files/Cat1_15mph_lr_opposite_0/lidar_pcd/ns1/velodyne_points/1624826314.474956000.pcd,/media/batool/MULTIMODAL_DATA/Multimodal_Data/Cat1/opposite/bag_files/Cat1_15mph_lr_opposite_0/camera_images/1624826314.471059.jpg,42.33788935853328,-71.08677807525602,6526,3,0,6,20,"[6371, 6218, 0, 6130, 6414, 6122, 6284, 6526, 6402, 6210]","[3, 3, 3, 3, 3, 3, 3, 3, 3, 30]",22.571556654347553,-26.58924132958873
Cat1,15mph,lr,opposite,0,1624826314.172411000,/media/batool/MULTIMODAL_DATA/Multimodal_Data/Cat1/opposite/bag_files/Cat1_15mph_lr_opposite_0/lidar_pcd/ns1/velodyne_points/1624826314.172411000.pcd,/media/batool/MULTIMODAL_DATA/Multimodal_Data/Cat1/opposite/bag_files/Cat1_15mph_lr_opposite_0/camera_images/1624826314.1710594.jpg,42.337903673368295,-71.08679516462246,6526,3,0,6,20,"[6371, 6218, 0, 6130, 6414, 6122, 6284, 6526, 6402, 6210]","[3, 3, 3, 3, 3, 3, 3, 3, 3, 30]",21.167977108087165,-24.998704105883007
Cat1,15mph,lr,opposite,0,1624826314.273226000,/media/batool/MULTIMODAL_DATA/Multimodal_Data/Cat1/opposite/bag_files/Cat1_15mph_lr_opposite_0/lidar_pcd/ns1/velodyne_points/1624826314.273226000.pcd,/media/batool/MULTIMODAL_DATA/Multimodal_Data/Cat1/opposite/bag_files/Cat1_15mph_lr_opposite_0/camera_images/1624826314.2710593.jpg,42.33789890333216,-71.08678947004789,6526,3,0,6,20,"[6371, 6218, 0, 6130, 6414, 6122, 6284, 6526, 6402, 6210]","[3, 3, 3, 3, 3, 3, 3, 3, 3, 30]",21.635682438849624,-25.528708120879806
Cat1,15mph,lr,opposite,0,1624826314.374109000,/media/batool/MULTIMODAL_DATA/Multimodal_Data/Cat1/opposite/bag_files/Cat1_15mph_lr_opposite_0/lidar_pcd/ns1/velodyne_points/1624826314.374109000.pcd,/media/batool/MULTIMODAL_DATA/Multimodal_Data/Cat1/opposite/bag_files/Cat1_15mph_lr_opposite_0/camera_images/1624826314.3710592.jpg,42.33789413008102,-71.08678377163518,6526,3,0,6,20,"[6371, 6218, 0, 6130, 6414, 6122, 6284, 6526, 6402, 6210]","[3, 3, 3, 3, 3, 3, 3, 3, 3, 30]",22.10370303814392,-26.05906935886853
Cat1,15mph,lr,opposite,0,1624826314.575804000,/media/batool/MULTIMODAL_DATA/Multimodal_Data/Cat1/opposite/bag_files/Cat1_15mph_lr_opposite_0/lidar_pcd/ns1/velodyne_points/1624826314.575804000.pcd,/media/batool/MULTIMODAL_DATA/Multimodal_Data/Cat1/opposite/bag_files/Cat1_15mph_lr_opposite_0/camera_images/1624826314.571059.jpg,42.33788458694041,-71.08677237882297,6526,3,0,6,20,"[6371, 6218, 0, 6130, 6414, 6122, 6284, 6526, 6402, 6210]","[3, 3, 3, 3, 3, 3, 3, 3, 3, 30]",23.03941473193195,-27.119418315161663
Cat1,15mph,lr,opposite,0,1624826314.676630000,/media/batool/MULTIMODAL_DATA/Multimodal_Data/Cat1/opposite/bag_files/Cat1_15mph_lr_opposite_0/lidar_pcd/ns1/velodyne_points/1624826314.676630000.pcd,/media/batool/MULTIMODAL_DATA/Multimodal_Data/Cat1/opposite/bag_files/Cat1_15mph_lr_opposite_0/camera_images/1624826314.671059.jpg,42.33787981638537,-71.08676668362891,6526,3,0,6,20,"[6371, 6218, 0, 6130, 6414, 6122, 6284, 6526, 6402, 6210]","[3, 3, 3, 3, 3, 3, 3, 3, 3, 30]",23.507171084774043,-27.649479986754006
Cat1,15mph,lr,opposite,0,1624826314.777535000,/media/batool/MULTIMODAL_DATA/Multimodal_Data/Cat1/opposite/bag_files/Cat1_15mph_lr_opposite_0/lidar_pcd/ns1/velodyne_points/1624826314.777535000.pcd,/media/batool/MULTIMODAL_DATA/Multimodal_Data/Cat1/opposite/bag_files/Cat1_15mph_lr_opposite_0/camera_images/1624826314.7710588.jpg,42.33787504209641,-71.08676098397723,6526,3,0,6,20,"[6371, 6218, 0, 6130, 6414, 6122, 6284, 6526, 6402, 6210]","[3, 3, 3, 3, 3, 3, 3, 3, 3, 30]",23.97529358520971,-28.179956537933826
Cat1,15mph,lr,opposite,0,1624826314.878349000,/media/batool/MULTIMODAL_DATA/Multimodal_Data/Cat1/opposite/bag_files/Cat1_15mph_lr_opposite_0/lidar_pcd/ns1/velodyne_points/1624826314.878349000.pcd,/media/batool/MULTIMODAL_DATA/Multimodal_Data/Cat1/opposite/bag_files/Cat1_15mph_lr_opposite_0/camera_images/1624826314.8710587.jpg,42.3378702721054,-71.08675528945652,6526,3,0,6,20,"[6371, 6218, 0, 6130, 6414, 6122, 6284, 6526, 6402, 6210]","[3, 3, 3, 3, 3, 3, 3, 3, 3, 30]",24.44299470537414,-28.709955538867387
Cat1,15mph,lr,opposite,0,1624826314.979213000,/media/batool/MULTIMODAL_DATA/Multimodal_Data/Cat1/opposite/bag_files/Cat1_15mph_lr_opposite_0/lidar_pcd/ns1/velodyne_points/1624826314.979213000.pcd,/media/batool/MULTIMODAL_DATA/Multimodal_Data/Cat1/opposite/bag_files/Cat1_15mph_lr_opposite_0/camera_images/1624826314.9710586.jpg,42.33786549975672,-71.08674959212118,6526,3,0,6,20,"[6371, 6218, 0, 6130, 6414, 6122, 6284, 6526, 6402, 6210]","[3, 3, 3, 3, 3, 3, 3, 3, 3, 30]",24.91092703163819,-29.240216503486256
Cat1,15mph,lr,opposite,0,1624826315.080094000,/media/batool/MULTIMODAL_DATA/Multimodal_Data/Cat1/opposite/bag_files/Cat1_15mph_lr_opposite_0/lidar_pcd/ns1/velodyne_points/1624826315.080094000.pcd,/media/batool/MULTIMODAL_DATA/Multimodal_Data/Cat1/opposite/bag_files/Cat1_15mph_lr_opposite_0/camera_images/1624826315.0710585.jpg,42.33786072659583,-71.0867438938162,6526,3,0,6,20,"[6371, 6218, 0, 6130, 6414, 6122, 6284, 6526, 6402, 6210]","[3, 3, 3, 3, 3, 3, 3, 3, 3, 30]",25.378939031280936,-29.770567713348505
Cat1,15mph,lr,opposite,0,1624826315.987775000,/media/batool/MULTIMODAL_DATA/Multimodal_Data/Cat1/opposite/bag_files/Cat1_15mph_lr_opposite_0/lidar_pcd/ns1/velodyne_points/1624826315.987775000.pcd,/media/batool/MULTIMODAL_DATA/Multimodal_Data/Cat1/opposite/bag_files/Cat1_15mph_lr_opposite_0/camera_images/1624826316.004391.jpg,42.337825021706266,-71.08670552171256,6906,18,0,6,20,"[6684, 6760, 6906]","[18, 18, 18]",28.530510404614038,-33.73777766471322
Cat1,15mph,lr,opposite,0,1624826315.180978000,/media/batool/MULTIMODAL_DATA/Multimodal_Data/Cat1/opposite/bag_files/Cat1_15mph_lr_opposite_0/lidar_pcd/ns1/velodyne_points/1624826315.180978000.pcd,/media/batool/MULTIMODAL_DATA/Multimodal_Data/Cat1/opposite/bag_files/Cat1_15mph_lr_opposite_0/camera_images/1624826315.1710584.jpg,42.337856684456526,-71.08673949763798,6906,18,0,6,20,"[6684, 6760, 6906]","[18, 18, 18]",25.740005125447205,-30.219694302502376
Cat1,15mph,lr,opposite,0,1624826315.281832000,/media/batool/MULTIMODAL_DATA/Multimodal_Data/Cat1/opposite/bag_files/Cat1_15mph_lr_opposite_0/lidar_pcd/ns1/velodyne_points/1624826315.281832000.pcd,/media/batool/MULTIMODAL_DATA/Multimodal_Data/Cat1/opposite/bag_files/Cat1_15mph_lr_opposite_0/camera_images/1624826315.2710583.jpg,42.337852726444325,-71.08673525046657,6906,18,0,6,20,"[6684, 6760, 6906]","[18, 18, 18]",26.08883305190499,-30.65947343590854
Cat1,15mph,lr,opposite,0,1624826315.382692000,/media/batool/MULTIMODAL_DATA/Multimodal_Data/Cat1/opposite/bag_files/Cat1_15mph_lr_opposite_0/lidar_pcd/ns1/velodyne_points/1624826315.382692000.pcd,/media/batool/MULTIMODAL_DATA/Multimodal_Data/Cat1/opposite/bag_files/Cat1_15mph_lr_opposite_0/camera_images/1624826315.3710582.jpg,42.33784876818884,-71.08673100303413,6906,18,0,6,20,"[6684, 6760, 6906]","[18, 18, 18]",26.437682439945018,-31.099279600728853
Cat1,15mph,lr,opposite,0,1624826315.483527000,/media/batool/MULTIMODAL_DATA/Multimodal_Data/Cat1/opposite/bag_files/Cat1_15mph_lr_opposite_0/lidar_pcd/ns1/velodyne_points/1624826315.483527000.pcd,/media/batool/MULTIMODAL_DATA/Multimodal_Data/Cat1/opposite/bag_files/Cat1_15mph_lr_opposite_0/camera_images/1624826315.4710581.jpg,42.337844810925176,-71.08672675666594,6906,18,0,6,20,"[6684, 6760, 6906]","[18, 18, 18]",26.786444441063395,-31.538975563528815
Cat1,15mph,lr,opposite,0,1624826315.584383000,/media/batool/MULTIMODAL_DATA/Multimodal_Data/Cat1/opposite/bag_files/Cat1_15mph_lr_opposite_0/lidar_pcd/ns1/velodyne_points/1624826315.584383000.pcd,/media/batool/MULTIMODAL_DATA/Multimodal_Data/Cat1/opposite/bag_files/Cat1_15mph_lr_opposite_0/camera_images/1624826315.571058.jpg,42.33784085282876,-71.08672250940418,6906,18,0,6,20,"[6684, 6760, 6906]","[18, 18, 18]",27.135279854212452,-31.97876405399332
Cat1,15mph,lr,opposite,0,1624826315.685245000,/media/batool/MULTIMODAL_DATA/Multimodal_Data/Cat1/opposite/bag_files/Cat1_15mph_lr_opposite_0/lidar_pcd/ns1/velodyne_points/1624826315.685245000.pcd,/media/batool/MULTIMODAL_DATA/Multimodal_Data/Cat1/opposite/bag_files/Cat1_15mph_lr_opposite_0/camera_images/1624826315.671058.jpg,42.33783689449843,-71.08671826189142,6906,18,0,6,20,"[6684, 6760, 6906]","[18, 18, 18]",27.484135904931144,-32.41857853532161
Cat1,15mph,lr,opposite,0,1624826315.786113000,/media/batool/MULTIMODAL_DATA/Multimodal_Data/Cat1/opposite/bag_files/Cat1_15mph_lr_opposite_0/lidar_pcd/ns1/velodyne_points/1624826315.786113000.pcd,/media/batool/MULTIMODAL_DATA/Multimodal_Data/Cat1/opposite/bag_files/Cat1_15mph_lr_opposite_0/camera_images/1624826315.7710578.jpg,42.33783293593417,-71.08671401412762,6906,18,0,6,20,"[6684, 6760, 6906]","[18, 18, 18]",27.83301259555768,-32.85841900830317
Cat1,15mph,lr,opposite,0,1624826315.886969000,/media/batool/MULTIMODAL_DATA/Multimodal_Data/Cat1/opposite/bag_files/Cat1_15mph_lr_opposite_0/lidar_pcd/ns1/velodyne_points/1624826315.886969000.pcd,/media/batool/MULTIMODAL_DATA/Multimodal_Data/Cat1/opposite/bag_files/Cat1_15mph_lr_opposite_0/camera_images/1624826315.8710577.jpg,42.33782897783776,-71.08670976686587,6906,18,0,6,20,"[6684, 6760, 6906]","[18, 18, 18]",28.181848074581016,-33.298207498767674
Cat1,15mph,lr,opposite,0,1624826316.088667000,/media/batool/MULTIMODAL_DATA/Multimodal_Data/Cat1/opposite/bag_files/Cat1_15mph_lr_opposite_0/lidar_pcd/ns1/velodyne_points/1624826316.088667000.pcd,/media/batool/MULTIMODAL_DATA/Multimodal_Data/Cat1/opposite/bag_files/Cat1_15mph_lr_opposite_0/camera_images/1624826316.1043909.jpg,42.33782106220634,-71.08670127294475,6906,18,0,6,20,"[6684, 6760, 6906]","[18, 18, 18]",28.879469622415378,-34.17772210114991
Cat1,15mph,lr,opposite,0,1624826316.189530000,/media/batool/MULTIMODAL_DATA/Multimodal_Data/Cat1/opposite/bag_files/Cat1_15mph_lr_opposite_0/lidar_pcd/ns1/velodyne_points/1624826316.189530000.pcd,/media/batool/MULTIMODAL_DATA/Multimodal_Data/Cat1/opposite/bag_files/Cat1_15mph_lr_opposite_0/camera_images/1624826316.2043908.jpg,42.337816880758794,-71.08669690456638,6906,18,0,0,0,"[6684, 6760, 6906]","[18, 18, 18]",29.238252727119384,-34.642327383791226
Cat1,15mph,lr,opposite,0,1624826316.290398000,/media/batool/MULTIMODAL_DATA/Multimodal_Data/Cat1/opposite/bag_files/Cat1_15mph_lr_opposite_0/lidar_pcd/ns1/velodyne_points/1624826316.290398000.pcd,/media/batool/MULTIMODAL_DATA/Multimodal_Data/Cat1/opposite/bag_files/Cat1_15mph_lr_opposite_0/camera_images/1624826316.3043907.jpg,42.33781209979488,-71.08669221137096,6906,18,0,0,0,"[6684, 6760, 6906]","[18, 18, 18]",29.623713759740305,-35.173545596320665
Cat1,15mph,lr,opposite,0,1624826316.391223000,/media/batool/MULTIMODAL_DATA/Multimodal_Data/Cat1/opposite/bag_files/Cat1_15mph_lr_opposite_0/lidar_pcd/ns1/velodyne_points/1624826316.391223000.pcd,/media/batool/MULTIMODAL_DATA/Multimodal_Data/Cat1/opposite/bag_files/Cat1_15mph_lr_opposite_0/camera_images/1624826316.4043906.jpg,42.33780732086507,-71.08668752017232,6906,18,0,0,0,"[6684, 6760, 6906]","[18, 18, 18]",30.00901082220816,-35.70453779783773
Cat1,15mph,lr,opposite,0,1624826316.492095000,/media/batool/MULTIMODAL_DATA/Multimodal_Data/Cat1/opposite/bag_files/Cat1_15mph_lr_opposite_0/lidar_pcd/ns1/velodyne_points/1624826316.492095000.pcd,/media/batool/MULTIMODAL_DATA/Multimodal_Data/Cat1/opposite/bag_files/Cat1_15mph_lr_opposite_0/camera_images/1624826316.5043905.jpg,42.337802539709045,-71.08668282678832,6906,18,0,0,0,"[6684, 6760, 6906]","[18, 18, 18]",30.394487401703586,-36.23577735586044
Cat1,15mph,lr,opposite,0,1624826316.592938000,/media/batool/MULTIMODAL_DATA/Multimodal_Data/Cat1/opposite/bag_files/Cat1_15mph_lr_opposite_0/lidar_pcd/ns1/velodyne_points/1624826316.592938000.pcd,/media/batool/MULTIMODAL_DATA/Multimodal_Data/Cat1/opposite/bag_files/Cat1_15mph_lr_opposite_0/camera_images/1624826316.6043904.jpg,42.337797759931696,-71.08667813475768,6906,18,0,0,0,"[6684, 6760, 6906]","[18, 18, 18]",30.779852856741062,-36.76686372797475
Cat1,15mph,lr,opposite,0,1624826316.693818000,/media/batool/MULTIMODAL_DATA/Multimodal_Data/Cat1/opposite/bag_files/Cat1_15mph_lr_opposite_0/lidar_pcd/ns1/velodyne_points/1624826316.693818000.pcd,/media/batool/MULTIMODAL_DATA/Multimodal_Data/Cat1/opposite/bag_files/Cat1_15mph_lr_opposite_0/camera_images/1624826316.7043903.jpg,42.33779297839145,-71.0866734409965,6906,18,0,0,0,"[6684, 6760, 6906]","[18, 18, 18]",31.165360472566437,-37.2981459777735
Cat1,15mph,lr,opposite,0,1624826316.794667000,/media/batool/MULTIMODAL_DATA/Multimodal_Data/Cat1/opposite/bag_files/Cat1_15mph_lr_opposite_0/lidar_pcd/ns1/velodyne_points/1624826316.794667000.pcd,/media/batool/MULTIMODAL_DATA/Multimodal_Data/Cat1/opposite/bag_files/Cat1_15mph_lr_opposite_0/camera_images/1624826316.8043902.jpg,42.33778819833157,-71.08666874868854,6906,18,0,0,0,"[6684, 6760, 6906]","[18, 18, 18]",31.550748763421,-37.829263741665876
Cat1,15mph,lr,opposite,0,1624826316.895524000,/media/batool/MULTIMODAL_DATA/Multimodal_Data/Cat1/opposite/bag_files/Cat1_15mph_lr_opposite_0/lidar_pcd/ns1/velodyne_points/1624826316.895524000.pcd,/media/batool/MULTIMODAL_DATA/Multimodal_Data/Cat1/opposite/bag_files/Cat1_15mph_lr_opposite_0/camera_images/1624826316.90439.jpg,42.337783417887486,-71.0866640560034,6906,18,0,0,0,"[6684, 6760, 6906]","[18, 18, 18]",31.93616806129682,-38.360424195755314
Cat1,15mph,lr,opposite,0,1624826316.996364000,/media/batool/MULTIMODAL_DATA/Multimodal_Data/Cat1/opposite/bag_files/Cat1_15mph_lr_opposite_0/lidar_pcd/ns1/velodyne_points/1624826316.996364000.pcd,/media/batool/MULTIMODAL_DATA/Multimodal_Data/Cat1/opposite/bag_files/Cat1_15mph_lr_opposite_0/camera_images/1624826317.00439.jpg,42.337778638245744,-71.0866593641059,6906,18,0,0,0,"[6684, 6760, 6906]","[18, 18, 18]",32.32152269834721,-38.89149550041616
Cat1,15mph,lr,opposite,0,1624826317.097200000,/media/batool/MULTIMODAL_DATA/Multimodal_Data/Cat1/opposite/bag_files/Cat1_15mph_lr_opposite_0/lidar_pcd/ns1/velodyne_points/1624826317.097200000.pcd,/media/batool/MULTIMODAL_DATA/Multimodal_Data/Cat1/opposite/bag_files/Cat1_15mph_lr_opposite_0/camera_images/1624826317.10439.jpg,42.33777385880742,-71.08665467240805,6906,18,0,0,0,"[6684, 6760, 6906]","[18, 18, 18]",32.706860967183836,-39.422544203502085
Cat1,15mph,lr,opposite,0,1624826317.500661000,/media/batool/MULTIMODAL_DATA/Multimodal_Data/Cat1/opposite/bag_files/Cat1_15mph_lr_opposite_0/lidar_pcd/ns1/velodyne_points/1624826317.500661000.pcd,/media/batool/MULTIMODAL_DATA/Multimodal_Data/Cat1/opposite/bag_files/Cat1_15mph_lr_opposite_0/camera_images/1624826317.5043895.jpg,42.33776582424264,-71.08664415633648,6906,18,0,0,0,"[6684, 6760, 6906]","[18, 18, 18]",33.5705657677187,-40.31527362337152
Cat1,15mph,lr,opposite,0,1624826317.198110000,/media/batool/MULTIMODAL_DATA/Multimodal_Data/Cat1/opposite/bag_files/Cat1_15mph_lr_opposite_0/lidar_pcd/ns1/velodyne_points/1624826317.198110000.pcd,/media/batool/MULTIMODAL_DATA/Multimodal_Data/Cat1/opposite/bag_files/Cat1_15mph_lr_opposite_0/camera_images/1624826317.2043898.jpg,42.33777152764555,-71.08665180275074,6906,18,0,0,0,"[6684, 6760, 6906]","[18, 18, 18]",32.94255136198015,-39.681562188636434
Cat1,15mph,lr,opposite,0,1624826317.298927000,/media/batool/MULTIMODAL_DATA/Multimodal_Data/Cat1/opposite/bag_files/Cat1_15mph_lr_opposite_0/lidar_pcd/ns1/velodyne_points/1624826317.298927000.pcd,/media/batool/MULTIMODAL_DATA/Multimodal_Data/Cat1/opposite/bag_files/Cat1_15mph_lr_opposite_0/camera_images/1624826317.3043897.jpg,42.33776962713897,-71.08664925478756,6906,18,0,0,0,"[6684, 6760, 6906]","[18, 18, 18]",33.151820370652686,-39.89272958667319
Cat1,15mph,lr,opposite,0,1624826317.399808000,/media/batool/MULTIMODAL_DATA/Multimodal_Data/Cat1/opposite/bag_files/Cat1_15mph_lr_opposite_0/lidar_pcd/ns1/velodyne_points/1624826317.399808000.pcd,/media/batool/MULTIMODAL_DATA/Multimodal_Data/Cat1/opposite/bag_files/Cat1_15mph_lr_opposite_0/camera_images/1624826317.4043896.jpg,42.33776772542788,-71.08664670520952,6906,18,0,0,0,"[6684, 6760, 6906]","[18, 18, 18]",33.36122201753027,-40.104030818592186
Cat1,15mph,lr,opposite,0,1624826317.601497000,/media/batool/MULTIMODAL_DATA/Multimodal_Data/Cat1/opposite/bag_files/Cat1_15mph_lr_opposite_0/lidar_pcd/ns1/velodyne_points/1624826317.601497000.pcd,/media/batool/MULTIMODAL_DATA/Multimodal_Data/Cat1/opposite/bag_files/Cat1_15mph_lr_opposite_0/camera_images/1624826317.6043894.jpg,42.337763923376514,-71.08664160789125,6906,18,0,0,0,"[6684, 6760, 6906]","[18, 18, 18]",33.77987438675344,-40.52648097048935
Cat1,15mph,lr,opposite,0,1624826317.702381000,/media/batool/MULTIMODAL_DATA/Multimodal_Data/Cat1/opposite/bag_files/Cat1_15mph_lr_opposite_0/lidar_pcd/ns1/velodyne_points/1624826317.702381000.pcd,/media/batool/MULTIMODAL_DATA/Multimodal_Data/Cat1/opposite/bag_files/Cat1_15mph_lr_opposite_0/camera_images/1624826317.7043893.jpg,42.33776202160699,-71.08663905823488,6906,18,0,0,0,"[6684, 6760, 6906]","[18, 18, 18]",33.98928248603453,-40.73778869518997
Cat1,15mph,lr,opposite,0,1624826317.803248000,/media/batool/MULTIMODAL_DATA/Multimodal_Data/Cat1/opposite/bag_files/Cat1_15mph_lr_opposite_0/lidar_pcd/ns1/velodyne_points/1624826317.803248000.pcd,/media/batool/MULTIMODAL_DATA/Multimodal_Data/Cat1/opposite/bag_files/Cat1_15mph_lr_opposite_0/camera_images/1624826317.8043892.jpg,42.33776012015658,-71.08663650900631,6906,18,0,0,0,"[6684, 6760, 6906]","[18, 18, 18]",34.198655455330865,-40.94906096301858
Cat1,15mph,lr,opposite,0,1624826317.904086000,/media/batool/MULTIMODAL_DATA/Multimodal_Data/Cat1/opposite/bag_files/Cat1_15mph_lr_opposite_0/lidar_pcd/ns1/velodyne_points/1624826317.904086000.pcd,/media/batool/MULTIMODAL_DATA/Multimodal_Data/Cat1/opposite/bag_files/Cat1_15mph_lr_opposite_0/camera_images/1624826317.9043891.jpg,42.33775821925,-71.08663396050687,6906,18,0,0,0,"[6684, 6760, 6906]","[18, 18, 18]",34.407968546084064,-41.16027280550346
Cat1,15mph,lr,opposite,0,1624826318.004948000,/media/batool/MULTIMODAL_DATA/Multimodal_Data/Cat1/opposite/bag_files/Cat1_15mph_lr_opposite_0/lidar_pcd/ns1/velodyne_points/1624826318.004948000.pcd,/media/batool/MULTIMODAL_DATA/Multimodal_Data/Cat1/opposite/bag_files/Cat1_15mph_lr_opposite_0/camera_images/1624826318.004389.jpg,42.33775631789846,-71.08663141141088,6906,18,0,0,0,"[6684, 6760, 6906]","[18, 18, 18]",34.61733063956287,-41.371534087551886
Cat1,15mph,lr,opposite,0,1624826318.105825000,/media/batool/MULTIMODAL_DATA/Multimodal_Data/Cat1/opposite/bag_files/Cat1_15mph_lr_opposite_0/lidar_pcd/ns1/velodyne_points/1624826318.105825000.pcd,/media/batool/MULTIMODAL_DATA/Multimodal_Data/Cat1/opposite/bag_files/Cat1_15mph_lr_opposite_0/camera_images/1624826318.104389.jpg,42.337754851159055,-71.0866295178257,6906,18,0,0,0,"[6684, 6760, 6906]","[18, 18, 18]",34.7728544042838,-41.53450513260597
Cat1,15mph,lr,opposite,0,1624826318.206678000,/media/batool/MULTIMODAL_DATA/Multimodal_Data/Cat1/opposite/bag_files/Cat1_15mph_lr_opposite_0/lidar_pcd/ns1/velodyne_points/1624826318.206678000.pcd,/media/batool/MULTIMODAL_DATA/Multimodal_Data/Cat1/opposite/bag_files/Cat1_15mph_lr_opposite_0/camera_images/1624826318.2043889.jpg,42.337754224559696,-71.08662889122635,6906,18,0,0,0,"[6684, 6760, 6906]","[18, 18, 18]",34.824318244286694,-41.6041272836133
Cat1,15mph,lr,opposite,0,1624826318.307511000,/media/batool/MULTIMODAL_DATA/Multimodal_Data/Cat1/opposite/bag_files/Cat1_15mph_lr_opposite_0/lidar_pcd/ns1/velodyne_points/1624826318.307511000.pcd,/media/batool/MULTIMODAL_DATA/Multimodal_Data/Cat1/opposite/bag_files/Cat1_15mph_lr_opposite_0/camera_images/1624826318.3043888.jpg,42.33775359808329,-71.08662826474995,6906,18,0,0,0,"[6684, 6760, 6906]","[18, 18, 18]",34.87577198765329,-41.6737357732523
Cat1,15mph,lr,opposite,0,1624826318.408378000,/media/batool/MULTIMODAL_DATA/Multimodal_Data/Cat1/opposite/bag_files/Cat1_15mph_lr_opposite_0/lidar_pcd/ns1/velodyne_points/1624826318.408378000.pcd,/media/batool/MULTIMODAL_DATA/Multimodal_Data/Cat1/opposite/bag_files/Cat1_15mph_lr_opposite_0/camera_images/1624826318.4043887.jpg,42.33775297139802,-71.08662763806468,6906,18,0,0,0,"[6684, 6760, 6906]","[18, 18, 18]",34.927242885364635,-41.74336747000653
Cat1,15mph,lr,opposite,0,1624826318.509203000,/media/batool/MULTIMODAL_DATA/Multimodal_Data/Cat1/opposite/bag_files/Cat1_15mph_lr_opposite_0/lidar_pcd/ns1/velodyne_points/1624826318.509203000.pcd,/media/batool/MULTIMODAL_DATA/Multimodal_Data/Cat1/opposite/bag_files/Cat1_15mph_lr_opposite_0/camera_images/1624826318.5043886.jpg,42.33775234497198,-71.08662701163864,6906,18,0,0,0,"[6684, 6760, 6906]","[18, 18, 18]",34.97869249332184,-41.81297036293725
Cat1,15mph,lr,opposite,0,1624826318.610102000,/media/batool/MULTIMODAL_DATA/Multimodal_Data/Cat1/opposite/bag_files/Cat1_15mph_lr_opposite_0/lidar_pcd/ns1/velodyne_points/1624826318.610102000.pcd,/media/batool/MULTIMODAL_DATA/Multimodal_Data/Cat1/opposite/bag_files/Cat1_15mph_lr_opposite_0/camera_images/1624826318.5043886.jpg,42.337751718086736,-71.0866263847534,6906,18,0,0,0,"[6684, 6760, 6906]","[18, 18, 18]",35.03017981641288,-41.882624279152324
Cat1,15mph,lr,opposite,0,1624826318.710933000,/media/batool/MULTIMODAL_DATA/Multimodal_Data/Cat1/opposite/bag_files/Cat1_15mph_lr_opposite_0/lidar_pcd/ns1/velodyne_points/1624826318.710933000.pcd,/media/batool/MULTIMODAL_DATA/Multimodal_Data/Cat1/opposite/bag_files/Cat1_15mph_lr_opposite_0/camera_images/1624826318.5043886.jpg,42.33775109162365,-71.08662575829031,6906,18,0,0,0,"[6684, 6760, 6906]","[18, 18, 18]",35.08163246819618,-41.95223128849395
Cat1,15mph,lr,opposite,0,1624826318.811779000,/media/batool/MULTIMODAL_DATA/Multimodal_Data/Cat1/opposite/bag_files/Cat1_15mph_lr_opposite_0/lidar_pcd/ns1/velodyne_points/1624826318.811779000.pcd,/media/batool/MULTIMODAL_DATA/Multimodal_Data/Cat1/opposite/bag_files/Cat1_15mph_lr_opposite_0/camera_images/1624826318.5043886.jpg,42.33775046506726,-71.08662513173392,6906,18,0,0,0,"[6684, 6760, 6906]","[18, 18, 18]",35.133092782934256,-42.021848665443585
Cat1,15mph,lr,opposite,0,1624826318.912659000,/media/batool/MULTIMODAL_DATA/Multimodal_Data/Cat1/opposite/bag_files/Cat1_15mph_lr_opposite_0/lidar_pcd/ns1/velodyne_points/1624826318.912659000.pcd,/media/batool/MULTIMODAL_DATA/Multimodal_Data/Cat1/opposite/bag_files/Cat1_15mph_lr_opposite_0/camera_images/1624826318.5043886.jpg,42.33774983830051,-71.08662450496718,6906,18,0,0,0,"[6684, 6760, 6906]","[18, 18, 18]",35.184570375737614,-42.091489415301766
