Category,speed,direction,lane,episode,Time header,Image_path
Cat1,15mph,lr,opposite,9,1624828995.8979738,/media/batool/MULTIMODAL_DATA/Multimodal_Data/Cat1/opposite/bag_files/Cat1_15mph_lr_opposite_9/camera_images/1624828995.8979738.jpg
Cat1,15mph,lr,opposite,9,1624828995.931307,/media/batool/MULTIMODAL_DATA/Multimodal_Data/Cat1/opposite/bag_files/Cat1_15mph_lr_opposite_9/camera_images/1624828995.931307.jpg
Cat1,15mph,lr,opposite,9,1624828995.9646404,/media/batool/MULTIMODAL_DATA/Multimodal_Data/Cat1/opposite/bag_files/Cat1_15mph_lr_opposite_9/camera_images/1624828995.9646404.jpg
Cat1,15mph,lr,opposite,9,1624828995.9979737,/media/batool/MULTIMODAL_DATA/Multimodal_Data/Cat1/opposite/bag_files/Cat1_15mph_lr_opposite_9/camera_images/1624828995.9979737.jpg
Cat1,15mph,lr,opposite,9,1624828996.031307,/media/batool/MULTIMODAL_DATA/Multimodal_Data/Cat1/opposite/bag_files/Cat1_15mph_lr_opposite_9/camera_images/1624828996.031307.jpg
Cat1,15mph,lr,opposite,9,1624828996.0646403,/media/batool/MULTIMODAL_DATA/Multimodal_Data/Cat1/opposite/bag_files/Cat1_15mph_lr_opposite_9/camera_images/1624828996.0646403.jpg
Cat1,15mph,lr,opposite,9,1624828996.0979736,/media/batool/MULTIMODAL_DATA/Multimodal_Data/Cat1/opposite/bag_files/Cat1_15mph_lr_opposite_9/camera_images/1624828996.0979736.jpg
Cat1,15mph,lr,opposite,9,1624828996.131307,/media/batool/MULTIMODAL_DATA/Multimodal_Data/Cat1/opposite/bag_files/Cat1_15mph_lr_opposite_9/camera_images/1624828996.131307.jpg
Cat1,15mph,lr,opposite,9,1624828996.1646402,/media/batool/MULTIMODAL_DATA/Multimodal_Data/Cat1/opposite/bag_files/Cat1_15mph_lr_opposite_9/camera_images/1624828996.1646402.jpg
Cat1,15mph,lr,opposite,9,1624828996.1979735,/media/batool/MULTIMODAL_DATA/Multimodal_Data/Cat1/opposite/bag_files/Cat1_15mph_lr_opposite_9/camera_images/1624828996.1979735.jpg
Cat1,15mph,lr,opposite,9,1624828996.2313068,/media/batool/MULTIMODAL_DATA/Multimodal_Data/Cat1/opposite/bag_files/Cat1_15mph_lr_opposite_9/camera_images/1624828996.2313068.jpg
Cat1,15mph,lr,opposite,9,1624828996.26464,/media/batool/MULTIMODAL_DATA/Multimodal_Data/Cat1/opposite/bag_files/Cat1_15mph_lr_opposite_9/camera_images/1624828996.26464.jpg
Cat1,15mph,lr,opposite,9,1624828996.2979734,/media/batool/MULTIMODAL_DATA/Multimodal_Data/Cat1/opposite/bag_files/Cat1_15mph_lr_opposite_9/camera_images/1624828996.2979734.jpg
Cat1,15mph,lr,opposite,9,1624828996.3313067,/media/batool/MULTIMODAL_DATA/Multimodal_Data/Cat1/opposite/bag_files/Cat1_15mph_lr_opposite_9/camera_images/1624828996.3313067.jpg
Cat1,15mph,lr,opposite,9,1624828996.36464,/media/batool/MULTIMODAL_DATA/Multimodal_Data/Cat1/opposite/bag_files/Cat1_15mph_lr_opposite_9/camera_images/1624828996.36464.jpg
Cat1,15mph,lr,opposite,9,1624828996.4313066,/media/batool/MULTIMODAL_DATA/Multimodal_Data/Cat1/opposite/bag_files/Cat1_15mph_lr_opposite_9/camera_images/1624828996.4313066.jpg
Cat1,15mph,lr,opposite,9,1624828996.46464,/media/batool/MULTIMODAL_DATA/Multimodal_Data/Cat1/opposite/bag_files/Cat1_15mph_lr_opposite_9/camera_images/1624828996.46464.jpg
Cat1,15mph,lr,opposite,9,1624828996.4979732,/media/batool/MULTIMODAL_DATA/Multimodal_Data/Cat1/opposite/bag_files/Cat1_15mph_lr_opposite_9/camera_images/1624828996.4979732.jpg
Cat1,15mph,lr,opposite,9,1624828996.5313065,/media/batool/MULTIMODAL_DATA/Multimodal_Data/Cat1/opposite/bag_files/Cat1_15mph_lr_opposite_9/camera_images/1624828996.5313065.jpg
Cat1,15mph,lr,opposite,9,1624828996.5646398,/media/batool/MULTIMODAL_DATA/Multimodal_Data/Cat1/opposite/bag_files/Cat1_15mph_lr_opposite_9/camera_images/1624828996.5646398.jpg
Cat1,15mph,lr,opposite,9,1624828996.597973,/media/batool/MULTIMODAL_DATA/Multimodal_Data/Cat1/opposite/bag_files/Cat1_15mph_lr_opposite_9/camera_images/1624828996.597973.jpg
Cat1,15mph,lr,opposite,9,1624828996.6313064,/media/batool/MULTIMODAL_DATA/Multimodal_Data/Cat1/opposite/bag_files/Cat1_15mph_lr_opposite_9/camera_images/1624828996.6313064.jpg
Cat1,15mph,lr,opposite,9,1624828996.6646397,/media/batool/MULTIMODAL_DATA/Multimodal_Data/Cat1/opposite/bag_files/Cat1_15mph_lr_opposite_9/camera_images/1624828996.6646397.jpg
Cat1,15mph,lr,opposite,9,1624828996.697973,/media/batool/MULTIMODAL_DATA/Multimodal_Data/Cat1/opposite/bag_files/Cat1_15mph_lr_opposite_9/camera_images/1624828996.697973.jpg
Cat1,15mph,lr,opposite,9,1624828996.7313063,/media/batool/MULTIMODAL_DATA/Multimodal_Data/Cat1/opposite/bag_files/Cat1_15mph_lr_opposite_9/camera_images/1624828996.7313063.jpg
Cat1,15mph,lr,opposite,9,1624828996.7646396,/media/batool/MULTIMODAL_DATA/Multimodal_Data/Cat1/opposite/bag_files/Cat1_15mph_lr_opposite_9/camera_images/1624828996.7646396.jpg
Cat1,15mph,lr,opposite,9,1624828996.797973,/media/batool/MULTIMODAL_DATA/Multimodal_Data/Cat1/opposite/bag_files/Cat1_15mph_lr_opposite_9/camera_images/1624828996.797973.jpg
Cat1,15mph,lr,opposite,9,1624828996.8313062,/media/batool/MULTIMODAL_DATA/Multimodal_Data/Cat1/opposite/bag_files/Cat1_15mph_lr_opposite_9/camera_images/1624828996.8313062.jpg
Cat1,15mph,lr,opposite,9,1624828996.8646395,/media/batool/MULTIMODAL_DATA/Multimodal_Data/Cat1/opposite/bag_files/Cat1_15mph_lr_opposite_9/camera_images/1624828996.8646395.jpg
Cat1,15mph,lr,opposite,9,1624828996.8979728,/media/batool/MULTIMODAL_DATA/Multimodal_Data/Cat1/opposite/bag_files/Cat1_15mph_lr_opposite_9/camera_images/1624828996.8979728.jpg
Cat1,15mph,lr,opposite,9,1624828996.9646394,/media/batool/MULTIMODAL_DATA/Multimodal_Data/Cat1/opposite/bag_files/Cat1_15mph_lr_opposite_9/camera_images/1624828996.9646394.jpg
Cat1,15mph,lr,opposite,9,1624828996.9979727,/media/batool/MULTIMODAL_DATA/Multimodal_Data/Cat1/opposite/bag_files/Cat1_15mph_lr_opposite_9/camera_images/1624828996.9979727.jpg
Cat1,15mph,lr,opposite,9,1624828997.031306,/media/batool/MULTIMODAL_DATA/Multimodal_Data/Cat1/opposite/bag_files/Cat1_15mph_lr_opposite_9/camera_images/1624828997.031306.jpg
Cat1,15mph,lr,opposite,9,1624828997.0646393,/media/batool/MULTIMODAL_DATA/Multimodal_Data/Cat1/opposite/bag_files/Cat1_15mph_lr_opposite_9/camera_images/1624828997.0646393.jpg
Cat1,15mph,lr,opposite,9,1624828997.0979726,/media/batool/MULTIMODAL_DATA/Multimodal_Data/Cat1/opposite/bag_files/Cat1_15mph_lr_opposite_9/camera_images/1624828997.0979726.jpg
Cat1,15mph,lr,opposite,9,1624828997.131306,/media/batool/MULTIMODAL_DATA/Multimodal_Data/Cat1/opposite/bag_files/Cat1_15mph_lr_opposite_9/camera_images/1624828997.131306.jpg
Cat1,15mph,lr,opposite,9,1624828997.1646392,/media/batool/MULTIMODAL_DATA/Multimodal_Data/Cat1/opposite/bag_files/Cat1_15mph_lr_opposite_9/camera_images/1624828997.1646392.jpg
Cat1,15mph,lr,opposite,9,1624828997.1979725,/media/batool/MULTIMODAL_DATA/Multimodal_Data/Cat1/opposite/bag_files/Cat1_15mph_lr_opposite_9/camera_images/1624828997.1979725.jpg
Cat1,15mph,lr,opposite,9,1624828997.2313058,/media/batool/MULTIMODAL_DATA/Multimodal_Data/Cat1/opposite/bag_files/Cat1_15mph_lr_opposite_9/camera_images/1624828997.2313058.jpg
Cat1,15mph,lr,opposite,9,1624828997.2646391,/media/batool/MULTIMODAL_DATA/Multimodal_Data/Cat1/opposite/bag_files/Cat1_15mph_lr_opposite_9/camera_images/1624828997.2646391.jpg
Cat1,15mph,lr,opposite,9,1624828997.2979724,/media/batool/MULTIMODAL_DATA/Multimodal_Data/Cat1/opposite/bag_files/Cat1_15mph_lr_opposite_9/camera_images/1624828997.2979724.jpg
Cat1,15mph,lr,opposite,9,1624828997.3313057,/media/batool/MULTIMODAL_DATA/Multimodal_Data/Cat1/opposite/bag_files/Cat1_15mph_lr_opposite_9/camera_images/1624828997.3313057.jpg
Cat1,15mph,lr,opposite,9,1624828997.364639,/media/batool/MULTIMODAL_DATA/Multimodal_Data/Cat1/opposite/bag_files/Cat1_15mph_lr_opposite_9/camera_images/1624828997.364639.jpg
Cat1,15mph,lr,opposite,9,1624828997.3979723,/media/batool/MULTIMODAL_DATA/Multimodal_Data/Cat1/opposite/bag_files/Cat1_15mph_lr_opposite_9/camera_images/1624828997.3979723.jpg
Cat1,15mph,lr,opposite,9,1624828997.4313056,/media/batool/MULTIMODAL_DATA/Multimodal_Data/Cat1/opposite/bag_files/Cat1_15mph_lr_opposite_9/camera_images/1624828997.4313056.jpg
Cat1,15mph,lr,opposite,9,1624828997.4979722,/media/batool/MULTIMODAL_DATA/Multimodal_Data/Cat1/opposite/bag_files/Cat1_15mph_lr_opposite_9/camera_images/1624828997.4979722.jpg
Cat1,15mph,lr,opposite,9,1624828997.5313056,/media/batool/MULTIMODAL_DATA/Multimodal_Data/Cat1/opposite/bag_files/Cat1_15mph_lr_opposite_9/camera_images/1624828997.5313056.jpg
Cat1,15mph,lr,opposite,9,1624828997.5646389,/media/batool/MULTIMODAL_DATA/Multimodal_Data/Cat1/opposite/bag_files/Cat1_15mph_lr_opposite_9/camera_images/1624828997.5646389.jpg
Cat1,15mph,lr,opposite,9,1624828997.5979722,/media/batool/MULTIMODAL_DATA/Multimodal_Data/Cat1/opposite/bag_files/Cat1_15mph_lr_opposite_9/camera_images/1624828997.5979722.jpg
Cat1,15mph,lr,opposite,9,1624828997.6313055,/media/batool/MULTIMODAL_DATA/Multimodal_Data/Cat1/opposite/bag_files/Cat1_15mph_lr_opposite_9/camera_images/1624828997.6313055.jpg
Cat1,15mph,lr,opposite,9,1624828997.6646388,/media/batool/MULTIMODAL_DATA/Multimodal_Data/Cat1/opposite/bag_files/Cat1_15mph_lr_opposite_9/camera_images/1624828997.6646388.jpg
Cat1,15mph,lr,opposite,9,1624828997.697972,/media/batool/MULTIMODAL_DATA/Multimodal_Data/Cat1/opposite/bag_files/Cat1_15mph_lr_opposite_9/camera_images/1624828997.697972.jpg
Cat1,15mph,lr,opposite,9,1624828997.7313054,/media/batool/MULTIMODAL_DATA/Multimodal_Data/Cat1/opposite/bag_files/Cat1_15mph_lr_opposite_9/camera_images/1624828997.7313054.jpg
Cat1,15mph,lr,opposite,9,1624828997.7646387,/media/batool/MULTIMODAL_DATA/Multimodal_Data/Cat1/opposite/bag_files/Cat1_15mph_lr_opposite_9/camera_images/1624828997.7646387.jpg
Cat1,15mph,lr,opposite,9,1624828997.797972,/media/batool/MULTIMODAL_DATA/Multimodal_Data/Cat1/opposite/bag_files/Cat1_15mph_lr_opposite_9/camera_images/1624828997.797972.jpg
Cat1,15mph,lr,opposite,9,1624828997.8313053,/media/batool/MULTIMODAL_DATA/Multimodal_Data/Cat1/opposite/bag_files/Cat1_15mph_lr_opposite_9/camera_images/1624828997.8313053.jpg
Cat1,15mph,lr,opposite,9,1624828997.8646386,/media/batool/MULTIMODAL_DATA/Multimodal_Data/Cat1/opposite/bag_files/Cat1_15mph_lr_opposite_9/camera_images/1624828997.8646386.jpg
Cat1,15mph,lr,opposite,9,1624828997.8979719,/media/batool/MULTIMODAL_DATA/Multimodal_Data/Cat1/opposite/bag_files/Cat1_15mph_lr_opposite_9/camera_images/1624828997.8979719.jpg
Cat1,15mph,lr,opposite,9,1624828997.9313052,/media/batool/MULTIMODAL_DATA/Multimodal_Data/Cat1/opposite/bag_files/Cat1_15mph_lr_opposite_9/camera_images/1624828997.9313052.jpg
Cat1,15mph,lr,opposite,9,1624828997.9646385,/media/batool/MULTIMODAL_DATA/Multimodal_Data/Cat1/opposite/bag_files/Cat1_15mph_lr_opposite_9/camera_images/1624828997.9646385.jpg
Cat1,15mph,lr,opposite,9,1624828996.3979733,/media/batool/MULTIMODAL_DATA/Multimodal_Data/Cat1/opposite/bag_files/Cat1_15mph_lr_opposite_9/camera_images/1624828996.3979733.jpg
Cat1,15mph,lr,opposite,9,1624828996.9313061,/media/batool/MULTIMODAL_DATA/Multimodal_Data/Cat1/opposite/bag_files/Cat1_15mph_lr_opposite_9/camera_images/1624828996.9313061.jpg
Cat1,15mph,lr,opposite,9,1624828997.464639,/media/batool/MULTIMODAL_DATA/Multimodal_Data/Cat1/opposite/bag_files/Cat1_15mph_lr_opposite_9/camera_images/1624828997.464639.jpg
Cat1,15mph,lr,opposite,9,1624828997.9979718,/media/batool/MULTIMODAL_DATA/Multimodal_Data/Cat1/opposite/bag_files/Cat1_15mph_lr_opposite_9/camera_images/1624828997.9979718.jpg
Cat1,15mph,lr,opposite,9,1624828998.5313046,/media/batool/MULTIMODAL_DATA/Multimodal_Data/Cat1/opposite/bag_files/Cat1_15mph_lr_opposite_9/camera_images/1624828998.5313046.jpg
Cat1,15mph,lr,opposite,9,1624828999.0646374,/media/batool/MULTIMODAL_DATA/Multimodal_Data/Cat1/opposite/bag_files/Cat1_15mph_lr_opposite_9/camera_images/1624828999.0646374.jpg
Cat1,15mph,lr,opposite,9,1624828999.5979702,/media/batool/MULTIMODAL_DATA/Multimodal_Data/Cat1/opposite/bag_files/Cat1_15mph_lr_opposite_9/camera_images/1624828999.5979702.jpg
Cat1,15mph,lr,opposite,9,1624829000.131303,/media/batool/MULTIMODAL_DATA/Multimodal_Data/Cat1/opposite/bag_files/Cat1_15mph_lr_opposite_9/camera_images/1624829000.131303.jpg
Cat1,15mph,lr,opposite,9,1624829000.664636,/media/batool/MULTIMODAL_DATA/Multimodal_Data/Cat1/opposite/bag_files/Cat1_15mph_lr_opposite_9/camera_images/1624829000.664636.jpg
Cat1,15mph,lr,opposite,9,1624829001.1979687,/media/batool/MULTIMODAL_DATA/Multimodal_Data/Cat1/opposite/bag_files/Cat1_15mph_lr_opposite_9/camera_images/1624829001.1979687.jpg
Cat1,15mph,lr,opposite,9,1624829001.7313015,/media/batool/MULTIMODAL_DATA/Multimodal_Data/Cat1/opposite/bag_files/Cat1_15mph_lr_opposite_9/camera_images/1624829001.7313015.jpg
Cat1,15mph,lr,opposite,9,1624829002.2646344,/media/batool/MULTIMODAL_DATA/Multimodal_Data/Cat1/opposite/bag_files/Cat1_15mph_lr_opposite_9/camera_images/1624829002.2646344.jpg
Cat1,15mph,lr,opposite,9,1624829002.7979672,/media/batool/MULTIMODAL_DATA/Multimodal_Data/Cat1/opposite/bag_files/Cat1_15mph_lr_opposite_9/camera_images/1624829002.7979672.jpg
Cat1,15mph,lr,opposite,9,1624829003.3313,/media/batool/MULTIMODAL_DATA/Multimodal_Data/Cat1/opposite/bag_files/Cat1_15mph_lr_opposite_9/camera_images/1624829003.3313.jpg
Cat1,15mph,lr,opposite,9,1624829003.8646328,/media/batool/MULTIMODAL_DATA/Multimodal_Data/Cat1/opposite/bag_files/Cat1_15mph_lr_opposite_9/camera_images/1624829003.8646328.jpg
Cat1,15mph,lr,opposite,9,1624829004.3979657,/media/batool/MULTIMODAL_DATA/Multimodal_Data/Cat1/opposite/bag_files/Cat1_15mph_lr_opposite_9/camera_images/1624829004.3979657.jpg
Cat1,15mph,lr,opposite,9,1624829004.9312985,/media/batool/MULTIMODAL_DATA/Multimodal_Data/Cat1/opposite/bag_files/Cat1_15mph_lr_opposite_9/camera_images/1624829004.9312985.jpg
Cat1,15mph,lr,opposite,9,1624829005.4646313,/media/batool/MULTIMODAL_DATA/Multimodal_Data/Cat1/opposite/bag_files/Cat1_15mph_lr_opposite_9/camera_images/1624829005.4646313.jpg
Cat1,15mph,lr,opposite,9,1624829005.9979641,/media/batool/MULTIMODAL_DATA/Multimodal_Data/Cat1/opposite/bag_files/Cat1_15mph_lr_opposite_9/camera_images/1624829005.9979641.jpg
Cat1,15mph,lr,opposite,9,1624829006.531297,/media/batool/MULTIMODAL_DATA/Multimodal_Data/Cat1/opposite/bag_files/Cat1_15mph_lr_opposite_9/camera_images/1624829006.531297.jpg
Cat1,15mph,lr,opposite,9,1624829007.0646298,/media/batool/MULTIMODAL_DATA/Multimodal_Data/Cat1/opposite/bag_files/Cat1_15mph_lr_opposite_9/camera_images/1624829007.0646298.jpg
Cat1,15mph,lr,opposite,9,1624829007.5979626,/media/batool/MULTIMODAL_DATA/Multimodal_Data/Cat1/opposite/bag_files/Cat1_15mph_lr_opposite_9/camera_images/1624829007.5979626.jpg
Cat1,15mph,lr,opposite,9,1624829008.1312954,/media/batool/MULTIMODAL_DATA/Multimodal_Data/Cat1/opposite/bag_files/Cat1_15mph_lr_opposite_9/camera_images/1624829008.1312954.jpg
Cat1,15mph,lr,opposite,9,1624829008.6646283,/media/batool/MULTIMODAL_DATA/Multimodal_Data/Cat1/opposite/bag_files/Cat1_15mph_lr_opposite_9/camera_images/1624829008.6646283.jpg
Cat1,15mph,lr,opposite,9,1624829009.197961,/media/batool/MULTIMODAL_DATA/Multimodal_Data/Cat1/opposite/bag_files/Cat1_15mph_lr_opposite_9/camera_images/1624829009.197961.jpg
Cat1,15mph,lr,opposite,9,1624829009.731294,/media/batool/MULTIMODAL_DATA/Multimodal_Data/Cat1/opposite/bag_files/Cat1_15mph_lr_opposite_9/camera_images/1624829009.731294.jpg
Cat1,15mph,lr,opposite,9,1624829010.2646267,/media/batool/MULTIMODAL_DATA/Multimodal_Data/Cat1/opposite/bag_files/Cat1_15mph_lr_opposite_9/camera_images/1624829010.2646267.jpg
Cat1,15mph,lr,opposite,9,1624828998.031305,/media/batool/MULTIMODAL_DATA/Multimodal_Data/Cat1/opposite/bag_files/Cat1_15mph_lr_opposite_9/camera_images/1624828998.031305.jpg
Cat1,15mph,lr,opposite,9,1624828998.0646384,/media/batool/MULTIMODAL_DATA/Multimodal_Data/Cat1/opposite/bag_files/Cat1_15mph_lr_opposite_9/camera_images/1624828998.0646384.jpg
Cat1,15mph,lr,opposite,9,1624828998.0979717,/media/batool/MULTIMODAL_DATA/Multimodal_Data/Cat1/opposite/bag_files/Cat1_15mph_lr_opposite_9/camera_images/1624828998.0979717.jpg
Cat1,15mph,lr,opposite,9,1624828998.131305,/media/batool/MULTIMODAL_DATA/Multimodal_Data/Cat1/opposite/bag_files/Cat1_15mph_lr_opposite_9/camera_images/1624828998.131305.jpg
Cat1,15mph,lr,opposite,9,1624828998.1646383,/media/batool/MULTIMODAL_DATA/Multimodal_Data/Cat1/opposite/bag_files/Cat1_15mph_lr_opposite_9/camera_images/1624828998.1646383.jpg
Cat1,15mph,lr,opposite,9,1624828998.1979716,/media/batool/MULTIMODAL_DATA/Multimodal_Data/Cat1/opposite/bag_files/Cat1_15mph_lr_opposite_9/camera_images/1624828998.1979716.jpg
Cat1,15mph,lr,opposite,9,1624828998.231305,/media/batool/MULTIMODAL_DATA/Multimodal_Data/Cat1/opposite/bag_files/Cat1_15mph_lr_opposite_9/camera_images/1624828998.231305.jpg
Cat1,15mph,lr,opposite,9,1624828998.2646382,/media/batool/MULTIMODAL_DATA/Multimodal_Data/Cat1/opposite/bag_files/Cat1_15mph_lr_opposite_9/camera_images/1624828998.2646382.jpg
Cat1,15mph,lr,opposite,9,1624828998.2979715,/media/batool/MULTIMODAL_DATA/Multimodal_Data/Cat1/opposite/bag_files/Cat1_15mph_lr_opposite_9/camera_images/1624828998.2979715.jpg
Cat1,15mph,lr,opposite,9,1624828998.3313048,/media/batool/MULTIMODAL_DATA/Multimodal_Data/Cat1/opposite/bag_files/Cat1_15mph_lr_opposite_9/camera_images/1624828998.3313048.jpg
Cat1,15mph,lr,opposite,9,1624828998.364638,/media/batool/MULTIMODAL_DATA/Multimodal_Data/Cat1/opposite/bag_files/Cat1_15mph_lr_opposite_9/camera_images/1624828998.364638.jpg
Cat1,15mph,lr,opposite,9,1624828998.3979714,/media/batool/MULTIMODAL_DATA/Multimodal_Data/Cat1/opposite/bag_files/Cat1_15mph_lr_opposite_9/camera_images/1624828998.3979714.jpg
Cat1,15mph,lr,opposite,9,1624828998.4313047,/media/batool/MULTIMODAL_DATA/Multimodal_Data/Cat1/opposite/bag_files/Cat1_15mph_lr_opposite_9/camera_images/1624828998.4313047.jpg
Cat1,15mph,lr,opposite,9,1624828998.464638,/media/batool/MULTIMODAL_DATA/Multimodal_Data/Cat1/opposite/bag_files/Cat1_15mph_lr_opposite_9/camera_images/1624828998.464638.jpg
Cat1,15mph,lr,opposite,9,1624828998.4979713,/media/batool/MULTIMODAL_DATA/Multimodal_Data/Cat1/opposite/bag_files/Cat1_15mph_lr_opposite_9/camera_images/1624828998.4979713.jpg
Cat1,15mph,lr,opposite,9,1624828998.564638,/media/batool/MULTIMODAL_DATA/Multimodal_Data/Cat1/opposite/bag_files/Cat1_15mph_lr_opposite_9/camera_images/1624828998.564638.jpg
Cat1,15mph,lr,opposite,9,1624828998.5979712,/media/batool/MULTIMODAL_DATA/Multimodal_Data/Cat1/opposite/bag_files/Cat1_15mph_lr_opposite_9/camera_images/1624828998.5979712.jpg
Cat1,15mph,lr,opposite,9,1624828998.6313045,/media/batool/MULTIMODAL_DATA/Multimodal_Data/Cat1/opposite/bag_files/Cat1_15mph_lr_opposite_9/camera_images/1624828998.6313045.jpg
Cat1,15mph,lr,opposite,9,1624828998.6646378,/media/batool/MULTIMODAL_DATA/Multimodal_Data/Cat1/opposite/bag_files/Cat1_15mph_lr_opposite_9/camera_images/1624828998.6646378.jpg
Cat1,15mph,lr,opposite,9,1624828998.697971,/media/batool/MULTIMODAL_DATA/Multimodal_Data/Cat1/opposite/bag_files/Cat1_15mph_lr_opposite_9/camera_images/1624828998.697971.jpg
Cat1,15mph,lr,opposite,9,1624828998.7313044,/media/batool/MULTIMODAL_DATA/Multimodal_Data/Cat1/opposite/bag_files/Cat1_15mph_lr_opposite_9/camera_images/1624828998.7313044.jpg
Cat1,15mph,lr,opposite,9,1624828998.7646377,/media/batool/MULTIMODAL_DATA/Multimodal_Data/Cat1/opposite/bag_files/Cat1_15mph_lr_opposite_9/camera_images/1624828998.7646377.jpg
Cat1,15mph,lr,opposite,9,1624828998.797971,/media/batool/MULTIMODAL_DATA/Multimodal_Data/Cat1/opposite/bag_files/Cat1_15mph_lr_opposite_9/camera_images/1624828998.797971.jpg
Cat1,15mph,lr,opposite,9,1624828998.8313043,/media/batool/MULTIMODAL_DATA/Multimodal_Data/Cat1/opposite/bag_files/Cat1_15mph_lr_opposite_9/camera_images/1624828998.8313043.jpg
Cat1,15mph,lr,opposite,9,1624828998.8646376,/media/batool/MULTIMODAL_DATA/Multimodal_Data/Cat1/opposite/bag_files/Cat1_15mph_lr_opposite_9/camera_images/1624828998.8646376.jpg
Cat1,15mph,lr,opposite,9,1624828998.897971,/media/batool/MULTIMODAL_DATA/Multimodal_Data/Cat1/opposite/bag_files/Cat1_15mph_lr_opposite_9/camera_images/1624828998.897971.jpg
Cat1,15mph,lr,opposite,9,1624828998.9313042,/media/batool/MULTIMODAL_DATA/Multimodal_Data/Cat1/opposite/bag_files/Cat1_15mph_lr_opposite_9/camera_images/1624828998.9313042.jpg
Cat1,15mph,lr,opposite,9,1624828998.9646375,/media/batool/MULTIMODAL_DATA/Multimodal_Data/Cat1/opposite/bag_files/Cat1_15mph_lr_opposite_9/camera_images/1624828998.9646375.jpg
Cat1,15mph,lr,opposite,9,1624828998.9979708,/media/batool/MULTIMODAL_DATA/Multimodal_Data/Cat1/opposite/bag_files/Cat1_15mph_lr_opposite_9/camera_images/1624828998.9979708.jpg
Cat1,15mph,lr,opposite,9,1624828999.0313041,/media/batool/MULTIMODAL_DATA/Multimodal_Data/Cat1/opposite/bag_files/Cat1_15mph_lr_opposite_9/camera_images/1624828999.0313041.jpg
Cat1,15mph,lr,opposite,9,1624828999.0979707,/media/batool/MULTIMODAL_DATA/Multimodal_Data/Cat1/opposite/bag_files/Cat1_15mph_lr_opposite_9/camera_images/1624828999.0979707.jpg
Cat1,15mph,lr,opposite,9,1624828999.131304,/media/batool/MULTIMODAL_DATA/Multimodal_Data/Cat1/opposite/bag_files/Cat1_15mph_lr_opposite_9/camera_images/1624828999.131304.jpg
Cat1,15mph,lr,opposite,9,1624828999.1646373,/media/batool/MULTIMODAL_DATA/Multimodal_Data/Cat1/opposite/bag_files/Cat1_15mph_lr_opposite_9/camera_images/1624828999.1646373.jpg
Cat1,15mph,lr,opposite,9,1624828999.1979706,/media/batool/MULTIMODAL_DATA/Multimodal_Data/Cat1/opposite/bag_files/Cat1_15mph_lr_opposite_9/camera_images/1624828999.1979706.jpg
Cat1,15mph,lr,opposite,9,1624828999.231304,/media/batool/MULTIMODAL_DATA/Multimodal_Data/Cat1/opposite/bag_files/Cat1_15mph_lr_opposite_9/camera_images/1624828999.231304.jpg
Cat1,15mph,lr,opposite,9,1624828999.2646372,/media/batool/MULTIMODAL_DATA/Multimodal_Data/Cat1/opposite/bag_files/Cat1_15mph_lr_opposite_9/camera_images/1624828999.2646372.jpg
Cat1,15mph,lr,opposite,9,1624828999.2979705,/media/batool/MULTIMODAL_DATA/Multimodal_Data/Cat1/opposite/bag_files/Cat1_15mph_lr_opposite_9/camera_images/1624828999.2979705.jpg
Cat1,15mph,lr,opposite,9,1624828999.3313038,/media/batool/MULTIMODAL_DATA/Multimodal_Data/Cat1/opposite/bag_files/Cat1_15mph_lr_opposite_9/camera_images/1624828999.3313038.jpg
Cat1,15mph,lr,opposite,9,1624828999.3646371,/media/batool/MULTIMODAL_DATA/Multimodal_Data/Cat1/opposite/bag_files/Cat1_15mph_lr_opposite_9/camera_images/1624828999.3646371.jpg
Cat1,15mph,lr,opposite,9,1624828999.3979704,/media/batool/MULTIMODAL_DATA/Multimodal_Data/Cat1/opposite/bag_files/Cat1_15mph_lr_opposite_9/camera_images/1624828999.3979704.jpg
Cat1,15mph,lr,opposite,9,1624828999.4313037,/media/batool/MULTIMODAL_DATA/Multimodal_Data/Cat1/opposite/bag_files/Cat1_15mph_lr_opposite_9/camera_images/1624828999.4313037.jpg
Cat1,15mph,lr,opposite,9,1624828999.464637,/media/batool/MULTIMODAL_DATA/Multimodal_Data/Cat1/opposite/bag_files/Cat1_15mph_lr_opposite_9/camera_images/1624828999.464637.jpg
Cat1,15mph,lr,opposite,9,1624828999.4979703,/media/batool/MULTIMODAL_DATA/Multimodal_Data/Cat1/opposite/bag_files/Cat1_15mph_lr_opposite_9/camera_images/1624828999.4979703.jpg
Cat1,15mph,lr,opposite,9,1624828999.5313036,/media/batool/MULTIMODAL_DATA/Multimodal_Data/Cat1/opposite/bag_files/Cat1_15mph_lr_opposite_9/camera_images/1624828999.5313036.jpg
Cat1,15mph,lr,opposite,9,1624828999.564637,/media/batool/MULTIMODAL_DATA/Multimodal_Data/Cat1/opposite/bag_files/Cat1_15mph_lr_opposite_9/camera_images/1624828999.564637.jpg
Cat1,15mph,lr,opposite,9,1624828999.6313035,/media/batool/MULTIMODAL_DATA/Multimodal_Data/Cat1/opposite/bag_files/Cat1_15mph_lr_opposite_9/camera_images/1624828999.6313035.jpg
Cat1,15mph,lr,opposite,9,1624828999.6646369,/media/batool/MULTIMODAL_DATA/Multimodal_Data/Cat1/opposite/bag_files/Cat1_15mph_lr_opposite_9/camera_images/1624828999.6646369.jpg
Cat1,15mph,lr,opposite,9,1624828999.6979702,/media/batool/MULTIMODAL_DATA/Multimodal_Data/Cat1/opposite/bag_files/Cat1_15mph_lr_opposite_9/camera_images/1624828999.6979702.jpg
Cat1,15mph,lr,opposite,9,1624828999.7313035,/media/batool/MULTIMODAL_DATA/Multimodal_Data/Cat1/opposite/bag_files/Cat1_15mph_lr_opposite_9/camera_images/1624828999.7313035.jpg
Cat1,15mph,lr,opposite,9,1624828999.7646368,/media/batool/MULTIMODAL_DATA/Multimodal_Data/Cat1/opposite/bag_files/Cat1_15mph_lr_opposite_9/camera_images/1624828999.7646368.jpg
Cat1,15mph,lr,opposite,9,1624828999.79797,/media/batool/MULTIMODAL_DATA/Multimodal_Data/Cat1/opposite/bag_files/Cat1_15mph_lr_opposite_9/camera_images/1624828999.79797.jpg
Cat1,15mph,lr,opposite,9,1624828999.8313034,/media/batool/MULTIMODAL_DATA/Multimodal_Data/Cat1/opposite/bag_files/Cat1_15mph_lr_opposite_9/camera_images/1624828999.8313034.jpg
Cat1,15mph,lr,opposite,9,1624828999.8646367,/media/batool/MULTIMODAL_DATA/Multimodal_Data/Cat1/opposite/bag_files/Cat1_15mph_lr_opposite_9/camera_images/1624828999.8646367.jpg
Cat1,15mph,lr,opposite,9,1624828999.89797,/media/batool/MULTIMODAL_DATA/Multimodal_Data/Cat1/opposite/bag_files/Cat1_15mph_lr_opposite_9/camera_images/1624828999.89797.jpg
Cat1,15mph,lr,opposite,9,1624828999.9313033,/media/batool/MULTIMODAL_DATA/Multimodal_Data/Cat1/opposite/bag_files/Cat1_15mph_lr_opposite_9/camera_images/1624828999.9313033.jpg
Cat1,15mph,lr,opposite,9,1624828999.9646366,/media/batool/MULTIMODAL_DATA/Multimodal_Data/Cat1/opposite/bag_files/Cat1_15mph_lr_opposite_9/camera_images/1624828999.9646366.jpg
Cat1,15mph,lr,opposite,9,1624828999.9979699,/media/batool/MULTIMODAL_DATA/Multimodal_Data/Cat1/opposite/bag_files/Cat1_15mph_lr_opposite_9/camera_images/1624828999.9979699.jpg
Cat1,15mph,lr,opposite,9,1624829000.0313032,/media/batool/MULTIMODAL_DATA/Multimodal_Data/Cat1/opposite/bag_files/Cat1_15mph_lr_opposite_9/camera_images/1624829000.0313032.jpg
Cat1,15mph,lr,opposite,9,1624829000.0646365,/media/batool/MULTIMODAL_DATA/Multimodal_Data/Cat1/opposite/bag_files/Cat1_15mph_lr_opposite_9/camera_images/1624829000.0646365.jpg
Cat1,15mph,lr,opposite,9,1624829000.0979698,/media/batool/MULTIMODAL_DATA/Multimodal_Data/Cat1/opposite/bag_files/Cat1_15mph_lr_opposite_9/camera_images/1624829000.0979698.jpg
Cat1,15mph,lr,opposite,9,1624829000.1646364,/media/batool/MULTIMODAL_DATA/Multimodal_Data/Cat1/opposite/bag_files/Cat1_15mph_lr_opposite_9/camera_images/1624829000.1646364.jpg
Cat1,15mph,lr,opposite,9,1624829000.1979697,/media/batool/MULTIMODAL_DATA/Multimodal_Data/Cat1/opposite/bag_files/Cat1_15mph_lr_opposite_9/camera_images/1624829000.1979697.jpg
Cat1,15mph,lr,opposite,9,1624829000.231303,/media/batool/MULTIMODAL_DATA/Multimodal_Data/Cat1/opposite/bag_files/Cat1_15mph_lr_opposite_9/camera_images/1624829000.231303.jpg
Cat1,15mph,lr,opposite,9,1624829000.2646363,/media/batool/MULTIMODAL_DATA/Multimodal_Data/Cat1/opposite/bag_files/Cat1_15mph_lr_opposite_9/camera_images/1624829000.2646363.jpg
Cat1,15mph,lr,opposite,9,1624829000.2979696,/media/batool/MULTIMODAL_DATA/Multimodal_Data/Cat1/opposite/bag_files/Cat1_15mph_lr_opposite_9/camera_images/1624829000.2979696.jpg
Cat1,15mph,lr,opposite,9,1624829000.331303,/media/batool/MULTIMODAL_DATA/Multimodal_Data/Cat1/opposite/bag_files/Cat1_15mph_lr_opposite_9/camera_images/1624829000.331303.jpg
Cat1,15mph,lr,opposite,9,1624829000.3646362,/media/batool/MULTIMODAL_DATA/Multimodal_Data/Cat1/opposite/bag_files/Cat1_15mph_lr_opposite_9/camera_images/1624829000.3646362.jpg
Cat1,15mph,lr,opposite,9,1624829000.3979695,/media/batool/MULTIMODAL_DATA/Multimodal_Data/Cat1/opposite/bag_files/Cat1_15mph_lr_opposite_9/camera_images/1624829000.3979695.jpg
Cat1,15mph,lr,opposite,9,1624829000.4313028,/media/batool/MULTIMODAL_DATA/Multimodal_Data/Cat1/opposite/bag_files/Cat1_15mph_lr_opposite_9/camera_images/1624829000.4313028.jpg
Cat1,15mph,lr,opposite,9,1624829000.464636,/media/batool/MULTIMODAL_DATA/Multimodal_Data/Cat1/opposite/bag_files/Cat1_15mph_lr_opposite_9/camera_images/1624829000.464636.jpg
Cat1,15mph,lr,opposite,9,1624829000.4979694,/media/batool/MULTIMODAL_DATA/Multimodal_Data/Cat1/opposite/bag_files/Cat1_15mph_lr_opposite_9/camera_images/1624829000.4979694.jpg
Cat1,15mph,lr,opposite,9,1624829000.5313027,/media/batool/MULTIMODAL_DATA/Multimodal_Data/Cat1/opposite/bag_files/Cat1_15mph_lr_opposite_9/camera_images/1624829000.5313027.jpg
Cat1,15mph,lr,opposite,9,1624829000.564636,/media/batool/MULTIMODAL_DATA/Multimodal_Data/Cat1/opposite/bag_files/Cat1_15mph_lr_opposite_9/camera_images/1624829000.564636.jpg
Cat1,15mph,lr,opposite,9,1624829000.5979693,/media/batool/MULTIMODAL_DATA/Multimodal_Data/Cat1/opposite/bag_files/Cat1_15mph_lr_opposite_9/camera_images/1624829000.5979693.jpg
Cat1,15mph,lr,opposite,9,1624829000.6313026,/media/batool/MULTIMODAL_DATA/Multimodal_Data/Cat1/opposite/bag_files/Cat1_15mph_lr_opposite_9/camera_images/1624829000.6313026.jpg
Cat1,15mph,lr,opposite,9,1624829000.6979692,/media/batool/MULTIMODAL_DATA/Multimodal_Data/Cat1/opposite/bag_files/Cat1_15mph_lr_opposite_9/camera_images/1624829000.6979692.jpg
Cat1,15mph,lr,opposite,9,1624829000.7313025,/media/batool/MULTIMODAL_DATA/Multimodal_Data/Cat1/opposite/bag_files/Cat1_15mph_lr_opposite_9/camera_images/1624829000.7313025.jpg
Cat1,15mph,lr,opposite,9,1624829000.7646358,/media/batool/MULTIMODAL_DATA/Multimodal_Data/Cat1/opposite/bag_files/Cat1_15mph_lr_opposite_9/camera_images/1624829000.7646358.jpg
Cat1,15mph,lr,opposite,9,1624829000.797969,/media/batool/MULTIMODAL_DATA/Multimodal_Data/Cat1/opposite/bag_files/Cat1_15mph_lr_opposite_9/camera_images/1624829000.797969.jpg
Cat1,15mph,lr,opposite,9,1624829000.8313024,/media/batool/MULTIMODAL_DATA/Multimodal_Data/Cat1/opposite/bag_files/Cat1_15mph_lr_opposite_9/camera_images/1624829000.8313024.jpg
Cat1,15mph,lr,opposite,9,1624829000.8646357,/media/batool/MULTIMODAL_DATA/Multimodal_Data/Cat1/opposite/bag_files/Cat1_15mph_lr_opposite_9/camera_images/1624829000.8646357.jpg
Cat1,15mph,lr,opposite,9,1624829000.897969,/media/batool/MULTIMODAL_DATA/Multimodal_Data/Cat1/opposite/bag_files/Cat1_15mph_lr_opposite_9/camera_images/1624829000.897969.jpg
Cat1,15mph,lr,opposite,9,1624829000.9313023,/media/batool/MULTIMODAL_DATA/Multimodal_Data/Cat1/opposite/bag_files/Cat1_15mph_lr_opposite_9/camera_images/1624829000.9313023.jpg
Cat1,15mph,lr,opposite,9,1624829000.9646356,/media/batool/MULTIMODAL_DATA/Multimodal_Data/Cat1/opposite/bag_files/Cat1_15mph_lr_opposite_9/camera_images/1624829000.9646356.jpg
Cat1,15mph,lr,opposite,9,1624829000.997969,/media/batool/MULTIMODAL_DATA/Multimodal_Data/Cat1/opposite/bag_files/Cat1_15mph_lr_opposite_9/camera_images/1624829000.997969.jpg
Cat1,15mph,lr,opposite,9,1624829001.0313022,/media/batool/MULTIMODAL_DATA/Multimodal_Data/Cat1/opposite/bag_files/Cat1_15mph_lr_opposite_9/camera_images/1624829001.0313022.jpg
Cat1,15mph,lr,opposite,9,1624829001.0646355,/media/batool/MULTIMODAL_DATA/Multimodal_Data/Cat1/opposite/bag_files/Cat1_15mph_lr_opposite_9/camera_images/1624829001.0646355.jpg
Cat1,15mph,lr,opposite,9,1624829001.0979688,/media/batool/MULTIMODAL_DATA/Multimodal_Data/Cat1/opposite/bag_files/Cat1_15mph_lr_opposite_9/camera_images/1624829001.0979688.jpg
Cat1,15mph,lr,opposite,9,1624829001.131302,/media/batool/MULTIMODAL_DATA/Multimodal_Data/Cat1/opposite/bag_files/Cat1_15mph_lr_opposite_9/camera_images/1624829001.131302.jpg
Cat1,15mph,lr,opposite,9,1624829001.1646354,/media/batool/MULTIMODAL_DATA/Multimodal_Data/Cat1/opposite/bag_files/Cat1_15mph_lr_opposite_9/camera_images/1624829001.1646354.jpg
Cat1,15mph,lr,opposite,9,1624829001.231302,/media/batool/MULTIMODAL_DATA/Multimodal_Data/Cat1/opposite/bag_files/Cat1_15mph_lr_opposite_9/camera_images/1624829001.231302.jpg
Cat1,15mph,lr,opposite,9,1624829001.2646353,/media/batool/MULTIMODAL_DATA/Multimodal_Data/Cat1/opposite/bag_files/Cat1_15mph_lr_opposite_9/camera_images/1624829001.2646353.jpg
Cat1,15mph,lr,opposite,9,1624829001.2979686,/media/batool/MULTIMODAL_DATA/Multimodal_Data/Cat1/opposite/bag_files/Cat1_15mph_lr_opposite_9/camera_images/1624829001.2979686.jpg
Cat1,15mph,lr,opposite,9,1624829001.331302,/media/batool/MULTIMODAL_DATA/Multimodal_Data/Cat1/opposite/bag_files/Cat1_15mph_lr_opposite_9/camera_images/1624829001.331302.jpg
Cat1,15mph,lr,opposite,9,1624829001.3646352,/media/batool/MULTIMODAL_DATA/Multimodal_Data/Cat1/opposite/bag_files/Cat1_15mph_lr_opposite_9/camera_images/1624829001.3646352.jpg
Cat1,15mph,lr,opposite,9,1624829001.3979685,/media/batool/MULTIMODAL_DATA/Multimodal_Data/Cat1/opposite/bag_files/Cat1_15mph_lr_opposite_9/camera_images/1624829001.3979685.jpg
Cat1,15mph,lr,opposite,9,1624829001.4313018,/media/batool/MULTIMODAL_DATA/Multimodal_Data/Cat1/opposite/bag_files/Cat1_15mph_lr_opposite_9/camera_images/1624829001.4313018.jpg
Cat1,15mph,lr,opposite,9,1624829001.4646351,/media/batool/MULTIMODAL_DATA/Multimodal_Data/Cat1/opposite/bag_files/Cat1_15mph_lr_opposite_9/camera_images/1624829001.4646351.jpg
Cat1,15mph,lr,opposite,9,1624829001.4979684,/media/batool/MULTIMODAL_DATA/Multimodal_Data/Cat1/opposite/bag_files/Cat1_15mph_lr_opposite_9/camera_images/1624829001.4979684.jpg
Cat1,15mph,lr,opposite,9,1624829001.5313017,/media/batool/MULTIMODAL_DATA/Multimodal_Data/Cat1/opposite/bag_files/Cat1_15mph_lr_opposite_9/camera_images/1624829001.5313017.jpg
Cat1,15mph,lr,opposite,9,1624829001.564635,/media/batool/MULTIMODAL_DATA/Multimodal_Data/Cat1/opposite/bag_files/Cat1_15mph_lr_opposite_9/camera_images/1624829001.564635.jpg
Cat1,15mph,lr,opposite,9,1624829001.5979683,/media/batool/MULTIMODAL_DATA/Multimodal_Data/Cat1/opposite/bag_files/Cat1_15mph_lr_opposite_9/camera_images/1624829001.5979683.jpg
Cat1,15mph,lr,opposite,9,1624829001.6313016,/media/batool/MULTIMODAL_DATA/Multimodal_Data/Cat1/opposite/bag_files/Cat1_15mph_lr_opposite_9/camera_images/1624829001.6313016.jpg
Cat1,15mph,lr,opposite,9,1624829001.664635,/media/batool/MULTIMODAL_DATA/Multimodal_Data/Cat1/opposite/bag_files/Cat1_15mph_lr_opposite_9/camera_images/1624829001.664635.jpg
Cat1,15mph,lr,opposite,9,1624829001.6979682,/media/batool/MULTIMODAL_DATA/Multimodal_Data/Cat1/opposite/bag_files/Cat1_15mph_lr_opposite_9/camera_images/1624829001.6979682.jpg
Cat1,15mph,lr,opposite,9,1624829001.7646348,/media/batool/MULTIMODAL_DATA/Multimodal_Data/Cat1/opposite/bag_files/Cat1_15mph_lr_opposite_9/camera_images/1624829001.7646348.jpg
Cat1,15mph,lr,opposite,9,1624829001.7979681,/media/batool/MULTIMODAL_DATA/Multimodal_Data/Cat1/opposite/bag_files/Cat1_15mph_lr_opposite_9/camera_images/1624829001.7979681.jpg
Cat1,15mph,lr,opposite,9,1624829001.8313015,/media/batool/MULTIMODAL_DATA/Multimodal_Data/Cat1/opposite/bag_files/Cat1_15mph_lr_opposite_9/camera_images/1624829001.8313015.jpg
Cat1,15mph,lr,opposite,9,1624829001.8646348,/media/batool/MULTIMODAL_DATA/Multimodal_Data/Cat1/opposite/bag_files/Cat1_15mph_lr_opposite_9/camera_images/1624829001.8646348.jpg
Cat1,15mph,lr,opposite,9,1624829001.897968,/media/batool/MULTIMODAL_DATA/Multimodal_Data/Cat1/opposite/bag_files/Cat1_15mph_lr_opposite_9/camera_images/1624829001.897968.jpg
Cat1,15mph,lr,opposite,9,1624829001.9313014,/media/batool/MULTIMODAL_DATA/Multimodal_Data/Cat1/opposite/bag_files/Cat1_15mph_lr_opposite_9/camera_images/1624829001.9313014.jpg
Cat1,15mph,lr,opposite,9,1624829001.9646347,/media/batool/MULTIMODAL_DATA/Multimodal_Data/Cat1/opposite/bag_files/Cat1_15mph_lr_opposite_9/camera_images/1624829001.9646347.jpg
Cat1,15mph,lr,opposite,9,1624829001.997968,/media/batool/MULTIMODAL_DATA/Multimodal_Data/Cat1/opposite/bag_files/Cat1_15mph_lr_opposite_9/camera_images/1624829001.997968.jpg
Cat1,15mph,lr,opposite,9,1624829002.0313013,/media/batool/MULTIMODAL_DATA/Multimodal_Data/Cat1/opposite/bag_files/Cat1_15mph_lr_opposite_9/camera_images/1624829002.0313013.jpg
Cat1,15mph,lr,opposite,9,1624829002.0646346,/media/batool/MULTIMODAL_DATA/Multimodal_Data/Cat1/opposite/bag_files/Cat1_15mph_lr_opposite_9/camera_images/1624829002.0646346.jpg
Cat1,15mph,lr,opposite,9,1624829002.0979679,/media/batool/MULTIMODAL_DATA/Multimodal_Data/Cat1/opposite/bag_files/Cat1_15mph_lr_opposite_9/camera_images/1624829002.0979679.jpg
Cat1,15mph,lr,opposite,9,1624829002.1313012,/media/batool/MULTIMODAL_DATA/Multimodal_Data/Cat1/opposite/bag_files/Cat1_15mph_lr_opposite_9/camera_images/1624829002.1313012.jpg
Cat1,15mph,lr,opposite,9,1624829002.1646345,/media/batool/MULTIMODAL_DATA/Multimodal_Data/Cat1/opposite/bag_files/Cat1_15mph_lr_opposite_9/camera_images/1624829002.1646345.jpg
Cat1,15mph,lr,opposite,9,1624829002.1979678,/media/batool/MULTIMODAL_DATA/Multimodal_Data/Cat1/opposite/bag_files/Cat1_15mph_lr_opposite_9/camera_images/1624829002.1979678.jpg
Cat1,15mph,lr,opposite,9,1624829002.231301,/media/batool/MULTIMODAL_DATA/Multimodal_Data/Cat1/opposite/bag_files/Cat1_15mph_lr_opposite_9/camera_images/1624829002.231301.jpg
Cat1,15mph,lr,opposite,9,1624829002.2979677,/media/batool/MULTIMODAL_DATA/Multimodal_Data/Cat1/opposite/bag_files/Cat1_15mph_lr_opposite_9/camera_images/1624829002.2979677.jpg
Cat1,15mph,lr,opposite,9,1624829002.331301,/media/batool/MULTIMODAL_DATA/Multimodal_Data/Cat1/opposite/bag_files/Cat1_15mph_lr_opposite_9/camera_images/1624829002.331301.jpg
Cat1,15mph,lr,opposite,9,1624829002.3646343,/media/batool/MULTIMODAL_DATA/Multimodal_Data/Cat1/opposite/bag_files/Cat1_15mph_lr_opposite_9/camera_images/1624829002.3646343.jpg
Cat1,15mph,lr,opposite,9,1624829002.3979676,/media/batool/MULTIMODAL_DATA/Multimodal_Data/Cat1/opposite/bag_files/Cat1_15mph_lr_opposite_9/camera_images/1624829002.3979676.jpg
Cat1,15mph,lr,opposite,9,1624829002.4313009,/media/batool/MULTIMODAL_DATA/Multimodal_Data/Cat1/opposite/bag_files/Cat1_15mph_lr_opposite_9/camera_images/1624829002.4313009.jpg
Cat1,15mph,lr,opposite,9,1624829002.4646342,/media/batool/MULTIMODAL_DATA/Multimodal_Data/Cat1/opposite/bag_files/Cat1_15mph_lr_opposite_9/camera_images/1624829002.4646342.jpg
Cat1,15mph,lr,opposite,9,1624829002.4979675,/media/batool/MULTIMODAL_DATA/Multimodal_Data/Cat1/opposite/bag_files/Cat1_15mph_lr_opposite_9/camera_images/1624829002.4979675.jpg
Cat1,15mph,lr,opposite,9,1624829002.5313008,/media/batool/MULTIMODAL_DATA/Multimodal_Data/Cat1/opposite/bag_files/Cat1_15mph_lr_opposite_9/camera_images/1624829002.5313008.jpg
Cat1,15mph,lr,opposite,9,1624829002.564634,/media/batool/MULTIMODAL_DATA/Multimodal_Data/Cat1/opposite/bag_files/Cat1_15mph_lr_opposite_9/camera_images/1624829002.564634.jpg
Cat1,15mph,lr,opposite,9,1624829002.5979674,/media/batool/MULTIMODAL_DATA/Multimodal_Data/Cat1/opposite/bag_files/Cat1_15mph_lr_opposite_9/camera_images/1624829002.5979674.jpg
Cat1,15mph,lr,opposite,9,1624829002.6313007,/media/batool/MULTIMODAL_DATA/Multimodal_Data/Cat1/opposite/bag_files/Cat1_15mph_lr_opposite_9/camera_images/1624829002.6313007.jpg
Cat1,15mph,lr,opposite,9,1624829002.664634,/media/batool/MULTIMODAL_DATA/Multimodal_Data/Cat1/opposite/bag_files/Cat1_15mph_lr_opposite_9/camera_images/1624829002.664634.jpg
Cat1,15mph,lr,opposite,9,1624829002.6979673,/media/batool/MULTIMODAL_DATA/Multimodal_Data/Cat1/opposite/bag_files/Cat1_15mph_lr_opposite_9/camera_images/1624829002.6979673.jpg
Cat1,15mph,lr,opposite,9,1624829002.7313006,/media/batool/MULTIMODAL_DATA/Multimodal_Data/Cat1/opposite/bag_files/Cat1_15mph_lr_opposite_9/camera_images/1624829002.7313006.jpg
Cat1,15mph,lr,opposite,9,1624829002.764634,/media/batool/MULTIMODAL_DATA/Multimodal_Data/Cat1/opposite/bag_files/Cat1_15mph_lr_opposite_9/camera_images/1624829002.764634.jpg
Cat1,15mph,lr,opposite,9,1624829002.8313005,/media/batool/MULTIMODAL_DATA/Multimodal_Data/Cat1/opposite/bag_files/Cat1_15mph_lr_opposite_9/camera_images/1624829002.8313005.jpg
Cat1,15mph,lr,opposite,9,1624829002.8646338,/media/batool/MULTIMODAL_DATA/Multimodal_Data/Cat1/opposite/bag_files/Cat1_15mph_lr_opposite_9/camera_images/1624829002.8646338.jpg
Cat1,15mph,lr,opposite,9,1624829002.897967,/media/batool/MULTIMODAL_DATA/Multimodal_Data/Cat1/opposite/bag_files/Cat1_15mph_lr_opposite_9/camera_images/1624829002.897967.jpg
Cat1,15mph,lr,opposite,9,1624829002.9313004,/media/batool/MULTIMODAL_DATA/Multimodal_Data/Cat1/opposite/bag_files/Cat1_15mph_lr_opposite_9/camera_images/1624829002.9313004.jpg
Cat1,15mph,lr,opposite,9,1624829002.9646337,/media/batool/MULTIMODAL_DATA/Multimodal_Data/Cat1/opposite/bag_files/Cat1_15mph_lr_opposite_9/camera_images/1624829002.9646337.jpg
Cat1,15mph,lr,opposite,9,1624829002.997967,/media/batool/MULTIMODAL_DATA/Multimodal_Data/Cat1/opposite/bag_files/Cat1_15mph_lr_opposite_9/camera_images/1624829002.997967.jpg
Cat1,15mph,lr,opposite,9,1624829003.0313003,/media/batool/MULTIMODAL_DATA/Multimodal_Data/Cat1/opposite/bag_files/Cat1_15mph_lr_opposite_9/camera_images/1624829003.0313003.jpg
Cat1,15mph,lr,opposite,9,1624829003.0646336,/media/batool/MULTIMODAL_DATA/Multimodal_Data/Cat1/opposite/bag_files/Cat1_15mph_lr_opposite_9/camera_images/1624829003.0646336.jpg
Cat1,15mph,lr,opposite,9,1624829003.097967,/media/batool/MULTIMODAL_DATA/Multimodal_Data/Cat1/opposite/bag_files/Cat1_15mph_lr_opposite_9/camera_images/1624829003.097967.jpg
Cat1,15mph,lr,opposite,9,1624829003.1313002,/media/batool/MULTIMODAL_DATA/Multimodal_Data/Cat1/opposite/bag_files/Cat1_15mph_lr_opposite_9/camera_images/1624829003.1313002.jpg
Cat1,15mph,lr,opposite,9,1624829003.1646335,/media/batool/MULTIMODAL_DATA/Multimodal_Data/Cat1/opposite/bag_files/Cat1_15mph_lr_opposite_9/camera_images/1624829003.1646335.jpg
Cat1,15mph,lr,opposite,9,1624829003.1979668,/media/batool/MULTIMODAL_DATA/Multimodal_Data/Cat1/opposite/bag_files/Cat1_15mph_lr_opposite_9/camera_images/1624829003.1979668.jpg
Cat1,15mph,lr,opposite,9,1624829003.2313,/media/batool/MULTIMODAL_DATA/Multimodal_Data/Cat1/opposite/bag_files/Cat1_15mph_lr_opposite_9/camera_images/1624829003.2313.jpg
Cat1,15mph,lr,opposite,9,1624829003.2646334,/media/batool/MULTIMODAL_DATA/Multimodal_Data/Cat1/opposite/bag_files/Cat1_15mph_lr_opposite_9/camera_images/1624829003.2646334.jpg
Cat1,15mph,lr,opposite,9,1624829003.2979667,/media/batool/MULTIMODAL_DATA/Multimodal_Data/Cat1/opposite/bag_files/Cat1_15mph_lr_opposite_9/camera_images/1624829003.2979667.jpg
Cat1,15mph,lr,opposite,9,1624829003.3646333,/media/batool/MULTIMODAL_DATA/Multimodal_Data/Cat1/opposite/bag_files/Cat1_15mph_lr_opposite_9/camera_images/1624829003.3646333.jpg
Cat1,15mph,lr,opposite,9,1624829003.3979666,/media/batool/MULTIMODAL_DATA/Multimodal_Data/Cat1/opposite/bag_files/Cat1_15mph_lr_opposite_9/camera_images/1624829003.3979666.jpg
Cat1,15mph,lr,opposite,9,1624829003.4313,/media/batool/MULTIMODAL_DATA/Multimodal_Data/Cat1/opposite/bag_files/Cat1_15mph_lr_opposite_9/camera_images/1624829003.4313.jpg
Cat1,15mph,lr,opposite,9,1624829003.4646332,/media/batool/MULTIMODAL_DATA/Multimodal_Data/Cat1/opposite/bag_files/Cat1_15mph_lr_opposite_9/camera_images/1624829003.4646332.jpg
Cat1,15mph,lr,opposite,9,1624829003.4979665,/media/batool/MULTIMODAL_DATA/Multimodal_Data/Cat1/opposite/bag_files/Cat1_15mph_lr_opposite_9/camera_images/1624829003.4979665.jpg
Cat1,15mph,lr,opposite,9,1624829003.5312998,/media/batool/MULTIMODAL_DATA/Multimodal_Data/Cat1/opposite/bag_files/Cat1_15mph_lr_opposite_9/camera_images/1624829003.5312998.jpg
Cat1,15mph,lr,opposite,9,1624829003.5646331,/media/batool/MULTIMODAL_DATA/Multimodal_Data/Cat1/opposite/bag_files/Cat1_15mph_lr_opposite_9/camera_images/1624829003.5646331.jpg
Cat1,15mph,lr,opposite,9,1624829003.5979664,/media/batool/MULTIMODAL_DATA/Multimodal_Data/Cat1/opposite/bag_files/Cat1_15mph_lr_opposite_9/camera_images/1624829003.5979664.jpg
Cat1,15mph,lr,opposite,9,1624829003.6312997,/media/batool/MULTIMODAL_DATA/Multimodal_Data/Cat1/opposite/bag_files/Cat1_15mph_lr_opposite_9/camera_images/1624829003.6312997.jpg
Cat1,15mph,lr,opposite,9,1624829003.664633,/media/batool/MULTIMODAL_DATA/Multimodal_Data/Cat1/opposite/bag_files/Cat1_15mph_lr_opposite_9/camera_images/1624829003.664633.jpg
Cat1,15mph,lr,opposite,9,1624829003.6979663,/media/batool/MULTIMODAL_DATA/Multimodal_Data/Cat1/opposite/bag_files/Cat1_15mph_lr_opposite_9/camera_images/1624829003.6979663.jpg
Cat1,15mph,lr,opposite,9,1624829003.7312996,/media/batool/MULTIMODAL_DATA/Multimodal_Data/Cat1/opposite/bag_files/Cat1_15mph_lr_opposite_9/camera_images/1624829003.7312996.jpg
Cat1,15mph,lr,opposite,9,1624829003.764633,/media/batool/MULTIMODAL_DATA/Multimodal_Data/Cat1/opposite/bag_files/Cat1_15mph_lr_opposite_9/camera_images/1624829003.764633.jpg
Cat1,15mph,lr,opposite,9,1624829003.7979662,/media/batool/MULTIMODAL_DATA/Multimodal_Data/Cat1/opposite/bag_files/Cat1_15mph_lr_opposite_9/camera_images/1624829003.7979662.jpg
Cat1,15mph,lr,opposite,9,1624829003.8312995,/media/batool/MULTIMODAL_DATA/Multimodal_Data/Cat1/opposite/bag_files/Cat1_15mph_lr_opposite_9/camera_images/1624829003.8312995.jpg
Cat1,15mph,lr,opposite,9,1624829003.8979661,/media/batool/MULTIMODAL_DATA/Multimodal_Data/Cat1/opposite/bag_files/Cat1_15mph_lr_opposite_9/camera_images/1624829003.8979661.jpg
Cat1,15mph,lr,opposite,9,1624829003.9312994,/media/batool/MULTIMODAL_DATA/Multimodal_Data/Cat1/opposite/bag_files/Cat1_15mph_lr_opposite_9/camera_images/1624829003.9312994.jpg
Cat1,15mph,lr,opposite,9,1624829003.9646327,/media/batool/MULTIMODAL_DATA/Multimodal_Data/Cat1/opposite/bag_files/Cat1_15mph_lr_opposite_9/camera_images/1624829003.9646327.jpg
Cat1,15mph,lr,opposite,9,1624829003.997966,/media/batool/MULTIMODAL_DATA/Multimodal_Data/Cat1/opposite/bag_files/Cat1_15mph_lr_opposite_9/camera_images/1624829003.997966.jpg
Cat1,15mph,lr,opposite,9,1624829004.0312994,/media/batool/MULTIMODAL_DATA/Multimodal_Data/Cat1/opposite/bag_files/Cat1_15mph_lr_opposite_9/camera_images/1624829004.0312994.jpg
Cat1,15mph,lr,opposite,9,1624829004.0646327,/media/batool/MULTIMODAL_DATA/Multimodal_Data/Cat1/opposite/bag_files/Cat1_15mph_lr_opposite_9/camera_images/1624829004.0646327.jpg
Cat1,15mph,lr,opposite,9,1624829004.097966,/media/batool/MULTIMODAL_DATA/Multimodal_Data/Cat1/opposite/bag_files/Cat1_15mph_lr_opposite_9/camera_images/1624829004.097966.jpg
Cat1,15mph,lr,opposite,9,1624829004.1312993,/media/batool/MULTIMODAL_DATA/Multimodal_Data/Cat1/opposite/bag_files/Cat1_15mph_lr_opposite_9/camera_images/1624829004.1312993.jpg
Cat1,15mph,lr,opposite,9,1624829004.1646326,/media/batool/MULTIMODAL_DATA/Multimodal_Data/Cat1/opposite/bag_files/Cat1_15mph_lr_opposite_9/camera_images/1624829004.1646326.jpg
Cat1,15mph,lr,opposite,9,1624829004.1979659,/media/batool/MULTIMODAL_DATA/Multimodal_Data/Cat1/opposite/bag_files/Cat1_15mph_lr_opposite_9/camera_images/1624829004.1979659.jpg
Cat1,15mph,lr,opposite,9,1624829004.2312992,/media/batool/MULTIMODAL_DATA/Multimodal_Data/Cat1/opposite/bag_files/Cat1_15mph_lr_opposite_9/camera_images/1624829004.2312992.jpg
Cat1,15mph,lr,opposite,9,1624829004.2646325,/media/batool/MULTIMODAL_DATA/Multimodal_Data/Cat1/opposite/bag_files/Cat1_15mph_lr_opposite_9/camera_images/1624829004.2646325.jpg
Cat1,15mph,lr,opposite,9,1624829004.2979658,/media/batool/MULTIMODAL_DATA/Multimodal_Data/Cat1/opposite/bag_files/Cat1_15mph_lr_opposite_9/camera_images/1624829004.2979658.jpg
Cat1,15mph,lr,opposite,9,1624829004.331299,/media/batool/MULTIMODAL_DATA/Multimodal_Data/Cat1/opposite/bag_files/Cat1_15mph_lr_opposite_9/camera_images/1624829004.331299.jpg
Cat1,15mph,lr,opposite,9,1624829004.3646324,/media/batool/MULTIMODAL_DATA/Multimodal_Data/Cat1/opposite/bag_files/Cat1_15mph_lr_opposite_9/camera_images/1624829004.3646324.jpg
Cat1,15mph,lr,opposite,9,1624829004.431299,/media/batool/MULTIMODAL_DATA/Multimodal_Data/Cat1/opposite/bag_files/Cat1_15mph_lr_opposite_9/camera_images/1624829004.431299.jpg
Cat1,15mph,lr,opposite,9,1624829004.4646323,/media/batool/MULTIMODAL_DATA/Multimodal_Data/Cat1/opposite/bag_files/Cat1_15mph_lr_opposite_9/camera_images/1624829004.4646323.jpg
Cat1,15mph,lr,opposite,9,1624829004.4979656,/media/batool/MULTIMODAL_DATA/Multimodal_Data/Cat1/opposite/bag_files/Cat1_15mph_lr_opposite_9/camera_images/1624829004.4979656.jpg
Cat1,15mph,lr,opposite,9,1624829004.5312989,/media/batool/MULTIMODAL_DATA/Multimodal_Data/Cat1/opposite/bag_files/Cat1_15mph_lr_opposite_9/camera_images/1624829004.5312989.jpg
Cat1,15mph,lr,opposite,9,1624829004.5646322,/media/batool/MULTIMODAL_DATA/Multimodal_Data/Cat1/opposite/bag_files/Cat1_15mph_lr_opposite_9/camera_images/1624829004.5646322.jpg
Cat1,15mph,lr,opposite,9,1624829004.5979655,/media/batool/MULTIMODAL_DATA/Multimodal_Data/Cat1/opposite/bag_files/Cat1_15mph_lr_opposite_9/camera_images/1624829004.5979655.jpg
Cat1,15mph,lr,opposite,9,1624829004.6312988,/media/batool/MULTIMODAL_DATA/Multimodal_Data/Cat1/opposite/bag_files/Cat1_15mph_lr_opposite_9/camera_images/1624829004.6312988.jpg
Cat1,15mph,lr,opposite,9,1624829004.664632,/media/batool/MULTIMODAL_DATA/Multimodal_Data/Cat1/opposite/bag_files/Cat1_15mph_lr_opposite_9/camera_images/1624829004.664632.jpg
Cat1,15mph,lr,opposite,9,1624829004.6979654,/media/batool/MULTIMODAL_DATA/Multimodal_Data/Cat1/opposite/bag_files/Cat1_15mph_lr_opposite_9/camera_images/1624829004.6979654.jpg
Cat1,15mph,lr,opposite,9,1624829004.7312987,/media/batool/MULTIMODAL_DATA/Multimodal_Data/Cat1/opposite/bag_files/Cat1_15mph_lr_opposite_9/camera_images/1624829004.7312987.jpg
Cat1,15mph,lr,opposite,9,1624829004.764632,/media/batool/MULTIMODAL_DATA/Multimodal_Data/Cat1/opposite/bag_files/Cat1_15mph_lr_opposite_9/camera_images/1624829004.764632.jpg
Cat1,15mph,lr,opposite,9,1624829004.7979653,/media/batool/MULTIMODAL_DATA/Multimodal_Data/Cat1/opposite/bag_files/Cat1_15mph_lr_opposite_9/camera_images/1624829004.7979653.jpg
Cat1,15mph,lr,opposite,9,1624829004.8312986,/media/batool/MULTIMODAL_DATA/Multimodal_Data/Cat1/opposite/bag_files/Cat1_15mph_lr_opposite_9/camera_images/1624829004.8312986.jpg
Cat1,15mph,lr,opposite,9,1624829004.864632,/media/batool/MULTIMODAL_DATA/Multimodal_Data/Cat1/opposite/bag_files/Cat1_15mph_lr_opposite_9/camera_images/1624829004.864632.jpg
Cat1,15mph,lr,opposite,9,1624829004.8979652,/media/batool/MULTIMODAL_DATA/Multimodal_Data/Cat1/opposite/bag_files/Cat1_15mph_lr_opposite_9/camera_images/1624829004.8979652.jpg
Cat1,15mph,lr,opposite,9,1624829004.9646318,/media/batool/MULTIMODAL_DATA/Multimodal_Data/Cat1/opposite/bag_files/Cat1_15mph_lr_opposite_9/camera_images/1624829004.9646318.jpg
Cat1,15mph,lr,opposite,9,1624829004.997965,/media/batool/MULTIMODAL_DATA/Multimodal_Data/Cat1/opposite/bag_files/Cat1_15mph_lr_opposite_9/camera_images/1624829004.997965.jpg
Cat1,15mph,lr,opposite,9,1624829005.0312984,/media/batool/MULTIMODAL_DATA/Multimodal_Data/Cat1/opposite/bag_files/Cat1_15mph_lr_opposite_9/camera_images/1624829005.0312984.jpg
Cat1,15mph,lr,opposite,9,1624829005.0646317,/media/batool/MULTIMODAL_DATA/Multimodal_Data/Cat1/opposite/bag_files/Cat1_15mph_lr_opposite_9/camera_images/1624829005.0646317.jpg
Cat1,15mph,lr,opposite,9,1624829005.097965,/media/batool/MULTIMODAL_DATA/Multimodal_Data/Cat1/opposite/bag_files/Cat1_15mph_lr_opposite_9/camera_images/1624829005.097965.jpg
Cat1,15mph,lr,opposite,9,1624829005.1312983,/media/batool/MULTIMODAL_DATA/Multimodal_Data/Cat1/opposite/bag_files/Cat1_15mph_lr_opposite_9/camera_images/1624829005.1312983.jpg
Cat1,15mph,lr,opposite,9,1624829005.1646316,/media/batool/MULTIMODAL_DATA/Multimodal_Data/Cat1/opposite/bag_files/Cat1_15mph_lr_opposite_9/camera_images/1624829005.1646316.jpg
Cat1,15mph,lr,opposite,9,1624829005.197965,/media/batool/MULTIMODAL_DATA/Multimodal_Data/Cat1/opposite/bag_files/Cat1_15mph_lr_opposite_9/camera_images/1624829005.197965.jpg
Cat1,15mph,lr,opposite,9,1624829005.2312982,/media/batool/MULTIMODAL_DATA/Multimodal_Data/Cat1/opposite/bag_files/Cat1_15mph_lr_opposite_9/camera_images/1624829005.2312982.jpg
Cat1,15mph,lr,opposite,9,1624829005.2646315,/media/batool/MULTIMODAL_DATA/Multimodal_Data/Cat1/opposite/bag_files/Cat1_15mph_lr_opposite_9/camera_images/1624829005.2646315.jpg
Cat1,15mph,lr,opposite,9,1624829005.2979648,/media/batool/MULTIMODAL_DATA/Multimodal_Data/Cat1/opposite/bag_files/Cat1_15mph_lr_opposite_9/camera_images/1624829005.2979648.jpg
Cat1,15mph,lr,opposite,9,1624829005.331298,/media/batool/MULTIMODAL_DATA/Multimodal_Data/Cat1/opposite/bag_files/Cat1_15mph_lr_opposite_9/camera_images/1624829005.331298.jpg
Cat1,15mph,lr,opposite,9,1624829005.3646314,/media/batool/MULTIMODAL_DATA/Multimodal_Data/Cat1/opposite/bag_files/Cat1_15mph_lr_opposite_9/camera_images/1624829005.3646314.jpg
Cat1,15mph,lr,opposite,9,1624829005.3979647,/media/batool/MULTIMODAL_DATA/Multimodal_Data/Cat1/opposite/bag_files/Cat1_15mph_lr_opposite_9/camera_images/1624829005.3979647.jpg
Cat1,15mph,lr,opposite,9,1624829005.431298,/media/batool/MULTIMODAL_DATA/Multimodal_Data/Cat1/opposite/bag_files/Cat1_15mph_lr_opposite_9/camera_images/1624829005.431298.jpg
Cat1,15mph,lr,opposite,9,1624829005.4979646,/media/batool/MULTIMODAL_DATA/Multimodal_Data/Cat1/opposite/bag_files/Cat1_15mph_lr_opposite_9/camera_images/1624829005.4979646.jpg
Cat1,15mph,lr,opposite,9,1624829005.531298,/media/batool/MULTIMODAL_DATA/Multimodal_Data/Cat1/opposite/bag_files/Cat1_15mph_lr_opposite_9/camera_images/1624829005.531298.jpg
Cat1,15mph,lr,opposite,9,1624829005.5646312,/media/batool/MULTIMODAL_DATA/Multimodal_Data/Cat1/opposite/bag_files/Cat1_15mph_lr_opposite_9/camera_images/1624829005.5646312.jpg
Cat1,15mph,lr,opposite,9,1624829005.5979645,/media/batool/MULTIMODAL_DATA/Multimodal_Data/Cat1/opposite/bag_files/Cat1_15mph_lr_opposite_9/camera_images/1624829005.5979645.jpg
Cat1,15mph,lr,opposite,9,1624829005.6312978,/media/batool/MULTIMODAL_DATA/Multimodal_Data/Cat1/opposite/bag_files/Cat1_15mph_lr_opposite_9/camera_images/1624829005.6312978.jpg
Cat1,15mph,lr,opposite,9,1624829005.6646311,/media/batool/MULTIMODAL_DATA/Multimodal_Data/Cat1/opposite/bag_files/Cat1_15mph_lr_opposite_9/camera_images/1624829005.6646311.jpg
Cat1,15mph,lr,opposite,9,1624829005.6979644,/media/batool/MULTIMODAL_DATA/Multimodal_Data/Cat1/opposite/bag_files/Cat1_15mph_lr_opposite_9/camera_images/1624829005.6979644.jpg
Cat1,15mph,lr,opposite,9,1624829005.7312977,/media/batool/MULTIMODAL_DATA/Multimodal_Data/Cat1/opposite/bag_files/Cat1_15mph_lr_opposite_9/camera_images/1624829005.7312977.jpg
Cat1,15mph,lr,opposite,9,1624829005.764631,/media/batool/MULTIMODAL_DATA/Multimodal_Data/Cat1/opposite/bag_files/Cat1_15mph_lr_opposite_9/camera_images/1624829005.764631.jpg
Cat1,15mph,lr,opposite,9,1624829005.7979643,/media/batool/MULTIMODAL_DATA/Multimodal_Data/Cat1/opposite/bag_files/Cat1_15mph_lr_opposite_9/camera_images/1624829005.7979643.jpg
Cat1,15mph,lr,opposite,9,1624829005.8312976,/media/batool/MULTIMODAL_DATA/Multimodal_Data/Cat1/opposite/bag_files/Cat1_15mph_lr_opposite_9/camera_images/1624829005.8312976.jpg
Cat1,15mph,lr,opposite,9,1624829005.864631,/media/batool/MULTIMODAL_DATA/Multimodal_Data/Cat1/opposite/bag_files/Cat1_15mph_lr_opposite_9/camera_images/1624829005.864631.jpg
Cat1,15mph,lr,opposite,9,1624829005.8979642,/media/batool/MULTIMODAL_DATA/Multimodal_Data/Cat1/opposite/bag_files/Cat1_15mph_lr_opposite_9/camera_images/1624829005.8979642.jpg
Cat1,15mph,lr,opposite,9,1624829005.9312975,/media/batool/MULTIMODAL_DATA/Multimodal_Data/Cat1/opposite/bag_files/Cat1_15mph_lr_opposite_9/camera_images/1624829005.9312975.jpg
Cat1,15mph,lr,opposite,9,1624829005.9646308,/media/batool/MULTIMODAL_DATA/Multimodal_Data/Cat1/opposite/bag_files/Cat1_15mph_lr_opposite_9/camera_images/1624829005.9646308.jpg
Cat1,15mph,lr,opposite,9,1624829006.0312974,/media/batool/MULTIMODAL_DATA/Multimodal_Data/Cat1/opposite/bag_files/Cat1_15mph_lr_opposite_9/camera_images/1624829006.0312974.jpg
Cat1,15mph,lr,opposite,9,1624829006.0646307,/media/batool/MULTIMODAL_DATA/Multimodal_Data/Cat1/opposite/bag_files/Cat1_15mph_lr_opposite_9/camera_images/1624829006.0646307.jpg
Cat1,15mph,lr,opposite,9,1624829006.097964,/media/batool/MULTIMODAL_DATA/Multimodal_Data/Cat1/opposite/bag_files/Cat1_15mph_lr_opposite_9/camera_images/1624829006.097964.jpg
Cat1,15mph,lr,opposite,9,1624829006.1312973,/media/batool/MULTIMODAL_DATA/Multimodal_Data/Cat1/opposite/bag_files/Cat1_15mph_lr_opposite_9/camera_images/1624829006.1312973.jpg
Cat1,15mph,lr,opposite,9,1624829006.1646307,/media/batool/MULTIMODAL_DATA/Multimodal_Data/Cat1/opposite/bag_files/Cat1_15mph_lr_opposite_9/camera_images/1624829006.1646307.jpg
Cat1,15mph,lr,opposite,9,1624829006.197964,/media/batool/MULTIMODAL_DATA/Multimodal_Data/Cat1/opposite/bag_files/Cat1_15mph_lr_opposite_9/camera_images/1624829006.197964.jpg
Cat1,15mph,lr,opposite,9,1624829006.2312973,/media/batool/MULTIMODAL_DATA/Multimodal_Data/Cat1/opposite/bag_files/Cat1_15mph_lr_opposite_9/camera_images/1624829006.2312973.jpg
Cat1,15mph,lr,opposite,9,1624829006.2646306,/media/batool/MULTIMODAL_DATA/Multimodal_Data/Cat1/opposite/bag_files/Cat1_15mph_lr_opposite_9/camera_images/1624829006.2646306.jpg
Cat1,15mph,lr,opposite,9,1624829006.2979639,/media/batool/MULTIMODAL_DATA/Multimodal_Data/Cat1/opposite/bag_files/Cat1_15mph_lr_opposite_9/camera_images/1624829006.2979639.jpg
Cat1,15mph,lr,opposite,9,1624829006.3312972,/media/batool/MULTIMODAL_DATA/Multimodal_Data/Cat1/opposite/bag_files/Cat1_15mph_lr_opposite_9/camera_images/1624829006.3312972.jpg
Cat1,15mph,lr,opposite,9,1624829006.3646305,/media/batool/MULTIMODAL_DATA/Multimodal_Data/Cat1/opposite/bag_files/Cat1_15mph_lr_opposite_9/camera_images/1624829006.3646305.jpg
Cat1,15mph,lr,opposite,9,1624829006.3979638,/media/batool/MULTIMODAL_DATA/Multimodal_Data/Cat1/opposite/bag_files/Cat1_15mph_lr_opposite_9/camera_images/1624829006.3979638.jpg
Cat1,15mph,lr,opposite,9,1624829006.431297,/media/batool/MULTIMODAL_DATA/Multimodal_Data/Cat1/opposite/bag_files/Cat1_15mph_lr_opposite_9/camera_images/1624829006.431297.jpg
Cat1,15mph,lr,opposite,9,1624829006.4646304,/media/batool/MULTIMODAL_DATA/Multimodal_Data/Cat1/opposite/bag_files/Cat1_15mph_lr_opposite_9/camera_images/1624829006.4646304.jpg
Cat1,15mph,lr,opposite,9,1624829006.4979637,/media/batool/MULTIMODAL_DATA/Multimodal_Data/Cat1/opposite/bag_files/Cat1_15mph_lr_opposite_9/camera_images/1624829006.4979637.jpg
Cat1,15mph,lr,opposite,9,1624829006.5646303,/media/batool/MULTIMODAL_DATA/Multimodal_Data/Cat1/opposite/bag_files/Cat1_15mph_lr_opposite_9/camera_images/1624829006.5646303.jpg
Cat1,15mph,lr,opposite,9,1624829006.5979636,/media/batool/MULTIMODAL_DATA/Multimodal_Data/Cat1/opposite/bag_files/Cat1_15mph_lr_opposite_9/camera_images/1624829006.5979636.jpg
Cat1,15mph,lr,opposite,9,1624829006.6312969,/media/batool/MULTIMODAL_DATA/Multimodal_Data/Cat1/opposite/bag_files/Cat1_15mph_lr_opposite_9/camera_images/1624829006.6312969.jpg
Cat1,15mph,lr,opposite,9,1624829006.6646302,/media/batool/MULTIMODAL_DATA/Multimodal_Data/Cat1/opposite/bag_files/Cat1_15mph_lr_opposite_9/camera_images/1624829006.6646302.jpg
Cat1,15mph,lr,opposite,9,1624829006.6979635,/media/batool/MULTIMODAL_DATA/Multimodal_Data/Cat1/opposite/bag_files/Cat1_15mph_lr_opposite_9/camera_images/1624829006.6979635.jpg
Cat1,15mph,lr,opposite,9,1624829006.7312968,/media/batool/MULTIMODAL_DATA/Multimodal_Data/Cat1/opposite/bag_files/Cat1_15mph_lr_opposite_9/camera_images/1624829006.7312968.jpg
Cat1,15mph,lr,opposite,9,1624829006.76463,/media/batool/MULTIMODAL_DATA/Multimodal_Data/Cat1/opposite/bag_files/Cat1_15mph_lr_opposite_9/camera_images/1624829006.76463.jpg
Cat1,15mph,lr,opposite,9,1624829006.7979634,/media/batool/MULTIMODAL_DATA/Multimodal_Data/Cat1/opposite/bag_files/Cat1_15mph_lr_opposite_9/camera_images/1624829006.7979634.jpg
Cat1,15mph,lr,opposite,9,1624829006.8312967,/media/batool/MULTIMODAL_DATA/Multimodal_Data/Cat1/opposite/bag_files/Cat1_15mph_lr_opposite_9/camera_images/1624829006.8312967.jpg
Cat1,15mph,lr,opposite,9,1624829006.86463,/media/batool/MULTIMODAL_DATA/Multimodal_Data/Cat1/opposite/bag_files/Cat1_15mph_lr_opposite_9/camera_images/1624829006.86463.jpg
Cat1,15mph,lr,opposite,9,1624829006.8979633,/media/batool/MULTIMODAL_DATA/Multimodal_Data/Cat1/opposite/bag_files/Cat1_15mph_lr_opposite_9/camera_images/1624829006.8979633.jpg
Cat1,15mph,lr,opposite,9,1624829006.9312966,/media/batool/MULTIMODAL_DATA/Multimodal_Data/Cat1/opposite/bag_files/Cat1_15mph_lr_opposite_9/camera_images/1624829006.9312966.jpg
Cat1,15mph,lr,opposite,9,1624829006.96463,/media/batool/MULTIMODAL_DATA/Multimodal_Data/Cat1/opposite/bag_files/Cat1_15mph_lr_opposite_9/camera_images/1624829006.96463.jpg
Cat1,15mph,lr,opposite,9,1624829006.9979632,/media/batool/MULTIMODAL_DATA/Multimodal_Data/Cat1/opposite/bag_files/Cat1_15mph_lr_opposite_9/camera_images/1624829006.9979632.jpg
Cat1,15mph,lr,opposite,9,1624829007.0312965,/media/batool/MULTIMODAL_DATA/Multimodal_Data/Cat1/opposite/bag_files/Cat1_15mph_lr_opposite_9/camera_images/1624829007.0312965.jpg
Cat1,15mph,lr,opposite,9,1624829007.097963,/media/batool/MULTIMODAL_DATA/Multimodal_Data/Cat1/opposite/bag_files/Cat1_15mph_lr_opposite_9/camera_images/1624829007.097963.jpg
Cat1,15mph,lr,opposite,9,1624829007.1312964,/media/batool/MULTIMODAL_DATA/Multimodal_Data/Cat1/opposite/bag_files/Cat1_15mph_lr_opposite_9/camera_images/1624829007.1312964.jpg
Cat1,15mph,lr,opposite,9,1624829007.1646297,/media/batool/MULTIMODAL_DATA/Multimodal_Data/Cat1/opposite/bag_files/Cat1_15mph_lr_opposite_9/camera_images/1624829007.1646297.jpg
Cat1,15mph,lr,opposite,9,1624829007.197963,/media/batool/MULTIMODAL_DATA/Multimodal_Data/Cat1/opposite/bag_files/Cat1_15mph_lr_opposite_9/camera_images/1624829007.197963.jpg
Cat1,15mph,lr,opposite,9,1624829007.2312963,/media/batool/MULTIMODAL_DATA/Multimodal_Data/Cat1/opposite/bag_files/Cat1_15mph_lr_opposite_9/camera_images/1624829007.2312963.jpg
Cat1,15mph,lr,opposite,9,1624829007.2646296,/media/batool/MULTIMODAL_DATA/Multimodal_Data/Cat1/opposite/bag_files/Cat1_15mph_lr_opposite_9/camera_images/1624829007.2646296.jpg
Cat1,15mph,lr,opposite,9,1624829007.297963,/media/batool/MULTIMODAL_DATA/Multimodal_Data/Cat1/opposite/bag_files/Cat1_15mph_lr_opposite_9/camera_images/1624829007.297963.jpg
Cat1,15mph,lr,opposite,9,1624829007.3312962,/media/batool/MULTIMODAL_DATA/Multimodal_Data/Cat1/opposite/bag_files/Cat1_15mph_lr_opposite_9/camera_images/1624829007.3312962.jpg
Cat1,15mph,lr,opposite,9,1624829007.3646295,/media/batool/MULTIMODAL_DATA/Multimodal_Data/Cat1/opposite/bag_files/Cat1_15mph_lr_opposite_9/camera_images/1624829007.3646295.jpg
Cat1,15mph,lr,opposite,9,1624829007.3979628,/media/batool/MULTIMODAL_DATA/Multimodal_Data/Cat1/opposite/bag_files/Cat1_15mph_lr_opposite_9/camera_images/1624829007.3979628.jpg
Cat1,15mph,lr,opposite,9,1624829007.431296,/media/batool/MULTIMODAL_DATA/Multimodal_Data/Cat1/opposite/bag_files/Cat1_15mph_lr_opposite_9/camera_images/1624829007.431296.jpg
Cat1,15mph,lr,opposite,9,1624829007.4646294,/media/batool/MULTIMODAL_DATA/Multimodal_Data/Cat1/opposite/bag_files/Cat1_15mph_lr_opposite_9/camera_images/1624829007.4646294.jpg
Cat1,15mph,lr,opposite,9,1624829007.4979627,/media/batool/MULTIMODAL_DATA/Multimodal_Data/Cat1/opposite/bag_files/Cat1_15mph_lr_opposite_9/camera_images/1624829007.4979627.jpg
Cat1,15mph,lr,opposite,9,1624829007.531296,/media/batool/MULTIMODAL_DATA/Multimodal_Data/Cat1/opposite/bag_files/Cat1_15mph_lr_opposite_9/camera_images/1624829007.531296.jpg
Cat1,15mph,lr,opposite,9,1624829007.5646293,/media/batool/MULTIMODAL_DATA/Multimodal_Data/Cat1/opposite/bag_files/Cat1_15mph_lr_opposite_9/camera_images/1624829007.5646293.jpg
Cat1,15mph,lr,opposite,9,1624829007.631296,/media/batool/MULTIMODAL_DATA/Multimodal_Data/Cat1/opposite/bag_files/Cat1_15mph_lr_opposite_9/camera_images/1624829007.631296.jpg
Cat1,15mph,lr,opposite,9,1624829007.6646292,/media/batool/MULTIMODAL_DATA/Multimodal_Data/Cat1/opposite/bag_files/Cat1_15mph_lr_opposite_9/camera_images/1624829007.6646292.jpg
Cat1,15mph,lr,opposite,9,1624829007.6979625,/media/batool/MULTIMODAL_DATA/Multimodal_Data/Cat1/opposite/bag_files/Cat1_15mph_lr_opposite_9/camera_images/1624829007.6979625.jpg
Cat1,15mph,lr,opposite,9,1624829007.7312958,/media/batool/MULTIMODAL_DATA/Multimodal_Data/Cat1/opposite/bag_files/Cat1_15mph_lr_opposite_9/camera_images/1624829007.7312958.jpg
Cat1,15mph,lr,opposite,9,1624829007.7646291,/media/batool/MULTIMODAL_DATA/Multimodal_Data/Cat1/opposite/bag_files/Cat1_15mph_lr_opposite_9/camera_images/1624829007.7646291.jpg
Cat1,15mph,lr,opposite,9,1624829007.7979624,/media/batool/MULTIMODAL_DATA/Multimodal_Data/Cat1/opposite/bag_files/Cat1_15mph_lr_opposite_9/camera_images/1624829007.7979624.jpg
Cat1,15mph,lr,opposite,9,1624829007.8312957,/media/batool/MULTIMODAL_DATA/Multimodal_Data/Cat1/opposite/bag_files/Cat1_15mph_lr_opposite_9/camera_images/1624829007.8312957.jpg
Cat1,15mph,lr,opposite,9,1624829007.864629,/media/batool/MULTIMODAL_DATA/Multimodal_Data/Cat1/opposite/bag_files/Cat1_15mph_lr_opposite_9/camera_images/1624829007.864629.jpg
Cat1,15mph,lr,opposite,9,1624829007.8979623,/media/batool/MULTIMODAL_DATA/Multimodal_Data/Cat1/opposite/bag_files/Cat1_15mph_lr_opposite_9/camera_images/1624829007.8979623.jpg
Cat1,15mph,lr,opposite,9,1624829007.9312956,/media/batool/MULTIMODAL_DATA/Multimodal_Data/Cat1/opposite/bag_files/Cat1_15mph_lr_opposite_9/camera_images/1624829007.9312956.jpg
Cat1,15mph,lr,opposite,9,1624829007.964629,/media/batool/MULTIMODAL_DATA/Multimodal_Data/Cat1/opposite/bag_files/Cat1_15mph_lr_opposite_9/camera_images/1624829007.964629.jpg
Cat1,15mph,lr,opposite,9,1624829007.9979622,/media/batool/MULTIMODAL_DATA/Multimodal_Data/Cat1/opposite/bag_files/Cat1_15mph_lr_opposite_9/camera_images/1624829007.9979622.jpg
Cat1,15mph,lr,opposite,9,1624829008.0312955,/media/batool/MULTIMODAL_DATA/Multimodal_Data/Cat1/opposite/bag_files/Cat1_15mph_lr_opposite_9/camera_images/1624829008.0312955.jpg
Cat1,15mph,lr,opposite,9,1624829008.0646288,/media/batool/MULTIMODAL_DATA/Multimodal_Data/Cat1/opposite/bag_files/Cat1_15mph_lr_opposite_9/camera_images/1624829008.0646288.jpg
Cat1,15mph,lr,opposite,9,1624829008.0979621,/media/batool/MULTIMODAL_DATA/Multimodal_Data/Cat1/opposite/bag_files/Cat1_15mph_lr_opposite_9/camera_images/1624829008.0979621.jpg
Cat1,15mph,lr,opposite,9,1624829008.1646287,/media/batool/MULTIMODAL_DATA/Multimodal_Data/Cat1/opposite/bag_files/Cat1_15mph_lr_opposite_9/camera_images/1624829008.1646287.jpg
Cat1,15mph,lr,opposite,9,1624829008.197962,/media/batool/MULTIMODAL_DATA/Multimodal_Data/Cat1/opposite/bag_files/Cat1_15mph_lr_opposite_9/camera_images/1624829008.197962.jpg
Cat1,15mph,lr,opposite,9,1624829008.2312953,/media/batool/MULTIMODAL_DATA/Multimodal_Data/Cat1/opposite/bag_files/Cat1_15mph_lr_opposite_9/camera_images/1624829008.2312953.jpg
Cat1,15mph,lr,opposite,9,1624829008.2646286,/media/batool/MULTIMODAL_DATA/Multimodal_Data/Cat1/opposite/bag_files/Cat1_15mph_lr_opposite_9/camera_images/1624829008.2646286.jpg
Cat1,15mph,lr,opposite,9,1624829008.297962,/media/batool/MULTIMODAL_DATA/Multimodal_Data/Cat1/opposite/bag_files/Cat1_15mph_lr_opposite_9/camera_images/1624829008.297962.jpg
Cat1,15mph,lr,opposite,9,1624829008.3312953,/media/batool/MULTIMODAL_DATA/Multimodal_Data/Cat1/opposite/bag_files/Cat1_15mph_lr_opposite_9/camera_images/1624829008.3312953.jpg
Cat1,15mph,lr,opposite,9,1624829008.3646286,/media/batool/MULTIMODAL_DATA/Multimodal_Data/Cat1/opposite/bag_files/Cat1_15mph_lr_opposite_9/camera_images/1624829008.3646286.jpg
Cat1,15mph,lr,opposite,9,1624829008.3979619,/media/batool/MULTIMODAL_DATA/Multimodal_Data/Cat1/opposite/bag_files/Cat1_15mph_lr_opposite_9/camera_images/1624829008.3979619.jpg
Cat1,15mph,lr,opposite,9,1624829008.4312952,/media/batool/MULTIMODAL_DATA/Multimodal_Data/Cat1/opposite/bag_files/Cat1_15mph_lr_opposite_9/camera_images/1624829008.4312952.jpg
Cat1,15mph,lr,opposite,9,1624829008.4646285,/media/batool/MULTIMODAL_DATA/Multimodal_Data/Cat1/opposite/bag_files/Cat1_15mph_lr_opposite_9/camera_images/1624829008.4646285.jpg
Cat1,15mph,lr,opposite,9,1624829008.4979618,/media/batool/MULTIMODAL_DATA/Multimodal_Data/Cat1/opposite/bag_files/Cat1_15mph_lr_opposite_9/camera_images/1624829008.4979618.jpg
Cat1,15mph,lr,opposite,9,1624829008.531295,/media/batool/MULTIMODAL_DATA/Multimodal_Data/Cat1/opposite/bag_files/Cat1_15mph_lr_opposite_9/camera_images/1624829008.531295.jpg
Cat1,15mph,lr,opposite,9,1624829008.5646284,/media/batool/MULTIMODAL_DATA/Multimodal_Data/Cat1/opposite/bag_files/Cat1_15mph_lr_opposite_9/camera_images/1624829008.5646284.jpg
Cat1,15mph,lr,opposite,9,1624829008.5979617,/media/batool/MULTIMODAL_DATA/Multimodal_Data/Cat1/opposite/bag_files/Cat1_15mph_lr_opposite_9/camera_images/1624829008.5979617.jpg
Cat1,15mph,lr,opposite,9,1624829008.631295,/media/batool/MULTIMODAL_DATA/Multimodal_Data/Cat1/opposite/bag_files/Cat1_15mph_lr_opposite_9/camera_images/1624829008.631295.jpg
Cat1,15mph,lr,opposite,9,1624829008.6979616,/media/batool/MULTIMODAL_DATA/Multimodal_Data/Cat1/opposite/bag_files/Cat1_15mph_lr_opposite_9/camera_images/1624829008.6979616.jpg
Cat1,15mph,lr,opposite,9,1624829008.7312949,/media/batool/MULTIMODAL_DATA/Multimodal_Data/Cat1/opposite/bag_files/Cat1_15mph_lr_opposite_9/camera_images/1624829008.7312949.jpg
Cat1,15mph,lr,opposite,9,1624829008.7646282,/media/batool/MULTIMODAL_DATA/Multimodal_Data/Cat1/opposite/bag_files/Cat1_15mph_lr_opposite_9/camera_images/1624829008.7646282.jpg
Cat1,15mph,lr,opposite,9,1624829008.7979615,/media/batool/MULTIMODAL_DATA/Multimodal_Data/Cat1/opposite/bag_files/Cat1_15mph_lr_opposite_9/camera_images/1624829008.7979615.jpg
Cat1,15mph,lr,opposite,9,1624829008.8312948,/media/batool/MULTIMODAL_DATA/Multimodal_Data/Cat1/opposite/bag_files/Cat1_15mph_lr_opposite_9/camera_images/1624829008.8312948.jpg
Cat1,15mph,lr,opposite,9,1624829008.864628,/media/batool/MULTIMODAL_DATA/Multimodal_Data/Cat1/opposite/bag_files/Cat1_15mph_lr_opposite_9/camera_images/1624829008.864628.jpg
Cat1,15mph,lr,opposite,9,1624829008.8979614,/media/batool/MULTIMODAL_DATA/Multimodal_Data/Cat1/opposite/bag_files/Cat1_15mph_lr_opposite_9/camera_images/1624829008.8979614.jpg
Cat1,15mph,lr,opposite,9,1624829008.9312947,/media/batool/MULTIMODAL_DATA/Multimodal_Data/Cat1/opposite/bag_files/Cat1_15mph_lr_opposite_9/camera_images/1624829008.9312947.jpg
Cat1,15mph,lr,opposite,9,1624829008.964628,/media/batool/MULTIMODAL_DATA/Multimodal_Data/Cat1/opposite/bag_files/Cat1_15mph_lr_opposite_9/camera_images/1624829008.964628.jpg
Cat1,15mph,lr,opposite,9,1624829008.9979613,/media/batool/MULTIMODAL_DATA/Multimodal_Data/Cat1/opposite/bag_files/Cat1_15mph_lr_opposite_9/camera_images/1624829008.9979613.jpg
Cat1,15mph,lr,opposite,9,1624829009.0312946,/media/batool/MULTIMODAL_DATA/Multimodal_Data/Cat1/opposite/bag_files/Cat1_15mph_lr_opposite_9/camera_images/1624829009.0312946.jpg
Cat1,15mph,lr,opposite,9,1624829009.064628,/media/batool/MULTIMODAL_DATA/Multimodal_Data/Cat1/opposite/bag_files/Cat1_15mph_lr_opposite_9/camera_images/1624829009.064628.jpg
Cat1,15mph,lr,opposite,9,1624829009.0979612,/media/batool/MULTIMODAL_DATA/Multimodal_Data/Cat1/opposite/bag_files/Cat1_15mph_lr_opposite_9/camera_images/1624829009.0979612.jpg
Cat1,15mph,lr,opposite,9,1624829009.1312945,/media/batool/MULTIMODAL_DATA/Multimodal_Data/Cat1/opposite/bag_files/Cat1_15mph_lr_opposite_9/camera_images/1624829009.1312945.jpg
Cat1,15mph,lr,opposite,9,1624829009.1646278,/media/batool/MULTIMODAL_DATA/Multimodal_Data/Cat1/opposite/bag_files/Cat1_15mph_lr_opposite_9/camera_images/1624829009.1646278.jpg
Cat1,15mph,lr,opposite,9,1624829009.2312944,/media/batool/MULTIMODAL_DATA/Multimodal_Data/Cat1/opposite/bag_files/Cat1_15mph_lr_opposite_9/camera_images/1624829009.2312944.jpg
Cat1,15mph,lr,opposite,9,1624829009.2646277,/media/batool/MULTIMODAL_DATA/Multimodal_Data/Cat1/opposite/bag_files/Cat1_15mph_lr_opposite_9/camera_images/1624829009.2646277.jpg
Cat1,15mph,lr,opposite,9,1624829009.297961,/media/batool/MULTIMODAL_DATA/Multimodal_Data/Cat1/opposite/bag_files/Cat1_15mph_lr_opposite_9/camera_images/1624829009.297961.jpg
Cat1,15mph,lr,opposite,9,1624829009.3312943,/media/batool/MULTIMODAL_DATA/Multimodal_Data/Cat1/opposite/bag_files/Cat1_15mph_lr_opposite_9/camera_images/1624829009.3312943.jpg
Cat1,15mph,lr,opposite,9,1624829009.3646276,/media/batool/MULTIMODAL_DATA/Multimodal_Data/Cat1/opposite/bag_files/Cat1_15mph_lr_opposite_9/camera_images/1624829009.3646276.jpg
Cat1,15mph,lr,opposite,9,1624829009.397961,/media/batool/MULTIMODAL_DATA/Multimodal_Data/Cat1/opposite/bag_files/Cat1_15mph_lr_opposite_9/camera_images/1624829009.397961.jpg
Cat1,15mph,lr,opposite,9,1624829009.4312942,/media/batool/MULTIMODAL_DATA/Multimodal_Data/Cat1/opposite/bag_files/Cat1_15mph_lr_opposite_9/camera_images/1624829009.4312942.jpg
Cat1,15mph,lr,opposite,9,1624829009.4646275,/media/batool/MULTIMODAL_DATA/Multimodal_Data/Cat1/opposite/bag_files/Cat1_15mph_lr_opposite_9/camera_images/1624829009.4646275.jpg
Cat1,15mph,lr,opposite,9,1624829009.4979608,/media/batool/MULTIMODAL_DATA/Multimodal_Data/Cat1/opposite/bag_files/Cat1_15mph_lr_opposite_9/camera_images/1624829009.4979608.jpg
Cat1,15mph,lr,opposite,9,1624829009.531294,/media/batool/MULTIMODAL_DATA/Multimodal_Data/Cat1/opposite/bag_files/Cat1_15mph_lr_opposite_9/camera_images/1624829009.531294.jpg
Cat1,15mph,lr,opposite,9,1624829009.5646274,/media/batool/MULTIMODAL_DATA/Multimodal_Data/Cat1/opposite/bag_files/Cat1_15mph_lr_opposite_9/camera_images/1624829009.5646274.jpg
Cat1,15mph,lr,opposite,9,1624829009.5979607,/media/batool/MULTIMODAL_DATA/Multimodal_Data/Cat1/opposite/bag_files/Cat1_15mph_lr_opposite_9/camera_images/1624829009.5979607.jpg
Cat1,15mph,lr,opposite,9,1624829009.631294,/media/batool/MULTIMODAL_DATA/Multimodal_Data/Cat1/opposite/bag_files/Cat1_15mph_lr_opposite_9/camera_images/1624829009.631294.jpg
Cat1,15mph,lr,opposite,9,1624829009.6646273,/media/batool/MULTIMODAL_DATA/Multimodal_Data/Cat1/opposite/bag_files/Cat1_15mph_lr_opposite_9/camera_images/1624829009.6646273.jpg
Cat1,15mph,lr,opposite,9,1624829009.6979606,/media/batool/MULTIMODAL_DATA/Multimodal_Data/Cat1/opposite/bag_files/Cat1_15mph_lr_opposite_9/camera_images/1624829009.6979606.jpg
Cat1,15mph,lr,opposite,9,1624829009.7646272,/media/batool/MULTIMODAL_DATA/Multimodal_Data/Cat1/opposite/bag_files/Cat1_15mph_lr_opposite_9/camera_images/1624829009.7646272.jpg
Cat1,15mph,lr,opposite,9,1624829009.7979605,/media/batool/MULTIMODAL_DATA/Multimodal_Data/Cat1/opposite/bag_files/Cat1_15mph_lr_opposite_9/camera_images/1624829009.7979605.jpg
Cat1,15mph,lr,opposite,9,1624829009.8312938,/media/batool/MULTIMODAL_DATA/Multimodal_Data/Cat1/opposite/bag_files/Cat1_15mph_lr_opposite_9/camera_images/1624829009.8312938.jpg
Cat1,15mph,lr,opposite,9,1624829009.8646271,/media/batool/MULTIMODAL_DATA/Multimodal_Data/Cat1/opposite/bag_files/Cat1_15mph_lr_opposite_9/camera_images/1624829009.8646271.jpg
Cat1,15mph,lr,opposite,9,1624829009.8979604,/media/batool/MULTIMODAL_DATA/Multimodal_Data/Cat1/opposite/bag_files/Cat1_15mph_lr_opposite_9/camera_images/1624829009.8979604.jpg
Cat1,15mph,lr,opposite,9,1624829009.9312937,/media/batool/MULTIMODAL_DATA/Multimodal_Data/Cat1/opposite/bag_files/Cat1_15mph_lr_opposite_9/camera_images/1624829009.9312937.jpg
Cat1,15mph,lr,opposite,9,1624829009.964627,/media/batool/MULTIMODAL_DATA/Multimodal_Data/Cat1/opposite/bag_files/Cat1_15mph_lr_opposite_9/camera_images/1624829009.964627.jpg
Cat1,15mph,lr,opposite,9,1624829009.9979603,/media/batool/MULTIMODAL_DATA/Multimodal_Data/Cat1/opposite/bag_files/Cat1_15mph_lr_opposite_9/camera_images/1624829009.9979603.jpg
Cat1,15mph,lr,opposite,9,1624829010.0312936,/media/batool/MULTIMODAL_DATA/Multimodal_Data/Cat1/opposite/bag_files/Cat1_15mph_lr_opposite_9/camera_images/1624829010.0312936.jpg
Cat1,15mph,lr,opposite,9,1624829010.064627,/media/batool/MULTIMODAL_DATA/Multimodal_Data/Cat1/opposite/bag_files/Cat1_15mph_lr_opposite_9/camera_images/1624829010.064627.jpg
Cat1,15mph,lr,opposite,9,1624829010.0979602,/media/batool/MULTIMODAL_DATA/Multimodal_Data/Cat1/opposite/bag_files/Cat1_15mph_lr_opposite_9/camera_images/1624829010.0979602.jpg
Cat1,15mph,lr,opposite,9,1624829010.1312935,/media/batool/MULTIMODAL_DATA/Multimodal_Data/Cat1/opposite/bag_files/Cat1_15mph_lr_opposite_9/camera_images/1624829010.1312935.jpg
Cat1,15mph,lr,opposite,9,1624829010.1646268,/media/batool/MULTIMODAL_DATA/Multimodal_Data/Cat1/opposite/bag_files/Cat1_15mph_lr_opposite_9/camera_images/1624829010.1646268.jpg
Cat1,15mph,lr,opposite,9,1624829010.1979601,/media/batool/MULTIMODAL_DATA/Multimodal_Data/Cat1/opposite/bag_files/Cat1_15mph_lr_opposite_9/camera_images/1624829010.1979601.jpg
Cat1,15mph,lr,opposite,9,1624829010.2312934,/media/batool/MULTIMODAL_DATA/Multimodal_Data/Cat1/opposite/bag_files/Cat1_15mph_lr_opposite_9/camera_images/1624829010.2312934.jpg
Cat1,15mph,lr,opposite,9,1624829010.29796,/media/batool/MULTIMODAL_DATA/Multimodal_Data/Cat1/opposite/bag_files/Cat1_15mph_lr_opposite_9/camera_images/1624829010.29796.jpg
Cat1,15mph,lr,opposite,9,1624829010.3312933,/media/batool/MULTIMODAL_DATA/Multimodal_Data/Cat1/opposite/bag_files/Cat1_15mph_lr_opposite_9/camera_images/1624829010.3312933.jpg
Cat1,15mph,lr,opposite,9,1624829010.3646266,/media/batool/MULTIMODAL_DATA/Multimodal_Data/Cat1/opposite/bag_files/Cat1_15mph_lr_opposite_9/camera_images/1624829010.3646266.jpg
Cat1,15mph,lr,opposite,9,1624829010.39796,/media/batool/MULTIMODAL_DATA/Multimodal_Data/Cat1/opposite/bag_files/Cat1_15mph_lr_opposite_9/camera_images/1624829010.39796.jpg
Cat1,15mph,lr,opposite,9,1624829010.4312932,/media/batool/MULTIMODAL_DATA/Multimodal_Data/Cat1/opposite/bag_files/Cat1_15mph_lr_opposite_9/camera_images/1624829010.4312932.jpg
Cat1,15mph,lr,opposite,9,1624829010.4646266,/media/batool/MULTIMODAL_DATA/Multimodal_Data/Cat1/opposite/bag_files/Cat1_15mph_lr_opposite_9/camera_images/1624829010.4646266.jpg
Cat1,15mph,lr,opposite,9,1624829010.4979599,/media/batool/MULTIMODAL_DATA/Multimodal_Data/Cat1/opposite/bag_files/Cat1_15mph_lr_opposite_9/camera_images/1624829010.4979599.jpg
Cat1,15mph,lr,opposite,9,1624829010.5312932,/media/batool/MULTIMODAL_DATA/Multimodal_Data/Cat1/opposite/bag_files/Cat1_15mph_lr_opposite_9/camera_images/1624829010.5312932.jpg
Cat1,15mph,lr,opposite,9,1624829010.5646265,/media/batool/MULTIMODAL_DATA/Multimodal_Data/Cat1/opposite/bag_files/Cat1_15mph_lr_opposite_9/camera_images/1624829010.5646265.jpg
Cat1,15mph,lr,opposite,9,1624829010.5979598,/media/batool/MULTIMODAL_DATA/Multimodal_Data/Cat1/opposite/bag_files/Cat1_15mph_lr_opposite_9/camera_images/1624829010.5979598.jpg
Cat1,15mph,lr,opposite,9,1624829010.631293,/media/batool/MULTIMODAL_DATA/Multimodal_Data/Cat1/opposite/bag_files/Cat1_15mph_lr_opposite_9/camera_images/1624829010.631293.jpg
Cat1,15mph,lr,opposite,9,1624829010.6646264,/media/batool/MULTIMODAL_DATA/Multimodal_Data/Cat1/opposite/bag_files/Cat1_15mph_lr_opposite_9/camera_images/1624829010.6646264.jpg
Cat1,15mph,lr,opposite,9,1624829010.6979597,/media/batool/MULTIMODAL_DATA/Multimodal_Data/Cat1/opposite/bag_files/Cat1_15mph_lr_opposite_9/camera_images/1624829010.6979597.jpg
Cat1,15mph,lr,opposite,9,1624829010.731293,/media/batool/MULTIMODAL_DATA/Multimodal_Data/Cat1/opposite/bag_files/Cat1_15mph_lr_opposite_9/camera_images/1624829010.731293.jpg
Cat1,15mph,lr,opposite,9,1624829010.7646263,/media/batool/MULTIMODAL_DATA/Multimodal_Data/Cat1/opposite/bag_files/Cat1_15mph_lr_opposite_9/camera_images/1624829010.7646263.jpg
Cat1,15mph,lr,opposite,9,1624829010.7979596,/media/batool/MULTIMODAL_DATA/Multimodal_Data/Cat1/opposite/bag_files/Cat1_15mph_lr_opposite_9/camera_images/1624829010.7979596.jpg
Cat1,15mph,lr,opposite,9,1624829010.8312929,/media/batool/MULTIMODAL_DATA/Multimodal_Data/Cat1/opposite/bag_files/Cat1_15mph_lr_opposite_9/camera_images/1624829010.8312929.jpg
Cat1,15mph,lr,opposite,9,1624829010.8646262,/media/batool/MULTIMODAL_DATA/Multimodal_Data/Cat1/opposite/bag_files/Cat1_15mph_lr_opposite_9/camera_images/1624829010.8646262.jpg
Cat1,15mph,lr,opposite,9,1624829010.8979595,/media/batool/MULTIMODAL_DATA/Multimodal_Data/Cat1/opposite/bag_files/Cat1_15mph_lr_opposite_9/camera_images/1624829010.8979595.jpg
Cat1,15mph,lr,opposite,9,1624829010.9312928,/media/batool/MULTIMODAL_DATA/Multimodal_Data/Cat1/opposite/bag_files/Cat1_15mph_lr_opposite_9/camera_images/1624829010.9312928.jpg
Cat1,15mph,lr,opposite,9,1624829010.964626,/media/batool/MULTIMODAL_DATA/Multimodal_Data/Cat1/opposite/bag_files/Cat1_15mph_lr_opposite_9/camera_images/1624829010.964626.jpg
Cat1,15mph,lr,opposite,9,1624829010.9979594,/media/batool/MULTIMODAL_DATA/Multimodal_Data/Cat1/opposite/bag_files/Cat1_15mph_lr_opposite_9/camera_images/1624829010.9979594.jpg
Cat1,15mph,lr,opposite,9,1624829011.0312927,/media/batool/MULTIMODAL_DATA/Multimodal_Data/Cat1/opposite/bag_files/Cat1_15mph_lr_opposite_9/camera_images/1624829011.0312927.jpg
Cat1,15mph,lr,opposite,9,1624829011.064626,/media/batool/MULTIMODAL_DATA/Multimodal_Data/Cat1/opposite/bag_files/Cat1_15mph_lr_opposite_9/camera_images/1624829011.064626.jpg
