Category,speed,direction,lane,episode,Time header,lidar number,path to the file
Cat1,15mph,lr,opposite,9,1624828994.948202000,ns1,/media/batool/MULTIMODAL_DATA/Multimodal_Data/Cat1/opposite/bag_files/Cat1_15mph_lr_opposite_9/lidar_pcd/ns1/velodyne_points/1624828994.948202000.pcd
Cat1,15mph,lr,opposite,9,1624828995.049037000,ns1,/media/batool/MULTIMODAL_DATA/Multimodal_Data/Cat1/opposite/bag_files/Cat1_15mph_lr_opposite_9/lidar_pcd/ns1/velodyne_points/1624828995.049037000.pcd
Cat1,15mph,lr,opposite,9,1624828995.149910000,ns1,/media/batool/MULTIMODAL_DATA/Multimodal_Data/Cat1/opposite/bag_files/Cat1_15mph_lr_opposite_9/lidar_pcd/ns1/velodyne_points/1624828995.149910000.pcd
Cat1,15mph,lr,opposite,9,1624828995.250771000,ns1,/media/batool/MULTIMODAL_DATA/Multimodal_Data/Cat1/opposite/bag_files/Cat1_15mph_lr_opposite_9/lidar_pcd/ns1/velodyne_points/1624828995.250771000.pcd
Cat1,15mph,lr,opposite,9,1624828995.351628000,ns1,/media/batool/MULTIMODAL_DATA/Multimodal_Data/Cat1/opposite/bag_files/Cat1_15mph_lr_opposite_9/lidar_pcd/ns1/velodyne_points/1624828995.351628000.pcd
Cat1,15mph,lr,opposite,9,1624828995.452488000,ns1,/media/batool/MULTIMODAL_DATA/Multimodal_Data/Cat1/opposite/bag_files/Cat1_15mph_lr_opposite_9/lidar_pcd/ns1/velodyne_points/1624828995.452488000.pcd
Cat1,15mph,lr,opposite,9,1624828995.553311000,ns1,/media/batool/MULTIMODAL_DATA/Multimodal_Data/Cat1/opposite/bag_files/Cat1_15mph_lr_opposite_9/lidar_pcd/ns1/velodyne_points/1624828995.553311000.pcd
Cat1,15mph,lr,opposite,9,1624828995.654191000,ns1,/media/batool/MULTIMODAL_DATA/Multimodal_Data/Cat1/opposite/bag_files/Cat1_15mph_lr_opposite_9/lidar_pcd/ns1/velodyne_points/1624828995.654191000.pcd
Cat1,15mph,lr,opposite,9,1624828995.755047000,ns1,/media/batool/MULTIMODAL_DATA/Multimodal_Data/Cat1/opposite/bag_files/Cat1_15mph_lr_opposite_9/lidar_pcd/ns1/velodyne_points/1624828995.755047000.pcd
Cat1,15mph,lr,opposite,9,1624828995.855909000,ns1,/media/batool/MULTIMODAL_DATA/Multimodal_Data/Cat1/opposite/bag_files/Cat1_15mph_lr_opposite_9/lidar_pcd/ns1/velodyne_points/1624828995.855909000.pcd
Cat1,15mph,lr,opposite,9,1624828995.956742000,ns1,/media/batool/MULTIMODAL_DATA/Multimodal_Data/Cat1/opposite/bag_files/Cat1_15mph_lr_opposite_9/lidar_pcd/ns1/velodyne_points/1624828995.956742000.pcd
Cat1,15mph,lr,opposite,9,1624828996.057619000,ns1,/media/batool/MULTIMODAL_DATA/Multimodal_Data/Cat1/opposite/bag_files/Cat1_15mph_lr_opposite_9/lidar_pcd/ns1/velodyne_points/1624828996.057619000.pcd
Cat1,15mph,lr,opposite,9,1624828996.158457000,ns1,/media/batool/MULTIMODAL_DATA/Multimodal_Data/Cat1/opposite/bag_files/Cat1_15mph_lr_opposite_9/lidar_pcd/ns1/velodyne_points/1624828996.158457000.pcd
Cat1,15mph,lr,opposite,9,1624828996.259319000,ns1,/media/batool/MULTIMODAL_DATA/Multimodal_Data/Cat1/opposite/bag_files/Cat1_15mph_lr_opposite_9/lidar_pcd/ns1/velodyne_points/1624828996.259319000.pcd
Cat1,15mph,lr,opposite,9,1624828996.461051000,ns1,/media/batool/MULTIMODAL_DATA/Multimodal_Data/Cat1/opposite/bag_files/Cat1_15mph_lr_opposite_9/lidar_pcd/ns1/velodyne_points/1624828996.461051000.pcd
Cat1,15mph,lr,opposite,9,1624828996.561911000,ns1,/media/batool/MULTIMODAL_DATA/Multimodal_Data/Cat1/opposite/bag_files/Cat1_15mph_lr_opposite_9/lidar_pcd/ns1/velodyne_points/1624828996.561911000.pcd
Cat1,15mph,lr,opposite,9,1624828996.662777000,ns1,/media/batool/MULTIMODAL_DATA/Multimodal_Data/Cat1/opposite/bag_files/Cat1_15mph_lr_opposite_9/lidar_pcd/ns1/velodyne_points/1624828996.662777000.pcd
Cat1,15mph,lr,opposite,9,1624828996.763620000,ns1,/media/batool/MULTIMODAL_DATA/Multimodal_Data/Cat1/opposite/bag_files/Cat1_15mph_lr_opposite_9/lidar_pcd/ns1/velodyne_points/1624828996.763620000.pcd
Cat1,15mph,lr,opposite,9,1624828996.864473000,ns1,/media/batool/MULTIMODAL_DATA/Multimodal_Data/Cat1/opposite/bag_files/Cat1_15mph_lr_opposite_9/lidar_pcd/ns1/velodyne_points/1624828996.864473000.pcd
Cat1,15mph,lr,opposite,9,1624828996.965308000,ns1,/media/batool/MULTIMODAL_DATA/Multimodal_Data/Cat1/opposite/bag_files/Cat1_15mph_lr_opposite_9/lidar_pcd/ns1/velodyne_points/1624828996.965308000.pcd
Cat1,15mph,lr,opposite,9,1624828997.066192000,ns1,/media/batool/MULTIMODAL_DATA/Multimodal_Data/Cat1/opposite/bag_files/Cat1_15mph_lr_opposite_9/lidar_pcd/ns1/velodyne_points/1624828997.066192000.pcd
Cat1,15mph,lr,opposite,9,1624828997.167015000,ns1,/media/batool/MULTIMODAL_DATA/Multimodal_Data/Cat1/opposite/bag_files/Cat1_15mph_lr_opposite_9/lidar_pcd/ns1/velodyne_points/1624828997.167015000.pcd
Cat1,15mph,lr,opposite,9,1624828997.267888000,ns1,/media/batool/MULTIMODAL_DATA/Multimodal_Data/Cat1/opposite/bag_files/Cat1_15mph_lr_opposite_9/lidar_pcd/ns1/velodyne_points/1624828997.267888000.pcd
Cat1,15mph,lr,opposite,9,1624828997.368758000,ns1,/media/batool/MULTIMODAL_DATA/Multimodal_Data/Cat1/opposite/bag_files/Cat1_15mph_lr_opposite_9/lidar_pcd/ns1/velodyne_points/1624828997.368758000.pcd
Cat1,15mph,lr,opposite,9,1624828997.469619000,ns1,/media/batool/MULTIMODAL_DATA/Multimodal_Data/Cat1/opposite/bag_files/Cat1_15mph_lr_opposite_9/lidar_pcd/ns1/velodyne_points/1624828997.469619000.pcd
Cat1,15mph,lr,opposite,9,1624828997.570438000,ns1,/media/batool/MULTIMODAL_DATA/Multimodal_Data/Cat1/opposite/bag_files/Cat1_15mph_lr_opposite_9/lidar_pcd/ns1/velodyne_points/1624828997.570438000.pcd
Cat1,15mph,lr,opposite,9,1624828997.671337000,ns1,/media/batool/MULTIMODAL_DATA/Multimodal_Data/Cat1/opposite/bag_files/Cat1_15mph_lr_opposite_9/lidar_pcd/ns1/velodyne_points/1624828997.671337000.pcd
Cat1,15mph,lr,opposite,9,1624828997.772168000,ns1,/media/batool/MULTIMODAL_DATA/Multimodal_Data/Cat1/opposite/bag_files/Cat1_15mph_lr_opposite_9/lidar_pcd/ns1/velodyne_points/1624828997.772168000.pcd
Cat1,15mph,lr,opposite,9,1624828997.973898000,ns1,/media/batool/MULTIMODAL_DATA/Multimodal_Data/Cat1/opposite/bag_files/Cat1_15mph_lr_opposite_9/lidar_pcd/ns1/velodyne_points/1624828997.973898000.pcd
Cat1,15mph,lr,opposite,9,1624828998.074768000,ns1,/media/batool/MULTIMODAL_DATA/Multimodal_Data/Cat1/opposite/bag_files/Cat1_15mph_lr_opposite_9/lidar_pcd/ns1/velodyne_points/1624828998.074768000.pcd
Cat1,15mph,lr,opposite,9,1624828998.175603000,ns1,/media/batool/MULTIMODAL_DATA/Multimodal_Data/Cat1/opposite/bag_files/Cat1_15mph_lr_opposite_9/lidar_pcd/ns1/velodyne_points/1624828998.175603000.pcd
Cat1,15mph,lr,opposite,9,1624828998.276477000,ns1,/media/batool/MULTIMODAL_DATA/Multimodal_Data/Cat1/opposite/bag_files/Cat1_15mph_lr_opposite_9/lidar_pcd/ns1/velodyne_points/1624828998.276477000.pcd
Cat1,15mph,lr,opposite,9,1624828998.377317000,ns1,/media/batool/MULTIMODAL_DATA/Multimodal_Data/Cat1/opposite/bag_files/Cat1_15mph_lr_opposite_9/lidar_pcd/ns1/velodyne_points/1624828998.377317000.pcd
Cat1,15mph,lr,opposite,9,1624828998.478190000,ns1,/media/batool/MULTIMODAL_DATA/Multimodal_Data/Cat1/opposite/bag_files/Cat1_15mph_lr_opposite_9/lidar_pcd/ns1/velodyne_points/1624828998.478190000.pcd
Cat1,15mph,lr,opposite,9,1624828998.579039000,ns1,/media/batool/MULTIMODAL_DATA/Multimodal_Data/Cat1/opposite/bag_files/Cat1_15mph_lr_opposite_9/lidar_pcd/ns1/velodyne_points/1624828998.579039000.pcd
Cat1,15mph,lr,opposite,9,1624828998.679892000,ns1,/media/batool/MULTIMODAL_DATA/Multimodal_Data/Cat1/opposite/bag_files/Cat1_15mph_lr_opposite_9/lidar_pcd/ns1/velodyne_points/1624828998.679892000.pcd
Cat1,15mph,lr,opposite,9,1624828998.780747000,ns1,/media/batool/MULTIMODAL_DATA/Multimodal_Data/Cat1/opposite/bag_files/Cat1_15mph_lr_opposite_9/lidar_pcd/ns1/velodyne_points/1624828998.780747000.pcd
Cat1,15mph,lr,opposite,9,1624828998.881644000,ns1,/media/batool/MULTIMODAL_DATA/Multimodal_Data/Cat1/opposite/bag_files/Cat1_15mph_lr_opposite_9/lidar_pcd/ns1/velodyne_points/1624828998.881644000.pcd
Cat1,15mph,lr,opposite,9,1624828998.982473000,ns1,/media/batool/MULTIMODAL_DATA/Multimodal_Data/Cat1/opposite/bag_files/Cat1_15mph_lr_opposite_9/lidar_pcd/ns1/velodyne_points/1624828998.982473000.pcd
Cat1,15mph,lr,opposite,9,1624828999.083315000,ns1,/media/batool/MULTIMODAL_DATA/Multimodal_Data/Cat1/opposite/bag_files/Cat1_15mph_lr_opposite_9/lidar_pcd/ns1/velodyne_points/1624828999.083315000.pcd
Cat1,15mph,lr,opposite,9,1624828999.184172000,ns1,/media/batool/MULTIMODAL_DATA/Multimodal_Data/Cat1/opposite/bag_files/Cat1_15mph_lr_opposite_9/lidar_pcd/ns1/velodyne_points/1624828999.184172000.pcd
Cat1,15mph,lr,opposite,9,1624828999.285027000,ns1,/media/batool/MULTIMODAL_DATA/Multimodal_Data/Cat1/opposite/bag_files/Cat1_15mph_lr_opposite_9/lidar_pcd/ns1/velodyne_points/1624828999.285027000.pcd
Cat1,15mph,lr,opposite,9,1624828999.486737000,ns1,/media/batool/MULTIMODAL_DATA/Multimodal_Data/Cat1/opposite/bag_files/Cat1_15mph_lr_opposite_9/lidar_pcd/ns1/velodyne_points/1624828999.486737000.pcd
Cat1,15mph,lr,opposite,9,1624828999.587616000,ns1,/media/batool/MULTIMODAL_DATA/Multimodal_Data/Cat1/opposite/bag_files/Cat1_15mph_lr_opposite_9/lidar_pcd/ns1/velodyne_points/1624828999.587616000.pcd
Cat1,15mph,lr,opposite,9,1624828999.688471000,ns1,/media/batool/MULTIMODAL_DATA/Multimodal_Data/Cat1/opposite/bag_files/Cat1_15mph_lr_opposite_9/lidar_pcd/ns1/velodyne_points/1624828999.688471000.pcd
Cat1,15mph,lr,opposite,9,1624828999.789298000,ns1,/media/batool/MULTIMODAL_DATA/Multimodal_Data/Cat1/opposite/bag_files/Cat1_15mph_lr_opposite_9/lidar_pcd/ns1/velodyne_points/1624828999.789298000.pcd
Cat1,15mph,lr,opposite,9,1624828999.890187000,ns1,/media/batool/MULTIMODAL_DATA/Multimodal_Data/Cat1/opposite/bag_files/Cat1_15mph_lr_opposite_9/lidar_pcd/ns1/velodyne_points/1624828999.890187000.pcd
Cat1,15mph,lr,opposite,9,1624828999.991037000,ns1,/media/batool/MULTIMODAL_DATA/Multimodal_Data/Cat1/opposite/bag_files/Cat1_15mph_lr_opposite_9/lidar_pcd/ns1/velodyne_points/1624828999.991037000.pcd
Cat1,15mph,lr,opposite,9,1624829000.091873000,ns1,/media/batool/MULTIMODAL_DATA/Multimodal_Data/Cat1/opposite/bag_files/Cat1_15mph_lr_opposite_9/lidar_pcd/ns1/velodyne_points/1624829000.091873000.pcd
Cat1,15mph,lr,opposite,9,1624829000.192748000,ns1,/media/batool/MULTIMODAL_DATA/Multimodal_Data/Cat1/opposite/bag_files/Cat1_15mph_lr_opposite_9/lidar_pcd/ns1/velodyne_points/1624829000.192748000.pcd
Cat1,15mph,lr,opposite,9,1624829000.293597000,ns1,/media/batool/MULTIMODAL_DATA/Multimodal_Data/Cat1/opposite/bag_files/Cat1_15mph_lr_opposite_9/lidar_pcd/ns1/velodyne_points/1624829000.293597000.pcd
Cat1,15mph,lr,opposite,9,1624829000.394468000,ns1,/media/batool/MULTIMODAL_DATA/Multimodal_Data/Cat1/opposite/bag_files/Cat1_15mph_lr_opposite_9/lidar_pcd/ns1/velodyne_points/1624829000.394468000.pcd
Cat1,15mph,lr,opposite,9,1624829000.495308000,ns1,/media/batool/MULTIMODAL_DATA/Multimodal_Data/Cat1/opposite/bag_files/Cat1_15mph_lr_opposite_9/lidar_pcd/ns1/velodyne_points/1624829000.495308000.pcd
Cat1,15mph,lr,opposite,9,1624829000.596131000,ns1,/media/batool/MULTIMODAL_DATA/Multimodal_Data/Cat1/opposite/bag_files/Cat1_15mph_lr_opposite_9/lidar_pcd/ns1/velodyne_points/1624829000.596131000.pcd
Cat1,15mph,lr,opposite,9,1624829000.696998000,ns1,/media/batool/MULTIMODAL_DATA/Multimodal_Data/Cat1/opposite/bag_files/Cat1_15mph_lr_opposite_9/lidar_pcd/ns1/velodyne_points/1624829000.696998000.pcd
Cat1,15mph,lr,opposite,9,1624829000.797885000,ns1,/media/batool/MULTIMODAL_DATA/Multimodal_Data/Cat1/opposite/bag_files/Cat1_15mph_lr_opposite_9/lidar_pcd/ns1/velodyne_points/1624829000.797885000.pcd
Cat1,15mph,lr,opposite,9,1624828996.360197000,ns1,/media/batool/MULTIMODAL_DATA/Multimodal_Data/Cat1/opposite/bag_files/Cat1_15mph_lr_opposite_9/lidar_pcd/ns1/velodyne_points/1624828996.360197000.pcd
Cat1,15mph,lr,opposite,9,1624828997.873038000,ns1,/media/batool/MULTIMODAL_DATA/Multimodal_Data/Cat1/opposite/bag_files/Cat1_15mph_lr_opposite_9/lidar_pcd/ns1/velodyne_points/1624828997.873038000.pcd
Cat1,15mph,lr,opposite,9,1624828999.385899000,ns1,/media/batool/MULTIMODAL_DATA/Multimodal_Data/Cat1/opposite/bag_files/Cat1_15mph_lr_opposite_9/lidar_pcd/ns1/velodyne_points/1624828999.385899000.pcd
Cat1,15mph,lr,opposite,9,1624829000.898739000,ns1,/media/batool/MULTIMODAL_DATA/Multimodal_Data/Cat1/opposite/bag_files/Cat1_15mph_lr_opposite_9/lidar_pcd/ns1/velodyne_points/1624829000.898739000.pcd
Cat1,15mph,lr,opposite,9,1624829002.411603000,ns1,/media/batool/MULTIMODAL_DATA/Multimodal_Data/Cat1/opposite/bag_files/Cat1_15mph_lr_opposite_9/lidar_pcd/ns1/velodyne_points/1624829002.411603000.pcd
Cat1,15mph,lr,opposite,9,1624829003.924448000,ns1,/media/batool/MULTIMODAL_DATA/Multimodal_Data/Cat1/opposite/bag_files/Cat1_15mph_lr_opposite_9/lidar_pcd/ns1/velodyne_points/1624829003.924448000.pcd
Cat1,15mph,lr,opposite,9,1624829005.437279000,ns1,/media/batool/MULTIMODAL_DATA/Multimodal_Data/Cat1/opposite/bag_files/Cat1_15mph_lr_opposite_9/lidar_pcd/ns1/velodyne_points/1624829005.437279000.pcd
Cat1,15mph,lr,opposite,9,1624829006.950158000,ns1,/media/batool/MULTIMODAL_DATA/Multimodal_Data/Cat1/opposite/bag_files/Cat1_15mph_lr_opposite_9/lidar_pcd/ns1/velodyne_points/1624829006.950158000.pcd
Cat1,15mph,lr,opposite,9,1624829008.463013000,ns1,/media/batool/MULTIMODAL_DATA/Multimodal_Data/Cat1/opposite/bag_files/Cat1_15mph_lr_opposite_9/lidar_pcd/ns1/velodyne_points/1624829008.463013000.pcd
Cat1,15mph,lr,opposite,9,1624829009.975821000,ns1,/media/batool/MULTIMODAL_DATA/Multimodal_Data/Cat1/opposite/bag_files/Cat1_15mph_lr_opposite_9/lidar_pcd/ns1/velodyne_points/1624829009.975821000.pcd
Cat1,15mph,lr,opposite,9,1624829011.488718000,ns1,/media/batool/MULTIMODAL_DATA/Multimodal_Data/Cat1/opposite/bag_files/Cat1_15mph_lr_opposite_9/lidar_pcd/ns1/velodyne_points/1624829011.488718000.pcd
Cat1,15mph,lr,opposite,9,1624829013.001540000,ns1,/media/batool/MULTIMODAL_DATA/Multimodal_Data/Cat1/opposite/bag_files/Cat1_15mph_lr_opposite_9/lidar_pcd/ns1/velodyne_points/1624829013.001540000.pcd
Cat1,15mph,lr,opposite,9,1624829014.514367000,ns1,/media/batool/MULTIMODAL_DATA/Multimodal_Data/Cat1/opposite/bag_files/Cat1_15mph_lr_opposite_9/lidar_pcd/ns1/velodyne_points/1624829014.514367000.pcd
Cat1,15mph,lr,opposite,9,1624829016.027279000,ns1,/media/batool/MULTIMODAL_DATA/Multimodal_Data/Cat1/opposite/bag_files/Cat1_15mph_lr_opposite_9/lidar_pcd/ns1/velodyne_points/1624829016.027279000.pcd
Cat1,15mph,lr,opposite,9,1624829000.999601000,ns1,/media/batool/MULTIMODAL_DATA/Multimodal_Data/Cat1/opposite/bag_files/Cat1_15mph_lr_opposite_9/lidar_pcd/ns1/velodyne_points/1624829000.999601000.pcd
Cat1,15mph,lr,opposite,9,1624829001.100474000,ns1,/media/batool/MULTIMODAL_DATA/Multimodal_Data/Cat1/opposite/bag_files/Cat1_15mph_lr_opposite_9/lidar_pcd/ns1/velodyne_points/1624829001.100474000.pcd
Cat1,15mph,lr,opposite,9,1624829001.201282000,ns1,/media/batool/MULTIMODAL_DATA/Multimodal_Data/Cat1/opposite/bag_files/Cat1_15mph_lr_opposite_9/lidar_pcd/ns1/velodyne_points/1624829001.201282000.pcd
Cat1,15mph,lr,opposite,9,1624829001.302154000,ns1,/media/batool/MULTIMODAL_DATA/Multimodal_Data/Cat1/opposite/bag_files/Cat1_15mph_lr_opposite_9/lidar_pcd/ns1/velodyne_points/1624829001.302154000.pcd
Cat1,15mph,lr,opposite,9,1624829001.403000000,ns1,/media/batool/MULTIMODAL_DATA/Multimodal_Data/Cat1/opposite/bag_files/Cat1_15mph_lr_opposite_9/lidar_pcd/ns1/velodyne_points/1624829001.403000000.pcd
Cat1,15mph,lr,opposite,9,1624829001.503836000,ns1,/media/batool/MULTIMODAL_DATA/Multimodal_Data/Cat1/opposite/bag_files/Cat1_15mph_lr_opposite_9/lidar_pcd/ns1/velodyne_points/1624829001.503836000.pcd
Cat1,15mph,lr,opposite,9,1624829001.604696000,ns1,/media/batool/MULTIMODAL_DATA/Multimodal_Data/Cat1/opposite/bag_files/Cat1_15mph_lr_opposite_9/lidar_pcd/ns1/velodyne_points/1624829001.604696000.pcd
Cat1,15mph,lr,opposite,9,1624829001.705600000,ns1,/media/batool/MULTIMODAL_DATA/Multimodal_Data/Cat1/opposite/bag_files/Cat1_15mph_lr_opposite_9/lidar_pcd/ns1/velodyne_points/1624829001.705600000.pcd
Cat1,15mph,lr,opposite,9,1624829001.806429000,ns1,/media/batool/MULTIMODAL_DATA/Multimodal_Data/Cat1/opposite/bag_files/Cat1_15mph_lr_opposite_9/lidar_pcd/ns1/velodyne_points/1624829001.806429000.pcd
Cat1,15mph,lr,opposite,9,1624829001.907305000,ns1,/media/batool/MULTIMODAL_DATA/Multimodal_Data/Cat1/opposite/bag_files/Cat1_15mph_lr_opposite_9/lidar_pcd/ns1/velodyne_points/1624829001.907305000.pcd
Cat1,15mph,lr,opposite,9,1624829002.008147000,ns1,/media/batool/MULTIMODAL_DATA/Multimodal_Data/Cat1/opposite/bag_files/Cat1_15mph_lr_opposite_9/lidar_pcd/ns1/velodyne_points/1624829002.008147000.pcd
Cat1,15mph,lr,opposite,9,1624829002.109015000,ns1,/media/batool/MULTIMODAL_DATA/Multimodal_Data/Cat1/opposite/bag_files/Cat1_15mph_lr_opposite_9/lidar_pcd/ns1/velodyne_points/1624829002.109015000.pcd
Cat1,15mph,lr,opposite,9,1624829002.209892000,ns1,/media/batool/MULTIMODAL_DATA/Multimodal_Data/Cat1/opposite/bag_files/Cat1_15mph_lr_opposite_9/lidar_pcd/ns1/velodyne_points/1624829002.209892000.pcd
Cat1,15mph,lr,opposite,9,1624829002.310727000,ns1,/media/batool/MULTIMODAL_DATA/Multimodal_Data/Cat1/opposite/bag_files/Cat1_15mph_lr_opposite_9/lidar_pcd/ns1/velodyne_points/1624829002.310727000.pcd
Cat1,15mph,lr,opposite,9,1624829002.512443000,ns1,/media/batool/MULTIMODAL_DATA/Multimodal_Data/Cat1/opposite/bag_files/Cat1_15mph_lr_opposite_9/lidar_pcd/ns1/velodyne_points/1624829002.512443000.pcd
Cat1,15mph,lr,opposite,9,1624829002.613295000,ns1,/media/batool/MULTIMODAL_DATA/Multimodal_Data/Cat1/opposite/bag_files/Cat1_15mph_lr_opposite_9/lidar_pcd/ns1/velodyne_points/1624829002.613295000.pcd
Cat1,15mph,lr,opposite,9,1624829002.714173000,ns1,/media/batool/MULTIMODAL_DATA/Multimodal_Data/Cat1/opposite/bag_files/Cat1_15mph_lr_opposite_9/lidar_pcd/ns1/velodyne_points/1624829002.714173000.pcd
Cat1,15mph,lr,opposite,9,1624829002.815008000,ns1,/media/batool/MULTIMODAL_DATA/Multimodal_Data/Cat1/opposite/bag_files/Cat1_15mph_lr_opposite_9/lidar_pcd/ns1/velodyne_points/1624829002.815008000.pcd
Cat1,15mph,lr,opposite,9,1624829002.915850000,ns1,/media/batool/MULTIMODAL_DATA/Multimodal_Data/Cat1/opposite/bag_files/Cat1_15mph_lr_opposite_9/lidar_pcd/ns1/velodyne_points/1624829002.915850000.pcd
Cat1,15mph,lr,opposite,9,1624829003.016745000,ns1,/media/batool/MULTIMODAL_DATA/Multimodal_Data/Cat1/opposite/bag_files/Cat1_15mph_lr_opposite_9/lidar_pcd/ns1/velodyne_points/1624829003.016745000.pcd
Cat1,15mph,lr,opposite,9,1624829003.117586000,ns1,/media/batool/MULTIMODAL_DATA/Multimodal_Data/Cat1/opposite/bag_files/Cat1_15mph_lr_opposite_9/lidar_pcd/ns1/velodyne_points/1624829003.117586000.pcd
Cat1,15mph,lr,opposite,9,1624829003.218458000,ns1,/media/batool/MULTIMODAL_DATA/Multimodal_Data/Cat1/opposite/bag_files/Cat1_15mph_lr_opposite_9/lidar_pcd/ns1/velodyne_points/1624829003.218458000.pcd
Cat1,15mph,lr,opposite,9,1624829003.319314000,ns1,/media/batool/MULTIMODAL_DATA/Multimodal_Data/Cat1/opposite/bag_files/Cat1_15mph_lr_opposite_9/lidar_pcd/ns1/velodyne_points/1624829003.319314000.pcd
Cat1,15mph,lr,opposite,9,1624829003.420159000,ns1,/media/batool/MULTIMODAL_DATA/Multimodal_Data/Cat1/opposite/bag_files/Cat1_15mph_lr_opposite_9/lidar_pcd/ns1/velodyne_points/1624829003.420159000.pcd
Cat1,15mph,lr,opposite,9,1624829003.521018000,ns1,/media/batool/MULTIMODAL_DATA/Multimodal_Data/Cat1/opposite/bag_files/Cat1_15mph_lr_opposite_9/lidar_pcd/ns1/velodyne_points/1624829003.521018000.pcd
Cat1,15mph,lr,opposite,9,1624829003.621875000,ns1,/media/batool/MULTIMODAL_DATA/Multimodal_Data/Cat1/opposite/bag_files/Cat1_15mph_lr_opposite_9/lidar_pcd/ns1/velodyne_points/1624829003.621875000.pcd
Cat1,15mph,lr,opposite,9,1624829003.722744000,ns1,/media/batool/MULTIMODAL_DATA/Multimodal_Data/Cat1/opposite/bag_files/Cat1_15mph_lr_opposite_9/lidar_pcd/ns1/velodyne_points/1624829003.722744000.pcd
Cat1,15mph,lr,opposite,9,1624829003.823593000,ns1,/media/batool/MULTIMODAL_DATA/Multimodal_Data/Cat1/opposite/bag_files/Cat1_15mph_lr_opposite_9/lidar_pcd/ns1/velodyne_points/1624829003.823593000.pcd
Cat1,15mph,lr,opposite,9,1624829004.025272000,ns1,/media/batool/MULTIMODAL_DATA/Multimodal_Data/Cat1/opposite/bag_files/Cat1_15mph_lr_opposite_9/lidar_pcd/ns1/velodyne_points/1624829004.025272000.pcd
Cat1,15mph,lr,opposite,9,1624829004.126131000,ns1,/media/batool/MULTIMODAL_DATA/Multimodal_Data/Cat1/opposite/bag_files/Cat1_15mph_lr_opposite_9/lidar_pcd/ns1/velodyne_points/1624829004.126131000.pcd
Cat1,15mph,lr,opposite,9,1624829004.226989000,ns1,/media/batool/MULTIMODAL_DATA/Multimodal_Data/Cat1/opposite/bag_files/Cat1_15mph_lr_opposite_9/lidar_pcd/ns1/velodyne_points/1624829004.226989000.pcd
Cat1,15mph,lr,opposite,9,1624829004.327877000,ns1,/media/batool/MULTIMODAL_DATA/Multimodal_Data/Cat1/opposite/bag_files/Cat1_15mph_lr_opposite_9/lidar_pcd/ns1/velodyne_points/1624829004.327877000.pcd
Cat1,15mph,lr,opposite,9,1624829004.428740000,ns1,/media/batool/MULTIMODAL_DATA/Multimodal_Data/Cat1/opposite/bag_files/Cat1_15mph_lr_opposite_9/lidar_pcd/ns1/velodyne_points/1624829004.428740000.pcd
Cat1,15mph,lr,opposite,9,1624829004.529599000,ns1,/media/batool/MULTIMODAL_DATA/Multimodal_Data/Cat1/opposite/bag_files/Cat1_15mph_lr_opposite_9/lidar_pcd/ns1/velodyne_points/1624829004.529599000.pcd
Cat1,15mph,lr,opposite,9,1624829004.630454000,ns1,/media/batool/MULTIMODAL_DATA/Multimodal_Data/Cat1/opposite/bag_files/Cat1_15mph_lr_opposite_9/lidar_pcd/ns1/velodyne_points/1624829004.630454000.pcd
Cat1,15mph,lr,opposite,9,1624829004.731291000,ns1,/media/batool/MULTIMODAL_DATA/Multimodal_Data/Cat1/opposite/bag_files/Cat1_15mph_lr_opposite_9/lidar_pcd/ns1/velodyne_points/1624829004.731291000.pcd
Cat1,15mph,lr,opposite,9,1624829004.832156000,ns1,/media/batool/MULTIMODAL_DATA/Multimodal_Data/Cat1/opposite/bag_files/Cat1_15mph_lr_opposite_9/lidar_pcd/ns1/velodyne_points/1624829004.832156000.pcd
Cat1,15mph,lr,opposite,9,1624829004.933028000,ns1,/media/batool/MULTIMODAL_DATA/Multimodal_Data/Cat1/opposite/bag_files/Cat1_15mph_lr_opposite_9/lidar_pcd/ns1/velodyne_points/1624829004.933028000.pcd
Cat1,15mph,lr,opposite,9,1624829005.033830000,ns1,/media/batool/MULTIMODAL_DATA/Multimodal_Data/Cat1/opposite/bag_files/Cat1_15mph_lr_opposite_9/lidar_pcd/ns1/velodyne_points/1624829005.033830000.pcd
Cat1,15mph,lr,opposite,9,1624829005.134691000,ns1,/media/batool/MULTIMODAL_DATA/Multimodal_Data/Cat1/opposite/bag_files/Cat1_15mph_lr_opposite_9/lidar_pcd/ns1/velodyne_points/1624829005.134691000.pcd
Cat1,15mph,lr,opposite,9,1624829005.235553000,ns1,/media/batool/MULTIMODAL_DATA/Multimodal_Data/Cat1/opposite/bag_files/Cat1_15mph_lr_opposite_9/lidar_pcd/ns1/velodyne_points/1624829005.235553000.pcd
Cat1,15mph,lr,opposite,9,1624829005.336453000,ns1,/media/batool/MULTIMODAL_DATA/Multimodal_Data/Cat1/opposite/bag_files/Cat1_15mph_lr_opposite_9/lidar_pcd/ns1/velodyne_points/1624829005.336453000.pcd
Cat1,15mph,lr,opposite,9,1624829005.538136000,ns1,/media/batool/MULTIMODAL_DATA/Multimodal_Data/Cat1/opposite/bag_files/Cat1_15mph_lr_opposite_9/lidar_pcd/ns1/velodyne_points/1624829005.538136000.pcd
Cat1,15mph,lr,opposite,9,1624829005.639003000,ns1,/media/batool/MULTIMODAL_DATA/Multimodal_Data/Cat1/opposite/bag_files/Cat1_15mph_lr_opposite_9/lidar_pcd/ns1/velodyne_points/1624829005.639003000.pcd
Cat1,15mph,lr,opposite,9,1624829005.739883000,ns1,/media/batool/MULTIMODAL_DATA/Multimodal_Data/Cat1/opposite/bag_files/Cat1_15mph_lr_opposite_9/lidar_pcd/ns1/velodyne_points/1624829005.739883000.pcd
Cat1,15mph,lr,opposite,9,1624829005.840736000,ns1,/media/batool/MULTIMODAL_DATA/Multimodal_Data/Cat1/opposite/bag_files/Cat1_15mph_lr_opposite_9/lidar_pcd/ns1/velodyne_points/1624829005.840736000.pcd
Cat1,15mph,lr,opposite,9,1624829005.941595000,ns1,/media/batool/MULTIMODAL_DATA/Multimodal_Data/Cat1/opposite/bag_files/Cat1_15mph_lr_opposite_9/lidar_pcd/ns1/velodyne_points/1624829005.941595000.pcd
Cat1,15mph,lr,opposite,9,1624829006.042420000,ns1,/media/batool/MULTIMODAL_DATA/Multimodal_Data/Cat1/opposite/bag_files/Cat1_15mph_lr_opposite_9/lidar_pcd/ns1/velodyne_points/1624829006.042420000.pcd
Cat1,15mph,lr,opposite,9,1624829006.143305000,ns1,/media/batool/MULTIMODAL_DATA/Multimodal_Data/Cat1/opposite/bag_files/Cat1_15mph_lr_opposite_9/lidar_pcd/ns1/velodyne_points/1624829006.143305000.pcd
Cat1,15mph,lr,opposite,9,1624829006.244162000,ns1,/media/batool/MULTIMODAL_DATA/Multimodal_Data/Cat1/opposite/bag_files/Cat1_15mph_lr_opposite_9/lidar_pcd/ns1/velodyne_points/1624829006.244162000.pcd
Cat1,15mph,lr,opposite,9,1624829006.345007000,ns1,/media/batool/MULTIMODAL_DATA/Multimodal_Data/Cat1/opposite/bag_files/Cat1_15mph_lr_opposite_9/lidar_pcd/ns1/velodyne_points/1624829006.345007000.pcd
Cat1,15mph,lr,opposite,9,1624829006.445849000,ns1,/media/batool/MULTIMODAL_DATA/Multimodal_Data/Cat1/opposite/bag_files/Cat1_15mph_lr_opposite_9/lidar_pcd/ns1/velodyne_points/1624829006.445849000.pcd
Cat1,15mph,lr,opposite,9,1624829006.546693000,ns1,/media/batool/MULTIMODAL_DATA/Multimodal_Data/Cat1/opposite/bag_files/Cat1_15mph_lr_opposite_9/lidar_pcd/ns1/velodyne_points/1624829006.546693000.pcd
Cat1,15mph,lr,opposite,9,1624829006.647586000,ns1,/media/batool/MULTIMODAL_DATA/Multimodal_Data/Cat1/opposite/bag_files/Cat1_15mph_lr_opposite_9/lidar_pcd/ns1/velodyne_points/1624829006.647586000.pcd
Cat1,15mph,lr,opposite,9,1624829006.748428000,ns1,/media/batool/MULTIMODAL_DATA/Multimodal_Data/Cat1/opposite/bag_files/Cat1_15mph_lr_opposite_9/lidar_pcd/ns1/velodyne_points/1624829006.748428000.pcd
Cat1,15mph,lr,opposite,9,1624829006.849303000,ns1,/media/batool/MULTIMODAL_DATA/Multimodal_Data/Cat1/opposite/bag_files/Cat1_15mph_lr_opposite_9/lidar_pcd/ns1/velodyne_points/1624829006.849303000.pcd
Cat1,15mph,lr,opposite,9,1624829007.050961000,ns1,/media/batool/MULTIMODAL_DATA/Multimodal_Data/Cat1/opposite/bag_files/Cat1_15mph_lr_opposite_9/lidar_pcd/ns1/velodyne_points/1624829007.050961000.pcd
Cat1,15mph,lr,opposite,9,1624829007.151869000,ns1,/media/batool/MULTIMODAL_DATA/Multimodal_Data/Cat1/opposite/bag_files/Cat1_15mph_lr_opposite_9/lidar_pcd/ns1/velodyne_points/1624829007.151869000.pcd
Cat1,15mph,lr,opposite,9,1624829007.252690000,ns1,/media/batool/MULTIMODAL_DATA/Multimodal_Data/Cat1/opposite/bag_files/Cat1_15mph_lr_opposite_9/lidar_pcd/ns1/velodyne_points/1624829007.252690000.pcd
Cat1,15mph,lr,opposite,9,1624829007.353548000,ns1,/media/batool/MULTIMODAL_DATA/Multimodal_Data/Cat1/opposite/bag_files/Cat1_15mph_lr_opposite_9/lidar_pcd/ns1/velodyne_points/1624829007.353548000.pcd
Cat1,15mph,lr,opposite,9,1624829007.454398000,ns1,/media/batool/MULTIMODAL_DATA/Multimodal_Data/Cat1/opposite/bag_files/Cat1_15mph_lr_opposite_9/lidar_pcd/ns1/velodyne_points/1624829007.454398000.pcd
Cat1,15mph,lr,opposite,9,1624829007.555283000,ns1,/media/batool/MULTIMODAL_DATA/Multimodal_Data/Cat1/opposite/bag_files/Cat1_15mph_lr_opposite_9/lidar_pcd/ns1/velodyne_points/1624829007.555283000.pcd
Cat1,15mph,lr,opposite,9,1624829007.656161000,ns1,/media/batool/MULTIMODAL_DATA/Multimodal_Data/Cat1/opposite/bag_files/Cat1_15mph_lr_opposite_9/lidar_pcd/ns1/velodyne_points/1624829007.656161000.pcd
Cat1,15mph,lr,opposite,9,1624829007.757029000,ns1,/media/batool/MULTIMODAL_DATA/Multimodal_Data/Cat1/opposite/bag_files/Cat1_15mph_lr_opposite_9/lidar_pcd/ns1/velodyne_points/1624829007.757029000.pcd
Cat1,15mph,lr,opposite,9,1624829007.857847000,ns1,/media/batool/MULTIMODAL_DATA/Multimodal_Data/Cat1/opposite/bag_files/Cat1_15mph_lr_opposite_9/lidar_pcd/ns1/velodyne_points/1624829007.857847000.pcd
Cat1,15mph,lr,opposite,9,1624829007.958715000,ns1,/media/batool/MULTIMODAL_DATA/Multimodal_Data/Cat1/opposite/bag_files/Cat1_15mph_lr_opposite_9/lidar_pcd/ns1/velodyne_points/1624829007.958715000.pcd
Cat1,15mph,lr,opposite,9,1624829008.059575000,ns1,/media/batool/MULTIMODAL_DATA/Multimodal_Data/Cat1/opposite/bag_files/Cat1_15mph_lr_opposite_9/lidar_pcd/ns1/velodyne_points/1624829008.059575000.pcd
Cat1,15mph,lr,opposite,9,1624829008.160416000,ns1,/media/batool/MULTIMODAL_DATA/Multimodal_Data/Cat1/opposite/bag_files/Cat1_15mph_lr_opposite_9/lidar_pcd/ns1/velodyne_points/1624829008.160416000.pcd
Cat1,15mph,lr,opposite,9,1624829008.261275000,ns1,/media/batool/MULTIMODAL_DATA/Multimodal_Data/Cat1/opposite/bag_files/Cat1_15mph_lr_opposite_9/lidar_pcd/ns1/velodyne_points/1624829008.261275000.pcd
Cat1,15mph,lr,opposite,9,1624829008.362167000,ns1,/media/batool/MULTIMODAL_DATA/Multimodal_Data/Cat1/opposite/bag_files/Cat1_15mph_lr_opposite_9/lidar_pcd/ns1/velodyne_points/1624829008.362167000.pcd
Cat1,15mph,lr,opposite,9,1624829008.563856000,ns1,/media/batool/MULTIMODAL_DATA/Multimodal_Data/Cat1/opposite/bag_files/Cat1_15mph_lr_opposite_9/lidar_pcd/ns1/velodyne_points/1624829008.563856000.pcd
Cat1,15mph,lr,opposite,9,1624829008.664707000,ns1,/media/batool/MULTIMODAL_DATA/Multimodal_Data/Cat1/opposite/bag_files/Cat1_15mph_lr_opposite_9/lidar_pcd/ns1/velodyne_points/1624829008.664707000.pcd
Cat1,15mph,lr,opposite,9,1624829008.765583000,ns1,/media/batool/MULTIMODAL_DATA/Multimodal_Data/Cat1/opposite/bag_files/Cat1_15mph_lr_opposite_9/lidar_pcd/ns1/velodyne_points/1624829008.765583000.pcd
Cat1,15mph,lr,opposite,9,1624829008.866385000,ns1,/media/batool/MULTIMODAL_DATA/Multimodal_Data/Cat1/opposite/bag_files/Cat1_15mph_lr_opposite_9/lidar_pcd/ns1/velodyne_points/1624829008.866385000.pcd
Cat1,15mph,lr,opposite,9,1624829008.967284000,ns1,/media/batool/MULTIMODAL_DATA/Multimodal_Data/Cat1/opposite/bag_files/Cat1_15mph_lr_opposite_9/lidar_pcd/ns1/velodyne_points/1624829008.967284000.pcd
Cat1,15mph,lr,opposite,9,1624829009.068099000,ns1,/media/batool/MULTIMODAL_DATA/Multimodal_Data/Cat1/opposite/bag_files/Cat1_15mph_lr_opposite_9/lidar_pcd/ns1/velodyne_points/1624829009.068099000.pcd
Cat1,15mph,lr,opposite,9,1624829009.168969000,ns1,/media/batool/MULTIMODAL_DATA/Multimodal_Data/Cat1/opposite/bag_files/Cat1_15mph_lr_opposite_9/lidar_pcd/ns1/velodyne_points/1624829009.168969000.pcd
Cat1,15mph,lr,opposite,9,1624829009.269867000,ns1,/media/batool/MULTIMODAL_DATA/Multimodal_Data/Cat1/opposite/bag_files/Cat1_15mph_lr_opposite_9/lidar_pcd/ns1/velodyne_points/1624829009.269867000.pcd
Cat1,15mph,lr,opposite,9,1624829009.370724000,ns1,/media/batool/MULTIMODAL_DATA/Multimodal_Data/Cat1/opposite/bag_files/Cat1_15mph_lr_opposite_9/lidar_pcd/ns1/velodyne_points/1624829009.370724000.pcd
Cat1,15mph,lr,opposite,9,1624829009.471580000,ns1,/media/batool/MULTIMODAL_DATA/Multimodal_Data/Cat1/opposite/bag_files/Cat1_15mph_lr_opposite_9/lidar_pcd/ns1/velodyne_points/1624829009.471580000.pcd
Cat1,15mph,lr,opposite,9,1624829009.572421000,ns1,/media/batool/MULTIMODAL_DATA/Multimodal_Data/Cat1/opposite/bag_files/Cat1_15mph_lr_opposite_9/lidar_pcd/ns1/velodyne_points/1624829009.572421000.pcd
Cat1,15mph,lr,opposite,9,1624829009.673278000,ns1,/media/batool/MULTIMODAL_DATA/Multimodal_Data/Cat1/opposite/bag_files/Cat1_15mph_lr_opposite_9/lidar_pcd/ns1/velodyne_points/1624829009.673278000.pcd
Cat1,15mph,lr,opposite,9,1624829009.774120000,ns1,/media/batool/MULTIMODAL_DATA/Multimodal_Data/Cat1/opposite/bag_files/Cat1_15mph_lr_opposite_9/lidar_pcd/ns1/velodyne_points/1624829009.774120000.pcd
Cat1,15mph,lr,opposite,9,1624829009.874995000,ns1,/media/batool/MULTIMODAL_DATA/Multimodal_Data/Cat1/opposite/bag_files/Cat1_15mph_lr_opposite_9/lidar_pcd/ns1/velodyne_points/1624829009.874995000.pcd
Cat1,15mph,lr,opposite,9,1624829010.076693000,ns1,/media/batool/MULTIMODAL_DATA/Multimodal_Data/Cat1/opposite/bag_files/Cat1_15mph_lr_opposite_9/lidar_pcd/ns1/velodyne_points/1624829010.076693000.pcd
Cat1,15mph,lr,opposite,9,1624829010.177562000,ns1,/media/batool/MULTIMODAL_DATA/Multimodal_Data/Cat1/opposite/bag_files/Cat1_15mph_lr_opposite_9/lidar_pcd/ns1/velodyne_points/1624829010.177562000.pcd
Cat1,15mph,lr,opposite,9,1624829010.278437000,ns1,/media/batool/MULTIMODAL_DATA/Multimodal_Data/Cat1/opposite/bag_files/Cat1_15mph_lr_opposite_9/lidar_pcd/ns1/velodyne_points/1624829010.278437000.pcd
Cat1,15mph,lr,opposite,9,1624829010.379281000,ns1,/media/batool/MULTIMODAL_DATA/Multimodal_Data/Cat1/opposite/bag_files/Cat1_15mph_lr_opposite_9/lidar_pcd/ns1/velodyne_points/1624829010.379281000.pcd
Cat1,15mph,lr,opposite,9,1624829010.480141000,ns1,/media/batool/MULTIMODAL_DATA/Multimodal_Data/Cat1/opposite/bag_files/Cat1_15mph_lr_opposite_9/lidar_pcd/ns1/velodyne_points/1624829010.480141000.pcd
Cat1,15mph,lr,opposite,9,1624829010.580983000,ns1,/media/batool/MULTIMODAL_DATA/Multimodal_Data/Cat1/opposite/bag_files/Cat1_15mph_lr_opposite_9/lidar_pcd/ns1/velodyne_points/1624829010.580983000.pcd
Cat1,15mph,lr,opposite,9,1624829010.681832000,ns1,/media/batool/MULTIMODAL_DATA/Multimodal_Data/Cat1/opposite/bag_files/Cat1_15mph_lr_opposite_9/lidar_pcd/ns1/velodyne_points/1624829010.681832000.pcd
Cat1,15mph,lr,opposite,9,1624829010.782719000,ns1,/media/batool/MULTIMODAL_DATA/Multimodal_Data/Cat1/opposite/bag_files/Cat1_15mph_lr_opposite_9/lidar_pcd/ns1/velodyne_points/1624829010.782719000.pcd
Cat1,15mph,lr,opposite,9,1624829010.883561000,ns1,/media/batool/MULTIMODAL_DATA/Multimodal_Data/Cat1/opposite/bag_files/Cat1_15mph_lr_opposite_9/lidar_pcd/ns1/velodyne_points/1624829010.883561000.pcd
Cat1,15mph,lr,opposite,9,1624829010.984437000,ns1,/media/batool/MULTIMODAL_DATA/Multimodal_Data/Cat1/opposite/bag_files/Cat1_15mph_lr_opposite_9/lidar_pcd/ns1/velodyne_points/1624829010.984437000.pcd
Cat1,15mph,lr,opposite,9,1624829011.085248000,ns1,/media/batool/MULTIMODAL_DATA/Multimodal_Data/Cat1/opposite/bag_files/Cat1_15mph_lr_opposite_9/lidar_pcd/ns1/velodyne_points/1624829011.085248000.pcd
Cat1,15mph,lr,opposite,9,1624829011.186125000,ns1,/media/batool/MULTIMODAL_DATA/Multimodal_Data/Cat1/opposite/bag_files/Cat1_15mph_lr_opposite_9/lidar_pcd/ns1/velodyne_points/1624829011.186125000.pcd
Cat1,15mph,lr,opposite,9,1624829011.286985000,ns1,/media/batool/MULTIMODAL_DATA/Multimodal_Data/Cat1/opposite/bag_files/Cat1_15mph_lr_opposite_9/lidar_pcd/ns1/velodyne_points/1624829011.286985000.pcd
Cat1,15mph,lr,opposite,9,1624829011.387853000,ns1,/media/batool/MULTIMODAL_DATA/Multimodal_Data/Cat1/opposite/bag_files/Cat1_15mph_lr_opposite_9/lidar_pcd/ns1/velodyne_points/1624829011.387853000.pcd
Cat1,15mph,lr,opposite,9,1624829011.589549000,ns1,/media/batool/MULTIMODAL_DATA/Multimodal_Data/Cat1/opposite/bag_files/Cat1_15mph_lr_opposite_9/lidar_pcd/ns1/velodyne_points/1624829011.589549000.pcd
Cat1,15mph,lr,opposite,9,1624829011.690433000,ns1,/media/batool/MULTIMODAL_DATA/Multimodal_Data/Cat1/opposite/bag_files/Cat1_15mph_lr_opposite_9/lidar_pcd/ns1/velodyne_points/1624829011.690433000.pcd
Cat1,15mph,lr,opposite,9,1624829011.791289000,ns1,/media/batool/MULTIMODAL_DATA/Multimodal_Data/Cat1/opposite/bag_files/Cat1_15mph_lr_opposite_9/lidar_pcd/ns1/velodyne_points/1624829011.791289000.pcd
Cat1,15mph,lr,opposite,9,1624829011.892106000,ns1,/media/batool/MULTIMODAL_DATA/Multimodal_Data/Cat1/opposite/bag_files/Cat1_15mph_lr_opposite_9/lidar_pcd/ns1/velodyne_points/1624829011.892106000.pcd
Cat1,15mph,lr,opposite,9,1624829011.992965000,ns1,/media/batool/MULTIMODAL_DATA/Multimodal_Data/Cat1/opposite/bag_files/Cat1_15mph_lr_opposite_9/lidar_pcd/ns1/velodyne_points/1624829011.992965000.pcd
Cat1,15mph,lr,opposite,9,1624829012.093801000,ns1,/media/batool/MULTIMODAL_DATA/Multimodal_Data/Cat1/opposite/bag_files/Cat1_15mph_lr_opposite_9/lidar_pcd/ns1/velodyne_points/1624829012.093801000.pcd
Cat1,15mph,lr,opposite,9,1624829012.194673000,ns1,/media/batool/MULTIMODAL_DATA/Multimodal_Data/Cat1/opposite/bag_files/Cat1_15mph_lr_opposite_9/lidar_pcd/ns1/velodyne_points/1624829012.194673000.pcd
Cat1,15mph,lr,opposite,9,1624829012.295543000,ns1,/media/batool/MULTIMODAL_DATA/Multimodal_Data/Cat1/opposite/bag_files/Cat1_15mph_lr_opposite_9/lidar_pcd/ns1/velodyne_points/1624829012.295543000.pcd
Cat1,15mph,lr,opposite,9,1624829012.396394000,ns1,/media/batool/MULTIMODAL_DATA/Multimodal_Data/Cat1/opposite/bag_files/Cat1_15mph_lr_opposite_9/lidar_pcd/ns1/velodyne_points/1624829012.396394000.pcd
Cat1,15mph,lr,opposite,9,1624829012.497267000,ns1,/media/batool/MULTIMODAL_DATA/Multimodal_Data/Cat1/opposite/bag_files/Cat1_15mph_lr_opposite_9/lidar_pcd/ns1/velodyne_points/1624829012.497267000.pcd
Cat1,15mph,lr,opposite,9,1624829012.598127000,ns1,/media/batool/MULTIMODAL_DATA/Multimodal_Data/Cat1/opposite/bag_files/Cat1_15mph_lr_opposite_9/lidar_pcd/ns1/velodyne_points/1624829012.598127000.pcd
Cat1,15mph,lr,opposite,9,1624829012.698999000,ns1,/media/batool/MULTIMODAL_DATA/Multimodal_Data/Cat1/opposite/bag_files/Cat1_15mph_lr_opposite_9/lidar_pcd/ns1/velodyne_points/1624829012.698999000.pcd
Cat1,15mph,lr,opposite,9,1624829012.799883000,ns1,/media/batool/MULTIMODAL_DATA/Multimodal_Data/Cat1/opposite/bag_files/Cat1_15mph_lr_opposite_9/lidar_pcd/ns1/velodyne_points/1624829012.799883000.pcd
Cat1,15mph,lr,opposite,9,1624829012.900713000,ns1,/media/batool/MULTIMODAL_DATA/Multimodal_Data/Cat1/opposite/bag_files/Cat1_15mph_lr_opposite_9/lidar_pcd/ns1/velodyne_points/1624829012.900713000.pcd
Cat1,15mph,lr,opposite,9,1624829013.102385000,ns1,/media/batool/MULTIMODAL_DATA/Multimodal_Data/Cat1/opposite/bag_files/Cat1_15mph_lr_opposite_9/lidar_pcd/ns1/velodyne_points/1624829013.102385000.pcd
Cat1,15mph,lr,opposite,9,1624829013.203274000,ns1,/media/batool/MULTIMODAL_DATA/Multimodal_Data/Cat1/opposite/bag_files/Cat1_15mph_lr_opposite_9/lidar_pcd/ns1/velodyne_points/1624829013.203274000.pcd
Cat1,15mph,lr,opposite,9,1624829013.304121000,ns1,/media/batool/MULTIMODAL_DATA/Multimodal_Data/Cat1/opposite/bag_files/Cat1_15mph_lr_opposite_9/lidar_pcd/ns1/velodyne_points/1624829013.304121000.pcd
Cat1,15mph,lr,opposite,9,1624829013.404998000,ns1,/media/batool/MULTIMODAL_DATA/Multimodal_Data/Cat1/opposite/bag_files/Cat1_15mph_lr_opposite_9/lidar_pcd/ns1/velodyne_points/1624829013.404998000.pcd
Cat1,15mph,lr,opposite,9,1624829013.505856000,ns1,/media/batool/MULTIMODAL_DATA/Multimodal_Data/Cat1/opposite/bag_files/Cat1_15mph_lr_opposite_9/lidar_pcd/ns1/velodyne_points/1624829013.505856000.pcd
Cat1,15mph,lr,opposite,9,1624829013.606683000,ns1,/media/batool/MULTIMODAL_DATA/Multimodal_Data/Cat1/opposite/bag_files/Cat1_15mph_lr_opposite_9/lidar_pcd/ns1/velodyne_points/1624829013.606683000.pcd
Cat1,15mph,lr,opposite,9,1624829013.707567000,ns1,/media/batool/MULTIMODAL_DATA/Multimodal_Data/Cat1/opposite/bag_files/Cat1_15mph_lr_opposite_9/lidar_pcd/ns1/velodyne_points/1624829013.707567000.pcd
Cat1,15mph,lr,opposite,9,1624829013.808411000,ns1,/media/batool/MULTIMODAL_DATA/Multimodal_Data/Cat1/opposite/bag_files/Cat1_15mph_lr_opposite_9/lidar_pcd/ns1/velodyne_points/1624829013.808411000.pcd
Cat1,15mph,lr,opposite,9,1624829013.909250000,ns1,/media/batool/MULTIMODAL_DATA/Multimodal_Data/Cat1/opposite/bag_files/Cat1_15mph_lr_opposite_9/lidar_pcd/ns1/velodyne_points/1624829013.909250000.pcd
Cat1,15mph,lr,opposite,9,1624829014.010134000,ns1,/media/batool/MULTIMODAL_DATA/Multimodal_Data/Cat1/opposite/bag_files/Cat1_15mph_lr_opposite_9/lidar_pcd/ns1/velodyne_points/1624829014.010134000.pcd
Cat1,15mph,lr,opposite,9,1624829014.110994000,ns1,/media/batool/MULTIMODAL_DATA/Multimodal_Data/Cat1/opposite/bag_files/Cat1_15mph_lr_opposite_9/lidar_pcd/ns1/velodyne_points/1624829014.110994000.pcd
Cat1,15mph,lr,opposite,9,1624829014.211835000,ns1,/media/batool/MULTIMODAL_DATA/Multimodal_Data/Cat1/opposite/bag_files/Cat1_15mph_lr_opposite_9/lidar_pcd/ns1/velodyne_points/1624829014.211835000.pcd
Cat1,15mph,lr,opposite,9,1624829014.312689000,ns1,/media/batool/MULTIMODAL_DATA/Multimodal_Data/Cat1/opposite/bag_files/Cat1_15mph_lr_opposite_9/lidar_pcd/ns1/velodyne_points/1624829014.312689000.pcd
Cat1,15mph,lr,opposite,9,1624829014.413560000,ns1,/media/batool/MULTIMODAL_DATA/Multimodal_Data/Cat1/opposite/bag_files/Cat1_15mph_lr_opposite_9/lidar_pcd/ns1/velodyne_points/1624829014.413560000.pcd
Cat1,15mph,lr,opposite,9,1624829014.615240000,ns1,/media/batool/MULTIMODAL_DATA/Multimodal_Data/Cat1/opposite/bag_files/Cat1_15mph_lr_opposite_9/lidar_pcd/ns1/velodyne_points/1624829014.615240000.pcd
Cat1,15mph,lr,opposite,9,1624829014.716126000,ns1,/media/batool/MULTIMODAL_DATA/Multimodal_Data/Cat1/opposite/bag_files/Cat1_15mph_lr_opposite_9/lidar_pcd/ns1/velodyne_points/1624829014.716126000.pcd
Cat1,15mph,lr,opposite,9,1624829014.816980000,ns1,/media/batool/MULTIMODAL_DATA/Multimodal_Data/Cat1/opposite/bag_files/Cat1_15mph_lr_opposite_9/lidar_pcd/ns1/velodyne_points/1624829014.816980000.pcd
Cat1,15mph,lr,opposite,9,1624829014.917842000,ns1,/media/batool/MULTIMODAL_DATA/Multimodal_Data/Cat1/opposite/bag_files/Cat1_15mph_lr_opposite_9/lidar_pcd/ns1/velodyne_points/1624829014.917842000.pcd
Cat1,15mph,lr,opposite,9,1624829015.018710000,ns1,/media/batool/MULTIMODAL_DATA/Multimodal_Data/Cat1/opposite/bag_files/Cat1_15mph_lr_opposite_9/lidar_pcd/ns1/velodyne_points/1624829015.018710000.pcd
Cat1,15mph,lr,opposite,9,1624829015.119553000,ns1,/media/batool/MULTIMODAL_DATA/Multimodal_Data/Cat1/opposite/bag_files/Cat1_15mph_lr_opposite_9/lidar_pcd/ns1/velodyne_points/1624829015.119553000.pcd
Cat1,15mph,lr,opposite,9,1624829015.220419000,ns1,/media/batool/MULTIMODAL_DATA/Multimodal_Data/Cat1/opposite/bag_files/Cat1_15mph_lr_opposite_9/lidar_pcd/ns1/velodyne_points/1624829015.220419000.pcd
Cat1,15mph,lr,opposite,9,1624829015.321225000,ns1,/media/batool/MULTIMODAL_DATA/Multimodal_Data/Cat1/opposite/bag_files/Cat1_15mph_lr_opposite_9/lidar_pcd/ns1/velodyne_points/1624829015.321225000.pcd
Cat1,15mph,lr,opposite,9,1624829015.422133000,ns1,/media/batool/MULTIMODAL_DATA/Multimodal_Data/Cat1/opposite/bag_files/Cat1_15mph_lr_opposite_9/lidar_pcd/ns1/velodyne_points/1624829015.422133000.pcd
Cat1,15mph,lr,opposite,9,1624829015.522989000,ns1,/media/batool/MULTIMODAL_DATA/Multimodal_Data/Cat1/opposite/bag_files/Cat1_15mph_lr_opposite_9/lidar_pcd/ns1/velodyne_points/1624829015.522989000.pcd
Cat1,15mph,lr,opposite,9,1624829015.623866000,ns1,/media/batool/MULTIMODAL_DATA/Multimodal_Data/Cat1/opposite/bag_files/Cat1_15mph_lr_opposite_9/lidar_pcd/ns1/velodyne_points/1624829015.623866000.pcd
Cat1,15mph,lr,opposite,9,1624829015.724696000,ns1,/media/batool/MULTIMODAL_DATA/Multimodal_Data/Cat1/opposite/bag_files/Cat1_15mph_lr_opposite_9/lidar_pcd/ns1/velodyne_points/1624829015.724696000.pcd
Cat1,15mph,lr,opposite,9,1624829015.825551000,ns1,/media/batool/MULTIMODAL_DATA/Multimodal_Data/Cat1/opposite/bag_files/Cat1_15mph_lr_opposite_9/lidar_pcd/ns1/velodyne_points/1624829015.825551000.pcd
Cat1,15mph,lr,opposite,9,1624829015.926388000,ns1,/media/batool/MULTIMODAL_DATA/Multimodal_Data/Cat1/opposite/bag_files/Cat1_15mph_lr_opposite_9/lidar_pcd/ns1/velodyne_points/1624829015.926388000.pcd
Cat1,15mph,lr,opposite,9,1624829016.128092000,ns1,/media/batool/MULTIMODAL_DATA/Multimodal_Data/Cat1/opposite/bag_files/Cat1_15mph_lr_opposite_9/lidar_pcd/ns1/velodyne_points/1624829016.128092000.pcd
Cat1,15mph,lr,opposite,9,1624829016.228990000,ns1,/media/batool/MULTIMODAL_DATA/Multimodal_Data/Cat1/opposite/bag_files/Cat1_15mph_lr_opposite_9/lidar_pcd/ns1/velodyne_points/1624829016.228990000.pcd
Cat1,15mph,lr,opposite,9,1624829016.329845000,ns1,/media/batool/MULTIMODAL_DATA/Multimodal_Data/Cat1/opposite/bag_files/Cat1_15mph_lr_opposite_9/lidar_pcd/ns1/velodyne_points/1624829016.329845000.pcd
Cat1,15mph,lr,opposite,9,1624829016.430688000,ns1,/media/batool/MULTIMODAL_DATA/Multimodal_Data/Cat1/opposite/bag_files/Cat1_15mph_lr_opposite_9/lidar_pcd/ns1/velodyne_points/1624829016.430688000.pcd
Cat1,15mph,lr,opposite,9,1624829016.531535000,ns1,/media/batool/MULTIMODAL_DATA/Multimodal_Data/Cat1/opposite/bag_files/Cat1_15mph_lr_opposite_9/lidar_pcd/ns1/velodyne_points/1624829016.531535000.pcd
Cat1,15mph,lr,opposite,9,1624829016.632417000,ns1,/media/batool/MULTIMODAL_DATA/Multimodal_Data/Cat1/opposite/bag_files/Cat1_15mph_lr_opposite_9/lidar_pcd/ns1/velodyne_points/1624829016.632417000.pcd
Cat1,15mph,lr,opposite,9,1624829016.733235000,ns1,/media/batool/MULTIMODAL_DATA/Multimodal_Data/Cat1/opposite/bag_files/Cat1_15mph_lr_opposite_9/lidar_pcd/ns1/velodyne_points/1624829016.733235000.pcd
Cat1,15mph,lr,opposite,9,1624829016.834133000,ns1,/media/batool/MULTIMODAL_DATA/Multimodal_Data/Cat1/opposite/bag_files/Cat1_15mph_lr_opposite_9/lidar_pcd/ns1/velodyne_points/1624829016.834133000.pcd
Cat1,15mph,lr,opposite,9,1624829016.934963000,ns1,/media/batool/MULTIMODAL_DATA/Multimodal_Data/Cat1/opposite/bag_files/Cat1_15mph_lr_opposite_9/lidar_pcd/ns1/velodyne_points/1624829016.934963000.pcd
Cat1,15mph,lr,opposite,9,1624829017.035823000,ns1,/media/batool/MULTIMODAL_DATA/Multimodal_Data/Cat1/opposite/bag_files/Cat1_15mph_lr_opposite_9/lidar_pcd/ns1/velodyne_points/1624829017.035823000.pcd
Cat1,15mph,lr,opposite,9,1624829017.136662000,ns1,/media/batool/MULTIMODAL_DATA/Multimodal_Data/Cat1/opposite/bag_files/Cat1_15mph_lr_opposite_9/lidar_pcd/ns1/velodyne_points/1624829017.136662000.pcd
Cat1,15mph,lr,opposite,9,1624829017.237536000,ns1,/media/batool/MULTIMODAL_DATA/Multimodal_Data/Cat1/opposite/bag_files/Cat1_15mph_lr_opposite_9/lidar_pcd/ns1/velodyne_points/1624829017.237536000.pcd
Cat1,15mph,lr,opposite,9,1624829017.338404000,ns1,/media/batool/MULTIMODAL_DATA/Multimodal_Data/Cat1/opposite/bag_files/Cat1_15mph_lr_opposite_9/lidar_pcd/ns1/velodyne_points/1624829017.338404000.pcd
Cat1,15mph,lr,opposite,9,1624829017.439272000,ns1,/media/batool/MULTIMODAL_DATA/Multimodal_Data/Cat1/opposite/bag_files/Cat1_15mph_lr_opposite_9/lidar_pcd/ns1/velodyne_points/1624829017.439272000.pcd
Cat1,15mph,lr,opposite,9,1624829017.540127000,ns1,/media/batool/MULTIMODAL_DATA/Multimodal_Data/Cat1/opposite/bag_files/Cat1_15mph_lr_opposite_9/lidar_pcd/ns1/velodyne_points/1624829017.540127000.pcd
Cat1,15mph,lr,opposite,9,1624829017.640925000,ns1,/media/batool/MULTIMODAL_DATA/Multimodal_Data/Cat1/opposite/bag_files/Cat1_15mph_lr_opposite_9/lidar_pcd/ns1/velodyne_points/1624829017.640925000.pcd
Cat1,15mph,lr,opposite,9,1624829017.741840000,ns1,/media/batool/MULTIMODAL_DATA/Multimodal_Data/Cat1/opposite/bag_files/Cat1_15mph_lr_opposite_9/lidar_pcd/ns1/velodyne_points/1624829017.741840000.pcd
Cat1,15mph,lr,opposite,9,1624829017.842675000,ns1,/media/batool/MULTIMODAL_DATA/Multimodal_Data/Cat1/opposite/bag_files/Cat1_15mph_lr_opposite_9/lidar_pcd/ns1/velodyne_points/1624829017.842675000.pcd
Cat1,15mph,lr,opposite,9,1624829017.943588000,ns1,/media/batool/MULTIMODAL_DATA/Multimodal_Data/Cat1/opposite/bag_files/Cat1_15mph_lr_opposite_9/lidar_pcd/ns1/velodyne_points/1624829017.943588000.pcd
Cat1,15mph,lr,opposite,9,1624829018.044355000,ns1,/media/batool/MULTIMODAL_DATA/Multimodal_Data/Cat1/opposite/bag_files/Cat1_15mph_lr_opposite_9/lidar_pcd/ns1/velodyne_points/1624829018.044355000.pcd
Cat1,15mph,lr,opposite,9,1624829018.145209000,ns1,/media/batool/MULTIMODAL_DATA/Multimodal_Data/Cat1/opposite/bag_files/Cat1_15mph_lr_opposite_9/lidar_pcd/ns1/velodyne_points/1624829018.145209000.pcd
