Category,speed,direction,lane,episode,Time header,lidar number,path to the file
Cat1,15mph,lr,opposite,5,1624828618.144609000,ns1,/media/batool/MULTIMODAL_DATA/Multimodal_Data/Cat1/opposite/bag_files/Cat1_15mph_lr_opposite_5/lidar_pcd/ns1/velodyne_points/1624828618.144609000.pcd
Cat1,15mph,lr,opposite,5,1624828618.245473000,ns1,/media/batool/MULTIMODAL_DATA/Multimodal_Data/Cat1/opposite/bag_files/Cat1_15mph_lr_opposite_5/lidar_pcd/ns1/velodyne_points/1624828618.245473000.pcd
Cat1,15mph,lr,opposite,5,1624828618.346334000,ns1,/media/batool/MULTIMODAL_DATA/Multimodal_Data/Cat1/opposite/bag_files/Cat1_15mph_lr_opposite_5/lidar_pcd/ns1/velodyne_points/1624828618.346334000.pcd
Cat1,15mph,lr,opposite,5,1624828618.447146000,ns1,/media/batool/MULTIMODAL_DATA/Multimodal_Data/Cat1/opposite/bag_files/Cat1_15mph_lr_opposite_5/lidar_pcd/ns1/velodyne_points/1624828618.447146000.pcd
Cat1,15mph,lr,opposite,5,1624828618.548014000,ns1,/media/batool/MULTIMODAL_DATA/Multimodal_Data/Cat1/opposite/bag_files/Cat1_15mph_lr_opposite_5/lidar_pcd/ns1/velodyne_points/1624828618.548014000.pcd
Cat1,15mph,lr,opposite,5,1624828618.648857000,ns1,/media/batool/MULTIMODAL_DATA/Multimodal_Data/Cat1/opposite/bag_files/Cat1_15mph_lr_opposite_5/lidar_pcd/ns1/velodyne_points/1624828618.648857000.pcd
Cat1,15mph,lr,opposite,5,1624828618.749706000,ns1,/media/batool/MULTIMODAL_DATA/Multimodal_Data/Cat1/opposite/bag_files/Cat1_15mph_lr_opposite_5/lidar_pcd/ns1/velodyne_points/1624828618.749706000.pcd
Cat1,15mph,lr,opposite,5,1624828618.850566000,ns1,/media/batool/MULTIMODAL_DATA/Multimodal_Data/Cat1/opposite/bag_files/Cat1_15mph_lr_opposite_5/lidar_pcd/ns1/velodyne_points/1624828618.850566000.pcd
Cat1,15mph,lr,opposite,5,1624828618.951423000,ns1,/media/batool/MULTIMODAL_DATA/Multimodal_Data/Cat1/opposite/bag_files/Cat1_15mph_lr_opposite_5/lidar_pcd/ns1/velodyne_points/1624828618.951423000.pcd
Cat1,15mph,lr,opposite,5,1624828619.052323000,ns1,/media/batool/MULTIMODAL_DATA/Multimodal_Data/Cat1/opposite/bag_files/Cat1_15mph_lr_opposite_5/lidar_pcd/ns1/velodyne_points/1624828619.052323000.pcd
Cat1,15mph,lr,opposite,5,1624828619.153176000,ns1,/media/batool/MULTIMODAL_DATA/Multimodal_Data/Cat1/opposite/bag_files/Cat1_15mph_lr_opposite_5/lidar_pcd/ns1/velodyne_points/1624828619.153176000.pcd
Cat1,15mph,lr,opposite,5,1624828619.254082000,ns1,/media/batool/MULTIMODAL_DATA/Multimodal_Data/Cat1/opposite/bag_files/Cat1_15mph_lr_opposite_5/lidar_pcd/ns1/velodyne_points/1624828619.254082000.pcd
Cat1,15mph,lr,opposite,5,1624828619.354938000,ns1,/media/batool/MULTIMODAL_DATA/Multimodal_Data/Cat1/opposite/bag_files/Cat1_15mph_lr_opposite_5/lidar_pcd/ns1/velodyne_points/1624828619.354938000.pcd
Cat1,15mph,lr,opposite,5,1624828619.455764000,ns1,/media/batool/MULTIMODAL_DATA/Multimodal_Data/Cat1/opposite/bag_files/Cat1_15mph_lr_opposite_5/lidar_pcd/ns1/velodyne_points/1624828619.455764000.pcd
Cat1,15mph,lr,opposite,5,1624828619.657478000,ns1,/media/batool/MULTIMODAL_DATA/Multimodal_Data/Cat1/opposite/bag_files/Cat1_15mph_lr_opposite_5/lidar_pcd/ns1/velodyne_points/1624828619.657478000.pcd
Cat1,15mph,lr,opposite,5,1624828619.758337000,ns1,/media/batool/MULTIMODAL_DATA/Multimodal_Data/Cat1/opposite/bag_files/Cat1_15mph_lr_opposite_5/lidar_pcd/ns1/velodyne_points/1624828619.758337000.pcd
Cat1,15mph,lr,opposite,5,1624828619.859143000,ns1,/media/batool/MULTIMODAL_DATA/Multimodal_Data/Cat1/opposite/bag_files/Cat1_15mph_lr_opposite_5/lidar_pcd/ns1/velodyne_points/1624828619.859143000.pcd
Cat1,15mph,lr,opposite,5,1624828619.959998000,ns1,/media/batool/MULTIMODAL_DATA/Multimodal_Data/Cat1/opposite/bag_files/Cat1_15mph_lr_opposite_5/lidar_pcd/ns1/velodyne_points/1624828619.959998000.pcd
Cat1,15mph,lr,opposite,5,1624828620.060850000,ns1,/media/batool/MULTIMODAL_DATA/Multimodal_Data/Cat1/opposite/bag_files/Cat1_15mph_lr_opposite_5/lidar_pcd/ns1/velodyne_points/1624828620.060850000.pcd
Cat1,15mph,lr,opposite,5,1624828620.161714000,ns1,/media/batool/MULTIMODAL_DATA/Multimodal_Data/Cat1/opposite/bag_files/Cat1_15mph_lr_opposite_5/lidar_pcd/ns1/velodyne_points/1624828620.161714000.pcd
Cat1,15mph,lr,opposite,5,1624828620.262561000,ns1,/media/batool/MULTIMODAL_DATA/Multimodal_Data/Cat1/opposite/bag_files/Cat1_15mph_lr_opposite_5/lidar_pcd/ns1/velodyne_points/1624828620.262561000.pcd
Cat1,15mph,lr,opposite,5,1624828620.363462000,ns1,/media/batool/MULTIMODAL_DATA/Multimodal_Data/Cat1/opposite/bag_files/Cat1_15mph_lr_opposite_5/lidar_pcd/ns1/velodyne_points/1624828620.363462000.pcd
Cat1,15mph,lr,opposite,5,1624828620.464330000,ns1,/media/batool/MULTIMODAL_DATA/Multimodal_Data/Cat1/opposite/bag_files/Cat1_15mph_lr_opposite_5/lidar_pcd/ns1/velodyne_points/1624828620.464330000.pcd
Cat1,15mph,lr,opposite,5,1624828620.565203000,ns1,/media/batool/MULTIMODAL_DATA/Multimodal_Data/Cat1/opposite/bag_files/Cat1_15mph_lr_opposite_5/lidar_pcd/ns1/velodyne_points/1624828620.565203000.pcd
Cat1,15mph,lr,opposite,5,1624828620.666043000,ns1,/media/batool/MULTIMODAL_DATA/Multimodal_Data/Cat1/opposite/bag_files/Cat1_15mph_lr_opposite_5/lidar_pcd/ns1/velodyne_points/1624828620.666043000.pcd
Cat1,15mph,lr,opposite,5,1624828620.766909000,ns1,/media/batool/MULTIMODAL_DATA/Multimodal_Data/Cat1/opposite/bag_files/Cat1_15mph_lr_opposite_5/lidar_pcd/ns1/velodyne_points/1624828620.766909000.pcd
Cat1,15mph,lr,opposite,5,1624828620.867748000,ns1,/media/batool/MULTIMODAL_DATA/Multimodal_Data/Cat1/opposite/bag_files/Cat1_15mph_lr_opposite_5/lidar_pcd/ns1/velodyne_points/1624828620.867748000.pcd
Cat1,15mph,lr,opposite,5,1624828620.968558000,ns1,/media/batool/MULTIMODAL_DATA/Multimodal_Data/Cat1/opposite/bag_files/Cat1_15mph_lr_opposite_5/lidar_pcd/ns1/velodyne_points/1624828620.968558000.pcd
Cat1,15mph,lr,opposite,5,1624828621.170330000,ns1,/media/batool/MULTIMODAL_DATA/Multimodal_Data/Cat1/opposite/bag_files/Cat1_15mph_lr_opposite_5/lidar_pcd/ns1/velodyne_points/1624828621.170330000.pcd
Cat1,15mph,lr,opposite,5,1624828621.271186000,ns1,/media/batool/MULTIMODAL_DATA/Multimodal_Data/Cat1/opposite/bag_files/Cat1_15mph_lr_opposite_5/lidar_pcd/ns1/velodyne_points/1624828621.271186000.pcd
Cat1,15mph,lr,opposite,5,1624828621.372009000,ns1,/media/batool/MULTIMODAL_DATA/Multimodal_Data/Cat1/opposite/bag_files/Cat1_15mph_lr_opposite_5/lidar_pcd/ns1/velodyne_points/1624828621.372009000.pcd
Cat1,15mph,lr,opposite,5,1624828621.472876000,ns1,/media/batool/MULTIMODAL_DATA/Multimodal_Data/Cat1/opposite/bag_files/Cat1_15mph_lr_opposite_5/lidar_pcd/ns1/velodyne_points/1624828621.472876000.pcd
Cat1,15mph,lr,opposite,5,1624828621.573774000,ns1,/media/batool/MULTIMODAL_DATA/Multimodal_Data/Cat1/opposite/bag_files/Cat1_15mph_lr_opposite_5/lidar_pcd/ns1/velodyne_points/1624828621.573774000.pcd
Cat1,15mph,lr,opposite,5,1624828621.674573000,ns1,/media/batool/MULTIMODAL_DATA/Multimodal_Data/Cat1/opposite/bag_files/Cat1_15mph_lr_opposite_5/lidar_pcd/ns1/velodyne_points/1624828621.674573000.pcd
Cat1,15mph,lr,opposite,5,1624828621.775421000,ns1,/media/batool/MULTIMODAL_DATA/Multimodal_Data/Cat1/opposite/bag_files/Cat1_15mph_lr_opposite_5/lidar_pcd/ns1/velodyne_points/1624828621.775421000.pcd
Cat1,15mph,lr,opposite,5,1624828621.876307000,ns1,/media/batool/MULTIMODAL_DATA/Multimodal_Data/Cat1/opposite/bag_files/Cat1_15mph_lr_opposite_5/lidar_pcd/ns1/velodyne_points/1624828621.876307000.pcd
Cat1,15mph,lr,opposite,5,1624828621.977184000,ns1,/media/batool/MULTIMODAL_DATA/Multimodal_Data/Cat1/opposite/bag_files/Cat1_15mph_lr_opposite_5/lidar_pcd/ns1/velodyne_points/1624828621.977184000.pcd
Cat1,15mph,lr,opposite,5,1624828622.078073000,ns1,/media/batool/MULTIMODAL_DATA/Multimodal_Data/Cat1/opposite/bag_files/Cat1_15mph_lr_opposite_5/lidar_pcd/ns1/velodyne_points/1624828622.078073000.pcd
Cat1,15mph,lr,opposite,5,1624828622.178890000,ns1,/media/batool/MULTIMODAL_DATA/Multimodal_Data/Cat1/opposite/bag_files/Cat1_15mph_lr_opposite_5/lidar_pcd/ns1/velodyne_points/1624828622.178890000.pcd
Cat1,15mph,lr,opposite,5,1624828622.279720000,ns1,/media/batool/MULTIMODAL_DATA/Multimodal_Data/Cat1/opposite/bag_files/Cat1_15mph_lr_opposite_5/lidar_pcd/ns1/velodyne_points/1624828622.279720000.pcd
Cat1,15mph,lr,opposite,5,1624828622.380587000,ns1,/media/batool/MULTIMODAL_DATA/Multimodal_Data/Cat1/opposite/bag_files/Cat1_15mph_lr_opposite_5/lidar_pcd/ns1/velodyne_points/1624828622.380587000.pcd
Cat1,15mph,lr,opposite,5,1624828622.481456000,ns1,/media/batool/MULTIMODAL_DATA/Multimodal_Data/Cat1/opposite/bag_files/Cat1_15mph_lr_opposite_5/lidar_pcd/ns1/velodyne_points/1624828622.481456000.pcd
Cat1,15mph,lr,opposite,5,1624828622.683161000,ns1,/media/batool/MULTIMODAL_DATA/Multimodal_Data/Cat1/opposite/bag_files/Cat1_15mph_lr_opposite_5/lidar_pcd/ns1/velodyne_points/1624828622.683161000.pcd
Cat1,15mph,lr,opposite,5,1624828622.784015000,ns1,/media/batool/MULTIMODAL_DATA/Multimodal_Data/Cat1/opposite/bag_files/Cat1_15mph_lr_opposite_5/lidar_pcd/ns1/velodyne_points/1624828622.784015000.pcd
Cat1,15mph,lr,opposite,5,1624828622.884893000,ns1,/media/batool/MULTIMODAL_DATA/Multimodal_Data/Cat1/opposite/bag_files/Cat1_15mph_lr_opposite_5/lidar_pcd/ns1/velodyne_points/1624828622.884893000.pcd
Cat1,15mph,lr,opposite,5,1624828622.985746000,ns1,/media/batool/MULTIMODAL_DATA/Multimodal_Data/Cat1/opposite/bag_files/Cat1_15mph_lr_opposite_5/lidar_pcd/ns1/velodyne_points/1624828622.985746000.pcd
Cat1,15mph,lr,opposite,5,1624828623.086591000,ns1,/media/batool/MULTIMODAL_DATA/Multimodal_Data/Cat1/opposite/bag_files/Cat1_15mph_lr_opposite_5/lidar_pcd/ns1/velodyne_points/1624828623.086591000.pcd
Cat1,15mph,lr,opposite,5,1624828623.187442000,ns1,/media/batool/MULTIMODAL_DATA/Multimodal_Data/Cat1/opposite/bag_files/Cat1_15mph_lr_opposite_5/lidar_pcd/ns1/velodyne_points/1624828623.187442000.pcd
Cat1,15mph,lr,opposite,5,1624828623.288321000,ns1,/media/batool/MULTIMODAL_DATA/Multimodal_Data/Cat1/opposite/bag_files/Cat1_15mph_lr_opposite_5/lidar_pcd/ns1/velodyne_points/1624828623.288321000.pcd
Cat1,15mph,lr,opposite,5,1624828623.389170000,ns1,/media/batool/MULTIMODAL_DATA/Multimodal_Data/Cat1/opposite/bag_files/Cat1_15mph_lr_opposite_5/lidar_pcd/ns1/velodyne_points/1624828623.389170000.pcd
Cat1,15mph,lr,opposite,5,1624828623.490027000,ns1,/media/batool/MULTIMODAL_DATA/Multimodal_Data/Cat1/opposite/bag_files/Cat1_15mph_lr_opposite_5/lidar_pcd/ns1/velodyne_points/1624828623.490027000.pcd
Cat1,15mph,lr,opposite,5,1624828623.590896000,ns1,/media/batool/MULTIMODAL_DATA/Multimodal_Data/Cat1/opposite/bag_files/Cat1_15mph_lr_opposite_5/lidar_pcd/ns1/velodyne_points/1624828623.590896000.pcd
Cat1,15mph,lr,opposite,5,1624828623.691711000,ns1,/media/batool/MULTIMODAL_DATA/Multimodal_Data/Cat1/opposite/bag_files/Cat1_15mph_lr_opposite_5/lidar_pcd/ns1/velodyne_points/1624828623.691711000.pcd
Cat1,15mph,lr,opposite,5,1624828623.792606000,ns1,/media/batool/MULTIMODAL_DATA/Multimodal_Data/Cat1/opposite/bag_files/Cat1_15mph_lr_opposite_5/lidar_pcd/ns1/velodyne_points/1624828623.792606000.pcd
Cat1,15mph,lr,opposite,5,1624828623.893426000,ns1,/media/batool/MULTIMODAL_DATA/Multimodal_Data/Cat1/opposite/bag_files/Cat1_15mph_lr_opposite_5/lidar_pcd/ns1/velodyne_points/1624828623.893426000.pcd
Cat1,15mph,lr,opposite,5,1624828623.994274000,ns1,/media/batool/MULTIMODAL_DATA/Multimodal_Data/Cat1/opposite/bag_files/Cat1_15mph_lr_opposite_5/lidar_pcd/ns1/velodyne_points/1624828623.994274000.pcd
Cat1,15mph,lr,opposite,5,1624828619.556626000,ns1,/media/batool/MULTIMODAL_DATA/Multimodal_Data/Cat1/opposite/bag_files/Cat1_15mph_lr_opposite_5/lidar_pcd/ns1/velodyne_points/1624828619.556626000.pcd
Cat1,15mph,lr,opposite,5,1624828621.069472000,ns1,/media/batool/MULTIMODAL_DATA/Multimodal_Data/Cat1/opposite/bag_files/Cat1_15mph_lr_opposite_5/lidar_pcd/ns1/velodyne_points/1624828621.069472000.pcd
Cat1,15mph,lr,opposite,5,1624828622.582295000,ns1,/media/batool/MULTIMODAL_DATA/Multimodal_Data/Cat1/opposite/bag_files/Cat1_15mph_lr_opposite_5/lidar_pcd/ns1/velodyne_points/1624828622.582295000.pcd
Cat1,15mph,lr,opposite,5,1624828624.095162000,ns1,/media/batool/MULTIMODAL_DATA/Multimodal_Data/Cat1/opposite/bag_files/Cat1_15mph_lr_opposite_5/lidar_pcd/ns1/velodyne_points/1624828624.095162000.pcd
Cat1,15mph,lr,opposite,5,1624828625.607981000,ns1,/media/batool/MULTIMODAL_DATA/Multimodal_Data/Cat1/opposite/bag_files/Cat1_15mph_lr_opposite_5/lidar_pcd/ns1/velodyne_points/1624828625.607981000.pcd
Cat1,15mph,lr,opposite,5,1624828627.120866000,ns1,/media/batool/MULTIMODAL_DATA/Multimodal_Data/Cat1/opposite/bag_files/Cat1_15mph_lr_opposite_5/lidar_pcd/ns1/velodyne_points/1624828627.120866000.pcd
Cat1,15mph,lr,opposite,5,1624828628.633732000,ns1,/media/batool/MULTIMODAL_DATA/Multimodal_Data/Cat1/opposite/bag_files/Cat1_15mph_lr_opposite_5/lidar_pcd/ns1/velodyne_points/1624828628.633732000.pcd
Cat1,15mph,lr,opposite,5,1624828630.146584000,ns1,/media/batool/MULTIMODAL_DATA/Multimodal_Data/Cat1/opposite/bag_files/Cat1_15mph_lr_opposite_5/lidar_pcd/ns1/velodyne_points/1624828630.146584000.pcd
Cat1,15mph,lr,opposite,5,1624828631.659389000,ns1,/media/batool/MULTIMODAL_DATA/Multimodal_Data/Cat1/opposite/bag_files/Cat1_15mph_lr_opposite_5/lidar_pcd/ns1/velodyne_points/1624828631.659389000.pcd
Cat1,15mph,lr,opposite,5,1624828633.172241000,ns1,/media/batool/MULTIMODAL_DATA/Multimodal_Data/Cat1/opposite/bag_files/Cat1_15mph_lr_opposite_5/lidar_pcd/ns1/velodyne_points/1624828633.172241000.pcd
Cat1,15mph,lr,opposite,5,1624828634.685134000,ns1,/media/batool/MULTIMODAL_DATA/Multimodal_Data/Cat1/opposite/bag_files/Cat1_15mph_lr_opposite_5/lidar_pcd/ns1/velodyne_points/1624828634.685134000.pcd
Cat1,15mph,lr,opposite,5,1624828636.197994000,ns1,/media/batool/MULTIMODAL_DATA/Multimodal_Data/Cat1/opposite/bag_files/Cat1_15mph_lr_opposite_5/lidar_pcd/ns1/velodyne_points/1624828636.197994000.pcd
Cat1,15mph,lr,opposite,5,1624828637.710850000,ns1,/media/batool/MULTIMODAL_DATA/Multimodal_Data/Cat1/opposite/bag_files/Cat1_15mph_lr_opposite_5/lidar_pcd/ns1/velodyne_points/1624828637.710850000.pcd
Cat1,15mph,lr,opposite,5,1624828639.223700000,ns1,/media/batool/MULTIMODAL_DATA/Multimodal_Data/Cat1/opposite/bag_files/Cat1_15mph_lr_opposite_5/lidar_pcd/ns1/velodyne_points/1624828639.223700000.pcd
Cat1,15mph,lr,opposite,5,1624828624.195996000,ns1,/media/batool/MULTIMODAL_DATA/Multimodal_Data/Cat1/opposite/bag_files/Cat1_15mph_lr_opposite_5/lidar_pcd/ns1/velodyne_points/1624828624.195996000.pcd
Cat1,15mph,lr,opposite,5,1624828624.296892000,ns1,/media/batool/MULTIMODAL_DATA/Multimodal_Data/Cat1/opposite/bag_files/Cat1_15mph_lr_opposite_5/lidar_pcd/ns1/velodyne_points/1624828624.296892000.pcd
Cat1,15mph,lr,opposite,5,1624828624.397755000,ns1,/media/batool/MULTIMODAL_DATA/Multimodal_Data/Cat1/opposite/bag_files/Cat1_15mph_lr_opposite_5/lidar_pcd/ns1/velodyne_points/1624828624.397755000.pcd
Cat1,15mph,lr,opposite,5,1624828624.498589000,ns1,/media/batool/MULTIMODAL_DATA/Multimodal_Data/Cat1/opposite/bag_files/Cat1_15mph_lr_opposite_5/lidar_pcd/ns1/velodyne_points/1624828624.498589000.pcd
Cat1,15mph,lr,opposite,5,1624828624.599492000,ns1,/media/batool/MULTIMODAL_DATA/Multimodal_Data/Cat1/opposite/bag_files/Cat1_15mph_lr_opposite_5/lidar_pcd/ns1/velodyne_points/1624828624.599492000.pcd
Cat1,15mph,lr,opposite,5,1624828624.700293000,ns1,/media/batool/MULTIMODAL_DATA/Multimodal_Data/Cat1/opposite/bag_files/Cat1_15mph_lr_opposite_5/lidar_pcd/ns1/velodyne_points/1624828624.700293000.pcd
Cat1,15mph,lr,opposite,5,1624828624.801168000,ns1,/media/batool/MULTIMODAL_DATA/Multimodal_Data/Cat1/opposite/bag_files/Cat1_15mph_lr_opposite_5/lidar_pcd/ns1/velodyne_points/1624828624.801168000.pcd
Cat1,15mph,lr,opposite,5,1624828624.902017000,ns1,/media/batool/MULTIMODAL_DATA/Multimodal_Data/Cat1/opposite/bag_files/Cat1_15mph_lr_opposite_5/lidar_pcd/ns1/velodyne_points/1624828624.902017000.pcd
Cat1,15mph,lr,opposite,5,1624828625.002890000,ns1,/media/batool/MULTIMODAL_DATA/Multimodal_Data/Cat1/opposite/bag_files/Cat1_15mph_lr_opposite_5/lidar_pcd/ns1/velodyne_points/1624828625.002890000.pcd
Cat1,15mph,lr,opposite,5,1624828625.103725000,ns1,/media/batool/MULTIMODAL_DATA/Multimodal_Data/Cat1/opposite/bag_files/Cat1_15mph_lr_opposite_5/lidar_pcd/ns1/velodyne_points/1624828625.103725000.pcd
Cat1,15mph,lr,opposite,5,1624828625.204579000,ns1,/media/batool/MULTIMODAL_DATA/Multimodal_Data/Cat1/opposite/bag_files/Cat1_15mph_lr_opposite_5/lidar_pcd/ns1/velodyne_points/1624828625.204579000.pcd
Cat1,15mph,lr,opposite,5,1624828625.305464000,ns1,/media/batool/MULTIMODAL_DATA/Multimodal_Data/Cat1/opposite/bag_files/Cat1_15mph_lr_opposite_5/lidar_pcd/ns1/velodyne_points/1624828625.305464000.pcd
Cat1,15mph,lr,opposite,5,1624828625.406315000,ns1,/media/batool/MULTIMODAL_DATA/Multimodal_Data/Cat1/opposite/bag_files/Cat1_15mph_lr_opposite_5/lidar_pcd/ns1/velodyne_points/1624828625.406315000.pcd
Cat1,15mph,lr,opposite,5,1624828625.507191000,ns1,/media/batool/MULTIMODAL_DATA/Multimodal_Data/Cat1/opposite/bag_files/Cat1_15mph_lr_opposite_5/lidar_pcd/ns1/velodyne_points/1624828625.507191000.pcd
Cat1,15mph,lr,opposite,5,1624828625.708870000,ns1,/media/batool/MULTIMODAL_DATA/Multimodal_Data/Cat1/opposite/bag_files/Cat1_15mph_lr_opposite_5/lidar_pcd/ns1/velodyne_points/1624828625.708870000.pcd
Cat1,15mph,lr,opposite,5,1624828625.809742000,ns1,/media/batool/MULTIMODAL_DATA/Multimodal_Data/Cat1/opposite/bag_files/Cat1_15mph_lr_opposite_5/lidar_pcd/ns1/velodyne_points/1624828625.809742000.pcd
Cat1,15mph,lr,opposite,5,1624828625.910559000,ns1,/media/batool/MULTIMODAL_DATA/Multimodal_Data/Cat1/opposite/bag_files/Cat1_15mph_lr_opposite_5/lidar_pcd/ns1/velodyne_points/1624828625.910559000.pcd
Cat1,15mph,lr,opposite,5,1624828626.011418000,ns1,/media/batool/MULTIMODAL_DATA/Multimodal_Data/Cat1/opposite/bag_files/Cat1_15mph_lr_opposite_5/lidar_pcd/ns1/velodyne_points/1624828626.011418000.pcd
Cat1,15mph,lr,opposite,5,1624828626.112306000,ns1,/media/batool/MULTIMODAL_DATA/Multimodal_Data/Cat1/opposite/bag_files/Cat1_15mph_lr_opposite_5/lidar_pcd/ns1/velodyne_points/1624828626.112306000.pcd
Cat1,15mph,lr,opposite,5,1624828626.213178000,ns1,/media/batool/MULTIMODAL_DATA/Multimodal_Data/Cat1/opposite/bag_files/Cat1_15mph_lr_opposite_5/lidar_pcd/ns1/velodyne_points/1624828626.213178000.pcd
Cat1,15mph,lr,opposite,5,1624828626.314026000,ns1,/media/batool/MULTIMODAL_DATA/Multimodal_Data/Cat1/opposite/bag_files/Cat1_15mph_lr_opposite_5/lidar_pcd/ns1/velodyne_points/1624828626.314026000.pcd
Cat1,15mph,lr,opposite,5,1624828626.414880000,ns1,/media/batool/MULTIMODAL_DATA/Multimodal_Data/Cat1/opposite/bag_files/Cat1_15mph_lr_opposite_5/lidar_pcd/ns1/velodyne_points/1624828626.414880000.pcd
Cat1,15mph,lr,opposite,5,1624828626.515712000,ns1,/media/batool/MULTIMODAL_DATA/Multimodal_Data/Cat1/opposite/bag_files/Cat1_15mph_lr_opposite_5/lidar_pcd/ns1/velodyne_points/1624828626.515712000.pcd
Cat1,15mph,lr,opposite,5,1624828626.616581000,ns1,/media/batool/MULTIMODAL_DATA/Multimodal_Data/Cat1/opposite/bag_files/Cat1_15mph_lr_opposite_5/lidar_pcd/ns1/velodyne_points/1624828626.616581000.pcd
Cat1,15mph,lr,opposite,5,1624828626.717407000,ns1,/media/batool/MULTIMODAL_DATA/Multimodal_Data/Cat1/opposite/bag_files/Cat1_15mph_lr_opposite_5/lidar_pcd/ns1/velodyne_points/1624828626.717407000.pcd
Cat1,15mph,lr,opposite,5,1624828626.818290000,ns1,/media/batool/MULTIMODAL_DATA/Multimodal_Data/Cat1/opposite/bag_files/Cat1_15mph_lr_opposite_5/lidar_pcd/ns1/velodyne_points/1624828626.818290000.pcd
Cat1,15mph,lr,opposite,5,1624828626.919154000,ns1,/media/batool/MULTIMODAL_DATA/Multimodal_Data/Cat1/opposite/bag_files/Cat1_15mph_lr_opposite_5/lidar_pcd/ns1/velodyne_points/1624828626.919154000.pcd
Cat1,15mph,lr,opposite,5,1624828627.019997000,ns1,/media/batool/MULTIMODAL_DATA/Multimodal_Data/Cat1/opposite/bag_files/Cat1_15mph_lr_opposite_5/lidar_pcd/ns1/velodyne_points/1624828627.019997000.pcd
Cat1,15mph,lr,opposite,5,1624828627.221709000,ns1,/media/batool/MULTIMODAL_DATA/Multimodal_Data/Cat1/opposite/bag_files/Cat1_15mph_lr_opposite_5/lidar_pcd/ns1/velodyne_points/1624828627.221709000.pcd
Cat1,15mph,lr,opposite,5,1624828627.322593000,ns1,/media/batool/MULTIMODAL_DATA/Multimodal_Data/Cat1/opposite/bag_files/Cat1_15mph_lr_opposite_5/lidar_pcd/ns1/velodyne_points/1624828627.322593000.pcd
Cat1,15mph,lr,opposite,5,1624828627.423440000,ns1,/media/batool/MULTIMODAL_DATA/Multimodal_Data/Cat1/opposite/bag_files/Cat1_15mph_lr_opposite_5/lidar_pcd/ns1/velodyne_points/1624828627.423440000.pcd
Cat1,15mph,lr,opposite,5,1624828627.524301000,ns1,/media/batool/MULTIMODAL_DATA/Multimodal_Data/Cat1/opposite/bag_files/Cat1_15mph_lr_opposite_5/lidar_pcd/ns1/velodyne_points/1624828627.524301000.pcd
Cat1,15mph,lr,opposite,5,1624828627.625167000,ns1,/media/batool/MULTIMODAL_DATA/Multimodal_Data/Cat1/opposite/bag_files/Cat1_15mph_lr_opposite_5/lidar_pcd/ns1/velodyne_points/1624828627.625167000.pcd
Cat1,15mph,lr,opposite,5,1624828627.726024000,ns1,/media/batool/MULTIMODAL_DATA/Multimodal_Data/Cat1/opposite/bag_files/Cat1_15mph_lr_opposite_5/lidar_pcd/ns1/velodyne_points/1624828627.726024000.pcd
Cat1,15mph,lr,opposite,5,1624828627.826856000,ns1,/media/batool/MULTIMODAL_DATA/Multimodal_Data/Cat1/opposite/bag_files/Cat1_15mph_lr_opposite_5/lidar_pcd/ns1/velodyne_points/1624828627.826856000.pcd
Cat1,15mph,lr,opposite,5,1624828627.927713000,ns1,/media/batool/MULTIMODAL_DATA/Multimodal_Data/Cat1/opposite/bag_files/Cat1_15mph_lr_opposite_5/lidar_pcd/ns1/velodyne_points/1624828627.927713000.pcd
Cat1,15mph,lr,opposite,5,1624828628.028585000,ns1,/media/batool/MULTIMODAL_DATA/Multimodal_Data/Cat1/opposite/bag_files/Cat1_15mph_lr_opposite_5/lidar_pcd/ns1/velodyne_points/1624828628.028585000.pcd
Cat1,15mph,lr,opposite,5,1624828628.129432000,ns1,/media/batool/MULTIMODAL_DATA/Multimodal_Data/Cat1/opposite/bag_files/Cat1_15mph_lr_opposite_5/lidar_pcd/ns1/velodyne_points/1624828628.129432000.pcd
Cat1,15mph,lr,opposite,5,1624828628.230271000,ns1,/media/batool/MULTIMODAL_DATA/Multimodal_Data/Cat1/opposite/bag_files/Cat1_15mph_lr_opposite_5/lidar_pcd/ns1/velodyne_points/1624828628.230271000.pcd
Cat1,15mph,lr,opposite,5,1624828628.331160000,ns1,/media/batool/MULTIMODAL_DATA/Multimodal_Data/Cat1/opposite/bag_files/Cat1_15mph_lr_opposite_5/lidar_pcd/ns1/velodyne_points/1624828628.331160000.pcd
Cat1,15mph,lr,opposite,5,1624828628.432005000,ns1,/media/batool/MULTIMODAL_DATA/Multimodal_Data/Cat1/opposite/bag_files/Cat1_15mph_lr_opposite_5/lidar_pcd/ns1/velodyne_points/1624828628.432005000.pcd
Cat1,15mph,lr,opposite,5,1624828628.532865000,ns1,/media/batool/MULTIMODAL_DATA/Multimodal_Data/Cat1/opposite/bag_files/Cat1_15mph_lr_opposite_5/lidar_pcd/ns1/velodyne_points/1624828628.532865000.pcd
Cat1,15mph,lr,opposite,5,1624828628.734559000,ns1,/media/batool/MULTIMODAL_DATA/Multimodal_Data/Cat1/opposite/bag_files/Cat1_15mph_lr_opposite_5/lidar_pcd/ns1/velodyne_points/1624828628.734559000.pcd
Cat1,15mph,lr,opposite,5,1624828628.835412000,ns1,/media/batool/MULTIMODAL_DATA/Multimodal_Data/Cat1/opposite/bag_files/Cat1_15mph_lr_opposite_5/lidar_pcd/ns1/velodyne_points/1624828628.835412000.pcd
Cat1,15mph,lr,opposite,5,1624828628.936290000,ns1,/media/batool/MULTIMODAL_DATA/Multimodal_Data/Cat1/opposite/bag_files/Cat1_15mph_lr_opposite_5/lidar_pcd/ns1/velodyne_points/1624828628.936290000.pcd
Cat1,15mph,lr,opposite,5,1624828629.037143000,ns1,/media/batool/MULTIMODAL_DATA/Multimodal_Data/Cat1/opposite/bag_files/Cat1_15mph_lr_opposite_5/lidar_pcd/ns1/velodyne_points/1624828629.037143000.pcd
Cat1,15mph,lr,opposite,5,1624828629.138022000,ns1,/media/batool/MULTIMODAL_DATA/Multimodal_Data/Cat1/opposite/bag_files/Cat1_15mph_lr_opposite_5/lidar_pcd/ns1/velodyne_points/1624828629.138022000.pcd
Cat1,15mph,lr,opposite,5,1624828629.238873000,ns1,/media/batool/MULTIMODAL_DATA/Multimodal_Data/Cat1/opposite/bag_files/Cat1_15mph_lr_opposite_5/lidar_pcd/ns1/velodyne_points/1624828629.238873000.pcd
Cat1,15mph,lr,opposite,5,1624828629.339732000,ns1,/media/batool/MULTIMODAL_DATA/Multimodal_Data/Cat1/opposite/bag_files/Cat1_15mph_lr_opposite_5/lidar_pcd/ns1/velodyne_points/1624828629.339732000.pcd
Cat1,15mph,lr,opposite,5,1624828629.440586000,ns1,/media/batool/MULTIMODAL_DATA/Multimodal_Data/Cat1/opposite/bag_files/Cat1_15mph_lr_opposite_5/lidar_pcd/ns1/velodyne_points/1624828629.440586000.pcd
Cat1,15mph,lr,opposite,5,1624828629.541431000,ns1,/media/batool/MULTIMODAL_DATA/Multimodal_Data/Cat1/opposite/bag_files/Cat1_15mph_lr_opposite_5/lidar_pcd/ns1/velodyne_points/1624828629.541431000.pcd
Cat1,15mph,lr,opposite,5,1624828629.642283000,ns1,/media/batool/MULTIMODAL_DATA/Multimodal_Data/Cat1/opposite/bag_files/Cat1_15mph_lr_opposite_5/lidar_pcd/ns1/velodyne_points/1624828629.642283000.pcd
Cat1,15mph,lr,opposite,5,1624828629.743157000,ns1,/media/batool/MULTIMODAL_DATA/Multimodal_Data/Cat1/opposite/bag_files/Cat1_15mph_lr_opposite_5/lidar_pcd/ns1/velodyne_points/1624828629.743157000.pcd
Cat1,15mph,lr,opposite,5,1624828629.843984000,ns1,/media/batool/MULTIMODAL_DATA/Multimodal_Data/Cat1/opposite/bag_files/Cat1_15mph_lr_opposite_5/lidar_pcd/ns1/velodyne_points/1624828629.843984000.pcd
Cat1,15mph,lr,opposite,5,1624828629.944874000,ns1,/media/batool/MULTIMODAL_DATA/Multimodal_Data/Cat1/opposite/bag_files/Cat1_15mph_lr_opposite_5/lidar_pcd/ns1/velodyne_points/1624828629.944874000.pcd
Cat1,15mph,lr,opposite,5,1624828630.045729000,ns1,/media/batool/MULTIMODAL_DATA/Multimodal_Data/Cat1/opposite/bag_files/Cat1_15mph_lr_opposite_5/lidar_pcd/ns1/velodyne_points/1624828630.045729000.pcd
Cat1,15mph,lr,opposite,5,1624828630.247423000,ns1,/media/batool/MULTIMODAL_DATA/Multimodal_Data/Cat1/opposite/bag_files/Cat1_15mph_lr_opposite_5/lidar_pcd/ns1/velodyne_points/1624828630.247423000.pcd
Cat1,15mph,lr,opposite,5,1624828630.348282000,ns1,/media/batool/MULTIMODAL_DATA/Multimodal_Data/Cat1/opposite/bag_files/Cat1_15mph_lr_opposite_5/lidar_pcd/ns1/velodyne_points/1624828630.348282000.pcd
Cat1,15mph,lr,opposite,5,1624828630.449129000,ns1,/media/batool/MULTIMODAL_DATA/Multimodal_Data/Cat1/opposite/bag_files/Cat1_15mph_lr_opposite_5/lidar_pcd/ns1/velodyne_points/1624828630.449129000.pcd
Cat1,15mph,lr,opposite,5,1624828630.549982000,ns1,/media/batool/MULTIMODAL_DATA/Multimodal_Data/Cat1/opposite/bag_files/Cat1_15mph_lr_opposite_5/lidar_pcd/ns1/velodyne_points/1624828630.549982000.pcd
Cat1,15mph,lr,opposite,5,1624828630.650856000,ns1,/media/batool/MULTIMODAL_DATA/Multimodal_Data/Cat1/opposite/bag_files/Cat1_15mph_lr_opposite_5/lidar_pcd/ns1/velodyne_points/1624828630.650856000.pcd
Cat1,15mph,lr,opposite,5,1624828630.751715000,ns1,/media/batool/MULTIMODAL_DATA/Multimodal_Data/Cat1/opposite/bag_files/Cat1_15mph_lr_opposite_5/lidar_pcd/ns1/velodyne_points/1624828630.751715000.pcd
Cat1,15mph,lr,opposite,5,1624828630.852584000,ns1,/media/batool/MULTIMODAL_DATA/Multimodal_Data/Cat1/opposite/bag_files/Cat1_15mph_lr_opposite_5/lidar_pcd/ns1/velodyne_points/1624828630.852584000.pcd
Cat1,15mph,lr,opposite,5,1624828630.953423000,ns1,/media/batool/MULTIMODAL_DATA/Multimodal_Data/Cat1/opposite/bag_files/Cat1_15mph_lr_opposite_5/lidar_pcd/ns1/velodyne_points/1624828630.953423000.pcd
Cat1,15mph,lr,opposite,5,1624828631.054295000,ns1,/media/batool/MULTIMODAL_DATA/Multimodal_Data/Cat1/opposite/bag_files/Cat1_15mph_lr_opposite_5/lidar_pcd/ns1/velodyne_points/1624828631.054295000.pcd
Cat1,15mph,lr,opposite,5,1624828631.155152000,ns1,/media/batool/MULTIMODAL_DATA/Multimodal_Data/Cat1/opposite/bag_files/Cat1_15mph_lr_opposite_5/lidar_pcd/ns1/velodyne_points/1624828631.155152000.pcd
Cat1,15mph,lr,opposite,5,1624828631.255986000,ns1,/media/batool/MULTIMODAL_DATA/Multimodal_Data/Cat1/opposite/bag_files/Cat1_15mph_lr_opposite_5/lidar_pcd/ns1/velodyne_points/1624828631.255986000.pcd
Cat1,15mph,lr,opposite,5,1624828631.356838000,ns1,/media/batool/MULTIMODAL_DATA/Multimodal_Data/Cat1/opposite/bag_files/Cat1_15mph_lr_opposite_5/lidar_pcd/ns1/velodyne_points/1624828631.356838000.pcd
Cat1,15mph,lr,opposite,5,1624828631.457709000,ns1,/media/batool/MULTIMODAL_DATA/Multimodal_Data/Cat1/opposite/bag_files/Cat1_15mph_lr_opposite_5/lidar_pcd/ns1/velodyne_points/1624828631.457709000.pcd
Cat1,15mph,lr,opposite,5,1624828631.558559000,ns1,/media/batool/MULTIMODAL_DATA/Multimodal_Data/Cat1/opposite/bag_files/Cat1_15mph_lr_opposite_5/lidar_pcd/ns1/velodyne_points/1624828631.558559000.pcd
Cat1,15mph,lr,opposite,5,1624828631.760282000,ns1,/media/batool/MULTIMODAL_DATA/Multimodal_Data/Cat1/opposite/bag_files/Cat1_15mph_lr_opposite_5/lidar_pcd/ns1/velodyne_points/1624828631.760282000.pcd
Cat1,15mph,lr,opposite,5,1624828631.861136000,ns1,/media/batool/MULTIMODAL_DATA/Multimodal_Data/Cat1/opposite/bag_files/Cat1_15mph_lr_opposite_5/lidar_pcd/ns1/velodyne_points/1624828631.861136000.pcd
Cat1,15mph,lr,opposite,5,1624828631.961976000,ns1,/media/batool/MULTIMODAL_DATA/Multimodal_Data/Cat1/opposite/bag_files/Cat1_15mph_lr_opposite_5/lidar_pcd/ns1/velodyne_points/1624828631.961976000.pcd
Cat1,15mph,lr,opposite,5,1624828632.062850000,ns1,/media/batool/MULTIMODAL_DATA/Multimodal_Data/Cat1/opposite/bag_files/Cat1_15mph_lr_opposite_5/lidar_pcd/ns1/velodyne_points/1624828632.062850000.pcd
Cat1,15mph,lr,opposite,5,1624828632.163662000,ns1,/media/batool/MULTIMODAL_DATA/Multimodal_Data/Cat1/opposite/bag_files/Cat1_15mph_lr_opposite_5/lidar_pcd/ns1/velodyne_points/1624828632.163662000.pcd
Cat1,15mph,lr,opposite,5,1624828632.264522000,ns1,/media/batool/MULTIMODAL_DATA/Multimodal_Data/Cat1/opposite/bag_files/Cat1_15mph_lr_opposite_5/lidar_pcd/ns1/velodyne_points/1624828632.264522000.pcd
Cat1,15mph,lr,opposite,5,1624828632.365383000,ns1,/media/batool/MULTIMODAL_DATA/Multimodal_Data/Cat1/opposite/bag_files/Cat1_15mph_lr_opposite_5/lidar_pcd/ns1/velodyne_points/1624828632.365383000.pcd
Cat1,15mph,lr,opposite,5,1624828632.466256000,ns1,/media/batool/MULTIMODAL_DATA/Multimodal_Data/Cat1/opposite/bag_files/Cat1_15mph_lr_opposite_5/lidar_pcd/ns1/velodyne_points/1624828632.466256000.pcd
Cat1,15mph,lr,opposite,5,1624828632.567123000,ns1,/media/batool/MULTIMODAL_DATA/Multimodal_Data/Cat1/opposite/bag_files/Cat1_15mph_lr_opposite_5/lidar_pcd/ns1/velodyne_points/1624828632.567123000.pcd
Cat1,15mph,lr,opposite,5,1624828632.667991000,ns1,/media/batool/MULTIMODAL_DATA/Multimodal_Data/Cat1/opposite/bag_files/Cat1_15mph_lr_opposite_5/lidar_pcd/ns1/velodyne_points/1624828632.667991000.pcd
Cat1,15mph,lr,opposite,5,1624828632.768819000,ns1,/media/batool/MULTIMODAL_DATA/Multimodal_Data/Cat1/opposite/bag_files/Cat1_15mph_lr_opposite_5/lidar_pcd/ns1/velodyne_points/1624828632.768819000.pcd
Cat1,15mph,lr,opposite,5,1624828632.869675000,ns1,/media/batool/MULTIMODAL_DATA/Multimodal_Data/Cat1/opposite/bag_files/Cat1_15mph_lr_opposite_5/lidar_pcd/ns1/velodyne_points/1624828632.869675000.pcd
Cat1,15mph,lr,opposite,5,1624828632.970592000,ns1,/media/batool/MULTIMODAL_DATA/Multimodal_Data/Cat1/opposite/bag_files/Cat1_15mph_lr_opposite_5/lidar_pcd/ns1/velodyne_points/1624828632.970592000.pcd
Cat1,15mph,lr,opposite,5,1624828633.071426000,ns1,/media/batool/MULTIMODAL_DATA/Multimodal_Data/Cat1/opposite/bag_files/Cat1_15mph_lr_opposite_5/lidar_pcd/ns1/velodyne_points/1624828633.071426000.pcd
Cat1,15mph,lr,opposite,5,1624828633.273152000,ns1,/media/batool/MULTIMODAL_DATA/Multimodal_Data/Cat1/opposite/bag_files/Cat1_15mph_lr_opposite_5/lidar_pcd/ns1/velodyne_points/1624828633.273152000.pcd
Cat1,15mph,lr,opposite,5,1624828633.374006000,ns1,/media/batool/MULTIMODAL_DATA/Multimodal_Data/Cat1/opposite/bag_files/Cat1_15mph_lr_opposite_5/lidar_pcd/ns1/velodyne_points/1624828633.374006000.pcd
Cat1,15mph,lr,opposite,5,1624828633.474844000,ns1,/media/batool/MULTIMODAL_DATA/Multimodal_Data/Cat1/opposite/bag_files/Cat1_15mph_lr_opposite_5/lidar_pcd/ns1/velodyne_points/1624828633.474844000.pcd
Cat1,15mph,lr,opposite,5,1624828633.575744000,ns1,/media/batool/MULTIMODAL_DATA/Multimodal_Data/Cat1/opposite/bag_files/Cat1_15mph_lr_opposite_5/lidar_pcd/ns1/velodyne_points/1624828633.575744000.pcd
Cat1,15mph,lr,opposite,5,1624828633.676590000,ns1,/media/batool/MULTIMODAL_DATA/Multimodal_Data/Cat1/opposite/bag_files/Cat1_15mph_lr_opposite_5/lidar_pcd/ns1/velodyne_points/1624828633.676590000.pcd
Cat1,15mph,lr,opposite,5,1624828633.777405000,ns1,/media/batool/MULTIMODAL_DATA/Multimodal_Data/Cat1/opposite/bag_files/Cat1_15mph_lr_opposite_5/lidar_pcd/ns1/velodyne_points/1624828633.777405000.pcd
Cat1,15mph,lr,opposite,5,1624828633.878286000,ns1,/media/batool/MULTIMODAL_DATA/Multimodal_Data/Cat1/opposite/bag_files/Cat1_15mph_lr_opposite_5/lidar_pcd/ns1/velodyne_points/1624828633.878286000.pcd
Cat1,15mph,lr,opposite,5,1624828633.979142000,ns1,/media/batool/MULTIMODAL_DATA/Multimodal_Data/Cat1/opposite/bag_files/Cat1_15mph_lr_opposite_5/lidar_pcd/ns1/velodyne_points/1624828633.979142000.pcd
Cat1,15mph,lr,opposite,5,1624828634.079984000,ns1,/media/batool/MULTIMODAL_DATA/Multimodal_Data/Cat1/opposite/bag_files/Cat1_15mph_lr_opposite_5/lidar_pcd/ns1/velodyne_points/1624828634.079984000.pcd
Cat1,15mph,lr,opposite,5,1624828634.180862000,ns1,/media/batool/MULTIMODAL_DATA/Multimodal_Data/Cat1/opposite/bag_files/Cat1_15mph_lr_opposite_5/lidar_pcd/ns1/velodyne_points/1624828634.180862000.pcd
Cat1,15mph,lr,opposite,5,1624828634.281723000,ns1,/media/batool/MULTIMODAL_DATA/Multimodal_Data/Cat1/opposite/bag_files/Cat1_15mph_lr_opposite_5/lidar_pcd/ns1/velodyne_points/1624828634.281723000.pcd
Cat1,15mph,lr,opposite,5,1624828634.382572000,ns1,/media/batool/MULTIMODAL_DATA/Multimodal_Data/Cat1/opposite/bag_files/Cat1_15mph_lr_opposite_5/lidar_pcd/ns1/velodyne_points/1624828634.382572000.pcd
Cat1,15mph,lr,opposite,5,1624828634.483429000,ns1,/media/batool/MULTIMODAL_DATA/Multimodal_Data/Cat1/opposite/bag_files/Cat1_15mph_lr_opposite_5/lidar_pcd/ns1/velodyne_points/1624828634.483429000.pcd
Cat1,15mph,lr,opposite,5,1624828634.584271000,ns1,/media/batool/MULTIMODAL_DATA/Multimodal_Data/Cat1/opposite/bag_files/Cat1_15mph_lr_opposite_5/lidar_pcd/ns1/velodyne_points/1624828634.584271000.pcd
Cat1,15mph,lr,opposite,5,1624828634.785989000,ns1,/media/batool/MULTIMODAL_DATA/Multimodal_Data/Cat1/opposite/bag_files/Cat1_15mph_lr_opposite_5/lidar_pcd/ns1/velodyne_points/1624828634.785989000.pcd
Cat1,15mph,lr,opposite,5,1624828634.886826000,ns1,/media/batool/MULTIMODAL_DATA/Multimodal_Data/Cat1/opposite/bag_files/Cat1_15mph_lr_opposite_5/lidar_pcd/ns1/velodyne_points/1624828634.886826000.pcd
Cat1,15mph,lr,opposite,5,1624828634.987663000,ns1,/media/batool/MULTIMODAL_DATA/Multimodal_Data/Cat1/opposite/bag_files/Cat1_15mph_lr_opposite_5/lidar_pcd/ns1/velodyne_points/1624828634.987663000.pcd
Cat1,15mph,lr,opposite,5,1624828635.088528000,ns1,/media/batool/MULTIMODAL_DATA/Multimodal_Data/Cat1/opposite/bag_files/Cat1_15mph_lr_opposite_5/lidar_pcd/ns1/velodyne_points/1624828635.088528000.pcd
Cat1,15mph,lr,opposite,5,1624828635.189386000,ns1,/media/batool/MULTIMODAL_DATA/Multimodal_Data/Cat1/opposite/bag_files/Cat1_15mph_lr_opposite_5/lidar_pcd/ns1/velodyne_points/1624828635.189386000.pcd
Cat1,15mph,lr,opposite,5,1624828635.290227000,ns1,/media/batool/MULTIMODAL_DATA/Multimodal_Data/Cat1/opposite/bag_files/Cat1_15mph_lr_opposite_5/lidar_pcd/ns1/velodyne_points/1624828635.290227000.pcd
Cat1,15mph,lr,opposite,5,1624828635.391081000,ns1,/media/batool/MULTIMODAL_DATA/Multimodal_Data/Cat1/opposite/bag_files/Cat1_15mph_lr_opposite_5/lidar_pcd/ns1/velodyne_points/1624828635.391081000.pcd
Cat1,15mph,lr,opposite,5,1624828635.491940000,ns1,/media/batool/MULTIMODAL_DATA/Multimodal_Data/Cat1/opposite/bag_files/Cat1_15mph_lr_opposite_5/lidar_pcd/ns1/velodyne_points/1624828635.491940000.pcd
Cat1,15mph,lr,opposite,5,1624828635.592873000,ns1,/media/batool/MULTIMODAL_DATA/Multimodal_Data/Cat1/opposite/bag_files/Cat1_15mph_lr_opposite_5/lidar_pcd/ns1/velodyne_points/1624828635.592873000.pcd
Cat1,15mph,lr,opposite,5,1624828635.693666000,ns1,/media/batool/MULTIMODAL_DATA/Multimodal_Data/Cat1/opposite/bag_files/Cat1_15mph_lr_opposite_5/lidar_pcd/ns1/velodyne_points/1624828635.693666000.pcd
Cat1,15mph,lr,opposite,5,1624828635.794510000,ns1,/media/batool/MULTIMODAL_DATA/Multimodal_Data/Cat1/opposite/bag_files/Cat1_15mph_lr_opposite_5/lidar_pcd/ns1/velodyne_points/1624828635.794510000.pcd
Cat1,15mph,lr,opposite,5,1624828635.895423000,ns1,/media/batool/MULTIMODAL_DATA/Multimodal_Data/Cat1/opposite/bag_files/Cat1_15mph_lr_opposite_5/lidar_pcd/ns1/velodyne_points/1624828635.895423000.pcd
Cat1,15mph,lr,opposite,5,1624828635.996256000,ns1,/media/batool/MULTIMODAL_DATA/Multimodal_Data/Cat1/opposite/bag_files/Cat1_15mph_lr_opposite_5/lidar_pcd/ns1/velodyne_points/1624828635.996256000.pcd
Cat1,15mph,lr,opposite,5,1624828636.097099000,ns1,/media/batool/MULTIMODAL_DATA/Multimodal_Data/Cat1/opposite/bag_files/Cat1_15mph_lr_opposite_5/lidar_pcd/ns1/velodyne_points/1624828636.097099000.pcd
Cat1,15mph,lr,opposite,5,1624828636.298851000,ns1,/media/batool/MULTIMODAL_DATA/Multimodal_Data/Cat1/opposite/bag_files/Cat1_15mph_lr_opposite_5/lidar_pcd/ns1/velodyne_points/1624828636.298851000.pcd
Cat1,15mph,lr,opposite,5,1624828636.399706000,ns1,/media/batool/MULTIMODAL_DATA/Multimodal_Data/Cat1/opposite/bag_files/Cat1_15mph_lr_opposite_5/lidar_pcd/ns1/velodyne_points/1624828636.399706000.pcd
Cat1,15mph,lr,opposite,5,1624828636.500562000,ns1,/media/batool/MULTIMODAL_DATA/Multimodal_Data/Cat1/opposite/bag_files/Cat1_15mph_lr_opposite_5/lidar_pcd/ns1/velodyne_points/1624828636.500562000.pcd
Cat1,15mph,lr,opposite,5,1624828636.601394000,ns1,/media/batool/MULTIMODAL_DATA/Multimodal_Data/Cat1/opposite/bag_files/Cat1_15mph_lr_opposite_5/lidar_pcd/ns1/velodyne_points/1624828636.601394000.pcd
Cat1,15mph,lr,opposite,5,1624828636.702260000,ns1,/media/batool/MULTIMODAL_DATA/Multimodal_Data/Cat1/opposite/bag_files/Cat1_15mph_lr_opposite_5/lidar_pcd/ns1/velodyne_points/1624828636.702260000.pcd
Cat1,15mph,lr,opposite,5,1624828636.803116000,ns1,/media/batool/MULTIMODAL_DATA/Multimodal_Data/Cat1/opposite/bag_files/Cat1_15mph_lr_opposite_5/lidar_pcd/ns1/velodyne_points/1624828636.803116000.pcd
Cat1,15mph,lr,opposite,5,1624828636.903976000,ns1,/media/batool/MULTIMODAL_DATA/Multimodal_Data/Cat1/opposite/bag_files/Cat1_15mph_lr_opposite_5/lidar_pcd/ns1/velodyne_points/1624828636.903976000.pcd
Cat1,15mph,lr,opposite,5,1624828637.004847000,ns1,/media/batool/MULTIMODAL_DATA/Multimodal_Data/Cat1/opposite/bag_files/Cat1_15mph_lr_opposite_5/lidar_pcd/ns1/velodyne_points/1624828637.004847000.pcd
Cat1,15mph,lr,opposite,5,1624828637.105711000,ns1,/media/batool/MULTIMODAL_DATA/Multimodal_Data/Cat1/opposite/bag_files/Cat1_15mph_lr_opposite_5/lidar_pcd/ns1/velodyne_points/1624828637.105711000.pcd
Cat1,15mph,lr,opposite,5,1624828637.206562000,ns1,/media/batool/MULTIMODAL_DATA/Multimodal_Data/Cat1/opposite/bag_files/Cat1_15mph_lr_opposite_5/lidar_pcd/ns1/velodyne_points/1624828637.206562000.pcd
Cat1,15mph,lr,opposite,5,1624828637.307417000,ns1,/media/batool/MULTIMODAL_DATA/Multimodal_Data/Cat1/opposite/bag_files/Cat1_15mph_lr_opposite_5/lidar_pcd/ns1/velodyne_points/1624828637.307417000.pcd
Cat1,15mph,lr,opposite,5,1624828637.408276000,ns1,/media/batool/MULTIMODAL_DATA/Multimodal_Data/Cat1/opposite/bag_files/Cat1_15mph_lr_opposite_5/lidar_pcd/ns1/velodyne_points/1624828637.408276000.pcd
Cat1,15mph,lr,opposite,5,1624828637.509140000,ns1,/media/batool/MULTIMODAL_DATA/Multimodal_Data/Cat1/opposite/bag_files/Cat1_15mph_lr_opposite_5/lidar_pcd/ns1/velodyne_points/1624828637.509140000.pcd
Cat1,15mph,lr,opposite,5,1624828637.610004000,ns1,/media/batool/MULTIMODAL_DATA/Multimodal_Data/Cat1/opposite/bag_files/Cat1_15mph_lr_opposite_5/lidar_pcd/ns1/velodyne_points/1624828637.610004000.pcd
Cat1,15mph,lr,opposite,5,1624828637.811702000,ns1,/media/batool/MULTIMODAL_DATA/Multimodal_Data/Cat1/opposite/bag_files/Cat1_15mph_lr_opposite_5/lidar_pcd/ns1/velodyne_points/1624828637.811702000.pcd
Cat1,15mph,lr,opposite,5,1624828637.912559000,ns1,/media/batool/MULTIMODAL_DATA/Multimodal_Data/Cat1/opposite/bag_files/Cat1_15mph_lr_opposite_5/lidar_pcd/ns1/velodyne_points/1624828637.912559000.pcd
Cat1,15mph,lr,opposite,5,1624828638.013391000,ns1,/media/batool/MULTIMODAL_DATA/Multimodal_Data/Cat1/opposite/bag_files/Cat1_15mph_lr_opposite_5/lidar_pcd/ns1/velodyne_points/1624828638.013391000.pcd
Cat1,15mph,lr,opposite,5,1624828638.114276000,ns1,/media/batool/MULTIMODAL_DATA/Multimodal_Data/Cat1/opposite/bag_files/Cat1_15mph_lr_opposite_5/lidar_pcd/ns1/velodyne_points/1624828638.114276000.pcd
Cat1,15mph,lr,opposite,5,1624828638.215075000,ns1,/media/batool/MULTIMODAL_DATA/Multimodal_Data/Cat1/opposite/bag_files/Cat1_15mph_lr_opposite_5/lidar_pcd/ns1/velodyne_points/1624828638.215075000.pcd
Cat1,15mph,lr,opposite,5,1624828638.315971000,ns1,/media/batool/MULTIMODAL_DATA/Multimodal_Data/Cat1/opposite/bag_files/Cat1_15mph_lr_opposite_5/lidar_pcd/ns1/velodyne_points/1624828638.315971000.pcd
Cat1,15mph,lr,opposite,5,1624828638.416842000,ns1,/media/batool/MULTIMODAL_DATA/Multimodal_Data/Cat1/opposite/bag_files/Cat1_15mph_lr_opposite_5/lidar_pcd/ns1/velodyne_points/1624828638.416842000.pcd
Cat1,15mph,lr,opposite,5,1624828638.517700000,ns1,/media/batool/MULTIMODAL_DATA/Multimodal_Data/Cat1/opposite/bag_files/Cat1_15mph_lr_opposite_5/lidar_pcd/ns1/velodyne_points/1624828638.517700000.pcd
Cat1,15mph,lr,opposite,5,1624828638.618556000,ns1,/media/batool/MULTIMODAL_DATA/Multimodal_Data/Cat1/opposite/bag_files/Cat1_15mph_lr_opposite_5/lidar_pcd/ns1/velodyne_points/1624828638.618556000.pcd
Cat1,15mph,lr,opposite,5,1624828638.719413000,ns1,/media/batool/MULTIMODAL_DATA/Multimodal_Data/Cat1/opposite/bag_files/Cat1_15mph_lr_opposite_5/lidar_pcd/ns1/velodyne_points/1624828638.719413000.pcd
Cat1,15mph,lr,opposite,5,1624828638.820252000,ns1,/media/batool/MULTIMODAL_DATA/Multimodal_Data/Cat1/opposite/bag_files/Cat1_15mph_lr_opposite_5/lidar_pcd/ns1/velodyne_points/1624828638.820252000.pcd
Cat1,15mph,lr,opposite,5,1624828638.921118000,ns1,/media/batool/MULTIMODAL_DATA/Multimodal_Data/Cat1/opposite/bag_files/Cat1_15mph_lr_opposite_5/lidar_pcd/ns1/velodyne_points/1624828638.921118000.pcd
Cat1,15mph,lr,opposite,5,1624828639.021985000,ns1,/media/batool/MULTIMODAL_DATA/Multimodal_Data/Cat1/opposite/bag_files/Cat1_15mph_lr_opposite_5/lidar_pcd/ns1/velodyne_points/1624828639.021985000.pcd
Cat1,15mph,lr,opposite,5,1624828639.122816000,ns1,/media/batool/MULTIMODAL_DATA/Multimodal_Data/Cat1/opposite/bag_files/Cat1_15mph_lr_opposite_5/lidar_pcd/ns1/velodyne_points/1624828639.122816000.pcd
Cat1,15mph,lr,opposite,5,1624828639.324556000,ns1,/media/batool/MULTIMODAL_DATA/Multimodal_Data/Cat1/opposite/bag_files/Cat1_15mph_lr_opposite_5/lidar_pcd/ns1/velodyne_points/1624828639.324556000.pcd
Cat1,15mph,lr,opposite,5,1624828639.425372000,ns1,/media/batool/MULTIMODAL_DATA/Multimodal_Data/Cat1/opposite/bag_files/Cat1_15mph_lr_opposite_5/lidar_pcd/ns1/velodyne_points/1624828639.425372000.pcd
Cat1,15mph,lr,opposite,5,1624828639.526269000,ns1,/media/batool/MULTIMODAL_DATA/Multimodal_Data/Cat1/opposite/bag_files/Cat1_15mph_lr_opposite_5/lidar_pcd/ns1/velodyne_points/1624828639.526269000.pcd
Cat1,15mph,lr,opposite,5,1624828639.627084000,ns1,/media/batool/MULTIMODAL_DATA/Multimodal_Data/Cat1/opposite/bag_files/Cat1_15mph_lr_opposite_5/lidar_pcd/ns1/velodyne_points/1624828639.627084000.pcd
Cat1,15mph,lr,opposite,5,1624828639.727949000,ns1,/media/batool/MULTIMODAL_DATA/Multimodal_Data/Cat1/opposite/bag_files/Cat1_15mph_lr_opposite_5/lidar_pcd/ns1/velodyne_points/1624828639.727949000.pcd
Cat1,15mph,lr,opposite,5,1624828639.828785000,ns1,/media/batool/MULTIMODAL_DATA/Multimodal_Data/Cat1/opposite/bag_files/Cat1_15mph_lr_opposite_5/lidar_pcd/ns1/velodyne_points/1624828639.828785000.pcd
Cat1,15mph,lr,opposite,5,1624828639.929664000,ns1,/media/batool/MULTIMODAL_DATA/Multimodal_Data/Cat1/opposite/bag_files/Cat1_15mph_lr_opposite_5/lidar_pcd/ns1/velodyne_points/1624828639.929664000.pcd
Cat1,15mph,lr,opposite,5,1624828640.030553000,ns1,/media/batool/MULTIMODAL_DATA/Multimodal_Data/Cat1/opposite/bag_files/Cat1_15mph_lr_opposite_5/lidar_pcd/ns1/velodyne_points/1624828640.030553000.pcd
Cat1,15mph,lr,opposite,5,1624828640.131393000,ns1,/media/batool/MULTIMODAL_DATA/Multimodal_Data/Cat1/opposite/bag_files/Cat1_15mph_lr_opposite_5/lidar_pcd/ns1/velodyne_points/1624828640.131393000.pcd
Cat1,15mph,lr,opposite,5,1624828640.232265000,ns1,/media/batool/MULTIMODAL_DATA/Multimodal_Data/Cat1/opposite/bag_files/Cat1_15mph_lr_opposite_5/lidar_pcd/ns1/velodyne_points/1624828640.232265000.pcd
Cat1,15mph,lr,opposite,5,1624828640.333069000,ns1,/media/batool/MULTIMODAL_DATA/Multimodal_Data/Cat1/opposite/bag_files/Cat1_15mph_lr_opposite_5/lidar_pcd/ns1/velodyne_points/1624828640.333069000.pcd
Cat1,15mph,lr,opposite,5,1624828640.433932000,ns1,/media/batool/MULTIMODAL_DATA/Multimodal_Data/Cat1/opposite/bag_files/Cat1_15mph_lr_opposite_5/lidar_pcd/ns1/velodyne_points/1624828640.433932000.pcd
Cat1,15mph,lr,opposite,5,1624828640.534812000,ns1,/media/batool/MULTIMODAL_DATA/Multimodal_Data/Cat1/opposite/bag_files/Cat1_15mph_lr_opposite_5/lidar_pcd/ns1/velodyne_points/1624828640.534812000.pcd
Cat1,15mph,lr,opposite,5,1624828640.635700000,ns1,/media/batool/MULTIMODAL_DATA/Multimodal_Data/Cat1/opposite/bag_files/Cat1_15mph_lr_opposite_5/lidar_pcd/ns1/velodyne_points/1624828640.635700000.pcd
Cat1,15mph,lr,opposite,5,1624828640.736558000,ns1,/media/batool/MULTIMODAL_DATA/Multimodal_Data/Cat1/opposite/bag_files/Cat1_15mph_lr_opposite_5/lidar_pcd/ns1/velodyne_points/1624828640.736558000.pcd
Cat1,15mph,lr,opposite,5,1624828640.837383000,ns1,/media/batool/MULTIMODAL_DATA/Multimodal_Data/Cat1/opposite/bag_files/Cat1_15mph_lr_opposite_5/lidar_pcd/ns1/velodyne_points/1624828640.837383000.pcd
Cat1,15mph,lr,opposite,5,1624828640.938264000,ns1,/media/batool/MULTIMODAL_DATA/Multimodal_Data/Cat1/opposite/bag_files/Cat1_15mph_lr_opposite_5/lidar_pcd/ns1/velodyne_points/1624828640.938264000.pcd
Cat1,15mph,lr,opposite,5,1624828641.039119000,ns1,/media/batool/MULTIMODAL_DATA/Multimodal_Data/Cat1/opposite/bag_files/Cat1_15mph_lr_opposite_5/lidar_pcd/ns1/velodyne_points/1624828641.039119000.pcd
Cat1,15mph,lr,opposite,5,1624828641.139979000,ns1,/media/batool/MULTIMODAL_DATA/Multimodal_Data/Cat1/opposite/bag_files/Cat1_15mph_lr_opposite_5/lidar_pcd/ns1/velodyne_points/1624828641.139979000.pcd
Cat1,15mph,lr,opposite,5,1624828641.240781000,ns1,/media/batool/MULTIMODAL_DATA/Multimodal_Data/Cat1/opposite/bag_files/Cat1_15mph_lr_opposite_5/lidar_pcd/ns1/velodyne_points/1624828641.240781000.pcd
Cat1,15mph,lr,opposite,5,1624828641.341673000,ns1,/media/batool/MULTIMODAL_DATA/Multimodal_Data/Cat1/opposite/bag_files/Cat1_15mph_lr_opposite_5/lidar_pcd/ns1/velodyne_points/1624828641.341673000.pcd
Cat1,15mph,lr,opposite,5,1624828641.442526000,ns1,/media/batool/MULTIMODAL_DATA/Multimodal_Data/Cat1/opposite/bag_files/Cat1_15mph_lr_opposite_5/lidar_pcd/ns1/velodyne_points/1624828641.442526000.pcd
Cat1,15mph,lr,opposite,5,1624828641.543409000,ns1,/media/batool/MULTIMODAL_DATA/Multimodal_Data/Cat1/opposite/bag_files/Cat1_15mph_lr_opposite_5/lidar_pcd/ns1/velodyne_points/1624828641.543409000.pcd
Cat1,15mph,lr,opposite,5,1624828641.644263000,ns1,/media/batool/MULTIMODAL_DATA/Multimodal_Data/Cat1/opposite/bag_files/Cat1_15mph_lr_opposite_5/lidar_pcd/ns1/velodyne_points/1624828641.644263000.pcd
Cat1,15mph,lr,opposite,5,1624828641.745131000,ns1,/media/batool/MULTIMODAL_DATA/Multimodal_Data/Cat1/opposite/bag_files/Cat1_15mph_lr_opposite_5/lidar_pcd/ns1/velodyne_points/1624828641.745131000.pcd
