Category,speed,direction,lane,episode,Time header,Image_path
Cat1,10mph,lr,opposite,4,1624824411.6768906,/media/batool/MULTIMODAL_DATA/Multimodal_Data/Cat1/opposite/bag_files/Cat1_10mph_lr_opposite_4/camera_images/1624824411.6768906.jpg
Cat1,10mph,lr,opposite,4,1624824411.710224,/media/batool/MULTIMODAL_DATA/Multimodal_Data/Cat1/opposite/bag_files/Cat1_10mph_lr_opposite_4/camera_images/1624824411.710224.jpg
Cat1,10mph,lr,opposite,4,1624824411.7435572,/media/batool/MULTIMODAL_DATA/Multimodal_Data/Cat1/opposite/bag_files/Cat1_10mph_lr_opposite_4/camera_images/1624824411.7435572.jpg
Cat1,10mph,lr,opposite,4,1624824411.7768905,/media/batool/MULTIMODAL_DATA/Multimodal_Data/Cat1/opposite/bag_files/Cat1_10mph_lr_opposite_4/camera_images/1624824411.7768905.jpg
Cat1,10mph,lr,opposite,4,1624824411.8102238,/media/batool/MULTIMODAL_DATA/Multimodal_Data/Cat1/opposite/bag_files/Cat1_10mph_lr_opposite_4/camera_images/1624824411.8102238.jpg
Cat1,10mph,lr,opposite,4,1624824411.8435571,/media/batool/MULTIMODAL_DATA/Multimodal_Data/Cat1/opposite/bag_files/Cat1_10mph_lr_opposite_4/camera_images/1624824411.8435571.jpg
Cat1,10mph,lr,opposite,4,1624824411.8768904,/media/batool/MULTIMODAL_DATA/Multimodal_Data/Cat1/opposite/bag_files/Cat1_10mph_lr_opposite_4/camera_images/1624824411.8768904.jpg
Cat1,10mph,lr,opposite,4,1624824411.9102237,/media/batool/MULTIMODAL_DATA/Multimodal_Data/Cat1/opposite/bag_files/Cat1_10mph_lr_opposite_4/camera_images/1624824411.9102237.jpg
Cat1,10mph,lr,opposite,4,1624824411.943557,/media/batool/MULTIMODAL_DATA/Multimodal_Data/Cat1/opposite/bag_files/Cat1_10mph_lr_opposite_4/camera_images/1624824411.943557.jpg
Cat1,10mph,lr,opposite,4,1624824411.9768903,/media/batool/MULTIMODAL_DATA/Multimodal_Data/Cat1/opposite/bag_files/Cat1_10mph_lr_opposite_4/camera_images/1624824411.9768903.jpg
Cat1,10mph,lr,opposite,4,1624824412.0102236,/media/batool/MULTIMODAL_DATA/Multimodal_Data/Cat1/opposite/bag_files/Cat1_10mph_lr_opposite_4/camera_images/1624824412.0102236.jpg
Cat1,10mph,lr,opposite,4,1624824412.043557,/media/batool/MULTIMODAL_DATA/Multimodal_Data/Cat1/opposite/bag_files/Cat1_10mph_lr_opposite_4/camera_images/1624824412.043557.jpg
Cat1,10mph,lr,opposite,4,1624824412.0768902,/media/batool/MULTIMODAL_DATA/Multimodal_Data/Cat1/opposite/bag_files/Cat1_10mph_lr_opposite_4/camera_images/1624824412.0768902.jpg
Cat1,10mph,lr,opposite,4,1624824412.1102235,/media/batool/MULTIMODAL_DATA/Multimodal_Data/Cat1/opposite/bag_files/Cat1_10mph_lr_opposite_4/camera_images/1624824412.1102235.jpg
Cat1,10mph,lr,opposite,4,1624824412.1435568,/media/batool/MULTIMODAL_DATA/Multimodal_Data/Cat1/opposite/bag_files/Cat1_10mph_lr_opposite_4/camera_images/1624824412.1435568.jpg
Cat1,10mph,lr,opposite,4,1624824412.2102234,/media/batool/MULTIMODAL_DATA/Multimodal_Data/Cat1/opposite/bag_files/Cat1_10mph_lr_opposite_4/camera_images/1624824412.2102234.jpg
Cat1,10mph,lr,opposite,4,1624824412.2435567,/media/batool/MULTIMODAL_DATA/Multimodal_Data/Cat1/opposite/bag_files/Cat1_10mph_lr_opposite_4/camera_images/1624824412.2435567.jpg
Cat1,10mph,lr,opposite,4,1624824412.27689,/media/batool/MULTIMODAL_DATA/Multimodal_Data/Cat1/opposite/bag_files/Cat1_10mph_lr_opposite_4/camera_images/1624824412.27689.jpg
Cat1,10mph,lr,opposite,4,1624824412.3102233,/media/batool/MULTIMODAL_DATA/Multimodal_Data/Cat1/opposite/bag_files/Cat1_10mph_lr_opposite_4/camera_images/1624824412.3102233.jpg
Cat1,10mph,lr,opposite,4,1624824412.3435566,/media/batool/MULTIMODAL_DATA/Multimodal_Data/Cat1/opposite/bag_files/Cat1_10mph_lr_opposite_4/camera_images/1624824412.3435566.jpg
Cat1,10mph,lr,opposite,4,1624824412.37689,/media/batool/MULTIMODAL_DATA/Multimodal_Data/Cat1/opposite/bag_files/Cat1_10mph_lr_opposite_4/camera_images/1624824412.37689.jpg
Cat1,10mph,lr,opposite,4,1624824412.4102232,/media/batool/MULTIMODAL_DATA/Multimodal_Data/Cat1/opposite/bag_files/Cat1_10mph_lr_opposite_4/camera_images/1624824412.4102232.jpg
Cat1,10mph,lr,opposite,4,1624824412.4435565,/media/batool/MULTIMODAL_DATA/Multimodal_Data/Cat1/opposite/bag_files/Cat1_10mph_lr_opposite_4/camera_images/1624824412.4435565.jpg
Cat1,10mph,lr,opposite,4,1624824412.4768898,/media/batool/MULTIMODAL_DATA/Multimodal_Data/Cat1/opposite/bag_files/Cat1_10mph_lr_opposite_4/camera_images/1624824412.4768898.jpg
Cat1,10mph,lr,opposite,4,1624824412.5102232,/media/batool/MULTIMODAL_DATA/Multimodal_Data/Cat1/opposite/bag_files/Cat1_10mph_lr_opposite_4/camera_images/1624824412.5102232.jpg
Cat1,10mph,lr,opposite,4,1624824412.5435565,/media/batool/MULTIMODAL_DATA/Multimodal_Data/Cat1/opposite/bag_files/Cat1_10mph_lr_opposite_4/camera_images/1624824412.5435565.jpg
Cat1,10mph,lr,opposite,4,1624824412.5768898,/media/batool/MULTIMODAL_DATA/Multimodal_Data/Cat1/opposite/bag_files/Cat1_10mph_lr_opposite_4/camera_images/1624824412.5768898.jpg
Cat1,10mph,lr,opposite,4,1624824412.610223,/media/batool/MULTIMODAL_DATA/Multimodal_Data/Cat1/opposite/bag_files/Cat1_10mph_lr_opposite_4/camera_images/1624824412.610223.jpg
Cat1,10mph,lr,opposite,4,1624824412.6435564,/media/batool/MULTIMODAL_DATA/Multimodal_Data/Cat1/opposite/bag_files/Cat1_10mph_lr_opposite_4/camera_images/1624824412.6435564.jpg
Cat1,10mph,lr,opposite,4,1624824412.6768897,/media/batool/MULTIMODAL_DATA/Multimodal_Data/Cat1/opposite/bag_files/Cat1_10mph_lr_opposite_4/camera_images/1624824412.6768897.jpg
Cat1,10mph,lr,opposite,4,1624824412.7435563,/media/batool/MULTIMODAL_DATA/Multimodal_Data/Cat1/opposite/bag_files/Cat1_10mph_lr_opposite_4/camera_images/1624824412.7435563.jpg
Cat1,10mph,lr,opposite,4,1624824412.7768896,/media/batool/MULTIMODAL_DATA/Multimodal_Data/Cat1/opposite/bag_files/Cat1_10mph_lr_opposite_4/camera_images/1624824412.7768896.jpg
Cat1,10mph,lr,opposite,4,1624824412.8102229,/media/batool/MULTIMODAL_DATA/Multimodal_Data/Cat1/opposite/bag_files/Cat1_10mph_lr_opposite_4/camera_images/1624824412.8102229.jpg
Cat1,10mph,lr,opposite,4,1624824412.8435562,/media/batool/MULTIMODAL_DATA/Multimodal_Data/Cat1/opposite/bag_files/Cat1_10mph_lr_opposite_4/camera_images/1624824412.8435562.jpg
Cat1,10mph,lr,opposite,4,1624824412.8768895,/media/batool/MULTIMODAL_DATA/Multimodal_Data/Cat1/opposite/bag_files/Cat1_10mph_lr_opposite_4/camera_images/1624824412.8768895.jpg
Cat1,10mph,lr,opposite,4,1624824412.9102228,/media/batool/MULTIMODAL_DATA/Multimodal_Data/Cat1/opposite/bag_files/Cat1_10mph_lr_opposite_4/camera_images/1624824412.9102228.jpg
Cat1,10mph,lr,opposite,4,1624824412.943556,/media/batool/MULTIMODAL_DATA/Multimodal_Data/Cat1/opposite/bag_files/Cat1_10mph_lr_opposite_4/camera_images/1624824412.943556.jpg
Cat1,10mph,lr,opposite,4,1624824412.9768894,/media/batool/MULTIMODAL_DATA/Multimodal_Data/Cat1/opposite/bag_files/Cat1_10mph_lr_opposite_4/camera_images/1624824412.9768894.jpg
Cat1,10mph,lr,opposite,4,1624824413.0102227,/media/batool/MULTIMODAL_DATA/Multimodal_Data/Cat1/opposite/bag_files/Cat1_10mph_lr_opposite_4/camera_images/1624824413.0102227.jpg
Cat1,10mph,lr,opposite,4,1624824413.043556,/media/batool/MULTIMODAL_DATA/Multimodal_Data/Cat1/opposite/bag_files/Cat1_10mph_lr_opposite_4/camera_images/1624824413.043556.jpg
Cat1,10mph,lr,opposite,4,1624824413.0768893,/media/batool/MULTIMODAL_DATA/Multimodal_Data/Cat1/opposite/bag_files/Cat1_10mph_lr_opposite_4/camera_images/1624824413.0768893.jpg
Cat1,10mph,lr,opposite,4,1624824413.1102226,/media/batool/MULTIMODAL_DATA/Multimodal_Data/Cat1/opposite/bag_files/Cat1_10mph_lr_opposite_4/camera_images/1624824413.1102226.jpg
Cat1,10mph,lr,opposite,4,1624824413.1435559,/media/batool/MULTIMODAL_DATA/Multimodal_Data/Cat1/opposite/bag_files/Cat1_10mph_lr_opposite_4/camera_images/1624824413.1435559.jpg
Cat1,10mph,lr,opposite,4,1624824413.1768892,/media/batool/MULTIMODAL_DATA/Multimodal_Data/Cat1/opposite/bag_files/Cat1_10mph_lr_opposite_4/camera_images/1624824413.1768892.jpg
Cat1,10mph,lr,opposite,4,1624824413.2102225,/media/batool/MULTIMODAL_DATA/Multimodal_Data/Cat1/opposite/bag_files/Cat1_10mph_lr_opposite_4/camera_images/1624824413.2102225.jpg
Cat1,10mph,lr,opposite,4,1624824413.276889,/media/batool/MULTIMODAL_DATA/Multimodal_Data/Cat1/opposite/bag_files/Cat1_10mph_lr_opposite_4/camera_images/1624824413.276889.jpg
Cat1,10mph,lr,opposite,4,1624824413.3102224,/media/batool/MULTIMODAL_DATA/Multimodal_Data/Cat1/opposite/bag_files/Cat1_10mph_lr_opposite_4/camera_images/1624824413.3102224.jpg
Cat1,10mph,lr,opposite,4,1624824413.3435557,/media/batool/MULTIMODAL_DATA/Multimodal_Data/Cat1/opposite/bag_files/Cat1_10mph_lr_opposite_4/camera_images/1624824413.3435557.jpg
Cat1,10mph,lr,opposite,4,1624824413.376889,/media/batool/MULTIMODAL_DATA/Multimodal_Data/Cat1/opposite/bag_files/Cat1_10mph_lr_opposite_4/camera_images/1624824413.376889.jpg
Cat1,10mph,lr,opposite,4,1624824413.4102223,/media/batool/MULTIMODAL_DATA/Multimodal_Data/Cat1/opposite/bag_files/Cat1_10mph_lr_opposite_4/camera_images/1624824413.4102223.jpg
Cat1,10mph,lr,opposite,4,1624824413.4435556,/media/batool/MULTIMODAL_DATA/Multimodal_Data/Cat1/opposite/bag_files/Cat1_10mph_lr_opposite_4/camera_images/1624824413.4435556.jpg
Cat1,10mph,lr,opposite,4,1624824413.476889,/media/batool/MULTIMODAL_DATA/Multimodal_Data/Cat1/opposite/bag_files/Cat1_10mph_lr_opposite_4/camera_images/1624824413.476889.jpg
Cat1,10mph,lr,opposite,4,1624824413.5102222,/media/batool/MULTIMODAL_DATA/Multimodal_Data/Cat1/opposite/bag_files/Cat1_10mph_lr_opposite_4/camera_images/1624824413.5102222.jpg
Cat1,10mph,lr,opposite,4,1624824413.5435555,/media/batool/MULTIMODAL_DATA/Multimodal_Data/Cat1/opposite/bag_files/Cat1_10mph_lr_opposite_4/camera_images/1624824413.5435555.jpg
Cat1,10mph,lr,opposite,4,1624824413.5768888,/media/batool/MULTIMODAL_DATA/Multimodal_Data/Cat1/opposite/bag_files/Cat1_10mph_lr_opposite_4/camera_images/1624824413.5768888.jpg
Cat1,10mph,lr,opposite,4,1624824413.610222,/media/batool/MULTIMODAL_DATA/Multimodal_Data/Cat1/opposite/bag_files/Cat1_10mph_lr_opposite_4/camera_images/1624824413.610222.jpg
Cat1,10mph,lr,opposite,4,1624824413.6435554,/media/batool/MULTIMODAL_DATA/Multimodal_Data/Cat1/opposite/bag_files/Cat1_10mph_lr_opposite_4/camera_images/1624824413.6435554.jpg
Cat1,10mph,lr,opposite,4,1624824413.6768887,/media/batool/MULTIMODAL_DATA/Multimodal_Data/Cat1/opposite/bag_files/Cat1_10mph_lr_opposite_4/camera_images/1624824413.6768887.jpg
Cat1,10mph,lr,opposite,4,1624824413.710222,/media/batool/MULTIMODAL_DATA/Multimodal_Data/Cat1/opposite/bag_files/Cat1_10mph_lr_opposite_4/camera_images/1624824413.710222.jpg
Cat1,10mph,lr,opposite,4,1624824413.7435553,/media/batool/MULTIMODAL_DATA/Multimodal_Data/Cat1/opposite/bag_files/Cat1_10mph_lr_opposite_4/camera_images/1624824413.7435553.jpg
Cat1,10mph,lr,opposite,4,1624824412.1768901,/media/batool/MULTIMODAL_DATA/Multimodal_Data/Cat1/opposite/bag_files/Cat1_10mph_lr_opposite_4/camera_images/1624824412.1768901.jpg
Cat1,10mph,lr,opposite,4,1624824412.710223,/media/batool/MULTIMODAL_DATA/Multimodal_Data/Cat1/opposite/bag_files/Cat1_10mph_lr_opposite_4/camera_images/1624824412.710223.jpg
Cat1,10mph,lr,opposite,4,1624824413.2435558,/media/batool/MULTIMODAL_DATA/Multimodal_Data/Cat1/opposite/bag_files/Cat1_10mph_lr_opposite_4/camera_images/1624824413.2435558.jpg
Cat1,10mph,lr,opposite,4,1624824413.7768886,/media/batool/MULTIMODAL_DATA/Multimodal_Data/Cat1/opposite/bag_files/Cat1_10mph_lr_opposite_4/camera_images/1624824413.7768886.jpg
Cat1,10mph,lr,opposite,4,1624824414.3102214,/media/batool/MULTIMODAL_DATA/Multimodal_Data/Cat1/opposite/bag_files/Cat1_10mph_lr_opposite_4/camera_images/1624824414.3102214.jpg
Cat1,10mph,lr,opposite,4,1624824414.8435543,/media/batool/MULTIMODAL_DATA/Multimodal_Data/Cat1/opposite/bag_files/Cat1_10mph_lr_opposite_4/camera_images/1624824414.8435543.jpg
Cat1,10mph,lr,opposite,4,1624824415.376887,/media/batool/MULTIMODAL_DATA/Multimodal_Data/Cat1/opposite/bag_files/Cat1_10mph_lr_opposite_4/camera_images/1624824415.376887.jpg
Cat1,10mph,lr,opposite,4,1624824415.91022,/media/batool/MULTIMODAL_DATA/Multimodal_Data/Cat1/opposite/bag_files/Cat1_10mph_lr_opposite_4/camera_images/1624824415.91022.jpg
Cat1,10mph,lr,opposite,4,1624824416.4435527,/media/batool/MULTIMODAL_DATA/Multimodal_Data/Cat1/opposite/bag_files/Cat1_10mph_lr_opposite_4/camera_images/1624824416.4435527.jpg
Cat1,10mph,lr,opposite,4,1624824416.9768856,/media/batool/MULTIMODAL_DATA/Multimodal_Data/Cat1/opposite/bag_files/Cat1_10mph_lr_opposite_4/camera_images/1624824416.9768856.jpg
Cat1,10mph,lr,opposite,4,1624824417.5102184,/media/batool/MULTIMODAL_DATA/Multimodal_Data/Cat1/opposite/bag_files/Cat1_10mph_lr_opposite_4/camera_images/1624824417.5102184.jpg
Cat1,10mph,lr,opposite,4,1624824418.0435512,/media/batool/MULTIMODAL_DATA/Multimodal_Data/Cat1/opposite/bag_files/Cat1_10mph_lr_opposite_4/camera_images/1624824418.0435512.jpg
Cat1,10mph,lr,opposite,4,1624824418.576884,/media/batool/MULTIMODAL_DATA/Multimodal_Data/Cat1/opposite/bag_files/Cat1_10mph_lr_opposite_4/camera_images/1624824418.576884.jpg
Cat1,10mph,lr,opposite,4,1624824419.1102169,/media/batool/MULTIMODAL_DATA/Multimodal_Data/Cat1/opposite/bag_files/Cat1_10mph_lr_opposite_4/camera_images/1624824419.1102169.jpg
Cat1,10mph,lr,opposite,4,1624824419.6435497,/media/batool/MULTIMODAL_DATA/Multimodal_Data/Cat1/opposite/bag_files/Cat1_10mph_lr_opposite_4/camera_images/1624824419.6435497.jpg
Cat1,10mph,lr,opposite,4,1624824420.1768825,/media/batool/MULTIMODAL_DATA/Multimodal_Data/Cat1/opposite/bag_files/Cat1_10mph_lr_opposite_4/camera_images/1624824420.1768825.jpg
Cat1,10mph,lr,opposite,4,1624824420.7102153,/media/batool/MULTIMODAL_DATA/Multimodal_Data/Cat1/opposite/bag_files/Cat1_10mph_lr_opposite_4/camera_images/1624824420.7102153.jpg
Cat1,10mph,lr,opposite,4,1624824421.2435482,/media/batool/MULTIMODAL_DATA/Multimodal_Data/Cat1/opposite/bag_files/Cat1_10mph_lr_opposite_4/camera_images/1624824421.2435482.jpg
Cat1,10mph,lr,opposite,4,1624824421.776881,/media/batool/MULTIMODAL_DATA/Multimodal_Data/Cat1/opposite/bag_files/Cat1_10mph_lr_opposite_4/camera_images/1624824421.776881.jpg
Cat1,10mph,lr,opposite,4,1624824422.3102138,/media/batool/MULTIMODAL_DATA/Multimodal_Data/Cat1/opposite/bag_files/Cat1_10mph_lr_opposite_4/camera_images/1624824422.3102138.jpg
Cat1,10mph,lr,opposite,4,1624824422.8435466,/media/batool/MULTIMODAL_DATA/Multimodal_Data/Cat1/opposite/bag_files/Cat1_10mph_lr_opposite_4/camera_images/1624824422.8435466.jpg
Cat1,10mph,lr,opposite,4,1624824423.3768795,/media/batool/MULTIMODAL_DATA/Multimodal_Data/Cat1/opposite/bag_files/Cat1_10mph_lr_opposite_4/camera_images/1624824423.3768795.jpg
Cat1,10mph,lr,opposite,4,1624824423.9102123,/media/batool/MULTIMODAL_DATA/Multimodal_Data/Cat1/opposite/bag_files/Cat1_10mph_lr_opposite_4/camera_images/1624824423.9102123.jpg
Cat1,10mph,lr,opposite,4,1624824424.443545,/media/batool/MULTIMODAL_DATA/Multimodal_Data/Cat1/opposite/bag_files/Cat1_10mph_lr_opposite_4/camera_images/1624824424.443545.jpg
Cat1,10mph,lr,opposite,4,1624824424.976878,/media/batool/MULTIMODAL_DATA/Multimodal_Data/Cat1/opposite/bag_files/Cat1_10mph_lr_opposite_4/camera_images/1624824424.976878.jpg
Cat1,10mph,lr,opposite,4,1624824425.5102108,/media/batool/MULTIMODAL_DATA/Multimodal_Data/Cat1/opposite/bag_files/Cat1_10mph_lr_opposite_4/camera_images/1624824425.5102108.jpg
Cat1,10mph,lr,opposite,4,1624824426.0435436,/media/batool/MULTIMODAL_DATA/Multimodal_Data/Cat1/opposite/bag_files/Cat1_10mph_lr_opposite_4/camera_images/1624824426.0435436.jpg
Cat1,10mph,lr,opposite,4,1624824413.810222,/media/batool/MULTIMODAL_DATA/Multimodal_Data/Cat1/opposite/bag_files/Cat1_10mph_lr_opposite_4/camera_images/1624824413.810222.jpg
Cat1,10mph,lr,opposite,4,1624824413.8435552,/media/batool/MULTIMODAL_DATA/Multimodal_Data/Cat1/opposite/bag_files/Cat1_10mph_lr_opposite_4/camera_images/1624824413.8435552.jpg
Cat1,10mph,lr,opposite,4,1624824413.8768885,/media/batool/MULTIMODAL_DATA/Multimodal_Data/Cat1/opposite/bag_files/Cat1_10mph_lr_opposite_4/camera_images/1624824413.8768885.jpg
Cat1,10mph,lr,opposite,4,1624824413.9102218,/media/batool/MULTIMODAL_DATA/Multimodal_Data/Cat1/opposite/bag_files/Cat1_10mph_lr_opposite_4/camera_images/1624824413.9102218.jpg
Cat1,10mph,lr,opposite,4,1624824413.943555,/media/batool/MULTIMODAL_DATA/Multimodal_Data/Cat1/opposite/bag_files/Cat1_10mph_lr_opposite_4/camera_images/1624824413.943555.jpg
Cat1,10mph,lr,opposite,4,1624824413.9768884,/media/batool/MULTIMODAL_DATA/Multimodal_Data/Cat1/opposite/bag_files/Cat1_10mph_lr_opposite_4/camera_images/1624824413.9768884.jpg
Cat1,10mph,lr,opposite,4,1624824414.0102217,/media/batool/MULTIMODAL_DATA/Multimodal_Data/Cat1/opposite/bag_files/Cat1_10mph_lr_opposite_4/camera_images/1624824414.0102217.jpg
Cat1,10mph,lr,opposite,4,1624824414.043555,/media/batool/MULTIMODAL_DATA/Multimodal_Data/Cat1/opposite/bag_files/Cat1_10mph_lr_opposite_4/camera_images/1624824414.043555.jpg
Cat1,10mph,lr,opposite,4,1624824414.0768883,/media/batool/MULTIMODAL_DATA/Multimodal_Data/Cat1/opposite/bag_files/Cat1_10mph_lr_opposite_4/camera_images/1624824414.0768883.jpg
Cat1,10mph,lr,opposite,4,1624824414.1102216,/media/batool/MULTIMODAL_DATA/Multimodal_Data/Cat1/opposite/bag_files/Cat1_10mph_lr_opposite_4/camera_images/1624824414.1102216.jpg
Cat1,10mph,lr,opposite,4,1624824414.143555,/media/batool/MULTIMODAL_DATA/Multimodal_Data/Cat1/opposite/bag_files/Cat1_10mph_lr_opposite_4/camera_images/1624824414.143555.jpg
Cat1,10mph,lr,opposite,4,1624824414.1768882,/media/batool/MULTIMODAL_DATA/Multimodal_Data/Cat1/opposite/bag_files/Cat1_10mph_lr_opposite_4/camera_images/1624824414.1768882.jpg
Cat1,10mph,lr,opposite,4,1624824414.2102215,/media/batool/MULTIMODAL_DATA/Multimodal_Data/Cat1/opposite/bag_files/Cat1_10mph_lr_opposite_4/camera_images/1624824414.2102215.jpg
Cat1,10mph,lr,opposite,4,1624824414.2435548,/media/batool/MULTIMODAL_DATA/Multimodal_Data/Cat1/opposite/bag_files/Cat1_10mph_lr_opposite_4/camera_images/1624824414.2435548.jpg
Cat1,10mph,lr,opposite,4,1624824414.2768881,/media/batool/MULTIMODAL_DATA/Multimodal_Data/Cat1/opposite/bag_files/Cat1_10mph_lr_opposite_4/camera_images/1624824414.2768881.jpg
Cat1,10mph,lr,opposite,4,1624824414.3435547,/media/batool/MULTIMODAL_DATA/Multimodal_Data/Cat1/opposite/bag_files/Cat1_10mph_lr_opposite_4/camera_images/1624824414.3435547.jpg
Cat1,10mph,lr,opposite,4,1624824414.376888,/media/batool/MULTIMODAL_DATA/Multimodal_Data/Cat1/opposite/bag_files/Cat1_10mph_lr_opposite_4/camera_images/1624824414.376888.jpg
Cat1,10mph,lr,opposite,4,1624824414.4102213,/media/batool/MULTIMODAL_DATA/Multimodal_Data/Cat1/opposite/bag_files/Cat1_10mph_lr_opposite_4/camera_images/1624824414.4102213.jpg
Cat1,10mph,lr,opposite,4,1624824414.4435546,/media/batool/MULTIMODAL_DATA/Multimodal_Data/Cat1/opposite/bag_files/Cat1_10mph_lr_opposite_4/camera_images/1624824414.4435546.jpg
Cat1,10mph,lr,opposite,4,1624824414.476888,/media/batool/MULTIMODAL_DATA/Multimodal_Data/Cat1/opposite/bag_files/Cat1_10mph_lr_opposite_4/camera_images/1624824414.476888.jpg
Cat1,10mph,lr,opposite,4,1624824414.5102212,/media/batool/MULTIMODAL_DATA/Multimodal_Data/Cat1/opposite/bag_files/Cat1_10mph_lr_opposite_4/camera_images/1624824414.5102212.jpg
Cat1,10mph,lr,opposite,4,1624824414.5435545,/media/batool/MULTIMODAL_DATA/Multimodal_Data/Cat1/opposite/bag_files/Cat1_10mph_lr_opposite_4/camera_images/1624824414.5435545.jpg
Cat1,10mph,lr,opposite,4,1624824414.5768878,/media/batool/MULTIMODAL_DATA/Multimodal_Data/Cat1/opposite/bag_files/Cat1_10mph_lr_opposite_4/camera_images/1624824414.5768878.jpg
Cat1,10mph,lr,opposite,4,1624824414.6102211,/media/batool/MULTIMODAL_DATA/Multimodal_Data/Cat1/opposite/bag_files/Cat1_10mph_lr_opposite_4/camera_images/1624824414.6102211.jpg
Cat1,10mph,lr,opposite,4,1624824414.6435544,/media/batool/MULTIMODAL_DATA/Multimodal_Data/Cat1/opposite/bag_files/Cat1_10mph_lr_opposite_4/camera_images/1624824414.6435544.jpg
Cat1,10mph,lr,opposite,4,1624824414.6768878,/media/batool/MULTIMODAL_DATA/Multimodal_Data/Cat1/opposite/bag_files/Cat1_10mph_lr_opposite_4/camera_images/1624824414.6768878.jpg
Cat1,10mph,lr,opposite,4,1624824414.710221,/media/batool/MULTIMODAL_DATA/Multimodal_Data/Cat1/opposite/bag_files/Cat1_10mph_lr_opposite_4/camera_images/1624824414.710221.jpg
Cat1,10mph,lr,opposite,4,1624824414.7435544,/media/batool/MULTIMODAL_DATA/Multimodal_Data/Cat1/opposite/bag_files/Cat1_10mph_lr_opposite_4/camera_images/1624824414.7435544.jpg
Cat1,10mph,lr,opposite,4,1624824414.7768877,/media/batool/MULTIMODAL_DATA/Multimodal_Data/Cat1/opposite/bag_files/Cat1_10mph_lr_opposite_4/camera_images/1624824414.7768877.jpg
Cat1,10mph,lr,opposite,4,1624824414.810221,/media/batool/MULTIMODAL_DATA/Multimodal_Data/Cat1/opposite/bag_files/Cat1_10mph_lr_opposite_4/camera_images/1624824414.810221.jpg
Cat1,10mph,lr,opposite,4,1624824414.8768876,/media/batool/MULTIMODAL_DATA/Multimodal_Data/Cat1/opposite/bag_files/Cat1_10mph_lr_opposite_4/camera_images/1624824414.8768876.jpg
Cat1,10mph,lr,opposite,4,1624824414.9102209,/media/batool/MULTIMODAL_DATA/Multimodal_Data/Cat1/opposite/bag_files/Cat1_10mph_lr_opposite_4/camera_images/1624824414.9102209.jpg
Cat1,10mph,lr,opposite,4,1624824414.9435542,/media/batool/MULTIMODAL_DATA/Multimodal_Data/Cat1/opposite/bag_files/Cat1_10mph_lr_opposite_4/camera_images/1624824414.9435542.jpg
Cat1,10mph,lr,opposite,4,1624824414.9768875,/media/batool/MULTIMODAL_DATA/Multimodal_Data/Cat1/opposite/bag_files/Cat1_10mph_lr_opposite_4/camera_images/1624824414.9768875.jpg
Cat1,10mph,lr,opposite,4,1624824415.0102208,/media/batool/MULTIMODAL_DATA/Multimodal_Data/Cat1/opposite/bag_files/Cat1_10mph_lr_opposite_4/camera_images/1624824415.0102208.jpg
Cat1,10mph,lr,opposite,4,1624824415.043554,/media/batool/MULTIMODAL_DATA/Multimodal_Data/Cat1/opposite/bag_files/Cat1_10mph_lr_opposite_4/camera_images/1624824415.043554.jpg
Cat1,10mph,lr,opposite,4,1624824415.0768874,/media/batool/MULTIMODAL_DATA/Multimodal_Data/Cat1/opposite/bag_files/Cat1_10mph_lr_opposite_4/camera_images/1624824415.0768874.jpg
Cat1,10mph,lr,opposite,4,1624824415.1102207,/media/batool/MULTIMODAL_DATA/Multimodal_Data/Cat1/opposite/bag_files/Cat1_10mph_lr_opposite_4/camera_images/1624824415.1102207.jpg
Cat1,10mph,lr,opposite,4,1624824415.143554,/media/batool/MULTIMODAL_DATA/Multimodal_Data/Cat1/opposite/bag_files/Cat1_10mph_lr_opposite_4/camera_images/1624824415.143554.jpg
Cat1,10mph,lr,opposite,4,1624824415.1768873,/media/batool/MULTIMODAL_DATA/Multimodal_Data/Cat1/opposite/bag_files/Cat1_10mph_lr_opposite_4/camera_images/1624824415.1768873.jpg
Cat1,10mph,lr,opposite,4,1624824415.2102206,/media/batool/MULTIMODAL_DATA/Multimodal_Data/Cat1/opposite/bag_files/Cat1_10mph_lr_opposite_4/camera_images/1624824415.2102206.jpg
Cat1,10mph,lr,opposite,4,1624824415.2435539,/media/batool/MULTIMODAL_DATA/Multimodal_Data/Cat1/opposite/bag_files/Cat1_10mph_lr_opposite_4/camera_images/1624824415.2435539.jpg
Cat1,10mph,lr,opposite,4,1624824415.2768872,/media/batool/MULTIMODAL_DATA/Multimodal_Data/Cat1/opposite/bag_files/Cat1_10mph_lr_opposite_4/camera_images/1624824415.2768872.jpg
Cat1,10mph,lr,opposite,4,1624824415.3102205,/media/batool/MULTIMODAL_DATA/Multimodal_Data/Cat1/opposite/bag_files/Cat1_10mph_lr_opposite_4/camera_images/1624824415.3102205.jpg
Cat1,10mph,lr,opposite,4,1624824415.3435538,/media/batool/MULTIMODAL_DATA/Multimodal_Data/Cat1/opposite/bag_files/Cat1_10mph_lr_opposite_4/camera_images/1624824415.3435538.jpg
Cat1,10mph,lr,opposite,4,1624824415.4102204,/media/batool/MULTIMODAL_DATA/Multimodal_Data/Cat1/opposite/bag_files/Cat1_10mph_lr_opposite_4/camera_images/1624824415.4102204.jpg
Cat1,10mph,lr,opposite,4,1624824415.4435537,/media/batool/MULTIMODAL_DATA/Multimodal_Data/Cat1/opposite/bag_files/Cat1_10mph_lr_opposite_4/camera_images/1624824415.4435537.jpg
Cat1,10mph,lr,opposite,4,1624824415.476887,/media/batool/MULTIMODAL_DATA/Multimodal_Data/Cat1/opposite/bag_files/Cat1_10mph_lr_opposite_4/camera_images/1624824415.476887.jpg
Cat1,10mph,lr,opposite,4,1624824415.5102203,/media/batool/MULTIMODAL_DATA/Multimodal_Data/Cat1/opposite/bag_files/Cat1_10mph_lr_opposite_4/camera_images/1624824415.5102203.jpg
Cat1,10mph,lr,opposite,4,1624824415.5435536,/media/batool/MULTIMODAL_DATA/Multimodal_Data/Cat1/opposite/bag_files/Cat1_10mph_lr_opposite_4/camera_images/1624824415.5435536.jpg
Cat1,10mph,lr,opposite,4,1624824415.576887,/media/batool/MULTIMODAL_DATA/Multimodal_Data/Cat1/opposite/bag_files/Cat1_10mph_lr_opposite_4/camera_images/1624824415.576887.jpg
Cat1,10mph,lr,opposite,4,1624824415.6102202,/media/batool/MULTIMODAL_DATA/Multimodal_Data/Cat1/opposite/bag_files/Cat1_10mph_lr_opposite_4/camera_images/1624824415.6102202.jpg
Cat1,10mph,lr,opposite,4,1624824415.6435535,/media/batool/MULTIMODAL_DATA/Multimodal_Data/Cat1/opposite/bag_files/Cat1_10mph_lr_opposite_4/camera_images/1624824415.6435535.jpg
Cat1,10mph,lr,opposite,4,1624824415.6768868,/media/batool/MULTIMODAL_DATA/Multimodal_Data/Cat1/opposite/bag_files/Cat1_10mph_lr_opposite_4/camera_images/1624824415.6768868.jpg
Cat1,10mph,lr,opposite,4,1624824415.71022,/media/batool/MULTIMODAL_DATA/Multimodal_Data/Cat1/opposite/bag_files/Cat1_10mph_lr_opposite_4/camera_images/1624824415.71022.jpg
Cat1,10mph,lr,opposite,4,1624824415.7435534,/media/batool/MULTIMODAL_DATA/Multimodal_Data/Cat1/opposite/bag_files/Cat1_10mph_lr_opposite_4/camera_images/1624824415.7435534.jpg
Cat1,10mph,lr,opposite,4,1624824415.7768867,/media/batool/MULTIMODAL_DATA/Multimodal_Data/Cat1/opposite/bag_files/Cat1_10mph_lr_opposite_4/camera_images/1624824415.7768867.jpg
Cat1,10mph,lr,opposite,4,1624824415.81022,/media/batool/MULTIMODAL_DATA/Multimodal_Data/Cat1/opposite/bag_files/Cat1_10mph_lr_opposite_4/camera_images/1624824415.81022.jpg
Cat1,10mph,lr,opposite,4,1624824415.8435533,/media/batool/MULTIMODAL_DATA/Multimodal_Data/Cat1/opposite/bag_files/Cat1_10mph_lr_opposite_4/camera_images/1624824415.8435533.jpg
Cat1,10mph,lr,opposite,4,1624824415.8768866,/media/batool/MULTIMODAL_DATA/Multimodal_Data/Cat1/opposite/bag_files/Cat1_10mph_lr_opposite_4/camera_images/1624824415.8768866.jpg
Cat1,10mph,lr,opposite,4,1624824415.9435532,/media/batool/MULTIMODAL_DATA/Multimodal_Data/Cat1/opposite/bag_files/Cat1_10mph_lr_opposite_4/camera_images/1624824415.9435532.jpg
Cat1,10mph,lr,opposite,4,1624824415.9768865,/media/batool/MULTIMODAL_DATA/Multimodal_Data/Cat1/opposite/bag_files/Cat1_10mph_lr_opposite_4/camera_images/1624824415.9768865.jpg
Cat1,10mph,lr,opposite,4,1624824416.0102198,/media/batool/MULTIMODAL_DATA/Multimodal_Data/Cat1/opposite/bag_files/Cat1_10mph_lr_opposite_4/camera_images/1624824416.0102198.jpg
Cat1,10mph,lr,opposite,4,1624824416.043553,/media/batool/MULTIMODAL_DATA/Multimodal_Data/Cat1/opposite/bag_files/Cat1_10mph_lr_opposite_4/camera_images/1624824416.043553.jpg
Cat1,10mph,lr,opposite,4,1624824416.0768864,/media/batool/MULTIMODAL_DATA/Multimodal_Data/Cat1/opposite/bag_files/Cat1_10mph_lr_opposite_4/camera_images/1624824416.0768864.jpg
Cat1,10mph,lr,opposite,4,1624824416.1102197,/media/batool/MULTIMODAL_DATA/Multimodal_Data/Cat1/opposite/bag_files/Cat1_10mph_lr_opposite_4/camera_images/1624824416.1102197.jpg
Cat1,10mph,lr,opposite,4,1624824416.143553,/media/batool/MULTIMODAL_DATA/Multimodal_Data/Cat1/opposite/bag_files/Cat1_10mph_lr_opposite_4/camera_images/1624824416.143553.jpg
Cat1,10mph,lr,opposite,4,1624824416.1768863,/media/batool/MULTIMODAL_DATA/Multimodal_Data/Cat1/opposite/bag_files/Cat1_10mph_lr_opposite_4/camera_images/1624824416.1768863.jpg
Cat1,10mph,lr,opposite,4,1624824416.2102196,/media/batool/MULTIMODAL_DATA/Multimodal_Data/Cat1/opposite/bag_files/Cat1_10mph_lr_opposite_4/camera_images/1624824416.2102196.jpg
Cat1,10mph,lr,opposite,4,1624824416.243553,/media/batool/MULTIMODAL_DATA/Multimodal_Data/Cat1/opposite/bag_files/Cat1_10mph_lr_opposite_4/camera_images/1624824416.243553.jpg
Cat1,10mph,lr,opposite,4,1624824416.2768862,/media/batool/MULTIMODAL_DATA/Multimodal_Data/Cat1/opposite/bag_files/Cat1_10mph_lr_opposite_4/camera_images/1624824416.2768862.jpg
Cat1,10mph,lr,opposite,4,1624824416.3102195,/media/batool/MULTIMODAL_DATA/Multimodal_Data/Cat1/opposite/bag_files/Cat1_10mph_lr_opposite_4/camera_images/1624824416.3102195.jpg
Cat1,10mph,lr,opposite,4,1624824416.3435528,/media/batool/MULTIMODAL_DATA/Multimodal_Data/Cat1/opposite/bag_files/Cat1_10mph_lr_opposite_4/camera_images/1624824416.3435528.jpg
Cat1,10mph,lr,opposite,4,1624824416.3768861,/media/batool/MULTIMODAL_DATA/Multimodal_Data/Cat1/opposite/bag_files/Cat1_10mph_lr_opposite_4/camera_images/1624824416.3768861.jpg
Cat1,10mph,lr,opposite,4,1624824416.4102194,/media/batool/MULTIMODAL_DATA/Multimodal_Data/Cat1/opposite/bag_files/Cat1_10mph_lr_opposite_4/camera_images/1624824416.4102194.jpg
Cat1,10mph,lr,opposite,4,1624824416.476886,/media/batool/MULTIMODAL_DATA/Multimodal_Data/Cat1/opposite/bag_files/Cat1_10mph_lr_opposite_4/camera_images/1624824416.476886.jpg
Cat1,10mph,lr,opposite,4,1624824416.5102193,/media/batool/MULTIMODAL_DATA/Multimodal_Data/Cat1/opposite/bag_files/Cat1_10mph_lr_opposite_4/camera_images/1624824416.5102193.jpg
Cat1,10mph,lr,opposite,4,1624824416.5435526,/media/batool/MULTIMODAL_DATA/Multimodal_Data/Cat1/opposite/bag_files/Cat1_10mph_lr_opposite_4/camera_images/1624824416.5435526.jpg
Cat1,10mph,lr,opposite,4,1624824416.576886,/media/batool/MULTIMODAL_DATA/Multimodal_Data/Cat1/opposite/bag_files/Cat1_10mph_lr_opposite_4/camera_images/1624824416.576886.jpg
Cat1,10mph,lr,opposite,4,1624824416.6102192,/media/batool/MULTIMODAL_DATA/Multimodal_Data/Cat1/opposite/bag_files/Cat1_10mph_lr_opposite_4/camera_images/1624824416.6102192.jpg
Cat1,10mph,lr,opposite,4,1624824416.6435525,/media/batool/MULTIMODAL_DATA/Multimodal_Data/Cat1/opposite/bag_files/Cat1_10mph_lr_opposite_4/camera_images/1624824416.6435525.jpg
Cat1,10mph,lr,opposite,4,1624824416.6768858,/media/batool/MULTIMODAL_DATA/Multimodal_Data/Cat1/opposite/bag_files/Cat1_10mph_lr_opposite_4/camera_images/1624824416.6768858.jpg
Cat1,10mph,lr,opposite,4,1624824416.7102191,/media/batool/MULTIMODAL_DATA/Multimodal_Data/Cat1/opposite/bag_files/Cat1_10mph_lr_opposite_4/camera_images/1624824416.7102191.jpg
Cat1,10mph,lr,opposite,4,1624824416.7435524,/media/batool/MULTIMODAL_DATA/Multimodal_Data/Cat1/opposite/bag_files/Cat1_10mph_lr_opposite_4/camera_images/1624824416.7435524.jpg
Cat1,10mph,lr,opposite,4,1624824416.7768857,/media/batool/MULTIMODAL_DATA/Multimodal_Data/Cat1/opposite/bag_files/Cat1_10mph_lr_opposite_4/camera_images/1624824416.7768857.jpg
Cat1,10mph,lr,opposite,4,1624824416.810219,/media/batool/MULTIMODAL_DATA/Multimodal_Data/Cat1/opposite/bag_files/Cat1_10mph_lr_opposite_4/camera_images/1624824416.810219.jpg
Cat1,10mph,lr,opposite,4,1624824416.8435524,/media/batool/MULTIMODAL_DATA/Multimodal_Data/Cat1/opposite/bag_files/Cat1_10mph_lr_opposite_4/camera_images/1624824416.8435524.jpg
Cat1,10mph,lr,opposite,4,1624824416.8768857,/media/batool/MULTIMODAL_DATA/Multimodal_Data/Cat1/opposite/bag_files/Cat1_10mph_lr_opposite_4/camera_images/1624824416.8768857.jpg
Cat1,10mph,lr,opposite,4,1624824416.910219,/media/batool/MULTIMODAL_DATA/Multimodal_Data/Cat1/opposite/bag_files/Cat1_10mph_lr_opposite_4/camera_images/1624824416.910219.jpg
Cat1,10mph,lr,opposite,4,1624824416.9435523,/media/batool/MULTIMODAL_DATA/Multimodal_Data/Cat1/opposite/bag_files/Cat1_10mph_lr_opposite_4/camera_images/1624824416.9435523.jpg
Cat1,10mph,lr,opposite,4,1624824417.0102189,/media/batool/MULTIMODAL_DATA/Multimodal_Data/Cat1/opposite/bag_files/Cat1_10mph_lr_opposite_4/camera_images/1624824417.0102189.jpg
Cat1,10mph,lr,opposite,4,1624824417.0435522,/media/batool/MULTIMODAL_DATA/Multimodal_Data/Cat1/opposite/bag_files/Cat1_10mph_lr_opposite_4/camera_images/1624824417.0435522.jpg
Cat1,10mph,lr,opposite,4,1624824417.0768855,/media/batool/MULTIMODAL_DATA/Multimodal_Data/Cat1/opposite/bag_files/Cat1_10mph_lr_opposite_4/camera_images/1624824417.0768855.jpg
Cat1,10mph,lr,opposite,4,1624824417.1102188,/media/batool/MULTIMODAL_DATA/Multimodal_Data/Cat1/opposite/bag_files/Cat1_10mph_lr_opposite_4/camera_images/1624824417.1102188.jpg
Cat1,10mph,lr,opposite,4,1624824417.143552,/media/batool/MULTIMODAL_DATA/Multimodal_Data/Cat1/opposite/bag_files/Cat1_10mph_lr_opposite_4/camera_images/1624824417.143552.jpg
Cat1,10mph,lr,opposite,4,1624824417.1768854,/media/batool/MULTIMODAL_DATA/Multimodal_Data/Cat1/opposite/bag_files/Cat1_10mph_lr_opposite_4/camera_images/1624824417.1768854.jpg
Cat1,10mph,lr,opposite,4,1624824417.2102187,/media/batool/MULTIMODAL_DATA/Multimodal_Data/Cat1/opposite/bag_files/Cat1_10mph_lr_opposite_4/camera_images/1624824417.2102187.jpg
Cat1,10mph,lr,opposite,4,1624824417.243552,/media/batool/MULTIMODAL_DATA/Multimodal_Data/Cat1/opposite/bag_files/Cat1_10mph_lr_opposite_4/camera_images/1624824417.243552.jpg
Cat1,10mph,lr,opposite,4,1624824417.2768853,/media/batool/MULTIMODAL_DATA/Multimodal_Data/Cat1/opposite/bag_files/Cat1_10mph_lr_opposite_4/camera_images/1624824417.2768853.jpg
Cat1,10mph,lr,opposite,4,1624824417.3102186,/media/batool/MULTIMODAL_DATA/Multimodal_Data/Cat1/opposite/bag_files/Cat1_10mph_lr_opposite_4/camera_images/1624824417.3102186.jpg
Cat1,10mph,lr,opposite,4,1624824417.3435519,/media/batool/MULTIMODAL_DATA/Multimodal_Data/Cat1/opposite/bag_files/Cat1_10mph_lr_opposite_4/camera_images/1624824417.3435519.jpg
Cat1,10mph,lr,opposite,4,1624824417.3768852,/media/batool/MULTIMODAL_DATA/Multimodal_Data/Cat1/opposite/bag_files/Cat1_10mph_lr_opposite_4/camera_images/1624824417.3768852.jpg
Cat1,10mph,lr,opposite,4,1624824417.4102185,/media/batool/MULTIMODAL_DATA/Multimodal_Data/Cat1/opposite/bag_files/Cat1_10mph_lr_opposite_4/camera_images/1624824417.4102185.jpg
Cat1,10mph,lr,opposite,4,1624824417.4435518,/media/batool/MULTIMODAL_DATA/Multimodal_Data/Cat1/opposite/bag_files/Cat1_10mph_lr_opposite_4/camera_images/1624824417.4435518.jpg
Cat1,10mph,lr,opposite,4,1624824417.476885,/media/batool/MULTIMODAL_DATA/Multimodal_Data/Cat1/opposite/bag_files/Cat1_10mph_lr_opposite_4/camera_images/1624824417.476885.jpg
Cat1,10mph,lr,opposite,4,1624824417.5435517,/media/batool/MULTIMODAL_DATA/Multimodal_Data/Cat1/opposite/bag_files/Cat1_10mph_lr_opposite_4/camera_images/1624824417.5435517.jpg
Cat1,10mph,lr,opposite,4,1624824417.576885,/media/batool/MULTIMODAL_DATA/Multimodal_Data/Cat1/opposite/bag_files/Cat1_10mph_lr_opposite_4/camera_images/1624824417.576885.jpg
Cat1,10mph,lr,opposite,4,1624824417.6102183,/media/batool/MULTIMODAL_DATA/Multimodal_Data/Cat1/opposite/bag_files/Cat1_10mph_lr_opposite_4/camera_images/1624824417.6102183.jpg
Cat1,10mph,lr,opposite,4,1624824417.6435516,/media/batool/MULTIMODAL_DATA/Multimodal_Data/Cat1/opposite/bag_files/Cat1_10mph_lr_opposite_4/camera_images/1624824417.6435516.jpg
Cat1,10mph,lr,opposite,4,1624824417.676885,/media/batool/MULTIMODAL_DATA/Multimodal_Data/Cat1/opposite/bag_files/Cat1_10mph_lr_opposite_4/camera_images/1624824417.676885.jpg
Cat1,10mph,lr,opposite,4,1624824417.7102182,/media/batool/MULTIMODAL_DATA/Multimodal_Data/Cat1/opposite/bag_files/Cat1_10mph_lr_opposite_4/camera_images/1624824417.7102182.jpg
Cat1,10mph,lr,opposite,4,1624824417.7435515,/media/batool/MULTIMODAL_DATA/Multimodal_Data/Cat1/opposite/bag_files/Cat1_10mph_lr_opposite_4/camera_images/1624824417.7435515.jpg
Cat1,10mph,lr,opposite,4,1624824417.7768848,/media/batool/MULTIMODAL_DATA/Multimodal_Data/Cat1/opposite/bag_files/Cat1_10mph_lr_opposite_4/camera_images/1624824417.7768848.jpg
Cat1,10mph,lr,opposite,4,1624824417.810218,/media/batool/MULTIMODAL_DATA/Multimodal_Data/Cat1/opposite/bag_files/Cat1_10mph_lr_opposite_4/camera_images/1624824417.810218.jpg
Cat1,10mph,lr,opposite,4,1624824417.8435514,/media/batool/MULTIMODAL_DATA/Multimodal_Data/Cat1/opposite/bag_files/Cat1_10mph_lr_opposite_4/camera_images/1624824417.8435514.jpg
Cat1,10mph,lr,opposite,4,1624824417.8768847,/media/batool/MULTIMODAL_DATA/Multimodal_Data/Cat1/opposite/bag_files/Cat1_10mph_lr_opposite_4/camera_images/1624824417.8768847.jpg
Cat1,10mph,lr,opposite,4,1624824417.910218,/media/batool/MULTIMODAL_DATA/Multimodal_Data/Cat1/opposite/bag_files/Cat1_10mph_lr_opposite_4/camera_images/1624824417.910218.jpg
Cat1,10mph,lr,opposite,4,1624824417.9435513,/media/batool/MULTIMODAL_DATA/Multimodal_Data/Cat1/opposite/bag_files/Cat1_10mph_lr_opposite_4/camera_images/1624824417.9435513.jpg
Cat1,10mph,lr,opposite,4,1624824417.9768846,/media/batool/MULTIMODAL_DATA/Multimodal_Data/Cat1/opposite/bag_files/Cat1_10mph_lr_opposite_4/camera_images/1624824417.9768846.jpg
Cat1,10mph,lr,opposite,4,1624824418.010218,/media/batool/MULTIMODAL_DATA/Multimodal_Data/Cat1/opposite/bag_files/Cat1_10mph_lr_opposite_4/camera_images/1624824418.010218.jpg
Cat1,10mph,lr,opposite,4,1624824418.0768845,/media/batool/MULTIMODAL_DATA/Multimodal_Data/Cat1/opposite/bag_files/Cat1_10mph_lr_opposite_4/camera_images/1624824418.0768845.jpg
Cat1,10mph,lr,opposite,4,1624824418.1102178,/media/batool/MULTIMODAL_DATA/Multimodal_Data/Cat1/opposite/bag_files/Cat1_10mph_lr_opposite_4/camera_images/1624824418.1102178.jpg
Cat1,10mph,lr,opposite,4,1624824418.143551,/media/batool/MULTIMODAL_DATA/Multimodal_Data/Cat1/opposite/bag_files/Cat1_10mph_lr_opposite_4/camera_images/1624824418.143551.jpg
Cat1,10mph,lr,opposite,4,1624824418.1768844,/media/batool/MULTIMODAL_DATA/Multimodal_Data/Cat1/opposite/bag_files/Cat1_10mph_lr_opposite_4/camera_images/1624824418.1768844.jpg
Cat1,10mph,lr,opposite,4,1624824418.2102177,/media/batool/MULTIMODAL_DATA/Multimodal_Data/Cat1/opposite/bag_files/Cat1_10mph_lr_opposite_4/camera_images/1624824418.2102177.jpg
Cat1,10mph,lr,opposite,4,1624824418.243551,/media/batool/MULTIMODAL_DATA/Multimodal_Data/Cat1/opposite/bag_files/Cat1_10mph_lr_opposite_4/camera_images/1624824418.243551.jpg
Cat1,10mph,lr,opposite,4,1624824418.2768843,/media/batool/MULTIMODAL_DATA/Multimodal_Data/Cat1/opposite/bag_files/Cat1_10mph_lr_opposite_4/camera_images/1624824418.2768843.jpg
Cat1,10mph,lr,opposite,4,1624824418.3102176,/media/batool/MULTIMODAL_DATA/Multimodal_Data/Cat1/opposite/bag_files/Cat1_10mph_lr_opposite_4/camera_images/1624824418.3102176.jpg
Cat1,10mph,lr,opposite,4,1624824418.343551,/media/batool/MULTIMODAL_DATA/Multimodal_Data/Cat1/opposite/bag_files/Cat1_10mph_lr_opposite_4/camera_images/1624824418.343551.jpg
Cat1,10mph,lr,opposite,4,1624824418.3768842,/media/batool/MULTIMODAL_DATA/Multimodal_Data/Cat1/opposite/bag_files/Cat1_10mph_lr_opposite_4/camera_images/1624824418.3768842.jpg
Cat1,10mph,lr,opposite,4,1624824418.4102175,/media/batool/MULTIMODAL_DATA/Multimodal_Data/Cat1/opposite/bag_files/Cat1_10mph_lr_opposite_4/camera_images/1624824418.4102175.jpg
Cat1,10mph,lr,opposite,4,1624824418.4435508,/media/batool/MULTIMODAL_DATA/Multimodal_Data/Cat1/opposite/bag_files/Cat1_10mph_lr_opposite_4/camera_images/1624824418.4435508.jpg
Cat1,10mph,lr,opposite,4,1624824418.4768841,/media/batool/MULTIMODAL_DATA/Multimodal_Data/Cat1/opposite/bag_files/Cat1_10mph_lr_opposite_4/camera_images/1624824418.4768841.jpg
Cat1,10mph,lr,opposite,4,1624824418.5102174,/media/batool/MULTIMODAL_DATA/Multimodal_Data/Cat1/opposite/bag_files/Cat1_10mph_lr_opposite_4/camera_images/1624824418.5102174.jpg
Cat1,10mph,lr,opposite,4,1624824418.5435507,/media/batool/MULTIMODAL_DATA/Multimodal_Data/Cat1/opposite/bag_files/Cat1_10mph_lr_opposite_4/camera_images/1624824418.5435507.jpg
Cat1,10mph,lr,opposite,4,1624824418.6102173,/media/batool/MULTIMODAL_DATA/Multimodal_Data/Cat1/opposite/bag_files/Cat1_10mph_lr_opposite_4/camera_images/1624824418.6102173.jpg
Cat1,10mph,lr,opposite,4,1624824418.6435506,/media/batool/MULTIMODAL_DATA/Multimodal_Data/Cat1/opposite/bag_files/Cat1_10mph_lr_opposite_4/camera_images/1624824418.6435506.jpg
Cat1,10mph,lr,opposite,4,1624824418.676884,/media/batool/MULTIMODAL_DATA/Multimodal_Data/Cat1/opposite/bag_files/Cat1_10mph_lr_opposite_4/camera_images/1624824418.676884.jpg
Cat1,10mph,lr,opposite,4,1624824418.7102172,/media/batool/MULTIMODAL_DATA/Multimodal_Data/Cat1/opposite/bag_files/Cat1_10mph_lr_opposite_4/camera_images/1624824418.7102172.jpg
Cat1,10mph,lr,opposite,4,1624824418.7435505,/media/batool/MULTIMODAL_DATA/Multimodal_Data/Cat1/opposite/bag_files/Cat1_10mph_lr_opposite_4/camera_images/1624824418.7435505.jpg
Cat1,10mph,lr,opposite,4,1624824418.7768838,/media/batool/MULTIMODAL_DATA/Multimodal_Data/Cat1/opposite/bag_files/Cat1_10mph_lr_opposite_4/camera_images/1624824418.7768838.jpg
Cat1,10mph,lr,opposite,4,1624824418.8102171,/media/batool/MULTIMODAL_DATA/Multimodal_Data/Cat1/opposite/bag_files/Cat1_10mph_lr_opposite_4/camera_images/1624824418.8102171.jpg
Cat1,10mph,lr,opposite,4,1624824418.8435504,/media/batool/MULTIMODAL_DATA/Multimodal_Data/Cat1/opposite/bag_files/Cat1_10mph_lr_opposite_4/camera_images/1624824418.8435504.jpg
Cat1,10mph,lr,opposite,4,1624824418.8768837,/media/batool/MULTIMODAL_DATA/Multimodal_Data/Cat1/opposite/bag_files/Cat1_10mph_lr_opposite_4/camera_images/1624824418.8768837.jpg
Cat1,10mph,lr,opposite,4,1624824418.910217,/media/batool/MULTIMODAL_DATA/Multimodal_Data/Cat1/opposite/bag_files/Cat1_10mph_lr_opposite_4/camera_images/1624824418.910217.jpg
Cat1,10mph,lr,opposite,4,1624824418.9435503,/media/batool/MULTIMODAL_DATA/Multimodal_Data/Cat1/opposite/bag_files/Cat1_10mph_lr_opposite_4/camera_images/1624824418.9435503.jpg
Cat1,10mph,lr,opposite,4,1624824418.9768836,/media/batool/MULTIMODAL_DATA/Multimodal_Data/Cat1/opposite/bag_files/Cat1_10mph_lr_opposite_4/camera_images/1624824418.9768836.jpg
Cat1,10mph,lr,opposite,4,1624824419.010217,/media/batool/MULTIMODAL_DATA/Multimodal_Data/Cat1/opposite/bag_files/Cat1_10mph_lr_opposite_4/camera_images/1624824419.010217.jpg
Cat1,10mph,lr,opposite,4,1624824419.0435503,/media/batool/MULTIMODAL_DATA/Multimodal_Data/Cat1/opposite/bag_files/Cat1_10mph_lr_opposite_4/camera_images/1624824419.0435503.jpg
Cat1,10mph,lr,opposite,4,1624824419.0768836,/media/batool/MULTIMODAL_DATA/Multimodal_Data/Cat1/opposite/bag_files/Cat1_10mph_lr_opposite_4/camera_images/1624824419.0768836.jpg
Cat1,10mph,lr,opposite,4,1624824419.1435502,/media/batool/MULTIMODAL_DATA/Multimodal_Data/Cat1/opposite/bag_files/Cat1_10mph_lr_opposite_4/camera_images/1624824419.1435502.jpg
Cat1,10mph,lr,opposite,4,1624824419.1768835,/media/batool/MULTIMODAL_DATA/Multimodal_Data/Cat1/opposite/bag_files/Cat1_10mph_lr_opposite_4/camera_images/1624824419.1768835.jpg
Cat1,10mph,lr,opposite,4,1624824419.2102168,/media/batool/MULTIMODAL_DATA/Multimodal_Data/Cat1/opposite/bag_files/Cat1_10mph_lr_opposite_4/camera_images/1624824419.2102168.jpg
Cat1,10mph,lr,opposite,4,1624824419.24355,/media/batool/MULTIMODAL_DATA/Multimodal_Data/Cat1/opposite/bag_files/Cat1_10mph_lr_opposite_4/camera_images/1624824419.24355.jpg
Cat1,10mph,lr,opposite,4,1624824419.2768834,/media/batool/MULTIMODAL_DATA/Multimodal_Data/Cat1/opposite/bag_files/Cat1_10mph_lr_opposite_4/camera_images/1624824419.2768834.jpg
Cat1,10mph,lr,opposite,4,1624824419.3102167,/media/batool/MULTIMODAL_DATA/Multimodal_Data/Cat1/opposite/bag_files/Cat1_10mph_lr_opposite_4/camera_images/1624824419.3102167.jpg
Cat1,10mph,lr,opposite,4,1624824419.34355,/media/batool/MULTIMODAL_DATA/Multimodal_Data/Cat1/opposite/bag_files/Cat1_10mph_lr_opposite_4/camera_images/1624824419.34355.jpg
Cat1,10mph,lr,opposite,4,1624824419.3768833,/media/batool/MULTIMODAL_DATA/Multimodal_Data/Cat1/opposite/bag_files/Cat1_10mph_lr_opposite_4/camera_images/1624824419.3768833.jpg
Cat1,10mph,lr,opposite,4,1624824419.4102166,/media/batool/MULTIMODAL_DATA/Multimodal_Data/Cat1/opposite/bag_files/Cat1_10mph_lr_opposite_4/camera_images/1624824419.4102166.jpg
Cat1,10mph,lr,opposite,4,1624824419.4435499,/media/batool/MULTIMODAL_DATA/Multimodal_Data/Cat1/opposite/bag_files/Cat1_10mph_lr_opposite_4/camera_images/1624824419.4435499.jpg
Cat1,10mph,lr,opposite,4,1624824419.4768832,/media/batool/MULTIMODAL_DATA/Multimodal_Data/Cat1/opposite/bag_files/Cat1_10mph_lr_opposite_4/camera_images/1624824419.4768832.jpg
Cat1,10mph,lr,opposite,4,1624824419.5102165,/media/batool/MULTIMODAL_DATA/Multimodal_Data/Cat1/opposite/bag_files/Cat1_10mph_lr_opposite_4/camera_images/1624824419.5102165.jpg
Cat1,10mph,lr,opposite,4,1624824419.5435498,/media/batool/MULTIMODAL_DATA/Multimodal_Data/Cat1/opposite/bag_files/Cat1_10mph_lr_opposite_4/camera_images/1624824419.5435498.jpg
Cat1,10mph,lr,opposite,4,1624824419.576883,/media/batool/MULTIMODAL_DATA/Multimodal_Data/Cat1/opposite/bag_files/Cat1_10mph_lr_opposite_4/camera_images/1624824419.576883.jpg
Cat1,10mph,lr,opposite,4,1624824419.6102164,/media/batool/MULTIMODAL_DATA/Multimodal_Data/Cat1/opposite/bag_files/Cat1_10mph_lr_opposite_4/camera_images/1624824419.6102164.jpg
Cat1,10mph,lr,opposite,4,1624824419.676883,/media/batool/MULTIMODAL_DATA/Multimodal_Data/Cat1/opposite/bag_files/Cat1_10mph_lr_opposite_4/camera_images/1624824419.676883.jpg
Cat1,10mph,lr,opposite,4,1624824419.7102163,/media/batool/MULTIMODAL_DATA/Multimodal_Data/Cat1/opposite/bag_files/Cat1_10mph_lr_opposite_4/camera_images/1624824419.7102163.jpg
Cat1,10mph,lr,opposite,4,1624824419.7435496,/media/batool/MULTIMODAL_DATA/Multimodal_Data/Cat1/opposite/bag_files/Cat1_10mph_lr_opposite_4/camera_images/1624824419.7435496.jpg
Cat1,10mph,lr,opposite,4,1624824419.776883,/media/batool/MULTIMODAL_DATA/Multimodal_Data/Cat1/opposite/bag_files/Cat1_10mph_lr_opposite_4/camera_images/1624824419.776883.jpg
Cat1,10mph,lr,opposite,4,1624824419.8102162,/media/batool/MULTIMODAL_DATA/Multimodal_Data/Cat1/opposite/bag_files/Cat1_10mph_lr_opposite_4/camera_images/1624824419.8102162.jpg
Cat1,10mph,lr,opposite,4,1624824419.8435495,/media/batool/MULTIMODAL_DATA/Multimodal_Data/Cat1/opposite/bag_files/Cat1_10mph_lr_opposite_4/camera_images/1624824419.8435495.jpg
Cat1,10mph,lr,opposite,4,1624824419.8768828,/media/batool/MULTIMODAL_DATA/Multimodal_Data/Cat1/opposite/bag_files/Cat1_10mph_lr_opposite_4/camera_images/1624824419.8768828.jpg
Cat1,10mph,lr,opposite,4,1624824419.910216,/media/batool/MULTIMODAL_DATA/Multimodal_Data/Cat1/opposite/bag_files/Cat1_10mph_lr_opposite_4/camera_images/1624824419.910216.jpg
Cat1,10mph,lr,opposite,4,1624824419.9435494,/media/batool/MULTIMODAL_DATA/Multimodal_Data/Cat1/opposite/bag_files/Cat1_10mph_lr_opposite_4/camera_images/1624824419.9435494.jpg
Cat1,10mph,lr,opposite,4,1624824419.9768827,/media/batool/MULTIMODAL_DATA/Multimodal_Data/Cat1/opposite/bag_files/Cat1_10mph_lr_opposite_4/camera_images/1624824419.9768827.jpg
Cat1,10mph,lr,opposite,4,1624824420.010216,/media/batool/MULTIMODAL_DATA/Multimodal_Data/Cat1/opposite/bag_files/Cat1_10mph_lr_opposite_4/camera_images/1624824420.010216.jpg
Cat1,10mph,lr,opposite,4,1624824420.0435493,/media/batool/MULTIMODAL_DATA/Multimodal_Data/Cat1/opposite/bag_files/Cat1_10mph_lr_opposite_4/camera_images/1624824420.0435493.jpg
Cat1,10mph,lr,opposite,4,1624824420.0768826,/media/batool/MULTIMODAL_DATA/Multimodal_Data/Cat1/opposite/bag_files/Cat1_10mph_lr_opposite_4/camera_images/1624824420.0768826.jpg
Cat1,10mph,lr,opposite,4,1624824420.110216,/media/batool/MULTIMODAL_DATA/Multimodal_Data/Cat1/opposite/bag_files/Cat1_10mph_lr_opposite_4/camera_images/1624824420.110216.jpg
Cat1,10mph,lr,opposite,4,1624824420.1435492,/media/batool/MULTIMODAL_DATA/Multimodal_Data/Cat1/opposite/bag_files/Cat1_10mph_lr_opposite_4/camera_images/1624824420.1435492.jpg
Cat1,10mph,lr,opposite,4,1624824420.2102158,/media/batool/MULTIMODAL_DATA/Multimodal_Data/Cat1/opposite/bag_files/Cat1_10mph_lr_opposite_4/camera_images/1624824420.2102158.jpg
Cat1,10mph,lr,opposite,4,1624824420.243549,/media/batool/MULTIMODAL_DATA/Multimodal_Data/Cat1/opposite/bag_files/Cat1_10mph_lr_opposite_4/camera_images/1624824420.243549.jpg
Cat1,10mph,lr,opposite,4,1624824420.2768824,/media/batool/MULTIMODAL_DATA/Multimodal_Data/Cat1/opposite/bag_files/Cat1_10mph_lr_opposite_4/camera_images/1624824420.2768824.jpg
Cat1,10mph,lr,opposite,4,1624824420.3102157,/media/batool/MULTIMODAL_DATA/Multimodal_Data/Cat1/opposite/bag_files/Cat1_10mph_lr_opposite_4/camera_images/1624824420.3102157.jpg
Cat1,10mph,lr,opposite,4,1624824420.343549,/media/batool/MULTIMODAL_DATA/Multimodal_Data/Cat1/opposite/bag_files/Cat1_10mph_lr_opposite_4/camera_images/1624824420.343549.jpg
Cat1,10mph,lr,opposite,4,1624824420.3768823,/media/batool/MULTIMODAL_DATA/Multimodal_Data/Cat1/opposite/bag_files/Cat1_10mph_lr_opposite_4/camera_images/1624824420.3768823.jpg
Cat1,10mph,lr,opposite,4,1624824420.4102156,/media/batool/MULTIMODAL_DATA/Multimodal_Data/Cat1/opposite/bag_files/Cat1_10mph_lr_opposite_4/camera_images/1624824420.4102156.jpg
Cat1,10mph,lr,opposite,4,1624824420.443549,/media/batool/MULTIMODAL_DATA/Multimodal_Data/Cat1/opposite/bag_files/Cat1_10mph_lr_opposite_4/camera_images/1624824420.443549.jpg
Cat1,10mph,lr,opposite,4,1624824420.4768822,/media/batool/MULTIMODAL_DATA/Multimodal_Data/Cat1/opposite/bag_files/Cat1_10mph_lr_opposite_4/camera_images/1624824420.4768822.jpg
Cat1,10mph,lr,opposite,4,1624824420.5102155,/media/batool/MULTIMODAL_DATA/Multimodal_Data/Cat1/opposite/bag_files/Cat1_10mph_lr_opposite_4/camera_images/1624824420.5102155.jpg
Cat1,10mph,lr,opposite,4,1624824420.5435488,/media/batool/MULTIMODAL_DATA/Multimodal_Data/Cat1/opposite/bag_files/Cat1_10mph_lr_opposite_4/camera_images/1624824420.5435488.jpg
Cat1,10mph,lr,opposite,4,1624824420.5768821,/media/batool/MULTIMODAL_DATA/Multimodal_Data/Cat1/opposite/bag_files/Cat1_10mph_lr_opposite_4/camera_images/1624824420.5768821.jpg
Cat1,10mph,lr,opposite,4,1624824420.6102154,/media/batool/MULTIMODAL_DATA/Multimodal_Data/Cat1/opposite/bag_files/Cat1_10mph_lr_opposite_4/camera_images/1624824420.6102154.jpg
Cat1,10mph,lr,opposite,4,1624824420.6435487,/media/batool/MULTIMODAL_DATA/Multimodal_Data/Cat1/opposite/bag_files/Cat1_10mph_lr_opposite_4/camera_images/1624824420.6435487.jpg
Cat1,10mph,lr,opposite,4,1624824420.676882,/media/batool/MULTIMODAL_DATA/Multimodal_Data/Cat1/opposite/bag_files/Cat1_10mph_lr_opposite_4/camera_images/1624824420.676882.jpg
Cat1,10mph,lr,opposite,4,1624824420.7435486,/media/batool/MULTIMODAL_DATA/Multimodal_Data/Cat1/opposite/bag_files/Cat1_10mph_lr_opposite_4/camera_images/1624824420.7435486.jpg
Cat1,10mph,lr,opposite,4,1624824420.776882,/media/batool/MULTIMODAL_DATA/Multimodal_Data/Cat1/opposite/bag_files/Cat1_10mph_lr_opposite_4/camera_images/1624824420.776882.jpg
Cat1,10mph,lr,opposite,4,1624824420.8102152,/media/batool/MULTIMODAL_DATA/Multimodal_Data/Cat1/opposite/bag_files/Cat1_10mph_lr_opposite_4/camera_images/1624824420.8102152.jpg
Cat1,10mph,lr,opposite,4,1624824420.8435485,/media/batool/MULTIMODAL_DATA/Multimodal_Data/Cat1/opposite/bag_files/Cat1_10mph_lr_opposite_4/camera_images/1624824420.8435485.jpg
Cat1,10mph,lr,opposite,4,1624824420.8768818,/media/batool/MULTIMODAL_DATA/Multimodal_Data/Cat1/opposite/bag_files/Cat1_10mph_lr_opposite_4/camera_images/1624824420.8768818.jpg
Cat1,10mph,lr,opposite,4,1624824420.9102151,/media/batool/MULTIMODAL_DATA/Multimodal_Data/Cat1/opposite/bag_files/Cat1_10mph_lr_opposite_4/camera_images/1624824420.9102151.jpg
Cat1,10mph,lr,opposite,4,1624824420.9435484,/media/batool/MULTIMODAL_DATA/Multimodal_Data/Cat1/opposite/bag_files/Cat1_10mph_lr_opposite_4/camera_images/1624824420.9435484.jpg
Cat1,10mph,lr,opposite,4,1624824420.9768817,/media/batool/MULTIMODAL_DATA/Multimodal_Data/Cat1/opposite/bag_files/Cat1_10mph_lr_opposite_4/camera_images/1624824420.9768817.jpg
Cat1,10mph,lr,opposite,4,1624824421.010215,/media/batool/MULTIMODAL_DATA/Multimodal_Data/Cat1/opposite/bag_files/Cat1_10mph_lr_opposite_4/camera_images/1624824421.010215.jpg
Cat1,10mph,lr,opposite,4,1624824421.0435483,/media/batool/MULTIMODAL_DATA/Multimodal_Data/Cat1/opposite/bag_files/Cat1_10mph_lr_opposite_4/camera_images/1624824421.0435483.jpg
Cat1,10mph,lr,opposite,4,1624824421.0768816,/media/batool/MULTIMODAL_DATA/Multimodal_Data/Cat1/opposite/bag_files/Cat1_10mph_lr_opposite_4/camera_images/1624824421.0768816.jpg
Cat1,10mph,lr,opposite,4,1624824421.110215,/media/batool/MULTIMODAL_DATA/Multimodal_Data/Cat1/opposite/bag_files/Cat1_10mph_lr_opposite_4/camera_images/1624824421.110215.jpg
Cat1,10mph,lr,opposite,4,1624824421.1435483,/media/batool/MULTIMODAL_DATA/Multimodal_Data/Cat1/opposite/bag_files/Cat1_10mph_lr_opposite_4/camera_images/1624824421.1435483.jpg
Cat1,10mph,lr,opposite,4,1624824421.1768816,/media/batool/MULTIMODAL_DATA/Multimodal_Data/Cat1/opposite/bag_files/Cat1_10mph_lr_opposite_4/camera_images/1624824421.1768816.jpg
Cat1,10mph,lr,opposite,4,1624824421.2102149,/media/batool/MULTIMODAL_DATA/Multimodal_Data/Cat1/opposite/bag_files/Cat1_10mph_lr_opposite_4/camera_images/1624824421.2102149.jpg
Cat1,10mph,lr,opposite,4,1624824421.2768815,/media/batool/MULTIMODAL_DATA/Multimodal_Data/Cat1/opposite/bag_files/Cat1_10mph_lr_opposite_4/camera_images/1624824421.2768815.jpg
Cat1,10mph,lr,opposite,4,1624824421.3102148,/media/batool/MULTIMODAL_DATA/Multimodal_Data/Cat1/opposite/bag_files/Cat1_10mph_lr_opposite_4/camera_images/1624824421.3102148.jpg
Cat1,10mph,lr,opposite,4,1624824421.343548,/media/batool/MULTIMODAL_DATA/Multimodal_Data/Cat1/opposite/bag_files/Cat1_10mph_lr_opposite_4/camera_images/1624824421.343548.jpg
Cat1,10mph,lr,opposite,4,1624824421.3768814,/media/batool/MULTIMODAL_DATA/Multimodal_Data/Cat1/opposite/bag_files/Cat1_10mph_lr_opposite_4/camera_images/1624824421.3768814.jpg
Cat1,10mph,lr,opposite,4,1624824421.4102147,/media/batool/MULTIMODAL_DATA/Multimodal_Data/Cat1/opposite/bag_files/Cat1_10mph_lr_opposite_4/camera_images/1624824421.4102147.jpg
Cat1,10mph,lr,opposite,4,1624824421.443548,/media/batool/MULTIMODAL_DATA/Multimodal_Data/Cat1/opposite/bag_files/Cat1_10mph_lr_opposite_4/camera_images/1624824421.443548.jpg
Cat1,10mph,lr,opposite,4,1624824421.4768813,/media/batool/MULTIMODAL_DATA/Multimodal_Data/Cat1/opposite/bag_files/Cat1_10mph_lr_opposite_4/camera_images/1624824421.4768813.jpg
Cat1,10mph,lr,opposite,4,1624824421.5102146,/media/batool/MULTIMODAL_DATA/Multimodal_Data/Cat1/opposite/bag_files/Cat1_10mph_lr_opposite_4/camera_images/1624824421.5102146.jpg
Cat1,10mph,lr,opposite,4,1624824421.5435479,/media/batool/MULTIMODAL_DATA/Multimodal_Data/Cat1/opposite/bag_files/Cat1_10mph_lr_opposite_4/camera_images/1624824421.5435479.jpg
Cat1,10mph,lr,opposite,4,1624824421.5768812,/media/batool/MULTIMODAL_DATA/Multimodal_Data/Cat1/opposite/bag_files/Cat1_10mph_lr_opposite_4/camera_images/1624824421.5768812.jpg
Cat1,10mph,lr,opposite,4,1624824421.6102145,/media/batool/MULTIMODAL_DATA/Multimodal_Data/Cat1/opposite/bag_files/Cat1_10mph_lr_opposite_4/camera_images/1624824421.6102145.jpg
Cat1,10mph,lr,opposite,4,1624824421.6435478,/media/batool/MULTIMODAL_DATA/Multimodal_Data/Cat1/opposite/bag_files/Cat1_10mph_lr_opposite_4/camera_images/1624824421.6435478.jpg
Cat1,10mph,lr,opposite,4,1624824421.676881,/media/batool/MULTIMODAL_DATA/Multimodal_Data/Cat1/opposite/bag_files/Cat1_10mph_lr_opposite_4/camera_images/1624824421.676881.jpg
Cat1,10mph,lr,opposite,4,1624824421.7102144,/media/batool/MULTIMODAL_DATA/Multimodal_Data/Cat1/opposite/bag_files/Cat1_10mph_lr_opposite_4/camera_images/1624824421.7102144.jpg
Cat1,10mph,lr,opposite,4,1624824421.7435477,/media/batool/MULTIMODAL_DATA/Multimodal_Data/Cat1/opposite/bag_files/Cat1_10mph_lr_opposite_4/camera_images/1624824421.7435477.jpg
Cat1,10mph,lr,opposite,4,1624824421.8102143,/media/batool/MULTIMODAL_DATA/Multimodal_Data/Cat1/opposite/bag_files/Cat1_10mph_lr_opposite_4/camera_images/1624824421.8102143.jpg
Cat1,10mph,lr,opposite,4,1624824421.8435476,/media/batool/MULTIMODAL_DATA/Multimodal_Data/Cat1/opposite/bag_files/Cat1_10mph_lr_opposite_4/camera_images/1624824421.8435476.jpg
Cat1,10mph,lr,opposite,4,1624824421.876881,/media/batool/MULTIMODAL_DATA/Multimodal_Data/Cat1/opposite/bag_files/Cat1_10mph_lr_opposite_4/camera_images/1624824421.876881.jpg
Cat1,10mph,lr,opposite,4,1624824421.9102142,/media/batool/MULTIMODAL_DATA/Multimodal_Data/Cat1/opposite/bag_files/Cat1_10mph_lr_opposite_4/camera_images/1624824421.9102142.jpg
Cat1,10mph,lr,opposite,4,1624824421.9435475,/media/batool/MULTIMODAL_DATA/Multimodal_Data/Cat1/opposite/bag_files/Cat1_10mph_lr_opposite_4/camera_images/1624824421.9435475.jpg
Cat1,10mph,lr,opposite,4,1624824421.9768808,/media/batool/MULTIMODAL_DATA/Multimodal_Data/Cat1/opposite/bag_files/Cat1_10mph_lr_opposite_4/camera_images/1624824421.9768808.jpg
Cat1,10mph,lr,opposite,4,1624824422.010214,/media/batool/MULTIMODAL_DATA/Multimodal_Data/Cat1/opposite/bag_files/Cat1_10mph_lr_opposite_4/camera_images/1624824422.010214.jpg
Cat1,10mph,lr,opposite,4,1624824422.0435474,/media/batool/MULTIMODAL_DATA/Multimodal_Data/Cat1/opposite/bag_files/Cat1_10mph_lr_opposite_4/camera_images/1624824422.0435474.jpg
Cat1,10mph,lr,opposite,4,1624824422.0768807,/media/batool/MULTIMODAL_DATA/Multimodal_Data/Cat1/opposite/bag_files/Cat1_10mph_lr_opposite_4/camera_images/1624824422.0768807.jpg
Cat1,10mph,lr,opposite,4,1624824422.110214,/media/batool/MULTIMODAL_DATA/Multimodal_Data/Cat1/opposite/bag_files/Cat1_10mph_lr_opposite_4/camera_images/1624824422.110214.jpg
Cat1,10mph,lr,opposite,4,1624824422.1435473,/media/batool/MULTIMODAL_DATA/Multimodal_Data/Cat1/opposite/bag_files/Cat1_10mph_lr_opposite_4/camera_images/1624824422.1435473.jpg
Cat1,10mph,lr,opposite,4,1624824422.1768806,/media/batool/MULTIMODAL_DATA/Multimodal_Data/Cat1/opposite/bag_files/Cat1_10mph_lr_opposite_4/camera_images/1624824422.1768806.jpg
Cat1,10mph,lr,opposite,4,1624824422.210214,/media/batool/MULTIMODAL_DATA/Multimodal_Data/Cat1/opposite/bag_files/Cat1_10mph_lr_opposite_4/camera_images/1624824422.210214.jpg
Cat1,10mph,lr,opposite,4,1624824422.2435472,/media/batool/MULTIMODAL_DATA/Multimodal_Data/Cat1/opposite/bag_files/Cat1_10mph_lr_opposite_4/camera_images/1624824422.2435472.jpg
Cat1,10mph,lr,opposite,4,1624824422.2768805,/media/batool/MULTIMODAL_DATA/Multimodal_Data/Cat1/opposite/bag_files/Cat1_10mph_lr_opposite_4/camera_images/1624824422.2768805.jpg
Cat1,10mph,lr,opposite,4,1624824422.343547,/media/batool/MULTIMODAL_DATA/Multimodal_Data/Cat1/opposite/bag_files/Cat1_10mph_lr_opposite_4/camera_images/1624824422.343547.jpg
Cat1,10mph,lr,opposite,4,1624824422.3768804,/media/batool/MULTIMODAL_DATA/Multimodal_Data/Cat1/opposite/bag_files/Cat1_10mph_lr_opposite_4/camera_images/1624824422.3768804.jpg
Cat1,10mph,lr,opposite,4,1624824422.4102137,/media/batool/MULTIMODAL_DATA/Multimodal_Data/Cat1/opposite/bag_files/Cat1_10mph_lr_opposite_4/camera_images/1624824422.4102137.jpg
Cat1,10mph,lr,opposite,4,1624824422.443547,/media/batool/MULTIMODAL_DATA/Multimodal_Data/Cat1/opposite/bag_files/Cat1_10mph_lr_opposite_4/camera_images/1624824422.443547.jpg
Cat1,10mph,lr,opposite,4,1624824422.4768803,/media/batool/MULTIMODAL_DATA/Multimodal_Data/Cat1/opposite/bag_files/Cat1_10mph_lr_opposite_4/camera_images/1624824422.4768803.jpg
Cat1,10mph,lr,opposite,4,1624824422.5102136,/media/batool/MULTIMODAL_DATA/Multimodal_Data/Cat1/opposite/bag_files/Cat1_10mph_lr_opposite_4/camera_images/1624824422.5102136.jpg
Cat1,10mph,lr,opposite,4,1624824422.543547,/media/batool/MULTIMODAL_DATA/Multimodal_Data/Cat1/opposite/bag_files/Cat1_10mph_lr_opposite_4/camera_images/1624824422.543547.jpg
Cat1,10mph,lr,opposite,4,1624824422.5768802,/media/batool/MULTIMODAL_DATA/Multimodal_Data/Cat1/opposite/bag_files/Cat1_10mph_lr_opposite_4/camera_images/1624824422.5768802.jpg
Cat1,10mph,lr,opposite,4,1624824422.6102135,/media/batool/MULTIMODAL_DATA/Multimodal_Data/Cat1/opposite/bag_files/Cat1_10mph_lr_opposite_4/camera_images/1624824422.6102135.jpg
Cat1,10mph,lr,opposite,4,1624824422.6435468,/media/batool/MULTIMODAL_DATA/Multimodal_Data/Cat1/opposite/bag_files/Cat1_10mph_lr_opposite_4/camera_images/1624824422.6435468.jpg
Cat1,10mph,lr,opposite,4,1624824422.6768801,/media/batool/MULTIMODAL_DATA/Multimodal_Data/Cat1/opposite/bag_files/Cat1_10mph_lr_opposite_4/camera_images/1624824422.6768801.jpg
Cat1,10mph,lr,opposite,4,1624824422.7102134,/media/batool/MULTIMODAL_DATA/Multimodal_Data/Cat1/opposite/bag_files/Cat1_10mph_lr_opposite_4/camera_images/1624824422.7102134.jpg
Cat1,10mph,lr,opposite,4,1624824422.7435467,/media/batool/MULTIMODAL_DATA/Multimodal_Data/Cat1/opposite/bag_files/Cat1_10mph_lr_opposite_4/camera_images/1624824422.7435467.jpg
Cat1,10mph,lr,opposite,4,1624824422.77688,/media/batool/MULTIMODAL_DATA/Multimodal_Data/Cat1/opposite/bag_files/Cat1_10mph_lr_opposite_4/camera_images/1624824422.77688.jpg
Cat1,10mph,lr,opposite,4,1624824422.8102133,/media/batool/MULTIMODAL_DATA/Multimodal_Data/Cat1/opposite/bag_files/Cat1_10mph_lr_opposite_4/camera_images/1624824422.8102133.jpg
Cat1,10mph,lr,opposite,4,1624824422.87688,/media/batool/MULTIMODAL_DATA/Multimodal_Data/Cat1/opposite/bag_files/Cat1_10mph_lr_opposite_4/camera_images/1624824422.87688.jpg
Cat1,10mph,lr,opposite,4,1624824422.9102132,/media/batool/MULTIMODAL_DATA/Multimodal_Data/Cat1/opposite/bag_files/Cat1_10mph_lr_opposite_4/camera_images/1624824422.9102132.jpg
Cat1,10mph,lr,opposite,4,1624824422.9435465,/media/batool/MULTIMODAL_DATA/Multimodal_Data/Cat1/opposite/bag_files/Cat1_10mph_lr_opposite_4/camera_images/1624824422.9435465.jpg
Cat1,10mph,lr,opposite,4,1624824422.9768798,/media/batool/MULTIMODAL_DATA/Multimodal_Data/Cat1/opposite/bag_files/Cat1_10mph_lr_opposite_4/camera_images/1624824422.9768798.jpg
Cat1,10mph,lr,opposite,4,1624824423.0102131,/media/batool/MULTIMODAL_DATA/Multimodal_Data/Cat1/opposite/bag_files/Cat1_10mph_lr_opposite_4/camera_images/1624824423.0102131.jpg
Cat1,10mph,lr,opposite,4,1624824423.0435464,/media/batool/MULTIMODAL_DATA/Multimodal_Data/Cat1/opposite/bag_files/Cat1_10mph_lr_opposite_4/camera_images/1624824423.0435464.jpg
Cat1,10mph,lr,opposite,4,1624824423.0768797,/media/batool/MULTIMODAL_DATA/Multimodal_Data/Cat1/opposite/bag_files/Cat1_10mph_lr_opposite_4/camera_images/1624824423.0768797.jpg
Cat1,10mph,lr,opposite,4,1624824423.110213,/media/batool/MULTIMODAL_DATA/Multimodal_Data/Cat1/opposite/bag_files/Cat1_10mph_lr_opposite_4/camera_images/1624824423.110213.jpg
Cat1,10mph,lr,opposite,4,1624824423.1435463,/media/batool/MULTIMODAL_DATA/Multimodal_Data/Cat1/opposite/bag_files/Cat1_10mph_lr_opposite_4/camera_images/1624824423.1435463.jpg
Cat1,10mph,lr,opposite,4,1624824423.1768796,/media/batool/MULTIMODAL_DATA/Multimodal_Data/Cat1/opposite/bag_files/Cat1_10mph_lr_opposite_4/camera_images/1624824423.1768796.jpg
Cat1,10mph,lr,opposite,4,1624824423.210213,/media/batool/MULTIMODAL_DATA/Multimodal_Data/Cat1/opposite/bag_files/Cat1_10mph_lr_opposite_4/camera_images/1624824423.210213.jpg
Cat1,10mph,lr,opposite,4,1624824423.2435462,/media/batool/MULTIMODAL_DATA/Multimodal_Data/Cat1/opposite/bag_files/Cat1_10mph_lr_opposite_4/camera_images/1624824423.2435462.jpg
Cat1,10mph,lr,opposite,4,1624824423.2768795,/media/batool/MULTIMODAL_DATA/Multimodal_Data/Cat1/opposite/bag_files/Cat1_10mph_lr_opposite_4/camera_images/1624824423.2768795.jpg
Cat1,10mph,lr,opposite,4,1624824423.3102129,/media/batool/MULTIMODAL_DATA/Multimodal_Data/Cat1/opposite/bag_files/Cat1_10mph_lr_opposite_4/camera_images/1624824423.3102129.jpg
Cat1,10mph,lr,opposite,4,1624824423.3435462,/media/batool/MULTIMODAL_DATA/Multimodal_Data/Cat1/opposite/bag_files/Cat1_10mph_lr_opposite_4/camera_images/1624824423.3435462.jpg
Cat1,10mph,lr,opposite,4,1624824423.4102128,/media/batool/MULTIMODAL_DATA/Multimodal_Data/Cat1/opposite/bag_files/Cat1_10mph_lr_opposite_4/camera_images/1624824423.4102128.jpg
Cat1,10mph,lr,opposite,4,1624824423.443546,/media/batool/MULTIMODAL_DATA/Multimodal_Data/Cat1/opposite/bag_files/Cat1_10mph_lr_opposite_4/camera_images/1624824423.443546.jpg
Cat1,10mph,lr,opposite,4,1624824423.4768794,/media/batool/MULTIMODAL_DATA/Multimodal_Data/Cat1/opposite/bag_files/Cat1_10mph_lr_opposite_4/camera_images/1624824423.4768794.jpg
Cat1,10mph,lr,opposite,4,1624824423.5102127,/media/batool/MULTIMODAL_DATA/Multimodal_Data/Cat1/opposite/bag_files/Cat1_10mph_lr_opposite_4/camera_images/1624824423.5102127.jpg
Cat1,10mph,lr,opposite,4,1624824423.543546,/media/batool/MULTIMODAL_DATA/Multimodal_Data/Cat1/opposite/bag_files/Cat1_10mph_lr_opposite_4/camera_images/1624824423.543546.jpg
Cat1,10mph,lr,opposite,4,1624824423.5768793,/media/batool/MULTIMODAL_DATA/Multimodal_Data/Cat1/opposite/bag_files/Cat1_10mph_lr_opposite_4/camera_images/1624824423.5768793.jpg
Cat1,10mph,lr,opposite,4,1624824423.6102126,/media/batool/MULTIMODAL_DATA/Multimodal_Data/Cat1/opposite/bag_files/Cat1_10mph_lr_opposite_4/camera_images/1624824423.6102126.jpg
Cat1,10mph,lr,opposite,4,1624824423.6435459,/media/batool/MULTIMODAL_DATA/Multimodal_Data/Cat1/opposite/bag_files/Cat1_10mph_lr_opposite_4/camera_images/1624824423.6435459.jpg
Cat1,10mph,lr,opposite,4,1624824423.6768792,/media/batool/MULTIMODAL_DATA/Multimodal_Data/Cat1/opposite/bag_files/Cat1_10mph_lr_opposite_4/camera_images/1624824423.6768792.jpg
Cat1,10mph,lr,opposite,4,1624824423.7102125,/media/batool/MULTIMODAL_DATA/Multimodal_Data/Cat1/opposite/bag_files/Cat1_10mph_lr_opposite_4/camera_images/1624824423.7102125.jpg
Cat1,10mph,lr,opposite,4,1624824423.7435458,/media/batool/MULTIMODAL_DATA/Multimodal_Data/Cat1/opposite/bag_files/Cat1_10mph_lr_opposite_4/camera_images/1624824423.7435458.jpg
Cat1,10mph,lr,opposite,4,1624824423.776879,/media/batool/MULTIMODAL_DATA/Multimodal_Data/Cat1/opposite/bag_files/Cat1_10mph_lr_opposite_4/camera_images/1624824423.776879.jpg
Cat1,10mph,lr,opposite,4,1624824423.8102124,/media/batool/MULTIMODAL_DATA/Multimodal_Data/Cat1/opposite/bag_files/Cat1_10mph_lr_opposite_4/camera_images/1624824423.8102124.jpg
Cat1,10mph,lr,opposite,4,1624824423.8435457,/media/batool/MULTIMODAL_DATA/Multimodal_Data/Cat1/opposite/bag_files/Cat1_10mph_lr_opposite_4/camera_images/1624824423.8435457.jpg
Cat1,10mph,lr,opposite,4,1624824423.876879,/media/batool/MULTIMODAL_DATA/Multimodal_Data/Cat1/opposite/bag_files/Cat1_10mph_lr_opposite_4/camera_images/1624824423.876879.jpg
Cat1,10mph,lr,opposite,4,1624824423.9435456,/media/batool/MULTIMODAL_DATA/Multimodal_Data/Cat1/opposite/bag_files/Cat1_10mph_lr_opposite_4/camera_images/1624824423.9435456.jpg
Cat1,10mph,lr,opposite,4,1624824423.976879,/media/batool/MULTIMODAL_DATA/Multimodal_Data/Cat1/opposite/bag_files/Cat1_10mph_lr_opposite_4/camera_images/1624824423.976879.jpg
Cat1,10mph,lr,opposite,4,1624824424.0102122,/media/batool/MULTIMODAL_DATA/Multimodal_Data/Cat1/opposite/bag_files/Cat1_10mph_lr_opposite_4/camera_images/1624824424.0102122.jpg
Cat1,10mph,lr,opposite,4,1624824424.0435455,/media/batool/MULTIMODAL_DATA/Multimodal_Data/Cat1/opposite/bag_files/Cat1_10mph_lr_opposite_4/camera_images/1624824424.0435455.jpg
Cat1,10mph,lr,opposite,4,1624824424.0768788,/media/batool/MULTIMODAL_DATA/Multimodal_Data/Cat1/opposite/bag_files/Cat1_10mph_lr_opposite_4/camera_images/1624824424.0768788.jpg
Cat1,10mph,lr,opposite,4,1624824424.110212,/media/batool/MULTIMODAL_DATA/Multimodal_Data/Cat1/opposite/bag_files/Cat1_10mph_lr_opposite_4/camera_images/1624824424.110212.jpg
Cat1,10mph,lr,opposite,4,1624824424.1435454,/media/batool/MULTIMODAL_DATA/Multimodal_Data/Cat1/opposite/bag_files/Cat1_10mph_lr_opposite_4/camera_images/1624824424.1435454.jpg
Cat1,10mph,lr,opposite,4,1624824424.1768787,/media/batool/MULTIMODAL_DATA/Multimodal_Data/Cat1/opposite/bag_files/Cat1_10mph_lr_opposite_4/camera_images/1624824424.1768787.jpg
Cat1,10mph,lr,opposite,4,1624824424.210212,/media/batool/MULTIMODAL_DATA/Multimodal_Data/Cat1/opposite/bag_files/Cat1_10mph_lr_opposite_4/camera_images/1624824424.210212.jpg
Cat1,10mph,lr,opposite,4,1624824424.2435453,/media/batool/MULTIMODAL_DATA/Multimodal_Data/Cat1/opposite/bag_files/Cat1_10mph_lr_opposite_4/camera_images/1624824424.2435453.jpg
Cat1,10mph,lr,opposite,4,1624824424.2768786,/media/batool/MULTIMODAL_DATA/Multimodal_Data/Cat1/opposite/bag_files/Cat1_10mph_lr_opposite_4/camera_images/1624824424.2768786.jpg
Cat1,10mph,lr,opposite,4,1624824424.310212,/media/batool/MULTIMODAL_DATA/Multimodal_Data/Cat1/opposite/bag_files/Cat1_10mph_lr_opposite_4/camera_images/1624824424.310212.jpg
Cat1,10mph,lr,opposite,4,1624824424.3435452,/media/batool/MULTIMODAL_DATA/Multimodal_Data/Cat1/opposite/bag_files/Cat1_10mph_lr_opposite_4/camera_images/1624824424.3435452.jpg
Cat1,10mph,lr,opposite,4,1624824424.3768785,/media/batool/MULTIMODAL_DATA/Multimodal_Data/Cat1/opposite/bag_files/Cat1_10mph_lr_opposite_4/camera_images/1624824424.3768785.jpg
Cat1,10mph,lr,opposite,4,1624824424.4102118,/media/batool/MULTIMODAL_DATA/Multimodal_Data/Cat1/opposite/bag_files/Cat1_10mph_lr_opposite_4/camera_images/1624824424.4102118.jpg
Cat1,10mph,lr,opposite,4,1624824424.4768784,/media/batool/MULTIMODAL_DATA/Multimodal_Data/Cat1/opposite/bag_files/Cat1_10mph_lr_opposite_4/camera_images/1624824424.4768784.jpg
Cat1,10mph,lr,opposite,4,1624824424.5102117,/media/batool/MULTIMODAL_DATA/Multimodal_Data/Cat1/opposite/bag_files/Cat1_10mph_lr_opposite_4/camera_images/1624824424.5102117.jpg
Cat1,10mph,lr,opposite,4,1624824424.543545,/media/batool/MULTIMODAL_DATA/Multimodal_Data/Cat1/opposite/bag_files/Cat1_10mph_lr_opposite_4/camera_images/1624824424.543545.jpg
Cat1,10mph,lr,opposite,4,1624824424.5768783,/media/batool/MULTIMODAL_DATA/Multimodal_Data/Cat1/opposite/bag_files/Cat1_10mph_lr_opposite_4/camera_images/1624824424.5768783.jpg
Cat1,10mph,lr,opposite,4,1624824424.6102116,/media/batool/MULTIMODAL_DATA/Multimodal_Data/Cat1/opposite/bag_files/Cat1_10mph_lr_opposite_4/camera_images/1624824424.6102116.jpg
Cat1,10mph,lr,opposite,4,1624824424.643545,/media/batool/MULTIMODAL_DATA/Multimodal_Data/Cat1/opposite/bag_files/Cat1_10mph_lr_opposite_4/camera_images/1624824424.643545.jpg
Cat1,10mph,lr,opposite,4,1624824424.6768782,/media/batool/MULTIMODAL_DATA/Multimodal_Data/Cat1/opposite/bag_files/Cat1_10mph_lr_opposite_4/camera_images/1624824424.6768782.jpg
Cat1,10mph,lr,opposite,4,1624824424.7102115,/media/batool/MULTIMODAL_DATA/Multimodal_Data/Cat1/opposite/bag_files/Cat1_10mph_lr_opposite_4/camera_images/1624824424.7102115.jpg
Cat1,10mph,lr,opposite,4,1624824424.7435448,/media/batool/MULTIMODAL_DATA/Multimodal_Data/Cat1/opposite/bag_files/Cat1_10mph_lr_opposite_4/camera_images/1624824424.7435448.jpg
Cat1,10mph,lr,opposite,4,1624824424.776878,/media/batool/MULTIMODAL_DATA/Multimodal_Data/Cat1/opposite/bag_files/Cat1_10mph_lr_opposite_4/camera_images/1624824424.776878.jpg
Cat1,10mph,lr,opposite,4,1624824424.8102114,/media/batool/MULTIMODAL_DATA/Multimodal_Data/Cat1/opposite/bag_files/Cat1_10mph_lr_opposite_4/camera_images/1624824424.8102114.jpg
Cat1,10mph,lr,opposite,4,1624824424.8435447,/media/batool/MULTIMODAL_DATA/Multimodal_Data/Cat1/opposite/bag_files/Cat1_10mph_lr_opposite_4/camera_images/1624824424.8435447.jpg
Cat1,10mph,lr,opposite,4,1624824424.876878,/media/batool/MULTIMODAL_DATA/Multimodal_Data/Cat1/opposite/bag_files/Cat1_10mph_lr_opposite_4/camera_images/1624824424.876878.jpg
Cat1,10mph,lr,opposite,4,1624824424.9102113,/media/batool/MULTIMODAL_DATA/Multimodal_Data/Cat1/opposite/bag_files/Cat1_10mph_lr_opposite_4/camera_images/1624824424.9102113.jpg
Cat1,10mph,lr,opposite,4,1624824424.9435446,/media/batool/MULTIMODAL_DATA/Multimodal_Data/Cat1/opposite/bag_files/Cat1_10mph_lr_opposite_4/camera_images/1624824424.9435446.jpg
Cat1,10mph,lr,opposite,4,1624824425.0102112,/media/batool/MULTIMODAL_DATA/Multimodal_Data/Cat1/opposite/bag_files/Cat1_10mph_lr_opposite_4/camera_images/1624824425.0102112.jpg
Cat1,10mph,lr,opposite,4,1624824425.0435445,/media/batool/MULTIMODAL_DATA/Multimodal_Data/Cat1/opposite/bag_files/Cat1_10mph_lr_opposite_4/camera_images/1624824425.0435445.jpg
Cat1,10mph,lr,opposite,4,1624824425.0768778,/media/batool/MULTIMODAL_DATA/Multimodal_Data/Cat1/opposite/bag_files/Cat1_10mph_lr_opposite_4/camera_images/1624824425.0768778.jpg
Cat1,10mph,lr,opposite,4,1624824425.1102111,/media/batool/MULTIMODAL_DATA/Multimodal_Data/Cat1/opposite/bag_files/Cat1_10mph_lr_opposite_4/camera_images/1624824425.1102111.jpg
Cat1,10mph,lr,opposite,4,1624824425.1435444,/media/batool/MULTIMODAL_DATA/Multimodal_Data/Cat1/opposite/bag_files/Cat1_10mph_lr_opposite_4/camera_images/1624824425.1435444.jpg
Cat1,10mph,lr,opposite,4,1624824425.1768777,/media/batool/MULTIMODAL_DATA/Multimodal_Data/Cat1/opposite/bag_files/Cat1_10mph_lr_opposite_4/camera_images/1624824425.1768777.jpg
Cat1,10mph,lr,opposite,4,1624824425.210211,/media/batool/MULTIMODAL_DATA/Multimodal_Data/Cat1/opposite/bag_files/Cat1_10mph_lr_opposite_4/camera_images/1624824425.210211.jpg
Cat1,10mph,lr,opposite,4,1624824425.2435443,/media/batool/MULTIMODAL_DATA/Multimodal_Data/Cat1/opposite/bag_files/Cat1_10mph_lr_opposite_4/camera_images/1624824425.2435443.jpg
Cat1,10mph,lr,opposite,4,1624824425.2768776,/media/batool/MULTIMODAL_DATA/Multimodal_Data/Cat1/opposite/bag_files/Cat1_10mph_lr_opposite_4/camera_images/1624824425.2768776.jpg
Cat1,10mph,lr,opposite,4,1624824425.310211,/media/batool/MULTIMODAL_DATA/Multimodal_Data/Cat1/opposite/bag_files/Cat1_10mph_lr_opposite_4/camera_images/1624824425.310211.jpg
Cat1,10mph,lr,opposite,4,1624824425.3435442,/media/batool/MULTIMODAL_DATA/Multimodal_Data/Cat1/opposite/bag_files/Cat1_10mph_lr_opposite_4/camera_images/1624824425.3435442.jpg
Cat1,10mph,lr,opposite,4,1624824425.3768775,/media/batool/MULTIMODAL_DATA/Multimodal_Data/Cat1/opposite/bag_files/Cat1_10mph_lr_opposite_4/camera_images/1624824425.3768775.jpg
Cat1,10mph,lr,opposite,4,1624824425.4102108,/media/batool/MULTIMODAL_DATA/Multimodal_Data/Cat1/opposite/bag_files/Cat1_10mph_lr_opposite_4/camera_images/1624824425.4102108.jpg
Cat1,10mph,lr,opposite,4,1624824425.4435441,/media/batool/MULTIMODAL_DATA/Multimodal_Data/Cat1/opposite/bag_files/Cat1_10mph_lr_opposite_4/camera_images/1624824425.4435441.jpg
Cat1,10mph,lr,opposite,4,1624824425.4768775,/media/batool/MULTIMODAL_DATA/Multimodal_Data/Cat1/opposite/bag_files/Cat1_10mph_lr_opposite_4/camera_images/1624824425.4768775.jpg
Cat1,10mph,lr,opposite,4,1624824425.543544,/media/batool/MULTIMODAL_DATA/Multimodal_Data/Cat1/opposite/bag_files/Cat1_10mph_lr_opposite_4/camera_images/1624824425.543544.jpg
Cat1,10mph,lr,opposite,4,1624824425.5768774,/media/batool/MULTIMODAL_DATA/Multimodal_Data/Cat1/opposite/bag_files/Cat1_10mph_lr_opposite_4/camera_images/1624824425.5768774.jpg
Cat1,10mph,lr,opposite,4,1624824425.6102107,/media/batool/MULTIMODAL_DATA/Multimodal_Data/Cat1/opposite/bag_files/Cat1_10mph_lr_opposite_4/camera_images/1624824425.6102107.jpg
Cat1,10mph,lr,opposite,4,1624824425.643544,/media/batool/MULTIMODAL_DATA/Multimodal_Data/Cat1/opposite/bag_files/Cat1_10mph_lr_opposite_4/camera_images/1624824425.643544.jpg
Cat1,10mph,lr,opposite,4,1624824425.6768773,/media/batool/MULTIMODAL_DATA/Multimodal_Data/Cat1/opposite/bag_files/Cat1_10mph_lr_opposite_4/camera_images/1624824425.6768773.jpg
Cat1,10mph,lr,opposite,4,1624824425.7102106,/media/batool/MULTIMODAL_DATA/Multimodal_Data/Cat1/opposite/bag_files/Cat1_10mph_lr_opposite_4/camera_images/1624824425.7102106.jpg
Cat1,10mph,lr,opposite,4,1624824425.7435439,/media/batool/MULTIMODAL_DATA/Multimodal_Data/Cat1/opposite/bag_files/Cat1_10mph_lr_opposite_4/camera_images/1624824425.7435439.jpg
Cat1,10mph,lr,opposite,4,1624824425.7768772,/media/batool/MULTIMODAL_DATA/Multimodal_Data/Cat1/opposite/bag_files/Cat1_10mph_lr_opposite_4/camera_images/1624824425.7768772.jpg
Cat1,10mph,lr,opposite,4,1624824425.8102105,/media/batool/MULTIMODAL_DATA/Multimodal_Data/Cat1/opposite/bag_files/Cat1_10mph_lr_opposite_4/camera_images/1624824425.8102105.jpg
Cat1,10mph,lr,opposite,4,1624824425.8435438,/media/batool/MULTIMODAL_DATA/Multimodal_Data/Cat1/opposite/bag_files/Cat1_10mph_lr_opposite_4/camera_images/1624824425.8435438.jpg
Cat1,10mph,lr,opposite,4,1624824425.876877,/media/batool/MULTIMODAL_DATA/Multimodal_Data/Cat1/opposite/bag_files/Cat1_10mph_lr_opposite_4/camera_images/1624824425.876877.jpg
Cat1,10mph,lr,opposite,4,1624824425.9102104,/media/batool/MULTIMODAL_DATA/Multimodal_Data/Cat1/opposite/bag_files/Cat1_10mph_lr_opposite_4/camera_images/1624824425.9102104.jpg
Cat1,10mph,lr,opposite,4,1624824425.9435437,/media/batool/MULTIMODAL_DATA/Multimodal_Data/Cat1/opposite/bag_files/Cat1_10mph_lr_opposite_4/camera_images/1624824425.9435437.jpg
Cat1,10mph,lr,opposite,4,1624824425.976877,/media/batool/MULTIMODAL_DATA/Multimodal_Data/Cat1/opposite/bag_files/Cat1_10mph_lr_opposite_4/camera_images/1624824425.976877.jpg
Cat1,10mph,lr,opposite,4,1624824426.0102103,/media/batool/MULTIMODAL_DATA/Multimodal_Data/Cat1/opposite/bag_files/Cat1_10mph_lr_opposite_4/camera_images/1624824426.0102103.jpg
Cat1,10mph,lr,opposite,4,1624824426.0768769,/media/batool/MULTIMODAL_DATA/Multimodal_Data/Cat1/opposite/bag_files/Cat1_10mph_lr_opposite_4/camera_images/1624824426.0768769.jpg
Cat1,10mph,lr,opposite,4,1624824426.1102102,/media/batool/MULTIMODAL_DATA/Multimodal_Data/Cat1/opposite/bag_files/Cat1_10mph_lr_opposite_4/camera_images/1624824426.1102102.jpg
Cat1,10mph,lr,opposite,4,1624824426.1435435,/media/batool/MULTIMODAL_DATA/Multimodal_Data/Cat1/opposite/bag_files/Cat1_10mph_lr_opposite_4/camera_images/1624824426.1435435.jpg
Cat1,10mph,lr,opposite,4,1624824426.1768768,/media/batool/MULTIMODAL_DATA/Multimodal_Data/Cat1/opposite/bag_files/Cat1_10mph_lr_opposite_4/camera_images/1624824426.1768768.jpg
Cat1,10mph,lr,opposite,4,1624824426.21021,/media/batool/MULTIMODAL_DATA/Multimodal_Data/Cat1/opposite/bag_files/Cat1_10mph_lr_opposite_4/camera_images/1624824426.21021.jpg
Cat1,10mph,lr,opposite,4,1624824426.2435434,/media/batool/MULTIMODAL_DATA/Multimodal_Data/Cat1/opposite/bag_files/Cat1_10mph_lr_opposite_4/camera_images/1624824426.2435434.jpg
Cat1,10mph,lr,opposite,4,1624824426.2768767,/media/batool/MULTIMODAL_DATA/Multimodal_Data/Cat1/opposite/bag_files/Cat1_10mph_lr_opposite_4/camera_images/1624824426.2768767.jpg
Cat1,10mph,lr,opposite,4,1624824426.31021,/media/batool/MULTIMODAL_DATA/Multimodal_Data/Cat1/opposite/bag_files/Cat1_10mph_lr_opposite_4/camera_images/1624824426.31021.jpg
Cat1,10mph,lr,opposite,4,1624824426.3435433,/media/batool/MULTIMODAL_DATA/Multimodal_Data/Cat1/opposite/bag_files/Cat1_10mph_lr_opposite_4/camera_images/1624824426.3435433.jpg
Cat1,10mph,lr,opposite,4,1624824426.3768766,/media/batool/MULTIMODAL_DATA/Multimodal_Data/Cat1/opposite/bag_files/Cat1_10mph_lr_opposite_4/camera_images/1624824426.3768766.jpg
Cat1,10mph,lr,opposite,4,1624824426.41021,/media/batool/MULTIMODAL_DATA/Multimodal_Data/Cat1/opposite/bag_files/Cat1_10mph_lr_opposite_4/camera_images/1624824426.41021.jpg
Cat1,10mph,lr,opposite,4,1624824426.4435432,/media/batool/MULTIMODAL_DATA/Multimodal_Data/Cat1/opposite/bag_files/Cat1_10mph_lr_opposite_4/camera_images/1624824426.4435432.jpg
Cat1,10mph,lr,opposite,4,1624824426.4768765,/media/batool/MULTIMODAL_DATA/Multimodal_Data/Cat1/opposite/bag_files/Cat1_10mph_lr_opposite_4/camera_images/1624824426.4768765.jpg
Cat1,10mph,lr,opposite,4,1624824426.5102098,/media/batool/MULTIMODAL_DATA/Multimodal_Data/Cat1/opposite/bag_files/Cat1_10mph_lr_opposite_4/camera_images/1624824426.5102098.jpg
Cat1,10mph,lr,opposite,4,1624824426.543543,/media/batool/MULTIMODAL_DATA/Multimodal_Data/Cat1/opposite/bag_files/Cat1_10mph_lr_opposite_4/camera_images/1624824426.543543.jpg
Cat1,10mph,lr,opposite,4,1624824426.5768764,/media/batool/MULTIMODAL_DATA/Multimodal_Data/Cat1/opposite/bag_files/Cat1_10mph_lr_opposite_4/camera_images/1624824426.5768764.jpg
Cat1,10mph,lr,opposite,4,1624824426.6102097,/media/batool/MULTIMODAL_DATA/Multimodal_Data/Cat1/opposite/bag_files/Cat1_10mph_lr_opposite_4/camera_images/1624824426.6102097.jpg
Cat1,10mph,lr,opposite,4,1624824426.643543,/media/batool/MULTIMODAL_DATA/Multimodal_Data/Cat1/opposite/bag_files/Cat1_10mph_lr_opposite_4/camera_images/1624824426.643543.jpg
Cat1,10mph,lr,opposite,4,1624824426.6768763,/media/batool/MULTIMODAL_DATA/Multimodal_Data/Cat1/opposite/bag_files/Cat1_10mph_lr_opposite_4/camera_images/1624824426.6768763.jpg
Cat1,10mph,lr,opposite,4,1624824426.7102096,/media/batool/MULTIMODAL_DATA/Multimodal_Data/Cat1/opposite/bag_files/Cat1_10mph_lr_opposite_4/camera_images/1624824426.7102096.jpg
Cat1,10mph,lr,opposite,4,1624824426.743543,/media/batool/MULTIMODAL_DATA/Multimodal_Data/Cat1/opposite/bag_files/Cat1_10mph_lr_opposite_4/camera_images/1624824426.743543.jpg
