Category,speed,direction,lane,episode,Time header,lidar number,path to the file
Cat1,10mph,lr,opposite,4,1624824410.094696000,ns1,/media/batool/MULTIMODAL_DATA/Multimodal_Data/Cat1/opposite/bag_files/Cat1_10mph_lr_opposite_4/lidar_pcd/ns1/velodyne_points/1624824410.094696000.pcd
Cat1,10mph,lr,opposite,4,1624824410.195588000,ns1,/media/batool/MULTIMODAL_DATA/Multimodal_Data/Cat1/opposite/bag_files/Cat1_10mph_lr_opposite_4/lidar_pcd/ns1/velodyne_points/1624824410.195588000.pcd
Cat1,10mph,lr,opposite,4,1624824410.296386000,ns1,/media/batool/MULTIMODAL_DATA/Multimodal_Data/Cat1/opposite/bag_files/Cat1_10mph_lr_opposite_4/lidar_pcd/ns1/velodyne_points/1624824410.296386000.pcd
Cat1,10mph,lr,opposite,4,1624824410.397249000,ns1,/media/batool/MULTIMODAL_DATA/Multimodal_Data/Cat1/opposite/bag_files/Cat1_10mph_lr_opposite_4/lidar_pcd/ns1/velodyne_points/1624824410.397249000.pcd
Cat1,10mph,lr,opposite,4,1624824410.498079000,ns1,/media/batool/MULTIMODAL_DATA/Multimodal_Data/Cat1/opposite/bag_files/Cat1_10mph_lr_opposite_4/lidar_pcd/ns1/velodyne_points/1624824410.498079000.pcd
Cat1,10mph,lr,opposite,4,1624824410.599024000,ns1,/media/batool/MULTIMODAL_DATA/Multimodal_Data/Cat1/opposite/bag_files/Cat1_10mph_lr_opposite_4/lidar_pcd/ns1/velodyne_points/1624824410.599024000.pcd
Cat1,10mph,lr,opposite,4,1624824410.699850000,ns1,/media/batool/MULTIMODAL_DATA/Multimodal_Data/Cat1/opposite/bag_files/Cat1_10mph_lr_opposite_4/lidar_pcd/ns1/velodyne_points/1624824410.699850000.pcd
Cat1,10mph,lr,opposite,4,1624824410.800708000,ns1,/media/batool/MULTIMODAL_DATA/Multimodal_Data/Cat1/opposite/bag_files/Cat1_10mph_lr_opposite_4/lidar_pcd/ns1/velodyne_points/1624824410.800708000.pcd
Cat1,10mph,lr,opposite,4,1624824410.901562000,ns1,/media/batool/MULTIMODAL_DATA/Multimodal_Data/Cat1/opposite/bag_files/Cat1_10mph_lr_opposite_4/lidar_pcd/ns1/velodyne_points/1624824410.901562000.pcd
Cat1,10mph,lr,opposite,4,1624824411.002417000,ns1,/media/batool/MULTIMODAL_DATA/Multimodal_Data/Cat1/opposite/bag_files/Cat1_10mph_lr_opposite_4/lidar_pcd/ns1/velodyne_points/1624824411.002417000.pcd
Cat1,10mph,lr,opposite,4,1624824411.103282000,ns1,/media/batool/MULTIMODAL_DATA/Multimodal_Data/Cat1/opposite/bag_files/Cat1_10mph_lr_opposite_4/lidar_pcd/ns1/velodyne_points/1624824411.103282000.pcd
Cat1,10mph,lr,opposite,4,1624824411.204116000,ns1,/media/batool/MULTIMODAL_DATA/Multimodal_Data/Cat1/opposite/bag_files/Cat1_10mph_lr_opposite_4/lidar_pcd/ns1/velodyne_points/1624824411.204116000.pcd
Cat1,10mph,lr,opposite,4,1624824411.304967000,ns1,/media/batool/MULTIMODAL_DATA/Multimodal_Data/Cat1/opposite/bag_files/Cat1_10mph_lr_opposite_4/lidar_pcd/ns1/velodyne_points/1624824411.304967000.pcd
Cat1,10mph,lr,opposite,4,1624824411.405846000,ns1,/media/batool/MULTIMODAL_DATA/Multimodal_Data/Cat1/opposite/bag_files/Cat1_10mph_lr_opposite_4/lidar_pcd/ns1/velodyne_points/1624824411.405846000.pcd
Cat1,10mph,lr,opposite,4,1624824411.607560000,ns1,/media/batool/MULTIMODAL_DATA/Multimodal_Data/Cat1/opposite/bag_files/Cat1_10mph_lr_opposite_4/lidar_pcd/ns1/velodyne_points/1624824411.607560000.pcd
Cat1,10mph,lr,opposite,4,1624824411.708403000,ns1,/media/batool/MULTIMODAL_DATA/Multimodal_Data/Cat1/opposite/bag_files/Cat1_10mph_lr_opposite_4/lidar_pcd/ns1/velodyne_points/1624824411.708403000.pcd
Cat1,10mph,lr,opposite,4,1624824411.809251000,ns1,/media/batool/MULTIMODAL_DATA/Multimodal_Data/Cat1/opposite/bag_files/Cat1_10mph_lr_opposite_4/lidar_pcd/ns1/velodyne_points/1624824411.809251000.pcd
Cat1,10mph,lr,opposite,4,1624824411.910123000,ns1,/media/batool/MULTIMODAL_DATA/Multimodal_Data/Cat1/opposite/bag_files/Cat1_10mph_lr_opposite_4/lidar_pcd/ns1/velodyne_points/1624824411.910123000.pcd
Cat1,10mph,lr,opposite,4,1624824412.010988000,ns1,/media/batool/MULTIMODAL_DATA/Multimodal_Data/Cat1/opposite/bag_files/Cat1_10mph_lr_opposite_4/lidar_pcd/ns1/velodyne_points/1624824412.010988000.pcd
Cat1,10mph,lr,opposite,4,1624824412.111852000,ns1,/media/batool/MULTIMODAL_DATA/Multimodal_Data/Cat1/opposite/bag_files/Cat1_10mph_lr_opposite_4/lidar_pcd/ns1/velodyne_points/1624824412.111852000.pcd
Cat1,10mph,lr,opposite,4,1624824412.212758000,ns1,/media/batool/MULTIMODAL_DATA/Multimodal_Data/Cat1/opposite/bag_files/Cat1_10mph_lr_opposite_4/lidar_pcd/ns1/velodyne_points/1624824412.212758000.pcd
Cat1,10mph,lr,opposite,4,1624824412.313560000,ns1,/media/batool/MULTIMODAL_DATA/Multimodal_Data/Cat1/opposite/bag_files/Cat1_10mph_lr_opposite_4/lidar_pcd/ns1/velodyne_points/1624824412.313560000.pcd
Cat1,10mph,lr,opposite,4,1624824412.414376000,ns1,/media/batool/MULTIMODAL_DATA/Multimodal_Data/Cat1/opposite/bag_files/Cat1_10mph_lr_opposite_4/lidar_pcd/ns1/velodyne_points/1624824412.414376000.pcd
Cat1,10mph,lr,opposite,4,1624824412.515254000,ns1,/media/batool/MULTIMODAL_DATA/Multimodal_Data/Cat1/opposite/bag_files/Cat1_10mph_lr_opposite_4/lidar_pcd/ns1/velodyne_points/1624824412.515254000.pcd
Cat1,10mph,lr,opposite,4,1624824412.616108000,ns1,/media/batool/MULTIMODAL_DATA/Multimodal_Data/Cat1/opposite/bag_files/Cat1_10mph_lr_opposite_4/lidar_pcd/ns1/velodyne_points/1624824412.616108000.pcd
Cat1,10mph,lr,opposite,4,1624824412.716968000,ns1,/media/batool/MULTIMODAL_DATA/Multimodal_Data/Cat1/opposite/bag_files/Cat1_10mph_lr_opposite_4/lidar_pcd/ns1/velodyne_points/1624824412.716968000.pcd
Cat1,10mph,lr,opposite,4,1624824412.817841000,ns1,/media/batool/MULTIMODAL_DATA/Multimodal_Data/Cat1/opposite/bag_files/Cat1_10mph_lr_opposite_4/lidar_pcd/ns1/velodyne_points/1624824412.817841000.pcd
Cat1,10mph,lr,opposite,4,1624824412.918683000,ns1,/media/batool/MULTIMODAL_DATA/Multimodal_Data/Cat1/opposite/bag_files/Cat1_10mph_lr_opposite_4/lidar_pcd/ns1/velodyne_points/1624824412.918683000.pcd
Cat1,10mph,lr,opposite,4,1624824413.120387000,ns1,/media/batool/MULTIMODAL_DATA/Multimodal_Data/Cat1/opposite/bag_files/Cat1_10mph_lr_opposite_4/lidar_pcd/ns1/velodyne_points/1624824413.120387000.pcd
Cat1,10mph,lr,opposite,4,1624824413.221259000,ns1,/media/batool/MULTIMODAL_DATA/Multimodal_Data/Cat1/opposite/bag_files/Cat1_10mph_lr_opposite_4/lidar_pcd/ns1/velodyne_points/1624824413.221259000.pcd
Cat1,10mph,lr,opposite,4,1624824413.322137000,ns1,/media/batool/MULTIMODAL_DATA/Multimodal_Data/Cat1/opposite/bag_files/Cat1_10mph_lr_opposite_4/lidar_pcd/ns1/velodyne_points/1624824413.322137000.pcd
Cat1,10mph,lr,opposite,4,1624824413.423036000,ns1,/media/batool/MULTIMODAL_DATA/Multimodal_Data/Cat1/opposite/bag_files/Cat1_10mph_lr_opposite_4/lidar_pcd/ns1/velodyne_points/1624824413.423036000.pcd
Cat1,10mph,lr,opposite,4,1624824413.523836000,ns1,/media/batool/MULTIMODAL_DATA/Multimodal_Data/Cat1/opposite/bag_files/Cat1_10mph_lr_opposite_4/lidar_pcd/ns1/velodyne_points/1624824413.523836000.pcd
Cat1,10mph,lr,opposite,4,1624824413.624694000,ns1,/media/batool/MULTIMODAL_DATA/Multimodal_Data/Cat1/opposite/bag_files/Cat1_10mph_lr_opposite_4/lidar_pcd/ns1/velodyne_points/1624824413.624694000.pcd
Cat1,10mph,lr,opposite,4,1624824413.725502000,ns1,/media/batool/MULTIMODAL_DATA/Multimodal_Data/Cat1/opposite/bag_files/Cat1_10mph_lr_opposite_4/lidar_pcd/ns1/velodyne_points/1624824413.725502000.pcd
Cat1,10mph,lr,opposite,4,1624824413.826412000,ns1,/media/batool/MULTIMODAL_DATA/Multimodal_Data/Cat1/opposite/bag_files/Cat1_10mph_lr_opposite_4/lidar_pcd/ns1/velodyne_points/1624824413.826412000.pcd
Cat1,10mph,lr,opposite,4,1624824413.927267000,ns1,/media/batool/MULTIMODAL_DATA/Multimodal_Data/Cat1/opposite/bag_files/Cat1_10mph_lr_opposite_4/lidar_pcd/ns1/velodyne_points/1624824413.927267000.pcd
Cat1,10mph,lr,opposite,4,1624824414.028109000,ns1,/media/batool/MULTIMODAL_DATA/Multimodal_Data/Cat1/opposite/bag_files/Cat1_10mph_lr_opposite_4/lidar_pcd/ns1/velodyne_points/1624824414.028109000.pcd
Cat1,10mph,lr,opposite,4,1624824414.128980000,ns1,/media/batool/MULTIMODAL_DATA/Multimodal_Data/Cat1/opposite/bag_files/Cat1_10mph_lr_opposite_4/lidar_pcd/ns1/velodyne_points/1624824414.128980000.pcd
Cat1,10mph,lr,opposite,4,1624824414.229800000,ns1,/media/batool/MULTIMODAL_DATA/Multimodal_Data/Cat1/opposite/bag_files/Cat1_10mph_lr_opposite_4/lidar_pcd/ns1/velodyne_points/1624824414.229800000.pcd
Cat1,10mph,lr,opposite,4,1624824414.330677000,ns1,/media/batool/MULTIMODAL_DATA/Multimodal_Data/Cat1/opposite/bag_files/Cat1_10mph_lr_opposite_4/lidar_pcd/ns1/velodyne_points/1624824414.330677000.pcd
Cat1,10mph,lr,opposite,4,1624824414.431524000,ns1,/media/batool/MULTIMODAL_DATA/Multimodal_Data/Cat1/opposite/bag_files/Cat1_10mph_lr_opposite_4/lidar_pcd/ns1/velodyne_points/1624824414.431524000.pcd
Cat1,10mph,lr,opposite,4,1624824414.633239000,ns1,/media/batool/MULTIMODAL_DATA/Multimodal_Data/Cat1/opposite/bag_files/Cat1_10mph_lr_opposite_4/lidar_pcd/ns1/velodyne_points/1624824414.633239000.pcd
Cat1,10mph,lr,opposite,4,1624824414.734104000,ns1,/media/batool/MULTIMODAL_DATA/Multimodal_Data/Cat1/opposite/bag_files/Cat1_10mph_lr_opposite_4/lidar_pcd/ns1/velodyne_points/1624824414.734104000.pcd
Cat1,10mph,lr,opposite,4,1624824414.834982000,ns1,/media/batool/MULTIMODAL_DATA/Multimodal_Data/Cat1/opposite/bag_files/Cat1_10mph_lr_opposite_4/lidar_pcd/ns1/velodyne_points/1624824414.834982000.pcd
Cat1,10mph,lr,opposite,4,1624824414.935810000,ns1,/media/batool/MULTIMODAL_DATA/Multimodal_Data/Cat1/opposite/bag_files/Cat1_10mph_lr_opposite_4/lidar_pcd/ns1/velodyne_points/1624824414.935810000.pcd
Cat1,10mph,lr,opposite,4,1624824415.036687000,ns1,/media/batool/MULTIMODAL_DATA/Multimodal_Data/Cat1/opposite/bag_files/Cat1_10mph_lr_opposite_4/lidar_pcd/ns1/velodyne_points/1624824415.036687000.pcd
Cat1,10mph,lr,opposite,4,1624824415.137506000,ns1,/media/batool/MULTIMODAL_DATA/Multimodal_Data/Cat1/opposite/bag_files/Cat1_10mph_lr_opposite_4/lidar_pcd/ns1/velodyne_points/1624824415.137506000.pcd
Cat1,10mph,lr,opposite,4,1624824415.238399000,ns1,/media/batool/MULTIMODAL_DATA/Multimodal_Data/Cat1/opposite/bag_files/Cat1_10mph_lr_opposite_4/lidar_pcd/ns1/velodyne_points/1624824415.238399000.pcd
Cat1,10mph,lr,opposite,4,1624824415.339275000,ns1,/media/batool/MULTIMODAL_DATA/Multimodal_Data/Cat1/opposite/bag_files/Cat1_10mph_lr_opposite_4/lidar_pcd/ns1/velodyne_points/1624824415.339275000.pcd
Cat1,10mph,lr,opposite,4,1624824415.440107000,ns1,/media/batool/MULTIMODAL_DATA/Multimodal_Data/Cat1/opposite/bag_files/Cat1_10mph_lr_opposite_4/lidar_pcd/ns1/velodyne_points/1624824415.440107000.pcd
Cat1,10mph,lr,opposite,4,1624824415.540975000,ns1,/media/batool/MULTIMODAL_DATA/Multimodal_Data/Cat1/opposite/bag_files/Cat1_10mph_lr_opposite_4/lidar_pcd/ns1/velodyne_points/1624824415.540975000.pcd
Cat1,10mph,lr,opposite,4,1624824415.641832000,ns1,/media/batool/MULTIMODAL_DATA/Multimodal_Data/Cat1/opposite/bag_files/Cat1_10mph_lr_opposite_4/lidar_pcd/ns1/velodyne_points/1624824415.641832000.pcd
Cat1,10mph,lr,opposite,4,1624824415.742689000,ns1,/media/batool/MULTIMODAL_DATA/Multimodal_Data/Cat1/opposite/bag_files/Cat1_10mph_lr_opposite_4/lidar_pcd/ns1/velodyne_points/1624824415.742689000.pcd
Cat1,10mph,lr,opposite,4,1624824415.843523000,ns1,/media/batool/MULTIMODAL_DATA/Multimodal_Data/Cat1/opposite/bag_files/Cat1_10mph_lr_opposite_4/lidar_pcd/ns1/velodyne_points/1624824415.843523000.pcd
Cat1,10mph,lr,opposite,4,1624824415.944370000,ns1,/media/batool/MULTIMODAL_DATA/Multimodal_Data/Cat1/opposite/bag_files/Cat1_10mph_lr_opposite_4/lidar_pcd/ns1/velodyne_points/1624824415.944370000.pcd
Cat1,10mph,lr,opposite,4,1624824411.506692000,ns1,/media/batool/MULTIMODAL_DATA/Multimodal_Data/Cat1/opposite/bag_files/Cat1_10mph_lr_opposite_4/lidar_pcd/ns1/velodyne_points/1624824411.506692000.pcd
Cat1,10mph,lr,opposite,4,1624824413.019535000,ns1,/media/batool/MULTIMODAL_DATA/Multimodal_Data/Cat1/opposite/bag_files/Cat1_10mph_lr_opposite_4/lidar_pcd/ns1/velodyne_points/1624824413.019535000.pcd
Cat1,10mph,lr,opposite,4,1624824414.532387000,ns1,/media/batool/MULTIMODAL_DATA/Multimodal_Data/Cat1/opposite/bag_files/Cat1_10mph_lr_opposite_4/lidar_pcd/ns1/velodyne_points/1624824414.532387000.pcd
Cat1,10mph,lr,opposite,4,1624824416.045243000,ns1,/media/batool/MULTIMODAL_DATA/Multimodal_Data/Cat1/opposite/bag_files/Cat1_10mph_lr_opposite_4/lidar_pcd/ns1/velodyne_points/1624824416.045243000.pcd
Cat1,10mph,lr,opposite,4,1624824417.558089000,ns1,/media/batool/MULTIMODAL_DATA/Multimodal_Data/Cat1/opposite/bag_files/Cat1_10mph_lr_opposite_4/lidar_pcd/ns1/velodyne_points/1624824417.558089000.pcd
Cat1,10mph,lr,opposite,4,1624824419.070953000,ns1,/media/batool/MULTIMODAL_DATA/Multimodal_Data/Cat1/opposite/bag_files/Cat1_10mph_lr_opposite_4/lidar_pcd/ns1/velodyne_points/1624824419.070953000.pcd
Cat1,10mph,lr,opposite,4,1624824420.583790000,ns1,/media/batool/MULTIMODAL_DATA/Multimodal_Data/Cat1/opposite/bag_files/Cat1_10mph_lr_opposite_4/lidar_pcd/ns1/velodyne_points/1624824420.583790000.pcd
Cat1,10mph,lr,opposite,4,1624824422.096681000,ns1,/media/batool/MULTIMODAL_DATA/Multimodal_Data/Cat1/opposite/bag_files/Cat1_10mph_lr_opposite_4/lidar_pcd/ns1/velodyne_points/1624824422.096681000.pcd
Cat1,10mph,lr,opposite,4,1624824423.609499000,ns1,/media/batool/MULTIMODAL_DATA/Multimodal_Data/Cat1/opposite/bag_files/Cat1_10mph_lr_opposite_4/lidar_pcd/ns1/velodyne_points/1624824423.609499000.pcd
Cat1,10mph,lr,opposite,4,1624824425.122370000,ns1,/media/batool/MULTIMODAL_DATA/Multimodal_Data/Cat1/opposite/bag_files/Cat1_10mph_lr_opposite_4/lidar_pcd/ns1/velodyne_points/1624824425.122370000.pcd
Cat1,10mph,lr,opposite,4,1624824426.635194000,ns1,/media/batool/MULTIMODAL_DATA/Multimodal_Data/Cat1/opposite/bag_files/Cat1_10mph_lr_opposite_4/lidar_pcd/ns1/velodyne_points/1624824426.635194000.pcd
Cat1,10mph,lr,opposite,4,1624824428.148039000,ns1,/media/batool/MULTIMODAL_DATA/Multimodal_Data/Cat1/opposite/bag_files/Cat1_10mph_lr_opposite_4/lidar_pcd/ns1/velodyne_points/1624824428.148039000.pcd
Cat1,10mph,lr,opposite,4,1624824429.660927000,ns1,/media/batool/MULTIMODAL_DATA/Multimodal_Data/Cat1/opposite/bag_files/Cat1_10mph_lr_opposite_4/lidar_pcd/ns1/velodyne_points/1624824429.660927000.pcd
Cat1,10mph,lr,opposite,4,1624824431.173784000,ns1,/media/batool/MULTIMODAL_DATA/Multimodal_Data/Cat1/opposite/bag_files/Cat1_10mph_lr_opposite_4/lidar_pcd/ns1/velodyne_points/1624824431.173784000.pcd
Cat1,10mph,lr,opposite,4,1624824432.686630000,ns1,/media/batool/MULTIMODAL_DATA/Multimodal_Data/Cat1/opposite/bag_files/Cat1_10mph_lr_opposite_4/lidar_pcd/ns1/velodyne_points/1624824432.686630000.pcd
Cat1,10mph,lr,opposite,4,1624824416.146054000,ns1,/media/batool/MULTIMODAL_DATA/Multimodal_Data/Cat1/opposite/bag_files/Cat1_10mph_lr_opposite_4/lidar_pcd/ns1/velodyne_points/1624824416.146054000.pcd
Cat1,10mph,lr,opposite,4,1624824416.246943000,ns1,/media/batool/MULTIMODAL_DATA/Multimodal_Data/Cat1/opposite/bag_files/Cat1_10mph_lr_opposite_4/lidar_pcd/ns1/velodyne_points/1624824416.246943000.pcd
Cat1,10mph,lr,opposite,4,1624824416.347798000,ns1,/media/batool/MULTIMODAL_DATA/Multimodal_Data/Cat1/opposite/bag_files/Cat1_10mph_lr_opposite_4/lidar_pcd/ns1/velodyne_points/1624824416.347798000.pcd
Cat1,10mph,lr,opposite,4,1624824416.448688000,ns1,/media/batool/MULTIMODAL_DATA/Multimodal_Data/Cat1/opposite/bag_files/Cat1_10mph_lr_opposite_4/lidar_pcd/ns1/velodyne_points/1624824416.448688000.pcd
Cat1,10mph,lr,opposite,4,1624824416.549541000,ns1,/media/batool/MULTIMODAL_DATA/Multimodal_Data/Cat1/opposite/bag_files/Cat1_10mph_lr_opposite_4/lidar_pcd/ns1/velodyne_points/1624824416.549541000.pcd
Cat1,10mph,lr,opposite,4,1624824416.650390000,ns1,/media/batool/MULTIMODAL_DATA/Multimodal_Data/Cat1/opposite/bag_files/Cat1_10mph_lr_opposite_4/lidar_pcd/ns1/velodyne_points/1624824416.650390000.pcd
Cat1,10mph,lr,opposite,4,1624824416.751221000,ns1,/media/batool/MULTIMODAL_DATA/Multimodal_Data/Cat1/opposite/bag_files/Cat1_10mph_lr_opposite_4/lidar_pcd/ns1/velodyne_points/1624824416.751221000.pcd
Cat1,10mph,lr,opposite,4,1624824416.852085000,ns1,/media/batool/MULTIMODAL_DATA/Multimodal_Data/Cat1/opposite/bag_files/Cat1_10mph_lr_opposite_4/lidar_pcd/ns1/velodyne_points/1624824416.852085000.pcd
Cat1,10mph,lr,opposite,4,1624824416.952936000,ns1,/media/batool/MULTIMODAL_DATA/Multimodal_Data/Cat1/opposite/bag_files/Cat1_10mph_lr_opposite_4/lidar_pcd/ns1/velodyne_points/1624824416.952936000.pcd
Cat1,10mph,lr,opposite,4,1624824417.053887000,ns1,/media/batool/MULTIMODAL_DATA/Multimodal_Data/Cat1/opposite/bag_files/Cat1_10mph_lr_opposite_4/lidar_pcd/ns1/velodyne_points/1624824417.053887000.pcd
Cat1,10mph,lr,opposite,4,1624824417.154688000,ns1,/media/batool/MULTIMODAL_DATA/Multimodal_Data/Cat1/opposite/bag_files/Cat1_10mph_lr_opposite_4/lidar_pcd/ns1/velodyne_points/1624824417.154688000.pcd
Cat1,10mph,lr,opposite,4,1624824417.255540000,ns1,/media/batool/MULTIMODAL_DATA/Multimodal_Data/Cat1/opposite/bag_files/Cat1_10mph_lr_opposite_4/lidar_pcd/ns1/velodyne_points/1624824417.255540000.pcd
Cat1,10mph,lr,opposite,4,1624824417.356392000,ns1,/media/batool/MULTIMODAL_DATA/Multimodal_Data/Cat1/opposite/bag_files/Cat1_10mph_lr_opposite_4/lidar_pcd/ns1/velodyne_points/1624824417.356392000.pcd
Cat1,10mph,lr,opposite,4,1624824417.457235000,ns1,/media/batool/MULTIMODAL_DATA/Multimodal_Data/Cat1/opposite/bag_files/Cat1_10mph_lr_opposite_4/lidar_pcd/ns1/velodyne_points/1624824417.457235000.pcd
Cat1,10mph,lr,opposite,4,1624824417.658947000,ns1,/media/batool/MULTIMODAL_DATA/Multimodal_Data/Cat1/opposite/bag_files/Cat1_10mph_lr_opposite_4/lidar_pcd/ns1/velodyne_points/1624824417.658947000.pcd
Cat1,10mph,lr,opposite,4,1624824417.759826000,ns1,/media/batool/MULTIMODAL_DATA/Multimodal_Data/Cat1/opposite/bag_files/Cat1_10mph_lr_opposite_4/lidar_pcd/ns1/velodyne_points/1624824417.759826000.pcd
Cat1,10mph,lr,opposite,4,1624824417.860666000,ns1,/media/batool/MULTIMODAL_DATA/Multimodal_Data/Cat1/opposite/bag_files/Cat1_10mph_lr_opposite_4/lidar_pcd/ns1/velodyne_points/1624824417.860666000.pcd
Cat1,10mph,lr,opposite,4,1624824417.961534000,ns1,/media/batool/MULTIMODAL_DATA/Multimodal_Data/Cat1/opposite/bag_files/Cat1_10mph_lr_opposite_4/lidar_pcd/ns1/velodyne_points/1624824417.961534000.pcd
Cat1,10mph,lr,opposite,4,1624824418.062357000,ns1,/media/batool/MULTIMODAL_DATA/Multimodal_Data/Cat1/opposite/bag_files/Cat1_10mph_lr_opposite_4/lidar_pcd/ns1/velodyne_points/1624824418.062357000.pcd
Cat1,10mph,lr,opposite,4,1624824418.163243000,ns1,/media/batool/MULTIMODAL_DATA/Multimodal_Data/Cat1/opposite/bag_files/Cat1_10mph_lr_opposite_4/lidar_pcd/ns1/velodyne_points/1624824418.163243000.pcd
Cat1,10mph,lr,opposite,4,1624824418.264052000,ns1,/media/batool/MULTIMODAL_DATA/Multimodal_Data/Cat1/opposite/bag_files/Cat1_10mph_lr_opposite_4/lidar_pcd/ns1/velodyne_points/1624824418.264052000.pcd
Cat1,10mph,lr,opposite,4,1624824418.364966000,ns1,/media/batool/MULTIMODAL_DATA/Multimodal_Data/Cat1/opposite/bag_files/Cat1_10mph_lr_opposite_4/lidar_pcd/ns1/velodyne_points/1624824418.364966000.pcd
Cat1,10mph,lr,opposite,4,1624824418.465823000,ns1,/media/batool/MULTIMODAL_DATA/Multimodal_Data/Cat1/opposite/bag_files/Cat1_10mph_lr_opposite_4/lidar_pcd/ns1/velodyne_points/1624824418.465823000.pcd
Cat1,10mph,lr,opposite,4,1624824418.566644000,ns1,/media/batool/MULTIMODAL_DATA/Multimodal_Data/Cat1/opposite/bag_files/Cat1_10mph_lr_opposite_4/lidar_pcd/ns1/velodyne_points/1624824418.566644000.pcd
Cat1,10mph,lr,opposite,4,1624824418.667577000,ns1,/media/batool/MULTIMODAL_DATA/Multimodal_Data/Cat1/opposite/bag_files/Cat1_10mph_lr_opposite_4/lidar_pcd/ns1/velodyne_points/1624824418.667577000.pcd
Cat1,10mph,lr,opposite,4,1624824418.768388000,ns1,/media/batool/MULTIMODAL_DATA/Multimodal_Data/Cat1/opposite/bag_files/Cat1_10mph_lr_opposite_4/lidar_pcd/ns1/velodyne_points/1624824418.768388000.pcd
Cat1,10mph,lr,opposite,4,1624824418.869226000,ns1,/media/batool/MULTIMODAL_DATA/Multimodal_Data/Cat1/opposite/bag_files/Cat1_10mph_lr_opposite_4/lidar_pcd/ns1/velodyne_points/1624824418.869226000.pcd
Cat1,10mph,lr,opposite,4,1624824418.970108000,ns1,/media/batool/MULTIMODAL_DATA/Multimodal_Data/Cat1/opposite/bag_files/Cat1_10mph_lr_opposite_4/lidar_pcd/ns1/velodyne_points/1624824418.970108000.pcd
Cat1,10mph,lr,opposite,4,1624824419.171838000,ns1,/media/batool/MULTIMODAL_DATA/Multimodal_Data/Cat1/opposite/bag_files/Cat1_10mph_lr_opposite_4/lidar_pcd/ns1/velodyne_points/1624824419.171838000.pcd
Cat1,10mph,lr,opposite,4,1624824419.272675000,ns1,/media/batool/MULTIMODAL_DATA/Multimodal_Data/Cat1/opposite/bag_files/Cat1_10mph_lr_opposite_4/lidar_pcd/ns1/velodyne_points/1624824419.272675000.pcd
Cat1,10mph,lr,opposite,4,1624824419.373508000,ns1,/media/batool/MULTIMODAL_DATA/Multimodal_Data/Cat1/opposite/bag_files/Cat1_10mph_lr_opposite_4/lidar_pcd/ns1/velodyne_points/1624824419.373508000.pcd
Cat1,10mph,lr,opposite,4,1624824419.474420000,ns1,/media/batool/MULTIMODAL_DATA/Multimodal_Data/Cat1/opposite/bag_files/Cat1_10mph_lr_opposite_4/lidar_pcd/ns1/velodyne_points/1624824419.474420000.pcd
Cat1,10mph,lr,opposite,4,1624824419.575214000,ns1,/media/batool/MULTIMODAL_DATA/Multimodal_Data/Cat1/opposite/bag_files/Cat1_10mph_lr_opposite_4/lidar_pcd/ns1/velodyne_points/1624824419.575214000.pcd
Cat1,10mph,lr,opposite,4,1624824419.676129000,ns1,/media/batool/MULTIMODAL_DATA/Multimodal_Data/Cat1/opposite/bag_files/Cat1_10mph_lr_opposite_4/lidar_pcd/ns1/velodyne_points/1624824419.676129000.pcd
Cat1,10mph,lr,opposite,4,1624824419.776979000,ns1,/media/batool/MULTIMODAL_DATA/Multimodal_Data/Cat1/opposite/bag_files/Cat1_10mph_lr_opposite_4/lidar_pcd/ns1/velodyne_points/1624824419.776979000.pcd
Cat1,10mph,lr,opposite,4,1624824419.877844000,ns1,/media/batool/MULTIMODAL_DATA/Multimodal_Data/Cat1/opposite/bag_files/Cat1_10mph_lr_opposite_4/lidar_pcd/ns1/velodyne_points/1624824419.877844000.pcd
Cat1,10mph,lr,opposite,4,1624824419.978702000,ns1,/media/batool/MULTIMODAL_DATA/Multimodal_Data/Cat1/opposite/bag_files/Cat1_10mph_lr_opposite_4/lidar_pcd/ns1/velodyne_points/1624824419.978702000.pcd
Cat1,10mph,lr,opposite,4,1624824420.079517000,ns1,/media/batool/MULTIMODAL_DATA/Multimodal_Data/Cat1/opposite/bag_files/Cat1_10mph_lr_opposite_4/lidar_pcd/ns1/velodyne_points/1624824420.079517000.pcd
Cat1,10mph,lr,opposite,4,1624824420.180393000,ns1,/media/batool/MULTIMODAL_DATA/Multimodal_Data/Cat1/opposite/bag_files/Cat1_10mph_lr_opposite_4/lidar_pcd/ns1/velodyne_points/1624824420.180393000.pcd
Cat1,10mph,lr,opposite,4,1624824420.281243000,ns1,/media/batool/MULTIMODAL_DATA/Multimodal_Data/Cat1/opposite/bag_files/Cat1_10mph_lr_opposite_4/lidar_pcd/ns1/velodyne_points/1624824420.281243000.pcd
Cat1,10mph,lr,opposite,4,1624824420.382080000,ns1,/media/batool/MULTIMODAL_DATA/Multimodal_Data/Cat1/opposite/bag_files/Cat1_10mph_lr_opposite_4/lidar_pcd/ns1/velodyne_points/1624824420.382080000.pcd
Cat1,10mph,lr,opposite,4,1624824420.482897000,ns1,/media/batool/MULTIMODAL_DATA/Multimodal_Data/Cat1/opposite/bag_files/Cat1_10mph_lr_opposite_4/lidar_pcd/ns1/velodyne_points/1624824420.482897000.pcd
Cat1,10mph,lr,opposite,4,1624824420.684673000,ns1,/media/batool/MULTIMODAL_DATA/Multimodal_Data/Cat1/opposite/bag_files/Cat1_10mph_lr_opposite_4/lidar_pcd/ns1/velodyne_points/1624824420.684673000.pcd
Cat1,10mph,lr,opposite,4,1624824420.785544000,ns1,/media/batool/MULTIMODAL_DATA/Multimodal_Data/Cat1/opposite/bag_files/Cat1_10mph_lr_opposite_4/lidar_pcd/ns1/velodyne_points/1624824420.785544000.pcd
Cat1,10mph,lr,opposite,4,1624824420.886377000,ns1,/media/batool/MULTIMODAL_DATA/Multimodal_Data/Cat1/opposite/bag_files/Cat1_10mph_lr_opposite_4/lidar_pcd/ns1/velodyne_points/1624824420.886377000.pcd
Cat1,10mph,lr,opposite,4,1624824420.987256000,ns1,/media/batool/MULTIMODAL_DATA/Multimodal_Data/Cat1/opposite/bag_files/Cat1_10mph_lr_opposite_4/lidar_pcd/ns1/velodyne_points/1624824420.987256000.pcd
Cat1,10mph,lr,opposite,4,1624824421.088111000,ns1,/media/batool/MULTIMODAL_DATA/Multimodal_Data/Cat1/opposite/bag_files/Cat1_10mph_lr_opposite_4/lidar_pcd/ns1/velodyne_points/1624824421.088111000.pcd
Cat1,10mph,lr,opposite,4,1624824421.188956000,ns1,/media/batool/MULTIMODAL_DATA/Multimodal_Data/Cat1/opposite/bag_files/Cat1_10mph_lr_opposite_4/lidar_pcd/ns1/velodyne_points/1624824421.188956000.pcd
Cat1,10mph,lr,opposite,4,1624824421.289809000,ns1,/media/batool/MULTIMODAL_DATA/Multimodal_Data/Cat1/opposite/bag_files/Cat1_10mph_lr_opposite_4/lidar_pcd/ns1/velodyne_points/1624824421.289809000.pcd
Cat1,10mph,lr,opposite,4,1624824421.390611000,ns1,/media/batool/MULTIMODAL_DATA/Multimodal_Data/Cat1/opposite/bag_files/Cat1_10mph_lr_opposite_4/lidar_pcd/ns1/velodyne_points/1624824421.390611000.pcd
Cat1,10mph,lr,opposite,4,1624824421.491522000,ns1,/media/batool/MULTIMODAL_DATA/Multimodal_Data/Cat1/opposite/bag_files/Cat1_10mph_lr_opposite_4/lidar_pcd/ns1/velodyne_points/1624824421.491522000.pcd
Cat1,10mph,lr,opposite,4,1624824421.592379000,ns1,/media/batool/MULTIMODAL_DATA/Multimodal_Data/Cat1/opposite/bag_files/Cat1_10mph_lr_opposite_4/lidar_pcd/ns1/velodyne_points/1624824421.592379000.pcd
Cat1,10mph,lr,opposite,4,1624824421.693218000,ns1,/media/batool/MULTIMODAL_DATA/Multimodal_Data/Cat1/opposite/bag_files/Cat1_10mph_lr_opposite_4/lidar_pcd/ns1/velodyne_points/1624824421.693218000.pcd
Cat1,10mph,lr,opposite,4,1624824421.794113000,ns1,/media/batool/MULTIMODAL_DATA/Multimodal_Data/Cat1/opposite/bag_files/Cat1_10mph_lr_opposite_4/lidar_pcd/ns1/velodyne_points/1624824421.794113000.pcd
Cat1,10mph,lr,opposite,4,1624824421.894969000,ns1,/media/batool/MULTIMODAL_DATA/Multimodal_Data/Cat1/opposite/bag_files/Cat1_10mph_lr_opposite_4/lidar_pcd/ns1/velodyne_points/1624824421.894969000.pcd
Cat1,10mph,lr,opposite,4,1624824421.995821000,ns1,/media/batool/MULTIMODAL_DATA/Multimodal_Data/Cat1/opposite/bag_files/Cat1_10mph_lr_opposite_4/lidar_pcd/ns1/velodyne_points/1624824421.995821000.pcd
Cat1,10mph,lr,opposite,4,1624824422.197525000,ns1,/media/batool/MULTIMODAL_DATA/Multimodal_Data/Cat1/opposite/bag_files/Cat1_10mph_lr_opposite_4/lidar_pcd/ns1/velodyne_points/1624824422.197525000.pcd
Cat1,10mph,lr,opposite,4,1624824422.298367000,ns1,/media/batool/MULTIMODAL_DATA/Multimodal_Data/Cat1/opposite/bag_files/Cat1_10mph_lr_opposite_4/lidar_pcd/ns1/velodyne_points/1624824422.298367000.pcd
Cat1,10mph,lr,opposite,4,1624824422.399227000,ns1,/media/batool/MULTIMODAL_DATA/Multimodal_Data/Cat1/opposite/bag_files/Cat1_10mph_lr_opposite_4/lidar_pcd/ns1/velodyne_points/1624824422.399227000.pcd
Cat1,10mph,lr,opposite,4,1624824422.500073000,ns1,/media/batool/MULTIMODAL_DATA/Multimodal_Data/Cat1/opposite/bag_files/Cat1_10mph_lr_opposite_4/lidar_pcd/ns1/velodyne_points/1624824422.500073000.pcd
Cat1,10mph,lr,opposite,4,1624824422.600949000,ns1,/media/batool/MULTIMODAL_DATA/Multimodal_Data/Cat1/opposite/bag_files/Cat1_10mph_lr_opposite_4/lidar_pcd/ns1/velodyne_points/1624824422.600949000.pcd
Cat1,10mph,lr,opposite,4,1624824422.701796000,ns1,/media/batool/MULTIMODAL_DATA/Multimodal_Data/Cat1/opposite/bag_files/Cat1_10mph_lr_opposite_4/lidar_pcd/ns1/velodyne_points/1624824422.701796000.pcd
Cat1,10mph,lr,opposite,4,1624824422.802669000,ns1,/media/batool/MULTIMODAL_DATA/Multimodal_Data/Cat1/opposite/bag_files/Cat1_10mph_lr_opposite_4/lidar_pcd/ns1/velodyne_points/1624824422.802669000.pcd
Cat1,10mph,lr,opposite,4,1624824422.903525000,ns1,/media/batool/MULTIMODAL_DATA/Multimodal_Data/Cat1/opposite/bag_files/Cat1_10mph_lr_opposite_4/lidar_pcd/ns1/velodyne_points/1624824422.903525000.pcd
Cat1,10mph,lr,opposite,4,1624824423.004377000,ns1,/media/batool/MULTIMODAL_DATA/Multimodal_Data/Cat1/opposite/bag_files/Cat1_10mph_lr_opposite_4/lidar_pcd/ns1/velodyne_points/1624824423.004377000.pcd
Cat1,10mph,lr,opposite,4,1624824423.105273000,ns1,/media/batool/MULTIMODAL_DATA/Multimodal_Data/Cat1/opposite/bag_files/Cat1_10mph_lr_opposite_4/lidar_pcd/ns1/velodyne_points/1624824423.105273000.pcd
Cat1,10mph,lr,opposite,4,1624824423.206057000,ns1,/media/batool/MULTIMODAL_DATA/Multimodal_Data/Cat1/opposite/bag_files/Cat1_10mph_lr_opposite_4/lidar_pcd/ns1/velodyne_points/1624824423.206057000.pcd
Cat1,10mph,lr,opposite,4,1624824423.306932000,ns1,/media/batool/MULTIMODAL_DATA/Multimodal_Data/Cat1/opposite/bag_files/Cat1_10mph_lr_opposite_4/lidar_pcd/ns1/velodyne_points/1624824423.306932000.pcd
Cat1,10mph,lr,opposite,4,1624824423.407775000,ns1,/media/batool/MULTIMODAL_DATA/Multimodal_Data/Cat1/opposite/bag_files/Cat1_10mph_lr_opposite_4/lidar_pcd/ns1/velodyne_points/1624824423.407775000.pcd
Cat1,10mph,lr,opposite,4,1624824423.508688000,ns1,/media/batool/MULTIMODAL_DATA/Multimodal_Data/Cat1/opposite/bag_files/Cat1_10mph_lr_opposite_4/lidar_pcd/ns1/velodyne_points/1624824423.508688000.pcd
Cat1,10mph,lr,opposite,4,1624824423.710364000,ns1,/media/batool/MULTIMODAL_DATA/Multimodal_Data/Cat1/opposite/bag_files/Cat1_10mph_lr_opposite_4/lidar_pcd/ns1/velodyne_points/1624824423.710364000.pcd
Cat1,10mph,lr,opposite,4,1624824423.811224000,ns1,/media/batool/MULTIMODAL_DATA/Multimodal_Data/Cat1/opposite/bag_files/Cat1_10mph_lr_opposite_4/lidar_pcd/ns1/velodyne_points/1624824423.811224000.pcd
Cat1,10mph,lr,opposite,4,1624824423.912073000,ns1,/media/batool/MULTIMODAL_DATA/Multimodal_Data/Cat1/opposite/bag_files/Cat1_10mph_lr_opposite_4/lidar_pcd/ns1/velodyne_points/1624824423.912073000.pcd
Cat1,10mph,lr,opposite,4,1624824424.012893000,ns1,/media/batool/MULTIMODAL_DATA/Multimodal_Data/Cat1/opposite/bag_files/Cat1_10mph_lr_opposite_4/lidar_pcd/ns1/velodyne_points/1624824424.012893000.pcd
Cat1,10mph,lr,opposite,4,1624824424.113746000,ns1,/media/batool/MULTIMODAL_DATA/Multimodal_Data/Cat1/opposite/bag_files/Cat1_10mph_lr_opposite_4/lidar_pcd/ns1/velodyne_points/1624824424.113746000.pcd
Cat1,10mph,lr,opposite,4,1624824424.214603000,ns1,/media/batool/MULTIMODAL_DATA/Multimodal_Data/Cat1/opposite/bag_files/Cat1_10mph_lr_opposite_4/lidar_pcd/ns1/velodyne_points/1624824424.214603000.pcd
Cat1,10mph,lr,opposite,4,1624824424.315506000,ns1,/media/batool/MULTIMODAL_DATA/Multimodal_Data/Cat1/opposite/bag_files/Cat1_10mph_lr_opposite_4/lidar_pcd/ns1/velodyne_points/1624824424.315506000.pcd
Cat1,10mph,lr,opposite,4,1624824424.416372000,ns1,/media/batool/MULTIMODAL_DATA/Multimodal_Data/Cat1/opposite/bag_files/Cat1_10mph_lr_opposite_4/lidar_pcd/ns1/velodyne_points/1624824424.416372000.pcd
Cat1,10mph,lr,opposite,4,1624824424.517214000,ns1,/media/batool/MULTIMODAL_DATA/Multimodal_Data/Cat1/opposite/bag_files/Cat1_10mph_lr_opposite_4/lidar_pcd/ns1/velodyne_points/1624824424.517214000.pcd
Cat1,10mph,lr,opposite,4,1624824424.618046000,ns1,/media/batool/MULTIMODAL_DATA/Multimodal_Data/Cat1/opposite/bag_files/Cat1_10mph_lr_opposite_4/lidar_pcd/ns1/velodyne_points/1624824424.618046000.pcd
Cat1,10mph,lr,opposite,4,1624824424.718960000,ns1,/media/batool/MULTIMODAL_DATA/Multimodal_Data/Cat1/opposite/bag_files/Cat1_10mph_lr_opposite_4/lidar_pcd/ns1/velodyne_points/1624824424.718960000.pcd
Cat1,10mph,lr,opposite,4,1624824424.819811000,ns1,/media/batool/MULTIMODAL_DATA/Multimodal_Data/Cat1/opposite/bag_files/Cat1_10mph_lr_opposite_4/lidar_pcd/ns1/velodyne_points/1624824424.819811000.pcd
Cat1,10mph,lr,opposite,4,1624824424.920664000,ns1,/media/batool/MULTIMODAL_DATA/Multimodal_Data/Cat1/opposite/bag_files/Cat1_10mph_lr_opposite_4/lidar_pcd/ns1/velodyne_points/1624824424.920664000.pcd
Cat1,10mph,lr,opposite,4,1624824425.021515000,ns1,/media/batool/MULTIMODAL_DATA/Multimodal_Data/Cat1/opposite/bag_files/Cat1_10mph_lr_opposite_4/lidar_pcd/ns1/velodyne_points/1624824425.021515000.pcd
Cat1,10mph,lr,opposite,4,1624824425.223183000,ns1,/media/batool/MULTIMODAL_DATA/Multimodal_Data/Cat1/opposite/bag_files/Cat1_10mph_lr_opposite_4/lidar_pcd/ns1/velodyne_points/1624824425.223183000.pcd
Cat1,10mph,lr,opposite,4,1624824425.324071000,ns1,/media/batool/MULTIMODAL_DATA/Multimodal_Data/Cat1/opposite/bag_files/Cat1_10mph_lr_opposite_4/lidar_pcd/ns1/velodyne_points/1624824425.324071000.pcd
Cat1,10mph,lr,opposite,4,1624824425.424946000,ns1,/media/batool/MULTIMODAL_DATA/Multimodal_Data/Cat1/opposite/bag_files/Cat1_10mph_lr_opposite_4/lidar_pcd/ns1/velodyne_points/1624824425.424946000.pcd
Cat1,10mph,lr,opposite,4,1624824425.525793000,ns1,/media/batool/MULTIMODAL_DATA/Multimodal_Data/Cat1/opposite/bag_files/Cat1_10mph_lr_opposite_4/lidar_pcd/ns1/velodyne_points/1624824425.525793000.pcd
Cat1,10mph,lr,opposite,4,1624824425.626655000,ns1,/media/batool/MULTIMODAL_DATA/Multimodal_Data/Cat1/opposite/bag_files/Cat1_10mph_lr_opposite_4/lidar_pcd/ns1/velodyne_points/1624824425.626655000.pcd
Cat1,10mph,lr,opposite,4,1624824425.727455000,ns1,/media/batool/MULTIMODAL_DATA/Multimodal_Data/Cat1/opposite/bag_files/Cat1_10mph_lr_opposite_4/lidar_pcd/ns1/velodyne_points/1624824425.727455000.pcd
Cat1,10mph,lr,opposite,4,1624824425.828310000,ns1,/media/batool/MULTIMODAL_DATA/Multimodal_Data/Cat1/opposite/bag_files/Cat1_10mph_lr_opposite_4/lidar_pcd/ns1/velodyne_points/1624824425.828310000.pcd
Cat1,10mph,lr,opposite,4,1624824425.929211000,ns1,/media/batool/MULTIMODAL_DATA/Multimodal_Data/Cat1/opposite/bag_files/Cat1_10mph_lr_opposite_4/lidar_pcd/ns1/velodyne_points/1624824425.929211000.pcd
Cat1,10mph,lr,opposite,4,1624824426.030034000,ns1,/media/batool/MULTIMODAL_DATA/Multimodal_Data/Cat1/opposite/bag_files/Cat1_10mph_lr_opposite_4/lidar_pcd/ns1/velodyne_points/1624824426.030034000.pcd
Cat1,10mph,lr,opposite,4,1624824426.130939000,ns1,/media/batool/MULTIMODAL_DATA/Multimodal_Data/Cat1/opposite/bag_files/Cat1_10mph_lr_opposite_4/lidar_pcd/ns1/velodyne_points/1624824426.130939000.pcd
Cat1,10mph,lr,opposite,4,1624824426.231800000,ns1,/media/batool/MULTIMODAL_DATA/Multimodal_Data/Cat1/opposite/bag_files/Cat1_10mph_lr_opposite_4/lidar_pcd/ns1/velodyne_points/1624824426.231800000.pcd
Cat1,10mph,lr,opposite,4,1624824426.332640000,ns1,/media/batool/MULTIMODAL_DATA/Multimodal_Data/Cat1/opposite/bag_files/Cat1_10mph_lr_opposite_4/lidar_pcd/ns1/velodyne_points/1624824426.332640000.pcd
Cat1,10mph,lr,opposite,4,1624824426.433475000,ns1,/media/batool/MULTIMODAL_DATA/Multimodal_Data/Cat1/opposite/bag_files/Cat1_10mph_lr_opposite_4/lidar_pcd/ns1/velodyne_points/1624824426.433475000.pcd
Cat1,10mph,lr,opposite,4,1624824426.534344000,ns1,/media/batool/MULTIMODAL_DATA/Multimodal_Data/Cat1/opposite/bag_files/Cat1_10mph_lr_opposite_4/lidar_pcd/ns1/velodyne_points/1624824426.534344000.pcd
Cat1,10mph,lr,opposite,4,1624824426.736074000,ns1,/media/batool/MULTIMODAL_DATA/Multimodal_Data/Cat1/opposite/bag_files/Cat1_10mph_lr_opposite_4/lidar_pcd/ns1/velodyne_points/1624824426.736074000.pcd
Cat1,10mph,lr,opposite,4,1624824426.836932000,ns1,/media/batool/MULTIMODAL_DATA/Multimodal_Data/Cat1/opposite/bag_files/Cat1_10mph_lr_opposite_4/lidar_pcd/ns1/velodyne_points/1624824426.836932000.pcd
Cat1,10mph,lr,opposite,4,1624824426.937754000,ns1,/media/batool/MULTIMODAL_DATA/Multimodal_Data/Cat1/opposite/bag_files/Cat1_10mph_lr_opposite_4/lidar_pcd/ns1/velodyne_points/1624824426.937754000.pcd
Cat1,10mph,lr,opposite,4,1624824427.038632000,ns1,/media/batool/MULTIMODAL_DATA/Multimodal_Data/Cat1/opposite/bag_files/Cat1_10mph_lr_opposite_4/lidar_pcd/ns1/velodyne_points/1624824427.038632000.pcd
Cat1,10mph,lr,opposite,4,1624824427.139533000,ns1,/media/batool/MULTIMODAL_DATA/Multimodal_Data/Cat1/opposite/bag_files/Cat1_10mph_lr_opposite_4/lidar_pcd/ns1/velodyne_points/1624824427.139533000.pcd
Cat1,10mph,lr,opposite,4,1624824427.240348000,ns1,/media/batool/MULTIMODAL_DATA/Multimodal_Data/Cat1/opposite/bag_files/Cat1_10mph_lr_opposite_4/lidar_pcd/ns1/velodyne_points/1624824427.240348000.pcd
Cat1,10mph,lr,opposite,4,1624824427.341176000,ns1,/media/batool/MULTIMODAL_DATA/Multimodal_Data/Cat1/opposite/bag_files/Cat1_10mph_lr_opposite_4/lidar_pcd/ns1/velodyne_points/1624824427.341176000.pcd
Cat1,10mph,lr,opposite,4,1624824427.442072000,ns1,/media/batool/MULTIMODAL_DATA/Multimodal_Data/Cat1/opposite/bag_files/Cat1_10mph_lr_opposite_4/lidar_pcd/ns1/velodyne_points/1624824427.442072000.pcd
Cat1,10mph,lr,opposite,4,1624824427.542897000,ns1,/media/batool/MULTIMODAL_DATA/Multimodal_Data/Cat1/opposite/bag_files/Cat1_10mph_lr_opposite_4/lidar_pcd/ns1/velodyne_points/1624824427.542897000.pcd
Cat1,10mph,lr,opposite,4,1624824427.643760000,ns1,/media/batool/MULTIMODAL_DATA/Multimodal_Data/Cat1/opposite/bag_files/Cat1_10mph_lr_opposite_4/lidar_pcd/ns1/velodyne_points/1624824427.643760000.pcd
Cat1,10mph,lr,opposite,4,1624824427.744619000,ns1,/media/batool/MULTIMODAL_DATA/Multimodal_Data/Cat1/opposite/bag_files/Cat1_10mph_lr_opposite_4/lidar_pcd/ns1/velodyne_points/1624824427.744619000.pcd
Cat1,10mph,lr,opposite,4,1624824427.845499000,ns1,/media/batool/MULTIMODAL_DATA/Multimodal_Data/Cat1/opposite/bag_files/Cat1_10mph_lr_opposite_4/lidar_pcd/ns1/velodyne_points/1624824427.845499000.pcd
Cat1,10mph,lr,opposite,4,1624824427.946367000,ns1,/media/batool/MULTIMODAL_DATA/Multimodal_Data/Cat1/opposite/bag_files/Cat1_10mph_lr_opposite_4/lidar_pcd/ns1/velodyne_points/1624824427.946367000.pcd
Cat1,10mph,lr,opposite,4,1624824428.047222000,ns1,/media/batool/MULTIMODAL_DATA/Multimodal_Data/Cat1/opposite/bag_files/Cat1_10mph_lr_opposite_4/lidar_pcd/ns1/velodyne_points/1624824428.047222000.pcd
Cat1,10mph,lr,opposite,4,1624824428.248931000,ns1,/media/batool/MULTIMODAL_DATA/Multimodal_Data/Cat1/opposite/bag_files/Cat1_10mph_lr_opposite_4/lidar_pcd/ns1/velodyne_points/1624824428.248931000.pcd
Cat1,10mph,lr,opposite,4,1624824428.349842000,ns1,/media/batool/MULTIMODAL_DATA/Multimodal_Data/Cat1/opposite/bag_files/Cat1_10mph_lr_opposite_4/lidar_pcd/ns1/velodyne_points/1624824428.349842000.pcd
Cat1,10mph,lr,opposite,4,1624824428.450643000,ns1,/media/batool/MULTIMODAL_DATA/Multimodal_Data/Cat1/opposite/bag_files/Cat1_10mph_lr_opposite_4/lidar_pcd/ns1/velodyne_points/1624824428.450643000.pcd
Cat1,10mph,lr,opposite,4,1624824428.551495000,ns1,/media/batool/MULTIMODAL_DATA/Multimodal_Data/Cat1/opposite/bag_files/Cat1_10mph_lr_opposite_4/lidar_pcd/ns1/velodyne_points/1624824428.551495000.pcd
Cat1,10mph,lr,opposite,4,1624824428.652343000,ns1,/media/batool/MULTIMODAL_DATA/Multimodal_Data/Cat1/opposite/bag_files/Cat1_10mph_lr_opposite_4/lidar_pcd/ns1/velodyne_points/1624824428.652343000.pcd
Cat1,10mph,lr,opposite,4,1624824428.753229000,ns1,/media/batool/MULTIMODAL_DATA/Multimodal_Data/Cat1/opposite/bag_files/Cat1_10mph_lr_opposite_4/lidar_pcd/ns1/velodyne_points/1624824428.753229000.pcd
Cat1,10mph,lr,opposite,4,1624824428.854032000,ns1,/media/batool/MULTIMODAL_DATA/Multimodal_Data/Cat1/opposite/bag_files/Cat1_10mph_lr_opposite_4/lidar_pcd/ns1/velodyne_points/1624824428.854032000.pcd
Cat1,10mph,lr,opposite,4,1624824428.954898000,ns1,/media/batool/MULTIMODAL_DATA/Multimodal_Data/Cat1/opposite/bag_files/Cat1_10mph_lr_opposite_4/lidar_pcd/ns1/velodyne_points/1624824428.954898000.pcd
Cat1,10mph,lr,opposite,4,1624824429.055747000,ns1,/media/batool/MULTIMODAL_DATA/Multimodal_Data/Cat1/opposite/bag_files/Cat1_10mph_lr_opposite_4/lidar_pcd/ns1/velodyne_points/1624824429.055747000.pcd
Cat1,10mph,lr,opposite,4,1624824429.156603000,ns1,/media/batool/MULTIMODAL_DATA/Multimodal_Data/Cat1/opposite/bag_files/Cat1_10mph_lr_opposite_4/lidar_pcd/ns1/velodyne_points/1624824429.156603000.pcd
Cat1,10mph,lr,opposite,4,1624824429.257473000,ns1,/media/batool/MULTIMODAL_DATA/Multimodal_Data/Cat1/opposite/bag_files/Cat1_10mph_lr_opposite_4/lidar_pcd/ns1/velodyne_points/1624824429.257473000.pcd
Cat1,10mph,lr,opposite,4,1624824429.358312000,ns1,/media/batool/MULTIMODAL_DATA/Multimodal_Data/Cat1/opposite/bag_files/Cat1_10mph_lr_opposite_4/lidar_pcd/ns1/velodyne_points/1624824429.358312000.pcd
Cat1,10mph,lr,opposite,4,1624824429.459198000,ns1,/media/batool/MULTIMODAL_DATA/Multimodal_Data/Cat1/opposite/bag_files/Cat1_10mph_lr_opposite_4/lidar_pcd/ns1/velodyne_points/1624824429.459198000.pcd
Cat1,10mph,lr,opposite,4,1624824429.560090000,ns1,/media/batool/MULTIMODAL_DATA/Multimodal_Data/Cat1/opposite/bag_files/Cat1_10mph_lr_opposite_4/lidar_pcd/ns1/velodyne_points/1624824429.560090000.pcd
Cat1,10mph,lr,opposite,4,1624824429.761781000,ns1,/media/batool/MULTIMODAL_DATA/Multimodal_Data/Cat1/opposite/bag_files/Cat1_10mph_lr_opposite_4/lidar_pcd/ns1/velodyne_points/1624824429.761781000.pcd
Cat1,10mph,lr,opposite,4,1624824429.862607000,ns1,/media/batool/MULTIMODAL_DATA/Multimodal_Data/Cat1/opposite/bag_files/Cat1_10mph_lr_opposite_4/lidar_pcd/ns1/velodyne_points/1624824429.862607000.pcd
Cat1,10mph,lr,opposite,4,1624824429.963459000,ns1,/media/batool/MULTIMODAL_DATA/Multimodal_Data/Cat1/opposite/bag_files/Cat1_10mph_lr_opposite_4/lidar_pcd/ns1/velodyne_points/1624824429.963459000.pcd
Cat1,10mph,lr,opposite,4,1624824430.064352000,ns1,/media/batool/MULTIMODAL_DATA/Multimodal_Data/Cat1/opposite/bag_files/Cat1_10mph_lr_opposite_4/lidar_pcd/ns1/velodyne_points/1624824430.064352000.pcd
Cat1,10mph,lr,opposite,4,1624824430.165230000,ns1,/media/batool/MULTIMODAL_DATA/Multimodal_Data/Cat1/opposite/bag_files/Cat1_10mph_lr_opposite_4/lidar_pcd/ns1/velodyne_points/1624824430.165230000.pcd
Cat1,10mph,lr,opposite,4,1624824430.266028000,ns1,/media/batool/MULTIMODAL_DATA/Multimodal_Data/Cat1/opposite/bag_files/Cat1_10mph_lr_opposite_4/lidar_pcd/ns1/velodyne_points/1624824430.266028000.pcd
Cat1,10mph,lr,opposite,4,1624824430.366899000,ns1,/media/batool/MULTIMODAL_DATA/Multimodal_Data/Cat1/opposite/bag_files/Cat1_10mph_lr_opposite_4/lidar_pcd/ns1/velodyne_points/1624824430.366899000.pcd
Cat1,10mph,lr,opposite,4,1624824430.467769000,ns1,/media/batool/MULTIMODAL_DATA/Multimodal_Data/Cat1/opposite/bag_files/Cat1_10mph_lr_opposite_4/lidar_pcd/ns1/velodyne_points/1624824430.467769000.pcd
Cat1,10mph,lr,opposite,4,1624824430.568637000,ns1,/media/batool/MULTIMODAL_DATA/Multimodal_Data/Cat1/opposite/bag_files/Cat1_10mph_lr_opposite_4/lidar_pcd/ns1/velodyne_points/1624824430.568637000.pcd
Cat1,10mph,lr,opposite,4,1624824430.669465000,ns1,/media/batool/MULTIMODAL_DATA/Multimodal_Data/Cat1/opposite/bag_files/Cat1_10mph_lr_opposite_4/lidar_pcd/ns1/velodyne_points/1624824430.669465000.pcd
Cat1,10mph,lr,opposite,4,1624824430.770336000,ns1,/media/batool/MULTIMODAL_DATA/Multimodal_Data/Cat1/opposite/bag_files/Cat1_10mph_lr_opposite_4/lidar_pcd/ns1/velodyne_points/1624824430.770336000.pcd
Cat1,10mph,lr,opposite,4,1624824430.871221000,ns1,/media/batool/MULTIMODAL_DATA/Multimodal_Data/Cat1/opposite/bag_files/Cat1_10mph_lr_opposite_4/lidar_pcd/ns1/velodyne_points/1624824430.871221000.pcd
Cat1,10mph,lr,opposite,4,1624824430.972047000,ns1,/media/batool/MULTIMODAL_DATA/Multimodal_Data/Cat1/opposite/bag_files/Cat1_10mph_lr_opposite_4/lidar_pcd/ns1/velodyne_points/1624824430.972047000.pcd
Cat1,10mph,lr,opposite,4,1624824431.072914000,ns1,/media/batool/MULTIMODAL_DATA/Multimodal_Data/Cat1/opposite/bag_files/Cat1_10mph_lr_opposite_4/lidar_pcd/ns1/velodyne_points/1624824431.072914000.pcd
Cat1,10mph,lr,opposite,4,1624824431.274603000,ns1,/media/batool/MULTIMODAL_DATA/Multimodal_Data/Cat1/opposite/bag_files/Cat1_10mph_lr_opposite_4/lidar_pcd/ns1/velodyne_points/1624824431.274603000.pcd
Cat1,10mph,lr,opposite,4,1624824431.375490000,ns1,/media/batool/MULTIMODAL_DATA/Multimodal_Data/Cat1/opposite/bag_files/Cat1_10mph_lr_opposite_4/lidar_pcd/ns1/velodyne_points/1624824431.375490000.pcd
Cat1,10mph,lr,opposite,4,1624824431.476294000,ns1,/media/batool/MULTIMODAL_DATA/Multimodal_Data/Cat1/opposite/bag_files/Cat1_10mph_lr_opposite_4/lidar_pcd/ns1/velodyne_points/1624824431.476294000.pcd
Cat1,10mph,lr,opposite,4,1624824431.577171000,ns1,/media/batool/MULTIMODAL_DATA/Multimodal_Data/Cat1/opposite/bag_files/Cat1_10mph_lr_opposite_4/lidar_pcd/ns1/velodyne_points/1624824431.577171000.pcd
Cat1,10mph,lr,opposite,4,1624824431.678066000,ns1,/media/batool/MULTIMODAL_DATA/Multimodal_Data/Cat1/opposite/bag_files/Cat1_10mph_lr_opposite_4/lidar_pcd/ns1/velodyne_points/1624824431.678066000.pcd
Cat1,10mph,lr,opposite,4,1624824431.778930000,ns1,/media/batool/MULTIMODAL_DATA/Multimodal_Data/Cat1/opposite/bag_files/Cat1_10mph_lr_opposite_4/lidar_pcd/ns1/velodyne_points/1624824431.778930000.pcd
Cat1,10mph,lr,opposite,4,1624824431.879753000,ns1,/media/batool/MULTIMODAL_DATA/Multimodal_Data/Cat1/opposite/bag_files/Cat1_10mph_lr_opposite_4/lidar_pcd/ns1/velodyne_points/1624824431.879753000.pcd
Cat1,10mph,lr,opposite,4,1624824431.980637000,ns1,/media/batool/MULTIMODAL_DATA/Multimodal_Data/Cat1/opposite/bag_files/Cat1_10mph_lr_opposite_4/lidar_pcd/ns1/velodyne_points/1624824431.980637000.pcd
Cat1,10mph,lr,opposite,4,1624824432.081449000,ns1,/media/batool/MULTIMODAL_DATA/Multimodal_Data/Cat1/opposite/bag_files/Cat1_10mph_lr_opposite_4/lidar_pcd/ns1/velodyne_points/1624824432.081449000.pcd
Cat1,10mph,lr,opposite,4,1624824432.182339000,ns1,/media/batool/MULTIMODAL_DATA/Multimodal_Data/Cat1/opposite/bag_files/Cat1_10mph_lr_opposite_4/lidar_pcd/ns1/velodyne_points/1624824432.182339000.pcd
Cat1,10mph,lr,opposite,4,1624824432.283161000,ns1,/media/batool/MULTIMODAL_DATA/Multimodal_Data/Cat1/opposite/bag_files/Cat1_10mph_lr_opposite_4/lidar_pcd/ns1/velodyne_points/1624824432.283161000.pcd
Cat1,10mph,lr,opposite,4,1624824432.384027000,ns1,/media/batool/MULTIMODAL_DATA/Multimodal_Data/Cat1/opposite/bag_files/Cat1_10mph_lr_opposite_4/lidar_pcd/ns1/velodyne_points/1624824432.384027000.pcd
Cat1,10mph,lr,opposite,4,1624824432.484898000,ns1,/media/batool/MULTIMODAL_DATA/Multimodal_Data/Cat1/opposite/bag_files/Cat1_10mph_lr_opposite_4/lidar_pcd/ns1/velodyne_points/1624824432.484898000.pcd
Cat1,10mph,lr,opposite,4,1624824432.585775000,ns1,/media/batool/MULTIMODAL_DATA/Multimodal_Data/Cat1/opposite/bag_files/Cat1_10mph_lr_opposite_4/lidar_pcd/ns1/velodyne_points/1624824432.585775000.pcd
Cat1,10mph,lr,opposite,4,1624824432.787461000,ns1,/media/batool/MULTIMODAL_DATA/Multimodal_Data/Cat1/opposite/bag_files/Cat1_10mph_lr_opposite_4/lidar_pcd/ns1/velodyne_points/1624824432.787461000.pcd
Cat1,10mph,lr,opposite,4,1624824432.888325000,ns1,/media/batool/MULTIMODAL_DATA/Multimodal_Data/Cat1/opposite/bag_files/Cat1_10mph_lr_opposite_4/lidar_pcd/ns1/velodyne_points/1624824432.888325000.pcd
Cat1,10mph,lr,opposite,4,1624824432.989200000,ns1,/media/batool/MULTIMODAL_DATA/Multimodal_Data/Cat1/opposite/bag_files/Cat1_10mph_lr_opposite_4/lidar_pcd/ns1/velodyne_points/1624824432.989200000.pcd
Cat1,10mph,lr,opposite,4,1624824433.090037000,ns1,/media/batool/MULTIMODAL_DATA/Multimodal_Data/Cat1/opposite/bag_files/Cat1_10mph_lr_opposite_4/lidar_pcd/ns1/velodyne_points/1624824433.090037000.pcd
Cat1,10mph,lr,opposite,4,1624824433.190876000,ns1,/media/batool/MULTIMODAL_DATA/Multimodal_Data/Cat1/opposite/bag_files/Cat1_10mph_lr_opposite_4/lidar_pcd/ns1/velodyne_points/1624824433.190876000.pcd
Cat1,10mph,lr,opposite,4,1624824433.291748000,ns1,/media/batool/MULTIMODAL_DATA/Multimodal_Data/Cat1/opposite/bag_files/Cat1_10mph_lr_opposite_4/lidar_pcd/ns1/velodyne_points/1624824433.291748000.pcd
Cat1,10mph,lr,opposite,4,1624824433.392630000,ns1,/media/batool/MULTIMODAL_DATA/Multimodal_Data/Cat1/opposite/bag_files/Cat1_10mph_lr_opposite_4/lidar_pcd/ns1/velodyne_points/1624824433.392630000.pcd
Cat1,10mph,lr,opposite,4,1624824433.493488000,ns1,/media/batool/MULTIMODAL_DATA/Multimodal_Data/Cat1/opposite/bag_files/Cat1_10mph_lr_opposite_4/lidar_pcd/ns1/velodyne_points/1624824433.493488000.pcd
Cat1,10mph,lr,opposite,4,1624824433.594396000,ns1,/media/batool/MULTIMODAL_DATA/Multimodal_Data/Cat1/opposite/bag_files/Cat1_10mph_lr_opposite_4/lidar_pcd/ns1/velodyne_points/1624824433.594396000.pcd
Cat1,10mph,lr,opposite,4,1624824433.695173000,ns1,/media/batool/MULTIMODAL_DATA/Multimodal_Data/Cat1/opposite/bag_files/Cat1_10mph_lr_opposite_4/lidar_pcd/ns1/velodyne_points/1624824433.695173000.pcd
Cat1,10mph,lr,opposite,4,1624824433.796058000,ns1,/media/batool/MULTIMODAL_DATA/Multimodal_Data/Cat1/opposite/bag_files/Cat1_10mph_lr_opposite_4/lidar_pcd/ns1/velodyne_points/1624824433.796058000.pcd
Cat1,10mph,lr,opposite,4,1624824433.896886000,ns1,/media/batool/MULTIMODAL_DATA/Multimodal_Data/Cat1/opposite/bag_files/Cat1_10mph_lr_opposite_4/lidar_pcd/ns1/velodyne_points/1624824433.896886000.pcd
Cat1,10mph,lr,opposite,4,1624824433.997844000,ns1,/media/batool/MULTIMODAL_DATA/Multimodal_Data/Cat1/opposite/bag_files/Cat1_10mph_lr_opposite_4/lidar_pcd/ns1/velodyne_points/1624824433.997844000.pcd
Cat1,10mph,lr,opposite,4,1624824434.098571000,ns1,/media/batool/MULTIMODAL_DATA/Multimodal_Data/Cat1/opposite/bag_files/Cat1_10mph_lr_opposite_4/lidar_pcd/ns1/velodyne_points/1624824434.098571000.pcd
Cat1,10mph,lr,opposite,4,1624824434.199512000,ns1,/media/batool/MULTIMODAL_DATA/Multimodal_Data/Cat1/opposite/bag_files/Cat1_10mph_lr_opposite_4/lidar_pcd/ns1/velodyne_points/1624824434.199512000.pcd
Cat1,10mph,lr,opposite,4,1624824434.300326000,ns1,/media/batool/MULTIMODAL_DATA/Multimodal_Data/Cat1/opposite/bag_files/Cat1_10mph_lr_opposite_4/lidar_pcd/ns1/velodyne_points/1624824434.300326000.pcd
Cat1,10mph,lr,opposite,4,1624824434.401200000,ns1,/media/batool/MULTIMODAL_DATA/Multimodal_Data/Cat1/opposite/bag_files/Cat1_10mph_lr_opposite_4/lidar_pcd/ns1/velodyne_points/1624824434.401200000.pcd
Cat1,10mph,lr,opposite,4,1624824434.502044000,ns1,/media/batool/MULTIMODAL_DATA/Multimodal_Data/Cat1/opposite/bag_files/Cat1_10mph_lr_opposite_4/lidar_pcd/ns1/velodyne_points/1624824434.502044000.pcd
Cat1,10mph,lr,opposite,4,1624824434.602871000,ns1,/media/batool/MULTIMODAL_DATA/Multimodal_Data/Cat1/opposite/bag_files/Cat1_10mph_lr_opposite_4/lidar_pcd/ns1/velodyne_points/1624824434.602871000.pcd
Cat1,10mph,lr,opposite,4,1624824434.703737000,ns1,/media/batool/MULTIMODAL_DATA/Multimodal_Data/Cat1/opposite/bag_files/Cat1_10mph_lr_opposite_4/lidar_pcd/ns1/velodyne_points/1624824434.703737000.pcd
Cat1,10mph,lr,opposite,4,1624824434.804607000,ns1,/media/batool/MULTIMODAL_DATA/Multimodal_Data/Cat1/opposite/bag_files/Cat1_10mph_lr_opposite_4/lidar_pcd/ns1/velodyne_points/1624824434.804607000.pcd
Cat1,10mph,lr,opposite,4,1624824434.905470000,ns1,/media/batool/MULTIMODAL_DATA/Multimodal_Data/Cat1/opposite/bag_files/Cat1_10mph_lr_opposite_4/lidar_pcd/ns1/velodyne_points/1624824434.905470000.pcd
Cat1,10mph,lr,opposite,4,1624824435.006341000,ns1,/media/batool/MULTIMODAL_DATA/Multimodal_Data/Cat1/opposite/bag_files/Cat1_10mph_lr_opposite_4/lidar_pcd/ns1/velodyne_points/1624824435.006341000.pcd
Cat1,10mph,lr,opposite,4,1624824435.107170000,ns1,/media/batool/MULTIMODAL_DATA/Multimodal_Data/Cat1/opposite/bag_files/Cat1_10mph_lr_opposite_4/lidar_pcd/ns1/velodyne_points/1624824435.107170000.pcd
Cat1,10mph,lr,opposite,4,1624824435.208004000,ns1,/media/batool/MULTIMODAL_DATA/Multimodal_Data/Cat1/opposite/bag_files/Cat1_10mph_lr_opposite_4/lidar_pcd/ns1/velodyne_points/1624824435.208004000.pcd
Cat1,10mph,lr,opposite,4,1624824435.308870000,ns1,/media/batool/MULTIMODAL_DATA/Multimodal_Data/Cat1/opposite/bag_files/Cat1_10mph_lr_opposite_4/lidar_pcd/ns1/velodyne_points/1624824435.308870000.pcd
