Category,speed,direction,lane,episode,Time header,lidar number,path to the file
Cat1,10mph,lr,opposite,8,1624825171.566013000,ns1,/media/batool/MULTIMODAL_DATA/Multimodal_Data/Cat1/opposite/bag_files/Cat1_10mph_lr_opposite_8/lidar_pcd/ns1/velodyne_points/1624825171.566013000.pcd
Cat1,10mph,lr,opposite,8,1624825171.666882000,ns1,/media/batool/MULTIMODAL_DATA/Multimodal_Data/Cat1/opposite/bag_files/Cat1_10mph_lr_opposite_8/lidar_pcd/ns1/velodyne_points/1624825171.666882000.pcd
Cat1,10mph,lr,opposite,8,1624825171.767719000,ns1,/media/batool/MULTIMODAL_DATA/Multimodal_Data/Cat1/opposite/bag_files/Cat1_10mph_lr_opposite_8/lidar_pcd/ns1/velodyne_points/1624825171.767719000.pcd
Cat1,10mph,lr,opposite,8,1624825171.868582000,ns1,/media/batool/MULTIMODAL_DATA/Multimodal_Data/Cat1/opposite/bag_files/Cat1_10mph_lr_opposite_8/lidar_pcd/ns1/velodyne_points/1624825171.868582000.pcd
Cat1,10mph,lr,opposite,8,1624825171.969454000,ns1,/media/batool/MULTIMODAL_DATA/Multimodal_Data/Cat1/opposite/bag_files/Cat1_10mph_lr_opposite_8/lidar_pcd/ns1/velodyne_points/1624825171.969454000.pcd
Cat1,10mph,lr,opposite,8,1624825172.070340000,ns1,/media/batool/MULTIMODAL_DATA/Multimodal_Data/Cat1/opposite/bag_files/Cat1_10mph_lr_opposite_8/lidar_pcd/ns1/velodyne_points/1624825172.070340000.pcd
Cat1,10mph,lr,opposite,8,1624825172.171175000,ns1,/media/batool/MULTIMODAL_DATA/Multimodal_Data/Cat1/opposite/bag_files/Cat1_10mph_lr_opposite_8/lidar_pcd/ns1/velodyne_points/1624825172.171175000.pcd
Cat1,10mph,lr,opposite,8,1624825172.272010000,ns1,/media/batool/MULTIMODAL_DATA/Multimodal_Data/Cat1/opposite/bag_files/Cat1_10mph_lr_opposite_8/lidar_pcd/ns1/velodyne_points/1624825172.272010000.pcd
Cat1,10mph,lr,opposite,8,1624825172.372907000,ns1,/media/batool/MULTIMODAL_DATA/Multimodal_Data/Cat1/opposite/bag_files/Cat1_10mph_lr_opposite_8/lidar_pcd/ns1/velodyne_points/1624825172.372907000.pcd
Cat1,10mph,lr,opposite,8,1624825172.473750000,ns1,/media/batool/MULTIMODAL_DATA/Multimodal_Data/Cat1/opposite/bag_files/Cat1_10mph_lr_opposite_8/lidar_pcd/ns1/velodyne_points/1624825172.473750000.pcd
Cat1,10mph,lr,opposite,8,1624825172.574623000,ns1,/media/batool/MULTIMODAL_DATA/Multimodal_Data/Cat1/opposite/bag_files/Cat1_10mph_lr_opposite_8/lidar_pcd/ns1/velodyne_points/1624825172.574623000.pcd
Cat1,10mph,lr,opposite,8,1624825172.675442000,ns1,/media/batool/MULTIMODAL_DATA/Multimodal_Data/Cat1/opposite/bag_files/Cat1_10mph_lr_opposite_8/lidar_pcd/ns1/velodyne_points/1624825172.675442000.pcd
Cat1,10mph,lr,opposite,8,1624825172.776324000,ns1,/media/batool/MULTIMODAL_DATA/Multimodal_Data/Cat1/opposite/bag_files/Cat1_10mph_lr_opposite_8/lidar_pcd/ns1/velodyne_points/1624825172.776324000.pcd
Cat1,10mph,lr,opposite,8,1624825172.877157000,ns1,/media/batool/MULTIMODAL_DATA/Multimodal_Data/Cat1/opposite/bag_files/Cat1_10mph_lr_opposite_8/lidar_pcd/ns1/velodyne_points/1624825172.877157000.pcd
Cat1,10mph,lr,opposite,8,1624825173.078868000,ns1,/media/batool/MULTIMODAL_DATA/Multimodal_Data/Cat1/opposite/bag_files/Cat1_10mph_lr_opposite_8/lidar_pcd/ns1/velodyne_points/1624825173.078868000.pcd
Cat1,10mph,lr,opposite,8,1624825173.179762000,ns1,/media/batool/MULTIMODAL_DATA/Multimodal_Data/Cat1/opposite/bag_files/Cat1_10mph_lr_opposite_8/lidar_pcd/ns1/velodyne_points/1624825173.179762000.pcd
Cat1,10mph,lr,opposite,8,1624825173.280604000,ns1,/media/batool/MULTIMODAL_DATA/Multimodal_Data/Cat1/opposite/bag_files/Cat1_10mph_lr_opposite_8/lidar_pcd/ns1/velodyne_points/1624825173.280604000.pcd
Cat1,10mph,lr,opposite,8,1624825173.381536000,ns1,/media/batool/MULTIMODAL_DATA/Multimodal_Data/Cat1/opposite/bag_files/Cat1_10mph_lr_opposite_8/lidar_pcd/ns1/velodyne_points/1624825173.381536000.pcd
Cat1,10mph,lr,opposite,8,1624825173.482334000,ns1,/media/batool/MULTIMODAL_DATA/Multimodal_Data/Cat1/opposite/bag_files/Cat1_10mph_lr_opposite_8/lidar_pcd/ns1/velodyne_points/1624825173.482334000.pcd
Cat1,10mph,lr,opposite,8,1624825173.583189000,ns1,/media/batool/MULTIMODAL_DATA/Multimodal_Data/Cat1/opposite/bag_files/Cat1_10mph_lr_opposite_8/lidar_pcd/ns1/velodyne_points/1624825173.583189000.pcd
Cat1,10mph,lr,opposite,8,1624825173.684021000,ns1,/media/batool/MULTIMODAL_DATA/Multimodal_Data/Cat1/opposite/bag_files/Cat1_10mph_lr_opposite_8/lidar_pcd/ns1/velodyne_points/1624825173.684021000.pcd
Cat1,10mph,lr,opposite,8,1624825173.784904000,ns1,/media/batool/MULTIMODAL_DATA/Multimodal_Data/Cat1/opposite/bag_files/Cat1_10mph_lr_opposite_8/lidar_pcd/ns1/velodyne_points/1624825173.784904000.pcd
Cat1,10mph,lr,opposite,8,1624825173.885719000,ns1,/media/batool/MULTIMODAL_DATA/Multimodal_Data/Cat1/opposite/bag_files/Cat1_10mph_lr_opposite_8/lidar_pcd/ns1/velodyne_points/1624825173.885719000.pcd
Cat1,10mph,lr,opposite,8,1624825173.986571000,ns1,/media/batool/MULTIMODAL_DATA/Multimodal_Data/Cat1/opposite/bag_files/Cat1_10mph_lr_opposite_8/lidar_pcd/ns1/velodyne_points/1624825173.986571000.pcd
Cat1,10mph,lr,opposite,8,1624825174.087473000,ns1,/media/batool/MULTIMODAL_DATA/Multimodal_Data/Cat1/opposite/bag_files/Cat1_10mph_lr_opposite_8/lidar_pcd/ns1/velodyne_points/1624825174.087473000.pcd
Cat1,10mph,lr,opposite,8,1624825174.188289000,ns1,/media/batool/MULTIMODAL_DATA/Multimodal_Data/Cat1/opposite/bag_files/Cat1_10mph_lr_opposite_8/lidar_pcd/ns1/velodyne_points/1624825174.188289000.pcd
Cat1,10mph,lr,opposite,8,1624825174.289195000,ns1,/media/batool/MULTIMODAL_DATA/Multimodal_Data/Cat1/opposite/bag_files/Cat1_10mph_lr_opposite_8/lidar_pcd/ns1/velodyne_points/1624825174.289195000.pcd
Cat1,10mph,lr,opposite,8,1624825174.390047000,ns1,/media/batool/MULTIMODAL_DATA/Multimodal_Data/Cat1/opposite/bag_files/Cat1_10mph_lr_opposite_8/lidar_pcd/ns1/velodyne_points/1624825174.390047000.pcd
Cat1,10mph,lr,opposite,8,1624825174.591755000,ns1,/media/batool/MULTIMODAL_DATA/Multimodal_Data/Cat1/opposite/bag_files/Cat1_10mph_lr_opposite_8/lidar_pcd/ns1/velodyne_points/1624825174.591755000.pcd
Cat1,10mph,lr,opposite,8,1624825174.692600000,ns1,/media/batool/MULTIMODAL_DATA/Multimodal_Data/Cat1/opposite/bag_files/Cat1_10mph_lr_opposite_8/lidar_pcd/ns1/velodyne_points/1624825174.692600000.pcd
Cat1,10mph,lr,opposite,8,1624825174.793469000,ns1,/media/batool/MULTIMODAL_DATA/Multimodal_Data/Cat1/opposite/bag_files/Cat1_10mph_lr_opposite_8/lidar_pcd/ns1/velodyne_points/1624825174.793469000.pcd
Cat1,10mph,lr,opposite,8,1624825174.894312000,ns1,/media/batool/MULTIMODAL_DATA/Multimodal_Data/Cat1/opposite/bag_files/Cat1_10mph_lr_opposite_8/lidar_pcd/ns1/velodyne_points/1624825174.894312000.pcd
Cat1,10mph,lr,opposite,8,1624825174.995170000,ns1,/media/batool/MULTIMODAL_DATA/Multimodal_Data/Cat1/opposite/bag_files/Cat1_10mph_lr_opposite_8/lidar_pcd/ns1/velodyne_points/1624825174.995170000.pcd
Cat1,10mph,lr,opposite,8,1624825175.096014000,ns1,/media/batool/MULTIMODAL_DATA/Multimodal_Data/Cat1/opposite/bag_files/Cat1_10mph_lr_opposite_8/lidar_pcd/ns1/velodyne_points/1624825175.096014000.pcd
Cat1,10mph,lr,opposite,8,1624825175.196938000,ns1,/media/batool/MULTIMODAL_DATA/Multimodal_Data/Cat1/opposite/bag_files/Cat1_10mph_lr_opposite_8/lidar_pcd/ns1/velodyne_points/1624825175.196938000.pcd
Cat1,10mph,lr,opposite,8,1624825175.297756000,ns1,/media/batool/MULTIMODAL_DATA/Multimodal_Data/Cat1/opposite/bag_files/Cat1_10mph_lr_opposite_8/lidar_pcd/ns1/velodyne_points/1624825175.297756000.pcd
Cat1,10mph,lr,opposite,8,1624825175.398615000,ns1,/media/batool/MULTIMODAL_DATA/Multimodal_Data/Cat1/opposite/bag_files/Cat1_10mph_lr_opposite_8/lidar_pcd/ns1/velodyne_points/1624825175.398615000.pcd
Cat1,10mph,lr,opposite,8,1624825175.499448000,ns1,/media/batool/MULTIMODAL_DATA/Multimodal_Data/Cat1/opposite/bag_files/Cat1_10mph_lr_opposite_8/lidar_pcd/ns1/velodyne_points/1624825175.499448000.pcd
Cat1,10mph,lr,opposite,8,1624825175.600302000,ns1,/media/batool/MULTIMODAL_DATA/Multimodal_Data/Cat1/opposite/bag_files/Cat1_10mph_lr_opposite_8/lidar_pcd/ns1/velodyne_points/1624825175.600302000.pcd
Cat1,10mph,lr,opposite,8,1624825175.701170000,ns1,/media/batool/MULTIMODAL_DATA/Multimodal_Data/Cat1/opposite/bag_files/Cat1_10mph_lr_opposite_8/lidar_pcd/ns1/velodyne_points/1624825175.701170000.pcd
Cat1,10mph,lr,opposite,8,1624825175.802039000,ns1,/media/batool/MULTIMODAL_DATA/Multimodal_Data/Cat1/opposite/bag_files/Cat1_10mph_lr_opposite_8/lidar_pcd/ns1/velodyne_points/1624825175.802039000.pcd
Cat1,10mph,lr,opposite,8,1624825175.902895000,ns1,/media/batool/MULTIMODAL_DATA/Multimodal_Data/Cat1/opposite/bag_files/Cat1_10mph_lr_opposite_8/lidar_pcd/ns1/velodyne_points/1624825175.902895000.pcd
Cat1,10mph,lr,opposite,8,1624825176.104592000,ns1,/media/batool/MULTIMODAL_DATA/Multimodal_Data/Cat1/opposite/bag_files/Cat1_10mph_lr_opposite_8/lidar_pcd/ns1/velodyne_points/1624825176.104592000.pcd
Cat1,10mph,lr,opposite,8,1624825176.205460000,ns1,/media/batool/MULTIMODAL_DATA/Multimodal_Data/Cat1/opposite/bag_files/Cat1_10mph_lr_opposite_8/lidar_pcd/ns1/velodyne_points/1624825176.205460000.pcd
Cat1,10mph,lr,opposite,8,1624825176.306299000,ns1,/media/batool/MULTIMODAL_DATA/Multimodal_Data/Cat1/opposite/bag_files/Cat1_10mph_lr_opposite_8/lidar_pcd/ns1/velodyne_points/1624825176.306299000.pcd
Cat1,10mph,lr,opposite,8,1624825176.407171000,ns1,/media/batool/MULTIMODAL_DATA/Multimodal_Data/Cat1/opposite/bag_files/Cat1_10mph_lr_opposite_8/lidar_pcd/ns1/velodyne_points/1624825176.407171000.pcd
Cat1,10mph,lr,opposite,8,1624825176.508057000,ns1,/media/batool/MULTIMODAL_DATA/Multimodal_Data/Cat1/opposite/bag_files/Cat1_10mph_lr_opposite_8/lidar_pcd/ns1/velodyne_points/1624825176.508057000.pcd
Cat1,10mph,lr,opposite,8,1624825176.608877000,ns1,/media/batool/MULTIMODAL_DATA/Multimodal_Data/Cat1/opposite/bag_files/Cat1_10mph_lr_opposite_8/lidar_pcd/ns1/velodyne_points/1624825176.608877000.pcd
Cat1,10mph,lr,opposite,8,1624825176.709748000,ns1,/media/batool/MULTIMODAL_DATA/Multimodal_Data/Cat1/opposite/bag_files/Cat1_10mph_lr_opposite_8/lidar_pcd/ns1/velodyne_points/1624825176.709748000.pcd
Cat1,10mph,lr,opposite,8,1624825176.810611000,ns1,/media/batool/MULTIMODAL_DATA/Multimodal_Data/Cat1/opposite/bag_files/Cat1_10mph_lr_opposite_8/lidar_pcd/ns1/velodyne_points/1624825176.810611000.pcd
Cat1,10mph,lr,opposite,8,1624825176.911450000,ns1,/media/batool/MULTIMODAL_DATA/Multimodal_Data/Cat1/opposite/bag_files/Cat1_10mph_lr_opposite_8/lidar_pcd/ns1/velodyne_points/1624825176.911450000.pcd
Cat1,10mph,lr,opposite,8,1624825177.012299000,ns1,/media/batool/MULTIMODAL_DATA/Multimodal_Data/Cat1/opposite/bag_files/Cat1_10mph_lr_opposite_8/lidar_pcd/ns1/velodyne_points/1624825177.012299000.pcd
Cat1,10mph,lr,opposite,8,1624825177.113166000,ns1,/media/batool/MULTIMODAL_DATA/Multimodal_Data/Cat1/opposite/bag_files/Cat1_10mph_lr_opposite_8/lidar_pcd/ns1/velodyne_points/1624825177.113166000.pcd
Cat1,10mph,lr,opposite,8,1624825177.214023000,ns1,/media/batool/MULTIMODAL_DATA/Multimodal_Data/Cat1/opposite/bag_files/Cat1_10mph_lr_opposite_8/lidar_pcd/ns1/velodyne_points/1624825177.214023000.pcd
Cat1,10mph,lr,opposite,8,1624825177.314889000,ns1,/media/batool/MULTIMODAL_DATA/Multimodal_Data/Cat1/opposite/bag_files/Cat1_10mph_lr_opposite_8/lidar_pcd/ns1/velodyne_points/1624825177.314889000.pcd
Cat1,10mph,lr,opposite,8,1624825177.415740000,ns1,/media/batool/MULTIMODAL_DATA/Multimodal_Data/Cat1/opposite/bag_files/Cat1_10mph_lr_opposite_8/lidar_pcd/ns1/velodyne_points/1624825177.415740000.pcd
Cat1,10mph,lr,opposite,8,1624825172.978039000,ns1,/media/batool/MULTIMODAL_DATA/Multimodal_Data/Cat1/opposite/bag_files/Cat1_10mph_lr_opposite_8/lidar_pcd/ns1/velodyne_points/1624825172.978039000.pcd
Cat1,10mph,lr,opposite,8,1624825174.490900000,ns1,/media/batool/MULTIMODAL_DATA/Multimodal_Data/Cat1/opposite/bag_files/Cat1_10mph_lr_opposite_8/lidar_pcd/ns1/velodyne_points/1624825174.490900000.pcd
Cat1,10mph,lr,opposite,8,1624825176.003754000,ns1,/media/batool/MULTIMODAL_DATA/Multimodal_Data/Cat1/opposite/bag_files/Cat1_10mph_lr_opposite_8/lidar_pcd/ns1/velodyne_points/1624825176.003754000.pcd
Cat1,10mph,lr,opposite,8,1624825177.516607000,ns1,/media/batool/MULTIMODAL_DATA/Multimodal_Data/Cat1/opposite/bag_files/Cat1_10mph_lr_opposite_8/lidar_pcd/ns1/velodyne_points/1624825177.516607000.pcd
Cat1,10mph,lr,opposite,8,1624825179.029414000,ns1,/media/batool/MULTIMODAL_DATA/Multimodal_Data/Cat1/opposite/bag_files/Cat1_10mph_lr_opposite_8/lidar_pcd/ns1/velodyne_points/1624825179.029414000.pcd
Cat1,10mph,lr,opposite,8,1624825180.542294000,ns1,/media/batool/MULTIMODAL_DATA/Multimodal_Data/Cat1/opposite/bag_files/Cat1_10mph_lr_opposite_8/lidar_pcd/ns1/velodyne_points/1624825180.542294000.pcd
Cat1,10mph,lr,opposite,8,1624825182.055136000,ns1,/media/batool/MULTIMODAL_DATA/Multimodal_Data/Cat1/opposite/bag_files/Cat1_10mph_lr_opposite_8/lidar_pcd/ns1/velodyne_points/1624825182.055136000.pcd
Cat1,10mph,lr,opposite,8,1624825183.567991000,ns1,/media/batool/MULTIMODAL_DATA/Multimodal_Data/Cat1/opposite/bag_files/Cat1_10mph_lr_opposite_8/lidar_pcd/ns1/velodyne_points/1624825183.567991000.pcd
Cat1,10mph,lr,opposite,8,1624825185.080856000,ns1,/media/batool/MULTIMODAL_DATA/Multimodal_Data/Cat1/opposite/bag_files/Cat1_10mph_lr_opposite_8/lidar_pcd/ns1/velodyne_points/1624825185.080856000.pcd
Cat1,10mph,lr,opposite,8,1624825186.593696000,ns1,/media/batool/MULTIMODAL_DATA/Multimodal_Data/Cat1/opposite/bag_files/Cat1_10mph_lr_opposite_8/lidar_pcd/ns1/velodyne_points/1624825186.593696000.pcd
Cat1,10mph,lr,opposite,8,1624825188.106568000,ns1,/media/batool/MULTIMODAL_DATA/Multimodal_Data/Cat1/opposite/bag_files/Cat1_10mph_lr_opposite_8/lidar_pcd/ns1/velodyne_points/1624825188.106568000.pcd
Cat1,10mph,lr,opposite,8,1624825189.619363000,ns1,/media/batool/MULTIMODAL_DATA/Multimodal_Data/Cat1/opposite/bag_files/Cat1_10mph_lr_opposite_8/lidar_pcd/ns1/velodyne_points/1624825189.619363000.pcd
Cat1,10mph,lr,opposite,8,1624825191.132270000,ns1,/media/batool/MULTIMODAL_DATA/Multimodal_Data/Cat1/opposite/bag_files/Cat1_10mph_lr_opposite_8/lidar_pcd/ns1/velodyne_points/1624825191.132270000.pcd
Cat1,10mph,lr,opposite,8,1624825192.645123000,ns1,/media/batool/MULTIMODAL_DATA/Multimodal_Data/Cat1/opposite/bag_files/Cat1_10mph_lr_opposite_8/lidar_pcd/ns1/velodyne_points/1624825192.645123000.pcd
Cat1,10mph,lr,opposite,8,1624825194.157973000,ns1,/media/batool/MULTIMODAL_DATA/Multimodal_Data/Cat1/opposite/bag_files/Cat1_10mph_lr_opposite_8/lidar_pcd/ns1/velodyne_points/1624825194.157973000.pcd
Cat1,10mph,lr,opposite,8,1624825195.670825000,ns1,/media/batool/MULTIMODAL_DATA/Multimodal_Data/Cat1/opposite/bag_files/Cat1_10mph_lr_opposite_8/lidar_pcd/ns1/velodyne_points/1624825195.670825000.pcd
Cat1,10mph,lr,opposite,8,1624825177.617447000,ns1,/media/batool/MULTIMODAL_DATA/Multimodal_Data/Cat1/opposite/bag_files/Cat1_10mph_lr_opposite_8/lidar_pcd/ns1/velodyne_points/1624825177.617447000.pcd
Cat1,10mph,lr,opposite,8,1624825177.718312000,ns1,/media/batool/MULTIMODAL_DATA/Multimodal_Data/Cat1/opposite/bag_files/Cat1_10mph_lr_opposite_8/lidar_pcd/ns1/velodyne_points/1624825177.718312000.pcd
Cat1,10mph,lr,opposite,8,1624825177.819159000,ns1,/media/batool/MULTIMODAL_DATA/Multimodal_Data/Cat1/opposite/bag_files/Cat1_10mph_lr_opposite_8/lidar_pcd/ns1/velodyne_points/1624825177.819159000.pcd
Cat1,10mph,lr,opposite,8,1624825177.920010000,ns1,/media/batool/MULTIMODAL_DATA/Multimodal_Data/Cat1/opposite/bag_files/Cat1_10mph_lr_opposite_8/lidar_pcd/ns1/velodyne_points/1624825177.920010000.pcd
Cat1,10mph,lr,opposite,8,1624825178.020855000,ns1,/media/batool/MULTIMODAL_DATA/Multimodal_Data/Cat1/opposite/bag_files/Cat1_10mph_lr_opposite_8/lidar_pcd/ns1/velodyne_points/1624825178.020855000.pcd
Cat1,10mph,lr,opposite,8,1624825178.121746000,ns1,/media/batool/MULTIMODAL_DATA/Multimodal_Data/Cat1/opposite/bag_files/Cat1_10mph_lr_opposite_8/lidar_pcd/ns1/velodyne_points/1624825178.121746000.pcd
Cat1,10mph,lr,opposite,8,1624825178.222585000,ns1,/media/batool/MULTIMODAL_DATA/Multimodal_Data/Cat1/opposite/bag_files/Cat1_10mph_lr_opposite_8/lidar_pcd/ns1/velodyne_points/1624825178.222585000.pcd
Cat1,10mph,lr,opposite,8,1624825178.323430000,ns1,/media/batool/MULTIMODAL_DATA/Multimodal_Data/Cat1/opposite/bag_files/Cat1_10mph_lr_opposite_8/lidar_pcd/ns1/velodyne_points/1624825178.323430000.pcd
Cat1,10mph,lr,opposite,8,1624825178.424302000,ns1,/media/batool/MULTIMODAL_DATA/Multimodal_Data/Cat1/opposite/bag_files/Cat1_10mph_lr_opposite_8/lidar_pcd/ns1/velodyne_points/1624825178.424302000.pcd
Cat1,10mph,lr,opposite,8,1624825178.525178000,ns1,/media/batool/MULTIMODAL_DATA/Multimodal_Data/Cat1/opposite/bag_files/Cat1_10mph_lr_opposite_8/lidar_pcd/ns1/velodyne_points/1624825178.525178000.pcd
Cat1,10mph,lr,opposite,8,1624825178.626034000,ns1,/media/batool/MULTIMODAL_DATA/Multimodal_Data/Cat1/opposite/bag_files/Cat1_10mph_lr_opposite_8/lidar_pcd/ns1/velodyne_points/1624825178.626034000.pcd
Cat1,10mph,lr,opposite,8,1624825178.726873000,ns1,/media/batool/MULTIMODAL_DATA/Multimodal_Data/Cat1/opposite/bag_files/Cat1_10mph_lr_opposite_8/lidar_pcd/ns1/velodyne_points/1624825178.726873000.pcd
Cat1,10mph,lr,opposite,8,1624825178.827697000,ns1,/media/batool/MULTIMODAL_DATA/Multimodal_Data/Cat1/opposite/bag_files/Cat1_10mph_lr_opposite_8/lidar_pcd/ns1/velodyne_points/1624825178.827697000.pcd
Cat1,10mph,lr,opposite,8,1624825178.928558000,ns1,/media/batool/MULTIMODAL_DATA/Multimodal_Data/Cat1/opposite/bag_files/Cat1_10mph_lr_opposite_8/lidar_pcd/ns1/velodyne_points/1624825178.928558000.pcd
Cat1,10mph,lr,opposite,8,1624825179.130296000,ns1,/media/batool/MULTIMODAL_DATA/Multimodal_Data/Cat1/opposite/bag_files/Cat1_10mph_lr_opposite_8/lidar_pcd/ns1/velodyne_points/1624825179.130296000.pcd
Cat1,10mph,lr,opposite,8,1624825179.231154000,ns1,/media/batool/MULTIMODAL_DATA/Multimodal_Data/Cat1/opposite/bag_files/Cat1_10mph_lr_opposite_8/lidar_pcd/ns1/velodyne_points/1624825179.231154000.pcd
Cat1,10mph,lr,opposite,8,1624825179.331966000,ns1,/media/batool/MULTIMODAL_DATA/Multimodal_Data/Cat1/opposite/bag_files/Cat1_10mph_lr_opposite_8/lidar_pcd/ns1/velodyne_points/1624825179.331966000.pcd
Cat1,10mph,lr,opposite,8,1624825179.432834000,ns1,/media/batool/MULTIMODAL_DATA/Multimodal_Data/Cat1/opposite/bag_files/Cat1_10mph_lr_opposite_8/lidar_pcd/ns1/velodyne_points/1624825179.432834000.pcd
Cat1,10mph,lr,opposite,8,1624825179.533695000,ns1,/media/batool/MULTIMODAL_DATA/Multimodal_Data/Cat1/opposite/bag_files/Cat1_10mph_lr_opposite_8/lidar_pcd/ns1/velodyne_points/1624825179.533695000.pcd
Cat1,10mph,lr,opposite,8,1624825179.634566000,ns1,/media/batool/MULTIMODAL_DATA/Multimodal_Data/Cat1/opposite/bag_files/Cat1_10mph_lr_opposite_8/lidar_pcd/ns1/velodyne_points/1624825179.634566000.pcd
Cat1,10mph,lr,opposite,8,1624825179.735421000,ns1,/media/batool/MULTIMODAL_DATA/Multimodal_Data/Cat1/opposite/bag_files/Cat1_10mph_lr_opposite_8/lidar_pcd/ns1/velodyne_points/1624825179.735421000.pcd
Cat1,10mph,lr,opposite,8,1624825179.836296000,ns1,/media/batool/MULTIMODAL_DATA/Multimodal_Data/Cat1/opposite/bag_files/Cat1_10mph_lr_opposite_8/lidar_pcd/ns1/velodyne_points/1624825179.836296000.pcd
Cat1,10mph,lr,opposite,8,1624825179.937118000,ns1,/media/batool/MULTIMODAL_DATA/Multimodal_Data/Cat1/opposite/bag_files/Cat1_10mph_lr_opposite_8/lidar_pcd/ns1/velodyne_points/1624825179.937118000.pcd
Cat1,10mph,lr,opposite,8,1624825180.038080000,ns1,/media/batool/MULTIMODAL_DATA/Multimodal_Data/Cat1/opposite/bag_files/Cat1_10mph_lr_opposite_8/lidar_pcd/ns1/velodyne_points/1624825180.038080000.pcd
Cat1,10mph,lr,opposite,8,1624825180.138839000,ns1,/media/batool/MULTIMODAL_DATA/Multimodal_Data/Cat1/opposite/bag_files/Cat1_10mph_lr_opposite_8/lidar_pcd/ns1/velodyne_points/1624825180.138839000.pcd
Cat1,10mph,lr,opposite,8,1624825180.239715000,ns1,/media/batool/MULTIMODAL_DATA/Multimodal_Data/Cat1/opposite/bag_files/Cat1_10mph_lr_opposite_8/lidar_pcd/ns1/velodyne_points/1624825180.239715000.pcd
Cat1,10mph,lr,opposite,8,1624825180.340586000,ns1,/media/batool/MULTIMODAL_DATA/Multimodal_Data/Cat1/opposite/bag_files/Cat1_10mph_lr_opposite_8/lidar_pcd/ns1/velodyne_points/1624825180.340586000.pcd
Cat1,10mph,lr,opposite,8,1624825180.441451000,ns1,/media/batool/MULTIMODAL_DATA/Multimodal_Data/Cat1/opposite/bag_files/Cat1_10mph_lr_opposite_8/lidar_pcd/ns1/velodyne_points/1624825180.441451000.pcd
Cat1,10mph,lr,opposite,8,1624825180.643162000,ns1,/media/batool/MULTIMODAL_DATA/Multimodal_Data/Cat1/opposite/bag_files/Cat1_10mph_lr_opposite_8/lidar_pcd/ns1/velodyne_points/1624825180.643162000.pcd
Cat1,10mph,lr,opposite,8,1624825180.743987000,ns1,/media/batool/MULTIMODAL_DATA/Multimodal_Data/Cat1/opposite/bag_files/Cat1_10mph_lr_opposite_8/lidar_pcd/ns1/velodyne_points/1624825180.743987000.pcd
Cat1,10mph,lr,opposite,8,1624825180.844828000,ns1,/media/batool/MULTIMODAL_DATA/Multimodal_Data/Cat1/opposite/bag_files/Cat1_10mph_lr_opposite_8/lidar_pcd/ns1/velodyne_points/1624825180.844828000.pcd
Cat1,10mph,lr,opposite,8,1624825180.945740000,ns1,/media/batool/MULTIMODAL_DATA/Multimodal_Data/Cat1/opposite/bag_files/Cat1_10mph_lr_opposite_8/lidar_pcd/ns1/velodyne_points/1624825180.945740000.pcd
Cat1,10mph,lr,opposite,8,1624825181.046613000,ns1,/media/batool/MULTIMODAL_DATA/Multimodal_Data/Cat1/opposite/bag_files/Cat1_10mph_lr_opposite_8/lidar_pcd/ns1/velodyne_points/1624825181.046613000.pcd
Cat1,10mph,lr,opposite,8,1624825181.147471000,ns1,/media/batool/MULTIMODAL_DATA/Multimodal_Data/Cat1/opposite/bag_files/Cat1_10mph_lr_opposite_8/lidar_pcd/ns1/velodyne_points/1624825181.147471000.pcd
Cat1,10mph,lr,opposite,8,1624825181.248260000,ns1,/media/batool/MULTIMODAL_DATA/Multimodal_Data/Cat1/opposite/bag_files/Cat1_10mph_lr_opposite_8/lidar_pcd/ns1/velodyne_points/1624825181.248260000.pcd
Cat1,10mph,lr,opposite,8,1624825181.349156000,ns1,/media/batool/MULTIMODAL_DATA/Multimodal_Data/Cat1/opposite/bag_files/Cat1_10mph_lr_opposite_8/lidar_pcd/ns1/velodyne_points/1624825181.349156000.pcd
Cat1,10mph,lr,opposite,8,1624825181.449995000,ns1,/media/batool/MULTIMODAL_DATA/Multimodal_Data/Cat1/opposite/bag_files/Cat1_10mph_lr_opposite_8/lidar_pcd/ns1/velodyne_points/1624825181.449995000.pcd
Cat1,10mph,lr,opposite,8,1624825181.550828000,ns1,/media/batool/MULTIMODAL_DATA/Multimodal_Data/Cat1/opposite/bag_files/Cat1_10mph_lr_opposite_8/lidar_pcd/ns1/velodyne_points/1624825181.550828000.pcd
Cat1,10mph,lr,opposite,8,1624825181.651720000,ns1,/media/batool/MULTIMODAL_DATA/Multimodal_Data/Cat1/opposite/bag_files/Cat1_10mph_lr_opposite_8/lidar_pcd/ns1/velodyne_points/1624825181.651720000.pcd
Cat1,10mph,lr,opposite,8,1624825181.752552000,ns1,/media/batool/MULTIMODAL_DATA/Multimodal_Data/Cat1/opposite/bag_files/Cat1_10mph_lr_opposite_8/lidar_pcd/ns1/velodyne_points/1624825181.752552000.pcd
Cat1,10mph,lr,opposite,8,1624825181.853427000,ns1,/media/batool/MULTIMODAL_DATA/Multimodal_Data/Cat1/opposite/bag_files/Cat1_10mph_lr_opposite_8/lidar_pcd/ns1/velodyne_points/1624825181.853427000.pcd
Cat1,10mph,lr,opposite,8,1624825181.954282000,ns1,/media/batool/MULTIMODAL_DATA/Multimodal_Data/Cat1/opposite/bag_files/Cat1_10mph_lr_opposite_8/lidar_pcd/ns1/velodyne_points/1624825181.954282000.pcd
Cat1,10mph,lr,opposite,8,1624825182.155985000,ns1,/media/batool/MULTIMODAL_DATA/Multimodal_Data/Cat1/opposite/bag_files/Cat1_10mph_lr_opposite_8/lidar_pcd/ns1/velodyne_points/1624825182.155985000.pcd
Cat1,10mph,lr,opposite,8,1624825182.256820000,ns1,/media/batool/MULTIMODAL_DATA/Multimodal_Data/Cat1/opposite/bag_files/Cat1_10mph_lr_opposite_8/lidar_pcd/ns1/velodyne_points/1624825182.256820000.pcd
Cat1,10mph,lr,opposite,8,1624825182.357735000,ns1,/media/batool/MULTIMODAL_DATA/Multimodal_Data/Cat1/opposite/bag_files/Cat1_10mph_lr_opposite_8/lidar_pcd/ns1/velodyne_points/1624825182.357735000.pcd
Cat1,10mph,lr,opposite,8,1624825182.458566000,ns1,/media/batool/MULTIMODAL_DATA/Multimodal_Data/Cat1/opposite/bag_files/Cat1_10mph_lr_opposite_8/lidar_pcd/ns1/velodyne_points/1624825182.458566000.pcd
Cat1,10mph,lr,opposite,8,1624825182.559430000,ns1,/media/batool/MULTIMODAL_DATA/Multimodal_Data/Cat1/opposite/bag_files/Cat1_10mph_lr_opposite_8/lidar_pcd/ns1/velodyne_points/1624825182.559430000.pcd
Cat1,10mph,lr,opposite,8,1624825182.660245000,ns1,/media/batool/MULTIMODAL_DATA/Multimodal_Data/Cat1/opposite/bag_files/Cat1_10mph_lr_opposite_8/lidar_pcd/ns1/velodyne_points/1624825182.660245000.pcd
Cat1,10mph,lr,opposite,8,1624825182.761147000,ns1,/media/batool/MULTIMODAL_DATA/Multimodal_Data/Cat1/opposite/bag_files/Cat1_10mph_lr_opposite_8/lidar_pcd/ns1/velodyne_points/1624825182.761147000.pcd
Cat1,10mph,lr,opposite,8,1624825182.862018000,ns1,/media/batool/MULTIMODAL_DATA/Multimodal_Data/Cat1/opposite/bag_files/Cat1_10mph_lr_opposite_8/lidar_pcd/ns1/velodyne_points/1624825182.862018000.pcd
Cat1,10mph,lr,opposite,8,1624825182.962814000,ns1,/media/batool/MULTIMODAL_DATA/Multimodal_Data/Cat1/opposite/bag_files/Cat1_10mph_lr_opposite_8/lidar_pcd/ns1/velodyne_points/1624825182.962814000.pcd
Cat1,10mph,lr,opposite,8,1624825183.063726000,ns1,/media/batool/MULTIMODAL_DATA/Multimodal_Data/Cat1/opposite/bag_files/Cat1_10mph_lr_opposite_8/lidar_pcd/ns1/velodyne_points/1624825183.063726000.pcd
Cat1,10mph,lr,opposite,8,1624825183.164560000,ns1,/media/batool/MULTIMODAL_DATA/Multimodal_Data/Cat1/opposite/bag_files/Cat1_10mph_lr_opposite_8/lidar_pcd/ns1/velodyne_points/1624825183.164560000.pcd
Cat1,10mph,lr,opposite,8,1624825183.265424000,ns1,/media/batool/MULTIMODAL_DATA/Multimodal_Data/Cat1/opposite/bag_files/Cat1_10mph_lr_opposite_8/lidar_pcd/ns1/velodyne_points/1624825183.265424000.pcd
Cat1,10mph,lr,opposite,8,1624825183.366357000,ns1,/media/batool/MULTIMODAL_DATA/Multimodal_Data/Cat1/opposite/bag_files/Cat1_10mph_lr_opposite_8/lidar_pcd/ns1/velodyne_points/1624825183.366357000.pcd
Cat1,10mph,lr,opposite,8,1624825183.467154000,ns1,/media/batool/MULTIMODAL_DATA/Multimodal_Data/Cat1/opposite/bag_files/Cat1_10mph_lr_opposite_8/lidar_pcd/ns1/velodyne_points/1624825183.467154000.pcd
Cat1,10mph,lr,opposite,8,1624825183.668851000,ns1,/media/batool/MULTIMODAL_DATA/Multimodal_Data/Cat1/opposite/bag_files/Cat1_10mph_lr_opposite_8/lidar_pcd/ns1/velodyne_points/1624825183.668851000.pcd
Cat1,10mph,lr,opposite,8,1624825183.769723000,ns1,/media/batool/MULTIMODAL_DATA/Multimodal_Data/Cat1/opposite/bag_files/Cat1_10mph_lr_opposite_8/lidar_pcd/ns1/velodyne_points/1624825183.769723000.pcd
Cat1,10mph,lr,opposite,8,1624825183.870557000,ns1,/media/batool/MULTIMODAL_DATA/Multimodal_Data/Cat1/opposite/bag_files/Cat1_10mph_lr_opposite_8/lidar_pcd/ns1/velodyne_points/1624825183.870557000.pcd
Cat1,10mph,lr,opposite,8,1624825183.971437000,ns1,/media/batool/MULTIMODAL_DATA/Multimodal_Data/Cat1/opposite/bag_files/Cat1_10mph_lr_opposite_8/lidar_pcd/ns1/velodyne_points/1624825183.971437000.pcd
Cat1,10mph,lr,opposite,8,1624825184.072296000,ns1,/media/batool/MULTIMODAL_DATA/Multimodal_Data/Cat1/opposite/bag_files/Cat1_10mph_lr_opposite_8/lidar_pcd/ns1/velodyne_points/1624825184.072296000.pcd
Cat1,10mph,lr,opposite,8,1624825184.173146000,ns1,/media/batool/MULTIMODAL_DATA/Multimodal_Data/Cat1/opposite/bag_files/Cat1_10mph_lr_opposite_8/lidar_pcd/ns1/velodyne_points/1624825184.173146000.pcd
Cat1,10mph,lr,opposite,8,1624825184.273955000,ns1,/media/batool/MULTIMODAL_DATA/Multimodal_Data/Cat1/opposite/bag_files/Cat1_10mph_lr_opposite_8/lidar_pcd/ns1/velodyne_points/1624825184.273955000.pcd
Cat1,10mph,lr,opposite,8,1624825184.374830000,ns1,/media/batool/MULTIMODAL_DATA/Multimodal_Data/Cat1/opposite/bag_files/Cat1_10mph_lr_opposite_8/lidar_pcd/ns1/velodyne_points/1624825184.374830000.pcd
Cat1,10mph,lr,opposite,8,1624825184.475721000,ns1,/media/batool/MULTIMODAL_DATA/Multimodal_Data/Cat1/opposite/bag_files/Cat1_10mph_lr_opposite_8/lidar_pcd/ns1/velodyne_points/1624825184.475721000.pcd
Cat1,10mph,lr,opposite,8,1624825184.576561000,ns1,/media/batool/MULTIMODAL_DATA/Multimodal_Data/Cat1/opposite/bag_files/Cat1_10mph_lr_opposite_8/lidar_pcd/ns1/velodyne_points/1624825184.576561000.pcd
Cat1,10mph,lr,opposite,8,1624825184.677399000,ns1,/media/batool/MULTIMODAL_DATA/Multimodal_Data/Cat1/opposite/bag_files/Cat1_10mph_lr_opposite_8/lidar_pcd/ns1/velodyne_points/1624825184.677399000.pcd
Cat1,10mph,lr,opposite,8,1624825184.778294000,ns1,/media/batool/MULTIMODAL_DATA/Multimodal_Data/Cat1/opposite/bag_files/Cat1_10mph_lr_opposite_8/lidar_pcd/ns1/velodyne_points/1624825184.778294000.pcd
Cat1,10mph,lr,opposite,8,1624825184.879134000,ns1,/media/batool/MULTIMODAL_DATA/Multimodal_Data/Cat1/opposite/bag_files/Cat1_10mph_lr_opposite_8/lidar_pcd/ns1/velodyne_points/1624825184.879134000.pcd
Cat1,10mph,lr,opposite,8,1624825184.979961000,ns1,/media/batool/MULTIMODAL_DATA/Multimodal_Data/Cat1/opposite/bag_files/Cat1_10mph_lr_opposite_8/lidar_pcd/ns1/velodyne_points/1624825184.979961000.pcd
Cat1,10mph,lr,opposite,8,1624825185.181665000,ns1,/media/batool/MULTIMODAL_DATA/Multimodal_Data/Cat1/opposite/bag_files/Cat1_10mph_lr_opposite_8/lidar_pcd/ns1/velodyne_points/1624825185.181665000.pcd
Cat1,10mph,lr,opposite,8,1624825185.282532000,ns1,/media/batool/MULTIMODAL_DATA/Multimodal_Data/Cat1/opposite/bag_files/Cat1_10mph_lr_opposite_8/lidar_pcd/ns1/velodyne_points/1624825185.282532000.pcd
Cat1,10mph,lr,opposite,8,1624825185.383401000,ns1,/media/batool/MULTIMODAL_DATA/Multimodal_Data/Cat1/opposite/bag_files/Cat1_10mph_lr_opposite_8/lidar_pcd/ns1/velodyne_points/1624825185.383401000.pcd
Cat1,10mph,lr,opposite,8,1624825185.484260000,ns1,/media/batool/MULTIMODAL_DATA/Multimodal_Data/Cat1/opposite/bag_files/Cat1_10mph_lr_opposite_8/lidar_pcd/ns1/velodyne_points/1624825185.484260000.pcd
Cat1,10mph,lr,opposite,8,1624825185.585128000,ns1,/media/batool/MULTIMODAL_DATA/Multimodal_Data/Cat1/opposite/bag_files/Cat1_10mph_lr_opposite_8/lidar_pcd/ns1/velodyne_points/1624825185.585128000.pcd
Cat1,10mph,lr,opposite,8,1624825185.685955000,ns1,/media/batool/MULTIMODAL_DATA/Multimodal_Data/Cat1/opposite/bag_files/Cat1_10mph_lr_opposite_8/lidar_pcd/ns1/velodyne_points/1624825185.685955000.pcd
Cat1,10mph,lr,opposite,8,1624825185.786814000,ns1,/media/batool/MULTIMODAL_DATA/Multimodal_Data/Cat1/opposite/bag_files/Cat1_10mph_lr_opposite_8/lidar_pcd/ns1/velodyne_points/1624825185.786814000.pcd
Cat1,10mph,lr,opposite,8,1624825185.887670000,ns1,/media/batool/MULTIMODAL_DATA/Multimodal_Data/Cat1/opposite/bag_files/Cat1_10mph_lr_opposite_8/lidar_pcd/ns1/velodyne_points/1624825185.887670000.pcd
Cat1,10mph,lr,opposite,8,1624825185.988575000,ns1,/media/batool/MULTIMODAL_DATA/Multimodal_Data/Cat1/opposite/bag_files/Cat1_10mph_lr_opposite_8/lidar_pcd/ns1/velodyne_points/1624825185.988575000.pcd
Cat1,10mph,lr,opposite,8,1624825186.089416000,ns1,/media/batool/MULTIMODAL_DATA/Multimodal_Data/Cat1/opposite/bag_files/Cat1_10mph_lr_opposite_8/lidar_pcd/ns1/velodyne_points/1624825186.089416000.pcd
Cat1,10mph,lr,opposite,8,1624825186.190300000,ns1,/media/batool/MULTIMODAL_DATA/Multimodal_Data/Cat1/opposite/bag_files/Cat1_10mph_lr_opposite_8/lidar_pcd/ns1/velodyne_points/1624825186.190300000.pcd
Cat1,10mph,lr,opposite,8,1624825186.291146000,ns1,/media/batool/MULTIMODAL_DATA/Multimodal_Data/Cat1/opposite/bag_files/Cat1_10mph_lr_opposite_8/lidar_pcd/ns1/velodyne_points/1624825186.291146000.pcd
Cat1,10mph,lr,opposite,8,1624825186.391982000,ns1,/media/batool/MULTIMODAL_DATA/Multimodal_Data/Cat1/opposite/bag_files/Cat1_10mph_lr_opposite_8/lidar_pcd/ns1/velodyne_points/1624825186.391982000.pcd
Cat1,10mph,lr,opposite,8,1624825186.492838000,ns1,/media/batool/MULTIMODAL_DATA/Multimodal_Data/Cat1/opposite/bag_files/Cat1_10mph_lr_opposite_8/lidar_pcd/ns1/velodyne_points/1624825186.492838000.pcd
Cat1,10mph,lr,opposite,8,1624825186.694572000,ns1,/media/batool/MULTIMODAL_DATA/Multimodal_Data/Cat1/opposite/bag_files/Cat1_10mph_lr_opposite_8/lidar_pcd/ns1/velodyne_points/1624825186.694572000.pcd
Cat1,10mph,lr,opposite,8,1624825186.795418000,ns1,/media/batool/MULTIMODAL_DATA/Multimodal_Data/Cat1/opposite/bag_files/Cat1_10mph_lr_opposite_8/lidar_pcd/ns1/velodyne_points/1624825186.795418000.pcd
Cat1,10mph,lr,opposite,8,1624825186.896264000,ns1,/media/batool/MULTIMODAL_DATA/Multimodal_Data/Cat1/opposite/bag_files/Cat1_10mph_lr_opposite_8/lidar_pcd/ns1/velodyne_points/1624825186.896264000.pcd
Cat1,10mph,lr,opposite,8,1624825186.997150000,ns1,/media/batool/MULTIMODAL_DATA/Multimodal_Data/Cat1/opposite/bag_files/Cat1_10mph_lr_opposite_8/lidar_pcd/ns1/velodyne_points/1624825186.997150000.pcd
Cat1,10mph,lr,opposite,8,1624825187.097949000,ns1,/media/batool/MULTIMODAL_DATA/Multimodal_Data/Cat1/opposite/bag_files/Cat1_10mph_lr_opposite_8/lidar_pcd/ns1/velodyne_points/1624825187.097949000.pcd
Cat1,10mph,lr,opposite,8,1624825187.198868000,ns1,/media/batool/MULTIMODAL_DATA/Multimodal_Data/Cat1/opposite/bag_files/Cat1_10mph_lr_opposite_8/lidar_pcd/ns1/velodyne_points/1624825187.198868000.pcd
Cat1,10mph,lr,opposite,8,1624825187.299731000,ns1,/media/batool/MULTIMODAL_DATA/Multimodal_Data/Cat1/opposite/bag_files/Cat1_10mph_lr_opposite_8/lidar_pcd/ns1/velodyne_points/1624825187.299731000.pcd
Cat1,10mph,lr,opposite,8,1624825187.400569000,ns1,/media/batool/MULTIMODAL_DATA/Multimodal_Data/Cat1/opposite/bag_files/Cat1_10mph_lr_opposite_8/lidar_pcd/ns1/velodyne_points/1624825187.400569000.pcd
Cat1,10mph,lr,opposite,8,1624825187.501395000,ns1,/media/batool/MULTIMODAL_DATA/Multimodal_Data/Cat1/opposite/bag_files/Cat1_10mph_lr_opposite_8/lidar_pcd/ns1/velodyne_points/1624825187.501395000.pcd
Cat1,10mph,lr,opposite,8,1624825187.602281000,ns1,/media/batool/MULTIMODAL_DATA/Multimodal_Data/Cat1/opposite/bag_files/Cat1_10mph_lr_opposite_8/lidar_pcd/ns1/velodyne_points/1624825187.602281000.pcd
Cat1,10mph,lr,opposite,8,1624825187.703102000,ns1,/media/batool/MULTIMODAL_DATA/Multimodal_Data/Cat1/opposite/bag_files/Cat1_10mph_lr_opposite_8/lidar_pcd/ns1/velodyne_points/1624825187.703102000.pcd
Cat1,10mph,lr,opposite,8,1624825187.803983000,ns1,/media/batool/MULTIMODAL_DATA/Multimodal_Data/Cat1/opposite/bag_files/Cat1_10mph_lr_opposite_8/lidar_pcd/ns1/velodyne_points/1624825187.803983000.pcd
Cat1,10mph,lr,opposite,8,1624825187.904854000,ns1,/media/batool/MULTIMODAL_DATA/Multimodal_Data/Cat1/opposite/bag_files/Cat1_10mph_lr_opposite_8/lidar_pcd/ns1/velodyne_points/1624825187.904854000.pcd
Cat1,10mph,lr,opposite,8,1624825188.005713000,ns1,/media/batool/MULTIMODAL_DATA/Multimodal_Data/Cat1/opposite/bag_files/Cat1_10mph_lr_opposite_8/lidar_pcd/ns1/velodyne_points/1624825188.005713000.pcd
Cat1,10mph,lr,opposite,8,1624825188.207424000,ns1,/media/batool/MULTIMODAL_DATA/Multimodal_Data/Cat1/opposite/bag_files/Cat1_10mph_lr_opposite_8/lidar_pcd/ns1/velodyne_points/1624825188.207424000.pcd
Cat1,10mph,lr,opposite,8,1624825188.308282000,ns1,/media/batool/MULTIMODAL_DATA/Multimodal_Data/Cat1/opposite/bag_files/Cat1_10mph_lr_opposite_8/lidar_pcd/ns1/velodyne_points/1624825188.308282000.pcd
Cat1,10mph,lr,opposite,8,1624825188.409118000,ns1,/media/batool/MULTIMODAL_DATA/Multimodal_Data/Cat1/opposite/bag_files/Cat1_10mph_lr_opposite_8/lidar_pcd/ns1/velodyne_points/1624825188.409118000.pcd
Cat1,10mph,lr,opposite,8,1624825188.509993000,ns1,/media/batool/MULTIMODAL_DATA/Multimodal_Data/Cat1/opposite/bag_files/Cat1_10mph_lr_opposite_8/lidar_pcd/ns1/velodyne_points/1624825188.509993000.pcd
Cat1,10mph,lr,opposite,8,1624825188.610837000,ns1,/media/batool/MULTIMODAL_DATA/Multimodal_Data/Cat1/opposite/bag_files/Cat1_10mph_lr_opposite_8/lidar_pcd/ns1/velodyne_points/1624825188.610837000.pcd
Cat1,10mph,lr,opposite,8,1624825188.711706000,ns1,/media/batool/MULTIMODAL_DATA/Multimodal_Data/Cat1/opposite/bag_files/Cat1_10mph_lr_opposite_8/lidar_pcd/ns1/velodyne_points/1624825188.711706000.pcd
Cat1,10mph,lr,opposite,8,1624825188.812554000,ns1,/media/batool/MULTIMODAL_DATA/Multimodal_Data/Cat1/opposite/bag_files/Cat1_10mph_lr_opposite_8/lidar_pcd/ns1/velodyne_points/1624825188.812554000.pcd
Cat1,10mph,lr,opposite,8,1624825188.913383000,ns1,/media/batool/MULTIMODAL_DATA/Multimodal_Data/Cat1/opposite/bag_files/Cat1_10mph_lr_opposite_8/lidar_pcd/ns1/velodyne_points/1624825188.913383000.pcd
Cat1,10mph,lr,opposite,8,1624825189.014261000,ns1,/media/batool/MULTIMODAL_DATA/Multimodal_Data/Cat1/opposite/bag_files/Cat1_10mph_lr_opposite_8/lidar_pcd/ns1/velodyne_points/1624825189.014261000.pcd
Cat1,10mph,lr,opposite,8,1624825189.115138000,ns1,/media/batool/MULTIMODAL_DATA/Multimodal_Data/Cat1/opposite/bag_files/Cat1_10mph_lr_opposite_8/lidar_pcd/ns1/velodyne_points/1624825189.115138000.pcd
Cat1,10mph,lr,opposite,8,1624825189.215966000,ns1,/media/batool/MULTIMODAL_DATA/Multimodal_Data/Cat1/opposite/bag_files/Cat1_10mph_lr_opposite_8/lidar_pcd/ns1/velodyne_points/1624825189.215966000.pcd
Cat1,10mph,lr,opposite,8,1624825189.316848000,ns1,/media/batool/MULTIMODAL_DATA/Multimodal_Data/Cat1/opposite/bag_files/Cat1_10mph_lr_opposite_8/lidar_pcd/ns1/velodyne_points/1624825189.316848000.pcd
Cat1,10mph,lr,opposite,8,1624825189.417695000,ns1,/media/batool/MULTIMODAL_DATA/Multimodal_Data/Cat1/opposite/bag_files/Cat1_10mph_lr_opposite_8/lidar_pcd/ns1/velodyne_points/1624825189.417695000.pcd
Cat1,10mph,lr,opposite,8,1624825189.518511000,ns1,/media/batool/MULTIMODAL_DATA/Multimodal_Data/Cat1/opposite/bag_files/Cat1_10mph_lr_opposite_8/lidar_pcd/ns1/velodyne_points/1624825189.518511000.pcd
Cat1,10mph,lr,opposite,8,1624825189.720279000,ns1,/media/batool/MULTIMODAL_DATA/Multimodal_Data/Cat1/opposite/bag_files/Cat1_10mph_lr_opposite_8/lidar_pcd/ns1/velodyne_points/1624825189.720279000.pcd
Cat1,10mph,lr,opposite,8,1624825189.821136000,ns1,/media/batool/MULTIMODAL_DATA/Multimodal_Data/Cat1/opposite/bag_files/Cat1_10mph_lr_opposite_8/lidar_pcd/ns1/velodyne_points/1624825189.821136000.pcd
Cat1,10mph,lr,opposite,8,1624825189.921987000,ns1,/media/batool/MULTIMODAL_DATA/Multimodal_Data/Cat1/opposite/bag_files/Cat1_10mph_lr_opposite_8/lidar_pcd/ns1/velodyne_points/1624825189.921987000.pcd
Cat1,10mph,lr,opposite,8,1624825190.022825000,ns1,/media/batool/MULTIMODAL_DATA/Multimodal_Data/Cat1/opposite/bag_files/Cat1_10mph_lr_opposite_8/lidar_pcd/ns1/velodyne_points/1624825190.022825000.pcd
Cat1,10mph,lr,opposite,8,1624825190.123702000,ns1,/media/batool/MULTIMODAL_DATA/Multimodal_Data/Cat1/opposite/bag_files/Cat1_10mph_lr_opposite_8/lidar_pcd/ns1/velodyne_points/1624825190.123702000.pcd
Cat1,10mph,lr,opposite,8,1624825190.224554000,ns1,/media/batool/MULTIMODAL_DATA/Multimodal_Data/Cat1/opposite/bag_files/Cat1_10mph_lr_opposite_8/lidar_pcd/ns1/velodyne_points/1624825190.224554000.pcd
Cat1,10mph,lr,opposite,8,1624825190.325400000,ns1,/media/batool/MULTIMODAL_DATA/Multimodal_Data/Cat1/opposite/bag_files/Cat1_10mph_lr_opposite_8/lidar_pcd/ns1/velodyne_points/1624825190.325400000.pcd
Cat1,10mph,lr,opposite,8,1624825190.426272000,ns1,/media/batool/MULTIMODAL_DATA/Multimodal_Data/Cat1/opposite/bag_files/Cat1_10mph_lr_opposite_8/lidar_pcd/ns1/velodyne_points/1624825190.426272000.pcd
Cat1,10mph,lr,opposite,8,1624825190.527128000,ns1,/media/batool/MULTIMODAL_DATA/Multimodal_Data/Cat1/opposite/bag_files/Cat1_10mph_lr_opposite_8/lidar_pcd/ns1/velodyne_points/1624825190.527128000.pcd
Cat1,10mph,lr,opposite,8,1624825190.627974000,ns1,/media/batool/MULTIMODAL_DATA/Multimodal_Data/Cat1/opposite/bag_files/Cat1_10mph_lr_opposite_8/lidar_pcd/ns1/velodyne_points/1624825190.627974000.pcd
Cat1,10mph,lr,opposite,8,1624825190.728789000,ns1,/media/batool/MULTIMODAL_DATA/Multimodal_Data/Cat1/opposite/bag_files/Cat1_10mph_lr_opposite_8/lidar_pcd/ns1/velodyne_points/1624825190.728789000.pcd
Cat1,10mph,lr,opposite,8,1624825190.829701000,ns1,/media/batool/MULTIMODAL_DATA/Multimodal_Data/Cat1/opposite/bag_files/Cat1_10mph_lr_opposite_8/lidar_pcd/ns1/velodyne_points/1624825190.829701000.pcd
Cat1,10mph,lr,opposite,8,1624825190.930610000,ns1,/media/batool/MULTIMODAL_DATA/Multimodal_Data/Cat1/opposite/bag_files/Cat1_10mph_lr_opposite_8/lidar_pcd/ns1/velodyne_points/1624825190.930610000.pcd
Cat1,10mph,lr,opposite,8,1624825191.031414000,ns1,/media/batool/MULTIMODAL_DATA/Multimodal_Data/Cat1/opposite/bag_files/Cat1_10mph_lr_opposite_8/lidar_pcd/ns1/velodyne_points/1624825191.031414000.pcd
Cat1,10mph,lr,opposite,8,1624825191.233152000,ns1,/media/batool/MULTIMODAL_DATA/Multimodal_Data/Cat1/opposite/bag_files/Cat1_10mph_lr_opposite_8/lidar_pcd/ns1/velodyne_points/1624825191.233152000.pcd
Cat1,10mph,lr,opposite,8,1624825191.333954000,ns1,/media/batool/MULTIMODAL_DATA/Multimodal_Data/Cat1/opposite/bag_files/Cat1_10mph_lr_opposite_8/lidar_pcd/ns1/velodyne_points/1624825191.333954000.pcd
Cat1,10mph,lr,opposite,8,1624825191.434834000,ns1,/media/batool/MULTIMODAL_DATA/Multimodal_Data/Cat1/opposite/bag_files/Cat1_10mph_lr_opposite_8/lidar_pcd/ns1/velodyne_points/1624825191.434834000.pcd
Cat1,10mph,lr,opposite,8,1624825191.535698000,ns1,/media/batool/MULTIMODAL_DATA/Multimodal_Data/Cat1/opposite/bag_files/Cat1_10mph_lr_opposite_8/lidar_pcd/ns1/velodyne_points/1624825191.535698000.pcd
Cat1,10mph,lr,opposite,8,1624825191.636540000,ns1,/media/batool/MULTIMODAL_DATA/Multimodal_Data/Cat1/opposite/bag_files/Cat1_10mph_lr_opposite_8/lidar_pcd/ns1/velodyne_points/1624825191.636540000.pcd
Cat1,10mph,lr,opposite,8,1624825191.737387000,ns1,/media/batool/MULTIMODAL_DATA/Multimodal_Data/Cat1/opposite/bag_files/Cat1_10mph_lr_opposite_8/lidar_pcd/ns1/velodyne_points/1624825191.737387000.pcd
Cat1,10mph,lr,opposite,8,1624825191.838265000,ns1,/media/batool/MULTIMODAL_DATA/Multimodal_Data/Cat1/opposite/bag_files/Cat1_10mph_lr_opposite_8/lidar_pcd/ns1/velodyne_points/1624825191.838265000.pcd
Cat1,10mph,lr,opposite,8,1624825191.939129000,ns1,/media/batool/MULTIMODAL_DATA/Multimodal_Data/Cat1/opposite/bag_files/Cat1_10mph_lr_opposite_8/lidar_pcd/ns1/velodyne_points/1624825191.939129000.pcd
Cat1,10mph,lr,opposite,8,1624825192.039943000,ns1,/media/batool/MULTIMODAL_DATA/Multimodal_Data/Cat1/opposite/bag_files/Cat1_10mph_lr_opposite_8/lidar_pcd/ns1/velodyne_points/1624825192.039943000.pcd
Cat1,10mph,lr,opposite,8,1624825192.140837000,ns1,/media/batool/MULTIMODAL_DATA/Multimodal_Data/Cat1/opposite/bag_files/Cat1_10mph_lr_opposite_8/lidar_pcd/ns1/velodyne_points/1624825192.140837000.pcd
Cat1,10mph,lr,opposite,8,1624825192.241684000,ns1,/media/batool/MULTIMODAL_DATA/Multimodal_Data/Cat1/opposite/bag_files/Cat1_10mph_lr_opposite_8/lidar_pcd/ns1/velodyne_points/1624825192.241684000.pcd
Cat1,10mph,lr,opposite,8,1624825192.342541000,ns1,/media/batool/MULTIMODAL_DATA/Multimodal_Data/Cat1/opposite/bag_files/Cat1_10mph_lr_opposite_8/lidar_pcd/ns1/velodyne_points/1624825192.342541000.pcd
Cat1,10mph,lr,opposite,8,1624825192.443364000,ns1,/media/batool/MULTIMODAL_DATA/Multimodal_Data/Cat1/opposite/bag_files/Cat1_10mph_lr_opposite_8/lidar_pcd/ns1/velodyne_points/1624825192.443364000.pcd
Cat1,10mph,lr,opposite,8,1624825192.544248000,ns1,/media/batool/MULTIMODAL_DATA/Multimodal_Data/Cat1/opposite/bag_files/Cat1_10mph_lr_opposite_8/lidar_pcd/ns1/velodyne_points/1624825192.544248000.pcd
Cat1,10mph,lr,opposite,8,1624825192.746021000,ns1,/media/batool/MULTIMODAL_DATA/Multimodal_Data/Cat1/opposite/bag_files/Cat1_10mph_lr_opposite_8/lidar_pcd/ns1/velodyne_points/1624825192.746021000.pcd
Cat1,10mph,lr,opposite,8,1624825192.846790000,ns1,/media/batool/MULTIMODAL_DATA/Multimodal_Data/Cat1/opposite/bag_files/Cat1_10mph_lr_opposite_8/lidar_pcd/ns1/velodyne_points/1624825192.846790000.pcd
Cat1,10mph,lr,opposite,8,1624825192.947662000,ns1,/media/batool/MULTIMODAL_DATA/Multimodal_Data/Cat1/opposite/bag_files/Cat1_10mph_lr_opposite_8/lidar_pcd/ns1/velodyne_points/1624825192.947662000.pcd
Cat1,10mph,lr,opposite,8,1624825193.048531000,ns1,/media/batool/MULTIMODAL_DATA/Multimodal_Data/Cat1/opposite/bag_files/Cat1_10mph_lr_opposite_8/lidar_pcd/ns1/velodyne_points/1624825193.048531000.pcd
Cat1,10mph,lr,opposite,8,1624825193.149385000,ns1,/media/batool/MULTIMODAL_DATA/Multimodal_Data/Cat1/opposite/bag_files/Cat1_10mph_lr_opposite_8/lidar_pcd/ns1/velodyne_points/1624825193.149385000.pcd
Cat1,10mph,lr,opposite,8,1624825193.250255000,ns1,/media/batool/MULTIMODAL_DATA/Multimodal_Data/Cat1/opposite/bag_files/Cat1_10mph_lr_opposite_8/lidar_pcd/ns1/velodyne_points/1624825193.250255000.pcd
Cat1,10mph,lr,opposite,8,1624825193.351088000,ns1,/media/batool/MULTIMODAL_DATA/Multimodal_Data/Cat1/opposite/bag_files/Cat1_10mph_lr_opposite_8/lidar_pcd/ns1/velodyne_points/1624825193.351088000.pcd
Cat1,10mph,lr,opposite,8,1624825193.451957000,ns1,/media/batool/MULTIMODAL_DATA/Multimodal_Data/Cat1/opposite/bag_files/Cat1_10mph_lr_opposite_8/lidar_pcd/ns1/velodyne_points/1624825193.451957000.pcd
Cat1,10mph,lr,opposite,8,1624825193.552817000,ns1,/media/batool/MULTIMODAL_DATA/Multimodal_Data/Cat1/opposite/bag_files/Cat1_10mph_lr_opposite_8/lidar_pcd/ns1/velodyne_points/1624825193.552817000.pcd
Cat1,10mph,lr,opposite,8,1624825193.653645000,ns1,/media/batool/MULTIMODAL_DATA/Multimodal_Data/Cat1/opposite/bag_files/Cat1_10mph_lr_opposite_8/lidar_pcd/ns1/velodyne_points/1624825193.653645000.pcd
Cat1,10mph,lr,opposite,8,1624825193.754501000,ns1,/media/batool/MULTIMODAL_DATA/Multimodal_Data/Cat1/opposite/bag_files/Cat1_10mph_lr_opposite_8/lidar_pcd/ns1/velodyne_points/1624825193.754501000.pcd
Cat1,10mph,lr,opposite,8,1624825193.855356000,ns1,/media/batool/MULTIMODAL_DATA/Multimodal_Data/Cat1/opposite/bag_files/Cat1_10mph_lr_opposite_8/lidar_pcd/ns1/velodyne_points/1624825193.855356000.pcd
Cat1,10mph,lr,opposite,8,1624825193.956213000,ns1,/media/batool/MULTIMODAL_DATA/Multimodal_Data/Cat1/opposite/bag_files/Cat1_10mph_lr_opposite_8/lidar_pcd/ns1/velodyne_points/1624825193.956213000.pcd
Cat1,10mph,lr,opposite,8,1624825194.057118000,ns1,/media/batool/MULTIMODAL_DATA/Multimodal_Data/Cat1/opposite/bag_files/Cat1_10mph_lr_opposite_8/lidar_pcd/ns1/velodyne_points/1624825194.057118000.pcd
Cat1,10mph,lr,opposite,8,1624825194.258877000,ns1,/media/batool/MULTIMODAL_DATA/Multimodal_Data/Cat1/opposite/bag_files/Cat1_10mph_lr_opposite_8/lidar_pcd/ns1/velodyne_points/1624825194.258877000.pcd
Cat1,10mph,lr,opposite,8,1624825194.359671000,ns1,/media/batool/MULTIMODAL_DATA/Multimodal_Data/Cat1/opposite/bag_files/Cat1_10mph_lr_opposite_8/lidar_pcd/ns1/velodyne_points/1624825194.359671000.pcd
Cat1,10mph,lr,opposite,8,1624825194.460528000,ns1,/media/batool/MULTIMODAL_DATA/Multimodal_Data/Cat1/opposite/bag_files/Cat1_10mph_lr_opposite_8/lidar_pcd/ns1/velodyne_points/1624825194.460528000.pcd
Cat1,10mph,lr,opposite,8,1624825194.561384000,ns1,/media/batool/MULTIMODAL_DATA/Multimodal_Data/Cat1/opposite/bag_files/Cat1_10mph_lr_opposite_8/lidar_pcd/ns1/velodyne_points/1624825194.561384000.pcd
Cat1,10mph,lr,opposite,8,1624825194.662249000,ns1,/media/batool/MULTIMODAL_DATA/Multimodal_Data/Cat1/opposite/bag_files/Cat1_10mph_lr_opposite_8/lidar_pcd/ns1/velodyne_points/1624825194.662249000.pcd
Cat1,10mph,lr,opposite,8,1624825194.763113000,ns1,/media/batool/MULTIMODAL_DATA/Multimodal_Data/Cat1/opposite/bag_files/Cat1_10mph_lr_opposite_8/lidar_pcd/ns1/velodyne_points/1624825194.763113000.pcd
Cat1,10mph,lr,opposite,8,1624825194.863927000,ns1,/media/batool/MULTIMODAL_DATA/Multimodal_Data/Cat1/opposite/bag_files/Cat1_10mph_lr_opposite_8/lidar_pcd/ns1/velodyne_points/1624825194.863927000.pcd
Cat1,10mph,lr,opposite,8,1624825194.964791000,ns1,/media/batool/MULTIMODAL_DATA/Multimodal_Data/Cat1/opposite/bag_files/Cat1_10mph_lr_opposite_8/lidar_pcd/ns1/velodyne_points/1624825194.964791000.pcd
Cat1,10mph,lr,opposite,8,1624825195.065641000,ns1,/media/batool/MULTIMODAL_DATA/Multimodal_Data/Cat1/opposite/bag_files/Cat1_10mph_lr_opposite_8/lidar_pcd/ns1/velodyne_points/1624825195.065641000.pcd
Cat1,10mph,lr,opposite,8,1624825195.166512000,ns1,/media/batool/MULTIMODAL_DATA/Multimodal_Data/Cat1/opposite/bag_files/Cat1_10mph_lr_opposite_8/lidar_pcd/ns1/velodyne_points/1624825195.166512000.pcd
Cat1,10mph,lr,opposite,8,1624825195.267399000,ns1,/media/batool/MULTIMODAL_DATA/Multimodal_Data/Cat1/opposite/bag_files/Cat1_10mph_lr_opposite_8/lidar_pcd/ns1/velodyne_points/1624825195.267399000.pcd
Cat1,10mph,lr,opposite,8,1624825195.368239000,ns1,/media/batool/MULTIMODAL_DATA/Multimodal_Data/Cat1/opposite/bag_files/Cat1_10mph_lr_opposite_8/lidar_pcd/ns1/velodyne_points/1624825195.368239000.pcd
Cat1,10mph,lr,opposite,8,1624825195.469068000,ns1,/media/batool/MULTIMODAL_DATA/Multimodal_Data/Cat1/opposite/bag_files/Cat1_10mph_lr_opposite_8/lidar_pcd/ns1/velodyne_points/1624825195.469068000.pcd
Cat1,10mph,lr,opposite,8,1624825195.569935000,ns1,/media/batool/MULTIMODAL_DATA/Multimodal_Data/Cat1/opposite/bag_files/Cat1_10mph_lr_opposite_8/lidar_pcd/ns1/velodyne_points/1624825195.569935000.pcd
Cat1,10mph,lr,opposite,8,1624825195.771665000,ns1,/media/batool/MULTIMODAL_DATA/Multimodal_Data/Cat1/opposite/bag_files/Cat1_10mph_lr_opposite_8/lidar_pcd/ns1/velodyne_points/1624825195.771665000.pcd
Cat1,10mph,lr,opposite,8,1624825195.872528000,ns1,/media/batool/MULTIMODAL_DATA/Multimodal_Data/Cat1/opposite/bag_files/Cat1_10mph_lr_opposite_8/lidar_pcd/ns1/velodyne_points/1624825195.872528000.pcd
Cat1,10mph,lr,opposite,8,1624825195.973374000,ns1,/media/batool/MULTIMODAL_DATA/Multimodal_Data/Cat1/opposite/bag_files/Cat1_10mph_lr_opposite_8/lidar_pcd/ns1/velodyne_points/1624825195.973374000.pcd
Cat1,10mph,lr,opposite,8,1624825196.074245000,ns1,/media/batool/MULTIMODAL_DATA/Multimodal_Data/Cat1/opposite/bag_files/Cat1_10mph_lr_opposite_8/lidar_pcd/ns1/velodyne_points/1624825196.074245000.pcd
Cat1,10mph,lr,opposite,8,1624825196.175090000,ns1,/media/batool/MULTIMODAL_DATA/Multimodal_Data/Cat1/opposite/bag_files/Cat1_10mph_lr_opposite_8/lidar_pcd/ns1/velodyne_points/1624825196.175090000.pcd
Cat1,10mph,lr,opposite,8,1624825196.275937000,ns1,/media/batool/MULTIMODAL_DATA/Multimodal_Data/Cat1/opposite/bag_files/Cat1_10mph_lr_opposite_8/lidar_pcd/ns1/velodyne_points/1624825196.275937000.pcd
Cat1,10mph,lr,opposite,8,1624825196.376804000,ns1,/media/batool/MULTIMODAL_DATA/Multimodal_Data/Cat1/opposite/bag_files/Cat1_10mph_lr_opposite_8/lidar_pcd/ns1/velodyne_points/1624825196.376804000.pcd
Cat1,10mph,lr,opposite,8,1624825196.477647000,ns1,/media/batool/MULTIMODAL_DATA/Multimodal_Data/Cat1/opposite/bag_files/Cat1_10mph_lr_opposite_8/lidar_pcd/ns1/velodyne_points/1624825196.477647000.pcd
Cat1,10mph,lr,opposite,8,1624825196.578504000,ns1,/media/batool/MULTIMODAL_DATA/Multimodal_Data/Cat1/opposite/bag_files/Cat1_10mph_lr_opposite_8/lidar_pcd/ns1/velodyne_points/1624825196.578504000.pcd
Cat1,10mph,lr,opposite,8,1624825196.679344000,ns1,/media/batool/MULTIMODAL_DATA/Multimodal_Data/Cat1/opposite/bag_files/Cat1_10mph_lr_opposite_8/lidar_pcd/ns1/velodyne_points/1624825196.679344000.pcd
Cat1,10mph,lr,opposite,8,1624825196.780226000,ns1,/media/batool/MULTIMODAL_DATA/Multimodal_Data/Cat1/opposite/bag_files/Cat1_10mph_lr_opposite_8/lidar_pcd/ns1/velodyne_points/1624825196.780226000.pcd
Cat1,10mph,lr,opposite,8,1624825196.881069000,ns1,/media/batool/MULTIMODAL_DATA/Multimodal_Data/Cat1/opposite/bag_files/Cat1_10mph_lr_opposite_8/lidar_pcd/ns1/velodyne_points/1624825196.881069000.pcd
Cat1,10mph,lr,opposite,8,1624825196.981949000,ns1,/media/batool/MULTIMODAL_DATA/Multimodal_Data/Cat1/opposite/bag_files/Cat1_10mph_lr_opposite_8/lidar_pcd/ns1/velodyne_points/1624825196.981949000.pcd
Cat1,10mph,lr,opposite,8,1624825197.082803000,ns1,/media/batool/MULTIMODAL_DATA/Multimodal_Data/Cat1/opposite/bag_files/Cat1_10mph_lr_opposite_8/lidar_pcd/ns1/velodyne_points/1624825197.082803000.pcd
Cat1,10mph,lr,opposite,8,1624825197.183677000,ns1,/media/batool/MULTIMODAL_DATA/Multimodal_Data/Cat1/opposite/bag_files/Cat1_10mph_lr_opposite_8/lidar_pcd/ns1/velodyne_points/1624825197.183677000.pcd
Cat1,10mph,lr,opposite,8,1624825197.284519000,ns1,/media/batool/MULTIMODAL_DATA/Multimodal_Data/Cat1/opposite/bag_files/Cat1_10mph_lr_opposite_8/lidar_pcd/ns1/velodyne_points/1624825197.284519000.pcd
