Category,speed,direction,lane,episode,Time header,Image_path
Cat1,20mph,lr,opposite,6,1624829831.5821488,/media/batool/MULTIMODAL_DATA/Multimodal_Data/Cat1/opposite/bag_files/Cat1_20mph_lr_opposite_6/camera_images/1624829831.5821488.jpg
Cat1,20mph,lr,opposite,6,1624829831.615482,/media/batool/MULTIMODAL_DATA/Multimodal_Data/Cat1/opposite/bag_files/Cat1_20mph_lr_opposite_6/camera_images/1624829831.615482.jpg
Cat1,20mph,lr,opposite,6,1624829831.6488154,/media/batool/MULTIMODAL_DATA/Multimodal_Data/Cat1/opposite/bag_files/Cat1_20mph_lr_opposite_6/camera_images/1624829831.6488154.jpg
Cat1,20mph,lr,opposite,6,1624829831.6821487,/media/batool/MULTIMODAL_DATA/Multimodal_Data/Cat1/opposite/bag_files/Cat1_20mph_lr_opposite_6/camera_images/1624829831.6821487.jpg
Cat1,20mph,lr,opposite,6,1624829831.715482,/media/batool/MULTIMODAL_DATA/Multimodal_Data/Cat1/opposite/bag_files/Cat1_20mph_lr_opposite_6/camera_images/1624829831.715482.jpg
Cat1,20mph,lr,opposite,6,1624829831.7488153,/media/batool/MULTIMODAL_DATA/Multimodal_Data/Cat1/opposite/bag_files/Cat1_20mph_lr_opposite_6/camera_images/1624829831.7488153.jpg
Cat1,20mph,lr,opposite,6,1624829831.7821486,/media/batool/MULTIMODAL_DATA/Multimodal_Data/Cat1/opposite/bag_files/Cat1_20mph_lr_opposite_6/camera_images/1624829831.7821486.jpg
Cat1,20mph,lr,opposite,6,1624829831.815482,/media/batool/MULTIMODAL_DATA/Multimodal_Data/Cat1/opposite/bag_files/Cat1_20mph_lr_opposite_6/camera_images/1624829831.815482.jpg
Cat1,20mph,lr,opposite,6,1624829831.8488152,/media/batool/MULTIMODAL_DATA/Multimodal_Data/Cat1/opposite/bag_files/Cat1_20mph_lr_opposite_6/camera_images/1624829831.8488152.jpg
Cat1,20mph,lr,opposite,6,1624829831.8821485,/media/batool/MULTIMODAL_DATA/Multimodal_Data/Cat1/opposite/bag_files/Cat1_20mph_lr_opposite_6/camera_images/1624829831.8821485.jpg
Cat1,20mph,lr,opposite,6,1624829831.9154818,/media/batool/MULTIMODAL_DATA/Multimodal_Data/Cat1/opposite/bag_files/Cat1_20mph_lr_opposite_6/camera_images/1624829831.9154818.jpg
Cat1,20mph,lr,opposite,6,1624829831.948815,/media/batool/MULTIMODAL_DATA/Multimodal_Data/Cat1/opposite/bag_files/Cat1_20mph_lr_opposite_6/camera_images/1624829831.948815.jpg
Cat1,20mph,lr,opposite,6,1624829831.9821484,/media/batool/MULTIMODAL_DATA/Multimodal_Data/Cat1/opposite/bag_files/Cat1_20mph_lr_opposite_6/camera_images/1624829831.9821484.jpg
Cat1,20mph,lr,opposite,6,1624829832.0154817,/media/batool/MULTIMODAL_DATA/Multimodal_Data/Cat1/opposite/bag_files/Cat1_20mph_lr_opposite_6/camera_images/1624829832.0154817.jpg
Cat1,20mph,lr,opposite,6,1624829832.048815,/media/batool/MULTIMODAL_DATA/Multimodal_Data/Cat1/opposite/bag_files/Cat1_20mph_lr_opposite_6/camera_images/1624829832.048815.jpg
Cat1,20mph,lr,opposite,6,1624829832.1154816,/media/batool/MULTIMODAL_DATA/Multimodal_Data/Cat1/opposite/bag_files/Cat1_20mph_lr_opposite_6/camera_images/1624829832.1154816.jpg
Cat1,20mph,lr,opposite,6,1624829832.148815,/media/batool/MULTIMODAL_DATA/Multimodal_Data/Cat1/opposite/bag_files/Cat1_20mph_lr_opposite_6/camera_images/1624829832.148815.jpg
Cat1,20mph,lr,opposite,6,1624829832.1821482,/media/batool/MULTIMODAL_DATA/Multimodal_Data/Cat1/opposite/bag_files/Cat1_20mph_lr_opposite_6/camera_images/1624829832.1821482.jpg
Cat1,20mph,lr,opposite,6,1624829832.2154815,/media/batool/MULTIMODAL_DATA/Multimodal_Data/Cat1/opposite/bag_files/Cat1_20mph_lr_opposite_6/camera_images/1624829832.2154815.jpg
Cat1,20mph,lr,opposite,6,1624829832.2488148,/media/batool/MULTIMODAL_DATA/Multimodal_Data/Cat1/opposite/bag_files/Cat1_20mph_lr_opposite_6/camera_images/1624829832.2488148.jpg
Cat1,20mph,lr,opposite,6,1624829832.2821481,/media/batool/MULTIMODAL_DATA/Multimodal_Data/Cat1/opposite/bag_files/Cat1_20mph_lr_opposite_6/camera_images/1624829832.2821481.jpg
Cat1,20mph,lr,opposite,6,1624829832.3154814,/media/batool/MULTIMODAL_DATA/Multimodal_Data/Cat1/opposite/bag_files/Cat1_20mph_lr_opposite_6/camera_images/1624829832.3154814.jpg
Cat1,20mph,lr,opposite,6,1624829832.3488147,/media/batool/MULTIMODAL_DATA/Multimodal_Data/Cat1/opposite/bag_files/Cat1_20mph_lr_opposite_6/camera_images/1624829832.3488147.jpg
Cat1,20mph,lr,opposite,6,1624829832.382148,/media/batool/MULTIMODAL_DATA/Multimodal_Data/Cat1/opposite/bag_files/Cat1_20mph_lr_opposite_6/camera_images/1624829832.382148.jpg
Cat1,20mph,lr,opposite,6,1624829832.4154813,/media/batool/MULTIMODAL_DATA/Multimodal_Data/Cat1/opposite/bag_files/Cat1_20mph_lr_opposite_6/camera_images/1624829832.4154813.jpg
Cat1,20mph,lr,opposite,6,1624829832.4488146,/media/batool/MULTIMODAL_DATA/Multimodal_Data/Cat1/opposite/bag_files/Cat1_20mph_lr_opposite_6/camera_images/1624829832.4488146.jpg
Cat1,20mph,lr,opposite,6,1624829832.482148,/media/batool/MULTIMODAL_DATA/Multimodal_Data/Cat1/opposite/bag_files/Cat1_20mph_lr_opposite_6/camera_images/1624829832.482148.jpg
Cat1,20mph,lr,opposite,6,1624829832.5154812,/media/batool/MULTIMODAL_DATA/Multimodal_Data/Cat1/opposite/bag_files/Cat1_20mph_lr_opposite_6/camera_images/1624829832.5154812.jpg
Cat1,20mph,lr,opposite,6,1624829832.5488145,/media/batool/MULTIMODAL_DATA/Multimodal_Data/Cat1/opposite/bag_files/Cat1_20mph_lr_opposite_6/camera_images/1624829832.5488145.jpg
Cat1,20mph,lr,opposite,6,1624829832.5821478,/media/batool/MULTIMODAL_DATA/Multimodal_Data/Cat1/opposite/bag_files/Cat1_20mph_lr_opposite_6/camera_images/1624829832.5821478.jpg
Cat1,20mph,lr,opposite,6,1624829832.6488144,/media/batool/MULTIMODAL_DATA/Multimodal_Data/Cat1/opposite/bag_files/Cat1_20mph_lr_opposite_6/camera_images/1624829832.6488144.jpg
Cat1,20mph,lr,opposite,6,1624829832.6821477,/media/batool/MULTIMODAL_DATA/Multimodal_Data/Cat1/opposite/bag_files/Cat1_20mph_lr_opposite_6/camera_images/1624829832.6821477.jpg
Cat1,20mph,lr,opposite,6,1624829832.715481,/media/batool/MULTIMODAL_DATA/Multimodal_Data/Cat1/opposite/bag_files/Cat1_20mph_lr_opposite_6/camera_images/1624829832.715481.jpg
Cat1,20mph,lr,opposite,6,1624829832.7488143,/media/batool/MULTIMODAL_DATA/Multimodal_Data/Cat1/opposite/bag_files/Cat1_20mph_lr_opposite_6/camera_images/1624829832.7488143.jpg
Cat1,20mph,lr,opposite,6,1624829832.7821476,/media/batool/MULTIMODAL_DATA/Multimodal_Data/Cat1/opposite/bag_files/Cat1_20mph_lr_opposite_6/camera_images/1624829832.7821476.jpg
Cat1,20mph,lr,opposite,6,1624829832.815481,/media/batool/MULTIMODAL_DATA/Multimodal_Data/Cat1/opposite/bag_files/Cat1_20mph_lr_opposite_6/camera_images/1624829832.815481.jpg
Cat1,20mph,lr,opposite,6,1624829832.8488142,/media/batool/MULTIMODAL_DATA/Multimodal_Data/Cat1/opposite/bag_files/Cat1_20mph_lr_opposite_6/camera_images/1624829832.8488142.jpg
Cat1,20mph,lr,opposite,6,1624829832.8821476,/media/batool/MULTIMODAL_DATA/Multimodal_Data/Cat1/opposite/bag_files/Cat1_20mph_lr_opposite_6/camera_images/1624829832.8821476.jpg
Cat1,20mph,lr,opposite,6,1624829832.9154809,/media/batool/MULTIMODAL_DATA/Multimodal_Data/Cat1/opposite/bag_files/Cat1_20mph_lr_opposite_6/camera_images/1624829832.9154809.jpg
Cat1,20mph,lr,opposite,6,1624829832.9488142,/media/batool/MULTIMODAL_DATA/Multimodal_Data/Cat1/opposite/bag_files/Cat1_20mph_lr_opposite_6/camera_images/1624829832.9488142.jpg
Cat1,20mph,lr,opposite,6,1624829832.9821475,/media/batool/MULTIMODAL_DATA/Multimodal_Data/Cat1/opposite/bag_files/Cat1_20mph_lr_opposite_6/camera_images/1624829832.9821475.jpg
Cat1,20mph,lr,opposite,6,1624829833.0154808,/media/batool/MULTIMODAL_DATA/Multimodal_Data/Cat1/opposite/bag_files/Cat1_20mph_lr_opposite_6/camera_images/1624829833.0154808.jpg
Cat1,20mph,lr,opposite,6,1624829833.048814,/media/batool/MULTIMODAL_DATA/Multimodal_Data/Cat1/opposite/bag_files/Cat1_20mph_lr_opposite_6/camera_images/1624829833.048814.jpg
Cat1,20mph,lr,opposite,6,1624829833.0821474,/media/batool/MULTIMODAL_DATA/Multimodal_Data/Cat1/opposite/bag_files/Cat1_20mph_lr_opposite_6/camera_images/1624829833.0821474.jpg
Cat1,20mph,lr,opposite,6,1624829833.1154807,/media/batool/MULTIMODAL_DATA/Multimodal_Data/Cat1/opposite/bag_files/Cat1_20mph_lr_opposite_6/camera_images/1624829833.1154807.jpg
Cat1,20mph,lr,opposite,6,1624829833.1821473,/media/batool/MULTIMODAL_DATA/Multimodal_Data/Cat1/opposite/bag_files/Cat1_20mph_lr_opposite_6/camera_images/1624829833.1821473.jpg
Cat1,20mph,lr,opposite,6,1624829833.2154806,/media/batool/MULTIMODAL_DATA/Multimodal_Data/Cat1/opposite/bag_files/Cat1_20mph_lr_opposite_6/camera_images/1624829833.2154806.jpg
Cat1,20mph,lr,opposite,6,1624829833.2488139,/media/batool/MULTIMODAL_DATA/Multimodal_Data/Cat1/opposite/bag_files/Cat1_20mph_lr_opposite_6/camera_images/1624829833.2488139.jpg
Cat1,20mph,lr,opposite,6,1624829833.2821472,/media/batool/MULTIMODAL_DATA/Multimodal_Data/Cat1/opposite/bag_files/Cat1_20mph_lr_opposite_6/camera_images/1624829833.2821472.jpg
Cat1,20mph,lr,opposite,6,1624829833.3154805,/media/batool/MULTIMODAL_DATA/Multimodal_Data/Cat1/opposite/bag_files/Cat1_20mph_lr_opposite_6/camera_images/1624829833.3154805.jpg
Cat1,20mph,lr,opposite,6,1624829833.3488138,/media/batool/MULTIMODAL_DATA/Multimodal_Data/Cat1/opposite/bag_files/Cat1_20mph_lr_opposite_6/camera_images/1624829833.3488138.jpg
Cat1,20mph,lr,opposite,6,1624829833.382147,/media/batool/MULTIMODAL_DATA/Multimodal_Data/Cat1/opposite/bag_files/Cat1_20mph_lr_opposite_6/camera_images/1624829833.382147.jpg
Cat1,20mph,lr,opposite,6,1624829833.4154804,/media/batool/MULTIMODAL_DATA/Multimodal_Data/Cat1/opposite/bag_files/Cat1_20mph_lr_opposite_6/camera_images/1624829833.4154804.jpg
Cat1,20mph,lr,opposite,6,1624829833.4488137,/media/batool/MULTIMODAL_DATA/Multimodal_Data/Cat1/opposite/bag_files/Cat1_20mph_lr_opposite_6/camera_images/1624829833.4488137.jpg
Cat1,20mph,lr,opposite,6,1624829833.482147,/media/batool/MULTIMODAL_DATA/Multimodal_Data/Cat1/opposite/bag_files/Cat1_20mph_lr_opposite_6/camera_images/1624829833.482147.jpg
Cat1,20mph,lr,opposite,6,1624829833.5154803,/media/batool/MULTIMODAL_DATA/Multimodal_Data/Cat1/opposite/bag_files/Cat1_20mph_lr_opposite_6/camera_images/1624829833.5154803.jpg
Cat1,20mph,lr,opposite,6,1624829833.5488136,/media/batool/MULTIMODAL_DATA/Multimodal_Data/Cat1/opposite/bag_files/Cat1_20mph_lr_opposite_6/camera_images/1624829833.5488136.jpg
Cat1,20mph,lr,opposite,6,1624829833.582147,/media/batool/MULTIMODAL_DATA/Multimodal_Data/Cat1/opposite/bag_files/Cat1_20mph_lr_opposite_6/camera_images/1624829833.582147.jpg
Cat1,20mph,lr,opposite,6,1624829833.6154802,/media/batool/MULTIMODAL_DATA/Multimodal_Data/Cat1/opposite/bag_files/Cat1_20mph_lr_opposite_6/camera_images/1624829833.6154802.jpg
Cat1,20mph,lr,opposite,6,1624829833.6488135,/media/batool/MULTIMODAL_DATA/Multimodal_Data/Cat1/opposite/bag_files/Cat1_20mph_lr_opposite_6/camera_images/1624829833.6488135.jpg
Cat1,20mph,lr,opposite,6,1624829832.0821483,/media/batool/MULTIMODAL_DATA/Multimodal_Data/Cat1/opposite/bag_files/Cat1_20mph_lr_opposite_6/camera_images/1624829832.0821483.jpg
Cat1,20mph,lr,opposite,6,1624829832.6154811,/media/batool/MULTIMODAL_DATA/Multimodal_Data/Cat1/opposite/bag_files/Cat1_20mph_lr_opposite_6/camera_images/1624829832.6154811.jpg
Cat1,20mph,lr,opposite,6,1624829833.148814,/media/batool/MULTIMODAL_DATA/Multimodal_Data/Cat1/opposite/bag_files/Cat1_20mph_lr_opposite_6/camera_images/1624829833.148814.jpg
Cat1,20mph,lr,opposite,6,1624829833.6821468,/media/batool/MULTIMODAL_DATA/Multimodal_Data/Cat1/opposite/bag_files/Cat1_20mph_lr_opposite_6/camera_images/1624829833.6821468.jpg
Cat1,20mph,lr,opposite,6,1624829834.2154796,/media/batool/MULTIMODAL_DATA/Multimodal_Data/Cat1/opposite/bag_files/Cat1_20mph_lr_opposite_6/camera_images/1624829834.2154796.jpg
Cat1,20mph,lr,opposite,6,1624829834.7488124,/media/batool/MULTIMODAL_DATA/Multimodal_Data/Cat1/opposite/bag_files/Cat1_20mph_lr_opposite_6/camera_images/1624829834.7488124.jpg
Cat1,20mph,lr,opposite,6,1624829835.2821453,/media/batool/MULTIMODAL_DATA/Multimodal_Data/Cat1/opposite/bag_files/Cat1_20mph_lr_opposite_6/camera_images/1624829835.2821453.jpg
Cat1,20mph,lr,opposite,6,1624829835.815478,/media/batool/MULTIMODAL_DATA/Multimodal_Data/Cat1/opposite/bag_files/Cat1_20mph_lr_opposite_6/camera_images/1624829835.815478.jpg
Cat1,20mph,lr,opposite,6,1624829836.348811,/media/batool/MULTIMODAL_DATA/Multimodal_Data/Cat1/opposite/bag_files/Cat1_20mph_lr_opposite_6/camera_images/1624829836.348811.jpg
Cat1,20mph,lr,opposite,6,1624829836.8821437,/media/batool/MULTIMODAL_DATA/Multimodal_Data/Cat1/opposite/bag_files/Cat1_20mph_lr_opposite_6/camera_images/1624829836.8821437.jpg
Cat1,20mph,lr,opposite,6,1624829837.4154766,/media/batool/MULTIMODAL_DATA/Multimodal_Data/Cat1/opposite/bag_files/Cat1_20mph_lr_opposite_6/camera_images/1624829837.4154766.jpg
Cat1,20mph,lr,opposite,6,1624829837.9488094,/media/batool/MULTIMODAL_DATA/Multimodal_Data/Cat1/opposite/bag_files/Cat1_20mph_lr_opposite_6/camera_images/1624829837.9488094.jpg
Cat1,20mph,lr,opposite,6,1624829838.4821422,/media/batool/MULTIMODAL_DATA/Multimodal_Data/Cat1/opposite/bag_files/Cat1_20mph_lr_opposite_6/camera_images/1624829838.4821422.jpg
Cat1,20mph,lr,opposite,6,1624829839.015475,/media/batool/MULTIMODAL_DATA/Multimodal_Data/Cat1/opposite/bag_files/Cat1_20mph_lr_opposite_6/camera_images/1624829839.015475.jpg
Cat1,20mph,lr,opposite,6,1624829839.5488079,/media/batool/MULTIMODAL_DATA/Multimodal_Data/Cat1/opposite/bag_files/Cat1_20mph_lr_opposite_6/camera_images/1624829839.5488079.jpg
Cat1,20mph,lr,opposite,6,1624829840.0821407,/media/batool/MULTIMODAL_DATA/Multimodal_Data/Cat1/opposite/bag_files/Cat1_20mph_lr_opposite_6/camera_images/1624829840.0821407.jpg
Cat1,20mph,lr,opposite,6,1624829840.6154735,/media/batool/MULTIMODAL_DATA/Multimodal_Data/Cat1/opposite/bag_files/Cat1_20mph_lr_opposite_6/camera_images/1624829840.6154735.jpg
Cat1,20mph,lr,opposite,6,1624829841.1488063,/media/batool/MULTIMODAL_DATA/Multimodal_Data/Cat1/opposite/bag_files/Cat1_20mph_lr_opposite_6/camera_images/1624829841.1488063.jpg
Cat1,20mph,lr,opposite,6,1624829841.6821392,/media/batool/MULTIMODAL_DATA/Multimodal_Data/Cat1/opposite/bag_files/Cat1_20mph_lr_opposite_6/camera_images/1624829841.6821392.jpg
Cat1,20mph,lr,opposite,6,1624829842.215472,/media/batool/MULTIMODAL_DATA/Multimodal_Data/Cat1/opposite/bag_files/Cat1_20mph_lr_opposite_6/camera_images/1624829842.215472.jpg
Cat1,20mph,lr,opposite,6,1624829842.7488048,/media/batool/MULTIMODAL_DATA/Multimodal_Data/Cat1/opposite/bag_files/Cat1_20mph_lr_opposite_6/camera_images/1624829842.7488048.jpg
Cat1,20mph,lr,opposite,6,1624829843.2821376,/media/batool/MULTIMODAL_DATA/Multimodal_Data/Cat1/opposite/bag_files/Cat1_20mph_lr_opposite_6/camera_images/1624829843.2821376.jpg
Cat1,20mph,lr,opposite,6,1624829843.8154705,/media/batool/MULTIMODAL_DATA/Multimodal_Data/Cat1/opposite/bag_files/Cat1_20mph_lr_opposite_6/camera_images/1624829843.8154705.jpg
Cat1,20mph,lr,opposite,6,1624829844.3488033,/media/batool/MULTIMODAL_DATA/Multimodal_Data/Cat1/opposite/bag_files/Cat1_20mph_lr_opposite_6/camera_images/1624829844.3488033.jpg
Cat1,20mph,lr,opposite,6,1624829844.882136,/media/batool/MULTIMODAL_DATA/Multimodal_Data/Cat1/opposite/bag_files/Cat1_20mph_lr_opposite_6/camera_images/1624829844.882136.jpg
Cat1,20mph,lr,opposite,6,1624829845.415469,/media/batool/MULTIMODAL_DATA/Multimodal_Data/Cat1/opposite/bag_files/Cat1_20mph_lr_opposite_6/camera_images/1624829845.415469.jpg
Cat1,20mph,lr,opposite,6,1624829845.9488018,/media/batool/MULTIMODAL_DATA/Multimodal_Data/Cat1/opposite/bag_files/Cat1_20mph_lr_opposite_6/camera_images/1624829845.9488018.jpg
Cat1,20mph,lr,opposite,6,1624829833.71548,/media/batool/MULTIMODAL_DATA/Multimodal_Data/Cat1/opposite/bag_files/Cat1_20mph_lr_opposite_6/camera_images/1624829833.71548.jpg
Cat1,20mph,lr,opposite,6,1624829833.7488134,/media/batool/MULTIMODAL_DATA/Multimodal_Data/Cat1/opposite/bag_files/Cat1_20mph_lr_opposite_6/camera_images/1624829833.7488134.jpg
Cat1,20mph,lr,opposite,6,1624829833.7821467,/media/batool/MULTIMODAL_DATA/Multimodal_Data/Cat1/opposite/bag_files/Cat1_20mph_lr_opposite_6/camera_images/1624829833.7821467.jpg
Cat1,20mph,lr,opposite,6,1624829833.81548,/media/batool/MULTIMODAL_DATA/Multimodal_Data/Cat1/opposite/bag_files/Cat1_20mph_lr_opposite_6/camera_images/1624829833.81548.jpg
Cat1,20mph,lr,opposite,6,1624829833.8488133,/media/batool/MULTIMODAL_DATA/Multimodal_Data/Cat1/opposite/bag_files/Cat1_20mph_lr_opposite_6/camera_images/1624829833.8488133.jpg
Cat1,20mph,lr,opposite,6,1624829833.8821466,/media/batool/MULTIMODAL_DATA/Multimodal_Data/Cat1/opposite/bag_files/Cat1_20mph_lr_opposite_6/camera_images/1624829833.8821466.jpg
Cat1,20mph,lr,opposite,6,1624829833.91548,/media/batool/MULTIMODAL_DATA/Multimodal_Data/Cat1/opposite/bag_files/Cat1_20mph_lr_opposite_6/camera_images/1624829833.91548.jpg
Cat1,20mph,lr,opposite,6,1624829833.9488132,/media/batool/MULTIMODAL_DATA/Multimodal_Data/Cat1/opposite/bag_files/Cat1_20mph_lr_opposite_6/camera_images/1624829833.9488132.jpg
Cat1,20mph,lr,opposite,6,1624829833.9821465,/media/batool/MULTIMODAL_DATA/Multimodal_Data/Cat1/opposite/bag_files/Cat1_20mph_lr_opposite_6/camera_images/1624829833.9821465.jpg
Cat1,20mph,lr,opposite,6,1624829834.0154798,/media/batool/MULTIMODAL_DATA/Multimodal_Data/Cat1/opposite/bag_files/Cat1_20mph_lr_opposite_6/camera_images/1624829834.0154798.jpg
Cat1,20mph,lr,opposite,6,1624829834.048813,/media/batool/MULTIMODAL_DATA/Multimodal_Data/Cat1/opposite/bag_files/Cat1_20mph_lr_opposite_6/camera_images/1624829834.048813.jpg
Cat1,20mph,lr,opposite,6,1624829834.0821464,/media/batool/MULTIMODAL_DATA/Multimodal_Data/Cat1/opposite/bag_files/Cat1_20mph_lr_opposite_6/camera_images/1624829834.0821464.jpg
Cat1,20mph,lr,opposite,6,1624829834.1154797,/media/batool/MULTIMODAL_DATA/Multimodal_Data/Cat1/opposite/bag_files/Cat1_20mph_lr_opposite_6/camera_images/1624829834.1154797.jpg
Cat1,20mph,lr,opposite,6,1624829834.148813,/media/batool/MULTIMODAL_DATA/Multimodal_Data/Cat1/opposite/bag_files/Cat1_20mph_lr_opposite_6/camera_images/1624829834.148813.jpg
Cat1,20mph,lr,opposite,6,1624829834.1821463,/media/batool/MULTIMODAL_DATA/Multimodal_Data/Cat1/opposite/bag_files/Cat1_20mph_lr_opposite_6/camera_images/1624829834.1821463.jpg
Cat1,20mph,lr,opposite,6,1624829834.248813,/media/batool/MULTIMODAL_DATA/Multimodal_Data/Cat1/opposite/bag_files/Cat1_20mph_lr_opposite_6/camera_images/1624829834.248813.jpg
Cat1,20mph,lr,opposite,6,1624829834.2821462,/media/batool/MULTIMODAL_DATA/Multimodal_Data/Cat1/opposite/bag_files/Cat1_20mph_lr_opposite_6/camera_images/1624829834.2821462.jpg
Cat1,20mph,lr,opposite,6,1624829834.3154795,/media/batool/MULTIMODAL_DATA/Multimodal_Data/Cat1/opposite/bag_files/Cat1_20mph_lr_opposite_6/camera_images/1624829834.3154795.jpg
Cat1,20mph,lr,opposite,6,1624829834.3488128,/media/batool/MULTIMODAL_DATA/Multimodal_Data/Cat1/opposite/bag_files/Cat1_20mph_lr_opposite_6/camera_images/1624829834.3488128.jpg
Cat1,20mph,lr,opposite,6,1624829834.3821461,/media/batool/MULTIMODAL_DATA/Multimodal_Data/Cat1/opposite/bag_files/Cat1_20mph_lr_opposite_6/camera_images/1624829834.3821461.jpg
Cat1,20mph,lr,opposite,6,1624829834.4154794,/media/batool/MULTIMODAL_DATA/Multimodal_Data/Cat1/opposite/bag_files/Cat1_20mph_lr_opposite_6/camera_images/1624829834.4154794.jpg
Cat1,20mph,lr,opposite,6,1624829834.4488127,/media/batool/MULTIMODAL_DATA/Multimodal_Data/Cat1/opposite/bag_files/Cat1_20mph_lr_opposite_6/camera_images/1624829834.4488127.jpg
Cat1,20mph,lr,opposite,6,1624829834.482146,/media/batool/MULTIMODAL_DATA/Multimodal_Data/Cat1/opposite/bag_files/Cat1_20mph_lr_opposite_6/camera_images/1624829834.482146.jpg
Cat1,20mph,lr,opposite,6,1624829834.5154793,/media/batool/MULTIMODAL_DATA/Multimodal_Data/Cat1/opposite/bag_files/Cat1_20mph_lr_opposite_6/camera_images/1624829834.5154793.jpg
Cat1,20mph,lr,opposite,6,1624829834.5488126,/media/batool/MULTIMODAL_DATA/Multimodal_Data/Cat1/opposite/bag_files/Cat1_20mph_lr_opposite_6/camera_images/1624829834.5488126.jpg
Cat1,20mph,lr,opposite,6,1624829834.582146,/media/batool/MULTIMODAL_DATA/Multimodal_Data/Cat1/opposite/bag_files/Cat1_20mph_lr_opposite_6/camera_images/1624829834.582146.jpg
Cat1,20mph,lr,opposite,6,1624829834.6154792,/media/batool/MULTIMODAL_DATA/Multimodal_Data/Cat1/opposite/bag_files/Cat1_20mph_lr_opposite_6/camera_images/1624829834.6154792.jpg
Cat1,20mph,lr,opposite,6,1624829834.6488125,/media/batool/MULTIMODAL_DATA/Multimodal_Data/Cat1/opposite/bag_files/Cat1_20mph_lr_opposite_6/camera_images/1624829834.6488125.jpg
Cat1,20mph,lr,opposite,6,1624829834.6821458,/media/batool/MULTIMODAL_DATA/Multimodal_Data/Cat1/opposite/bag_files/Cat1_20mph_lr_opposite_6/camera_images/1624829834.6821458.jpg
Cat1,20mph,lr,opposite,6,1624829834.7154791,/media/batool/MULTIMODAL_DATA/Multimodal_Data/Cat1/opposite/bag_files/Cat1_20mph_lr_opposite_6/camera_images/1624829834.7154791.jpg
Cat1,20mph,lr,opposite,6,1624829834.7821457,/media/batool/MULTIMODAL_DATA/Multimodal_Data/Cat1/opposite/bag_files/Cat1_20mph_lr_opposite_6/camera_images/1624829834.7821457.jpg
Cat1,20mph,lr,opposite,6,1624829834.815479,/media/batool/MULTIMODAL_DATA/Multimodal_Data/Cat1/opposite/bag_files/Cat1_20mph_lr_opposite_6/camera_images/1624829834.815479.jpg
Cat1,20mph,lr,opposite,6,1624829834.8488123,/media/batool/MULTIMODAL_DATA/Multimodal_Data/Cat1/opposite/bag_files/Cat1_20mph_lr_opposite_6/camera_images/1624829834.8488123.jpg
Cat1,20mph,lr,opposite,6,1624829834.8821456,/media/batool/MULTIMODAL_DATA/Multimodal_Data/Cat1/opposite/bag_files/Cat1_20mph_lr_opposite_6/camera_images/1624829834.8821456.jpg
Cat1,20mph,lr,opposite,6,1624829834.915479,/media/batool/MULTIMODAL_DATA/Multimodal_Data/Cat1/opposite/bag_files/Cat1_20mph_lr_opposite_6/camera_images/1624829834.915479.jpg
Cat1,20mph,lr,opposite,6,1624829834.9488122,/media/batool/MULTIMODAL_DATA/Multimodal_Data/Cat1/opposite/bag_files/Cat1_20mph_lr_opposite_6/camera_images/1624829834.9488122.jpg
Cat1,20mph,lr,opposite,6,1624829834.9821455,/media/batool/MULTIMODAL_DATA/Multimodal_Data/Cat1/opposite/bag_files/Cat1_20mph_lr_opposite_6/camera_images/1624829834.9821455.jpg
Cat1,20mph,lr,opposite,6,1624829835.0154788,/media/batool/MULTIMODAL_DATA/Multimodal_Data/Cat1/opposite/bag_files/Cat1_20mph_lr_opposite_6/camera_images/1624829835.0154788.jpg
Cat1,20mph,lr,opposite,6,1624829835.0488122,/media/batool/MULTIMODAL_DATA/Multimodal_Data/Cat1/opposite/bag_files/Cat1_20mph_lr_opposite_6/camera_images/1624829835.0488122.jpg
Cat1,20mph,lr,opposite,6,1624829835.0821455,/media/batool/MULTIMODAL_DATA/Multimodal_Data/Cat1/opposite/bag_files/Cat1_20mph_lr_opposite_6/camera_images/1624829835.0821455.jpg
Cat1,20mph,lr,opposite,6,1624829835.1154788,/media/batool/MULTIMODAL_DATA/Multimodal_Data/Cat1/opposite/bag_files/Cat1_20mph_lr_opposite_6/camera_images/1624829835.1154788.jpg
Cat1,20mph,lr,opposite,6,1624829835.148812,/media/batool/MULTIMODAL_DATA/Multimodal_Data/Cat1/opposite/bag_files/Cat1_20mph_lr_opposite_6/camera_images/1624829835.148812.jpg
Cat1,20mph,lr,opposite,6,1624829835.1821454,/media/batool/MULTIMODAL_DATA/Multimodal_Data/Cat1/opposite/bag_files/Cat1_20mph_lr_opposite_6/camera_images/1624829835.1821454.jpg
Cat1,20mph,lr,opposite,6,1624829835.2154787,/media/batool/MULTIMODAL_DATA/Multimodal_Data/Cat1/opposite/bag_files/Cat1_20mph_lr_opposite_6/camera_images/1624829835.2154787.jpg
Cat1,20mph,lr,opposite,6,1624829835.248812,/media/batool/MULTIMODAL_DATA/Multimodal_Data/Cat1/opposite/bag_files/Cat1_20mph_lr_opposite_6/camera_images/1624829835.248812.jpg
Cat1,20mph,lr,opposite,6,1624829835.3154786,/media/batool/MULTIMODAL_DATA/Multimodal_Data/Cat1/opposite/bag_files/Cat1_20mph_lr_opposite_6/camera_images/1624829835.3154786.jpg
Cat1,20mph,lr,opposite,6,1624829835.3488119,/media/batool/MULTIMODAL_DATA/Multimodal_Data/Cat1/opposite/bag_files/Cat1_20mph_lr_opposite_6/camera_images/1624829835.3488119.jpg
Cat1,20mph,lr,opposite,6,1624829835.3821452,/media/batool/MULTIMODAL_DATA/Multimodal_Data/Cat1/opposite/bag_files/Cat1_20mph_lr_opposite_6/camera_images/1624829835.3821452.jpg
Cat1,20mph,lr,opposite,6,1624829835.4154785,/media/batool/MULTIMODAL_DATA/Multimodal_Data/Cat1/opposite/bag_files/Cat1_20mph_lr_opposite_6/camera_images/1624829835.4154785.jpg
Cat1,20mph,lr,opposite,6,1624829835.4488118,/media/batool/MULTIMODAL_DATA/Multimodal_Data/Cat1/opposite/bag_files/Cat1_20mph_lr_opposite_6/camera_images/1624829835.4488118.jpg
Cat1,20mph,lr,opposite,6,1624829835.482145,/media/batool/MULTIMODAL_DATA/Multimodal_Data/Cat1/opposite/bag_files/Cat1_20mph_lr_opposite_6/camera_images/1624829835.482145.jpg
Cat1,20mph,lr,opposite,6,1624829835.5154784,/media/batool/MULTIMODAL_DATA/Multimodal_Data/Cat1/opposite/bag_files/Cat1_20mph_lr_opposite_6/camera_images/1624829835.5154784.jpg
Cat1,20mph,lr,opposite,6,1624829835.5488117,/media/batool/MULTIMODAL_DATA/Multimodal_Data/Cat1/opposite/bag_files/Cat1_20mph_lr_opposite_6/camera_images/1624829835.5488117.jpg
Cat1,20mph,lr,opposite,6,1624829835.582145,/media/batool/MULTIMODAL_DATA/Multimodal_Data/Cat1/opposite/bag_files/Cat1_20mph_lr_opposite_6/camera_images/1624829835.582145.jpg
Cat1,20mph,lr,opposite,6,1624829835.6154783,/media/batool/MULTIMODAL_DATA/Multimodal_Data/Cat1/opposite/bag_files/Cat1_20mph_lr_opposite_6/camera_images/1624829835.6154783.jpg
Cat1,20mph,lr,opposite,6,1624829835.6488116,/media/batool/MULTIMODAL_DATA/Multimodal_Data/Cat1/opposite/bag_files/Cat1_20mph_lr_opposite_6/camera_images/1624829835.6488116.jpg
Cat1,20mph,lr,opposite,6,1624829835.6821449,/media/batool/MULTIMODAL_DATA/Multimodal_Data/Cat1/opposite/bag_files/Cat1_20mph_lr_opposite_6/camera_images/1624829835.6821449.jpg
Cat1,20mph,lr,opposite,6,1624829835.7154782,/media/batool/MULTIMODAL_DATA/Multimodal_Data/Cat1/opposite/bag_files/Cat1_20mph_lr_opposite_6/camera_images/1624829835.7154782.jpg
Cat1,20mph,lr,opposite,6,1624829835.7488115,/media/batool/MULTIMODAL_DATA/Multimodal_Data/Cat1/opposite/bag_files/Cat1_20mph_lr_opposite_6/camera_images/1624829835.7488115.jpg
Cat1,20mph,lr,opposite,6,1624829835.7821448,/media/batool/MULTIMODAL_DATA/Multimodal_Data/Cat1/opposite/bag_files/Cat1_20mph_lr_opposite_6/camera_images/1624829835.7821448.jpg
Cat1,20mph,lr,opposite,6,1624829835.8488114,/media/batool/MULTIMODAL_DATA/Multimodal_Data/Cat1/opposite/bag_files/Cat1_20mph_lr_opposite_6/camera_images/1624829835.8488114.jpg
Cat1,20mph,lr,opposite,6,1624829835.8821447,/media/batool/MULTIMODAL_DATA/Multimodal_Data/Cat1/opposite/bag_files/Cat1_20mph_lr_opposite_6/camera_images/1624829835.8821447.jpg
Cat1,20mph,lr,opposite,6,1624829835.915478,/media/batool/MULTIMODAL_DATA/Multimodal_Data/Cat1/opposite/bag_files/Cat1_20mph_lr_opposite_6/camera_images/1624829835.915478.jpg
Cat1,20mph,lr,opposite,6,1624829835.9488113,/media/batool/MULTIMODAL_DATA/Multimodal_Data/Cat1/opposite/bag_files/Cat1_20mph_lr_opposite_6/camera_images/1624829835.9488113.jpg
Cat1,20mph,lr,opposite,6,1624829835.9821446,/media/batool/MULTIMODAL_DATA/Multimodal_Data/Cat1/opposite/bag_files/Cat1_20mph_lr_opposite_6/camera_images/1624829835.9821446.jpg
Cat1,20mph,lr,opposite,6,1624829836.015478,/media/batool/MULTIMODAL_DATA/Multimodal_Data/Cat1/opposite/bag_files/Cat1_20mph_lr_opposite_6/camera_images/1624829836.015478.jpg
Cat1,20mph,lr,opposite,6,1624829836.0488112,/media/batool/MULTIMODAL_DATA/Multimodal_Data/Cat1/opposite/bag_files/Cat1_20mph_lr_opposite_6/camera_images/1624829836.0488112.jpg
Cat1,20mph,lr,opposite,6,1624829836.0821445,/media/batool/MULTIMODAL_DATA/Multimodal_Data/Cat1/opposite/bag_files/Cat1_20mph_lr_opposite_6/camera_images/1624829836.0821445.jpg
Cat1,20mph,lr,opposite,6,1624829836.1154778,/media/batool/MULTIMODAL_DATA/Multimodal_Data/Cat1/opposite/bag_files/Cat1_20mph_lr_opposite_6/camera_images/1624829836.1154778.jpg
Cat1,20mph,lr,opposite,6,1624829836.148811,/media/batool/MULTIMODAL_DATA/Multimodal_Data/Cat1/opposite/bag_files/Cat1_20mph_lr_opposite_6/camera_images/1624829836.148811.jpg
Cat1,20mph,lr,opposite,6,1624829836.1821444,/media/batool/MULTIMODAL_DATA/Multimodal_Data/Cat1/opposite/bag_files/Cat1_20mph_lr_opposite_6/camera_images/1624829836.1821444.jpg
Cat1,20mph,lr,opposite,6,1624829836.2154777,/media/batool/MULTIMODAL_DATA/Multimodal_Data/Cat1/opposite/bag_files/Cat1_20mph_lr_opposite_6/camera_images/1624829836.2154777.jpg
Cat1,20mph,lr,opposite,6,1624829836.248811,/media/batool/MULTIMODAL_DATA/Multimodal_Data/Cat1/opposite/bag_files/Cat1_20mph_lr_opposite_6/camera_images/1624829836.248811.jpg
Cat1,20mph,lr,opposite,6,1624829836.2821443,/media/batool/MULTIMODAL_DATA/Multimodal_Data/Cat1/opposite/bag_files/Cat1_20mph_lr_opposite_6/camera_images/1624829836.2821443.jpg
Cat1,20mph,lr,opposite,6,1624829836.3154776,/media/batool/MULTIMODAL_DATA/Multimodal_Data/Cat1/opposite/bag_files/Cat1_20mph_lr_opposite_6/camera_images/1624829836.3154776.jpg
Cat1,20mph,lr,opposite,6,1624829836.3821442,/media/batool/MULTIMODAL_DATA/Multimodal_Data/Cat1/opposite/bag_files/Cat1_20mph_lr_opposite_6/camera_images/1624829836.3821442.jpg
Cat1,20mph,lr,opposite,6,1624829836.4154775,/media/batool/MULTIMODAL_DATA/Multimodal_Data/Cat1/opposite/bag_files/Cat1_20mph_lr_opposite_6/camera_images/1624829836.4154775.jpg
Cat1,20mph,lr,opposite,6,1624829836.4488108,/media/batool/MULTIMODAL_DATA/Multimodal_Data/Cat1/opposite/bag_files/Cat1_20mph_lr_opposite_6/camera_images/1624829836.4488108.jpg
Cat1,20mph,lr,opposite,6,1624829836.482144,/media/batool/MULTIMODAL_DATA/Multimodal_Data/Cat1/opposite/bag_files/Cat1_20mph_lr_opposite_6/camera_images/1624829836.482144.jpg
Cat1,20mph,lr,opposite,6,1624829836.5154774,/media/batool/MULTIMODAL_DATA/Multimodal_Data/Cat1/opposite/bag_files/Cat1_20mph_lr_opposite_6/camera_images/1624829836.5154774.jpg
Cat1,20mph,lr,opposite,6,1624829836.5488107,/media/batool/MULTIMODAL_DATA/Multimodal_Data/Cat1/opposite/bag_files/Cat1_20mph_lr_opposite_6/camera_images/1624829836.5488107.jpg
Cat1,20mph,lr,opposite,6,1624829836.582144,/media/batool/MULTIMODAL_DATA/Multimodal_Data/Cat1/opposite/bag_files/Cat1_20mph_lr_opposite_6/camera_images/1624829836.582144.jpg
Cat1,20mph,lr,opposite,6,1624829836.6154773,/media/batool/MULTIMODAL_DATA/Multimodal_Data/Cat1/opposite/bag_files/Cat1_20mph_lr_opposite_6/camera_images/1624829836.6154773.jpg
Cat1,20mph,lr,opposite,6,1624829836.6488106,/media/batool/MULTIMODAL_DATA/Multimodal_Data/Cat1/opposite/bag_files/Cat1_20mph_lr_opposite_6/camera_images/1624829836.6488106.jpg
Cat1,20mph,lr,opposite,6,1624829836.682144,/media/batool/MULTIMODAL_DATA/Multimodal_Data/Cat1/opposite/bag_files/Cat1_20mph_lr_opposite_6/camera_images/1624829836.682144.jpg
Cat1,20mph,lr,opposite,6,1624829836.7154772,/media/batool/MULTIMODAL_DATA/Multimodal_Data/Cat1/opposite/bag_files/Cat1_20mph_lr_opposite_6/camera_images/1624829836.7154772.jpg
Cat1,20mph,lr,opposite,6,1624829836.7488105,/media/batool/MULTIMODAL_DATA/Multimodal_Data/Cat1/opposite/bag_files/Cat1_20mph_lr_opposite_6/camera_images/1624829836.7488105.jpg
Cat1,20mph,lr,opposite,6,1624829836.7821438,/media/batool/MULTIMODAL_DATA/Multimodal_Data/Cat1/opposite/bag_files/Cat1_20mph_lr_opposite_6/camera_images/1624829836.7821438.jpg
Cat1,20mph,lr,opposite,6,1624829836.8154771,/media/batool/MULTIMODAL_DATA/Multimodal_Data/Cat1/opposite/bag_files/Cat1_20mph_lr_opposite_6/camera_images/1624829836.8154771.jpg
Cat1,20mph,lr,opposite,6,1624829836.8488104,/media/batool/MULTIMODAL_DATA/Multimodal_Data/Cat1/opposite/bag_files/Cat1_20mph_lr_opposite_6/camera_images/1624829836.8488104.jpg
Cat1,20mph,lr,opposite,6,1624829836.915477,/media/batool/MULTIMODAL_DATA/Multimodal_Data/Cat1/opposite/bag_files/Cat1_20mph_lr_opposite_6/camera_images/1624829836.915477.jpg
Cat1,20mph,lr,opposite,6,1624829836.9488103,/media/batool/MULTIMODAL_DATA/Multimodal_Data/Cat1/opposite/bag_files/Cat1_20mph_lr_opposite_6/camera_images/1624829836.9488103.jpg
Cat1,20mph,lr,opposite,6,1624829836.9821436,/media/batool/MULTIMODAL_DATA/Multimodal_Data/Cat1/opposite/bag_files/Cat1_20mph_lr_opposite_6/camera_images/1624829836.9821436.jpg
Cat1,20mph,lr,opposite,6,1624829837.015477,/media/batool/MULTIMODAL_DATA/Multimodal_Data/Cat1/opposite/bag_files/Cat1_20mph_lr_opposite_6/camera_images/1624829837.015477.jpg
Cat1,20mph,lr,opposite,6,1624829837.0488102,/media/batool/MULTIMODAL_DATA/Multimodal_Data/Cat1/opposite/bag_files/Cat1_20mph_lr_opposite_6/camera_images/1624829837.0488102.jpg
Cat1,20mph,lr,opposite,6,1624829837.0821435,/media/batool/MULTIMODAL_DATA/Multimodal_Data/Cat1/opposite/bag_files/Cat1_20mph_lr_opposite_6/camera_images/1624829837.0821435.jpg
Cat1,20mph,lr,opposite,6,1624829837.1154768,/media/batool/MULTIMODAL_DATA/Multimodal_Data/Cat1/opposite/bag_files/Cat1_20mph_lr_opposite_6/camera_images/1624829837.1154768.jpg
Cat1,20mph,lr,opposite,6,1624829837.1488101,/media/batool/MULTIMODAL_DATA/Multimodal_Data/Cat1/opposite/bag_files/Cat1_20mph_lr_opposite_6/camera_images/1624829837.1488101.jpg
Cat1,20mph,lr,opposite,6,1624829837.1821434,/media/batool/MULTIMODAL_DATA/Multimodal_Data/Cat1/opposite/bag_files/Cat1_20mph_lr_opposite_6/camera_images/1624829837.1821434.jpg
Cat1,20mph,lr,opposite,6,1624829837.2154768,/media/batool/MULTIMODAL_DATA/Multimodal_Data/Cat1/opposite/bag_files/Cat1_20mph_lr_opposite_6/camera_images/1624829837.2154768.jpg
Cat1,20mph,lr,opposite,6,1624829837.24881,/media/batool/MULTIMODAL_DATA/Multimodal_Data/Cat1/opposite/bag_files/Cat1_20mph_lr_opposite_6/camera_images/1624829837.24881.jpg
Cat1,20mph,lr,opposite,6,1624829837.2821434,/media/batool/MULTIMODAL_DATA/Multimodal_Data/Cat1/opposite/bag_files/Cat1_20mph_lr_opposite_6/camera_images/1624829837.2821434.jpg
Cat1,20mph,lr,opposite,6,1624829837.3154767,/media/batool/MULTIMODAL_DATA/Multimodal_Data/Cat1/opposite/bag_files/Cat1_20mph_lr_opposite_6/camera_images/1624829837.3154767.jpg
Cat1,20mph,lr,opposite,6,1624829837.34881,/media/batool/MULTIMODAL_DATA/Multimodal_Data/Cat1/opposite/bag_files/Cat1_20mph_lr_opposite_6/camera_images/1624829837.34881.jpg
Cat1,20mph,lr,opposite,6,1624829837.3821433,/media/batool/MULTIMODAL_DATA/Multimodal_Data/Cat1/opposite/bag_files/Cat1_20mph_lr_opposite_6/camera_images/1624829837.3821433.jpg
Cat1,20mph,lr,opposite,6,1624829837.4488099,/media/batool/MULTIMODAL_DATA/Multimodal_Data/Cat1/opposite/bag_files/Cat1_20mph_lr_opposite_6/camera_images/1624829837.4488099.jpg
Cat1,20mph,lr,opposite,6,1624829837.4821432,/media/batool/MULTIMODAL_DATA/Multimodal_Data/Cat1/opposite/bag_files/Cat1_20mph_lr_opposite_6/camera_images/1624829837.4821432.jpg
Cat1,20mph,lr,opposite,6,1624829837.5154765,/media/batool/MULTIMODAL_DATA/Multimodal_Data/Cat1/opposite/bag_files/Cat1_20mph_lr_opposite_6/camera_images/1624829837.5154765.jpg
Cat1,20mph,lr,opposite,6,1624829837.5488098,/media/batool/MULTIMODAL_DATA/Multimodal_Data/Cat1/opposite/bag_files/Cat1_20mph_lr_opposite_6/camera_images/1624829837.5488098.jpg
Cat1,20mph,lr,opposite,6,1624829837.582143,/media/batool/MULTIMODAL_DATA/Multimodal_Data/Cat1/opposite/bag_files/Cat1_20mph_lr_opposite_6/camera_images/1624829837.582143.jpg
Cat1,20mph,lr,opposite,6,1624829837.6154764,/media/batool/MULTIMODAL_DATA/Multimodal_Data/Cat1/opposite/bag_files/Cat1_20mph_lr_opposite_6/camera_images/1624829837.6154764.jpg
Cat1,20mph,lr,opposite,6,1624829837.6488097,/media/batool/MULTIMODAL_DATA/Multimodal_Data/Cat1/opposite/bag_files/Cat1_20mph_lr_opposite_6/camera_images/1624829837.6488097.jpg
Cat1,20mph,lr,opposite,6,1624829837.682143,/media/batool/MULTIMODAL_DATA/Multimodal_Data/Cat1/opposite/bag_files/Cat1_20mph_lr_opposite_6/camera_images/1624829837.682143.jpg
Cat1,20mph,lr,opposite,6,1624829837.7154763,/media/batool/MULTIMODAL_DATA/Multimodal_Data/Cat1/opposite/bag_files/Cat1_20mph_lr_opposite_6/camera_images/1624829837.7154763.jpg
Cat1,20mph,lr,opposite,6,1624829837.7488096,/media/batool/MULTIMODAL_DATA/Multimodal_Data/Cat1/opposite/bag_files/Cat1_20mph_lr_opposite_6/camera_images/1624829837.7488096.jpg
Cat1,20mph,lr,opposite,6,1624829837.7821429,/media/batool/MULTIMODAL_DATA/Multimodal_Data/Cat1/opposite/bag_files/Cat1_20mph_lr_opposite_6/camera_images/1624829837.7821429.jpg
Cat1,20mph,lr,opposite,6,1624829837.8154762,/media/batool/MULTIMODAL_DATA/Multimodal_Data/Cat1/opposite/bag_files/Cat1_20mph_lr_opposite_6/camera_images/1624829837.8154762.jpg
Cat1,20mph,lr,opposite,6,1624829837.8488095,/media/batool/MULTIMODAL_DATA/Multimodal_Data/Cat1/opposite/bag_files/Cat1_20mph_lr_opposite_6/camera_images/1624829837.8488095.jpg
Cat1,20mph,lr,opposite,6,1624829837.8821428,/media/batool/MULTIMODAL_DATA/Multimodal_Data/Cat1/opposite/bag_files/Cat1_20mph_lr_opposite_6/camera_images/1624829837.8821428.jpg
Cat1,20mph,lr,opposite,6,1624829837.915476,/media/batool/MULTIMODAL_DATA/Multimodal_Data/Cat1/opposite/bag_files/Cat1_20mph_lr_opposite_6/camera_images/1624829837.915476.jpg
Cat1,20mph,lr,opposite,6,1624829837.9821427,/media/batool/MULTIMODAL_DATA/Multimodal_Data/Cat1/opposite/bag_files/Cat1_20mph_lr_opposite_6/camera_images/1624829837.9821427.jpg
Cat1,20mph,lr,opposite,6,1624829838.015476,/media/batool/MULTIMODAL_DATA/Multimodal_Data/Cat1/opposite/bag_files/Cat1_20mph_lr_opposite_6/camera_images/1624829838.015476.jpg
Cat1,20mph,lr,opposite,6,1624829838.0488093,/media/batool/MULTIMODAL_DATA/Multimodal_Data/Cat1/opposite/bag_files/Cat1_20mph_lr_opposite_6/camera_images/1624829838.0488093.jpg
Cat1,20mph,lr,opposite,6,1624829838.0821426,/media/batool/MULTIMODAL_DATA/Multimodal_Data/Cat1/opposite/bag_files/Cat1_20mph_lr_opposite_6/camera_images/1624829838.0821426.jpg
Cat1,20mph,lr,opposite,6,1624829838.115476,/media/batool/MULTIMODAL_DATA/Multimodal_Data/Cat1/opposite/bag_files/Cat1_20mph_lr_opposite_6/camera_images/1624829838.115476.jpg
Cat1,20mph,lr,opposite,6,1624829838.1488092,/media/batool/MULTIMODAL_DATA/Multimodal_Data/Cat1/opposite/bag_files/Cat1_20mph_lr_opposite_6/camera_images/1624829838.1488092.jpg
Cat1,20mph,lr,opposite,6,1624829838.1821425,/media/batool/MULTIMODAL_DATA/Multimodal_Data/Cat1/opposite/bag_files/Cat1_20mph_lr_opposite_6/camera_images/1624829838.1821425.jpg
Cat1,20mph,lr,opposite,6,1624829838.2154758,/media/batool/MULTIMODAL_DATA/Multimodal_Data/Cat1/opposite/bag_files/Cat1_20mph_lr_opposite_6/camera_images/1624829838.2154758.jpg
Cat1,20mph,lr,opposite,6,1624829838.248809,/media/batool/MULTIMODAL_DATA/Multimodal_Data/Cat1/opposite/bag_files/Cat1_20mph_lr_opposite_6/camera_images/1624829838.248809.jpg
Cat1,20mph,lr,opposite,6,1624829838.2821424,/media/batool/MULTIMODAL_DATA/Multimodal_Data/Cat1/opposite/bag_files/Cat1_20mph_lr_opposite_6/camera_images/1624829838.2821424.jpg
Cat1,20mph,lr,opposite,6,1624829838.3154757,/media/batool/MULTIMODAL_DATA/Multimodal_Data/Cat1/opposite/bag_files/Cat1_20mph_lr_opposite_6/camera_images/1624829838.3154757.jpg
Cat1,20mph,lr,opposite,6,1624829838.348809,/media/batool/MULTIMODAL_DATA/Multimodal_Data/Cat1/opposite/bag_files/Cat1_20mph_lr_opposite_6/camera_images/1624829838.348809.jpg
Cat1,20mph,lr,opposite,6,1624829838.3821423,/media/batool/MULTIMODAL_DATA/Multimodal_Data/Cat1/opposite/bag_files/Cat1_20mph_lr_opposite_6/camera_images/1624829838.3821423.jpg
Cat1,20mph,lr,opposite,6,1624829838.4154756,/media/batool/MULTIMODAL_DATA/Multimodal_Data/Cat1/opposite/bag_files/Cat1_20mph_lr_opposite_6/camera_images/1624829838.4154756.jpg
Cat1,20mph,lr,opposite,6,1624829838.448809,/media/batool/MULTIMODAL_DATA/Multimodal_Data/Cat1/opposite/bag_files/Cat1_20mph_lr_opposite_6/camera_images/1624829838.448809.jpg
Cat1,20mph,lr,opposite,6,1624829838.5154755,/media/batool/MULTIMODAL_DATA/Multimodal_Data/Cat1/opposite/bag_files/Cat1_20mph_lr_opposite_6/camera_images/1624829838.5154755.jpg
Cat1,20mph,lr,opposite,6,1624829838.5488088,/media/batool/MULTIMODAL_DATA/Multimodal_Data/Cat1/opposite/bag_files/Cat1_20mph_lr_opposite_6/camera_images/1624829838.5488088.jpg
Cat1,20mph,lr,opposite,6,1624829838.582142,/media/batool/MULTIMODAL_DATA/Multimodal_Data/Cat1/opposite/bag_files/Cat1_20mph_lr_opposite_6/camera_images/1624829838.582142.jpg
Cat1,20mph,lr,opposite,6,1624829838.6154754,/media/batool/MULTIMODAL_DATA/Multimodal_Data/Cat1/opposite/bag_files/Cat1_20mph_lr_opposite_6/camera_images/1624829838.6154754.jpg
Cat1,20mph,lr,opposite,6,1624829838.6488087,/media/batool/MULTIMODAL_DATA/Multimodal_Data/Cat1/opposite/bag_files/Cat1_20mph_lr_opposite_6/camera_images/1624829838.6488087.jpg
Cat1,20mph,lr,opposite,6,1624829838.682142,/media/batool/MULTIMODAL_DATA/Multimodal_Data/Cat1/opposite/bag_files/Cat1_20mph_lr_opposite_6/camera_images/1624829838.682142.jpg
Cat1,20mph,lr,opposite,6,1624829838.7154753,/media/batool/MULTIMODAL_DATA/Multimodal_Data/Cat1/opposite/bag_files/Cat1_20mph_lr_opposite_6/camera_images/1624829838.7154753.jpg
Cat1,20mph,lr,opposite,6,1624829838.7488086,/media/batool/MULTIMODAL_DATA/Multimodal_Data/Cat1/opposite/bag_files/Cat1_20mph_lr_opposite_6/camera_images/1624829838.7488086.jpg
Cat1,20mph,lr,opposite,6,1624829838.782142,/media/batool/MULTIMODAL_DATA/Multimodal_Data/Cat1/opposite/bag_files/Cat1_20mph_lr_opposite_6/camera_images/1624829838.782142.jpg
Cat1,20mph,lr,opposite,6,1624829838.8154752,/media/batool/MULTIMODAL_DATA/Multimodal_Data/Cat1/opposite/bag_files/Cat1_20mph_lr_opposite_6/camera_images/1624829838.8154752.jpg
Cat1,20mph,lr,opposite,6,1624829838.8488085,/media/batool/MULTIMODAL_DATA/Multimodal_Data/Cat1/opposite/bag_files/Cat1_20mph_lr_opposite_6/camera_images/1624829838.8488085.jpg
Cat1,20mph,lr,opposite,6,1624829838.8821418,/media/batool/MULTIMODAL_DATA/Multimodal_Data/Cat1/opposite/bag_files/Cat1_20mph_lr_opposite_6/camera_images/1624829838.8821418.jpg
Cat1,20mph,lr,opposite,6,1624829838.9154751,/media/batool/MULTIMODAL_DATA/Multimodal_Data/Cat1/opposite/bag_files/Cat1_20mph_lr_opposite_6/camera_images/1624829838.9154751.jpg
Cat1,20mph,lr,opposite,6,1624829838.9488084,/media/batool/MULTIMODAL_DATA/Multimodal_Data/Cat1/opposite/bag_files/Cat1_20mph_lr_opposite_6/camera_images/1624829838.9488084.jpg
Cat1,20mph,lr,opposite,6,1624829838.9821417,/media/batool/MULTIMODAL_DATA/Multimodal_Data/Cat1/opposite/bag_files/Cat1_20mph_lr_opposite_6/camera_images/1624829838.9821417.jpg
Cat1,20mph,lr,opposite,6,1624829839.0488083,/media/batool/MULTIMODAL_DATA/Multimodal_Data/Cat1/opposite/bag_files/Cat1_20mph_lr_opposite_6/camera_images/1624829839.0488083.jpg
Cat1,20mph,lr,opposite,6,1624829839.0821416,/media/batool/MULTIMODAL_DATA/Multimodal_Data/Cat1/opposite/bag_files/Cat1_20mph_lr_opposite_6/camera_images/1624829839.0821416.jpg
Cat1,20mph,lr,opposite,6,1624829839.115475,/media/batool/MULTIMODAL_DATA/Multimodal_Data/Cat1/opposite/bag_files/Cat1_20mph_lr_opposite_6/camera_images/1624829839.115475.jpg
Cat1,20mph,lr,opposite,6,1624829839.1488082,/media/batool/MULTIMODAL_DATA/Multimodal_Data/Cat1/opposite/bag_files/Cat1_20mph_lr_opposite_6/camera_images/1624829839.1488082.jpg
Cat1,20mph,lr,opposite,6,1624829839.1821415,/media/batool/MULTIMODAL_DATA/Multimodal_Data/Cat1/opposite/bag_files/Cat1_20mph_lr_opposite_6/camera_images/1624829839.1821415.jpg
Cat1,20mph,lr,opposite,6,1624829839.2154748,/media/batool/MULTIMODAL_DATA/Multimodal_Data/Cat1/opposite/bag_files/Cat1_20mph_lr_opposite_6/camera_images/1624829839.2154748.jpg
Cat1,20mph,lr,opposite,6,1624829839.2488081,/media/batool/MULTIMODAL_DATA/Multimodal_Data/Cat1/opposite/bag_files/Cat1_20mph_lr_opposite_6/camera_images/1624829839.2488081.jpg
Cat1,20mph,lr,opposite,6,1624829839.2821414,/media/batool/MULTIMODAL_DATA/Multimodal_Data/Cat1/opposite/bag_files/Cat1_20mph_lr_opposite_6/camera_images/1624829839.2821414.jpg
Cat1,20mph,lr,opposite,6,1624829839.3154747,/media/batool/MULTIMODAL_DATA/Multimodal_Data/Cat1/opposite/bag_files/Cat1_20mph_lr_opposite_6/camera_images/1624829839.3154747.jpg
Cat1,20mph,lr,opposite,6,1624829839.348808,/media/batool/MULTIMODAL_DATA/Multimodal_Data/Cat1/opposite/bag_files/Cat1_20mph_lr_opposite_6/camera_images/1624829839.348808.jpg
Cat1,20mph,lr,opposite,6,1624829839.3821414,/media/batool/MULTIMODAL_DATA/Multimodal_Data/Cat1/opposite/bag_files/Cat1_20mph_lr_opposite_6/camera_images/1624829839.3821414.jpg
Cat1,20mph,lr,opposite,6,1624829839.4154747,/media/batool/MULTIMODAL_DATA/Multimodal_Data/Cat1/opposite/bag_files/Cat1_20mph_lr_opposite_6/camera_images/1624829839.4154747.jpg
Cat1,20mph,lr,opposite,6,1624829839.448808,/media/batool/MULTIMODAL_DATA/Multimodal_Data/Cat1/opposite/bag_files/Cat1_20mph_lr_opposite_6/camera_images/1624829839.448808.jpg
Cat1,20mph,lr,opposite,6,1624829839.4821413,/media/batool/MULTIMODAL_DATA/Multimodal_Data/Cat1/opposite/bag_files/Cat1_20mph_lr_opposite_6/camera_images/1624829839.4821413.jpg
Cat1,20mph,lr,opposite,6,1624829839.5154746,/media/batool/MULTIMODAL_DATA/Multimodal_Data/Cat1/opposite/bag_files/Cat1_20mph_lr_opposite_6/camera_images/1624829839.5154746.jpg
Cat1,20mph,lr,opposite,6,1624829839.5821412,/media/batool/MULTIMODAL_DATA/Multimodal_Data/Cat1/opposite/bag_files/Cat1_20mph_lr_opposite_6/camera_images/1624829839.5821412.jpg
Cat1,20mph,lr,opposite,6,1624829839.6154745,/media/batool/MULTIMODAL_DATA/Multimodal_Data/Cat1/opposite/bag_files/Cat1_20mph_lr_opposite_6/camera_images/1624829839.6154745.jpg
Cat1,20mph,lr,opposite,6,1624829839.6488078,/media/batool/MULTIMODAL_DATA/Multimodal_Data/Cat1/opposite/bag_files/Cat1_20mph_lr_opposite_6/camera_images/1624829839.6488078.jpg
Cat1,20mph,lr,opposite,6,1624829839.682141,/media/batool/MULTIMODAL_DATA/Multimodal_Data/Cat1/opposite/bag_files/Cat1_20mph_lr_opposite_6/camera_images/1624829839.682141.jpg
Cat1,20mph,lr,opposite,6,1624829839.7154744,/media/batool/MULTIMODAL_DATA/Multimodal_Data/Cat1/opposite/bag_files/Cat1_20mph_lr_opposite_6/camera_images/1624829839.7154744.jpg
Cat1,20mph,lr,opposite,6,1624829839.7488077,/media/batool/MULTIMODAL_DATA/Multimodal_Data/Cat1/opposite/bag_files/Cat1_20mph_lr_opposite_6/camera_images/1624829839.7488077.jpg
Cat1,20mph,lr,opposite,6,1624829839.782141,/media/batool/MULTIMODAL_DATA/Multimodal_Data/Cat1/opposite/bag_files/Cat1_20mph_lr_opposite_6/camera_images/1624829839.782141.jpg
Cat1,20mph,lr,opposite,6,1624829839.8154743,/media/batool/MULTIMODAL_DATA/Multimodal_Data/Cat1/opposite/bag_files/Cat1_20mph_lr_opposite_6/camera_images/1624829839.8154743.jpg
Cat1,20mph,lr,opposite,6,1624829839.8488076,/media/batool/MULTIMODAL_DATA/Multimodal_Data/Cat1/opposite/bag_files/Cat1_20mph_lr_opposite_6/camera_images/1624829839.8488076.jpg
Cat1,20mph,lr,opposite,6,1624829839.8821409,/media/batool/MULTIMODAL_DATA/Multimodal_Data/Cat1/opposite/bag_files/Cat1_20mph_lr_opposite_6/camera_images/1624829839.8821409.jpg
Cat1,20mph,lr,opposite,6,1624829839.9154742,/media/batool/MULTIMODAL_DATA/Multimodal_Data/Cat1/opposite/bag_files/Cat1_20mph_lr_opposite_6/camera_images/1624829839.9154742.jpg
Cat1,20mph,lr,opposite,6,1624829839.9488075,/media/batool/MULTIMODAL_DATA/Multimodal_Data/Cat1/opposite/bag_files/Cat1_20mph_lr_opposite_6/camera_images/1624829839.9488075.jpg
Cat1,20mph,lr,opposite,6,1624829839.9821408,/media/batool/MULTIMODAL_DATA/Multimodal_Data/Cat1/opposite/bag_files/Cat1_20mph_lr_opposite_6/camera_images/1624829839.9821408.jpg
Cat1,20mph,lr,opposite,6,1624829840.015474,/media/batool/MULTIMODAL_DATA/Multimodal_Data/Cat1/opposite/bag_files/Cat1_20mph_lr_opposite_6/camera_images/1624829840.015474.jpg
Cat1,20mph,lr,opposite,6,1624829840.0488074,/media/batool/MULTIMODAL_DATA/Multimodal_Data/Cat1/opposite/bag_files/Cat1_20mph_lr_opposite_6/camera_images/1624829840.0488074.jpg
Cat1,20mph,lr,opposite,6,1624829840.115474,/media/batool/MULTIMODAL_DATA/Multimodal_Data/Cat1/opposite/bag_files/Cat1_20mph_lr_opposite_6/camera_images/1624829840.115474.jpg
Cat1,20mph,lr,opposite,6,1624829840.1488073,/media/batool/MULTIMODAL_DATA/Multimodal_Data/Cat1/opposite/bag_files/Cat1_20mph_lr_opposite_6/camera_images/1624829840.1488073.jpg
Cat1,20mph,lr,opposite,6,1624829840.1821406,/media/batool/MULTIMODAL_DATA/Multimodal_Data/Cat1/opposite/bag_files/Cat1_20mph_lr_opposite_6/camera_images/1624829840.1821406.jpg
Cat1,20mph,lr,opposite,6,1624829840.215474,/media/batool/MULTIMODAL_DATA/Multimodal_Data/Cat1/opposite/bag_files/Cat1_20mph_lr_opposite_6/camera_images/1624829840.215474.jpg
Cat1,20mph,lr,opposite,6,1624829840.2488072,/media/batool/MULTIMODAL_DATA/Multimodal_Data/Cat1/opposite/bag_files/Cat1_20mph_lr_opposite_6/camera_images/1624829840.2488072.jpg
Cat1,20mph,lr,opposite,6,1624829840.2821405,/media/batool/MULTIMODAL_DATA/Multimodal_Data/Cat1/opposite/bag_files/Cat1_20mph_lr_opposite_6/camera_images/1624829840.2821405.jpg
Cat1,20mph,lr,opposite,6,1624829840.3154738,/media/batool/MULTIMODAL_DATA/Multimodal_Data/Cat1/opposite/bag_files/Cat1_20mph_lr_opposite_6/camera_images/1624829840.3154738.jpg
Cat1,20mph,lr,opposite,6,1624829840.348807,/media/batool/MULTIMODAL_DATA/Multimodal_Data/Cat1/opposite/bag_files/Cat1_20mph_lr_opposite_6/camera_images/1624829840.348807.jpg
Cat1,20mph,lr,opposite,6,1624829840.3821404,/media/batool/MULTIMODAL_DATA/Multimodal_Data/Cat1/opposite/bag_files/Cat1_20mph_lr_opposite_6/camera_images/1624829840.3821404.jpg
Cat1,20mph,lr,opposite,6,1624829840.4154737,/media/batool/MULTIMODAL_DATA/Multimodal_Data/Cat1/opposite/bag_files/Cat1_20mph_lr_opposite_6/camera_images/1624829840.4154737.jpg
Cat1,20mph,lr,opposite,6,1624829840.448807,/media/batool/MULTIMODAL_DATA/Multimodal_Data/Cat1/opposite/bag_files/Cat1_20mph_lr_opposite_6/camera_images/1624829840.448807.jpg
Cat1,20mph,lr,opposite,6,1624829840.4821403,/media/batool/MULTIMODAL_DATA/Multimodal_Data/Cat1/opposite/bag_files/Cat1_20mph_lr_opposite_6/camera_images/1624829840.4821403.jpg
Cat1,20mph,lr,opposite,6,1624829840.5154736,/media/batool/MULTIMODAL_DATA/Multimodal_Data/Cat1/opposite/bag_files/Cat1_20mph_lr_opposite_6/camera_images/1624829840.5154736.jpg
Cat1,20mph,lr,opposite,6,1624829840.548807,/media/batool/MULTIMODAL_DATA/Multimodal_Data/Cat1/opposite/bag_files/Cat1_20mph_lr_opposite_6/camera_images/1624829840.548807.jpg
Cat1,20mph,lr,opposite,6,1624829840.5821402,/media/batool/MULTIMODAL_DATA/Multimodal_Data/Cat1/opposite/bag_files/Cat1_20mph_lr_opposite_6/camera_images/1624829840.5821402.jpg
Cat1,20mph,lr,opposite,6,1624829840.6488068,/media/batool/MULTIMODAL_DATA/Multimodal_Data/Cat1/opposite/bag_files/Cat1_20mph_lr_opposite_6/camera_images/1624829840.6488068.jpg
Cat1,20mph,lr,opposite,6,1624829840.68214,/media/batool/MULTIMODAL_DATA/Multimodal_Data/Cat1/opposite/bag_files/Cat1_20mph_lr_opposite_6/camera_images/1624829840.68214.jpg
Cat1,20mph,lr,opposite,6,1624829840.7154734,/media/batool/MULTIMODAL_DATA/Multimodal_Data/Cat1/opposite/bag_files/Cat1_20mph_lr_opposite_6/camera_images/1624829840.7154734.jpg
Cat1,20mph,lr,opposite,6,1624829840.7488067,/media/batool/MULTIMODAL_DATA/Multimodal_Data/Cat1/opposite/bag_files/Cat1_20mph_lr_opposite_6/camera_images/1624829840.7488067.jpg
Cat1,20mph,lr,opposite,6,1624829840.78214,/media/batool/MULTIMODAL_DATA/Multimodal_Data/Cat1/opposite/bag_files/Cat1_20mph_lr_opposite_6/camera_images/1624829840.78214.jpg
Cat1,20mph,lr,opposite,6,1624829840.8154733,/media/batool/MULTIMODAL_DATA/Multimodal_Data/Cat1/opposite/bag_files/Cat1_20mph_lr_opposite_6/camera_images/1624829840.8154733.jpg
Cat1,20mph,lr,opposite,6,1624829840.8488066,/media/batool/MULTIMODAL_DATA/Multimodal_Data/Cat1/opposite/bag_files/Cat1_20mph_lr_opposite_6/camera_images/1624829840.8488066.jpg
Cat1,20mph,lr,opposite,6,1624829840.88214,/media/batool/MULTIMODAL_DATA/Multimodal_Data/Cat1/opposite/bag_files/Cat1_20mph_lr_opposite_6/camera_images/1624829840.88214.jpg
Cat1,20mph,lr,opposite,6,1624829840.9154732,/media/batool/MULTIMODAL_DATA/Multimodal_Data/Cat1/opposite/bag_files/Cat1_20mph_lr_opposite_6/camera_images/1624829840.9154732.jpg
Cat1,20mph,lr,opposite,6,1624829840.9488065,/media/batool/MULTIMODAL_DATA/Multimodal_Data/Cat1/opposite/bag_files/Cat1_20mph_lr_opposite_6/camera_images/1624829840.9488065.jpg
Cat1,20mph,lr,opposite,6,1624829840.9821398,/media/batool/MULTIMODAL_DATA/Multimodal_Data/Cat1/opposite/bag_files/Cat1_20mph_lr_opposite_6/camera_images/1624829840.9821398.jpg
Cat1,20mph,lr,opposite,6,1624829841.0154731,/media/batool/MULTIMODAL_DATA/Multimodal_Data/Cat1/opposite/bag_files/Cat1_20mph_lr_opposite_6/camera_images/1624829841.0154731.jpg
Cat1,20mph,lr,opposite,6,1624829841.0488064,/media/batool/MULTIMODAL_DATA/Multimodal_Data/Cat1/opposite/bag_files/Cat1_20mph_lr_opposite_6/camera_images/1624829841.0488064.jpg
Cat1,20mph,lr,opposite,6,1624829841.0821397,/media/batool/MULTIMODAL_DATA/Multimodal_Data/Cat1/opposite/bag_files/Cat1_20mph_lr_opposite_6/camera_images/1624829841.0821397.jpg
Cat1,20mph,lr,opposite,6,1624829841.115473,/media/batool/MULTIMODAL_DATA/Multimodal_Data/Cat1/opposite/bag_files/Cat1_20mph_lr_opposite_6/camera_images/1624829841.115473.jpg
Cat1,20mph,lr,opposite,6,1624829841.1821396,/media/batool/MULTIMODAL_DATA/Multimodal_Data/Cat1/opposite/bag_files/Cat1_20mph_lr_opposite_6/camera_images/1624829841.1821396.jpg
Cat1,20mph,lr,opposite,6,1624829841.215473,/media/batool/MULTIMODAL_DATA/Multimodal_Data/Cat1/opposite/bag_files/Cat1_20mph_lr_opposite_6/camera_images/1624829841.215473.jpg
Cat1,20mph,lr,opposite,6,1624829841.2488062,/media/batool/MULTIMODAL_DATA/Multimodal_Data/Cat1/opposite/bag_files/Cat1_20mph_lr_opposite_6/camera_images/1624829841.2488062.jpg
Cat1,20mph,lr,opposite,6,1624829841.2821395,/media/batool/MULTIMODAL_DATA/Multimodal_Data/Cat1/opposite/bag_files/Cat1_20mph_lr_opposite_6/camera_images/1624829841.2821395.jpg
Cat1,20mph,lr,opposite,6,1624829841.3154728,/media/batool/MULTIMODAL_DATA/Multimodal_Data/Cat1/opposite/bag_files/Cat1_20mph_lr_opposite_6/camera_images/1624829841.3154728.jpg
Cat1,20mph,lr,opposite,6,1624829841.3488061,/media/batool/MULTIMODAL_DATA/Multimodal_Data/Cat1/opposite/bag_files/Cat1_20mph_lr_opposite_6/camera_images/1624829841.3488061.jpg
Cat1,20mph,lr,opposite,6,1624829841.3821394,/media/batool/MULTIMODAL_DATA/Multimodal_Data/Cat1/opposite/bag_files/Cat1_20mph_lr_opposite_6/camera_images/1624829841.3821394.jpg
Cat1,20mph,lr,opposite,6,1624829841.4154727,/media/batool/MULTIMODAL_DATA/Multimodal_Data/Cat1/opposite/bag_files/Cat1_20mph_lr_opposite_6/camera_images/1624829841.4154727.jpg
Cat1,20mph,lr,opposite,6,1624829841.448806,/media/batool/MULTIMODAL_DATA/Multimodal_Data/Cat1/opposite/bag_files/Cat1_20mph_lr_opposite_6/camera_images/1624829841.448806.jpg
Cat1,20mph,lr,opposite,6,1624829841.4821393,/media/batool/MULTIMODAL_DATA/Multimodal_Data/Cat1/opposite/bag_files/Cat1_20mph_lr_opposite_6/camera_images/1624829841.4821393.jpg
Cat1,20mph,lr,opposite,6,1624829841.5154727,/media/batool/MULTIMODAL_DATA/Multimodal_Data/Cat1/opposite/bag_files/Cat1_20mph_lr_opposite_6/camera_images/1624829841.5154727.jpg
Cat1,20mph,lr,opposite,6,1624829841.548806,/media/batool/MULTIMODAL_DATA/Multimodal_Data/Cat1/opposite/bag_files/Cat1_20mph_lr_opposite_6/camera_images/1624829841.548806.jpg
Cat1,20mph,lr,opposite,6,1624829841.5821393,/media/batool/MULTIMODAL_DATA/Multimodal_Data/Cat1/opposite/bag_files/Cat1_20mph_lr_opposite_6/camera_images/1624829841.5821393.jpg
Cat1,20mph,lr,opposite,6,1624829841.6154726,/media/batool/MULTIMODAL_DATA/Multimodal_Data/Cat1/opposite/bag_files/Cat1_20mph_lr_opposite_6/camera_images/1624829841.6154726.jpg
Cat1,20mph,lr,opposite,6,1624829841.6488059,/media/batool/MULTIMODAL_DATA/Multimodal_Data/Cat1/opposite/bag_files/Cat1_20mph_lr_opposite_6/camera_images/1624829841.6488059.jpg
Cat1,20mph,lr,opposite,6,1624829841.7154725,/media/batool/MULTIMODAL_DATA/Multimodal_Data/Cat1/opposite/bag_files/Cat1_20mph_lr_opposite_6/camera_images/1624829841.7154725.jpg
Cat1,20mph,lr,opposite,6,1624829841.7488058,/media/batool/MULTIMODAL_DATA/Multimodal_Data/Cat1/opposite/bag_files/Cat1_20mph_lr_opposite_6/camera_images/1624829841.7488058.jpg
Cat1,20mph,lr,opposite,6,1624829841.782139,/media/batool/MULTIMODAL_DATA/Multimodal_Data/Cat1/opposite/bag_files/Cat1_20mph_lr_opposite_6/camera_images/1624829841.782139.jpg
Cat1,20mph,lr,opposite,6,1624829841.8154724,/media/batool/MULTIMODAL_DATA/Multimodal_Data/Cat1/opposite/bag_files/Cat1_20mph_lr_opposite_6/camera_images/1624829841.8154724.jpg
Cat1,20mph,lr,opposite,6,1624829841.8488057,/media/batool/MULTIMODAL_DATA/Multimodal_Data/Cat1/opposite/bag_files/Cat1_20mph_lr_opposite_6/camera_images/1624829841.8488057.jpg
Cat1,20mph,lr,opposite,6,1624829841.882139,/media/batool/MULTIMODAL_DATA/Multimodal_Data/Cat1/opposite/bag_files/Cat1_20mph_lr_opposite_6/camera_images/1624829841.882139.jpg
Cat1,20mph,lr,opposite,6,1624829841.9154723,/media/batool/MULTIMODAL_DATA/Multimodal_Data/Cat1/opposite/bag_files/Cat1_20mph_lr_opposite_6/camera_images/1624829841.9154723.jpg
Cat1,20mph,lr,opposite,6,1624829841.9488056,/media/batool/MULTIMODAL_DATA/Multimodal_Data/Cat1/opposite/bag_files/Cat1_20mph_lr_opposite_6/camera_images/1624829841.9488056.jpg
Cat1,20mph,lr,opposite,6,1624829841.9821389,/media/batool/MULTIMODAL_DATA/Multimodal_Data/Cat1/opposite/bag_files/Cat1_20mph_lr_opposite_6/camera_images/1624829841.9821389.jpg
Cat1,20mph,lr,opposite,6,1624829842.0154722,/media/batool/MULTIMODAL_DATA/Multimodal_Data/Cat1/opposite/bag_files/Cat1_20mph_lr_opposite_6/camera_images/1624829842.0154722.jpg
Cat1,20mph,lr,opposite,6,1624829842.0488055,/media/batool/MULTIMODAL_DATA/Multimodal_Data/Cat1/opposite/bag_files/Cat1_20mph_lr_opposite_6/camera_images/1624829842.0488055.jpg
Cat1,20mph,lr,opposite,6,1624829842.0821388,/media/batool/MULTIMODAL_DATA/Multimodal_Data/Cat1/opposite/bag_files/Cat1_20mph_lr_opposite_6/camera_images/1624829842.0821388.jpg
Cat1,20mph,lr,opposite,6,1624829842.115472,/media/batool/MULTIMODAL_DATA/Multimodal_Data/Cat1/opposite/bag_files/Cat1_20mph_lr_opposite_6/camera_images/1624829842.115472.jpg
Cat1,20mph,lr,opposite,6,1624829842.1488054,/media/batool/MULTIMODAL_DATA/Multimodal_Data/Cat1/opposite/bag_files/Cat1_20mph_lr_opposite_6/camera_images/1624829842.1488054.jpg
Cat1,20mph,lr,opposite,6,1624829842.1821387,/media/batool/MULTIMODAL_DATA/Multimodal_Data/Cat1/opposite/bag_files/Cat1_20mph_lr_opposite_6/camera_images/1624829842.1821387.jpg
Cat1,20mph,lr,opposite,6,1624829842.2488053,/media/batool/MULTIMODAL_DATA/Multimodal_Data/Cat1/opposite/bag_files/Cat1_20mph_lr_opposite_6/camera_images/1624829842.2488053.jpg
Cat1,20mph,lr,opposite,6,1624829842.2821386,/media/batool/MULTIMODAL_DATA/Multimodal_Data/Cat1/opposite/bag_files/Cat1_20mph_lr_opposite_6/camera_images/1624829842.2821386.jpg
Cat1,20mph,lr,opposite,6,1624829842.315472,/media/batool/MULTIMODAL_DATA/Multimodal_Data/Cat1/opposite/bag_files/Cat1_20mph_lr_opposite_6/camera_images/1624829842.315472.jpg
Cat1,20mph,lr,opposite,6,1624829842.3488052,/media/batool/MULTIMODAL_DATA/Multimodal_Data/Cat1/opposite/bag_files/Cat1_20mph_lr_opposite_6/camera_images/1624829842.3488052.jpg
Cat1,20mph,lr,opposite,6,1624829842.3821385,/media/batool/MULTIMODAL_DATA/Multimodal_Data/Cat1/opposite/bag_files/Cat1_20mph_lr_opposite_6/camera_images/1624829842.3821385.jpg
Cat1,20mph,lr,opposite,6,1624829842.4154718,/media/batool/MULTIMODAL_DATA/Multimodal_Data/Cat1/opposite/bag_files/Cat1_20mph_lr_opposite_6/camera_images/1624829842.4154718.jpg
Cat1,20mph,lr,opposite,6,1624829842.448805,/media/batool/MULTIMODAL_DATA/Multimodal_Data/Cat1/opposite/bag_files/Cat1_20mph_lr_opposite_6/camera_images/1624829842.448805.jpg
Cat1,20mph,lr,opposite,6,1624829842.4821384,/media/batool/MULTIMODAL_DATA/Multimodal_Data/Cat1/opposite/bag_files/Cat1_20mph_lr_opposite_6/camera_images/1624829842.4821384.jpg
Cat1,20mph,lr,opposite,6,1624829842.5154717,/media/batool/MULTIMODAL_DATA/Multimodal_Data/Cat1/opposite/bag_files/Cat1_20mph_lr_opposite_6/camera_images/1624829842.5154717.jpg
Cat1,20mph,lr,opposite,6,1624829842.548805,/media/batool/MULTIMODAL_DATA/Multimodal_Data/Cat1/opposite/bag_files/Cat1_20mph_lr_opposite_6/camera_images/1624829842.548805.jpg
Cat1,20mph,lr,opposite,6,1624829842.5821383,/media/batool/MULTIMODAL_DATA/Multimodal_Data/Cat1/opposite/bag_files/Cat1_20mph_lr_opposite_6/camera_images/1624829842.5821383.jpg
Cat1,20mph,lr,opposite,6,1624829842.6154716,/media/batool/MULTIMODAL_DATA/Multimodal_Data/Cat1/opposite/bag_files/Cat1_20mph_lr_opposite_6/camera_images/1624829842.6154716.jpg
Cat1,20mph,lr,opposite,6,1624829842.648805,/media/batool/MULTIMODAL_DATA/Multimodal_Data/Cat1/opposite/bag_files/Cat1_20mph_lr_opposite_6/camera_images/1624829842.648805.jpg
Cat1,20mph,lr,opposite,6,1624829842.6821382,/media/batool/MULTIMODAL_DATA/Multimodal_Data/Cat1/opposite/bag_files/Cat1_20mph_lr_opposite_6/camera_images/1624829842.6821382.jpg
Cat1,20mph,lr,opposite,6,1624829842.7154715,/media/batool/MULTIMODAL_DATA/Multimodal_Data/Cat1/opposite/bag_files/Cat1_20mph_lr_opposite_6/camera_images/1624829842.7154715.jpg
Cat1,20mph,lr,opposite,6,1624829842.782138,/media/batool/MULTIMODAL_DATA/Multimodal_Data/Cat1/opposite/bag_files/Cat1_20mph_lr_opposite_6/camera_images/1624829842.782138.jpg
Cat1,20mph,lr,opposite,6,1624829842.8154714,/media/batool/MULTIMODAL_DATA/Multimodal_Data/Cat1/opposite/bag_files/Cat1_20mph_lr_opposite_6/camera_images/1624829842.8154714.jpg
Cat1,20mph,lr,opposite,6,1624829842.8488047,/media/batool/MULTIMODAL_DATA/Multimodal_Data/Cat1/opposite/bag_files/Cat1_20mph_lr_opposite_6/camera_images/1624829842.8488047.jpg
Cat1,20mph,lr,opposite,6,1624829842.882138,/media/batool/MULTIMODAL_DATA/Multimodal_Data/Cat1/opposite/bag_files/Cat1_20mph_lr_opposite_6/camera_images/1624829842.882138.jpg
Cat1,20mph,lr,opposite,6,1624829842.9154713,/media/batool/MULTIMODAL_DATA/Multimodal_Data/Cat1/opposite/bag_files/Cat1_20mph_lr_opposite_6/camera_images/1624829842.9154713.jpg
Cat1,20mph,lr,opposite,6,1624829842.9488046,/media/batool/MULTIMODAL_DATA/Multimodal_Data/Cat1/opposite/bag_files/Cat1_20mph_lr_opposite_6/camera_images/1624829842.9488046.jpg
Cat1,20mph,lr,opposite,6,1624829842.982138,/media/batool/MULTIMODAL_DATA/Multimodal_Data/Cat1/opposite/bag_files/Cat1_20mph_lr_opposite_6/camera_images/1624829842.982138.jpg
Cat1,20mph,lr,opposite,6,1624829843.0154712,/media/batool/MULTIMODAL_DATA/Multimodal_Data/Cat1/opposite/bag_files/Cat1_20mph_lr_opposite_6/camera_images/1624829843.0154712.jpg
Cat1,20mph,lr,opposite,6,1624829843.0488045,/media/batool/MULTIMODAL_DATA/Multimodal_Data/Cat1/opposite/bag_files/Cat1_20mph_lr_opposite_6/camera_images/1624829843.0488045.jpg
Cat1,20mph,lr,opposite,6,1624829843.0821378,/media/batool/MULTIMODAL_DATA/Multimodal_Data/Cat1/opposite/bag_files/Cat1_20mph_lr_opposite_6/camera_images/1624829843.0821378.jpg
Cat1,20mph,lr,opposite,6,1624829843.1154711,/media/batool/MULTIMODAL_DATA/Multimodal_Data/Cat1/opposite/bag_files/Cat1_20mph_lr_opposite_6/camera_images/1624829843.1154711.jpg
Cat1,20mph,lr,opposite,6,1624829843.1488044,/media/batool/MULTIMODAL_DATA/Multimodal_Data/Cat1/opposite/bag_files/Cat1_20mph_lr_opposite_6/camera_images/1624829843.1488044.jpg
Cat1,20mph,lr,opposite,6,1624829843.1821377,/media/batool/MULTIMODAL_DATA/Multimodal_Data/Cat1/opposite/bag_files/Cat1_20mph_lr_opposite_6/camera_images/1624829843.1821377.jpg
Cat1,20mph,lr,opposite,6,1624829843.215471,/media/batool/MULTIMODAL_DATA/Multimodal_Data/Cat1/opposite/bag_files/Cat1_20mph_lr_opposite_6/camera_images/1624829843.215471.jpg
Cat1,20mph,lr,opposite,6,1624829843.2488043,/media/batool/MULTIMODAL_DATA/Multimodal_Data/Cat1/opposite/bag_files/Cat1_20mph_lr_opposite_6/camera_images/1624829843.2488043.jpg
Cat1,20mph,lr,opposite,6,1624829843.315471,/media/batool/MULTIMODAL_DATA/Multimodal_Data/Cat1/opposite/bag_files/Cat1_20mph_lr_opposite_6/camera_images/1624829843.315471.jpg
Cat1,20mph,lr,opposite,6,1624829843.3488042,/media/batool/MULTIMODAL_DATA/Multimodal_Data/Cat1/opposite/bag_files/Cat1_20mph_lr_opposite_6/camera_images/1624829843.3488042.jpg
Cat1,20mph,lr,opposite,6,1624829843.3821375,/media/batool/MULTIMODAL_DATA/Multimodal_Data/Cat1/opposite/bag_files/Cat1_20mph_lr_opposite_6/camera_images/1624829843.3821375.jpg
Cat1,20mph,lr,opposite,6,1624829843.4154708,/media/batool/MULTIMODAL_DATA/Multimodal_Data/Cat1/opposite/bag_files/Cat1_20mph_lr_opposite_6/camera_images/1624829843.4154708.jpg
Cat1,20mph,lr,opposite,6,1624829843.4488041,/media/batool/MULTIMODAL_DATA/Multimodal_Data/Cat1/opposite/bag_files/Cat1_20mph_lr_opposite_6/camera_images/1624829843.4488041.jpg
Cat1,20mph,lr,opposite,6,1624829843.4821374,/media/batool/MULTIMODAL_DATA/Multimodal_Data/Cat1/opposite/bag_files/Cat1_20mph_lr_opposite_6/camera_images/1624829843.4821374.jpg
Cat1,20mph,lr,opposite,6,1624829843.5154707,/media/batool/MULTIMODAL_DATA/Multimodal_Data/Cat1/opposite/bag_files/Cat1_20mph_lr_opposite_6/camera_images/1624829843.5154707.jpg
Cat1,20mph,lr,opposite,6,1624829843.548804,/media/batool/MULTIMODAL_DATA/Multimodal_Data/Cat1/opposite/bag_files/Cat1_20mph_lr_opposite_6/camera_images/1624829843.548804.jpg
Cat1,20mph,lr,opposite,6,1624829843.5821373,/media/batool/MULTIMODAL_DATA/Multimodal_Data/Cat1/opposite/bag_files/Cat1_20mph_lr_opposite_6/camera_images/1624829843.5821373.jpg
Cat1,20mph,lr,opposite,6,1624829843.6154706,/media/batool/MULTIMODAL_DATA/Multimodal_Data/Cat1/opposite/bag_files/Cat1_20mph_lr_opposite_6/camera_images/1624829843.6154706.jpg
Cat1,20mph,lr,opposite,6,1624829843.648804,/media/batool/MULTIMODAL_DATA/Multimodal_Data/Cat1/opposite/bag_files/Cat1_20mph_lr_opposite_6/camera_images/1624829843.648804.jpg
Cat1,20mph,lr,opposite,6,1624829843.6821373,/media/batool/MULTIMODAL_DATA/Multimodal_Data/Cat1/opposite/bag_files/Cat1_20mph_lr_opposite_6/camera_images/1624829843.6821373.jpg
Cat1,20mph,lr,opposite,6,1624829843.7154706,/media/batool/MULTIMODAL_DATA/Multimodal_Data/Cat1/opposite/bag_files/Cat1_20mph_lr_opposite_6/camera_images/1624829843.7154706.jpg
Cat1,20mph,lr,opposite,6,1624829843.7488039,/media/batool/MULTIMODAL_DATA/Multimodal_Data/Cat1/opposite/bag_files/Cat1_20mph_lr_opposite_6/camera_images/1624829843.7488039.jpg
Cat1,20mph,lr,opposite,6,1624829843.7821372,/media/batool/MULTIMODAL_DATA/Multimodal_Data/Cat1/opposite/bag_files/Cat1_20mph_lr_opposite_6/camera_images/1624829843.7821372.jpg
Cat1,20mph,lr,opposite,6,1624829843.8488038,/media/batool/MULTIMODAL_DATA/Multimodal_Data/Cat1/opposite/bag_files/Cat1_20mph_lr_opposite_6/camera_images/1624829843.8488038.jpg
Cat1,20mph,lr,opposite,6,1624829843.882137,/media/batool/MULTIMODAL_DATA/Multimodal_Data/Cat1/opposite/bag_files/Cat1_20mph_lr_opposite_6/camera_images/1624829843.882137.jpg
Cat1,20mph,lr,opposite,6,1624829843.9154704,/media/batool/MULTIMODAL_DATA/Multimodal_Data/Cat1/opposite/bag_files/Cat1_20mph_lr_opposite_6/camera_images/1624829843.9154704.jpg
Cat1,20mph,lr,opposite,6,1624829843.9488037,/media/batool/MULTIMODAL_DATA/Multimodal_Data/Cat1/opposite/bag_files/Cat1_20mph_lr_opposite_6/camera_images/1624829843.9488037.jpg
Cat1,20mph,lr,opposite,6,1624829843.982137,/media/batool/MULTIMODAL_DATA/Multimodal_Data/Cat1/opposite/bag_files/Cat1_20mph_lr_opposite_6/camera_images/1624829843.982137.jpg
Cat1,20mph,lr,opposite,6,1624829844.0154703,/media/batool/MULTIMODAL_DATA/Multimodal_Data/Cat1/opposite/bag_files/Cat1_20mph_lr_opposite_6/camera_images/1624829844.0154703.jpg
Cat1,20mph,lr,opposite,6,1624829844.0488036,/media/batool/MULTIMODAL_DATA/Multimodal_Data/Cat1/opposite/bag_files/Cat1_20mph_lr_opposite_6/camera_images/1624829844.0488036.jpg
Cat1,20mph,lr,opposite,6,1624829844.0821369,/media/batool/MULTIMODAL_DATA/Multimodal_Data/Cat1/opposite/bag_files/Cat1_20mph_lr_opposite_6/camera_images/1624829844.0821369.jpg
Cat1,20mph,lr,opposite,6,1624829844.1154702,/media/batool/MULTIMODAL_DATA/Multimodal_Data/Cat1/opposite/bag_files/Cat1_20mph_lr_opposite_6/camera_images/1624829844.1154702.jpg
Cat1,20mph,lr,opposite,6,1624829844.1488035,/media/batool/MULTIMODAL_DATA/Multimodal_Data/Cat1/opposite/bag_files/Cat1_20mph_lr_opposite_6/camera_images/1624829844.1488035.jpg
Cat1,20mph,lr,opposite,6,1624829844.1821368,/media/batool/MULTIMODAL_DATA/Multimodal_Data/Cat1/opposite/bag_files/Cat1_20mph_lr_opposite_6/camera_images/1624829844.1821368.jpg
Cat1,20mph,lr,opposite,6,1624829844.21547,/media/batool/MULTIMODAL_DATA/Multimodal_Data/Cat1/opposite/bag_files/Cat1_20mph_lr_opposite_6/camera_images/1624829844.21547.jpg
Cat1,20mph,lr,opposite,6,1624829844.2488034,/media/batool/MULTIMODAL_DATA/Multimodal_Data/Cat1/opposite/bag_files/Cat1_20mph_lr_opposite_6/camera_images/1624829844.2488034.jpg
Cat1,20mph,lr,opposite,6,1624829844.2821367,/media/batool/MULTIMODAL_DATA/Multimodal_Data/Cat1/opposite/bag_files/Cat1_20mph_lr_opposite_6/camera_images/1624829844.2821367.jpg
Cat1,20mph,lr,opposite,6,1624829844.31547,/media/batool/MULTIMODAL_DATA/Multimodal_Data/Cat1/opposite/bag_files/Cat1_20mph_lr_opposite_6/camera_images/1624829844.31547.jpg
Cat1,20mph,lr,opposite,6,1624829844.3821366,/media/batool/MULTIMODAL_DATA/Multimodal_Data/Cat1/opposite/bag_files/Cat1_20mph_lr_opposite_6/camera_images/1624829844.3821366.jpg
Cat1,20mph,lr,opposite,6,1624829844.41547,/media/batool/MULTIMODAL_DATA/Multimodal_Data/Cat1/opposite/bag_files/Cat1_20mph_lr_opposite_6/camera_images/1624829844.41547.jpg
Cat1,20mph,lr,opposite,6,1624829844.4488032,/media/batool/MULTIMODAL_DATA/Multimodal_Data/Cat1/opposite/bag_files/Cat1_20mph_lr_opposite_6/camera_images/1624829844.4488032.jpg
Cat1,20mph,lr,opposite,6,1624829844.4821365,/media/batool/MULTIMODAL_DATA/Multimodal_Data/Cat1/opposite/bag_files/Cat1_20mph_lr_opposite_6/camera_images/1624829844.4821365.jpg
Cat1,20mph,lr,opposite,6,1624829844.5154698,/media/batool/MULTIMODAL_DATA/Multimodal_Data/Cat1/opposite/bag_files/Cat1_20mph_lr_opposite_6/camera_images/1624829844.5154698.jpg
Cat1,20mph,lr,opposite,6,1624829844.548803,/media/batool/MULTIMODAL_DATA/Multimodal_Data/Cat1/opposite/bag_files/Cat1_20mph_lr_opposite_6/camera_images/1624829844.548803.jpg
Cat1,20mph,lr,opposite,6,1624829844.5821364,/media/batool/MULTIMODAL_DATA/Multimodal_Data/Cat1/opposite/bag_files/Cat1_20mph_lr_opposite_6/camera_images/1624829844.5821364.jpg
Cat1,20mph,lr,opposite,6,1624829844.6154697,/media/batool/MULTIMODAL_DATA/Multimodal_Data/Cat1/opposite/bag_files/Cat1_20mph_lr_opposite_6/camera_images/1624829844.6154697.jpg
Cat1,20mph,lr,opposite,6,1624829844.648803,/media/batool/MULTIMODAL_DATA/Multimodal_Data/Cat1/opposite/bag_files/Cat1_20mph_lr_opposite_6/camera_images/1624829844.648803.jpg
Cat1,20mph,lr,opposite,6,1624829844.6821363,/media/batool/MULTIMODAL_DATA/Multimodal_Data/Cat1/opposite/bag_files/Cat1_20mph_lr_opposite_6/camera_images/1624829844.6821363.jpg
Cat1,20mph,lr,opposite,6,1624829844.7154696,/media/batool/MULTIMODAL_DATA/Multimodal_Data/Cat1/opposite/bag_files/Cat1_20mph_lr_opposite_6/camera_images/1624829844.7154696.jpg
Cat1,20mph,lr,opposite,6,1624829844.748803,/media/batool/MULTIMODAL_DATA/Multimodal_Data/Cat1/opposite/bag_files/Cat1_20mph_lr_opposite_6/camera_images/1624829844.748803.jpg
Cat1,20mph,lr,opposite,6,1624829844.7821362,/media/batool/MULTIMODAL_DATA/Multimodal_Data/Cat1/opposite/bag_files/Cat1_20mph_lr_opposite_6/camera_images/1624829844.7821362.jpg
Cat1,20mph,lr,opposite,6,1624829844.8154695,/media/batool/MULTIMODAL_DATA/Multimodal_Data/Cat1/opposite/bag_files/Cat1_20mph_lr_opposite_6/camera_images/1624829844.8154695.jpg
Cat1,20mph,lr,opposite,6,1624829844.8488028,/media/batool/MULTIMODAL_DATA/Multimodal_Data/Cat1/opposite/bag_files/Cat1_20mph_lr_opposite_6/camera_images/1624829844.8488028.jpg
Cat1,20mph,lr,opposite,6,1624829844.9154694,/media/batool/MULTIMODAL_DATA/Multimodal_Data/Cat1/opposite/bag_files/Cat1_20mph_lr_opposite_6/camera_images/1624829844.9154694.jpg
Cat1,20mph,lr,opposite,6,1624829844.9488027,/media/batool/MULTIMODAL_DATA/Multimodal_Data/Cat1/opposite/bag_files/Cat1_20mph_lr_opposite_6/camera_images/1624829844.9488027.jpg
Cat1,20mph,lr,opposite,6,1624829844.982136,/media/batool/MULTIMODAL_DATA/Multimodal_Data/Cat1/opposite/bag_files/Cat1_20mph_lr_opposite_6/camera_images/1624829844.982136.jpg
Cat1,20mph,lr,opposite,6,1624829845.0154693,/media/batool/MULTIMODAL_DATA/Multimodal_Data/Cat1/opposite/bag_files/Cat1_20mph_lr_opposite_6/camera_images/1624829845.0154693.jpg
Cat1,20mph,lr,opposite,6,1624829845.0488026,/media/batool/MULTIMODAL_DATA/Multimodal_Data/Cat1/opposite/bag_files/Cat1_20mph_lr_opposite_6/camera_images/1624829845.0488026.jpg
Cat1,20mph,lr,opposite,6,1624829845.082136,/media/batool/MULTIMODAL_DATA/Multimodal_Data/Cat1/opposite/bag_files/Cat1_20mph_lr_opposite_6/camera_images/1624829845.082136.jpg
Cat1,20mph,lr,opposite,6,1624829845.1154692,/media/batool/MULTIMODAL_DATA/Multimodal_Data/Cat1/opposite/bag_files/Cat1_20mph_lr_opposite_6/camera_images/1624829845.1154692.jpg
Cat1,20mph,lr,opposite,6,1624829845.1488025,/media/batool/MULTIMODAL_DATA/Multimodal_Data/Cat1/opposite/bag_files/Cat1_20mph_lr_opposite_6/camera_images/1624829845.1488025.jpg
Cat1,20mph,lr,opposite,6,1624829845.1821358,/media/batool/MULTIMODAL_DATA/Multimodal_Data/Cat1/opposite/bag_files/Cat1_20mph_lr_opposite_6/camera_images/1624829845.1821358.jpg
Cat1,20mph,lr,opposite,6,1624829845.2154691,/media/batool/MULTIMODAL_DATA/Multimodal_Data/Cat1/opposite/bag_files/Cat1_20mph_lr_opposite_6/camera_images/1624829845.2154691.jpg
Cat1,20mph,lr,opposite,6,1624829845.2488024,/media/batool/MULTIMODAL_DATA/Multimodal_Data/Cat1/opposite/bag_files/Cat1_20mph_lr_opposite_6/camera_images/1624829845.2488024.jpg
Cat1,20mph,lr,opposite,6,1624829845.2821357,/media/batool/MULTIMODAL_DATA/Multimodal_Data/Cat1/opposite/bag_files/Cat1_20mph_lr_opposite_6/camera_images/1624829845.2821357.jpg
Cat1,20mph,lr,opposite,6,1624829845.315469,/media/batool/MULTIMODAL_DATA/Multimodal_Data/Cat1/opposite/bag_files/Cat1_20mph_lr_opposite_6/camera_images/1624829845.315469.jpg
Cat1,20mph,lr,opposite,6,1624829845.3488023,/media/batool/MULTIMODAL_DATA/Multimodal_Data/Cat1/opposite/bag_files/Cat1_20mph_lr_opposite_6/camera_images/1624829845.3488023.jpg
Cat1,20mph,lr,opposite,6,1624829845.3821356,/media/batool/MULTIMODAL_DATA/Multimodal_Data/Cat1/opposite/bag_files/Cat1_20mph_lr_opposite_6/camera_images/1624829845.3821356.jpg
Cat1,20mph,lr,opposite,6,1624829845.4488022,/media/batool/MULTIMODAL_DATA/Multimodal_Data/Cat1/opposite/bag_files/Cat1_20mph_lr_opposite_6/camera_images/1624829845.4488022.jpg
Cat1,20mph,lr,opposite,6,1624829845.4821355,/media/batool/MULTIMODAL_DATA/Multimodal_Data/Cat1/opposite/bag_files/Cat1_20mph_lr_opposite_6/camera_images/1624829845.4821355.jpg
Cat1,20mph,lr,opposite,6,1624829845.5154688,/media/batool/MULTIMODAL_DATA/Multimodal_Data/Cat1/opposite/bag_files/Cat1_20mph_lr_opposite_6/camera_images/1624829845.5154688.jpg
Cat1,20mph,lr,opposite,6,1624829845.5488021,/media/batool/MULTIMODAL_DATA/Multimodal_Data/Cat1/opposite/bag_files/Cat1_20mph_lr_opposite_6/camera_images/1624829845.5488021.jpg
Cat1,20mph,lr,opposite,6,1624829845.5821354,/media/batool/MULTIMODAL_DATA/Multimodal_Data/Cat1/opposite/bag_files/Cat1_20mph_lr_opposite_6/camera_images/1624829845.5821354.jpg
Cat1,20mph,lr,opposite,6,1624829845.6154687,/media/batool/MULTIMODAL_DATA/Multimodal_Data/Cat1/opposite/bag_files/Cat1_20mph_lr_opposite_6/camera_images/1624829845.6154687.jpg
Cat1,20mph,lr,opposite,6,1624829845.648802,/media/batool/MULTIMODAL_DATA/Multimodal_Data/Cat1/opposite/bag_files/Cat1_20mph_lr_opposite_6/camera_images/1624829845.648802.jpg
Cat1,20mph,lr,opposite,6,1624829845.6821353,/media/batool/MULTIMODAL_DATA/Multimodal_Data/Cat1/opposite/bag_files/Cat1_20mph_lr_opposite_6/camera_images/1624829845.6821353.jpg
Cat1,20mph,lr,opposite,6,1624829845.7154686,/media/batool/MULTIMODAL_DATA/Multimodal_Data/Cat1/opposite/bag_files/Cat1_20mph_lr_opposite_6/camera_images/1624829845.7154686.jpg
Cat1,20mph,lr,opposite,6,1624829845.748802,/media/batool/MULTIMODAL_DATA/Multimodal_Data/Cat1/opposite/bag_files/Cat1_20mph_lr_opposite_6/camera_images/1624829845.748802.jpg
Cat1,20mph,lr,opposite,6,1624829845.7821352,/media/batool/MULTIMODAL_DATA/Multimodal_Data/Cat1/opposite/bag_files/Cat1_20mph_lr_opposite_6/camera_images/1624829845.7821352.jpg
Cat1,20mph,lr,opposite,6,1624829845.8154685,/media/batool/MULTIMODAL_DATA/Multimodal_Data/Cat1/opposite/bag_files/Cat1_20mph_lr_opposite_6/camera_images/1624829845.8154685.jpg
Cat1,20mph,lr,opposite,6,1624829845.8488019,/media/batool/MULTIMODAL_DATA/Multimodal_Data/Cat1/opposite/bag_files/Cat1_20mph_lr_opposite_6/camera_images/1624829845.8488019.jpg
Cat1,20mph,lr,opposite,6,1624829845.8821352,/media/batool/MULTIMODAL_DATA/Multimodal_Data/Cat1/opposite/bag_files/Cat1_20mph_lr_opposite_6/camera_images/1624829845.8821352.jpg
Cat1,20mph,lr,opposite,6,1624829845.9154685,/media/batool/MULTIMODAL_DATA/Multimodal_Data/Cat1/opposite/bag_files/Cat1_20mph_lr_opposite_6/camera_images/1624829845.9154685.jpg
Cat1,20mph,lr,opposite,6,1624829845.982135,/media/batool/MULTIMODAL_DATA/Multimodal_Data/Cat1/opposite/bag_files/Cat1_20mph_lr_opposite_6/camera_images/1624829845.982135.jpg
Cat1,20mph,lr,opposite,6,1624829846.0154684,/media/batool/MULTIMODAL_DATA/Multimodal_Data/Cat1/opposite/bag_files/Cat1_20mph_lr_opposite_6/camera_images/1624829846.0154684.jpg
Cat1,20mph,lr,opposite,6,1624829846.0488017,/media/batool/MULTIMODAL_DATA/Multimodal_Data/Cat1/opposite/bag_files/Cat1_20mph_lr_opposite_6/camera_images/1624829846.0488017.jpg
Cat1,20mph,lr,opposite,6,1624829846.082135,/media/batool/MULTIMODAL_DATA/Multimodal_Data/Cat1/opposite/bag_files/Cat1_20mph_lr_opposite_6/camera_images/1624829846.082135.jpg
Cat1,20mph,lr,opposite,6,1624829846.1154683,/media/batool/MULTIMODAL_DATA/Multimodal_Data/Cat1/opposite/bag_files/Cat1_20mph_lr_opposite_6/camera_images/1624829846.1154683.jpg
Cat1,20mph,lr,opposite,6,1624829846.1488016,/media/batool/MULTIMODAL_DATA/Multimodal_Data/Cat1/opposite/bag_files/Cat1_20mph_lr_opposite_6/camera_images/1624829846.1488016.jpg
Cat1,20mph,lr,opposite,6,1624829846.1821349,/media/batool/MULTIMODAL_DATA/Multimodal_Data/Cat1/opposite/bag_files/Cat1_20mph_lr_opposite_6/camera_images/1624829846.1821349.jpg
Cat1,20mph,lr,opposite,6,1624829846.2154682,/media/batool/MULTIMODAL_DATA/Multimodal_Data/Cat1/opposite/bag_files/Cat1_20mph_lr_opposite_6/camera_images/1624829846.2154682.jpg
Cat1,20mph,lr,opposite,6,1624829846.2488015,/media/batool/MULTIMODAL_DATA/Multimodal_Data/Cat1/opposite/bag_files/Cat1_20mph_lr_opposite_6/camera_images/1624829846.2488015.jpg
Cat1,20mph,lr,opposite,6,1624829846.2821348,/media/batool/MULTIMODAL_DATA/Multimodal_Data/Cat1/opposite/bag_files/Cat1_20mph_lr_opposite_6/camera_images/1624829846.2821348.jpg
Cat1,20mph,lr,opposite,6,1624829846.315468,/media/batool/MULTIMODAL_DATA/Multimodal_Data/Cat1/opposite/bag_files/Cat1_20mph_lr_opposite_6/camera_images/1624829846.315468.jpg
Cat1,20mph,lr,opposite,6,1624829846.3488014,/media/batool/MULTIMODAL_DATA/Multimodal_Data/Cat1/opposite/bag_files/Cat1_20mph_lr_opposite_6/camera_images/1624829846.3488014.jpg
Cat1,20mph,lr,opposite,6,1624829846.3821347,/media/batool/MULTIMODAL_DATA/Multimodal_Data/Cat1/opposite/bag_files/Cat1_20mph_lr_opposite_6/camera_images/1624829846.3821347.jpg
Cat1,20mph,lr,opposite,6,1624829846.415468,/media/batool/MULTIMODAL_DATA/Multimodal_Data/Cat1/opposite/bag_files/Cat1_20mph_lr_opposite_6/camera_images/1624829846.415468.jpg
Cat1,20mph,lr,opposite,6,1624829846.4488013,/media/batool/MULTIMODAL_DATA/Multimodal_Data/Cat1/opposite/bag_files/Cat1_20mph_lr_opposite_6/camera_images/1624829846.4488013.jpg
Cat1,20mph,lr,opposite,6,1624829846.4821346,/media/batool/MULTIMODAL_DATA/Multimodal_Data/Cat1/opposite/bag_files/Cat1_20mph_lr_opposite_6/camera_images/1624829846.4821346.jpg
Cat1,20mph,lr,opposite,6,1624829846.515468,/media/batool/MULTIMODAL_DATA/Multimodal_Data/Cat1/opposite/bag_files/Cat1_20mph_lr_opposite_6/camera_images/1624829846.515468.jpg
Cat1,20mph,lr,opposite,6,1624829846.5488012,/media/batool/MULTIMODAL_DATA/Multimodal_Data/Cat1/opposite/bag_files/Cat1_20mph_lr_opposite_6/camera_images/1624829846.5488012.jpg
Cat1,20mph,lr,opposite,6,1624829846.5821345,/media/batool/MULTIMODAL_DATA/Multimodal_Data/Cat1/opposite/bag_files/Cat1_20mph_lr_opposite_6/camera_images/1624829846.5821345.jpg
Cat1,20mph,lr,opposite,6,1624829846.6154678,/media/batool/MULTIMODAL_DATA/Multimodal_Data/Cat1/opposite/bag_files/Cat1_20mph_lr_opposite_6/camera_images/1624829846.6154678.jpg
Cat1,20mph,lr,opposite,6,1624829846.648801,/media/batool/MULTIMODAL_DATA/Multimodal_Data/Cat1/opposite/bag_files/Cat1_20mph_lr_opposite_6/camera_images/1624829846.648801.jpg
