Category,speed,direction,lane,episode,time_stamp,lida_file,image_file,lat,long,max_rssi,selected_sector,tx_mcs,rx_mcs,sqi,all_rssi,all_sector,x,y,snr,sector_WI,powers_WI
Cat3,15mph,lr,opposite,6,1625004156.173385000,/media/batool/MULTIMODAL_DATA/Multimodal_Data/Cat3/static_in_front/bag_files/Cat3_15mph_lr_opposite_6/lidar_pcd/ns1/velodyne_points/1625004156.173385000.pcd,/media/batool/MULTIMODAL_DATA/Multimodal_Data/Cat3/static_in_front/bag_files/Cat3_15mph_lr_opposite_6/camera_images/1625004156.1638517.jpg,42.33804533333342,-71.08658666666682,7938,10,6,8,55,"[5635, 6332, 6412, 4044, 5073, 6136, 6445, 4776, 7938, 4976, 6068, 4382, 5366, 5340, 6326, 4736, 7331, 4936, 7153, 5407, 6230, 4580, 6271, 5926, 5214, 6419, 6412, 0, 5202, 5092]","[2, 3, 4, 4, 6, 7, 8, 8, 10, 11, 12, 12, 15, 16, 17, 17, 19, 19, 22, 23, 24, 24, 26, 27, 28, 29, 30, 30, 61, 63]",38.292204287817476,-9.258707981037636,"[-3, -3, -4, -9, -4, -4, -2, -9, -2, -7, -4, -10, -4, -4, -3, -9, -1, -8, -1, -4, -3, -12, -3, -4, -3, -2, -2, 0, -4, -4]","[1, 2, 3, 4, 5, 6, 7, 8, 9, 10, 11, 12, 13, 14, 15, 16, 17, 18, 19, 20, 21, 22, 23, 24, 25, 26, 27, 28, 29, 30, 31, 61, 62, 63]","[126.3631774999988, -426.03000000000003, -259.0165199999999, -698.7509375000005, 809.3666300000008, -27.781042500000105, 658.5892550000004, -95.59556125000037, 654.0854850000035, 0, 181.96775999999898, 224.88152000000008, -547.6781625000006, 487.7408025, -347.5136174999999, 32.92564999999936, -141.46624999999997, 145.34470499999975, 169.86684749999972, 276.27830999999895, -173.4316199999995, -237.81784500000072, 237.28131499999938, 519.3987800000025, -169.70250000000001, -871.6821750000006, -496.5428000000003, -0.0, 310.50181500000025, -600.2942100000005, -264.67425, 446.04954500000065, -322.9703064583335, 188.31851999999895]"
Cat3,15mph,lr,opposite,6,1625004156.274231000,/media/batool/MULTIMODAL_DATA/Multimodal_Data/Cat3/static_in_front/bag_files/Cat3_15mph_lr_opposite_6/lidar_pcd/ns1/velodyne_points/1625004156.274231000.pcd,/media/batool/MULTIMODAL_DATA/Multimodal_Data/Cat3/static_in_front/bag_files/Cat3_15mph_lr_opposite_6/camera_images/1625004156.2638516.jpg,42.338045333333405,-71.0865866666668,7938,10,6,8,55,"[5635, 6332, 6412, 4044, 5073, 6136, 6445, 4776, 7938, 4976, 6068, 4382, 5366, 5340, 6326, 4736, 7331, 4936, 7153, 5407, 6230, 4580, 6271, 5926, 5214, 6419, 6412, 0, 5202, 5092]","[2, 3, 4, 4, 6, 7, 8, 8, 10, 11, 12, 12, 15, 16, 17, 17, 19, 19, 22, 23, 24, 24, 26, 27, 28, 29, 30, 30, 61, 63]",38.29220428898465,-9.25870798261662,"[-3, -3, -4, -9, -4, -4, -2, -9, -2, -7, -4, -10, -4, -4, -3, -9, -1, -8, -1, -4, -3, -12, -3, -4, -3, -2, -2, 0, -4, -4]","[1, 2, 3, 4, 5, 6, 7, 8, 9, 10, 11, 12, 13, 14, 15, 16, 17, 18, 19, 20, 21, 22, 23, 24, 25, 26, 27, 28, 29, 30, 31, 61, 62, 63]","[126.3631774999988, -426.03000000000003, -259.0165199999999, -698.7509375000005, 809.3666300000008, -27.781042500000105, 658.5892550000004, -95.59556125000037, 654.0854850000035, 0, 181.96775999999898, 224.88152000000008, -547.6781625000006, 487.7408025, -347.5136174999999, 32.92564999999936, -141.46624999999997, 145.34470499999975, 169.86684749999972, 276.27830999999895, -173.4316199999995, -237.81784500000072, 237.28131499999938, 519.3987800000025, -169.70250000000001, -871.6821750000006, -496.5428000000003, -0.0, 310.50181500000025, -600.2942100000005, -264.67425, 446.04954500000065, -322.9703064583335, 188.31851999999895]"
Cat3,15mph,lr,opposite,6,1625004156.375127000,/media/batool/MULTIMODAL_DATA/Multimodal_Data/Cat3/static_in_front/bag_files/Cat3_15mph_lr_opposite_6/lidar_pcd/ns1/velodyne_points/1625004156.375127000.pcd,/media/batool/MULTIMODAL_DATA/Multimodal_Data/Cat3/static_in_front/bag_files/Cat3_15mph_lr_opposite_6/camera_images/1625004156.3638515.jpg,42.3380453333334,-71.08658666666678,7938,10,6,8,55,"[5635, 6332, 6412, 4044, 5073, 6136, 6445, 4776, 7938, 4976, 6068, 4382, 5366, 5340, 6326, 4736, 7331, 4936, 7153, 5407, 6230, 4580, 6271, 5926, 5214, 6419, 6412, 0, 5202, 5092]","[2, 3, 4, 4, 6, 7, 8, 8, 10, 11, 12, 12, 15, 16, 17, 17, 19, 19, 22, 23, 24, 24, 26, 27, 28, 29, 30, 30, 61, 63]",38.29220429131897,-9.258707983406111,"[-3, -3, -4, -9, -4, -4, -2, -9, -2, -7, -4, -10, -4, -4, -3, -9, -1, -8, -1, -4, -3, -12, -3, -4, -3, -2, -2, 0, -4, -4]","[1, 2, 3, 4, 5, 6, 7, 8, 9, 10, 11, 12, 13, 14, 15, 16, 17, 18, 19, 20, 21, 22, 23, 24, 25, 26, 27, 28, 29, 30, 31, 61, 62, 63]","[126.3631774999988, -426.03000000000003, -259.0165199999999, -698.7509375000005, 809.3666300000008, -27.781042500000105, 658.5892550000004, -95.59556125000037, 654.0854850000035, 0, 181.96775999999898, 224.88152000000008, -547.6781625000006, 487.7408025, -347.5136174999999, 32.92564999999936, -141.46624999999997, 145.34470499999975, 169.86684749999972, 276.27830999999895, -173.4316199999995, -237.81784500000072, 237.28131499999938, 519.3987800000025, -169.70250000000001, -871.6821750000006, -496.5428000000003, -0.0, 310.50181500000025, -600.2942100000005, -264.67425, 446.04954500000065, -322.9703064583335, 188.31851999999895]"
Cat3,15mph,lr,opposite,6,1625004156.475970000,/media/batool/MULTIMODAL_DATA/Multimodal_Data/Cat3/static_in_front/bag_files/Cat3_15mph_lr_opposite_6/lidar_pcd/ns1/velodyne_points/1625004156.475970000.pcd,/media/batool/MULTIMODAL_DATA/Multimodal_Data/Cat3/static_in_front/bag_files/Cat3_15mph_lr_opposite_6/camera_images/1625004156.4638515.jpg,42.338045333333376,-71.08658666666675,7938,10,6,8,55,"[5635, 6332, 6412, 4044, 5073, 6136, 6445, 4776, 7938, 4976, 6068, 4382, 5366, 5340, 6326, 4736, 7331, 4936, 7153, 5407, 6230, 4580, 6271, 5926, 5214, 6419, 6412, 0, 5202, 5092]","[2, 3, 4, 4, 6, 7, 8, 8, 10, 11, 12, 12, 15, 16, 17, 17, 19, 19, 22, 23, 24, 24, 26, 27, 28, 29, 30, 30, 61, 63]",38.2922042936533,-9.258707985774587,"[-3, -3, -4, -9, -4, -4, -2, -9, -2, -7, -4, -10, -4, -4, -3, -9, -1, -8, -1, -4, -3, -12, -3, -4, -3, -2, -2, 0, -4, -4]","[1, 2, 3, 4, 5, 6, 7, 8, 9, 10, 11, 12, 13, 14, 15, 16, 17, 18, 19, 20, 21, 22, 23, 24, 25, 26, 27, 28, 29, 30, 31, 61, 62, 63]","[126.3631774999988, -426.03000000000003, -259.0165199999999, -698.7509375000005, 809.3666300000008, -27.781042500000105, 658.5892550000004, -95.59556125000037, 654.0854850000035, 0, 181.96775999999898, 224.88152000000008, -547.6781625000006, 487.7408025, -347.5136174999999, 32.92564999999936, -141.46624999999997, 145.34470499999975, 169.86684749999972, 276.27830999999895, -173.4316199999995, -237.81784500000072, 237.28131499999938, 519.3987800000025, -169.70250000000001, -871.6821750000006, -496.5428000000003, -0.0, 310.50181500000025, -600.2942100000005, -264.67425, 446.04954500000065, -322.9703064583335, 188.31851999999895]"
Cat3,15mph,lr,opposite,6,1625004156.576801000,/media/batool/MULTIMODAL_DATA/Multimodal_Data/Cat3/static_in_front/bag_files/Cat3_15mph_lr_opposite_6/lidar_pcd/ns1/velodyne_points/1625004156.576801000.pcd,/media/batool/MULTIMODAL_DATA/Multimodal_Data/Cat3/static_in_front/bag_files/Cat3_15mph_lr_opposite_6/camera_images/1625004156.5638514.jpg,42.338045333333376,-71.08658666666673,7938,10,6,8,55,"[5635, 6332, 6412, 4044, 5073, 6136, 6445, 4776, 7938, 4976, 6068, 4382, 5366, 5340, 6326, 4736, 7331, 4936, 7153, 5407, 6230, 4580, 6271, 5926, 5214, 6419, 6412, 0, 5202, 5092]","[2, 3, 4, 4, 6, 7, 8, 8, 10, 11, 12, 12, 15, 16, 17, 17, 19, 19, 22, 23, 24, 24, 26, 27, 28, 29, 30, 30, 61, 63]",38.29220429482046,-9.258707985774587,"[-3, -3, -4, -9, -4, -4, -2, -9, -2, -7, -4, -10, -4, -4, -3, -9, -1, -8, -1, -4, -3, -12, -3, -4, -3, -2, -2, 0, -4, -4]","[1, 2, 3, 4, 5, 6, 7, 8, 9, 10, 11, 12, 13, 14, 15, 16, 17, 18, 19, 20, 21, 22, 23, 24, 25, 26, 27, 28, 29, 30, 31, 61, 62, 63]","[126.3631774999988, -426.03000000000003, -259.0165199999999, -698.7509375000005, 809.3666300000008, -27.781042500000105, 658.5892550000004, -95.59556125000037, 654.0854850000035, 0, 181.96775999999898, 224.88152000000008, -547.6781625000006, 487.7408025, -347.5136174999999, 32.92564999999936, -141.46624999999997, 145.34470499999975, 169.86684749999972, 276.27830999999895, -173.4316199999995, -237.81784500000072, 237.28131499999938, 519.3987800000025, -169.70250000000001, -871.6821750000006, -496.5428000000003, -0.0, 310.50181500000025, -600.2942100000005, -264.67425, 446.04954500000065, -322.9703064583335, 188.31851999999895]"
Cat3,15mph,lr,opposite,6,1625004156.677656000,/media/batool/MULTIMODAL_DATA/Multimodal_Data/Cat3/static_in_front/bag_files/Cat3_15mph_lr_opposite_6/lidar_pcd/ns1/velodyne_points/1625004156.677656000.pcd,/media/batool/MULTIMODAL_DATA/Multimodal_Data/Cat3/static_in_front/bag_files/Cat3_15mph_lr_opposite_6/camera_images/1625004156.6638513.jpg,42.33804533333336,-71.08658666666672,7938,10,6,8,55,"[5635, 6332, 6412, 4044, 5073, 6136, 6445, 4776, 7938, 4976, 6068, 4382, 5366, 5340, 6326, 4736, 7331, 4936, 7153, 5407, 6230, 4580, 6271, 5926, 5214, 6419, 6412, 0, 5202, 5092]","[2, 3, 4, 4, 6, 7, 8, 8, 10, 11, 12, 12, 15, 16, 17, 17, 19, 19, 22, 23, 24, 24, 26, 27, 28, 29, 30, 30, 61, 63]",38.29220429598762,-9.25870798735357,"[-3, -3, -4, -9, -4, -4, -2, -9, -2, -7, -4, -10, -4, -4, -3, -9, -1, -8, -1, -4, -3, -12, -3, -4, -3, -2, -2, 0, -4, -4]","[1, 2, 3, 4, 5, 6, 7, 8, 9, 10, 11, 12, 13, 14, 15, 16, 17, 18, 19, 20, 21, 22, 23, 24, 25, 26, 27, 28, 29, 30, 31, 61, 62, 63]","[126.3631774999988, -426.03000000000003, -259.0165199999999, -698.7509375000005, 809.3666300000008, -27.781042500000105, 658.5892550000004, -95.59556125000037, 654.0854850000035, 0, 181.96775999999898, 224.88152000000008, -547.6781625000006, 487.7408025, -347.5136174999999, 32.92564999999936, -141.46624999999997, 145.34470499999975, 169.86684749999972, 276.27830999999895, -173.4316199999995, -237.81784500000072, 237.28131499999938, 519.3987800000025, -169.70250000000001, -871.6821750000006, -496.5428000000003, -0.0, 310.50181500000025, -600.2942100000005, -264.67425, 446.04954500000065, -322.9703064583335, 188.31851999999895]"
Cat3,15mph,lr,opposite,6,1625004156.778552000,/media/batool/MULTIMODAL_DATA/Multimodal_Data/Cat3/static_in_front/bag_files/Cat3_15mph_lr_opposite_6/lidar_pcd/ns1/velodyne_points/1625004156.778552000.pcd,/media/batool/MULTIMODAL_DATA/Multimodal_Data/Cat3/static_in_front/bag_files/Cat3_15mph_lr_opposite_6/camera_images/1625004156.7638512.jpg,42.338045333333355,-71.08658666666669,7938,10,6,8,55,"[5635, 6332, 6412, 4044, 5073, 6136, 6445, 4776, 7938, 4976, 6068, 4382, 5366, 5340, 6326, 4736, 7331, 4936, 7153, 5407, 6230, 4580, 6271, 5926, 5214, 6419, 6412, 0, 5202, 5092]","[2, 3, 4, 4, 6, 7, 8, 8, 10, 11, 12, 12, 15, 16, 17, 17, 19, 19, 22, 23, 24, 24, 26, 27, 28, 29, 30, 30, 61, 63]",38.292204298321934,-9.258707988143064,"[-3, -3, -4, -9, -4, -4, -2, -9, -2, -7, -4, -10, -4, -4, -3, -9, -1, -8, -1, -4, -3, -12, -3, -4, -3, -2, -2, 0, -4, -4]","[1, 2, 3, 4, 5, 6, 7, 8, 9, 10, 11, 12, 13, 14, 15, 16, 17, 18, 19, 20, 21, 22, 23, 24, 25, 26, 27, 28, 29, 30, 31, 61, 62, 63]","[126.3631774999988, -426.03000000000003, -259.0165199999999, -698.7509375000005, 809.3666300000008, -27.781042500000105, 658.5892550000004, -95.59556125000037, 654.0854850000035, 0, 181.96775999999898, 224.88152000000008, -547.6781625000006, 487.7408025, -347.5136174999999, 32.92564999999936, -141.46624999999997, 145.34470499999975, 169.86684749999972, 276.27830999999895, -173.4316199999995, -237.81784500000072, 237.28131499999938, 519.3987800000025, -169.70250000000001, -871.6821750000006, -496.5428000000003, -0.0, 310.50181500000025, -600.2942100000005, -264.67425, 446.04954500000065, -322.9703064583335, 188.31851999999895]"
Cat3,15mph,lr,opposite,6,1625004156.879415000,/media/batool/MULTIMODAL_DATA/Multimodal_Data/Cat3/static_in_front/bag_files/Cat3_15mph_lr_opposite_6/lidar_pcd/ns1/velodyne_points/1625004156.879415000.pcd,/media/batool/MULTIMODAL_DATA/Multimodal_Data/Cat3/static_in_front/bag_files/Cat3_15mph_lr_opposite_6/camera_images/1625004156.863851.jpg,42.33804533333334,-71.08658666666668,7938,10,6,8,55,"[5635, 6332, 6412, 4044, 5073, 6136, 6445, 4776, 7938, 4976, 6068, 4382, 5366, 5340, 6326, 4736, 7331, 4936, 7153, 5407, 6230, 4580, 6271, 5926, 5214, 6419, 6412, 0, 5202, 5092]","[2, 3, 4, 4, 6, 7, 8, 8, 10, 11, 12, 12, 15, 16, 17, 17, 19, 19, 22, 23, 24, 24, 26, 27, 28, 29, 30, 30, 61, 63]",38.292204299489086,-9.258707989722048,"[-3, -3, -4, -9, -4, -4, -2, -9, -2, -7, -4, -10, -4, -4, -3, -9, -1, -8, -1, -4, -3, -12, -3, -4, -3, -2, -2, 0, -4, -4]","[1, 2, 3, 4, 5, 6, 7, 8, 9, 10, 11, 12, 13, 14, 15, 16, 17, 18, 19, 20, 21, 22, 23, 24, 25, 26, 27, 28, 29, 30, 31, 61, 62, 63]","[126.3631774999988, -426.03000000000003, -259.0165199999999, -698.7509375000005, 809.3666300000008, -27.781042500000105, 658.5892550000004, -95.59556125000037, 654.0854850000035, 0, 181.96775999999898, 224.88152000000008, -547.6781625000006, 487.7408025, -347.5136174999999, 32.92564999999936, -141.46624999999997, 145.34470499999975, 169.86684749999972, 276.27830999999895, -173.4316199999995, -237.81784500000072, 237.28131499999938, 519.3987800000025, -169.70250000000001, -871.6821750000006, -496.5428000000003, -0.0, 310.50181500000025, -600.2942100000005, -264.67425, 446.04954500000065, -322.9703064583335, 188.31851999999895]"
Cat3,15mph,lr,opposite,6,1625004157.081102000,/media/batool/MULTIMODAL_DATA/Multimodal_Data/Cat3/static_in_front/bag_files/Cat3_15mph_lr_opposite_6/lidar_pcd/ns1/velodyne_points/1625004157.081102000.pcd,/media/batool/MULTIMODAL_DATA/Multimodal_Data/Cat3/static_in_front/bag_files/Cat3_15mph_lr_opposite_6/camera_images/1625004157.0971842.jpg,42.33804533333333,-71.08658666666666,7938,10,6,8,55,"[5635, 6332, 6412, 4044, 5073, 6136, 6445, 4776, 7938, 4976, 6068, 4382, 5366, 5340, 6326, 4736, 7331, 4936, 7153, 5407, 6230, 4580, 6271, 5926, 5214, 6419, 6412, 0, 5202, 5092]","[2, 3, 4, 4, 6, 7, 8, 8, 10, 11, 12, 12, 15, 16, 17, 17, 19, 19, 22, 23, 24, 24, 26, 27, 28, 29, 30, 30, 61, 63]",38.292204300656266,-9.258707990511539,"[-3, -3, -4, -9, -4, -4, -2, -9, -2, -7, -4, -10, -4, -4, -3, -9, -1, -8, -1, -4, -3, -12, -3, -4, -3, -2, -2, 0, -4, -4]","[1, 2, 3, 4, 5, 6, 7, 8, 9, 10, 11, 12, 13, 14, 15, 16, 17, 18, 19, 20, 21, 22, 23, 24, 25, 26, 27, 28, 29, 30, 31, 61, 62, 63]","[126.3631774999988, -426.03000000000003, -259.0165199999999, -698.7509375000005, 809.3666300000008, -27.781042500000105, 658.5892550000004, -95.59556125000037, 654.0854850000035, 0, 181.96775999999898, 224.88152000000008, -547.6781625000006, 487.7408025, -347.5136174999999, 32.92564999999936, -141.46624999999997, 145.34470499999975, 169.86684749999972, 276.27830999999895, -173.4316199999995, -237.81784500000072, 237.28131499999938, 519.3987800000025, -169.70250000000001, -871.6821750000006, -496.5428000000003, -0.0, 310.50181500000025, -600.2942100000005, -264.67425, 446.04954500000065, -322.9703064583335, 188.31851999999895]"
Cat3,15mph,lr,opposite,6,1625004156.980255000,/media/batool/MULTIMODAL_DATA/Multimodal_Data/Cat3/static_in_front/bag_files/Cat3_15mph_lr_opposite_6/lidar_pcd/ns1/velodyne_points/1625004156.980255000.pcd,/media/batool/MULTIMODAL_DATA/Multimodal_Data/Cat3/static_in_front/bag_files/Cat3_15mph_lr_opposite_6/camera_images/1625004156.9971843.jpg,42.33804533333333,-71.08658666666666,7938,10,6,8,55,"[5635, 6332, 6412, 4044, 5073, 6136, 6445, 4776, 7938, 4976, 6068, 4382, 5366, 5340, 6326, 4736, 7331, 4936, 7153, 5407, 6230, 4580, 6271, 5926, 5214, 6419, 6412, 0, 5202, 5092]","[2, 3, 4, 4, 6, 7, 8, 8, 10, 11, 12, 12, 15, 16, 17, 17, 19, 19, 22, 23, 24, 24, 26, 27, 28, 29, 30, 30, 61, 63]",38.292204300656266,-9.258707990511539,"[-3, -3, -4, -9, -4, -4, -2, -9, -2, -7, -4, -10, -4, -4, -3, -9, -1, -8, -1, -4, -3, -12, -3, -4, -3, -2, -2, 0, -4, -4]","[1, 2, 3, 4, 5, 6, 7, 8, 9, 10, 11, 12, 13, 14, 15, 16, 17, 18, 19, 20, 21, 22, 23, 24, 25, 26, 27, 28, 29, 30, 31, 61, 62, 63]","[126.3631774999988, -426.03000000000003, -259.0165199999999, -698.7509375000005, 809.3666300000008, -27.781042500000105, 658.5892550000004, -95.59556125000037, 654.0854850000035, 0, 181.96775999999898, 224.88152000000008, -547.6781625000006, 487.7408025, -347.5136174999999, 32.92564999999936, -141.46624999999997, 145.34470499999975, 169.86684749999972, 276.27830999999895, -173.4316199999995, -237.81784500000072, 237.28131499999938, 519.3987800000025, -169.70250000000001, -871.6821750000006, -496.5428000000003, -0.0, 310.50181500000025, -600.2942100000005, -264.67425, 446.04954500000065, -322.9703064583335, 188.31851999999895]"
Cat3,15mph,lr,opposite,6,1625004157.181976000,/media/batool/MULTIMODAL_DATA/Multimodal_Data/Cat3/static_in_front/bag_files/Cat3_15mph_lr_opposite_6/lidar_pcd/ns1/velodyne_points/1625004157.181976000.pcd,/media/batool/MULTIMODAL_DATA/Multimodal_Data/Cat3/static_in_front/bag_files/Cat3_15mph_lr_opposite_6/camera_images/1625004157.197184.jpg,42.33804533333332,-71.08658666666666,7938,10,6,8,55,"[5635, 6332, 6412, 4044, 5073, 6136, 6445, 4776, 7938, 4976, 6068, 4382, 5366, 5340, 6326, 4736, 7331, 4936, 7153, 5407, 6230, 4580, 6271, 5926, 5214, 6419, 6412, 0, 5202, 5092]","[2, 3, 4, 4, 6, 7, 8, 8, 10, 11, 12, 12, 15, 16, 17, 17, 19, 19, 22, 23, 24, 24, 26, 27, 28, 29, 30, 30, 61, 63]",38.292204300656266,-9.258707992090523,"[-3, -3, -4, -9, -4, -4, -2, -9, -2, -7, -4, -10, -4, -4, -3, -9, -1, -8, -1, -4, -3, -12, -3, -4, -3, -2, -2, 0, -4, -4]","[1, 2, 3, 4, 5, 6, 7, 8, 9, 10, 11, 12, 13, 14, 15, 16, 17, 18, 19, 20, 21, 22, 23, 24, 25, 26, 27, 28, 29, 30, 31, 61, 62, 63]","[126.3631774999988, -426.03000000000003, -259.0165199999999, -698.7509375000005, 809.3666300000008, -27.781042500000105, 658.5892550000004, -95.59556125000037, 654.0854850000035, 0, 181.96775999999898, 224.88152000000008, -547.6781625000006, 487.7408025, -347.5136174999999, 32.92564999999936, -141.46624999999997, 145.34470499999975, 169.86684749999972, 276.27830999999895, -173.4316199999995, -237.81784500000072, 237.28131499999938, 519.3987800000025, -169.70250000000001, -871.6821750000006, -496.5428000000003, -0.0, 310.50181500000025, -600.2942100000005, -264.67425, 446.04954500000065, -322.9703064583335, 188.31851999999895]"
Cat3,15mph,lr,opposite,6,1625004157.282842000,/media/batool/MULTIMODAL_DATA/Multimodal_Data/Cat3/static_in_front/bag_files/Cat3_15mph_lr_opposite_6/lidar_pcd/ns1/velodyne_points/1625004157.282842000.pcd,/media/batool/MULTIMODAL_DATA/Multimodal_Data/Cat3/static_in_front/bag_files/Cat3_15mph_lr_opposite_6/camera_images/1625004157.297184.jpg,42.33804533333332,-71.08658666666668,7938,10,6,8,55,"[5635, 6332, 6412, 4044, 5073, 6136, 6445, 4776, 7938, 4976, 6068, 4382, 5366, 5340, 6326, 4736, 7331, 4936, 7153, 5407, 6230, 4580, 6271, 5926, 5214, 6419, 6412, 0, 5202, 5092]","[2, 3, 4, 4, 6, 7, 8, 8, 10, 11, 12, 12, 15, 16, 17, 17, 19, 19, 22, 23, 24, 24, 26, 27, 28, 29, 30, 30, 61, 63]",38.29220429948911,-9.258707992090523,"[-3, -3, -4, -9, -4, -4, -2, -9, -2, -7, -4, -10, -4, -4, -3, -9, -1, -8, -1, -4, -3, -12, -3, -4, -3, -2, -2, 0, -4, -4]","[1, 2, 3, 4, 5, 6, 7, 8, 9, 10, 11, 12, 13, 14, 15, 16, 17, 18, 19, 20, 21, 22, 23, 24, 25, 26, 27, 28, 29, 30, 31, 61, 62, 63]","[126.3631774999988, -426.03000000000003, -259.0165199999999, -698.7509375000005, 809.3666300000008, -27.781042500000105, 658.5892550000004, -95.59556125000037, 654.0854850000035, 0, 181.96775999999898, 224.88152000000008, -547.6781625000006, 487.7408025, -347.5136174999999, 32.92564999999936, -141.46624999999997, 145.34470499999975, 169.86684749999972, 276.27830999999895, -173.4316199999995, -237.81784500000072, 237.28131499999938, 519.3987800000025, -169.70250000000001, -871.6821750000006, -496.5428000000003, -0.0, 310.50181500000025, -600.2942100000005, -264.67425, 446.04954500000065, -322.9703064583335, 188.31851999999895]"
Cat3,15mph,lr,opposite,6,1625004157.383672000,/media/batool/MULTIMODAL_DATA/Multimodal_Data/Cat3/static_in_front/bag_files/Cat3_15mph_lr_opposite_6/lidar_pcd/ns1/velodyne_points/1625004157.383672000.pcd,/media/batool/MULTIMODAL_DATA/Multimodal_Data/Cat3/static_in_front/bag_files/Cat3_15mph_lr_opposite_6/camera_images/1625004157.397184.jpg,42.33804533333332,-71.08658666666668,7938,10,6,8,55,"[5635, 6332, 6412, 4044, 5073, 6136, 6445, 4776, 7938, 4976, 6068, 4382, 5366, 5340, 6326, 4736, 7331, 4936, 7153, 5407, 6230, 4580, 6271, 5926, 5214, 6419, 6412, 0, 5202, 5092]","[2, 3, 4, 4, 6, 7, 8, 8, 10, 11, 12, 12, 15, 16, 17, 17, 19, 19, 22, 23, 24, 24, 26, 27, 28, 29, 30, 30, 61, 63]",38.29220429948911,-9.258707992090523,"[-3, -3, -4, -9, -4, -4, -2, -9, -2, -7, -4, -10, -4, -4, -3, -9, -1, -8, -1, -4, -3, -12, -3, -4, -3, -2, -2, 0, -4, -4]","[1, 2, 3, 4, 5, 6, 7, 8, 9, 10, 11, 12, 13, 14, 15, 16, 17, 18, 19, 20, 21, 22, 23, 24, 25, 26, 27, 28, 29, 30, 31, 61, 62, 63]","[126.3631774999988, -426.03000000000003, -259.0165199999999, -698.7509375000005, 809.3666300000008, -27.781042500000105, 658.5892550000004, -95.59556125000037, 654.0854850000035, 0, 181.96775999999898, 224.88152000000008, -547.6781625000006, 487.7408025, -347.5136174999999, 32.92564999999936, -141.46624999999997, 145.34470499999975, 169.86684749999972, 276.27830999999895, -173.4316199999995, -237.81784500000072, 237.28131499999938, 519.3987800000025, -169.70250000000001, -871.6821750000006, -496.5428000000003, -0.0, 310.50181500000025, -600.2942100000005, -264.67425, 446.04954500000065, -322.9703064583335, 188.31851999999895]"
Cat3,15mph,lr,opposite,6,1625004157.484533000,/media/batool/MULTIMODAL_DATA/Multimodal_Data/Cat3/static_in_front/bag_files/Cat3_15mph_lr_opposite_6/lidar_pcd/ns1/velodyne_points/1625004157.484533000.pcd,/media/batool/MULTIMODAL_DATA/Multimodal_Data/Cat3/static_in_front/bag_files/Cat3_15mph_lr_opposite_6/camera_images/1625004157.4971838.jpg,42.338045333333305,-71.08658666666668,7938,10,6,8,55,"[5635, 6332, 6412, 4044, 5073, 6136, 6445, 4776, 7938, 4976, 6068, 4382, 5366, 5340, 6326, 4736, 7331, 4936, 7153, 5407, 6230, 4580, 6271, 5926, 5214, 6419, 6412, 0, 5202, 5092]","[2, 3, 4, 4, 6, 7, 8, 8, 10, 11, 12, 12, 15, 16, 17, 17, 19, 19, 22, 23, 24, 24, 26, 27, 28, 29, 30, 30, 61, 63]",38.29220429948911,-9.258707993669507,"[-3, -3, -4, -9, -4, -4, -2, -9, -2, -7, -4, -10, -4, -4, -3, -9, -1, -8, -1, -4, -3, -12, -3, -4, -3, -2, -2, 0, -4, -4]","[1, 2, 3, 4, 5, 6, 7, 8, 9, 10, 11, 12, 13, 14, 15, 16, 17, 18, 19, 20, 21, 22, 23, 24, 25, 26, 27, 28, 29, 30, 31, 61, 62, 63]","[126.3631774999988, -426.03000000000003, -259.0165199999999, -698.7509375000005, 809.3666300000008, -27.781042500000105, 658.5892550000004, -95.59556125000037, 654.0854850000035, 0, 181.96775999999898, 224.88152000000008, -547.6781625000006, 487.7408025, -347.5136174999999, 32.92564999999936, -141.46624999999997, 145.34470499999975, 169.86684749999972, 276.27830999999895, -173.4316199999995, -237.81784500000072, 237.28131499999938, 519.3987800000025, -169.70250000000001, -871.6821750000006, -496.5428000000003, -0.0, 310.50181500000025, -600.2942100000005, -264.67425, 446.04954500000065, -322.9703064583335, 188.31851999999895]"
Cat3,15mph,lr,opposite,6,1625004157.585363000,/media/batool/MULTIMODAL_DATA/Multimodal_Data/Cat3/static_in_front/bag_files/Cat3_15mph_lr_opposite_6/lidar_pcd/ns1/velodyne_points/1625004157.585363000.pcd,/media/batool/MULTIMODAL_DATA/Multimodal_Data/Cat3/static_in_front/bag_files/Cat3_15mph_lr_opposite_6/camera_images/1625004157.5971837.jpg,42.338045333333305,-71.08658666666668,7938,10,6,8,55,"[5635, 6332, 6412, 4044, 5073, 6136, 6445, 4776, 7938, 4976, 6068, 4382, 5366, 5340, 6326, 4736, 7331, 4936, 7153, 5407, 6230, 4580, 6271, 5926, 5214, 6419, 6412, 0, 5202, 5092]","[2, 3, 4, 4, 6, 7, 8, 8, 10, 11, 12, 12, 15, 16, 17, 17, 19, 19, 22, 23, 24, 24, 26, 27, 28, 29, 30, 30, 61, 63]",38.29220429948911,-9.258707993669507,"[-3, -3, -4, -9, -4, -4, -2, -9, -2, -7, -4, -10, -4, -4, -3, -9, -1, -8, -1, -4, -3, -12, -3, -4, -3, -2, -2, 0, -4, -4]","[1, 2, 3, 4, 5, 6, 7, 8, 9, 10, 11, 12, 13, 14, 15, 16, 17, 18, 19, 20, 21, 22, 23, 24, 25, 26, 27, 28, 29, 30, 31, 61, 62, 63]","[126.3631774999988, -426.03000000000003, -259.0165199999999, -698.7509375000005, 809.3666300000008, -27.781042500000105, 658.5892550000004, -95.59556125000037, 654.0854850000035, 0, 181.96775999999898, 224.88152000000008, -547.6781625000006, 487.7408025, -347.5136174999999, 32.92564999999936, -141.46624999999997, 145.34470499999975, 169.86684749999972, 276.27830999999895, -173.4316199999995, -237.81784500000072, 237.28131499999938, 519.3987800000025, -169.70250000000001, -871.6821750000006, -496.5428000000003, -0.0, 310.50181500000025, -600.2942100000005, -264.67425, 446.04954500000065, -322.9703064583335, 188.31851999999895]"
Cat3,15mph,lr,opposite,6,1625004157.686215000,/media/batool/MULTIMODAL_DATA/Multimodal_Data/Cat3/static_in_front/bag_files/Cat3_15mph_lr_opposite_6/lidar_pcd/ns1/velodyne_points/1625004157.686215000.pcd,/media/batool/MULTIMODAL_DATA/Multimodal_Data/Cat3/static_in_front/bag_files/Cat3_15mph_lr_opposite_6/camera_images/1625004157.6971836.jpg,42.338045333333305,-71.08658666666668,7938,10,6,8,55,"[5635, 6332, 6412, 4044, 5073, 6136, 6445, 4776, 7938, 4976, 6068, 4382, 5366, 5340, 6326, 4736, 7331, 4936, 7153, 5407, 6230, 4580, 6271, 5926, 5214, 6419, 6412, 0, 5202, 5092]","[2, 3, 4, 4, 6, 7, 8, 8, 10, 11, 12, 12, 15, 16, 17, 17, 19, 19, 22, 23, 24, 24, 26, 27, 28, 29, 30, 30, 61, 63]",38.29220429948911,-9.258707993669507,"[-3, -3, -4, -9, -4, -4, -2, -9, -2, -7, -4, -10, -4, -4, -3, -9, -1, -8, -1, -4, -3, -12, -3, -4, -3, -2, -2, 0, -4, -4]","[1, 2, 3, 4, 5, 6, 7, 8, 9, 10, 11, 12, 13, 14, 15, 16, 17, 18, 19, 20, 21, 22, 23, 24, 25, 26, 27, 28, 29, 30, 31, 61, 62, 63]","[126.3631774999988, -426.03000000000003, -259.0165199999999, -698.7509375000005, 809.3666300000008, -27.781042500000105, 658.5892550000004, -95.59556125000037, 654.0854850000035, 0, 181.96775999999898, 224.88152000000008, -547.6781625000006, 487.7408025, -347.5136174999999, 32.92564999999936, -141.46624999999997, 145.34470499999975, 169.86684749999972, 276.27830999999895, -173.4316199999995, -237.81784500000072, 237.28131499999938, 519.3987800000025, -169.70250000000001, -871.6821750000006, -496.5428000000003, -0.0, 310.50181500000025, -600.2942100000005, -264.67425, 446.04954500000065, -322.9703064583335, 188.31851999999895]"
Cat3,15mph,lr,opposite,6,1625004157.787097000,/media/batool/MULTIMODAL_DATA/Multimodal_Data/Cat3/static_in_front/bag_files/Cat3_15mph_lr_opposite_6/lidar_pcd/ns1/velodyne_points/1625004157.787097000.pcd,/media/batool/MULTIMODAL_DATA/Multimodal_Data/Cat3/static_in_front/bag_files/Cat3_15mph_lr_opposite_6/camera_images/1625004157.7971835.jpg,42.3380453333333,-71.08658666666669,7938,10,6,8,55,"[5635, 6332, 6412, 4044, 5073, 6136, 6445, 4776, 7938, 4976, 6068, 4382, 5366, 5340, 6326, 4736, 7331, 4936, 7153, 5407, 6230, 4580, 6271, 5926, 5214, 6419, 6412, 0, 5202, 5092]","[2, 3, 4, 4, 6, 7, 8, 8, 10, 11, 12, 12, 15, 16, 17, 17, 19, 19, 22, 23, 24, 24, 26, 27, 28, 29, 30, 30, 61, 63]",38.29220429832195,-9.258707994458998,"[-3, -3, -4, -9, -4, -4, -2, -9, -2, -7, -4, -10, -4, -4, -3, -9, -1, -8, -1, -4, -3, -12, -3, -4, -3, -2, -2, 0, -4, -4]","[1, 2, 3, 4, 5, 6, 7, 8, 9, 10, 11, 12, 13, 14, 15, 16, 17, 18, 19, 20, 21, 22, 23, 24, 25, 26, 27, 28, 29, 30, 31, 61, 62, 63]","[126.3631774999988, -426.03000000000003, -259.0165199999999, -698.7509375000005, 809.3666300000008, -27.781042500000105, 658.5892550000004, -95.59556125000037, 654.0854850000035, 0, 181.96775999999898, 224.88152000000008, -547.6781625000006, 487.7408025, -347.5136174999999, 32.92564999999936, -141.46624999999997, 145.34470499999975, 169.86684749999972, 276.27830999999895, -173.4316199999995, -237.81784500000072, 237.28131499999938, 519.3987800000025, -169.70250000000001, -871.6821750000006, -496.5428000000003, -0.0, 310.50181500000025, -600.2942100000005, -264.67425, 446.04954500000065, -322.9703064583335, 188.31851999999895]"
Cat3,15mph,lr,opposite,6,1625004158.997414000,/media/batool/MULTIMODAL_DATA/Multimodal_Data/Cat3/static_in_front/bag_files/Cat3_15mph_lr_opposite_6/lidar_pcd/ns1/velodyne_points/1625004158.997414000.pcd,/media/batool/MULTIMODAL_DATA/Multimodal_Data/Cat3/static_in_front/bag_files/Cat3_15mph_lr_opposite_6/camera_images/1625004158.9971824.jpg,42.33804533333333,-71.08658666666665,7940,10,7,8,50,"[5378, 5426, 5244, 4321, 5099, 5465, 3622, 7940, 4870, 4302, 3596, 4555, 4520, 5390, 4869, 7539, 5024, 7540, 6333, 6048, 4118, 6247, 5011, 6010, 5362, 6451, 4089, 4930, 4012, 4889]","[2, 3, 4, 6, 7, 8, 9, 10, 11, 12, 12, 15, 16, 17, 18, 19, 20, 22, 23, 24, 25, 26, 27, 28, 29, 30, 60, 61, 62, 63]",38.29220430182342,-9.258707990511539,"[-2, -2, -4, -5, -4, -2, -6, -1, -6, -2, -9, -4, -4, -2, -4, -2, -6, -1, -1, -4, -8, -3, -4, -4, -2, -2, -9, -4, -10, -4]","[1, 2, 3, 4, 5, 6, 7, 8, 9, 10, 11, 12, 13, 14, 15, 16, 17, 18, 19, 20, 21, 22, 23, 24, 25, 26, 27, 28, 29, 30, 31, 61, 62, 63]","[126.3631774999988, -426.03000000000003, -259.0165199999999, -698.7509375000005, 809.3666300000008, -27.781042500000105, 658.5892550000004, -95.59556125000037, 654.0854850000035, 0, 181.96775999999898, 224.88152000000008, -547.6781625000006, 487.7408025, -347.5136174999999, 32.92564999999936, -141.46624999999997, 145.34470499999975, 169.86684749999972, 276.27830999999895, -173.4316199999995, -237.81784500000072, 237.28131499999938, 519.3987800000025, -169.70250000000001, -871.6821750000006, -496.5428000000003, -0.0, 310.50181500000025, -600.2942100000005, -264.67425, 446.04954500000065, -322.9703064583335, 188.31851999999895]"
Cat3,15mph,lr,opposite,6,1625004159.400818000,/media/batool/MULTIMODAL_DATA/Multimodal_Data/Cat3/static_in_front/bag_files/Cat3_15mph_lr_opposite_6/lidar_pcd/ns1/velodyne_points/1625004159.400818000.pcd,/media/batool/MULTIMODAL_DATA/Multimodal_Data/Cat3/static_in_front/bag_files/Cat3_15mph_lr_opposite_6/camera_images/1625004159.397182.jpg,42.33804533333333,-71.08658666666668,7940,10,7,8,50,"[5378, 5426, 5244, 4321, 5099, 5465, 3622, 7940, 4870, 4302, 3596, 4555, 4520, 5390, 4869, 7539, 5024, 7540, 6333, 6048, 4118, 6247, 5011, 6010, 5362, 6451, 4089, 4930, 4012, 4889]","[2, 3, 4, 6, 7, 8, 9, 10, 11, 12, 12, 15, 16, 17, 18, 19, 20, 22, 23, 24, 25, 26, 27, 28, 29, 30, 60, 61, 62, 63]",38.29220429948911,-9.258707990511539,"[-2, -2, -4, -5, -4, -2, -6, -1, -6, -2, -9, -4, -4, -2, -4, -2, -6, -1, -1, -4, -8, -3, -4, -4, -2, -2, -9, -4, -10, -4]","[1, 2, 3, 4, 5, 6, 7, 8, 9, 10, 11, 12, 13, 14, 15, 16, 17, 18, 19, 20, 21, 22, 23, 24, 25, 26, 27, 28, 29, 30, 31, 61, 62, 63]","[126.3631774999988, -426.03000000000003, -259.0165199999999, -698.7509375000005, 809.3666300000008, -27.781042500000105, 658.5892550000004, -95.59556125000037, 654.0854850000035, 0, 181.96775999999898, 224.88152000000008, -547.6781625000006, 487.7408025, -347.5136174999999, 32.92564999999936, -141.46624999999997, 145.34470499999975, 169.86684749999972, 276.27830999999895, -173.4316199999995, -237.81784500000072, 237.28131499999938, 519.3987800000025, -169.70250000000001, -871.6821750000006, -496.5428000000003, -0.0, 310.50181500000025, -600.2942100000005, -264.67425, 446.04954500000065, -322.9703064583335, 188.31851999999895]"
Cat3,15mph,lr,opposite,6,1625004160.005980000,/media/batool/MULTIMODAL_DATA/Multimodal_Data/Cat3/static_in_front/bag_files/Cat3_15mph_lr_opposite_6/lidar_pcd/ns1/velodyne_points/1625004160.005980000.pcd,/media/batool/MULTIMODAL_DATA/Multimodal_Data/Cat3/static_in_front/bag_files/Cat3_15mph_lr_opposite_6/camera_images/1625004159.9971814.jpg,42.33804533333333,-71.08658666666666,6517,10,7,7,50,"[5509, 5008, 4976, 3779, 5008, 5512, 3444, 6517, 4102, 4254, 3623, 4778, 4976, 5070, 3363, 6313, 4181, 6449, 5295, 4490, 3926, 6081, 5968, 5096, 4496, 6225, 3947, 4116, 3964, 3872]","[2, 3, 4, 6, 7, 8, 9, 10, 11, 12, 14, 15, 16, 17, 18, 19, 20, 22, 23, 24, 25, 26, 27, 28, 29, 30, 60, 60, 60, 63]",38.292204300656266,-9.258707990511539,"[-4, -2, -2, -5, -4, -1, -6, -1, -6, -3, -8, -4, -4, -2, -8, -1, -5, -1, -2, -2, -6, -2, -4, -5, -4, -1, -6, -9, -8, -4]","[1, 2, 3, 4, 5, 6, 7, 8, 9, 10, 11, 12, 13, 14, 15, 16, 17, 18, 19, 20, 21, 22, 23, 24, 25, 26, 27, 28, 29, 30, 31, 61, 62, 63]","[126.3631774999988, -426.03000000000003, -259.0165199999999, -698.7509375000005, 809.3666300000008, -27.781042500000105, 658.5892550000004, -95.59556125000037, 654.0854850000035, 0, 181.96775999999898, 224.88152000000008, -547.6781625000006, 487.7408025, -347.5136174999999, 32.92564999999936, -141.46624999999997, 145.34470499999975, 169.86684749999972, 276.27830999999895, -173.4316199999995, -237.81784500000072, 237.28131499999938, 519.3987800000025, -169.70250000000001, -871.6821750000006, -496.5428000000003, -0.0, 310.50181500000025, -600.2942100000005, -264.67425, 446.04954500000065, -322.9703064583335, 188.31851999999895]"
Cat3,15mph,lr,opposite,6,1625004160.711973000,/media/batool/MULTIMODAL_DATA/Multimodal_Data/Cat3/static_in_front/bag_files/Cat3_15mph_lr_opposite_6/lidar_pcd/ns1/velodyne_points/1625004160.711973000.pcd,/media/batool/MULTIMODAL_DATA/Multimodal_Data/Cat3/static_in_front/bag_files/Cat3_15mph_lr_opposite_6/camera_images/1625004160.6971807.jpg,42.338045333333326,-71.08658666666666,6517,10,7,7,50,"[5509, 5008, 4976, 3779, 5008, 5512, 3444, 6517, 4102, 4254, 3623, 4778, 4976, 5070, 3363, 6313, 4181, 6449, 5295, 4490, 3926, 6081, 5968, 5096, 4496, 6225, 3947, 4116, 3964, 3872]","[2, 3, 4, 6, 7, 8, 9, 10, 11, 12, 14, 15, 16, 17, 18, 19, 20, 22, 23, 24, 25, 26, 27, 28, 29, 30, 60, 60, 60, 63]",38.292204300656266,-9.25870799130103,"[-4, -2, -2, -5, -4, -1, -6, -1, -6, -3, -8, -4, -4, -2, -8, -1, -5, -1, -2, -2, -6, -2, -4, -5, -4, -1, -6, -9, -8, -4]","[1, 2, 3, 4, 5, 6, 7, 8, 9, 10, 11, 12, 13, 14, 15, 16, 17, 18, 19, 20, 21, 22, 23, 24, 25, 26, 27, 28, 29, 30, 31, 61, 62, 63]","[126.3631774999988, -426.03000000000003, -259.0165199999999, -698.7509375000005, 809.3666300000008, -27.781042500000105, 658.5892550000004, -95.59556125000037, 654.0854850000035, 0, 181.96775999999898, 224.88152000000008, -547.6781625000006, 487.7408025, -347.5136174999999, 32.92564999999936, -141.46624999999997, 145.34470499999975, 169.86684749999972, 276.27830999999895, -173.4316199999995, -237.81784500000072, 237.28131499999938, 519.3987800000025, -169.70250000000001, -871.6821750000006, -496.5428000000003, -0.0, 310.50181500000025, -600.2942100000005, -264.67425, 446.04954500000065, -322.9703064583335, 188.31851999999895]"
Cat3,15mph,lr,opposite,6,1625004162.527399000,/media/batool/MULTIMODAL_DATA/Multimodal_Data/Cat3/static_in_front/bag_files/Cat3_15mph_lr_opposite_6/lidar_pcd/ns1/velodyne_points/1625004162.527399000.pcd,/media/batool/MULTIMODAL_DATA/Multimodal_Data/Cat3/static_in_front/bag_files/Cat3_15mph_lr_opposite_6/camera_images/1625004162.5305123.jpg,42.33804533333333,-71.08658666666666,6517,10,8,7,40,"[5509, 5008, 4976, 3779, 5008, 5512, 3444, 6517, 4102, 4254, 3623, 4778, 4976, 5070, 3363, 6313, 4181, 6449, 5295, 4490, 3926, 6081, 5968, 5096, 4496, 6225, 3947, 4116, 3964, 3872]","[2, 3, 4, 6, 7, 8, 9, 10, 11, 12, 14, 15, 16, 17, 18, 19, 20, 22, 23, 24, 25, 26, 27, 28, 29, 30, 60, 60, 60, 63]",38.292204300656266,-9.258707990511539,"[-4, -2, -2, -5, -4, -1, -6, -1, -6, -3, -8, -4, -4, -2, -8, -1, -5, -1, -2, -2, -6, -2, -4, -5, -4, -1, -6, -9, -8, -4]","[1, 2, 3, 4, 5, 6, 7, 8, 9, 10, 11, 12, 13, 14, 15, 16, 17, 18, 19, 20, 21, 22, 23, 24, 25, 26, 27, 28, 29, 30, 31, 61, 62, 63]","[126.3631774999988, -426.03000000000003, -259.0165199999999, -698.7509375000005, 809.3666300000008, -27.781042500000105, 658.5892550000004, -95.59556125000037, 654.0854850000035, 0, 181.96775999999898, 224.88152000000008, -547.6781625000006, 487.7408025, -347.5136174999999, 32.92564999999936, -141.46624999999997, 145.34470499999975, 169.86684749999972, 276.27830999999895, -173.4316199999995, -237.81784500000072, 237.28131499999938, 519.3987800000025, -169.70250000000001, -871.6821750000006, -496.5428000000003, -0.0, 310.50181500000025, -600.2942100000005, -264.67425, 446.04954500000065, -322.9703064583335, 188.31851999999895]"
Cat3,15mph,lr,opposite,6,1625004163.132533000,/media/batool/MULTIMODAL_DATA/Multimodal_Data/Cat3/static_in_front/bag_files/Cat3_15mph_lr_opposite_6/lidar_pcd/ns1/velodyne_points/1625004163.132533000.pcd,/media/batool/MULTIMODAL_DATA/Multimodal_Data/Cat3/static_in_front/bag_files/Cat3_15mph_lr_opposite_6/camera_images/1625004163.1305118.jpg,42.33804533333333,-71.08658666666666,6423,22,3,7,40,"[5034, 0, 3934, 4240, 4634, 3341, 6354, 3399, 4884, 4685, 4210, 5032, 3958, 5457, 4127, 6423, 6054, 5069, 3815, 5194, 4850, 4337, 5093, 5324, 3454, 3845, 4666, 3876, 3493]","[3, 4, 6, 7, 8, 9, 10, 11, 12, 15, 16, 17, 18, 19, 20, 22, 23, 24, 25, 26, 27, 28, 29, 30, 30, 60, 61, 62, 63]",38.292204300656266,-9.258707990511539,"[-3, 0, -5, -4, -1, -6, -1, -6, -4, -4, -5, -1, -5, -3, -5, -1, -2, -3, -8, -2, -4, -2, -2, -2, -9, -6, -4, -7, -6]","[1, 2, 3, 4, 5, 6, 7, 8, 9, 10, 11, 12, 13, 14, 15, 16, 17, 18, 19, 20, 21, 22, 23, 24, 25, 26, 27, 28, 29, 30, 31, 61, 62, 63]","[126.3631774999988, -426.03000000000003, -259.0165199999999, -698.7509375000005, 809.3666300000008, -27.781042500000105, 658.5892550000004, -95.59556125000037, 654.0854850000035, 0, 181.96775999999898, 224.88152000000008, -547.6781625000006, 487.7408025, -347.5136174999999, 32.92564999999936, -141.46624999999997, 145.34470499999975, 169.86684749999972, 276.27830999999895, -173.4316199999995, -237.81784500000072, 237.28131499999938, 519.3987800000025, -169.70250000000001, -871.6821750000006, -496.5428000000003, -0.0, 310.50181500000025, -600.2942100000005, -264.67425, 446.04954500000065, -322.9703064583335, 188.31851999999895]"
Cat3,15mph,lr,opposite,6,1625004164.544529000,/media/batool/MULTIMODAL_DATA/Multimodal_Data/Cat3/static_in_front/bag_files/Cat3_15mph_lr_opposite_6/lidar_pcd/ns1/velodyne_points/1625004164.544529000.pcd,/media/batool/MULTIMODAL_DATA/Multimodal_Data/Cat3/static_in_front/bag_files/Cat3_15mph_lr_opposite_6/camera_images/1625004164.5305104.jpg,42.33804533333335,-71.08658666666666,6858,10,3,7,20,"[5814, 3620, 3984, 5971, 4043, 4825, 4728, 6858, 4079, 0, 4100, 4140, 3965, 4847, 5146, 4179, 4301, 4143, 4175, 5349, 5120, 4194, 4886, 3450, 5038, 3884, 5750, 3626, 3939, 3764, 3934, 4243]","[1, 1, 3, 4, 6, 7, 8, 10, 11, 11, 13, 14, 15, 16, 17, 18, 19, 20, 21, 22, 23, 24, 26, 27, 28, 28, 30, 30, 60, 60, 62, 63]",38.29220430065625,-9.258707988932555,"[-2, -7, -4, -4, -6, -6, -5, -1, -5, 0, -5, -5, -7, -5, -2, -5, -5, -5, -5, -2, -2, -4, -4, -7, -3, -7, -2, -13, -6, -10, -6, -4]","[1, 2, 3, 4, 5, 6, 7, 8, 9, 10, 11, 12, 13, 14, 15, 16, 17, 18, 19, 20, 21, 22, 23, 24, 25, 26, 27, 28, 29, 30, 31, 61, 62, 63]","[126.3631774999988, -426.03000000000003, -259.0165199999999, -698.7509375000005, 809.3666300000008, -27.781042500000105, 658.5892550000004, -95.59556125000037, 654.0854850000035, 0, 181.96775999999898, 224.88152000000008, -547.6781625000006, 487.7408025, -347.5136174999999, 32.92564999999936, -141.46624999999997, 145.34470499999975, 169.86684749999972, 276.27830999999895, -173.4316199999995, -237.81784500000072, 237.28131499999938, 519.3987800000025, -169.70250000000001, -871.6821750000006, -496.5428000000003, -0.0, 310.50181500000025, -600.2942100000005, -264.67425, 446.04954500000065, -322.9703064583335, 188.31851999999895]"
Cat3,15mph,lr,opposite,6,1625004166.460788000,/media/batool/MULTIMODAL_DATA/Multimodal_Data/Cat3/static_in_front/bag_files/Cat3_15mph_lr_opposite_6/lidar_pcd/ns1/velodyne_points/1625004166.460788000.pcd,/media/batool/MULTIMODAL_DATA/Multimodal_Data/Cat3/static_in_front/bag_files/Cat3_15mph_lr_opposite_6/camera_images/1625004166.463842.jpg,42.338926864354924,-71.08739062295837,5328,30,0,2,40,"[5116, 4920, 5016, 5200, 5328, 5080, 5258, 0, 5048]","[30, 30, 30, 30, 30, 30, 30, 30, 30]",-27.73774199443698,88.6891832973586,"[-10, -11, -9, -10, -7, -9, -11, 0, -11]","[1, 2, 3, 4, 5, 6, 7, 8, 9, 10, 11, 12, 13, 14, 15, 16, 17, 18, 19, 20, 21, 22, 23, 24, 25, 26, 27, 28, 29, 30, 31, 61, 62, 63]","[126.3631774999988, -426.03000000000003, -259.0165199999999, -698.7509375000005, 809.3666300000008, -27.781042500000105, 658.5892550000004, -95.59556125000037, 654.0854850000035, 0, 181.96775999999898, 224.88152000000008, -547.6781625000006, 487.7408025, -347.5136174999999, 32.92564999999936, -141.46624999999997, 145.34470499999975, 169.86684749999972, 276.27830999999895, -173.4316199999995, -237.81784500000072, 237.28131499999938, 519.3987800000025, -169.70250000000001, -871.6821750000006, -496.5428000000003, -0.0, 310.50181500000025, -600.2942100000005, -264.67425, 446.04954500000065, -322.9703064583335, 188.31851999999895]"
Cat3,15mph,lr,opposite,6,1625004166.662507000,/media/batool/MULTIMODAL_DATA/Multimodal_Data/Cat3/static_in_front/bag_files/Cat3_15mph_lr_opposite_6/lidar_pcd/ns1/velodyne_points/1625004166.662507000.pcd,/media/batool/MULTIMODAL_DATA/Multimodal_Data/Cat3/static_in_front/bag_files/Cat3_15mph_lr_opposite_6/camera_images/1625004166.6638417.jpg,42.33918779150998,-71.08762858852377,5328,30,0,2,40,"[5116, 4920, 5016, 5200, 5328, 5080, 5258, 0, 5048]","[30, 30, 30, 30, 30, 30, 30, 30, 30]",-47.28197708447098,117.68108941446877,"[-10, -11, -9, -10, -7, -9, -11, 0, -11]","[1, 2, 3, 4, 5, 6, 7, 8, 9, 10, 11, 12, 13, 14, 15, 16, 17, 18, 19, 20, 21, 22, 23, 24, 25, 26, 27, 28, 29, 30, 31, 61, 62, 63]","[470.5326749999997, -1244.0076, -427.3916, -919.4831250000001, 282.11850000000004, -598.581225, -631.3888000000001, -1383.9534124999998, -350.097975, -1100.5706500000001, -265.36965000000004, -816.8532, 579.894525, -228.20062499999966, -722.18125, -332.1196000000003, -895.4813624999996, -593.1557625, -1015.2960999999999, -609.9650999999999, -257.88034999999996, -1033.5201000000002, -898.8366500000001, -1150.7467499999998, -424.25625, -882.984375, -814.9855999999997, -504.4130499999998, -899.7173250000002, -1011.0073874999999, -280.8487874999999, -1046.9763999999996, 525.0510499999999, -149.38728750000035]"
Cat3,15mph,lr,opposite,6,1625004167.368529000,/media/batool/MULTIMODAL_DATA/Multimodal_Data/Cat3/static_in_front/bag_files/Cat3_15mph_lr_opposite_6/lidar_pcd/ns1/velodyne_points/1625004167.368529000.pcd,/media/batool/MULTIMODAL_DATA/Multimodal_Data/Cat3/static_in_front/bag_files/Cat3_15mph_lr_opposite_6/camera_images/1625004167.363841.jpg,42.425857329321964,-71.16667120700635,5376,26,0,2,40,"[5152, 5086, 5094, 5152, 4996, 5376, 5120, 5056, 4616, 5232, 4864, 4712, 0, 1376]","[12, 22, 26, 26, 26, 26, 26, 26, 26, 26, 26, 26, 26, 26]",-6534.604006738503,9747.62973519066,"[-8, -9, -7, -9, -9, -7, -9, -10, -10, -11, -11, -8, 0, -6]","[1, 2, 3, 4, 5, 6, 7, 8, 9, 10, 11, 12, 13, 14, 15, 16, 17, 18, 19, 20, 21, 22, 23, 24, 25, 26, 27, 28, 29, 30, 31, 61, 62, 63]","[470.5326749999997, -1244.0076, -427.3916, -919.4831250000001, 282.11850000000004, -598.581225, -631.3888000000001, -1383.9534124999998, -350.097975, -1100.5706500000001, -265.36965000000004, -816.8532, 579.894525, -228.20062499999966, -722.18125, -332.1196000000003, -895.4813624999996, -593.1557625, -1015.2960999999999, -609.9650999999999, -257.88034999999996, -1033.5201000000002, -898.8366500000001, -1150.7467499999998, -424.25625, -882.984375, -814.9855999999997, -504.4130499999998, -899.7173250000002, -1011.0073874999999, -280.8487874999999, -1046.9763999999996, 525.0510499999999, -149.38728750000035]"
Cat3,15mph,lr,opposite,6,1625004168.175365000,/media/batool/MULTIMODAL_DATA/Multimodal_Data/Cat3/static_in_front/bag_files/Cat3_15mph_lr_opposite_6/lidar_pcd/ns1/velodyne_points/1625004168.175365000.pcd,/media/batool/MULTIMODAL_DATA/Multimodal_Data/Cat3/static_in_front/bag_files/Cat3_15mph_lr_opposite_6/camera_images/1625004168.1638403.jpg,42.405437432239175,-71.14804826086727,5376,26,0,2,40,"[5152, 5086, 5094, 5152, 4996, 5376, 5120, 5056, 4616, 5232, 4864, 4712, 0, 1376, 4896, 0, 5264]","[12, 22, 26, 26, 26, 26, 26, 26, 26, 26, 26, 26, 26, 26, 26, 26, 26]",-5006.955778677545,7478.752281547448,"[-8, -9, -7, -9, -9, -7, -9, -10, -10, -11, -11, -8, 0, -6, -9, 0, -8]","[1, 2, 3, 4, 5, 6, 7, 8, 9, 10, 11, 12, 13, 14, 15, 16, 17, 18, 19, 20, 21, 22, 23, 24, 25, 26, 27, 28, 29, 30, 31, 61, 62, 63]","[470.5326749999997, -1244.0076, -427.3916, -919.4831250000001, 282.11850000000004, -598.581225, -631.3888000000001, -1383.9534124999998, -350.097975, -1100.5706500000001, -265.36965000000004, -816.8532, 579.894525, -228.20062499999966, -722.18125, -332.1196000000003, -895.4813624999996, -593.1557625, -1015.2960999999999, -609.9650999999999, -257.88034999999996, -1033.5201000000002, -898.8366500000001, -1150.7467499999998, -424.25625, -882.984375, -814.9855999999997, -504.4130499999998, -899.7173250000002, -1011.0073874999999, -280.8487874999999, -1046.9763999999996, 525.0510499999999, -149.38728750000035]"
Cat3,15mph,lr,opposite,6,1625004170.394206000,/media/batool/MULTIMODAL_DATA/Multimodal_Data/Cat3/static_in_front/bag_files/Cat3_15mph_lr_opposite_6/lidar_pcd/ns1/velodyne_points/1625004170.394206000.pcd,/media/batool/MULTIMODAL_DATA/Multimodal_Data/Cat3/static_in_front/bag_files/Cat3_15mph_lr_opposite_6/camera_images/1625004170.3971715.jpg,42.337712000000025,-71.08628266666668,5376,26,0,2,40,"[5152, 5086, 5094, 5152, 4996, 5376, 5120, 5056, 4616, 5232, 4864, 4712, 0, 1376, 4896, 0, 5264, 5024, 1520, 1520, 1568, 1568, 5312, 1640, 0, 1544, 0, 1544]","[12, 22, 26, 26, 26, 26, 26, 26, 26, 26, 26, 26, 26, 26, 26, 26, 26, 26, 26, 26, 26, 26, 26, 26, 26, 26, 26, 26]",63.26034968416176,-46.295745024830616,"[-8, -9, -7, -9, -9, -7, -9, -10, -10, -11, -11, -8, 0, -6, -9, 0, -8, -11, -7, -9, -8, -8, -9, -9, 0, -11, 0, -8]","[1, 2, 3, 4, 5, 6, 7, 8, 9, 10, 11, 12, 13, 14, 15, 16, 17, 18, 19, 20, 21, 22, 23, 24, 25, 26, 27, 28, 29, 30, 31, 61, 62, 63]","[470.5326749999997, -1244.0076, -427.3916, -919.4831250000001, 282.11850000000004, -598.581225, -631.3888000000001, -1383.9534124999998, -350.097975, -1100.5706500000001, -265.36965000000004, -816.8532, 579.894525, -228.20062499999966, -722.18125, -332.1196000000003, -895.4813624999996, -593.1557625, -1015.2960999999999, -609.9650999999999, -257.88034999999996, -1033.5201000000002, -898.8366500000001, -1150.7467499999998, -424.25625, -882.984375, -814.9855999999997, -504.4130499999998, -899.7173250000002, -1011.0073874999999, -280.8487874999999, -1046.9763999999996, 525.0510499999999, -149.38728750000035]"
