Category,speed,direction,lane,episode,Time header,lidar number,path to the file
Cat1,20mph,lr,opposite,8,1624829986.978233000,ns1,/media/batool/MULTIMODAL_DATA/Multimodal_Data/Cat1/opposite/bag_files/Cat1_20mph_lr_opposite_8/lidar_pcd/ns1/velodyne_points/1624829986.978233000.pcd
Cat1,20mph,lr,opposite,8,1624829987.079072000,ns1,/media/batool/MULTIMODAL_DATA/Multimodal_Data/Cat1/opposite/bag_files/Cat1_20mph_lr_opposite_8/lidar_pcd/ns1/velodyne_points/1624829987.079072000.pcd
Cat1,20mph,lr,opposite,8,1624829987.179906000,ns1,/media/batool/MULTIMODAL_DATA/Multimodal_Data/Cat1/opposite/bag_files/Cat1_20mph_lr_opposite_8/lidar_pcd/ns1/velodyne_points/1624829987.179906000.pcd
Cat1,20mph,lr,opposite,8,1624829987.280766000,ns1,/media/batool/MULTIMODAL_DATA/Multimodal_Data/Cat1/opposite/bag_files/Cat1_20mph_lr_opposite_8/lidar_pcd/ns1/velodyne_points/1624829987.280766000.pcd
Cat1,20mph,lr,opposite,8,1624829987.381647000,ns1,/media/batool/MULTIMODAL_DATA/Multimodal_Data/Cat1/opposite/bag_files/Cat1_20mph_lr_opposite_8/lidar_pcd/ns1/velodyne_points/1624829987.381647000.pcd
Cat1,20mph,lr,opposite,8,1624829987.482506000,ns1,/media/batool/MULTIMODAL_DATA/Multimodal_Data/Cat1/opposite/bag_files/Cat1_20mph_lr_opposite_8/lidar_pcd/ns1/velodyne_points/1624829987.482506000.pcd
Cat1,20mph,lr,opposite,8,1624829987.583360000,ns1,/media/batool/MULTIMODAL_DATA/Multimodal_Data/Cat1/opposite/bag_files/Cat1_20mph_lr_opposite_8/lidar_pcd/ns1/velodyne_points/1624829987.583360000.pcd
Cat1,20mph,lr,opposite,8,1624829987.684221000,ns1,/media/batool/MULTIMODAL_DATA/Multimodal_Data/Cat1/opposite/bag_files/Cat1_20mph_lr_opposite_8/lidar_pcd/ns1/velodyne_points/1624829987.684221000.pcd
Cat1,20mph,lr,opposite,8,1624829987.785070000,ns1,/media/batool/MULTIMODAL_DATA/Multimodal_Data/Cat1/opposite/bag_files/Cat1_20mph_lr_opposite_8/lidar_pcd/ns1/velodyne_points/1624829987.785070000.pcd
Cat1,20mph,lr,opposite,8,1624829987.885978000,ns1,/media/batool/MULTIMODAL_DATA/Multimodal_Data/Cat1/opposite/bag_files/Cat1_20mph_lr_opposite_8/lidar_pcd/ns1/velodyne_points/1624829987.885978000.pcd
Cat1,20mph,lr,opposite,8,1624829987.986813000,ns1,/media/batool/MULTIMODAL_DATA/Multimodal_Data/Cat1/opposite/bag_files/Cat1_20mph_lr_opposite_8/lidar_pcd/ns1/velodyne_points/1624829987.986813000.pcd
Cat1,20mph,lr,opposite,8,1624829988.087619000,ns1,/media/batool/MULTIMODAL_DATA/Multimodal_Data/Cat1/opposite/bag_files/Cat1_20mph_lr_opposite_8/lidar_pcd/ns1/velodyne_points/1624829988.087619000.pcd
Cat1,20mph,lr,opposite,8,1624829988.188516000,ns1,/media/batool/MULTIMODAL_DATA/Multimodal_Data/Cat1/opposite/bag_files/Cat1_20mph_lr_opposite_8/lidar_pcd/ns1/velodyne_points/1624829988.188516000.pcd
Cat1,20mph,lr,opposite,8,1624829988.289350000,ns1,/media/batool/MULTIMODAL_DATA/Multimodal_Data/Cat1/opposite/bag_files/Cat1_20mph_lr_opposite_8/lidar_pcd/ns1/velodyne_points/1624829988.289350000.pcd
Cat1,20mph,lr,opposite,8,1624829988.491087000,ns1,/media/batool/MULTIMODAL_DATA/Multimodal_Data/Cat1/opposite/bag_files/Cat1_20mph_lr_opposite_8/lidar_pcd/ns1/velodyne_points/1624829988.491087000.pcd
Cat1,20mph,lr,opposite,8,1624829988.591898000,ns1,/media/batool/MULTIMODAL_DATA/Multimodal_Data/Cat1/opposite/bag_files/Cat1_20mph_lr_opposite_8/lidar_pcd/ns1/velodyne_points/1624829988.591898000.pcd
Cat1,20mph,lr,opposite,8,1624829988.692802000,ns1,/media/batool/MULTIMODAL_DATA/Multimodal_Data/Cat1/opposite/bag_files/Cat1_20mph_lr_opposite_8/lidar_pcd/ns1/velodyne_points/1624829988.692802000.pcd
Cat1,20mph,lr,opposite,8,1624829988.793638000,ns1,/media/batool/MULTIMODAL_DATA/Multimodal_Data/Cat1/opposite/bag_files/Cat1_20mph_lr_opposite_8/lidar_pcd/ns1/velodyne_points/1624829988.793638000.pcd
Cat1,20mph,lr,opposite,8,1624829988.894515000,ns1,/media/batool/MULTIMODAL_DATA/Multimodal_Data/Cat1/opposite/bag_files/Cat1_20mph_lr_opposite_8/lidar_pcd/ns1/velodyne_points/1624829988.894515000.pcd
Cat1,20mph,lr,opposite,8,1624829988.995368000,ns1,/media/batool/MULTIMODAL_DATA/Multimodal_Data/Cat1/opposite/bag_files/Cat1_20mph_lr_opposite_8/lidar_pcd/ns1/velodyne_points/1624829988.995368000.pcd
Cat1,20mph,lr,opposite,8,1624829989.096234000,ns1,/media/batool/MULTIMODAL_DATA/Multimodal_Data/Cat1/opposite/bag_files/Cat1_20mph_lr_opposite_8/lidar_pcd/ns1/velodyne_points/1624829989.096234000.pcd
Cat1,20mph,lr,opposite,8,1624829989.197057000,ns1,/media/batool/MULTIMODAL_DATA/Multimodal_Data/Cat1/opposite/bag_files/Cat1_20mph_lr_opposite_8/lidar_pcd/ns1/velodyne_points/1624829989.197057000.pcd
Cat1,20mph,lr,opposite,8,1624829989.297958000,ns1,/media/batool/MULTIMODAL_DATA/Multimodal_Data/Cat1/opposite/bag_files/Cat1_20mph_lr_opposite_8/lidar_pcd/ns1/velodyne_points/1624829989.297958000.pcd
Cat1,20mph,lr,opposite,8,1624829989.398803000,ns1,/media/batool/MULTIMODAL_DATA/Multimodal_Data/Cat1/opposite/bag_files/Cat1_20mph_lr_opposite_8/lidar_pcd/ns1/velodyne_points/1624829989.398803000.pcd
Cat1,20mph,lr,opposite,8,1624829989.499672000,ns1,/media/batool/MULTIMODAL_DATA/Multimodal_Data/Cat1/opposite/bag_files/Cat1_20mph_lr_opposite_8/lidar_pcd/ns1/velodyne_points/1624829989.499672000.pcd
Cat1,20mph,lr,opposite,8,1624829989.600490000,ns1,/media/batool/MULTIMODAL_DATA/Multimodal_Data/Cat1/opposite/bag_files/Cat1_20mph_lr_opposite_8/lidar_pcd/ns1/velodyne_points/1624829989.600490000.pcd
Cat1,20mph,lr,opposite,8,1624829989.701345000,ns1,/media/batool/MULTIMODAL_DATA/Multimodal_Data/Cat1/opposite/bag_files/Cat1_20mph_lr_opposite_8/lidar_pcd/ns1/velodyne_points/1624829989.701345000.pcd
Cat1,20mph,lr,opposite,8,1624829989.802209000,ns1,/media/batool/MULTIMODAL_DATA/Multimodal_Data/Cat1/opposite/bag_files/Cat1_20mph_lr_opposite_8/lidar_pcd/ns1/velodyne_points/1624829989.802209000.pcd
Cat1,20mph,lr,opposite,8,1624829990.003914000,ns1,/media/batool/MULTIMODAL_DATA/Multimodal_Data/Cat1/opposite/bag_files/Cat1_20mph_lr_opposite_8/lidar_pcd/ns1/velodyne_points/1624829990.003914000.pcd
Cat1,20mph,lr,opposite,8,1624829990.104807000,ns1,/media/batool/MULTIMODAL_DATA/Multimodal_Data/Cat1/opposite/bag_files/Cat1_20mph_lr_opposite_8/lidar_pcd/ns1/velodyne_points/1624829990.104807000.pcd
Cat1,20mph,lr,opposite,8,1624829990.205681000,ns1,/media/batool/MULTIMODAL_DATA/Multimodal_Data/Cat1/opposite/bag_files/Cat1_20mph_lr_opposite_8/lidar_pcd/ns1/velodyne_points/1624829990.205681000.pcd
Cat1,20mph,lr,opposite,8,1624829990.306503000,ns1,/media/batool/MULTIMODAL_DATA/Multimodal_Data/Cat1/opposite/bag_files/Cat1_20mph_lr_opposite_8/lidar_pcd/ns1/velodyne_points/1624829990.306503000.pcd
Cat1,20mph,lr,opposite,8,1624829990.407394000,ns1,/media/batool/MULTIMODAL_DATA/Multimodal_Data/Cat1/opposite/bag_files/Cat1_20mph_lr_opposite_8/lidar_pcd/ns1/velodyne_points/1624829990.407394000.pcd
Cat1,20mph,lr,opposite,8,1624829990.508222000,ns1,/media/batool/MULTIMODAL_DATA/Multimodal_Data/Cat1/opposite/bag_files/Cat1_20mph_lr_opposite_8/lidar_pcd/ns1/velodyne_points/1624829990.508222000.pcd
Cat1,20mph,lr,opposite,8,1624829990.609063000,ns1,/media/batool/MULTIMODAL_DATA/Multimodal_Data/Cat1/opposite/bag_files/Cat1_20mph_lr_opposite_8/lidar_pcd/ns1/velodyne_points/1624829990.609063000.pcd
Cat1,20mph,lr,opposite,8,1624829990.709897000,ns1,/media/batool/MULTIMODAL_DATA/Multimodal_Data/Cat1/opposite/bag_files/Cat1_20mph_lr_opposite_8/lidar_pcd/ns1/velodyne_points/1624829990.709897000.pcd
Cat1,20mph,lr,opposite,8,1624829990.810783000,ns1,/media/batool/MULTIMODAL_DATA/Multimodal_Data/Cat1/opposite/bag_files/Cat1_20mph_lr_opposite_8/lidar_pcd/ns1/velodyne_points/1624829990.810783000.pcd
Cat1,20mph,lr,opposite,8,1624829990.911634000,ns1,/media/batool/MULTIMODAL_DATA/Multimodal_Data/Cat1/opposite/bag_files/Cat1_20mph_lr_opposite_8/lidar_pcd/ns1/velodyne_points/1624829990.911634000.pcd
Cat1,20mph,lr,opposite,8,1624829991.012504000,ns1,/media/batool/MULTIMODAL_DATA/Multimodal_Data/Cat1/opposite/bag_files/Cat1_20mph_lr_opposite_8/lidar_pcd/ns1/velodyne_points/1624829991.012504000.pcd
Cat1,20mph,lr,opposite,8,1624829991.113346000,ns1,/media/batool/MULTIMODAL_DATA/Multimodal_Data/Cat1/opposite/bag_files/Cat1_20mph_lr_opposite_8/lidar_pcd/ns1/velodyne_points/1624829991.113346000.pcd
Cat1,20mph,lr,opposite,8,1624829991.214204000,ns1,/media/batool/MULTIMODAL_DATA/Multimodal_Data/Cat1/opposite/bag_files/Cat1_20mph_lr_opposite_8/lidar_pcd/ns1/velodyne_points/1624829991.214204000.pcd
Cat1,20mph,lr,opposite,8,1624829991.315059000,ns1,/media/batool/MULTIMODAL_DATA/Multimodal_Data/Cat1/opposite/bag_files/Cat1_20mph_lr_opposite_8/lidar_pcd/ns1/velodyne_points/1624829991.315059000.pcd
Cat1,20mph,lr,opposite,8,1624829991.516776000,ns1,/media/batool/MULTIMODAL_DATA/Multimodal_Data/Cat1/opposite/bag_files/Cat1_20mph_lr_opposite_8/lidar_pcd/ns1/velodyne_points/1624829991.516776000.pcd
Cat1,20mph,lr,opposite,8,1624829991.617638000,ns1,/media/batool/MULTIMODAL_DATA/Multimodal_Data/Cat1/opposite/bag_files/Cat1_20mph_lr_opposite_8/lidar_pcd/ns1/velodyne_points/1624829991.617638000.pcd
Cat1,20mph,lr,opposite,8,1624829991.718488000,ns1,/media/batool/MULTIMODAL_DATA/Multimodal_Data/Cat1/opposite/bag_files/Cat1_20mph_lr_opposite_8/lidar_pcd/ns1/velodyne_points/1624829991.718488000.pcd
Cat1,20mph,lr,opposite,8,1624829991.819334000,ns1,/media/batool/MULTIMODAL_DATA/Multimodal_Data/Cat1/opposite/bag_files/Cat1_20mph_lr_opposite_8/lidar_pcd/ns1/velodyne_points/1624829991.819334000.pcd
Cat1,20mph,lr,opposite,8,1624829991.920193000,ns1,/media/batool/MULTIMODAL_DATA/Multimodal_Data/Cat1/opposite/bag_files/Cat1_20mph_lr_opposite_8/lidar_pcd/ns1/velodyne_points/1624829991.920193000.pcd
Cat1,20mph,lr,opposite,8,1624829992.021031000,ns1,/media/batool/MULTIMODAL_DATA/Multimodal_Data/Cat1/opposite/bag_files/Cat1_20mph_lr_opposite_8/lidar_pcd/ns1/velodyne_points/1624829992.021031000.pcd
Cat1,20mph,lr,opposite,8,1624829992.121931000,ns1,/media/batool/MULTIMODAL_DATA/Multimodal_Data/Cat1/opposite/bag_files/Cat1_20mph_lr_opposite_8/lidar_pcd/ns1/velodyne_points/1624829992.121931000.pcd
Cat1,20mph,lr,opposite,8,1624829992.222777000,ns1,/media/batool/MULTIMODAL_DATA/Multimodal_Data/Cat1/opposite/bag_files/Cat1_20mph_lr_opposite_8/lidar_pcd/ns1/velodyne_points/1624829992.222777000.pcd
Cat1,20mph,lr,opposite,8,1624829992.323588000,ns1,/media/batool/MULTIMODAL_DATA/Multimodal_Data/Cat1/opposite/bag_files/Cat1_20mph_lr_opposite_8/lidar_pcd/ns1/velodyne_points/1624829992.323588000.pcd
Cat1,20mph,lr,opposite,8,1624829992.424444000,ns1,/media/batool/MULTIMODAL_DATA/Multimodal_Data/Cat1/opposite/bag_files/Cat1_20mph_lr_opposite_8/lidar_pcd/ns1/velodyne_points/1624829992.424444000.pcd
Cat1,20mph,lr,opposite,8,1624829992.525353000,ns1,/media/batool/MULTIMODAL_DATA/Multimodal_Data/Cat1/opposite/bag_files/Cat1_20mph_lr_opposite_8/lidar_pcd/ns1/velodyne_points/1624829992.525353000.pcd
Cat1,20mph,lr,opposite,8,1624829992.626216000,ns1,/media/batool/MULTIMODAL_DATA/Multimodal_Data/Cat1/opposite/bag_files/Cat1_20mph_lr_opposite_8/lidar_pcd/ns1/velodyne_points/1624829992.626216000.pcd
Cat1,20mph,lr,opposite,8,1624829992.727049000,ns1,/media/batool/MULTIMODAL_DATA/Multimodal_Data/Cat1/opposite/bag_files/Cat1_20mph_lr_opposite_8/lidar_pcd/ns1/velodyne_points/1624829992.727049000.pcd
Cat1,20mph,lr,opposite,8,1624829992.827906000,ns1,/media/batool/MULTIMODAL_DATA/Multimodal_Data/Cat1/opposite/bag_files/Cat1_20mph_lr_opposite_8/lidar_pcd/ns1/velodyne_points/1624829992.827906000.pcd
Cat1,20mph,lr,opposite,8,1624829988.390241000,ns1,/media/batool/MULTIMODAL_DATA/Multimodal_Data/Cat1/opposite/bag_files/Cat1_20mph_lr_opposite_8/lidar_pcd/ns1/velodyne_points/1624829988.390241000.pcd
Cat1,20mph,lr,opposite,8,1624829989.903085000,ns1,/media/batool/MULTIMODAL_DATA/Multimodal_Data/Cat1/opposite/bag_files/Cat1_20mph_lr_opposite_8/lidar_pcd/ns1/velodyne_points/1624829989.903085000.pcd
Cat1,20mph,lr,opposite,8,1624829991.415895000,ns1,/media/batool/MULTIMODAL_DATA/Multimodal_Data/Cat1/opposite/bag_files/Cat1_20mph_lr_opposite_8/lidar_pcd/ns1/velodyne_points/1624829991.415895000.pcd
Cat1,20mph,lr,opposite,8,1624829992.928767000,ns1,/media/batool/MULTIMODAL_DATA/Multimodal_Data/Cat1/opposite/bag_files/Cat1_20mph_lr_opposite_8/lidar_pcd/ns1/velodyne_points/1624829992.928767000.pcd
Cat1,20mph,lr,opposite,8,1624829994.441647000,ns1,/media/batool/MULTIMODAL_DATA/Multimodal_Data/Cat1/opposite/bag_files/Cat1_20mph_lr_opposite_8/lidar_pcd/ns1/velodyne_points/1624829994.441647000.pcd
Cat1,20mph,lr,opposite,8,1624829995.954475000,ns1,/media/batool/MULTIMODAL_DATA/Multimodal_Data/Cat1/opposite/bag_files/Cat1_20mph_lr_opposite_8/lidar_pcd/ns1/velodyne_points/1624829995.954475000.pcd
Cat1,20mph,lr,opposite,8,1624829997.467334000,ns1,/media/batool/MULTIMODAL_DATA/Multimodal_Data/Cat1/opposite/bag_files/Cat1_20mph_lr_opposite_8/lidar_pcd/ns1/velodyne_points/1624829997.467334000.pcd
Cat1,20mph,lr,opposite,8,1624829998.980190000,ns1,/media/batool/MULTIMODAL_DATA/Multimodal_Data/Cat1/opposite/bag_files/Cat1_20mph_lr_opposite_8/lidar_pcd/ns1/velodyne_points/1624829998.980190000.pcd
Cat1,20mph,lr,opposite,8,1624830000.493018000,ns1,/media/batool/MULTIMODAL_DATA/Multimodal_Data/Cat1/opposite/bag_files/Cat1_20mph_lr_opposite_8/lidar_pcd/ns1/velodyne_points/1624830000.493018000.pcd
Cat1,20mph,lr,opposite,8,1624830002.005871000,ns1,/media/batool/MULTIMODAL_DATA/Multimodal_Data/Cat1/opposite/bag_files/Cat1_20mph_lr_opposite_8/lidar_pcd/ns1/velodyne_points/1624830002.005871000.pcd
Cat1,20mph,lr,opposite,8,1624830003.518705000,ns1,/media/batool/MULTIMODAL_DATA/Multimodal_Data/Cat1/opposite/bag_files/Cat1_20mph_lr_opposite_8/lidar_pcd/ns1/velodyne_points/1624830003.518705000.pcd
Cat1,20mph,lr,opposite,8,1624830005.031572000,ns1,/media/batool/MULTIMODAL_DATA/Multimodal_Data/Cat1/opposite/bag_files/Cat1_20mph_lr_opposite_8/lidar_pcd/ns1/velodyne_points/1624830005.031572000.pcd
Cat1,20mph,lr,opposite,8,1624830006.544435000,ns1,/media/batool/MULTIMODAL_DATA/Multimodal_Data/Cat1/opposite/bag_files/Cat1_20mph_lr_opposite_8/lidar_pcd/ns1/velodyne_points/1624830006.544435000.pcd
Cat1,20mph,lr,opposite,8,1624829993.029641000,ns1,/media/batool/MULTIMODAL_DATA/Multimodal_Data/Cat1/opposite/bag_files/Cat1_20mph_lr_opposite_8/lidar_pcd/ns1/velodyne_points/1624829993.029641000.pcd
Cat1,20mph,lr,opposite,8,1624829993.130488000,ns1,/media/batool/MULTIMODAL_DATA/Multimodal_Data/Cat1/opposite/bag_files/Cat1_20mph_lr_opposite_8/lidar_pcd/ns1/velodyne_points/1624829993.130488000.pcd
Cat1,20mph,lr,opposite,8,1624829993.231361000,ns1,/media/batool/MULTIMODAL_DATA/Multimodal_Data/Cat1/opposite/bag_files/Cat1_20mph_lr_opposite_8/lidar_pcd/ns1/velodyne_points/1624829993.231361000.pcd
Cat1,20mph,lr,opposite,8,1624829993.332209000,ns1,/media/batool/MULTIMODAL_DATA/Multimodal_Data/Cat1/opposite/bag_files/Cat1_20mph_lr_opposite_8/lidar_pcd/ns1/velodyne_points/1624829993.332209000.pcd
Cat1,20mph,lr,opposite,8,1624829993.433053000,ns1,/media/batool/MULTIMODAL_DATA/Multimodal_Data/Cat1/opposite/bag_files/Cat1_20mph_lr_opposite_8/lidar_pcd/ns1/velodyne_points/1624829993.433053000.pcd
Cat1,20mph,lr,opposite,8,1624829993.533919000,ns1,/media/batool/MULTIMODAL_DATA/Multimodal_Data/Cat1/opposite/bag_files/Cat1_20mph_lr_opposite_8/lidar_pcd/ns1/velodyne_points/1624829993.533919000.pcd
Cat1,20mph,lr,opposite,8,1624829993.634771000,ns1,/media/batool/MULTIMODAL_DATA/Multimodal_Data/Cat1/opposite/bag_files/Cat1_20mph_lr_opposite_8/lidar_pcd/ns1/velodyne_points/1624829993.634771000.pcd
Cat1,20mph,lr,opposite,8,1624829993.735626000,ns1,/media/batool/MULTIMODAL_DATA/Multimodal_Data/Cat1/opposite/bag_files/Cat1_20mph_lr_opposite_8/lidar_pcd/ns1/velodyne_points/1624829993.735626000.pcd
Cat1,20mph,lr,opposite,8,1624829993.836496000,ns1,/media/batool/MULTIMODAL_DATA/Multimodal_Data/Cat1/opposite/bag_files/Cat1_20mph_lr_opposite_8/lidar_pcd/ns1/velodyne_points/1624829993.836496000.pcd
Cat1,20mph,lr,opposite,8,1624829993.937338000,ns1,/media/batool/MULTIMODAL_DATA/Multimodal_Data/Cat1/opposite/bag_files/Cat1_20mph_lr_opposite_8/lidar_pcd/ns1/velodyne_points/1624829993.937338000.pcd
Cat1,20mph,lr,opposite,8,1624829994.038209000,ns1,/media/batool/MULTIMODAL_DATA/Multimodal_Data/Cat1/opposite/bag_files/Cat1_20mph_lr_opposite_8/lidar_pcd/ns1/velodyne_points/1624829994.038209000.pcd
Cat1,20mph,lr,opposite,8,1624829994.139043000,ns1,/media/batool/MULTIMODAL_DATA/Multimodal_Data/Cat1/opposite/bag_files/Cat1_20mph_lr_opposite_8/lidar_pcd/ns1/velodyne_points/1624829994.139043000.pcd
Cat1,20mph,lr,opposite,8,1624829994.239903000,ns1,/media/batool/MULTIMODAL_DATA/Multimodal_Data/Cat1/opposite/bag_files/Cat1_20mph_lr_opposite_8/lidar_pcd/ns1/velodyne_points/1624829994.239903000.pcd
Cat1,20mph,lr,opposite,8,1624829994.340785000,ns1,/media/batool/MULTIMODAL_DATA/Multimodal_Data/Cat1/opposite/bag_files/Cat1_20mph_lr_opposite_8/lidar_pcd/ns1/velodyne_points/1624829994.340785000.pcd
Cat1,20mph,lr,opposite,8,1624829994.542495000,ns1,/media/batool/MULTIMODAL_DATA/Multimodal_Data/Cat1/opposite/bag_files/Cat1_20mph_lr_opposite_8/lidar_pcd/ns1/velodyne_points/1624829994.542495000.pcd
Cat1,20mph,lr,opposite,8,1624829994.643302000,ns1,/media/batool/MULTIMODAL_DATA/Multimodal_Data/Cat1/opposite/bag_files/Cat1_20mph_lr_opposite_8/lidar_pcd/ns1/velodyne_points/1624829994.643302000.pcd
Cat1,20mph,lr,opposite,8,1624829994.744163000,ns1,/media/batool/MULTIMODAL_DATA/Multimodal_Data/Cat1/opposite/bag_files/Cat1_20mph_lr_opposite_8/lidar_pcd/ns1/velodyne_points/1624829994.744163000.pcd
Cat1,20mph,lr,opposite,8,1624829994.845034000,ns1,/media/batool/MULTIMODAL_DATA/Multimodal_Data/Cat1/opposite/bag_files/Cat1_20mph_lr_opposite_8/lidar_pcd/ns1/velodyne_points/1624829994.845034000.pcd
Cat1,20mph,lr,opposite,8,1624829994.945921000,ns1,/media/batool/MULTIMODAL_DATA/Multimodal_Data/Cat1/opposite/bag_files/Cat1_20mph_lr_opposite_8/lidar_pcd/ns1/velodyne_points/1624829994.945921000.pcd
Cat1,20mph,lr,opposite,8,1624829995.046780000,ns1,/media/batool/MULTIMODAL_DATA/Multimodal_Data/Cat1/opposite/bag_files/Cat1_20mph_lr_opposite_8/lidar_pcd/ns1/velodyne_points/1624829995.046780000.pcd
Cat1,20mph,lr,opposite,8,1624829995.147601000,ns1,/media/batool/MULTIMODAL_DATA/Multimodal_Data/Cat1/opposite/bag_files/Cat1_20mph_lr_opposite_8/lidar_pcd/ns1/velodyne_points/1624829995.147601000.pcd
Cat1,20mph,lr,opposite,8,1624829995.248500000,ns1,/media/batool/MULTIMODAL_DATA/Multimodal_Data/Cat1/opposite/bag_files/Cat1_20mph_lr_opposite_8/lidar_pcd/ns1/velodyne_points/1624829995.248500000.pcd
Cat1,20mph,lr,opposite,8,1624829995.349317000,ns1,/media/batool/MULTIMODAL_DATA/Multimodal_Data/Cat1/opposite/bag_files/Cat1_20mph_lr_opposite_8/lidar_pcd/ns1/velodyne_points/1624829995.349317000.pcd
Cat1,20mph,lr,opposite,8,1624829995.450194000,ns1,/media/batool/MULTIMODAL_DATA/Multimodal_Data/Cat1/opposite/bag_files/Cat1_20mph_lr_opposite_8/lidar_pcd/ns1/velodyne_points/1624829995.450194000.pcd
Cat1,20mph,lr,opposite,8,1624829995.551077000,ns1,/media/batool/MULTIMODAL_DATA/Multimodal_Data/Cat1/opposite/bag_files/Cat1_20mph_lr_opposite_8/lidar_pcd/ns1/velodyne_points/1624829995.551077000.pcd
Cat1,20mph,lr,opposite,8,1624829995.651902000,ns1,/media/batool/MULTIMODAL_DATA/Multimodal_Data/Cat1/opposite/bag_files/Cat1_20mph_lr_opposite_8/lidar_pcd/ns1/velodyne_points/1624829995.651902000.pcd
Cat1,20mph,lr,opposite,8,1624829995.752779000,ns1,/media/batool/MULTIMODAL_DATA/Multimodal_Data/Cat1/opposite/bag_files/Cat1_20mph_lr_opposite_8/lidar_pcd/ns1/velodyne_points/1624829995.752779000.pcd
Cat1,20mph,lr,opposite,8,1624829995.853621000,ns1,/media/batool/MULTIMODAL_DATA/Multimodal_Data/Cat1/opposite/bag_files/Cat1_20mph_lr_opposite_8/lidar_pcd/ns1/velodyne_points/1624829995.853621000.pcd
Cat1,20mph,lr,opposite,8,1624829996.055296000,ns1,/media/batool/MULTIMODAL_DATA/Multimodal_Data/Cat1/opposite/bag_files/Cat1_20mph_lr_opposite_8/lidar_pcd/ns1/velodyne_points/1624829996.055296000.pcd
Cat1,20mph,lr,opposite,8,1624829996.156219000,ns1,/media/batool/MULTIMODAL_DATA/Multimodal_Data/Cat1/opposite/bag_files/Cat1_20mph_lr_opposite_8/lidar_pcd/ns1/velodyne_points/1624829996.156219000.pcd
Cat1,20mph,lr,opposite,8,1624829996.257049000,ns1,/media/batool/MULTIMODAL_DATA/Multimodal_Data/Cat1/opposite/bag_files/Cat1_20mph_lr_opposite_8/lidar_pcd/ns1/velodyne_points/1624829996.257049000.pcd
Cat1,20mph,lr,opposite,8,1624829996.357926000,ns1,/media/batool/MULTIMODAL_DATA/Multimodal_Data/Cat1/opposite/bag_files/Cat1_20mph_lr_opposite_8/lidar_pcd/ns1/velodyne_points/1624829996.357926000.pcd
Cat1,20mph,lr,opposite,8,1624829996.458793000,ns1,/media/batool/MULTIMODAL_DATA/Multimodal_Data/Cat1/opposite/bag_files/Cat1_20mph_lr_opposite_8/lidar_pcd/ns1/velodyne_points/1624829996.458793000.pcd
Cat1,20mph,lr,opposite,8,1624829996.559621000,ns1,/media/batool/MULTIMODAL_DATA/Multimodal_Data/Cat1/opposite/bag_files/Cat1_20mph_lr_opposite_8/lidar_pcd/ns1/velodyne_points/1624829996.559621000.pcd
Cat1,20mph,lr,opposite,8,1624829996.660467000,ns1,/media/batool/MULTIMODAL_DATA/Multimodal_Data/Cat1/opposite/bag_files/Cat1_20mph_lr_opposite_8/lidar_pcd/ns1/velodyne_points/1624829996.660467000.pcd
Cat1,20mph,lr,opposite,8,1624829996.761328000,ns1,/media/batool/MULTIMODAL_DATA/Multimodal_Data/Cat1/opposite/bag_files/Cat1_20mph_lr_opposite_8/lidar_pcd/ns1/velodyne_points/1624829996.761328000.pcd
Cat1,20mph,lr,opposite,8,1624829996.862201000,ns1,/media/batool/MULTIMODAL_DATA/Multimodal_Data/Cat1/opposite/bag_files/Cat1_20mph_lr_opposite_8/lidar_pcd/ns1/velodyne_points/1624829996.862201000.pcd
Cat1,20mph,lr,opposite,8,1624829996.963043000,ns1,/media/batool/MULTIMODAL_DATA/Multimodal_Data/Cat1/opposite/bag_files/Cat1_20mph_lr_opposite_8/lidar_pcd/ns1/velodyne_points/1624829996.963043000.pcd
Cat1,20mph,lr,opposite,8,1624829997.063892000,ns1,/media/batool/MULTIMODAL_DATA/Multimodal_Data/Cat1/opposite/bag_files/Cat1_20mph_lr_opposite_8/lidar_pcd/ns1/velodyne_points/1624829997.063892000.pcd
Cat1,20mph,lr,opposite,8,1624829997.164741000,ns1,/media/batool/MULTIMODAL_DATA/Multimodal_Data/Cat1/opposite/bag_files/Cat1_20mph_lr_opposite_8/lidar_pcd/ns1/velodyne_points/1624829997.164741000.pcd
Cat1,20mph,lr,opposite,8,1624829997.265609000,ns1,/media/batool/MULTIMODAL_DATA/Multimodal_Data/Cat1/opposite/bag_files/Cat1_20mph_lr_opposite_8/lidar_pcd/ns1/velodyne_points/1624829997.265609000.pcd
Cat1,20mph,lr,opposite,8,1624829997.366487000,ns1,/media/batool/MULTIMODAL_DATA/Multimodal_Data/Cat1/opposite/bag_files/Cat1_20mph_lr_opposite_8/lidar_pcd/ns1/velodyne_points/1624829997.366487000.pcd
Cat1,20mph,lr,opposite,8,1624829997.568184000,ns1,/media/batool/MULTIMODAL_DATA/Multimodal_Data/Cat1/opposite/bag_files/Cat1_20mph_lr_opposite_8/lidar_pcd/ns1/velodyne_points/1624829997.568184000.pcd
Cat1,20mph,lr,opposite,8,1624829997.669042000,ns1,/media/batool/MULTIMODAL_DATA/Multimodal_Data/Cat1/opposite/bag_files/Cat1_20mph_lr_opposite_8/lidar_pcd/ns1/velodyne_points/1624829997.669042000.pcd
Cat1,20mph,lr,opposite,8,1624829997.769879000,ns1,/media/batool/MULTIMODAL_DATA/Multimodal_Data/Cat1/opposite/bag_files/Cat1_20mph_lr_opposite_8/lidar_pcd/ns1/velodyne_points/1624829997.769879000.pcd
Cat1,20mph,lr,opposite,8,1624829997.870711000,ns1,/media/batool/MULTIMODAL_DATA/Multimodal_Data/Cat1/opposite/bag_files/Cat1_20mph_lr_opposite_8/lidar_pcd/ns1/velodyne_points/1624829997.870711000.pcd
Cat1,20mph,lr,opposite,8,1624829997.971625000,ns1,/media/batool/MULTIMODAL_DATA/Multimodal_Data/Cat1/opposite/bag_files/Cat1_20mph_lr_opposite_8/lidar_pcd/ns1/velodyne_points/1624829997.971625000.pcd
Cat1,20mph,lr,opposite,8,1624829998.072484000,ns1,/media/batool/MULTIMODAL_DATA/Multimodal_Data/Cat1/opposite/bag_files/Cat1_20mph_lr_opposite_8/lidar_pcd/ns1/velodyne_points/1624829998.072484000.pcd
Cat1,20mph,lr,opposite,8,1624829998.173351000,ns1,/media/batool/MULTIMODAL_DATA/Multimodal_Data/Cat1/opposite/bag_files/Cat1_20mph_lr_opposite_8/lidar_pcd/ns1/velodyne_points/1624829998.173351000.pcd
Cat1,20mph,lr,opposite,8,1624829998.274219000,ns1,/media/batool/MULTIMODAL_DATA/Multimodal_Data/Cat1/opposite/bag_files/Cat1_20mph_lr_opposite_8/lidar_pcd/ns1/velodyne_points/1624829998.274219000.pcd
Cat1,20mph,lr,opposite,8,1624829998.375072000,ns1,/media/batool/MULTIMODAL_DATA/Multimodal_Data/Cat1/opposite/bag_files/Cat1_20mph_lr_opposite_8/lidar_pcd/ns1/velodyne_points/1624829998.375072000.pcd
Cat1,20mph,lr,opposite,8,1624829998.475917000,ns1,/media/batool/MULTIMODAL_DATA/Multimodal_Data/Cat1/opposite/bag_files/Cat1_20mph_lr_opposite_8/lidar_pcd/ns1/velodyne_points/1624829998.475917000.pcd
Cat1,20mph,lr,opposite,8,1624829998.576766000,ns1,/media/batool/MULTIMODAL_DATA/Multimodal_Data/Cat1/opposite/bag_files/Cat1_20mph_lr_opposite_8/lidar_pcd/ns1/velodyne_points/1624829998.576766000.pcd
Cat1,20mph,lr,opposite,8,1624829998.677609000,ns1,/media/batool/MULTIMODAL_DATA/Multimodal_Data/Cat1/opposite/bag_files/Cat1_20mph_lr_opposite_8/lidar_pcd/ns1/velodyne_points/1624829998.677609000.pcd
Cat1,20mph,lr,opposite,8,1624829998.778439000,ns1,/media/batool/MULTIMODAL_DATA/Multimodal_Data/Cat1/opposite/bag_files/Cat1_20mph_lr_opposite_8/lidar_pcd/ns1/velodyne_points/1624829998.778439000.pcd
Cat1,20mph,lr,opposite,8,1624829998.879329000,ns1,/media/batool/MULTIMODAL_DATA/Multimodal_Data/Cat1/opposite/bag_files/Cat1_20mph_lr_opposite_8/lidar_pcd/ns1/velodyne_points/1624829998.879329000.pcd
Cat1,20mph,lr,opposite,8,1624829999.081053000,ns1,/media/batool/MULTIMODAL_DATA/Multimodal_Data/Cat1/opposite/bag_files/Cat1_20mph_lr_opposite_8/lidar_pcd/ns1/velodyne_points/1624829999.081053000.pcd
Cat1,20mph,lr,opposite,8,1624829999.181892000,ns1,/media/batool/MULTIMODAL_DATA/Multimodal_Data/Cat1/opposite/bag_files/Cat1_20mph_lr_opposite_8/lidar_pcd/ns1/velodyne_points/1624829999.181892000.pcd
Cat1,20mph,lr,opposite,8,1624829999.282778000,ns1,/media/batool/MULTIMODAL_DATA/Multimodal_Data/Cat1/opposite/bag_files/Cat1_20mph_lr_opposite_8/lidar_pcd/ns1/velodyne_points/1624829999.282778000.pcd
Cat1,20mph,lr,opposite,8,1624829999.383573000,ns1,/media/batool/MULTIMODAL_DATA/Multimodal_Data/Cat1/opposite/bag_files/Cat1_20mph_lr_opposite_8/lidar_pcd/ns1/velodyne_points/1624829999.383573000.pcd
Cat1,20mph,lr,opposite,8,1624829999.484490000,ns1,/media/batool/MULTIMODAL_DATA/Multimodal_Data/Cat1/opposite/bag_files/Cat1_20mph_lr_opposite_8/lidar_pcd/ns1/velodyne_points/1624829999.484490000.pcd
Cat1,20mph,lr,opposite,8,1624829999.585306000,ns1,/media/batool/MULTIMODAL_DATA/Multimodal_Data/Cat1/opposite/bag_files/Cat1_20mph_lr_opposite_8/lidar_pcd/ns1/velodyne_points/1624829999.585306000.pcd
Cat1,20mph,lr,opposite,8,1624829999.686136000,ns1,/media/batool/MULTIMODAL_DATA/Multimodal_Data/Cat1/opposite/bag_files/Cat1_20mph_lr_opposite_8/lidar_pcd/ns1/velodyne_points/1624829999.686136000.pcd
Cat1,20mph,lr,opposite,8,1624829999.787033000,ns1,/media/batool/MULTIMODAL_DATA/Multimodal_Data/Cat1/opposite/bag_files/Cat1_20mph_lr_opposite_8/lidar_pcd/ns1/velodyne_points/1624829999.787033000.pcd
Cat1,20mph,lr,opposite,8,1624829999.887845000,ns1,/media/batool/MULTIMODAL_DATA/Multimodal_Data/Cat1/opposite/bag_files/Cat1_20mph_lr_opposite_8/lidar_pcd/ns1/velodyne_points/1624829999.887845000.pcd
Cat1,20mph,lr,opposite,8,1624829999.988711000,ns1,/media/batool/MULTIMODAL_DATA/Multimodal_Data/Cat1/opposite/bag_files/Cat1_20mph_lr_opposite_8/lidar_pcd/ns1/velodyne_points/1624829999.988711000.pcd
Cat1,20mph,lr,opposite,8,1624830000.089577000,ns1,/media/batool/MULTIMODAL_DATA/Multimodal_Data/Cat1/opposite/bag_files/Cat1_20mph_lr_opposite_8/lidar_pcd/ns1/velodyne_points/1624830000.089577000.pcd
Cat1,20mph,lr,opposite,8,1624830000.190470000,ns1,/media/batool/MULTIMODAL_DATA/Multimodal_Data/Cat1/opposite/bag_files/Cat1_20mph_lr_opposite_8/lidar_pcd/ns1/velodyne_points/1624830000.190470000.pcd
Cat1,20mph,lr,opposite,8,1624830000.291333000,ns1,/media/batool/MULTIMODAL_DATA/Multimodal_Data/Cat1/opposite/bag_files/Cat1_20mph_lr_opposite_8/lidar_pcd/ns1/velodyne_points/1624830000.291333000.pcd
Cat1,20mph,lr,opposite,8,1624830000.392154000,ns1,/media/batool/MULTIMODAL_DATA/Multimodal_Data/Cat1/opposite/bag_files/Cat1_20mph_lr_opposite_8/lidar_pcd/ns1/velodyne_points/1624830000.392154000.pcd
Cat1,20mph,lr,opposite,8,1624830000.593888000,ns1,/media/batool/MULTIMODAL_DATA/Multimodal_Data/Cat1/opposite/bag_files/Cat1_20mph_lr_opposite_8/lidar_pcd/ns1/velodyne_points/1624830000.593888000.pcd
Cat1,20mph,lr,opposite,8,1624830000.694710000,ns1,/media/batool/MULTIMODAL_DATA/Multimodal_Data/Cat1/opposite/bag_files/Cat1_20mph_lr_opposite_8/lidar_pcd/ns1/velodyne_points/1624830000.694710000.pcd
Cat1,20mph,lr,opposite,8,1624830000.795576000,ns1,/media/batool/MULTIMODAL_DATA/Multimodal_Data/Cat1/opposite/bag_files/Cat1_20mph_lr_opposite_8/lidar_pcd/ns1/velodyne_points/1624830000.795576000.pcd
Cat1,20mph,lr,opposite,8,1624830000.896460000,ns1,/media/batool/MULTIMODAL_DATA/Multimodal_Data/Cat1/opposite/bag_files/Cat1_20mph_lr_opposite_8/lidar_pcd/ns1/velodyne_points/1624830000.896460000.pcd
Cat1,20mph,lr,opposite,8,1624830000.997321000,ns1,/media/batool/MULTIMODAL_DATA/Multimodal_Data/Cat1/opposite/bag_files/Cat1_20mph_lr_opposite_8/lidar_pcd/ns1/velodyne_points/1624830000.997321000.pcd
Cat1,20mph,lr,opposite,8,1624830001.098170000,ns1,/media/batool/MULTIMODAL_DATA/Multimodal_Data/Cat1/opposite/bag_files/Cat1_20mph_lr_opposite_8/lidar_pcd/ns1/velodyne_points/1624830001.098170000.pcd
Cat1,20mph,lr,opposite,8,1624830001.199035000,ns1,/media/batool/MULTIMODAL_DATA/Multimodal_Data/Cat1/opposite/bag_files/Cat1_20mph_lr_opposite_8/lidar_pcd/ns1/velodyne_points/1624830001.199035000.pcd
Cat1,20mph,lr,opposite,8,1624830001.299885000,ns1,/media/batool/MULTIMODAL_DATA/Multimodal_Data/Cat1/opposite/bag_files/Cat1_20mph_lr_opposite_8/lidar_pcd/ns1/velodyne_points/1624830001.299885000.pcd
Cat1,20mph,lr,opposite,8,1624830001.400726000,ns1,/media/batool/MULTIMODAL_DATA/Multimodal_Data/Cat1/opposite/bag_files/Cat1_20mph_lr_opposite_8/lidar_pcd/ns1/velodyne_points/1624830001.400726000.pcd
Cat1,20mph,lr,opposite,8,1624830001.501569000,ns1,/media/batool/MULTIMODAL_DATA/Multimodal_Data/Cat1/opposite/bag_files/Cat1_20mph_lr_opposite_8/lidar_pcd/ns1/velodyne_points/1624830001.501569000.pcd
Cat1,20mph,lr,opposite,8,1624830001.602463000,ns1,/media/batool/MULTIMODAL_DATA/Multimodal_Data/Cat1/opposite/bag_files/Cat1_20mph_lr_opposite_8/lidar_pcd/ns1/velodyne_points/1624830001.602463000.pcd
Cat1,20mph,lr,opposite,8,1624830001.703332000,ns1,/media/batool/MULTIMODAL_DATA/Multimodal_Data/Cat1/opposite/bag_files/Cat1_20mph_lr_opposite_8/lidar_pcd/ns1/velodyne_points/1624830001.703332000.pcd
Cat1,20mph,lr,opposite,8,1624830001.804147000,ns1,/media/batool/MULTIMODAL_DATA/Multimodal_Data/Cat1/opposite/bag_files/Cat1_20mph_lr_opposite_8/lidar_pcd/ns1/velodyne_points/1624830001.804147000.pcd
Cat1,20mph,lr,opposite,8,1624830001.905045000,ns1,/media/batool/MULTIMODAL_DATA/Multimodal_Data/Cat1/opposite/bag_files/Cat1_20mph_lr_opposite_8/lidar_pcd/ns1/velodyne_points/1624830001.905045000.pcd
Cat1,20mph,lr,opposite,8,1624830002.106729000,ns1,/media/batool/MULTIMODAL_DATA/Multimodal_Data/Cat1/opposite/bag_files/Cat1_20mph_lr_opposite_8/lidar_pcd/ns1/velodyne_points/1624830002.106729000.pcd
Cat1,20mph,lr,opposite,8,1624830002.207603000,ns1,/media/batool/MULTIMODAL_DATA/Multimodal_Data/Cat1/opposite/bag_files/Cat1_20mph_lr_opposite_8/lidar_pcd/ns1/velodyne_points/1624830002.207603000.pcd
Cat1,20mph,lr,opposite,8,1624830002.308444000,ns1,/media/batool/MULTIMODAL_DATA/Multimodal_Data/Cat1/opposite/bag_files/Cat1_20mph_lr_opposite_8/lidar_pcd/ns1/velodyne_points/1624830002.308444000.pcd
Cat1,20mph,lr,opposite,8,1624830002.409286000,ns1,/media/batool/MULTIMODAL_DATA/Multimodal_Data/Cat1/opposite/bag_files/Cat1_20mph_lr_opposite_8/lidar_pcd/ns1/velodyne_points/1624830002.409286000.pcd
Cat1,20mph,lr,opposite,8,1624830002.510188000,ns1,/media/batool/MULTIMODAL_DATA/Multimodal_Data/Cat1/opposite/bag_files/Cat1_20mph_lr_opposite_8/lidar_pcd/ns1/velodyne_points/1624830002.510188000.pcd
Cat1,20mph,lr,opposite,8,1624830002.611023000,ns1,/media/batool/MULTIMODAL_DATA/Multimodal_Data/Cat1/opposite/bag_files/Cat1_20mph_lr_opposite_8/lidar_pcd/ns1/velodyne_points/1624830002.611023000.pcd
Cat1,20mph,lr,opposite,8,1624830002.711873000,ns1,/media/batool/MULTIMODAL_DATA/Multimodal_Data/Cat1/opposite/bag_files/Cat1_20mph_lr_opposite_8/lidar_pcd/ns1/velodyne_points/1624830002.711873000.pcd
Cat1,20mph,lr,opposite,8,1624830002.812755000,ns1,/media/batool/MULTIMODAL_DATA/Multimodal_Data/Cat1/opposite/bag_files/Cat1_20mph_lr_opposite_8/lidar_pcd/ns1/velodyne_points/1624830002.812755000.pcd
Cat1,20mph,lr,opposite,8,1624830002.913614000,ns1,/media/batool/MULTIMODAL_DATA/Multimodal_Data/Cat1/opposite/bag_files/Cat1_20mph_lr_opposite_8/lidar_pcd/ns1/velodyne_points/1624830002.913614000.pcd
Cat1,20mph,lr,opposite,8,1624830003.014466000,ns1,/media/batool/MULTIMODAL_DATA/Multimodal_Data/Cat1/opposite/bag_files/Cat1_20mph_lr_opposite_8/lidar_pcd/ns1/velodyne_points/1624830003.014466000.pcd
Cat1,20mph,lr,opposite,8,1624830003.115329000,ns1,/media/batool/MULTIMODAL_DATA/Multimodal_Data/Cat1/opposite/bag_files/Cat1_20mph_lr_opposite_8/lidar_pcd/ns1/velodyne_points/1624830003.115329000.pcd
Cat1,20mph,lr,opposite,8,1624830003.216187000,ns1,/media/batool/MULTIMODAL_DATA/Multimodal_Data/Cat1/opposite/bag_files/Cat1_20mph_lr_opposite_8/lidar_pcd/ns1/velodyne_points/1624830003.216187000.pcd
Cat1,20mph,lr,opposite,8,1624830003.317018000,ns1,/media/batool/MULTIMODAL_DATA/Multimodal_Data/Cat1/opposite/bag_files/Cat1_20mph_lr_opposite_8/lidar_pcd/ns1/velodyne_points/1624830003.317018000.pcd
Cat1,20mph,lr,opposite,8,1624830003.417932000,ns1,/media/batool/MULTIMODAL_DATA/Multimodal_Data/Cat1/opposite/bag_files/Cat1_20mph_lr_opposite_8/lidar_pcd/ns1/velodyne_points/1624830003.417932000.pcd
Cat1,20mph,lr,opposite,8,1624830003.619615000,ns1,/media/batool/MULTIMODAL_DATA/Multimodal_Data/Cat1/opposite/bag_files/Cat1_20mph_lr_opposite_8/lidar_pcd/ns1/velodyne_points/1624830003.619615000.pcd
Cat1,20mph,lr,opposite,8,1624830003.720474000,ns1,/media/batool/MULTIMODAL_DATA/Multimodal_Data/Cat1/opposite/bag_files/Cat1_20mph_lr_opposite_8/lidar_pcd/ns1/velodyne_points/1624830003.720474000.pcd
Cat1,20mph,lr,opposite,8,1624830003.821302000,ns1,/media/batool/MULTIMODAL_DATA/Multimodal_Data/Cat1/opposite/bag_files/Cat1_20mph_lr_opposite_8/lidar_pcd/ns1/velodyne_points/1624830003.821302000.pcd
Cat1,20mph,lr,opposite,8,1624830003.922168000,ns1,/media/batool/MULTIMODAL_DATA/Multimodal_Data/Cat1/opposite/bag_files/Cat1_20mph_lr_opposite_8/lidar_pcd/ns1/velodyne_points/1624830003.922168000.pcd
Cat1,20mph,lr,opposite,8,1624830004.023004000,ns1,/media/batool/MULTIMODAL_DATA/Multimodal_Data/Cat1/opposite/bag_files/Cat1_20mph_lr_opposite_8/lidar_pcd/ns1/velodyne_points/1624830004.023004000.pcd
Cat1,20mph,lr,opposite,8,1624830004.123854000,ns1,/media/batool/MULTIMODAL_DATA/Multimodal_Data/Cat1/opposite/bag_files/Cat1_20mph_lr_opposite_8/lidar_pcd/ns1/velodyne_points/1624830004.123854000.pcd
Cat1,20mph,lr,opposite,8,1624830004.224706000,ns1,/media/batool/MULTIMODAL_DATA/Multimodal_Data/Cat1/opposite/bag_files/Cat1_20mph_lr_opposite_8/lidar_pcd/ns1/velodyne_points/1624830004.224706000.pcd
Cat1,20mph,lr,opposite,8,1624830004.325593000,ns1,/media/batool/MULTIMODAL_DATA/Multimodal_Data/Cat1/opposite/bag_files/Cat1_20mph_lr_opposite_8/lidar_pcd/ns1/velodyne_points/1624830004.325593000.pcd
Cat1,20mph,lr,opposite,8,1624830004.426465000,ns1,/media/batool/MULTIMODAL_DATA/Multimodal_Data/Cat1/opposite/bag_files/Cat1_20mph_lr_opposite_8/lidar_pcd/ns1/velodyne_points/1624830004.426465000.pcd
Cat1,20mph,lr,opposite,8,1624830004.527326000,ns1,/media/batool/MULTIMODAL_DATA/Multimodal_Data/Cat1/opposite/bag_files/Cat1_20mph_lr_opposite_8/lidar_pcd/ns1/velodyne_points/1624830004.527326000.pcd
Cat1,20mph,lr,opposite,8,1624830004.628147000,ns1,/media/batool/MULTIMODAL_DATA/Multimodal_Data/Cat1/opposite/bag_files/Cat1_20mph_lr_opposite_8/lidar_pcd/ns1/velodyne_points/1624830004.628147000.pcd
Cat1,20mph,lr,opposite,8,1624830004.729033000,ns1,/media/batool/MULTIMODAL_DATA/Multimodal_Data/Cat1/opposite/bag_files/Cat1_20mph_lr_opposite_8/lidar_pcd/ns1/velodyne_points/1624830004.729033000.pcd
Cat1,20mph,lr,opposite,8,1624830004.829878000,ns1,/media/batool/MULTIMODAL_DATA/Multimodal_Data/Cat1/opposite/bag_files/Cat1_20mph_lr_opposite_8/lidar_pcd/ns1/velodyne_points/1624830004.829878000.pcd
Cat1,20mph,lr,opposite,8,1624830004.930756000,ns1,/media/batool/MULTIMODAL_DATA/Multimodal_Data/Cat1/opposite/bag_files/Cat1_20mph_lr_opposite_8/lidar_pcd/ns1/velodyne_points/1624830004.930756000.pcd
Cat1,20mph,lr,opposite,8,1624830005.132460000,ns1,/media/batool/MULTIMODAL_DATA/Multimodal_Data/Cat1/opposite/bag_files/Cat1_20mph_lr_opposite_8/lidar_pcd/ns1/velodyne_points/1624830005.132460000.pcd
Cat1,20mph,lr,opposite,8,1624830005.233313000,ns1,/media/batool/MULTIMODAL_DATA/Multimodal_Data/Cat1/opposite/bag_files/Cat1_20mph_lr_opposite_8/lidar_pcd/ns1/velodyne_points/1624830005.233313000.pcd
Cat1,20mph,lr,opposite,8,1624830005.334132000,ns1,/media/batool/MULTIMODAL_DATA/Multimodal_Data/Cat1/opposite/bag_files/Cat1_20mph_lr_opposite_8/lidar_pcd/ns1/velodyne_points/1624830005.334132000.pcd
Cat1,20mph,lr,opposite,8,1624830005.435007000,ns1,/media/batool/MULTIMODAL_DATA/Multimodal_Data/Cat1/opposite/bag_files/Cat1_20mph_lr_opposite_8/lidar_pcd/ns1/velodyne_points/1624830005.435007000.pcd
Cat1,20mph,lr,opposite,8,1624830005.535847000,ns1,/media/batool/MULTIMODAL_DATA/Multimodal_Data/Cat1/opposite/bag_files/Cat1_20mph_lr_opposite_8/lidar_pcd/ns1/velodyne_points/1624830005.535847000.pcd
Cat1,20mph,lr,opposite,8,1624830005.636746000,ns1,/media/batool/MULTIMODAL_DATA/Multimodal_Data/Cat1/opposite/bag_files/Cat1_20mph_lr_opposite_8/lidar_pcd/ns1/velodyne_points/1624830005.636746000.pcd
Cat1,20mph,lr,opposite,8,1624830005.737582000,ns1,/media/batool/MULTIMODAL_DATA/Multimodal_Data/Cat1/opposite/bag_files/Cat1_20mph_lr_opposite_8/lidar_pcd/ns1/velodyne_points/1624830005.737582000.pcd
Cat1,20mph,lr,opposite,8,1624830005.838467000,ns1,/media/batool/MULTIMODAL_DATA/Multimodal_Data/Cat1/opposite/bag_files/Cat1_20mph_lr_opposite_8/lidar_pcd/ns1/velodyne_points/1624830005.838467000.pcd
Cat1,20mph,lr,opposite,8,1624830005.939322000,ns1,/media/batool/MULTIMODAL_DATA/Multimodal_Data/Cat1/opposite/bag_files/Cat1_20mph_lr_opposite_8/lidar_pcd/ns1/velodyne_points/1624830005.939322000.pcd
Cat1,20mph,lr,opposite,8,1624830006.040174000,ns1,/media/batool/MULTIMODAL_DATA/Multimodal_Data/Cat1/opposite/bag_files/Cat1_20mph_lr_opposite_8/lidar_pcd/ns1/velodyne_points/1624830006.040174000.pcd
Cat1,20mph,lr,opposite,8,1624830006.141021000,ns1,/media/batool/MULTIMODAL_DATA/Multimodal_Data/Cat1/opposite/bag_files/Cat1_20mph_lr_opposite_8/lidar_pcd/ns1/velodyne_points/1624830006.141021000.pcd
Cat1,20mph,lr,opposite,8,1624830006.241861000,ns1,/media/batool/MULTIMODAL_DATA/Multimodal_Data/Cat1/opposite/bag_files/Cat1_20mph_lr_opposite_8/lidar_pcd/ns1/velodyne_points/1624830006.241861000.pcd
Cat1,20mph,lr,opposite,8,1624830006.342769000,ns1,/media/batool/MULTIMODAL_DATA/Multimodal_Data/Cat1/opposite/bag_files/Cat1_20mph_lr_opposite_8/lidar_pcd/ns1/velodyne_points/1624830006.342769000.pcd
Cat1,20mph,lr,opposite,8,1624830006.443560000,ns1,/media/batool/MULTIMODAL_DATA/Multimodal_Data/Cat1/opposite/bag_files/Cat1_20mph_lr_opposite_8/lidar_pcd/ns1/velodyne_points/1624830006.443560000.pcd
Cat1,20mph,lr,opposite,8,1624830006.645270000,ns1,/media/batool/MULTIMODAL_DATA/Multimodal_Data/Cat1/opposite/bag_files/Cat1_20mph_lr_opposite_8/lidar_pcd/ns1/velodyne_points/1624830006.645270000.pcd
Cat1,20mph,lr,opposite,8,1624830006.746172000,ns1,/media/batool/MULTIMODAL_DATA/Multimodal_Data/Cat1/opposite/bag_files/Cat1_20mph_lr_opposite_8/lidar_pcd/ns1/velodyne_points/1624830006.746172000.pcd
Cat1,20mph,lr,opposite,8,1624830006.847027000,ns1,/media/batool/MULTIMODAL_DATA/Multimodal_Data/Cat1/opposite/bag_files/Cat1_20mph_lr_opposite_8/lidar_pcd/ns1/velodyne_points/1624830006.847027000.pcd
Cat1,20mph,lr,opposite,8,1624830006.947853000,ns1,/media/batool/MULTIMODAL_DATA/Multimodal_Data/Cat1/opposite/bag_files/Cat1_20mph_lr_opposite_8/lidar_pcd/ns1/velodyne_points/1624830006.947853000.pcd
Cat1,20mph,lr,opposite,8,1624830007.048721000,ns1,/media/batool/MULTIMODAL_DATA/Multimodal_Data/Cat1/opposite/bag_files/Cat1_20mph_lr_opposite_8/lidar_pcd/ns1/velodyne_points/1624830007.048721000.pcd
Cat1,20mph,lr,opposite,8,1624830007.149578000,ns1,/media/batool/MULTIMODAL_DATA/Multimodal_Data/Cat1/opposite/bag_files/Cat1_20mph_lr_opposite_8/lidar_pcd/ns1/velodyne_points/1624830007.149578000.pcd
Cat1,20mph,lr,opposite,8,1624830007.250438000,ns1,/media/batool/MULTIMODAL_DATA/Multimodal_Data/Cat1/opposite/bag_files/Cat1_20mph_lr_opposite_8/lidar_pcd/ns1/velodyne_points/1624830007.250438000.pcd
Cat1,20mph,lr,opposite,8,1624830007.351315000,ns1,/media/batool/MULTIMODAL_DATA/Multimodal_Data/Cat1/opposite/bag_files/Cat1_20mph_lr_opposite_8/lidar_pcd/ns1/velodyne_points/1624830007.351315000.pcd
Cat1,20mph,lr,opposite,8,1624830007.452183000,ns1,/media/batool/MULTIMODAL_DATA/Multimodal_Data/Cat1/opposite/bag_files/Cat1_20mph_lr_opposite_8/lidar_pcd/ns1/velodyne_points/1624830007.452183000.pcd
Cat1,20mph,lr,opposite,8,1624830007.553030000,ns1,/media/batool/MULTIMODAL_DATA/Multimodal_Data/Cat1/opposite/bag_files/Cat1_20mph_lr_opposite_8/lidar_pcd/ns1/velodyne_points/1624830007.553030000.pcd
Cat1,20mph,lr,opposite,8,1624830007.653835000,ns1,/media/batool/MULTIMODAL_DATA/Multimodal_Data/Cat1/opposite/bag_files/Cat1_20mph_lr_opposite_8/lidar_pcd/ns1/velodyne_points/1624830007.653835000.pcd
Cat1,20mph,lr,opposite,8,1624830007.754686000,ns1,/media/batool/MULTIMODAL_DATA/Multimodal_Data/Cat1/opposite/bag_files/Cat1_20mph_lr_opposite_8/lidar_pcd/ns1/velodyne_points/1624830007.754686000.pcd
Cat1,20mph,lr,opposite,8,1624830007.855549000,ns1,/media/batool/MULTIMODAL_DATA/Multimodal_Data/Cat1/opposite/bag_files/Cat1_20mph_lr_opposite_8/lidar_pcd/ns1/velodyne_points/1624830007.855549000.pcd
Cat1,20mph,lr,opposite,8,1624830007.956450000,ns1,/media/batool/MULTIMODAL_DATA/Multimodal_Data/Cat1/opposite/bag_files/Cat1_20mph_lr_opposite_8/lidar_pcd/ns1/velodyne_points/1624830007.956450000.pcd
Cat1,20mph,lr,opposite,8,1624830008.057264000,ns1,/media/batool/MULTIMODAL_DATA/Multimodal_Data/Cat1/opposite/bag_files/Cat1_20mph_lr_opposite_8/lidar_pcd/ns1/velodyne_points/1624830008.057264000.pcd
Cat1,20mph,lr,opposite,8,1624830008.158147000,ns1,/media/batool/MULTIMODAL_DATA/Multimodal_Data/Cat1/opposite/bag_files/Cat1_20mph_lr_opposite_8/lidar_pcd/ns1/velodyne_points/1624830008.158147000.pcd
Cat1,20mph,lr,opposite,8,1624830008.259029000,ns1,/media/batool/MULTIMODAL_DATA/Multimodal_Data/Cat1/opposite/bag_files/Cat1_20mph_lr_opposite_8/lidar_pcd/ns1/velodyne_points/1624830008.259029000.pcd
Cat1,20mph,lr,opposite,8,1624830008.359868000,ns1,/media/batool/MULTIMODAL_DATA/Multimodal_Data/Cat1/opposite/bag_files/Cat1_20mph_lr_opposite_8/lidar_pcd/ns1/velodyne_points/1624830008.359868000.pcd
Cat1,20mph,lr,opposite,8,1624830008.460726000,ns1,/media/batool/MULTIMODAL_DATA/Multimodal_Data/Cat1/opposite/bag_files/Cat1_20mph_lr_opposite_8/lidar_pcd/ns1/velodyne_points/1624830008.460726000.pcd
Cat1,20mph,lr,opposite,8,1624830008.561571000,ns1,/media/batool/MULTIMODAL_DATA/Multimodal_Data/Cat1/opposite/bag_files/Cat1_20mph_lr_opposite_8/lidar_pcd/ns1/velodyne_points/1624830008.561571000.pcd
Cat1,20mph,lr,opposite,8,1624830008.662450000,ns1,/media/batool/MULTIMODAL_DATA/Multimodal_Data/Cat1/opposite/bag_files/Cat1_20mph_lr_opposite_8/lidar_pcd/ns1/velodyne_points/1624830008.662450000.pcd
Cat1,20mph,lr,opposite,8,1624830008.763307000,ns1,/media/batool/MULTIMODAL_DATA/Multimodal_Data/Cat1/opposite/bag_files/Cat1_20mph_lr_opposite_8/lidar_pcd/ns1/velodyne_points/1624830008.763307000.pcd
Cat1,20mph,lr,opposite,8,1624830008.864137000,ns1,/media/batool/MULTIMODAL_DATA/Multimodal_Data/Cat1/opposite/bag_files/Cat1_20mph_lr_opposite_8/lidar_pcd/ns1/velodyne_points/1624830008.864137000.pcd
Cat1,20mph,lr,opposite,8,1624830008.965021000,ns1,/media/batool/MULTIMODAL_DATA/Multimodal_Data/Cat1/opposite/bag_files/Cat1_20mph_lr_opposite_8/lidar_pcd/ns1/velodyne_points/1624830008.965021000.pcd
Cat1,20mph,lr,opposite,8,1624830009.065845000,ns1,/media/batool/MULTIMODAL_DATA/Multimodal_Data/Cat1/opposite/bag_files/Cat1_20mph_lr_opposite_8/lidar_pcd/ns1/velodyne_points/1624830009.065845000.pcd
Cat1,20mph,lr,opposite,8,1624830009.166726000,ns1,/media/batool/MULTIMODAL_DATA/Multimodal_Data/Cat1/opposite/bag_files/Cat1_20mph_lr_opposite_8/lidar_pcd/ns1/velodyne_points/1624830009.166726000.pcd
Cat1,20mph,lr,opposite,8,1624830009.267619000,ns1,/media/batool/MULTIMODAL_DATA/Multimodal_Data/Cat1/opposite/bag_files/Cat1_20mph_lr_opposite_8/lidar_pcd/ns1/velodyne_points/1624830009.267619000.pcd
