Category,speed,direction,lane,episode,Time header,Image_path
Cat1,20mph,lr,opposite,1,1624829333.354108,/media/batool/MULTIMODAL_DATA/Multimodal_Data/Cat1/opposite/bag_files/Cat1_20mph_lr_opposite_1/camera_images/1624829333.354108.jpg
Cat1,20mph,lr,opposite,1,1624829333.3874414,/media/batool/MULTIMODAL_DATA/Multimodal_Data/Cat1/opposite/bag_files/Cat1_20mph_lr_opposite_1/camera_images/1624829333.3874414.jpg
Cat1,20mph,lr,opposite,1,1624829333.4207747,/media/batool/MULTIMODAL_DATA/Multimodal_Data/Cat1/opposite/bag_files/Cat1_20mph_lr_opposite_1/camera_images/1624829333.4207747.jpg
Cat1,20mph,lr,opposite,1,1624829333.454108,/media/batool/MULTIMODAL_DATA/Multimodal_Data/Cat1/opposite/bag_files/Cat1_20mph_lr_opposite_1/camera_images/1624829333.454108.jpg
Cat1,20mph,lr,opposite,1,1624829333.4874413,/media/batool/MULTIMODAL_DATA/Multimodal_Data/Cat1/opposite/bag_files/Cat1_20mph_lr_opposite_1/camera_images/1624829333.4874413.jpg
Cat1,20mph,lr,opposite,1,1624829333.5207746,/media/batool/MULTIMODAL_DATA/Multimodal_Data/Cat1/opposite/bag_files/Cat1_20mph_lr_opposite_1/camera_images/1624829333.5207746.jpg
Cat1,20mph,lr,opposite,1,1624829333.554108,/media/batool/MULTIMODAL_DATA/Multimodal_Data/Cat1/opposite/bag_files/Cat1_20mph_lr_opposite_1/camera_images/1624829333.554108.jpg
Cat1,20mph,lr,opposite,1,1624829333.5874412,/media/batool/MULTIMODAL_DATA/Multimodal_Data/Cat1/opposite/bag_files/Cat1_20mph_lr_opposite_1/camera_images/1624829333.5874412.jpg
Cat1,20mph,lr,opposite,1,1624829333.6207745,/media/batool/MULTIMODAL_DATA/Multimodal_Data/Cat1/opposite/bag_files/Cat1_20mph_lr_opposite_1/camera_images/1624829333.6207745.jpg
Cat1,20mph,lr,opposite,1,1624829333.6541078,/media/batool/MULTIMODAL_DATA/Multimodal_Data/Cat1/opposite/bag_files/Cat1_20mph_lr_opposite_1/camera_images/1624829333.6541078.jpg
Cat1,20mph,lr,opposite,1,1624829333.687441,/media/batool/MULTIMODAL_DATA/Multimodal_Data/Cat1/opposite/bag_files/Cat1_20mph_lr_opposite_1/camera_images/1624829333.687441.jpg
Cat1,20mph,lr,opposite,1,1624829333.7207744,/media/batool/MULTIMODAL_DATA/Multimodal_Data/Cat1/opposite/bag_files/Cat1_20mph_lr_opposite_1/camera_images/1624829333.7207744.jpg
Cat1,20mph,lr,opposite,1,1624829333.7541077,/media/batool/MULTIMODAL_DATA/Multimodal_Data/Cat1/opposite/bag_files/Cat1_20mph_lr_opposite_1/camera_images/1624829333.7541077.jpg
Cat1,20mph,lr,opposite,1,1624829333.787441,/media/batool/MULTIMODAL_DATA/Multimodal_Data/Cat1/opposite/bag_files/Cat1_20mph_lr_opposite_1/camera_images/1624829333.787441.jpg
Cat1,20mph,lr,opposite,1,1624829333.8207743,/media/batool/MULTIMODAL_DATA/Multimodal_Data/Cat1/opposite/bag_files/Cat1_20mph_lr_opposite_1/camera_images/1624829333.8207743.jpg
Cat1,20mph,lr,opposite,1,1624829333.887441,/media/batool/MULTIMODAL_DATA/Multimodal_Data/Cat1/opposite/bag_files/Cat1_20mph_lr_opposite_1/camera_images/1624829333.887441.jpg
Cat1,20mph,lr,opposite,1,1624829333.9207742,/media/batool/MULTIMODAL_DATA/Multimodal_Data/Cat1/opposite/bag_files/Cat1_20mph_lr_opposite_1/camera_images/1624829333.9207742.jpg
Cat1,20mph,lr,opposite,1,1624829333.9541075,/media/batool/MULTIMODAL_DATA/Multimodal_Data/Cat1/opposite/bag_files/Cat1_20mph_lr_opposite_1/camera_images/1624829333.9541075.jpg
Cat1,20mph,lr,opposite,1,1624829333.9874408,/media/batool/MULTIMODAL_DATA/Multimodal_Data/Cat1/opposite/bag_files/Cat1_20mph_lr_opposite_1/camera_images/1624829333.9874408.jpg
Cat1,20mph,lr,opposite,1,1624829334.0207741,/media/batool/MULTIMODAL_DATA/Multimodal_Data/Cat1/opposite/bag_files/Cat1_20mph_lr_opposite_1/camera_images/1624829334.0207741.jpg
Cat1,20mph,lr,opposite,1,1624829334.0541074,/media/batool/MULTIMODAL_DATA/Multimodal_Data/Cat1/opposite/bag_files/Cat1_20mph_lr_opposite_1/camera_images/1624829334.0541074.jpg
Cat1,20mph,lr,opposite,1,1624829334.0874407,/media/batool/MULTIMODAL_DATA/Multimodal_Data/Cat1/opposite/bag_files/Cat1_20mph_lr_opposite_1/camera_images/1624829334.0874407.jpg
Cat1,20mph,lr,opposite,1,1624829334.120774,/media/batool/MULTIMODAL_DATA/Multimodal_Data/Cat1/opposite/bag_files/Cat1_20mph_lr_opposite_1/camera_images/1624829334.120774.jpg
Cat1,20mph,lr,opposite,1,1624829334.1541073,/media/batool/MULTIMODAL_DATA/Multimodal_Data/Cat1/opposite/bag_files/Cat1_20mph_lr_opposite_1/camera_images/1624829334.1541073.jpg
Cat1,20mph,lr,opposite,1,1624829334.1874406,/media/batool/MULTIMODAL_DATA/Multimodal_Data/Cat1/opposite/bag_files/Cat1_20mph_lr_opposite_1/camera_images/1624829334.1874406.jpg
Cat1,20mph,lr,opposite,1,1624829334.220774,/media/batool/MULTIMODAL_DATA/Multimodal_Data/Cat1/opposite/bag_files/Cat1_20mph_lr_opposite_1/camera_images/1624829334.220774.jpg
Cat1,20mph,lr,opposite,1,1624829334.2541072,/media/batool/MULTIMODAL_DATA/Multimodal_Data/Cat1/opposite/bag_files/Cat1_20mph_lr_opposite_1/camera_images/1624829334.2541072.jpg
Cat1,20mph,lr,opposite,1,1624829334.2874405,/media/batool/MULTIMODAL_DATA/Multimodal_Data/Cat1/opposite/bag_files/Cat1_20mph_lr_opposite_1/camera_images/1624829334.2874405.jpg
Cat1,20mph,lr,opposite,1,1624829334.3207738,/media/batool/MULTIMODAL_DATA/Multimodal_Data/Cat1/opposite/bag_files/Cat1_20mph_lr_opposite_1/camera_images/1624829334.3207738.jpg
Cat1,20mph,lr,opposite,1,1624829334.3541071,/media/batool/MULTIMODAL_DATA/Multimodal_Data/Cat1/opposite/bag_files/Cat1_20mph_lr_opposite_1/camera_images/1624829334.3541071.jpg
Cat1,20mph,lr,opposite,1,1624829334.4207737,/media/batool/MULTIMODAL_DATA/Multimodal_Data/Cat1/opposite/bag_files/Cat1_20mph_lr_opposite_1/camera_images/1624829334.4207737.jpg
Cat1,20mph,lr,opposite,1,1624829334.454107,/media/batool/MULTIMODAL_DATA/Multimodal_Data/Cat1/opposite/bag_files/Cat1_20mph_lr_opposite_1/camera_images/1624829334.454107.jpg
Cat1,20mph,lr,opposite,1,1624829334.4874403,/media/batool/MULTIMODAL_DATA/Multimodal_Data/Cat1/opposite/bag_files/Cat1_20mph_lr_opposite_1/camera_images/1624829334.4874403.jpg
Cat1,20mph,lr,opposite,1,1624829334.5207736,/media/batool/MULTIMODAL_DATA/Multimodal_Data/Cat1/opposite/bag_files/Cat1_20mph_lr_opposite_1/camera_images/1624829334.5207736.jpg
Cat1,20mph,lr,opposite,1,1624829334.554107,/media/batool/MULTIMODAL_DATA/Multimodal_Data/Cat1/opposite/bag_files/Cat1_20mph_lr_opposite_1/camera_images/1624829334.554107.jpg
Cat1,20mph,lr,opposite,1,1624829334.5874403,/media/batool/MULTIMODAL_DATA/Multimodal_Data/Cat1/opposite/bag_files/Cat1_20mph_lr_opposite_1/camera_images/1624829334.5874403.jpg
Cat1,20mph,lr,opposite,1,1624829334.6207736,/media/batool/MULTIMODAL_DATA/Multimodal_Data/Cat1/opposite/bag_files/Cat1_20mph_lr_opposite_1/camera_images/1624829334.6207736.jpg
Cat1,20mph,lr,opposite,1,1624829334.6541069,/media/batool/MULTIMODAL_DATA/Multimodal_Data/Cat1/opposite/bag_files/Cat1_20mph_lr_opposite_1/camera_images/1624829334.6541069.jpg
Cat1,20mph,lr,opposite,1,1624829334.6874402,/media/batool/MULTIMODAL_DATA/Multimodal_Data/Cat1/opposite/bag_files/Cat1_20mph_lr_opposite_1/camera_images/1624829334.6874402.jpg
Cat1,20mph,lr,opposite,1,1624829334.7207735,/media/batool/MULTIMODAL_DATA/Multimodal_Data/Cat1/opposite/bag_files/Cat1_20mph_lr_opposite_1/camera_images/1624829334.7207735.jpg
Cat1,20mph,lr,opposite,1,1624829334.7541068,/media/batool/MULTIMODAL_DATA/Multimodal_Data/Cat1/opposite/bag_files/Cat1_20mph_lr_opposite_1/camera_images/1624829334.7541068.jpg
Cat1,20mph,lr,opposite,1,1624829334.78744,/media/batool/MULTIMODAL_DATA/Multimodal_Data/Cat1/opposite/bag_files/Cat1_20mph_lr_opposite_1/camera_images/1624829334.78744.jpg
Cat1,20mph,lr,opposite,1,1624829334.8207734,/media/batool/MULTIMODAL_DATA/Multimodal_Data/Cat1/opposite/bag_files/Cat1_20mph_lr_opposite_1/camera_images/1624829334.8207734.jpg
Cat1,20mph,lr,opposite,1,1624829334.8541067,/media/batool/MULTIMODAL_DATA/Multimodal_Data/Cat1/opposite/bag_files/Cat1_20mph_lr_opposite_1/camera_images/1624829334.8541067.jpg
Cat1,20mph,lr,opposite,1,1624829334.88744,/media/batool/MULTIMODAL_DATA/Multimodal_Data/Cat1/opposite/bag_files/Cat1_20mph_lr_opposite_1/camera_images/1624829334.88744.jpg
Cat1,20mph,lr,opposite,1,1624829334.9541066,/media/batool/MULTIMODAL_DATA/Multimodal_Data/Cat1/opposite/bag_files/Cat1_20mph_lr_opposite_1/camera_images/1624829334.9541066.jpg
Cat1,20mph,lr,opposite,1,1624829334.9874399,/media/batool/MULTIMODAL_DATA/Multimodal_Data/Cat1/opposite/bag_files/Cat1_20mph_lr_opposite_1/camera_images/1624829334.9874399.jpg
Cat1,20mph,lr,opposite,1,1624829335.0207732,/media/batool/MULTIMODAL_DATA/Multimodal_Data/Cat1/opposite/bag_files/Cat1_20mph_lr_opposite_1/camera_images/1624829335.0207732.jpg
Cat1,20mph,lr,opposite,1,1624829335.0541065,/media/batool/MULTIMODAL_DATA/Multimodal_Data/Cat1/opposite/bag_files/Cat1_20mph_lr_opposite_1/camera_images/1624829335.0541065.jpg
Cat1,20mph,lr,opposite,1,1624829335.0874398,/media/batool/MULTIMODAL_DATA/Multimodal_Data/Cat1/opposite/bag_files/Cat1_20mph_lr_opposite_1/camera_images/1624829335.0874398.jpg
Cat1,20mph,lr,opposite,1,1624829335.120773,/media/batool/MULTIMODAL_DATA/Multimodal_Data/Cat1/opposite/bag_files/Cat1_20mph_lr_opposite_1/camera_images/1624829335.120773.jpg
Cat1,20mph,lr,opposite,1,1624829335.1541064,/media/batool/MULTIMODAL_DATA/Multimodal_Data/Cat1/opposite/bag_files/Cat1_20mph_lr_opposite_1/camera_images/1624829335.1541064.jpg
Cat1,20mph,lr,opposite,1,1624829335.1874397,/media/batool/MULTIMODAL_DATA/Multimodal_Data/Cat1/opposite/bag_files/Cat1_20mph_lr_opposite_1/camera_images/1624829335.1874397.jpg
Cat1,20mph,lr,opposite,1,1624829335.220773,/media/batool/MULTIMODAL_DATA/Multimodal_Data/Cat1/opposite/bag_files/Cat1_20mph_lr_opposite_1/camera_images/1624829335.220773.jpg
Cat1,20mph,lr,opposite,1,1624829335.2541063,/media/batool/MULTIMODAL_DATA/Multimodal_Data/Cat1/opposite/bag_files/Cat1_20mph_lr_opposite_1/camera_images/1624829335.2541063.jpg
Cat1,20mph,lr,opposite,1,1624829335.2874396,/media/batool/MULTIMODAL_DATA/Multimodal_Data/Cat1/opposite/bag_files/Cat1_20mph_lr_opposite_1/camera_images/1624829335.2874396.jpg
Cat1,20mph,lr,opposite,1,1624829335.320773,/media/batool/MULTIMODAL_DATA/Multimodal_Data/Cat1/opposite/bag_files/Cat1_20mph_lr_opposite_1/camera_images/1624829335.320773.jpg
Cat1,20mph,lr,opposite,1,1624829335.3541062,/media/batool/MULTIMODAL_DATA/Multimodal_Data/Cat1/opposite/bag_files/Cat1_20mph_lr_opposite_1/camera_images/1624829335.3541062.jpg
Cat1,20mph,lr,opposite,1,1624829335.3874395,/media/batool/MULTIMODAL_DATA/Multimodal_Data/Cat1/opposite/bag_files/Cat1_20mph_lr_opposite_1/camera_images/1624829335.3874395.jpg
Cat1,20mph,lr,opposite,1,1624829335.4207728,/media/batool/MULTIMODAL_DATA/Multimodal_Data/Cat1/opposite/bag_files/Cat1_20mph_lr_opposite_1/camera_images/1624829335.4207728.jpg
Cat1,20mph,lr,opposite,1,1624829333.8541076,/media/batool/MULTIMODAL_DATA/Multimodal_Data/Cat1/opposite/bag_files/Cat1_20mph_lr_opposite_1/camera_images/1624829333.8541076.jpg
Cat1,20mph,lr,opposite,1,1624829334.3874404,/media/batool/MULTIMODAL_DATA/Multimodal_Data/Cat1/opposite/bag_files/Cat1_20mph_lr_opposite_1/camera_images/1624829334.3874404.jpg
Cat1,20mph,lr,opposite,1,1624829334.9207733,/media/batool/MULTIMODAL_DATA/Multimodal_Data/Cat1/opposite/bag_files/Cat1_20mph_lr_opposite_1/camera_images/1624829334.9207733.jpg
Cat1,20mph,lr,opposite,1,1624829335.454106,/media/batool/MULTIMODAL_DATA/Multimodal_Data/Cat1/opposite/bag_files/Cat1_20mph_lr_opposite_1/camera_images/1624829335.454106.jpg
Cat1,20mph,lr,opposite,1,1624829335.987439,/media/batool/MULTIMODAL_DATA/Multimodal_Data/Cat1/opposite/bag_files/Cat1_20mph_lr_opposite_1/camera_images/1624829335.987439.jpg
Cat1,20mph,lr,opposite,1,1624829336.5207717,/media/batool/MULTIMODAL_DATA/Multimodal_Data/Cat1/opposite/bag_files/Cat1_20mph_lr_opposite_1/camera_images/1624829336.5207717.jpg
Cat1,20mph,lr,opposite,1,1624829337.0541046,/media/batool/MULTIMODAL_DATA/Multimodal_Data/Cat1/opposite/bag_files/Cat1_20mph_lr_opposite_1/camera_images/1624829337.0541046.jpg
Cat1,20mph,lr,opposite,1,1624829337.5874374,/media/batool/MULTIMODAL_DATA/Multimodal_Data/Cat1/opposite/bag_files/Cat1_20mph_lr_opposite_1/camera_images/1624829337.5874374.jpg
Cat1,20mph,lr,opposite,1,1624829338.1207702,/media/batool/MULTIMODAL_DATA/Multimodal_Data/Cat1/opposite/bag_files/Cat1_20mph_lr_opposite_1/camera_images/1624829338.1207702.jpg
Cat1,20mph,lr,opposite,1,1624829338.654103,/media/batool/MULTIMODAL_DATA/Multimodal_Data/Cat1/opposite/bag_files/Cat1_20mph_lr_opposite_1/camera_images/1624829338.654103.jpg
Cat1,20mph,lr,opposite,1,1624829339.1874359,/media/batool/MULTIMODAL_DATA/Multimodal_Data/Cat1/opposite/bag_files/Cat1_20mph_lr_opposite_1/camera_images/1624829339.1874359.jpg
Cat1,20mph,lr,opposite,1,1624829339.7207687,/media/batool/MULTIMODAL_DATA/Multimodal_Data/Cat1/opposite/bag_files/Cat1_20mph_lr_opposite_1/camera_images/1624829339.7207687.jpg
Cat1,20mph,lr,opposite,1,1624829340.2541015,/media/batool/MULTIMODAL_DATA/Multimodal_Data/Cat1/opposite/bag_files/Cat1_20mph_lr_opposite_1/camera_images/1624829340.2541015.jpg
Cat1,20mph,lr,opposite,1,1624829340.7874343,/media/batool/MULTIMODAL_DATA/Multimodal_Data/Cat1/opposite/bag_files/Cat1_20mph_lr_opposite_1/camera_images/1624829340.7874343.jpg
Cat1,20mph,lr,opposite,1,1624829341.3207672,/media/batool/MULTIMODAL_DATA/Multimodal_Data/Cat1/opposite/bag_files/Cat1_20mph_lr_opposite_1/camera_images/1624829341.3207672.jpg
Cat1,20mph,lr,opposite,1,1624829341.8541,/media/batool/MULTIMODAL_DATA/Multimodal_Data/Cat1/opposite/bag_files/Cat1_20mph_lr_opposite_1/camera_images/1624829341.8541.jpg
Cat1,20mph,lr,opposite,1,1624829342.3874328,/media/batool/MULTIMODAL_DATA/Multimodal_Data/Cat1/opposite/bag_files/Cat1_20mph_lr_opposite_1/camera_images/1624829342.3874328.jpg
Cat1,20mph,lr,opposite,1,1624829342.9207656,/media/batool/MULTIMODAL_DATA/Multimodal_Data/Cat1/opposite/bag_files/Cat1_20mph_lr_opposite_1/camera_images/1624829342.9207656.jpg
Cat1,20mph,lr,opposite,1,1624829343.4540985,/media/batool/MULTIMODAL_DATA/Multimodal_Data/Cat1/opposite/bag_files/Cat1_20mph_lr_opposite_1/camera_images/1624829343.4540985.jpg
Cat1,20mph,lr,opposite,1,1624829343.9874313,/media/batool/MULTIMODAL_DATA/Multimodal_Data/Cat1/opposite/bag_files/Cat1_20mph_lr_opposite_1/camera_images/1624829343.9874313.jpg
Cat1,20mph,lr,opposite,1,1624829344.520764,/media/batool/MULTIMODAL_DATA/Multimodal_Data/Cat1/opposite/bag_files/Cat1_20mph_lr_opposite_1/camera_images/1624829344.520764.jpg
Cat1,20mph,lr,opposite,1,1624829345.054097,/media/batool/MULTIMODAL_DATA/Multimodal_Data/Cat1/opposite/bag_files/Cat1_20mph_lr_opposite_1/camera_images/1624829345.054097.jpg
Cat1,20mph,lr,opposite,1,1624829345.5874298,/media/batool/MULTIMODAL_DATA/Multimodal_Data/Cat1/opposite/bag_files/Cat1_20mph_lr_opposite_1/camera_images/1624829345.5874298.jpg
Cat1,20mph,lr,opposite,1,1624829346.1207626,/media/batool/MULTIMODAL_DATA/Multimodal_Data/Cat1/opposite/bag_files/Cat1_20mph_lr_opposite_1/camera_images/1624829346.1207626.jpg
Cat1,20mph,lr,opposite,1,1624829346.6540954,/media/batool/MULTIMODAL_DATA/Multimodal_Data/Cat1/opposite/bag_files/Cat1_20mph_lr_opposite_1/camera_images/1624829346.6540954.jpg
Cat1,20mph,lr,opposite,1,1624829347.1874282,/media/batool/MULTIMODAL_DATA/Multimodal_Data/Cat1/opposite/bag_files/Cat1_20mph_lr_opposite_1/camera_images/1624829347.1874282.jpg
Cat1,20mph,lr,opposite,1,1624829347.720761,/media/batool/MULTIMODAL_DATA/Multimodal_Data/Cat1/opposite/bag_files/Cat1_20mph_lr_opposite_1/camera_images/1624829347.720761.jpg
Cat1,20mph,lr,opposite,1,1624829335.4874394,/media/batool/MULTIMODAL_DATA/Multimodal_Data/Cat1/opposite/bag_files/Cat1_20mph_lr_opposite_1/camera_images/1624829335.4874394.jpg
Cat1,20mph,lr,opposite,1,1624829335.5207727,/media/batool/MULTIMODAL_DATA/Multimodal_Data/Cat1/opposite/bag_files/Cat1_20mph_lr_opposite_1/camera_images/1624829335.5207727.jpg
Cat1,20mph,lr,opposite,1,1624829335.554106,/media/batool/MULTIMODAL_DATA/Multimodal_Data/Cat1/opposite/bag_files/Cat1_20mph_lr_opposite_1/camera_images/1624829335.554106.jpg
Cat1,20mph,lr,opposite,1,1624829335.5874393,/media/batool/MULTIMODAL_DATA/Multimodal_Data/Cat1/opposite/bag_files/Cat1_20mph_lr_opposite_1/camera_images/1624829335.5874393.jpg
Cat1,20mph,lr,opposite,1,1624829335.6207726,/media/batool/MULTIMODAL_DATA/Multimodal_Data/Cat1/opposite/bag_files/Cat1_20mph_lr_opposite_1/camera_images/1624829335.6207726.jpg
Cat1,20mph,lr,opposite,1,1624829335.654106,/media/batool/MULTIMODAL_DATA/Multimodal_Data/Cat1/opposite/bag_files/Cat1_20mph_lr_opposite_1/camera_images/1624829335.654106.jpg
Cat1,20mph,lr,opposite,1,1624829335.6874392,/media/batool/MULTIMODAL_DATA/Multimodal_Data/Cat1/opposite/bag_files/Cat1_20mph_lr_opposite_1/camera_images/1624829335.6874392.jpg
Cat1,20mph,lr,opposite,1,1624829335.7207725,/media/batool/MULTIMODAL_DATA/Multimodal_Data/Cat1/opposite/bag_files/Cat1_20mph_lr_opposite_1/camera_images/1624829335.7207725.jpg
Cat1,20mph,lr,opposite,1,1624829335.7541058,/media/batool/MULTIMODAL_DATA/Multimodal_Data/Cat1/opposite/bag_files/Cat1_20mph_lr_opposite_1/camera_images/1624829335.7541058.jpg
Cat1,20mph,lr,opposite,1,1624829335.787439,/media/batool/MULTIMODAL_DATA/Multimodal_Data/Cat1/opposite/bag_files/Cat1_20mph_lr_opposite_1/camera_images/1624829335.787439.jpg
Cat1,20mph,lr,opposite,1,1624829335.8207724,/media/batool/MULTIMODAL_DATA/Multimodal_Data/Cat1/opposite/bag_files/Cat1_20mph_lr_opposite_1/camera_images/1624829335.8207724.jpg
Cat1,20mph,lr,opposite,1,1624829335.8541057,/media/batool/MULTIMODAL_DATA/Multimodal_Data/Cat1/opposite/bag_files/Cat1_20mph_lr_opposite_1/camera_images/1624829335.8541057.jpg
Cat1,20mph,lr,opposite,1,1624829335.887439,/media/batool/MULTIMODAL_DATA/Multimodal_Data/Cat1/opposite/bag_files/Cat1_20mph_lr_opposite_1/camera_images/1624829335.887439.jpg
Cat1,20mph,lr,opposite,1,1624829335.9207723,/media/batool/MULTIMODAL_DATA/Multimodal_Data/Cat1/opposite/bag_files/Cat1_20mph_lr_opposite_1/camera_images/1624829335.9207723.jpg
Cat1,20mph,lr,opposite,1,1624829335.9541056,/media/batool/MULTIMODAL_DATA/Multimodal_Data/Cat1/opposite/bag_files/Cat1_20mph_lr_opposite_1/camera_images/1624829335.9541056.jpg
Cat1,20mph,lr,opposite,1,1624829336.0207722,/media/batool/MULTIMODAL_DATA/Multimodal_Data/Cat1/opposite/bag_files/Cat1_20mph_lr_opposite_1/camera_images/1624829336.0207722.jpg
Cat1,20mph,lr,opposite,1,1624829336.0541055,/media/batool/MULTIMODAL_DATA/Multimodal_Data/Cat1/opposite/bag_files/Cat1_20mph_lr_opposite_1/camera_images/1624829336.0541055.jpg
Cat1,20mph,lr,opposite,1,1624829336.0874388,/media/batool/MULTIMODAL_DATA/Multimodal_Data/Cat1/opposite/bag_files/Cat1_20mph_lr_opposite_1/camera_images/1624829336.0874388.jpg
Cat1,20mph,lr,opposite,1,1624829336.1207721,/media/batool/MULTIMODAL_DATA/Multimodal_Data/Cat1/opposite/bag_files/Cat1_20mph_lr_opposite_1/camera_images/1624829336.1207721.jpg
Cat1,20mph,lr,opposite,1,1624829336.1541054,/media/batool/MULTIMODAL_DATA/Multimodal_Data/Cat1/opposite/bag_files/Cat1_20mph_lr_opposite_1/camera_images/1624829336.1541054.jpg
Cat1,20mph,lr,opposite,1,1624829336.1874387,/media/batool/MULTIMODAL_DATA/Multimodal_Data/Cat1/opposite/bag_files/Cat1_20mph_lr_opposite_1/camera_images/1624829336.1874387.jpg
Cat1,20mph,lr,opposite,1,1624829336.220772,/media/batool/MULTIMODAL_DATA/Multimodal_Data/Cat1/opposite/bag_files/Cat1_20mph_lr_opposite_1/camera_images/1624829336.220772.jpg
Cat1,20mph,lr,opposite,1,1624829336.2541053,/media/batool/MULTIMODAL_DATA/Multimodal_Data/Cat1/opposite/bag_files/Cat1_20mph_lr_opposite_1/camera_images/1624829336.2541053.jpg
Cat1,20mph,lr,opposite,1,1624829336.2874386,/media/batool/MULTIMODAL_DATA/Multimodal_Data/Cat1/opposite/bag_files/Cat1_20mph_lr_opposite_1/camera_images/1624829336.2874386.jpg
Cat1,20mph,lr,opposite,1,1624829336.320772,/media/batool/MULTIMODAL_DATA/Multimodal_Data/Cat1/opposite/bag_files/Cat1_20mph_lr_opposite_1/camera_images/1624829336.320772.jpg
Cat1,20mph,lr,opposite,1,1624829336.3541052,/media/batool/MULTIMODAL_DATA/Multimodal_Data/Cat1/opposite/bag_files/Cat1_20mph_lr_opposite_1/camera_images/1624829336.3541052.jpg
Cat1,20mph,lr,opposite,1,1624829336.3874385,/media/batool/MULTIMODAL_DATA/Multimodal_Data/Cat1/opposite/bag_files/Cat1_20mph_lr_opposite_1/camera_images/1624829336.3874385.jpg
Cat1,20mph,lr,opposite,1,1624829336.4207718,/media/batool/MULTIMODAL_DATA/Multimodal_Data/Cat1/opposite/bag_files/Cat1_20mph_lr_opposite_1/camera_images/1624829336.4207718.jpg
Cat1,20mph,lr,opposite,1,1624829336.4541051,/media/batool/MULTIMODAL_DATA/Multimodal_Data/Cat1/opposite/bag_files/Cat1_20mph_lr_opposite_1/camera_images/1624829336.4541051.jpg
Cat1,20mph,lr,opposite,1,1624829336.4874384,/media/batool/MULTIMODAL_DATA/Multimodal_Data/Cat1/opposite/bag_files/Cat1_20mph_lr_opposite_1/camera_images/1624829336.4874384.jpg
Cat1,20mph,lr,opposite,1,1624829336.554105,/media/batool/MULTIMODAL_DATA/Multimodal_Data/Cat1/opposite/bag_files/Cat1_20mph_lr_opposite_1/camera_images/1624829336.554105.jpg
Cat1,20mph,lr,opposite,1,1624829336.5874383,/media/batool/MULTIMODAL_DATA/Multimodal_Data/Cat1/opposite/bag_files/Cat1_20mph_lr_opposite_1/camera_images/1624829336.5874383.jpg
Cat1,20mph,lr,opposite,1,1624829336.6207716,/media/batool/MULTIMODAL_DATA/Multimodal_Data/Cat1/opposite/bag_files/Cat1_20mph_lr_opposite_1/camera_images/1624829336.6207716.jpg
Cat1,20mph,lr,opposite,1,1624829336.654105,/media/batool/MULTIMODAL_DATA/Multimodal_Data/Cat1/opposite/bag_files/Cat1_20mph_lr_opposite_1/camera_images/1624829336.654105.jpg
Cat1,20mph,lr,opposite,1,1624829336.6874382,/media/batool/MULTIMODAL_DATA/Multimodal_Data/Cat1/opposite/bag_files/Cat1_20mph_lr_opposite_1/camera_images/1624829336.6874382.jpg
Cat1,20mph,lr,opposite,1,1624829336.7207716,/media/batool/MULTIMODAL_DATA/Multimodal_Data/Cat1/opposite/bag_files/Cat1_20mph_lr_opposite_1/camera_images/1624829336.7207716.jpg
Cat1,20mph,lr,opposite,1,1624829336.7541049,/media/batool/MULTIMODAL_DATA/Multimodal_Data/Cat1/opposite/bag_files/Cat1_20mph_lr_opposite_1/camera_images/1624829336.7541049.jpg
Cat1,20mph,lr,opposite,1,1624829336.7874382,/media/batool/MULTIMODAL_DATA/Multimodal_Data/Cat1/opposite/bag_files/Cat1_20mph_lr_opposite_1/camera_images/1624829336.7874382.jpg
Cat1,20mph,lr,opposite,1,1624829336.8207715,/media/batool/MULTIMODAL_DATA/Multimodal_Data/Cat1/opposite/bag_files/Cat1_20mph_lr_opposite_1/camera_images/1624829336.8207715.jpg
Cat1,20mph,lr,opposite,1,1624829336.8541048,/media/batool/MULTIMODAL_DATA/Multimodal_Data/Cat1/opposite/bag_files/Cat1_20mph_lr_opposite_1/camera_images/1624829336.8541048.jpg
Cat1,20mph,lr,opposite,1,1624829336.887438,/media/batool/MULTIMODAL_DATA/Multimodal_Data/Cat1/opposite/bag_files/Cat1_20mph_lr_opposite_1/camera_images/1624829336.887438.jpg
Cat1,20mph,lr,opposite,1,1624829336.9207714,/media/batool/MULTIMODAL_DATA/Multimodal_Data/Cat1/opposite/bag_files/Cat1_20mph_lr_opposite_1/camera_images/1624829336.9207714.jpg
Cat1,20mph,lr,opposite,1,1624829336.9541047,/media/batool/MULTIMODAL_DATA/Multimodal_Data/Cat1/opposite/bag_files/Cat1_20mph_lr_opposite_1/camera_images/1624829336.9541047.jpg
Cat1,20mph,lr,opposite,1,1624829336.987438,/media/batool/MULTIMODAL_DATA/Multimodal_Data/Cat1/opposite/bag_files/Cat1_20mph_lr_opposite_1/camera_images/1624829336.987438.jpg
Cat1,20mph,lr,opposite,1,1624829337.0207713,/media/batool/MULTIMODAL_DATA/Multimodal_Data/Cat1/opposite/bag_files/Cat1_20mph_lr_opposite_1/camera_images/1624829337.0207713.jpg
Cat1,20mph,lr,opposite,1,1624829337.0874379,/media/batool/MULTIMODAL_DATA/Multimodal_Data/Cat1/opposite/bag_files/Cat1_20mph_lr_opposite_1/camera_images/1624829337.0874379.jpg
Cat1,20mph,lr,opposite,1,1624829337.1207712,/media/batool/MULTIMODAL_DATA/Multimodal_Data/Cat1/opposite/bag_files/Cat1_20mph_lr_opposite_1/camera_images/1624829337.1207712.jpg
Cat1,20mph,lr,opposite,1,1624829337.1541045,/media/batool/MULTIMODAL_DATA/Multimodal_Data/Cat1/opposite/bag_files/Cat1_20mph_lr_opposite_1/camera_images/1624829337.1541045.jpg
Cat1,20mph,lr,opposite,1,1624829337.1874378,/media/batool/MULTIMODAL_DATA/Multimodal_Data/Cat1/opposite/bag_files/Cat1_20mph_lr_opposite_1/camera_images/1624829337.1874378.jpg
Cat1,20mph,lr,opposite,1,1624829337.220771,/media/batool/MULTIMODAL_DATA/Multimodal_Data/Cat1/opposite/bag_files/Cat1_20mph_lr_opposite_1/camera_images/1624829337.220771.jpg
Cat1,20mph,lr,opposite,1,1624829337.2541044,/media/batool/MULTIMODAL_DATA/Multimodal_Data/Cat1/opposite/bag_files/Cat1_20mph_lr_opposite_1/camera_images/1624829337.2541044.jpg
Cat1,20mph,lr,opposite,1,1624829337.2874377,/media/batool/MULTIMODAL_DATA/Multimodal_Data/Cat1/opposite/bag_files/Cat1_20mph_lr_opposite_1/camera_images/1624829337.2874377.jpg
Cat1,20mph,lr,opposite,1,1624829337.320771,/media/batool/MULTIMODAL_DATA/Multimodal_Data/Cat1/opposite/bag_files/Cat1_20mph_lr_opposite_1/camera_images/1624829337.320771.jpg
Cat1,20mph,lr,opposite,1,1624829337.3541043,/media/batool/MULTIMODAL_DATA/Multimodal_Data/Cat1/opposite/bag_files/Cat1_20mph_lr_opposite_1/camera_images/1624829337.3541043.jpg
Cat1,20mph,lr,opposite,1,1624829337.3874376,/media/batool/MULTIMODAL_DATA/Multimodal_Data/Cat1/opposite/bag_files/Cat1_20mph_lr_opposite_1/camera_images/1624829337.3874376.jpg
Cat1,20mph,lr,opposite,1,1624829337.420771,/media/batool/MULTIMODAL_DATA/Multimodal_Data/Cat1/opposite/bag_files/Cat1_20mph_lr_opposite_1/camera_images/1624829337.420771.jpg
Cat1,20mph,lr,opposite,1,1624829337.4541042,/media/batool/MULTIMODAL_DATA/Multimodal_Data/Cat1/opposite/bag_files/Cat1_20mph_lr_opposite_1/camera_images/1624829337.4541042.jpg
Cat1,20mph,lr,opposite,1,1624829337.4874375,/media/batool/MULTIMODAL_DATA/Multimodal_Data/Cat1/opposite/bag_files/Cat1_20mph_lr_opposite_1/camera_images/1624829337.4874375.jpg
Cat1,20mph,lr,opposite,1,1624829337.5207708,/media/batool/MULTIMODAL_DATA/Multimodal_Data/Cat1/opposite/bag_files/Cat1_20mph_lr_opposite_1/camera_images/1624829337.5207708.jpg
Cat1,20mph,lr,opposite,1,1624829337.554104,/media/batool/MULTIMODAL_DATA/Multimodal_Data/Cat1/opposite/bag_files/Cat1_20mph_lr_opposite_1/camera_images/1624829337.554104.jpg
Cat1,20mph,lr,opposite,1,1624829337.6207707,/media/batool/MULTIMODAL_DATA/Multimodal_Data/Cat1/opposite/bag_files/Cat1_20mph_lr_opposite_1/camera_images/1624829337.6207707.jpg
Cat1,20mph,lr,opposite,1,1624829337.654104,/media/batool/MULTIMODAL_DATA/Multimodal_Data/Cat1/opposite/bag_files/Cat1_20mph_lr_opposite_1/camera_images/1624829337.654104.jpg
Cat1,20mph,lr,opposite,1,1624829337.6874373,/media/batool/MULTIMODAL_DATA/Multimodal_Data/Cat1/opposite/bag_files/Cat1_20mph_lr_opposite_1/camera_images/1624829337.6874373.jpg
Cat1,20mph,lr,opposite,1,1624829337.7207706,/media/batool/MULTIMODAL_DATA/Multimodal_Data/Cat1/opposite/bag_files/Cat1_20mph_lr_opposite_1/camera_images/1624829337.7207706.jpg
Cat1,20mph,lr,opposite,1,1624829337.754104,/media/batool/MULTIMODAL_DATA/Multimodal_Data/Cat1/opposite/bag_files/Cat1_20mph_lr_opposite_1/camera_images/1624829337.754104.jpg
Cat1,20mph,lr,opposite,1,1624829337.7874372,/media/batool/MULTIMODAL_DATA/Multimodal_Data/Cat1/opposite/bag_files/Cat1_20mph_lr_opposite_1/camera_images/1624829337.7874372.jpg
Cat1,20mph,lr,opposite,1,1624829337.8207705,/media/batool/MULTIMODAL_DATA/Multimodal_Data/Cat1/opposite/bag_files/Cat1_20mph_lr_opposite_1/camera_images/1624829337.8207705.jpg
Cat1,20mph,lr,opposite,1,1624829337.8541038,/media/batool/MULTIMODAL_DATA/Multimodal_Data/Cat1/opposite/bag_files/Cat1_20mph_lr_opposite_1/camera_images/1624829337.8541038.jpg
Cat1,20mph,lr,opposite,1,1624829337.887437,/media/batool/MULTIMODAL_DATA/Multimodal_Data/Cat1/opposite/bag_files/Cat1_20mph_lr_opposite_1/camera_images/1624829337.887437.jpg
Cat1,20mph,lr,opposite,1,1624829337.9207704,/media/batool/MULTIMODAL_DATA/Multimodal_Data/Cat1/opposite/bag_files/Cat1_20mph_lr_opposite_1/camera_images/1624829337.9207704.jpg
Cat1,20mph,lr,opposite,1,1624829337.9541037,/media/batool/MULTIMODAL_DATA/Multimodal_Data/Cat1/opposite/bag_files/Cat1_20mph_lr_opposite_1/camera_images/1624829337.9541037.jpg
Cat1,20mph,lr,opposite,1,1624829337.987437,/media/batool/MULTIMODAL_DATA/Multimodal_Data/Cat1/opposite/bag_files/Cat1_20mph_lr_opposite_1/camera_images/1624829337.987437.jpg
Cat1,20mph,lr,opposite,1,1624829338.0207703,/media/batool/MULTIMODAL_DATA/Multimodal_Data/Cat1/opposite/bag_files/Cat1_20mph_lr_opposite_1/camera_images/1624829338.0207703.jpg
Cat1,20mph,lr,opposite,1,1624829338.0541036,/media/batool/MULTIMODAL_DATA/Multimodal_Data/Cat1/opposite/bag_files/Cat1_20mph_lr_opposite_1/camera_images/1624829338.0541036.jpg
Cat1,20mph,lr,opposite,1,1624829338.087437,/media/batool/MULTIMODAL_DATA/Multimodal_Data/Cat1/opposite/bag_files/Cat1_20mph_lr_opposite_1/camera_images/1624829338.087437.jpg
Cat1,20mph,lr,opposite,1,1624829338.1541035,/media/batool/MULTIMODAL_DATA/Multimodal_Data/Cat1/opposite/bag_files/Cat1_20mph_lr_opposite_1/camera_images/1624829338.1541035.jpg
Cat1,20mph,lr,opposite,1,1624829338.1874368,/media/batool/MULTIMODAL_DATA/Multimodal_Data/Cat1/opposite/bag_files/Cat1_20mph_lr_opposite_1/camera_images/1624829338.1874368.jpg
Cat1,20mph,lr,opposite,1,1624829338.2207701,/media/batool/MULTIMODAL_DATA/Multimodal_Data/Cat1/opposite/bag_files/Cat1_20mph_lr_opposite_1/camera_images/1624829338.2207701.jpg
Cat1,20mph,lr,opposite,1,1624829338.2541034,/media/batool/MULTIMODAL_DATA/Multimodal_Data/Cat1/opposite/bag_files/Cat1_20mph_lr_opposite_1/camera_images/1624829338.2541034.jpg
Cat1,20mph,lr,opposite,1,1624829338.2874367,/media/batool/MULTIMODAL_DATA/Multimodal_Data/Cat1/opposite/bag_files/Cat1_20mph_lr_opposite_1/camera_images/1624829338.2874367.jpg
Cat1,20mph,lr,opposite,1,1624829338.32077,/media/batool/MULTIMODAL_DATA/Multimodal_Data/Cat1/opposite/bag_files/Cat1_20mph_lr_opposite_1/camera_images/1624829338.32077.jpg
Cat1,20mph,lr,opposite,1,1624829338.3541033,/media/batool/MULTIMODAL_DATA/Multimodal_Data/Cat1/opposite/bag_files/Cat1_20mph_lr_opposite_1/camera_images/1624829338.3541033.jpg
Cat1,20mph,lr,opposite,1,1624829338.3874366,/media/batool/MULTIMODAL_DATA/Multimodal_Data/Cat1/opposite/bag_files/Cat1_20mph_lr_opposite_1/camera_images/1624829338.3874366.jpg
Cat1,20mph,lr,opposite,1,1624829338.42077,/media/batool/MULTIMODAL_DATA/Multimodal_Data/Cat1/opposite/bag_files/Cat1_20mph_lr_opposite_1/camera_images/1624829338.42077.jpg
Cat1,20mph,lr,opposite,1,1624829338.4541032,/media/batool/MULTIMODAL_DATA/Multimodal_Data/Cat1/opposite/bag_files/Cat1_20mph_lr_opposite_1/camera_images/1624829338.4541032.jpg
Cat1,20mph,lr,opposite,1,1624829338.4874365,/media/batool/MULTIMODAL_DATA/Multimodal_Data/Cat1/opposite/bag_files/Cat1_20mph_lr_opposite_1/camera_images/1624829338.4874365.jpg
Cat1,20mph,lr,opposite,1,1624829338.5207698,/media/batool/MULTIMODAL_DATA/Multimodal_Data/Cat1/opposite/bag_files/Cat1_20mph_lr_opposite_1/camera_images/1624829338.5207698.jpg
Cat1,20mph,lr,opposite,1,1624829338.5541031,/media/batool/MULTIMODAL_DATA/Multimodal_Data/Cat1/opposite/bag_files/Cat1_20mph_lr_opposite_1/camera_images/1624829338.5541031.jpg
Cat1,20mph,lr,opposite,1,1624829338.5874364,/media/batool/MULTIMODAL_DATA/Multimodal_Data/Cat1/opposite/bag_files/Cat1_20mph_lr_opposite_1/camera_images/1624829338.5874364.jpg
Cat1,20mph,lr,opposite,1,1624829338.6207697,/media/batool/MULTIMODAL_DATA/Multimodal_Data/Cat1/opposite/bag_files/Cat1_20mph_lr_opposite_1/camera_images/1624829338.6207697.jpg
Cat1,20mph,lr,opposite,1,1624829338.6874363,/media/batool/MULTIMODAL_DATA/Multimodal_Data/Cat1/opposite/bag_files/Cat1_20mph_lr_opposite_1/camera_images/1624829338.6874363.jpg
Cat1,20mph,lr,opposite,1,1624829338.7207696,/media/batool/MULTIMODAL_DATA/Multimodal_Data/Cat1/opposite/bag_files/Cat1_20mph_lr_opposite_1/camera_images/1624829338.7207696.jpg
Cat1,20mph,lr,opposite,1,1624829338.754103,/media/batool/MULTIMODAL_DATA/Multimodal_Data/Cat1/opposite/bag_files/Cat1_20mph_lr_opposite_1/camera_images/1624829338.754103.jpg
Cat1,20mph,lr,opposite,1,1624829338.7874362,/media/batool/MULTIMODAL_DATA/Multimodal_Data/Cat1/opposite/bag_files/Cat1_20mph_lr_opposite_1/camera_images/1624829338.7874362.jpg
Cat1,20mph,lr,opposite,1,1624829338.8207695,/media/batool/MULTIMODAL_DATA/Multimodal_Data/Cat1/opposite/bag_files/Cat1_20mph_lr_opposite_1/camera_images/1624829338.8207695.jpg
Cat1,20mph,lr,opposite,1,1624829338.8541028,/media/batool/MULTIMODAL_DATA/Multimodal_Data/Cat1/opposite/bag_files/Cat1_20mph_lr_opposite_1/camera_images/1624829338.8541028.jpg
Cat1,20mph,lr,opposite,1,1624829338.8874362,/media/batool/MULTIMODAL_DATA/Multimodal_Data/Cat1/opposite/bag_files/Cat1_20mph_lr_opposite_1/camera_images/1624829338.8874362.jpg
Cat1,20mph,lr,opposite,1,1624829338.9207695,/media/batool/MULTIMODAL_DATA/Multimodal_Data/Cat1/opposite/bag_files/Cat1_20mph_lr_opposite_1/camera_images/1624829338.9207695.jpg
Cat1,20mph,lr,opposite,1,1624829338.9541028,/media/batool/MULTIMODAL_DATA/Multimodal_Data/Cat1/opposite/bag_files/Cat1_20mph_lr_opposite_1/camera_images/1624829338.9541028.jpg
Cat1,20mph,lr,opposite,1,1624829338.987436,/media/batool/MULTIMODAL_DATA/Multimodal_Data/Cat1/opposite/bag_files/Cat1_20mph_lr_opposite_1/camera_images/1624829338.987436.jpg
Cat1,20mph,lr,opposite,1,1624829339.0207694,/media/batool/MULTIMODAL_DATA/Multimodal_Data/Cat1/opposite/bag_files/Cat1_20mph_lr_opposite_1/camera_images/1624829339.0207694.jpg
Cat1,20mph,lr,opposite,1,1624829339.0541027,/media/batool/MULTIMODAL_DATA/Multimodal_Data/Cat1/opposite/bag_files/Cat1_20mph_lr_opposite_1/camera_images/1624829339.0541027.jpg
Cat1,20mph,lr,opposite,1,1624829339.087436,/media/batool/MULTIMODAL_DATA/Multimodal_Data/Cat1/opposite/bag_files/Cat1_20mph_lr_opposite_1/camera_images/1624829339.087436.jpg
Cat1,20mph,lr,opposite,1,1624829339.1207693,/media/batool/MULTIMODAL_DATA/Multimodal_Data/Cat1/opposite/bag_files/Cat1_20mph_lr_opposite_1/camera_images/1624829339.1207693.jpg
Cat1,20mph,lr,opposite,1,1624829339.1541026,/media/batool/MULTIMODAL_DATA/Multimodal_Data/Cat1/opposite/bag_files/Cat1_20mph_lr_opposite_1/camera_images/1624829339.1541026.jpg
Cat1,20mph,lr,opposite,1,1624829339.2207692,/media/batool/MULTIMODAL_DATA/Multimodal_Data/Cat1/opposite/bag_files/Cat1_20mph_lr_opposite_1/camera_images/1624829339.2207692.jpg
Cat1,20mph,lr,opposite,1,1624829339.2541025,/media/batool/MULTIMODAL_DATA/Multimodal_Data/Cat1/opposite/bag_files/Cat1_20mph_lr_opposite_1/camera_images/1624829339.2541025.jpg
Cat1,20mph,lr,opposite,1,1624829339.2874358,/media/batool/MULTIMODAL_DATA/Multimodal_Data/Cat1/opposite/bag_files/Cat1_20mph_lr_opposite_1/camera_images/1624829339.2874358.jpg
Cat1,20mph,lr,opposite,1,1624829339.320769,/media/batool/MULTIMODAL_DATA/Multimodal_Data/Cat1/opposite/bag_files/Cat1_20mph_lr_opposite_1/camera_images/1624829339.320769.jpg
Cat1,20mph,lr,opposite,1,1624829339.3541024,/media/batool/MULTIMODAL_DATA/Multimodal_Data/Cat1/opposite/bag_files/Cat1_20mph_lr_opposite_1/camera_images/1624829339.3541024.jpg
Cat1,20mph,lr,opposite,1,1624829339.3874357,/media/batool/MULTIMODAL_DATA/Multimodal_Data/Cat1/opposite/bag_files/Cat1_20mph_lr_opposite_1/camera_images/1624829339.3874357.jpg
Cat1,20mph,lr,opposite,1,1624829339.420769,/media/batool/MULTIMODAL_DATA/Multimodal_Data/Cat1/opposite/bag_files/Cat1_20mph_lr_opposite_1/camera_images/1624829339.420769.jpg
Cat1,20mph,lr,opposite,1,1624829339.4541023,/media/batool/MULTIMODAL_DATA/Multimodal_Data/Cat1/opposite/bag_files/Cat1_20mph_lr_opposite_1/camera_images/1624829339.4541023.jpg
Cat1,20mph,lr,opposite,1,1624829339.4874356,/media/batool/MULTIMODAL_DATA/Multimodal_Data/Cat1/opposite/bag_files/Cat1_20mph_lr_opposite_1/camera_images/1624829339.4874356.jpg
Cat1,20mph,lr,opposite,1,1624829339.520769,/media/batool/MULTIMODAL_DATA/Multimodal_Data/Cat1/opposite/bag_files/Cat1_20mph_lr_opposite_1/camera_images/1624829339.520769.jpg
Cat1,20mph,lr,opposite,1,1624829339.5541022,/media/batool/MULTIMODAL_DATA/Multimodal_Data/Cat1/opposite/bag_files/Cat1_20mph_lr_opposite_1/camera_images/1624829339.5541022.jpg
Cat1,20mph,lr,opposite,1,1624829339.5874355,/media/batool/MULTIMODAL_DATA/Multimodal_Data/Cat1/opposite/bag_files/Cat1_20mph_lr_opposite_1/camera_images/1624829339.5874355.jpg
Cat1,20mph,lr,opposite,1,1624829339.6207688,/media/batool/MULTIMODAL_DATA/Multimodal_Data/Cat1/opposite/bag_files/Cat1_20mph_lr_opposite_1/camera_images/1624829339.6207688.jpg
Cat1,20mph,lr,opposite,1,1624829339.654102,/media/batool/MULTIMODAL_DATA/Multimodal_Data/Cat1/opposite/bag_files/Cat1_20mph_lr_opposite_1/camera_images/1624829339.654102.jpg
Cat1,20mph,lr,opposite,1,1624829339.6874354,/media/batool/MULTIMODAL_DATA/Multimodal_Data/Cat1/opposite/bag_files/Cat1_20mph_lr_opposite_1/camera_images/1624829339.6874354.jpg
Cat1,20mph,lr,opposite,1,1624829339.754102,/media/batool/MULTIMODAL_DATA/Multimodal_Data/Cat1/opposite/bag_files/Cat1_20mph_lr_opposite_1/camera_images/1624829339.754102.jpg
Cat1,20mph,lr,opposite,1,1624829339.7874353,/media/batool/MULTIMODAL_DATA/Multimodal_Data/Cat1/opposite/bag_files/Cat1_20mph_lr_opposite_1/camera_images/1624829339.7874353.jpg
Cat1,20mph,lr,opposite,1,1624829339.8207686,/media/batool/MULTIMODAL_DATA/Multimodal_Data/Cat1/opposite/bag_files/Cat1_20mph_lr_opposite_1/camera_images/1624829339.8207686.jpg
Cat1,20mph,lr,opposite,1,1624829339.854102,/media/batool/MULTIMODAL_DATA/Multimodal_Data/Cat1/opposite/bag_files/Cat1_20mph_lr_opposite_1/camera_images/1624829339.854102.jpg
Cat1,20mph,lr,opposite,1,1624829339.8874352,/media/batool/MULTIMODAL_DATA/Multimodal_Data/Cat1/opposite/bag_files/Cat1_20mph_lr_opposite_1/camera_images/1624829339.8874352.jpg
Cat1,20mph,lr,opposite,1,1624829339.9207685,/media/batool/MULTIMODAL_DATA/Multimodal_Data/Cat1/opposite/bag_files/Cat1_20mph_lr_opposite_1/camera_images/1624829339.9207685.jpg
Cat1,20mph,lr,opposite,1,1624829339.9541018,/media/batool/MULTIMODAL_DATA/Multimodal_Data/Cat1/opposite/bag_files/Cat1_20mph_lr_opposite_1/camera_images/1624829339.9541018.jpg
Cat1,20mph,lr,opposite,1,1624829339.987435,/media/batool/MULTIMODAL_DATA/Multimodal_Data/Cat1/opposite/bag_files/Cat1_20mph_lr_opposite_1/camera_images/1624829339.987435.jpg
Cat1,20mph,lr,opposite,1,1624829340.0207684,/media/batool/MULTIMODAL_DATA/Multimodal_Data/Cat1/opposite/bag_files/Cat1_20mph_lr_opposite_1/camera_images/1624829340.0207684.jpg
Cat1,20mph,lr,opposite,1,1624829340.0541017,/media/batool/MULTIMODAL_DATA/Multimodal_Data/Cat1/opposite/bag_files/Cat1_20mph_lr_opposite_1/camera_images/1624829340.0541017.jpg
Cat1,20mph,lr,opposite,1,1624829340.087435,/media/batool/MULTIMODAL_DATA/Multimodal_Data/Cat1/opposite/bag_files/Cat1_20mph_lr_opposite_1/camera_images/1624829340.087435.jpg
Cat1,20mph,lr,opposite,1,1624829340.1207683,/media/batool/MULTIMODAL_DATA/Multimodal_Data/Cat1/opposite/bag_files/Cat1_20mph_lr_opposite_1/camera_images/1624829340.1207683.jpg
Cat1,20mph,lr,opposite,1,1624829340.1541016,/media/batool/MULTIMODAL_DATA/Multimodal_Data/Cat1/opposite/bag_files/Cat1_20mph_lr_opposite_1/camera_images/1624829340.1541016.jpg
Cat1,20mph,lr,opposite,1,1624829340.187435,/media/batool/MULTIMODAL_DATA/Multimodal_Data/Cat1/opposite/bag_files/Cat1_20mph_lr_opposite_1/camera_images/1624829340.187435.jpg
Cat1,20mph,lr,opposite,1,1624829340.2207682,/media/batool/MULTIMODAL_DATA/Multimodal_Data/Cat1/opposite/bag_files/Cat1_20mph_lr_opposite_1/camera_images/1624829340.2207682.jpg
Cat1,20mph,lr,opposite,1,1624829340.2874348,/media/batool/MULTIMODAL_DATA/Multimodal_Data/Cat1/opposite/bag_files/Cat1_20mph_lr_opposite_1/camera_images/1624829340.2874348.jpg
Cat1,20mph,lr,opposite,1,1624829340.320768,/media/batool/MULTIMODAL_DATA/Multimodal_Data/Cat1/opposite/bag_files/Cat1_20mph_lr_opposite_1/camera_images/1624829340.320768.jpg
Cat1,20mph,lr,opposite,1,1624829340.3541014,/media/batool/MULTIMODAL_DATA/Multimodal_Data/Cat1/opposite/bag_files/Cat1_20mph_lr_opposite_1/camera_images/1624829340.3541014.jpg
Cat1,20mph,lr,opposite,1,1624829340.3874347,/media/batool/MULTIMODAL_DATA/Multimodal_Data/Cat1/opposite/bag_files/Cat1_20mph_lr_opposite_1/camera_images/1624829340.3874347.jpg
Cat1,20mph,lr,opposite,1,1624829340.420768,/media/batool/MULTIMODAL_DATA/Multimodal_Data/Cat1/opposite/bag_files/Cat1_20mph_lr_opposite_1/camera_images/1624829340.420768.jpg
Cat1,20mph,lr,opposite,1,1624829340.4541013,/media/batool/MULTIMODAL_DATA/Multimodal_Data/Cat1/opposite/bag_files/Cat1_20mph_lr_opposite_1/camera_images/1624829340.4541013.jpg
Cat1,20mph,lr,opposite,1,1624829340.4874346,/media/batool/MULTIMODAL_DATA/Multimodal_Data/Cat1/opposite/bag_files/Cat1_20mph_lr_opposite_1/camera_images/1624829340.4874346.jpg
Cat1,20mph,lr,opposite,1,1624829340.520768,/media/batool/MULTIMODAL_DATA/Multimodal_Data/Cat1/opposite/bag_files/Cat1_20mph_lr_opposite_1/camera_images/1624829340.520768.jpg
Cat1,20mph,lr,opposite,1,1624829340.5541012,/media/batool/MULTIMODAL_DATA/Multimodal_Data/Cat1/opposite/bag_files/Cat1_20mph_lr_opposite_1/camera_images/1624829340.5541012.jpg
Cat1,20mph,lr,opposite,1,1624829340.5874345,/media/batool/MULTIMODAL_DATA/Multimodal_Data/Cat1/opposite/bag_files/Cat1_20mph_lr_opposite_1/camera_images/1624829340.5874345.jpg
Cat1,20mph,lr,opposite,1,1624829340.6207678,/media/batool/MULTIMODAL_DATA/Multimodal_Data/Cat1/opposite/bag_files/Cat1_20mph_lr_opposite_1/camera_images/1624829340.6207678.jpg
Cat1,20mph,lr,opposite,1,1624829340.6541011,/media/batool/MULTIMODAL_DATA/Multimodal_Data/Cat1/opposite/bag_files/Cat1_20mph_lr_opposite_1/camera_images/1624829340.6541011.jpg
Cat1,20mph,lr,opposite,1,1624829340.6874344,/media/batool/MULTIMODAL_DATA/Multimodal_Data/Cat1/opposite/bag_files/Cat1_20mph_lr_opposite_1/camera_images/1624829340.6874344.jpg
Cat1,20mph,lr,opposite,1,1624829340.7207677,/media/batool/MULTIMODAL_DATA/Multimodal_Data/Cat1/opposite/bag_files/Cat1_20mph_lr_opposite_1/camera_images/1624829340.7207677.jpg
Cat1,20mph,lr,opposite,1,1624829340.754101,/media/batool/MULTIMODAL_DATA/Multimodal_Data/Cat1/opposite/bag_files/Cat1_20mph_lr_opposite_1/camera_images/1624829340.754101.jpg
Cat1,20mph,lr,opposite,1,1624829340.8207676,/media/batool/MULTIMODAL_DATA/Multimodal_Data/Cat1/opposite/bag_files/Cat1_20mph_lr_opposite_1/camera_images/1624829340.8207676.jpg
Cat1,20mph,lr,opposite,1,1624829340.854101,/media/batool/MULTIMODAL_DATA/Multimodal_Data/Cat1/opposite/bag_files/Cat1_20mph_lr_opposite_1/camera_images/1624829340.854101.jpg
Cat1,20mph,lr,opposite,1,1624829340.8874342,/media/batool/MULTIMODAL_DATA/Multimodal_Data/Cat1/opposite/bag_files/Cat1_20mph_lr_opposite_1/camera_images/1624829340.8874342.jpg
Cat1,20mph,lr,opposite,1,1624829340.9207675,/media/batool/MULTIMODAL_DATA/Multimodal_Data/Cat1/opposite/bag_files/Cat1_20mph_lr_opposite_1/camera_images/1624829340.9207675.jpg
Cat1,20mph,lr,opposite,1,1624829340.9541008,/media/batool/MULTIMODAL_DATA/Multimodal_Data/Cat1/opposite/bag_files/Cat1_20mph_lr_opposite_1/camera_images/1624829340.9541008.jpg
Cat1,20mph,lr,opposite,1,1624829340.9874341,/media/batool/MULTIMODAL_DATA/Multimodal_Data/Cat1/opposite/bag_files/Cat1_20mph_lr_opposite_1/camera_images/1624829340.9874341.jpg
Cat1,20mph,lr,opposite,1,1624829341.0207675,/media/batool/MULTIMODAL_DATA/Multimodal_Data/Cat1/opposite/bag_files/Cat1_20mph_lr_opposite_1/camera_images/1624829341.0207675.jpg
Cat1,20mph,lr,opposite,1,1624829341.0541008,/media/batool/MULTIMODAL_DATA/Multimodal_Data/Cat1/opposite/bag_files/Cat1_20mph_lr_opposite_1/camera_images/1624829341.0541008.jpg
Cat1,20mph,lr,opposite,1,1624829341.087434,/media/batool/MULTIMODAL_DATA/Multimodal_Data/Cat1/opposite/bag_files/Cat1_20mph_lr_opposite_1/camera_images/1624829341.087434.jpg
Cat1,20mph,lr,opposite,1,1624829341.1207674,/media/batool/MULTIMODAL_DATA/Multimodal_Data/Cat1/opposite/bag_files/Cat1_20mph_lr_opposite_1/camera_images/1624829341.1207674.jpg
Cat1,20mph,lr,opposite,1,1624829341.1541007,/media/batool/MULTIMODAL_DATA/Multimodal_Data/Cat1/opposite/bag_files/Cat1_20mph_lr_opposite_1/camera_images/1624829341.1541007.jpg
Cat1,20mph,lr,opposite,1,1624829341.187434,/media/batool/MULTIMODAL_DATA/Multimodal_Data/Cat1/opposite/bag_files/Cat1_20mph_lr_opposite_1/camera_images/1624829341.187434.jpg
Cat1,20mph,lr,opposite,1,1624829341.2207673,/media/batool/MULTIMODAL_DATA/Multimodal_Data/Cat1/opposite/bag_files/Cat1_20mph_lr_opposite_1/camera_images/1624829341.2207673.jpg
Cat1,20mph,lr,opposite,1,1624829341.2541006,/media/batool/MULTIMODAL_DATA/Multimodal_Data/Cat1/opposite/bag_files/Cat1_20mph_lr_opposite_1/camera_images/1624829341.2541006.jpg
Cat1,20mph,lr,opposite,1,1624829341.2874339,/media/batool/MULTIMODAL_DATA/Multimodal_Data/Cat1/opposite/bag_files/Cat1_20mph_lr_opposite_1/camera_images/1624829341.2874339.jpg
Cat1,20mph,lr,opposite,1,1624829341.3541005,/media/batool/MULTIMODAL_DATA/Multimodal_Data/Cat1/opposite/bag_files/Cat1_20mph_lr_opposite_1/camera_images/1624829341.3541005.jpg
Cat1,20mph,lr,opposite,1,1624829341.3874338,/media/batool/MULTIMODAL_DATA/Multimodal_Data/Cat1/opposite/bag_files/Cat1_20mph_lr_opposite_1/camera_images/1624829341.3874338.jpg
Cat1,20mph,lr,opposite,1,1624829341.420767,/media/batool/MULTIMODAL_DATA/Multimodal_Data/Cat1/opposite/bag_files/Cat1_20mph_lr_opposite_1/camera_images/1624829341.420767.jpg
Cat1,20mph,lr,opposite,1,1624829341.4541004,/media/batool/MULTIMODAL_DATA/Multimodal_Data/Cat1/opposite/bag_files/Cat1_20mph_lr_opposite_1/camera_images/1624829341.4541004.jpg
Cat1,20mph,lr,opposite,1,1624829341.4874337,/media/batool/MULTIMODAL_DATA/Multimodal_Data/Cat1/opposite/bag_files/Cat1_20mph_lr_opposite_1/camera_images/1624829341.4874337.jpg
Cat1,20mph,lr,opposite,1,1624829341.520767,/media/batool/MULTIMODAL_DATA/Multimodal_Data/Cat1/opposite/bag_files/Cat1_20mph_lr_opposite_1/camera_images/1624829341.520767.jpg
Cat1,20mph,lr,opposite,1,1624829341.5541003,/media/batool/MULTIMODAL_DATA/Multimodal_Data/Cat1/opposite/bag_files/Cat1_20mph_lr_opposite_1/camera_images/1624829341.5541003.jpg
Cat1,20mph,lr,opposite,1,1624829341.5874336,/media/batool/MULTIMODAL_DATA/Multimodal_Data/Cat1/opposite/bag_files/Cat1_20mph_lr_opposite_1/camera_images/1624829341.5874336.jpg
Cat1,20mph,lr,opposite,1,1624829341.6207669,/media/batool/MULTIMODAL_DATA/Multimodal_Data/Cat1/opposite/bag_files/Cat1_20mph_lr_opposite_1/camera_images/1624829341.6207669.jpg
Cat1,20mph,lr,opposite,1,1624829341.6541002,/media/batool/MULTIMODAL_DATA/Multimodal_Data/Cat1/opposite/bag_files/Cat1_20mph_lr_opposite_1/camera_images/1624829341.6541002.jpg
Cat1,20mph,lr,opposite,1,1624829341.6874335,/media/batool/MULTIMODAL_DATA/Multimodal_Data/Cat1/opposite/bag_files/Cat1_20mph_lr_opposite_1/camera_images/1624829341.6874335.jpg
Cat1,20mph,lr,opposite,1,1624829341.7207668,/media/batool/MULTIMODAL_DATA/Multimodal_Data/Cat1/opposite/bag_files/Cat1_20mph_lr_opposite_1/camera_images/1624829341.7207668.jpg
Cat1,20mph,lr,opposite,1,1624829341.7541,/media/batool/MULTIMODAL_DATA/Multimodal_Data/Cat1/opposite/bag_files/Cat1_20mph_lr_opposite_1/camera_images/1624829341.7541.jpg
Cat1,20mph,lr,opposite,1,1624829341.7874334,/media/batool/MULTIMODAL_DATA/Multimodal_Data/Cat1/opposite/bag_files/Cat1_20mph_lr_opposite_1/camera_images/1624829341.7874334.jpg
Cat1,20mph,lr,opposite,1,1624829341.8207667,/media/batool/MULTIMODAL_DATA/Multimodal_Data/Cat1/opposite/bag_files/Cat1_20mph_lr_opposite_1/camera_images/1624829341.8207667.jpg
Cat1,20mph,lr,opposite,1,1624829341.8874333,/media/batool/MULTIMODAL_DATA/Multimodal_Data/Cat1/opposite/bag_files/Cat1_20mph_lr_opposite_1/camera_images/1624829341.8874333.jpg
Cat1,20mph,lr,opposite,1,1624829341.9207666,/media/batool/MULTIMODAL_DATA/Multimodal_Data/Cat1/opposite/bag_files/Cat1_20mph_lr_opposite_1/camera_images/1624829341.9207666.jpg
Cat1,20mph,lr,opposite,1,1624829341.9541,/media/batool/MULTIMODAL_DATA/Multimodal_Data/Cat1/opposite/bag_files/Cat1_20mph_lr_opposite_1/camera_images/1624829341.9541.jpg
Cat1,20mph,lr,opposite,1,1624829341.9874332,/media/batool/MULTIMODAL_DATA/Multimodal_Data/Cat1/opposite/bag_files/Cat1_20mph_lr_opposite_1/camera_images/1624829341.9874332.jpg
Cat1,20mph,lr,opposite,1,1624829342.0207665,/media/batool/MULTIMODAL_DATA/Multimodal_Data/Cat1/opposite/bag_files/Cat1_20mph_lr_opposite_1/camera_images/1624829342.0207665.jpg
Cat1,20mph,lr,opposite,1,1624829342.0540998,/media/batool/MULTIMODAL_DATA/Multimodal_Data/Cat1/opposite/bag_files/Cat1_20mph_lr_opposite_1/camera_images/1624829342.0540998.jpg
Cat1,20mph,lr,opposite,1,1624829342.087433,/media/batool/MULTIMODAL_DATA/Multimodal_Data/Cat1/opposite/bag_files/Cat1_20mph_lr_opposite_1/camera_images/1624829342.087433.jpg
Cat1,20mph,lr,opposite,1,1624829342.1207664,/media/batool/MULTIMODAL_DATA/Multimodal_Data/Cat1/opposite/bag_files/Cat1_20mph_lr_opposite_1/camera_images/1624829342.1207664.jpg
Cat1,20mph,lr,opposite,1,1624829342.1540997,/media/batool/MULTIMODAL_DATA/Multimodal_Data/Cat1/opposite/bag_files/Cat1_20mph_lr_opposite_1/camera_images/1624829342.1540997.jpg
Cat1,20mph,lr,opposite,1,1624829342.187433,/media/batool/MULTIMODAL_DATA/Multimodal_Data/Cat1/opposite/bag_files/Cat1_20mph_lr_opposite_1/camera_images/1624829342.187433.jpg
Cat1,20mph,lr,opposite,1,1624829342.2207663,/media/batool/MULTIMODAL_DATA/Multimodal_Data/Cat1/opposite/bag_files/Cat1_20mph_lr_opposite_1/camera_images/1624829342.2207663.jpg
Cat1,20mph,lr,opposite,1,1624829342.2540996,/media/batool/MULTIMODAL_DATA/Multimodal_Data/Cat1/opposite/bag_files/Cat1_20mph_lr_opposite_1/camera_images/1624829342.2540996.jpg
Cat1,20mph,lr,opposite,1,1624829342.287433,/media/batool/MULTIMODAL_DATA/Multimodal_Data/Cat1/opposite/bag_files/Cat1_20mph_lr_opposite_1/camera_images/1624829342.287433.jpg
Cat1,20mph,lr,opposite,1,1624829342.3207662,/media/batool/MULTIMODAL_DATA/Multimodal_Data/Cat1/opposite/bag_files/Cat1_20mph_lr_opposite_1/camera_images/1624829342.3207662.jpg
Cat1,20mph,lr,opposite,1,1624829342.3540995,/media/batool/MULTIMODAL_DATA/Multimodal_Data/Cat1/opposite/bag_files/Cat1_20mph_lr_opposite_1/camera_images/1624829342.3540995.jpg
Cat1,20mph,lr,opposite,1,1624829342.420766,/media/batool/MULTIMODAL_DATA/Multimodal_Data/Cat1/opposite/bag_files/Cat1_20mph_lr_opposite_1/camera_images/1624829342.420766.jpg
Cat1,20mph,lr,opposite,1,1624829342.4540994,/media/batool/MULTIMODAL_DATA/Multimodal_Data/Cat1/opposite/bag_files/Cat1_20mph_lr_opposite_1/camera_images/1624829342.4540994.jpg
Cat1,20mph,lr,opposite,1,1624829342.4874327,/media/batool/MULTIMODAL_DATA/Multimodal_Data/Cat1/opposite/bag_files/Cat1_20mph_lr_opposite_1/camera_images/1624829342.4874327.jpg
Cat1,20mph,lr,opposite,1,1624829342.520766,/media/batool/MULTIMODAL_DATA/Multimodal_Data/Cat1/opposite/bag_files/Cat1_20mph_lr_opposite_1/camera_images/1624829342.520766.jpg
Cat1,20mph,lr,opposite,1,1624829342.5540993,/media/batool/MULTIMODAL_DATA/Multimodal_Data/Cat1/opposite/bag_files/Cat1_20mph_lr_opposite_1/camera_images/1624829342.5540993.jpg
Cat1,20mph,lr,opposite,1,1624829342.5874326,/media/batool/MULTIMODAL_DATA/Multimodal_Data/Cat1/opposite/bag_files/Cat1_20mph_lr_opposite_1/camera_images/1624829342.5874326.jpg
Cat1,20mph,lr,opposite,1,1624829342.620766,/media/batool/MULTIMODAL_DATA/Multimodal_Data/Cat1/opposite/bag_files/Cat1_20mph_lr_opposite_1/camera_images/1624829342.620766.jpg
Cat1,20mph,lr,opposite,1,1624829342.6540992,/media/batool/MULTIMODAL_DATA/Multimodal_Data/Cat1/opposite/bag_files/Cat1_20mph_lr_opposite_1/camera_images/1624829342.6540992.jpg
Cat1,20mph,lr,opposite,1,1624829342.6874325,/media/batool/MULTIMODAL_DATA/Multimodal_Data/Cat1/opposite/bag_files/Cat1_20mph_lr_opposite_1/camera_images/1624829342.6874325.jpg
Cat1,20mph,lr,opposite,1,1624829342.7207658,/media/batool/MULTIMODAL_DATA/Multimodal_Data/Cat1/opposite/bag_files/Cat1_20mph_lr_opposite_1/camera_images/1624829342.7207658.jpg
Cat1,20mph,lr,opposite,1,1624829342.7540991,/media/batool/MULTIMODAL_DATA/Multimodal_Data/Cat1/opposite/bag_files/Cat1_20mph_lr_opposite_1/camera_images/1624829342.7540991.jpg
Cat1,20mph,lr,opposite,1,1624829342.7874324,/media/batool/MULTIMODAL_DATA/Multimodal_Data/Cat1/opposite/bag_files/Cat1_20mph_lr_opposite_1/camera_images/1624829342.7874324.jpg
Cat1,20mph,lr,opposite,1,1624829342.8207657,/media/batool/MULTIMODAL_DATA/Multimodal_Data/Cat1/opposite/bag_files/Cat1_20mph_lr_opposite_1/camera_images/1624829342.8207657.jpg
Cat1,20mph,lr,opposite,1,1624829342.854099,/media/batool/MULTIMODAL_DATA/Multimodal_Data/Cat1/opposite/bag_files/Cat1_20mph_lr_opposite_1/camera_images/1624829342.854099.jpg
Cat1,20mph,lr,opposite,1,1624829342.8874323,/media/batool/MULTIMODAL_DATA/Multimodal_Data/Cat1/opposite/bag_files/Cat1_20mph_lr_opposite_1/camera_images/1624829342.8874323.jpg
Cat1,20mph,lr,opposite,1,1624829342.954099,/media/batool/MULTIMODAL_DATA/Multimodal_Data/Cat1/opposite/bag_files/Cat1_20mph_lr_opposite_1/camera_images/1624829342.954099.jpg
Cat1,20mph,lr,opposite,1,1624829342.9874322,/media/batool/MULTIMODAL_DATA/Multimodal_Data/Cat1/opposite/bag_files/Cat1_20mph_lr_opposite_1/camera_images/1624829342.9874322.jpg
Cat1,20mph,lr,opposite,1,1624829343.0207655,/media/batool/MULTIMODAL_DATA/Multimodal_Data/Cat1/opposite/bag_files/Cat1_20mph_lr_opposite_1/camera_images/1624829343.0207655.jpg
Cat1,20mph,lr,opposite,1,1624829343.0540988,/media/batool/MULTIMODAL_DATA/Multimodal_Data/Cat1/opposite/bag_files/Cat1_20mph_lr_opposite_1/camera_images/1624829343.0540988.jpg
Cat1,20mph,lr,opposite,1,1624829343.0874321,/media/batool/MULTIMODAL_DATA/Multimodal_Data/Cat1/opposite/bag_files/Cat1_20mph_lr_opposite_1/camera_images/1624829343.0874321.jpg
Cat1,20mph,lr,opposite,1,1624829343.1207654,/media/batool/MULTIMODAL_DATA/Multimodal_Data/Cat1/opposite/bag_files/Cat1_20mph_lr_opposite_1/camera_images/1624829343.1207654.jpg
Cat1,20mph,lr,opposite,1,1624829343.1540987,/media/batool/MULTIMODAL_DATA/Multimodal_Data/Cat1/opposite/bag_files/Cat1_20mph_lr_opposite_1/camera_images/1624829343.1540987.jpg
Cat1,20mph,lr,opposite,1,1624829343.187432,/media/batool/MULTIMODAL_DATA/Multimodal_Data/Cat1/opposite/bag_files/Cat1_20mph_lr_opposite_1/camera_images/1624829343.187432.jpg
Cat1,20mph,lr,opposite,1,1624829343.2207654,/media/batool/MULTIMODAL_DATA/Multimodal_Data/Cat1/opposite/bag_files/Cat1_20mph_lr_opposite_1/camera_images/1624829343.2207654.jpg
Cat1,20mph,lr,opposite,1,1624829343.2540987,/media/batool/MULTIMODAL_DATA/Multimodal_Data/Cat1/opposite/bag_files/Cat1_20mph_lr_opposite_1/camera_images/1624829343.2540987.jpg
Cat1,20mph,lr,opposite,1,1624829343.287432,/media/batool/MULTIMODAL_DATA/Multimodal_Data/Cat1/opposite/bag_files/Cat1_20mph_lr_opposite_1/camera_images/1624829343.287432.jpg
Cat1,20mph,lr,opposite,1,1624829343.3207653,/media/batool/MULTIMODAL_DATA/Multimodal_Data/Cat1/opposite/bag_files/Cat1_20mph_lr_opposite_1/camera_images/1624829343.3207653.jpg
Cat1,20mph,lr,opposite,1,1624829343.3540986,/media/batool/MULTIMODAL_DATA/Multimodal_Data/Cat1/opposite/bag_files/Cat1_20mph_lr_opposite_1/camera_images/1624829343.3540986.jpg
Cat1,20mph,lr,opposite,1,1624829343.3874319,/media/batool/MULTIMODAL_DATA/Multimodal_Data/Cat1/opposite/bag_files/Cat1_20mph_lr_opposite_1/camera_images/1624829343.3874319.jpg
Cat1,20mph,lr,opposite,1,1624829343.4207652,/media/batool/MULTIMODAL_DATA/Multimodal_Data/Cat1/opposite/bag_files/Cat1_20mph_lr_opposite_1/camera_images/1624829343.4207652.jpg
Cat1,20mph,lr,opposite,1,1624829343.4874318,/media/batool/MULTIMODAL_DATA/Multimodal_Data/Cat1/opposite/bag_files/Cat1_20mph_lr_opposite_1/camera_images/1624829343.4874318.jpg
Cat1,20mph,lr,opposite,1,1624829343.520765,/media/batool/MULTIMODAL_DATA/Multimodal_Data/Cat1/opposite/bag_files/Cat1_20mph_lr_opposite_1/camera_images/1624829343.520765.jpg
Cat1,20mph,lr,opposite,1,1624829343.5540984,/media/batool/MULTIMODAL_DATA/Multimodal_Data/Cat1/opposite/bag_files/Cat1_20mph_lr_opposite_1/camera_images/1624829343.5540984.jpg
Cat1,20mph,lr,opposite,1,1624829343.5874317,/media/batool/MULTIMODAL_DATA/Multimodal_Data/Cat1/opposite/bag_files/Cat1_20mph_lr_opposite_1/camera_images/1624829343.5874317.jpg
Cat1,20mph,lr,opposite,1,1624829343.620765,/media/batool/MULTIMODAL_DATA/Multimodal_Data/Cat1/opposite/bag_files/Cat1_20mph_lr_opposite_1/camera_images/1624829343.620765.jpg
Cat1,20mph,lr,opposite,1,1624829343.6540983,/media/batool/MULTIMODAL_DATA/Multimodal_Data/Cat1/opposite/bag_files/Cat1_20mph_lr_opposite_1/camera_images/1624829343.6540983.jpg
Cat1,20mph,lr,opposite,1,1624829343.6874316,/media/batool/MULTIMODAL_DATA/Multimodal_Data/Cat1/opposite/bag_files/Cat1_20mph_lr_opposite_1/camera_images/1624829343.6874316.jpg
Cat1,20mph,lr,opposite,1,1624829343.7207649,/media/batool/MULTIMODAL_DATA/Multimodal_Data/Cat1/opposite/bag_files/Cat1_20mph_lr_opposite_1/camera_images/1624829343.7207649.jpg
Cat1,20mph,lr,opposite,1,1624829343.7540982,/media/batool/MULTIMODAL_DATA/Multimodal_Data/Cat1/opposite/bag_files/Cat1_20mph_lr_opposite_1/camera_images/1624829343.7540982.jpg
Cat1,20mph,lr,opposite,1,1624829343.7874315,/media/batool/MULTIMODAL_DATA/Multimodal_Data/Cat1/opposite/bag_files/Cat1_20mph_lr_opposite_1/camera_images/1624829343.7874315.jpg
Cat1,20mph,lr,opposite,1,1624829343.8207648,/media/batool/MULTIMODAL_DATA/Multimodal_Data/Cat1/opposite/bag_files/Cat1_20mph_lr_opposite_1/camera_images/1624829343.8207648.jpg
Cat1,20mph,lr,opposite,1,1624829343.854098,/media/batool/MULTIMODAL_DATA/Multimodal_Data/Cat1/opposite/bag_files/Cat1_20mph_lr_opposite_1/camera_images/1624829343.854098.jpg
Cat1,20mph,lr,opposite,1,1624829343.8874314,/media/batool/MULTIMODAL_DATA/Multimodal_Data/Cat1/opposite/bag_files/Cat1_20mph_lr_opposite_1/camera_images/1624829343.8874314.jpg
Cat1,20mph,lr,opposite,1,1624829343.9207647,/media/batool/MULTIMODAL_DATA/Multimodal_Data/Cat1/opposite/bag_files/Cat1_20mph_lr_opposite_1/camera_images/1624829343.9207647.jpg
Cat1,20mph,lr,opposite,1,1624829343.954098,/media/batool/MULTIMODAL_DATA/Multimodal_Data/Cat1/opposite/bag_files/Cat1_20mph_lr_opposite_1/camera_images/1624829343.954098.jpg
Cat1,20mph,lr,opposite,1,1624829344.0207646,/media/batool/MULTIMODAL_DATA/Multimodal_Data/Cat1/opposite/bag_files/Cat1_20mph_lr_opposite_1/camera_images/1624829344.0207646.jpg
Cat1,20mph,lr,opposite,1,1624829344.054098,/media/batool/MULTIMODAL_DATA/Multimodal_Data/Cat1/opposite/bag_files/Cat1_20mph_lr_opposite_1/camera_images/1624829344.054098.jpg
Cat1,20mph,lr,opposite,1,1624829344.0874312,/media/batool/MULTIMODAL_DATA/Multimodal_Data/Cat1/opposite/bag_files/Cat1_20mph_lr_opposite_1/camera_images/1624829344.0874312.jpg
Cat1,20mph,lr,opposite,1,1624829344.1207645,/media/batool/MULTIMODAL_DATA/Multimodal_Data/Cat1/opposite/bag_files/Cat1_20mph_lr_opposite_1/camera_images/1624829344.1207645.jpg
Cat1,20mph,lr,opposite,1,1624829344.1540978,/media/batool/MULTIMODAL_DATA/Multimodal_Data/Cat1/opposite/bag_files/Cat1_20mph_lr_opposite_1/camera_images/1624829344.1540978.jpg
Cat1,20mph,lr,opposite,1,1624829344.187431,/media/batool/MULTIMODAL_DATA/Multimodal_Data/Cat1/opposite/bag_files/Cat1_20mph_lr_opposite_1/camera_images/1624829344.187431.jpg
Cat1,20mph,lr,opposite,1,1624829344.2207644,/media/batool/MULTIMODAL_DATA/Multimodal_Data/Cat1/opposite/bag_files/Cat1_20mph_lr_opposite_1/camera_images/1624829344.2207644.jpg
Cat1,20mph,lr,opposite,1,1624829344.2540977,/media/batool/MULTIMODAL_DATA/Multimodal_Data/Cat1/opposite/bag_files/Cat1_20mph_lr_opposite_1/camera_images/1624829344.2540977.jpg
Cat1,20mph,lr,opposite,1,1624829344.287431,/media/batool/MULTIMODAL_DATA/Multimodal_Data/Cat1/opposite/bag_files/Cat1_20mph_lr_opposite_1/camera_images/1624829344.287431.jpg
Cat1,20mph,lr,opposite,1,1624829344.3207643,/media/batool/MULTIMODAL_DATA/Multimodal_Data/Cat1/opposite/bag_files/Cat1_20mph_lr_opposite_1/camera_images/1624829344.3207643.jpg
Cat1,20mph,lr,opposite,1,1624829344.3540976,/media/batool/MULTIMODAL_DATA/Multimodal_Data/Cat1/opposite/bag_files/Cat1_20mph_lr_opposite_1/camera_images/1624829344.3540976.jpg
Cat1,20mph,lr,opposite,1,1624829344.387431,/media/batool/MULTIMODAL_DATA/Multimodal_Data/Cat1/opposite/bag_files/Cat1_20mph_lr_opposite_1/camera_images/1624829344.387431.jpg
Cat1,20mph,lr,opposite,1,1624829344.4207642,/media/batool/MULTIMODAL_DATA/Multimodal_Data/Cat1/opposite/bag_files/Cat1_20mph_lr_opposite_1/camera_images/1624829344.4207642.jpg
Cat1,20mph,lr,opposite,1,1624829344.4540975,/media/batool/MULTIMODAL_DATA/Multimodal_Data/Cat1/opposite/bag_files/Cat1_20mph_lr_opposite_1/camera_images/1624829344.4540975.jpg
Cat1,20mph,lr,opposite,1,1624829344.4874308,/media/batool/MULTIMODAL_DATA/Multimodal_Data/Cat1/opposite/bag_files/Cat1_20mph_lr_opposite_1/camera_images/1624829344.4874308.jpg
Cat1,20mph,lr,opposite,1,1624829344.5540974,/media/batool/MULTIMODAL_DATA/Multimodal_Data/Cat1/opposite/bag_files/Cat1_20mph_lr_opposite_1/camera_images/1624829344.5540974.jpg
Cat1,20mph,lr,opposite,1,1624829344.5874307,/media/batool/MULTIMODAL_DATA/Multimodal_Data/Cat1/opposite/bag_files/Cat1_20mph_lr_opposite_1/camera_images/1624829344.5874307.jpg
Cat1,20mph,lr,opposite,1,1624829344.620764,/media/batool/MULTIMODAL_DATA/Multimodal_Data/Cat1/opposite/bag_files/Cat1_20mph_lr_opposite_1/camera_images/1624829344.620764.jpg
Cat1,20mph,lr,opposite,1,1624829344.6540973,/media/batool/MULTIMODAL_DATA/Multimodal_Data/Cat1/opposite/bag_files/Cat1_20mph_lr_opposite_1/camera_images/1624829344.6540973.jpg
Cat1,20mph,lr,opposite,1,1624829344.6874306,/media/batool/MULTIMODAL_DATA/Multimodal_Data/Cat1/opposite/bag_files/Cat1_20mph_lr_opposite_1/camera_images/1624829344.6874306.jpg
Cat1,20mph,lr,opposite,1,1624829344.720764,/media/batool/MULTIMODAL_DATA/Multimodal_Data/Cat1/opposite/bag_files/Cat1_20mph_lr_opposite_1/camera_images/1624829344.720764.jpg
Cat1,20mph,lr,opposite,1,1624829344.7540972,/media/batool/MULTIMODAL_DATA/Multimodal_Data/Cat1/opposite/bag_files/Cat1_20mph_lr_opposite_1/camera_images/1624829344.7540972.jpg
Cat1,20mph,lr,opposite,1,1624829344.7874305,/media/batool/MULTIMODAL_DATA/Multimodal_Data/Cat1/opposite/bag_files/Cat1_20mph_lr_opposite_1/camera_images/1624829344.7874305.jpg
Cat1,20mph,lr,opposite,1,1624829344.8207638,/media/batool/MULTIMODAL_DATA/Multimodal_Data/Cat1/opposite/bag_files/Cat1_20mph_lr_opposite_1/camera_images/1624829344.8207638.jpg
Cat1,20mph,lr,opposite,1,1624829344.8540971,/media/batool/MULTIMODAL_DATA/Multimodal_Data/Cat1/opposite/bag_files/Cat1_20mph_lr_opposite_1/camera_images/1624829344.8540971.jpg
Cat1,20mph,lr,opposite,1,1624829344.8874304,/media/batool/MULTIMODAL_DATA/Multimodal_Data/Cat1/opposite/bag_files/Cat1_20mph_lr_opposite_1/camera_images/1624829344.8874304.jpg
Cat1,20mph,lr,opposite,1,1624829344.9207637,/media/batool/MULTIMODAL_DATA/Multimodal_Data/Cat1/opposite/bag_files/Cat1_20mph_lr_opposite_1/camera_images/1624829344.9207637.jpg
Cat1,20mph,lr,opposite,1,1624829344.954097,/media/batool/MULTIMODAL_DATA/Multimodal_Data/Cat1/opposite/bag_files/Cat1_20mph_lr_opposite_1/camera_images/1624829344.954097.jpg
Cat1,20mph,lr,opposite,1,1624829344.9874303,/media/batool/MULTIMODAL_DATA/Multimodal_Data/Cat1/opposite/bag_files/Cat1_20mph_lr_opposite_1/camera_images/1624829344.9874303.jpg
Cat1,20mph,lr,opposite,1,1624829345.0207636,/media/batool/MULTIMODAL_DATA/Multimodal_Data/Cat1/opposite/bag_files/Cat1_20mph_lr_opposite_1/camera_images/1624829345.0207636.jpg
Cat1,20mph,lr,opposite,1,1624829345.0874302,/media/batool/MULTIMODAL_DATA/Multimodal_Data/Cat1/opposite/bag_files/Cat1_20mph_lr_opposite_1/camera_images/1624829345.0874302.jpg
Cat1,20mph,lr,opposite,1,1624829345.1207635,/media/batool/MULTIMODAL_DATA/Multimodal_Data/Cat1/opposite/bag_files/Cat1_20mph_lr_opposite_1/camera_images/1624829345.1207635.jpg
Cat1,20mph,lr,opposite,1,1624829345.1540968,/media/batool/MULTIMODAL_DATA/Multimodal_Data/Cat1/opposite/bag_files/Cat1_20mph_lr_opposite_1/camera_images/1624829345.1540968.jpg
Cat1,20mph,lr,opposite,1,1624829345.1874301,/media/batool/MULTIMODAL_DATA/Multimodal_Data/Cat1/opposite/bag_files/Cat1_20mph_lr_opposite_1/camera_images/1624829345.1874301.jpg
Cat1,20mph,lr,opposite,1,1624829345.2207634,/media/batool/MULTIMODAL_DATA/Multimodal_Data/Cat1/opposite/bag_files/Cat1_20mph_lr_opposite_1/camera_images/1624829345.2207634.jpg
Cat1,20mph,lr,opposite,1,1624829345.2540967,/media/batool/MULTIMODAL_DATA/Multimodal_Data/Cat1/opposite/bag_files/Cat1_20mph_lr_opposite_1/camera_images/1624829345.2540967.jpg
Cat1,20mph,lr,opposite,1,1624829345.28743,/media/batool/MULTIMODAL_DATA/Multimodal_Data/Cat1/opposite/bag_files/Cat1_20mph_lr_opposite_1/camera_images/1624829345.28743.jpg
Cat1,20mph,lr,opposite,1,1624829345.3207633,/media/batool/MULTIMODAL_DATA/Multimodal_Data/Cat1/opposite/bag_files/Cat1_20mph_lr_opposite_1/camera_images/1624829345.3207633.jpg
Cat1,20mph,lr,opposite,1,1624829345.3540967,/media/batool/MULTIMODAL_DATA/Multimodal_Data/Cat1/opposite/bag_files/Cat1_20mph_lr_opposite_1/camera_images/1624829345.3540967.jpg
Cat1,20mph,lr,opposite,1,1624829345.38743,/media/batool/MULTIMODAL_DATA/Multimodal_Data/Cat1/opposite/bag_files/Cat1_20mph_lr_opposite_1/camera_images/1624829345.38743.jpg
Cat1,20mph,lr,opposite,1,1624829345.4207633,/media/batool/MULTIMODAL_DATA/Multimodal_Data/Cat1/opposite/bag_files/Cat1_20mph_lr_opposite_1/camera_images/1624829345.4207633.jpg
Cat1,20mph,lr,opposite,1,1624829345.4540966,/media/batool/MULTIMODAL_DATA/Multimodal_Data/Cat1/opposite/bag_files/Cat1_20mph_lr_opposite_1/camera_images/1624829345.4540966.jpg
Cat1,20mph,lr,opposite,1,1624829345.4874299,/media/batool/MULTIMODAL_DATA/Multimodal_Data/Cat1/opposite/bag_files/Cat1_20mph_lr_opposite_1/camera_images/1624829345.4874299.jpg
Cat1,20mph,lr,opposite,1,1624829345.5207632,/media/batool/MULTIMODAL_DATA/Multimodal_Data/Cat1/opposite/bag_files/Cat1_20mph_lr_opposite_1/camera_images/1624829345.5207632.jpg
Cat1,20mph,lr,opposite,1,1624829345.5540965,/media/batool/MULTIMODAL_DATA/Multimodal_Data/Cat1/opposite/bag_files/Cat1_20mph_lr_opposite_1/camera_images/1624829345.5540965.jpg
Cat1,20mph,lr,opposite,1,1624829345.620763,/media/batool/MULTIMODAL_DATA/Multimodal_Data/Cat1/opposite/bag_files/Cat1_20mph_lr_opposite_1/camera_images/1624829345.620763.jpg
Cat1,20mph,lr,opposite,1,1624829345.6540964,/media/batool/MULTIMODAL_DATA/Multimodal_Data/Cat1/opposite/bag_files/Cat1_20mph_lr_opposite_1/camera_images/1624829345.6540964.jpg
Cat1,20mph,lr,opposite,1,1624829345.6874297,/media/batool/MULTIMODAL_DATA/Multimodal_Data/Cat1/opposite/bag_files/Cat1_20mph_lr_opposite_1/camera_images/1624829345.6874297.jpg
Cat1,20mph,lr,opposite,1,1624829345.720763,/media/batool/MULTIMODAL_DATA/Multimodal_Data/Cat1/opposite/bag_files/Cat1_20mph_lr_opposite_1/camera_images/1624829345.720763.jpg
Cat1,20mph,lr,opposite,1,1624829345.7540963,/media/batool/MULTIMODAL_DATA/Multimodal_Data/Cat1/opposite/bag_files/Cat1_20mph_lr_opposite_1/camera_images/1624829345.7540963.jpg
Cat1,20mph,lr,opposite,1,1624829345.7874296,/media/batool/MULTIMODAL_DATA/Multimodal_Data/Cat1/opposite/bag_files/Cat1_20mph_lr_opposite_1/camera_images/1624829345.7874296.jpg
Cat1,20mph,lr,opposite,1,1624829345.8207629,/media/batool/MULTIMODAL_DATA/Multimodal_Data/Cat1/opposite/bag_files/Cat1_20mph_lr_opposite_1/camera_images/1624829345.8207629.jpg
Cat1,20mph,lr,opposite,1,1624829345.8540962,/media/batool/MULTIMODAL_DATA/Multimodal_Data/Cat1/opposite/bag_files/Cat1_20mph_lr_opposite_1/camera_images/1624829345.8540962.jpg
Cat1,20mph,lr,opposite,1,1624829345.8874295,/media/batool/MULTIMODAL_DATA/Multimodal_Data/Cat1/opposite/bag_files/Cat1_20mph_lr_opposite_1/camera_images/1624829345.8874295.jpg
Cat1,20mph,lr,opposite,1,1624829345.9207628,/media/batool/MULTIMODAL_DATA/Multimodal_Data/Cat1/opposite/bag_files/Cat1_20mph_lr_opposite_1/camera_images/1624829345.9207628.jpg
Cat1,20mph,lr,opposite,1,1624829345.954096,/media/batool/MULTIMODAL_DATA/Multimodal_Data/Cat1/opposite/bag_files/Cat1_20mph_lr_opposite_1/camera_images/1624829345.954096.jpg
Cat1,20mph,lr,opposite,1,1624829345.9874294,/media/batool/MULTIMODAL_DATA/Multimodal_Data/Cat1/opposite/bag_files/Cat1_20mph_lr_opposite_1/camera_images/1624829345.9874294.jpg
Cat1,20mph,lr,opposite,1,1624829346.0207627,/media/batool/MULTIMODAL_DATA/Multimodal_Data/Cat1/opposite/bag_files/Cat1_20mph_lr_opposite_1/camera_images/1624829346.0207627.jpg
Cat1,20mph,lr,opposite,1,1624829346.054096,/media/batool/MULTIMODAL_DATA/Multimodal_Data/Cat1/opposite/bag_files/Cat1_20mph_lr_opposite_1/camera_images/1624829346.054096.jpg
Cat1,20mph,lr,opposite,1,1624829346.0874293,/media/batool/MULTIMODAL_DATA/Multimodal_Data/Cat1/opposite/bag_files/Cat1_20mph_lr_opposite_1/camera_images/1624829346.0874293.jpg
Cat1,20mph,lr,opposite,1,1624829346.154096,/media/batool/MULTIMODAL_DATA/Multimodal_Data/Cat1/opposite/bag_files/Cat1_20mph_lr_opposite_1/camera_images/1624829346.154096.jpg
Cat1,20mph,lr,opposite,1,1624829346.1874292,/media/batool/MULTIMODAL_DATA/Multimodal_Data/Cat1/opposite/bag_files/Cat1_20mph_lr_opposite_1/camera_images/1624829346.1874292.jpg
Cat1,20mph,lr,opposite,1,1624829346.2207625,/media/batool/MULTIMODAL_DATA/Multimodal_Data/Cat1/opposite/bag_files/Cat1_20mph_lr_opposite_1/camera_images/1624829346.2207625.jpg
Cat1,20mph,lr,opposite,1,1624829346.2540958,/media/batool/MULTIMODAL_DATA/Multimodal_Data/Cat1/opposite/bag_files/Cat1_20mph_lr_opposite_1/camera_images/1624829346.2540958.jpg
Cat1,20mph,lr,opposite,1,1624829346.287429,/media/batool/MULTIMODAL_DATA/Multimodal_Data/Cat1/opposite/bag_files/Cat1_20mph_lr_opposite_1/camera_images/1624829346.287429.jpg
Cat1,20mph,lr,opposite,1,1624829346.3207624,/media/batool/MULTIMODAL_DATA/Multimodal_Data/Cat1/opposite/bag_files/Cat1_20mph_lr_opposite_1/camera_images/1624829346.3207624.jpg
Cat1,20mph,lr,opposite,1,1624829346.3540957,/media/batool/MULTIMODAL_DATA/Multimodal_Data/Cat1/opposite/bag_files/Cat1_20mph_lr_opposite_1/camera_images/1624829346.3540957.jpg
Cat1,20mph,lr,opposite,1,1624829346.387429,/media/batool/MULTIMODAL_DATA/Multimodal_Data/Cat1/opposite/bag_files/Cat1_20mph_lr_opposite_1/camera_images/1624829346.387429.jpg
Cat1,20mph,lr,opposite,1,1624829346.4207623,/media/batool/MULTIMODAL_DATA/Multimodal_Data/Cat1/opposite/bag_files/Cat1_20mph_lr_opposite_1/camera_images/1624829346.4207623.jpg
Cat1,20mph,lr,opposite,1,1624829346.4540956,/media/batool/MULTIMODAL_DATA/Multimodal_Data/Cat1/opposite/bag_files/Cat1_20mph_lr_opposite_1/camera_images/1624829346.4540956.jpg
Cat1,20mph,lr,opposite,1,1624829346.487429,/media/batool/MULTIMODAL_DATA/Multimodal_Data/Cat1/opposite/bag_files/Cat1_20mph_lr_opposite_1/camera_images/1624829346.487429.jpg
Cat1,20mph,lr,opposite,1,1624829346.5207622,/media/batool/MULTIMODAL_DATA/Multimodal_Data/Cat1/opposite/bag_files/Cat1_20mph_lr_opposite_1/camera_images/1624829346.5207622.jpg
Cat1,20mph,lr,opposite,1,1624829346.5540955,/media/batool/MULTIMODAL_DATA/Multimodal_Data/Cat1/opposite/bag_files/Cat1_20mph_lr_opposite_1/camera_images/1624829346.5540955.jpg
Cat1,20mph,lr,opposite,1,1624829346.5874288,/media/batool/MULTIMODAL_DATA/Multimodal_Data/Cat1/opposite/bag_files/Cat1_20mph_lr_opposite_1/camera_images/1624829346.5874288.jpg
Cat1,20mph,lr,opposite,1,1624829346.620762,/media/batool/MULTIMODAL_DATA/Multimodal_Data/Cat1/opposite/bag_files/Cat1_20mph_lr_opposite_1/camera_images/1624829346.620762.jpg
Cat1,20mph,lr,opposite,1,1624829346.6874287,/media/batool/MULTIMODAL_DATA/Multimodal_Data/Cat1/opposite/bag_files/Cat1_20mph_lr_opposite_1/camera_images/1624829346.6874287.jpg
Cat1,20mph,lr,opposite,1,1624829346.720762,/media/batool/MULTIMODAL_DATA/Multimodal_Data/Cat1/opposite/bag_files/Cat1_20mph_lr_opposite_1/camera_images/1624829346.720762.jpg
Cat1,20mph,lr,opposite,1,1624829346.7540953,/media/batool/MULTIMODAL_DATA/Multimodal_Data/Cat1/opposite/bag_files/Cat1_20mph_lr_opposite_1/camera_images/1624829346.7540953.jpg
Cat1,20mph,lr,opposite,1,1624829346.7874286,/media/batool/MULTIMODAL_DATA/Multimodal_Data/Cat1/opposite/bag_files/Cat1_20mph_lr_opposite_1/camera_images/1624829346.7874286.jpg
Cat1,20mph,lr,opposite,1,1624829346.820762,/media/batool/MULTIMODAL_DATA/Multimodal_Data/Cat1/opposite/bag_files/Cat1_20mph_lr_opposite_1/camera_images/1624829346.820762.jpg
Cat1,20mph,lr,opposite,1,1624829346.8540952,/media/batool/MULTIMODAL_DATA/Multimodal_Data/Cat1/opposite/bag_files/Cat1_20mph_lr_opposite_1/camera_images/1624829346.8540952.jpg
Cat1,20mph,lr,opposite,1,1624829346.8874285,/media/batool/MULTIMODAL_DATA/Multimodal_Data/Cat1/opposite/bag_files/Cat1_20mph_lr_opposite_1/camera_images/1624829346.8874285.jpg
Cat1,20mph,lr,opposite,1,1624829346.9207618,/media/batool/MULTIMODAL_DATA/Multimodal_Data/Cat1/opposite/bag_files/Cat1_20mph_lr_opposite_1/camera_images/1624829346.9207618.jpg
Cat1,20mph,lr,opposite,1,1624829346.9540951,/media/batool/MULTIMODAL_DATA/Multimodal_Data/Cat1/opposite/bag_files/Cat1_20mph_lr_opposite_1/camera_images/1624829346.9540951.jpg
Cat1,20mph,lr,opposite,1,1624829346.9874284,/media/batool/MULTIMODAL_DATA/Multimodal_Data/Cat1/opposite/bag_files/Cat1_20mph_lr_opposite_1/camera_images/1624829346.9874284.jpg
Cat1,20mph,lr,opposite,1,1624829347.0207617,/media/batool/MULTIMODAL_DATA/Multimodal_Data/Cat1/opposite/bag_files/Cat1_20mph_lr_opposite_1/camera_images/1624829347.0207617.jpg
Cat1,20mph,lr,opposite,1,1624829347.054095,/media/batool/MULTIMODAL_DATA/Multimodal_Data/Cat1/opposite/bag_files/Cat1_20mph_lr_opposite_1/camera_images/1624829347.054095.jpg
Cat1,20mph,lr,opposite,1,1624829347.0874283,/media/batool/MULTIMODAL_DATA/Multimodal_Data/Cat1/opposite/bag_files/Cat1_20mph_lr_opposite_1/camera_images/1624829347.0874283.jpg
Cat1,20mph,lr,opposite,1,1624829347.1207616,/media/batool/MULTIMODAL_DATA/Multimodal_Data/Cat1/opposite/bag_files/Cat1_20mph_lr_opposite_1/camera_images/1624829347.1207616.jpg
Cat1,20mph,lr,opposite,1,1624829347.154095,/media/batool/MULTIMODAL_DATA/Multimodal_Data/Cat1/opposite/bag_files/Cat1_20mph_lr_opposite_1/camera_images/1624829347.154095.jpg
Cat1,20mph,lr,opposite,1,1624829347.2207615,/media/batool/MULTIMODAL_DATA/Multimodal_Data/Cat1/opposite/bag_files/Cat1_20mph_lr_opposite_1/camera_images/1624829347.2207615.jpg
Cat1,20mph,lr,opposite,1,1624829347.2540948,/media/batool/MULTIMODAL_DATA/Multimodal_Data/Cat1/opposite/bag_files/Cat1_20mph_lr_opposite_1/camera_images/1624829347.2540948.jpg
Cat1,20mph,lr,opposite,1,1624829347.2874281,/media/batool/MULTIMODAL_DATA/Multimodal_Data/Cat1/opposite/bag_files/Cat1_20mph_lr_opposite_1/camera_images/1624829347.2874281.jpg
Cat1,20mph,lr,opposite,1,1624829347.3207614,/media/batool/MULTIMODAL_DATA/Multimodal_Data/Cat1/opposite/bag_files/Cat1_20mph_lr_opposite_1/camera_images/1624829347.3207614.jpg
Cat1,20mph,lr,opposite,1,1624829347.3540947,/media/batool/MULTIMODAL_DATA/Multimodal_Data/Cat1/opposite/bag_files/Cat1_20mph_lr_opposite_1/camera_images/1624829347.3540947.jpg
Cat1,20mph,lr,opposite,1,1624829347.387428,/media/batool/MULTIMODAL_DATA/Multimodal_Data/Cat1/opposite/bag_files/Cat1_20mph_lr_opposite_1/camera_images/1624829347.387428.jpg
Cat1,20mph,lr,opposite,1,1624829347.4207613,/media/batool/MULTIMODAL_DATA/Multimodal_Data/Cat1/opposite/bag_files/Cat1_20mph_lr_opposite_1/camera_images/1624829347.4207613.jpg
Cat1,20mph,lr,opposite,1,1624829347.4540946,/media/batool/MULTIMODAL_DATA/Multimodal_Data/Cat1/opposite/bag_files/Cat1_20mph_lr_opposite_1/camera_images/1624829347.4540946.jpg
Cat1,20mph,lr,opposite,1,1624829347.487428,/media/batool/MULTIMODAL_DATA/Multimodal_Data/Cat1/opposite/bag_files/Cat1_20mph_lr_opposite_1/camera_images/1624829347.487428.jpg
Cat1,20mph,lr,opposite,1,1624829347.5207613,/media/batool/MULTIMODAL_DATA/Multimodal_Data/Cat1/opposite/bag_files/Cat1_20mph_lr_opposite_1/camera_images/1624829347.5207613.jpg
Cat1,20mph,lr,opposite,1,1624829347.5540946,/media/batool/MULTIMODAL_DATA/Multimodal_Data/Cat1/opposite/bag_files/Cat1_20mph_lr_opposite_1/camera_images/1624829347.5540946.jpg
Cat1,20mph,lr,opposite,1,1624829347.5874279,/media/batool/MULTIMODAL_DATA/Multimodal_Data/Cat1/opposite/bag_files/Cat1_20mph_lr_opposite_1/camera_images/1624829347.5874279.jpg
Cat1,20mph,lr,opposite,1,1624829347.6207612,/media/batool/MULTIMODAL_DATA/Multimodal_Data/Cat1/opposite/bag_files/Cat1_20mph_lr_opposite_1/camera_images/1624829347.6207612.jpg
Cat1,20mph,lr,opposite,1,1624829347.6540945,/media/batool/MULTIMODAL_DATA/Multimodal_Data/Cat1/opposite/bag_files/Cat1_20mph_lr_opposite_1/camera_images/1624829347.6540945.jpg
Cat1,20mph,lr,opposite,1,1624829347.6874278,/media/batool/MULTIMODAL_DATA/Multimodal_Data/Cat1/opposite/bag_files/Cat1_20mph_lr_opposite_1/camera_images/1624829347.6874278.jpg
Cat1,20mph,lr,opposite,1,1624829347.7540944,/media/batool/MULTIMODAL_DATA/Multimodal_Data/Cat1/opposite/bag_files/Cat1_20mph_lr_opposite_1/camera_images/1624829347.7540944.jpg
Cat1,20mph,lr,opposite,1,1624829347.7874277,/media/batool/MULTIMODAL_DATA/Multimodal_Data/Cat1/opposite/bag_files/Cat1_20mph_lr_opposite_1/camera_images/1624829347.7874277.jpg
Cat1,20mph,lr,opposite,1,1624829347.820761,/media/batool/MULTIMODAL_DATA/Multimodal_Data/Cat1/opposite/bag_files/Cat1_20mph_lr_opposite_1/camera_images/1624829347.820761.jpg
Cat1,20mph,lr,opposite,1,1624829347.8540943,/media/batool/MULTIMODAL_DATA/Multimodal_Data/Cat1/opposite/bag_files/Cat1_20mph_lr_opposite_1/camera_images/1624829347.8540943.jpg
Cat1,20mph,lr,opposite,1,1624829347.8874276,/media/batool/MULTIMODAL_DATA/Multimodal_Data/Cat1/opposite/bag_files/Cat1_20mph_lr_opposite_1/camera_images/1624829347.8874276.jpg
Cat1,20mph,lr,opposite,1,1624829347.9207609,/media/batool/MULTIMODAL_DATA/Multimodal_Data/Cat1/opposite/bag_files/Cat1_20mph_lr_opposite_1/camera_images/1624829347.9207609.jpg
Cat1,20mph,lr,opposite,1,1624829347.9540942,/media/batool/MULTIMODAL_DATA/Multimodal_Data/Cat1/opposite/bag_files/Cat1_20mph_lr_opposite_1/camera_images/1624829347.9540942.jpg
Cat1,20mph,lr,opposite,1,1624829347.9874275,/media/batool/MULTIMODAL_DATA/Multimodal_Data/Cat1/opposite/bag_files/Cat1_20mph_lr_opposite_1/camera_images/1624829347.9874275.jpg
Cat1,20mph,lr,opposite,1,1624829348.0207608,/media/batool/MULTIMODAL_DATA/Multimodal_Data/Cat1/opposite/bag_files/Cat1_20mph_lr_opposite_1/camera_images/1624829348.0207608.jpg
Cat1,20mph,lr,opposite,1,1624829348.054094,/media/batool/MULTIMODAL_DATA/Multimodal_Data/Cat1/opposite/bag_files/Cat1_20mph_lr_opposite_1/camera_images/1624829348.054094.jpg
Cat1,20mph,lr,opposite,1,1624829348.0874274,/media/batool/MULTIMODAL_DATA/Multimodal_Data/Cat1/opposite/bag_files/Cat1_20mph_lr_opposite_1/camera_images/1624829348.0874274.jpg
Cat1,20mph,lr,opposite,1,1624829348.1207607,/media/batool/MULTIMODAL_DATA/Multimodal_Data/Cat1/opposite/bag_files/Cat1_20mph_lr_opposite_1/camera_images/1624829348.1207607.jpg
Cat1,20mph,lr,opposite,1,1624829348.154094,/media/batool/MULTIMODAL_DATA/Multimodal_Data/Cat1/opposite/bag_files/Cat1_20mph_lr_opposite_1/camera_images/1624829348.154094.jpg
Cat1,20mph,lr,opposite,1,1624829348.1874273,/media/batool/MULTIMODAL_DATA/Multimodal_Data/Cat1/opposite/bag_files/Cat1_20mph_lr_opposite_1/camera_images/1624829348.1874273.jpg
Cat1,20mph,lr,opposite,1,1624829348.2207606,/media/batool/MULTIMODAL_DATA/Multimodal_Data/Cat1/opposite/bag_files/Cat1_20mph_lr_opposite_1/camera_images/1624829348.2207606.jpg
Cat1,20mph,lr,opposite,1,1624829348.254094,/media/batool/MULTIMODAL_DATA/Multimodal_Data/Cat1/opposite/bag_files/Cat1_20mph_lr_opposite_1/camera_images/1624829348.254094.jpg
Cat1,20mph,lr,opposite,1,1624829348.2874272,/media/batool/MULTIMODAL_DATA/Multimodal_Data/Cat1/opposite/bag_files/Cat1_20mph_lr_opposite_1/camera_images/1624829348.2874272.jpg
Cat1,20mph,lr,opposite,1,1624829348.3207605,/media/batool/MULTIMODAL_DATA/Multimodal_Data/Cat1/opposite/bag_files/Cat1_20mph_lr_opposite_1/camera_images/1624829348.3207605.jpg
Cat1,20mph,lr,opposite,1,1624829348.3540938,/media/batool/MULTIMODAL_DATA/Multimodal_Data/Cat1/opposite/bag_files/Cat1_20mph_lr_opposite_1/camera_images/1624829348.3540938.jpg
Cat1,20mph,lr,opposite,1,1624829348.387427,/media/batool/MULTIMODAL_DATA/Multimodal_Data/Cat1/opposite/bag_files/Cat1_20mph_lr_opposite_1/camera_images/1624829348.387427.jpg
Cat1,20mph,lr,opposite,1,1624829348.4207604,/media/batool/MULTIMODAL_DATA/Multimodal_Data/Cat1/opposite/bag_files/Cat1_20mph_lr_opposite_1/camera_images/1624829348.4207604.jpg
Cat1,20mph,lr,opposite,1,1624829348.4540937,/media/batool/MULTIMODAL_DATA/Multimodal_Data/Cat1/opposite/bag_files/Cat1_20mph_lr_opposite_1/camera_images/1624829348.4540937.jpg
