Category,speed,direction,lane,episode,Time header,lidar number,path to the file
Cat1,20mph,lr,opposite,1,1624829332.415066000,ns1,/media/batool/MULTIMODAL_DATA/Multimodal_Data/Cat1/opposite/bag_files/Cat1_20mph_lr_opposite_1/lidar_pcd/ns1/velodyne_points/1624829332.415066000.pcd
Cat1,20mph,lr,opposite,1,1624829332.515882000,ns1,/media/batool/MULTIMODAL_DATA/Multimodal_Data/Cat1/opposite/bag_files/Cat1_20mph_lr_opposite_1/lidar_pcd/ns1/velodyne_points/1624829332.515882000.pcd
Cat1,20mph,lr,opposite,1,1624829332.616775000,ns1,/media/batool/MULTIMODAL_DATA/Multimodal_Data/Cat1/opposite/bag_files/Cat1_20mph_lr_opposite_1/lidar_pcd/ns1/velodyne_points/1624829332.616775000.pcd
Cat1,20mph,lr,opposite,1,1624829332.717620000,ns1,/media/batool/MULTIMODAL_DATA/Multimodal_Data/Cat1/opposite/bag_files/Cat1_20mph_lr_opposite_1/lidar_pcd/ns1/velodyne_points/1624829332.717620000.pcd
Cat1,20mph,lr,opposite,1,1624829332.818511000,ns1,/media/batool/MULTIMODAL_DATA/Multimodal_Data/Cat1/opposite/bag_files/Cat1_20mph_lr_opposite_1/lidar_pcd/ns1/velodyne_points/1624829332.818511000.pcd
Cat1,20mph,lr,opposite,1,1624829332.919314000,ns1,/media/batool/MULTIMODAL_DATA/Multimodal_Data/Cat1/opposite/bag_files/Cat1_20mph_lr_opposite_1/lidar_pcd/ns1/velodyne_points/1624829332.919314000.pcd
Cat1,20mph,lr,opposite,1,1624829333.020234000,ns1,/media/batool/MULTIMODAL_DATA/Multimodal_Data/Cat1/opposite/bag_files/Cat1_20mph_lr_opposite_1/lidar_pcd/ns1/velodyne_points/1624829333.020234000.pcd
Cat1,20mph,lr,opposite,1,1624829333.121077000,ns1,/media/batool/MULTIMODAL_DATA/Multimodal_Data/Cat1/opposite/bag_files/Cat1_20mph_lr_opposite_1/lidar_pcd/ns1/velodyne_points/1624829333.121077000.pcd
Cat1,20mph,lr,opposite,1,1624829333.221919000,ns1,/media/batool/MULTIMODAL_DATA/Multimodal_Data/Cat1/opposite/bag_files/Cat1_20mph_lr_opposite_1/lidar_pcd/ns1/velodyne_points/1624829333.221919000.pcd
Cat1,20mph,lr,opposite,1,1624829333.322791000,ns1,/media/batool/MULTIMODAL_DATA/Multimodal_Data/Cat1/opposite/bag_files/Cat1_20mph_lr_opposite_1/lidar_pcd/ns1/velodyne_points/1624829333.322791000.pcd
Cat1,20mph,lr,opposite,1,1624829333.423643000,ns1,/media/batool/MULTIMODAL_DATA/Multimodal_Data/Cat1/opposite/bag_files/Cat1_20mph_lr_opposite_1/lidar_pcd/ns1/velodyne_points/1624829333.423643000.pcd
Cat1,20mph,lr,opposite,1,1624829333.524500000,ns1,/media/batool/MULTIMODAL_DATA/Multimodal_Data/Cat1/opposite/bag_files/Cat1_20mph_lr_opposite_1/lidar_pcd/ns1/velodyne_points/1624829333.524500000.pcd
Cat1,20mph,lr,opposite,1,1624829333.625343000,ns1,/media/batool/MULTIMODAL_DATA/Multimodal_Data/Cat1/opposite/bag_files/Cat1_20mph_lr_opposite_1/lidar_pcd/ns1/velodyne_points/1624829333.625343000.pcd
Cat1,20mph,lr,opposite,1,1624829333.726229000,ns1,/media/batool/MULTIMODAL_DATA/Multimodal_Data/Cat1/opposite/bag_files/Cat1_20mph_lr_opposite_1/lidar_pcd/ns1/velodyne_points/1624829333.726229000.pcd
Cat1,20mph,lr,opposite,1,1624829333.927913000,ns1,/media/batool/MULTIMODAL_DATA/Multimodal_Data/Cat1/opposite/bag_files/Cat1_20mph_lr_opposite_1/lidar_pcd/ns1/velodyne_points/1624829333.927913000.pcd
Cat1,20mph,lr,opposite,1,1624829334.028783000,ns1,/media/batool/MULTIMODAL_DATA/Multimodal_Data/Cat1/opposite/bag_files/Cat1_20mph_lr_opposite_1/lidar_pcd/ns1/velodyne_points/1624829334.028783000.pcd
Cat1,20mph,lr,opposite,1,1624829334.129652000,ns1,/media/batool/MULTIMODAL_DATA/Multimodal_Data/Cat1/opposite/bag_files/Cat1_20mph_lr_opposite_1/lidar_pcd/ns1/velodyne_points/1624829334.129652000.pcd
Cat1,20mph,lr,opposite,1,1624829334.230496000,ns1,/media/batool/MULTIMODAL_DATA/Multimodal_Data/Cat1/opposite/bag_files/Cat1_20mph_lr_opposite_1/lidar_pcd/ns1/velodyne_points/1624829334.230496000.pcd
Cat1,20mph,lr,opposite,1,1624829334.331348000,ns1,/media/batool/MULTIMODAL_DATA/Multimodal_Data/Cat1/opposite/bag_files/Cat1_20mph_lr_opposite_1/lidar_pcd/ns1/velodyne_points/1624829334.331348000.pcd
Cat1,20mph,lr,opposite,1,1624829334.432196000,ns1,/media/batool/MULTIMODAL_DATA/Multimodal_Data/Cat1/opposite/bag_files/Cat1_20mph_lr_opposite_1/lidar_pcd/ns1/velodyne_points/1624829334.432196000.pcd
Cat1,20mph,lr,opposite,1,1624829334.533064000,ns1,/media/batool/MULTIMODAL_DATA/Multimodal_Data/Cat1/opposite/bag_files/Cat1_20mph_lr_opposite_1/lidar_pcd/ns1/velodyne_points/1624829334.533064000.pcd
Cat1,20mph,lr,opposite,1,1624829334.633951000,ns1,/media/batool/MULTIMODAL_DATA/Multimodal_Data/Cat1/opposite/bag_files/Cat1_20mph_lr_opposite_1/lidar_pcd/ns1/velodyne_points/1624829334.633951000.pcd
Cat1,20mph,lr,opposite,1,1624829334.734797000,ns1,/media/batool/MULTIMODAL_DATA/Multimodal_Data/Cat1/opposite/bag_files/Cat1_20mph_lr_opposite_1/lidar_pcd/ns1/velodyne_points/1624829334.734797000.pcd
Cat1,20mph,lr,opposite,1,1624829334.835630000,ns1,/media/batool/MULTIMODAL_DATA/Multimodal_Data/Cat1/opposite/bag_files/Cat1_20mph_lr_opposite_1/lidar_pcd/ns1/velodyne_points/1624829334.835630000.pcd
Cat1,20mph,lr,opposite,1,1624829334.936507000,ns1,/media/batool/MULTIMODAL_DATA/Multimodal_Data/Cat1/opposite/bag_files/Cat1_20mph_lr_opposite_1/lidar_pcd/ns1/velodyne_points/1624829334.936507000.pcd
Cat1,20mph,lr,opposite,1,1624829335.037344000,ns1,/media/batool/MULTIMODAL_DATA/Multimodal_Data/Cat1/opposite/bag_files/Cat1_20mph_lr_opposite_1/lidar_pcd/ns1/velodyne_points/1624829335.037344000.pcd
Cat1,20mph,lr,opposite,1,1624829335.138186000,ns1,/media/batool/MULTIMODAL_DATA/Multimodal_Data/Cat1/opposite/bag_files/Cat1_20mph_lr_opposite_1/lidar_pcd/ns1/velodyne_points/1624829335.138186000.pcd
Cat1,20mph,lr,opposite,1,1624829335.239041000,ns1,/media/batool/MULTIMODAL_DATA/Multimodal_Data/Cat1/opposite/bag_files/Cat1_20mph_lr_opposite_1/lidar_pcd/ns1/velodyne_points/1624829335.239041000.pcd
Cat1,20mph,lr,opposite,1,1624829335.440736000,ns1,/media/batool/MULTIMODAL_DATA/Multimodal_Data/Cat1/opposite/bag_files/Cat1_20mph_lr_opposite_1/lidar_pcd/ns1/velodyne_points/1624829335.440736000.pcd
Cat1,20mph,lr,opposite,1,1624829335.541596000,ns1,/media/batool/MULTIMODAL_DATA/Multimodal_Data/Cat1/opposite/bag_files/Cat1_20mph_lr_opposite_1/lidar_pcd/ns1/velodyne_points/1624829335.541596000.pcd
Cat1,20mph,lr,opposite,1,1624829335.642471000,ns1,/media/batool/MULTIMODAL_DATA/Multimodal_Data/Cat1/opposite/bag_files/Cat1_20mph_lr_opposite_1/lidar_pcd/ns1/velodyne_points/1624829335.642471000.pcd
Cat1,20mph,lr,opposite,1,1624829335.743387000,ns1,/media/batool/MULTIMODAL_DATA/Multimodal_Data/Cat1/opposite/bag_files/Cat1_20mph_lr_opposite_1/lidar_pcd/ns1/velodyne_points/1624829335.743387000.pcd
Cat1,20mph,lr,opposite,1,1624829335.844203000,ns1,/media/batool/MULTIMODAL_DATA/Multimodal_Data/Cat1/opposite/bag_files/Cat1_20mph_lr_opposite_1/lidar_pcd/ns1/velodyne_points/1624829335.844203000.pcd
Cat1,20mph,lr,opposite,1,1624829335.945029000,ns1,/media/batool/MULTIMODAL_DATA/Multimodal_Data/Cat1/opposite/bag_files/Cat1_20mph_lr_opposite_1/lidar_pcd/ns1/velodyne_points/1624829335.945029000.pcd
Cat1,20mph,lr,opposite,1,1624829336.045919000,ns1,/media/batool/MULTIMODAL_DATA/Multimodal_Data/Cat1/opposite/bag_files/Cat1_20mph_lr_opposite_1/lidar_pcd/ns1/velodyne_points/1624829336.045919000.pcd
Cat1,20mph,lr,opposite,1,1624829336.146795000,ns1,/media/batool/MULTIMODAL_DATA/Multimodal_Data/Cat1/opposite/bag_files/Cat1_20mph_lr_opposite_1/lidar_pcd/ns1/velodyne_points/1624829336.146795000.pcd
Cat1,20mph,lr,opposite,1,1624829336.247649000,ns1,/media/batool/MULTIMODAL_DATA/Multimodal_Data/Cat1/opposite/bag_files/Cat1_20mph_lr_opposite_1/lidar_pcd/ns1/velodyne_points/1624829336.247649000.pcd
Cat1,20mph,lr,opposite,1,1624829336.348466000,ns1,/media/batool/MULTIMODAL_DATA/Multimodal_Data/Cat1/opposite/bag_files/Cat1_20mph_lr_opposite_1/lidar_pcd/ns1/velodyne_points/1624829336.348466000.pcd
Cat1,20mph,lr,opposite,1,1624829336.449334000,ns1,/media/batool/MULTIMODAL_DATA/Multimodal_Data/Cat1/opposite/bag_files/Cat1_20mph_lr_opposite_1/lidar_pcd/ns1/velodyne_points/1624829336.449334000.pcd
Cat1,20mph,lr,opposite,1,1624829336.550198000,ns1,/media/batool/MULTIMODAL_DATA/Multimodal_Data/Cat1/opposite/bag_files/Cat1_20mph_lr_opposite_1/lidar_pcd/ns1/velodyne_points/1624829336.550198000.pcd
Cat1,20mph,lr,opposite,1,1624829336.651057000,ns1,/media/batool/MULTIMODAL_DATA/Multimodal_Data/Cat1/opposite/bag_files/Cat1_20mph_lr_opposite_1/lidar_pcd/ns1/velodyne_points/1624829336.651057000.pcd
Cat1,20mph,lr,opposite,1,1624829336.751908000,ns1,/media/batool/MULTIMODAL_DATA/Multimodal_Data/Cat1/opposite/bag_files/Cat1_20mph_lr_opposite_1/lidar_pcd/ns1/velodyne_points/1624829336.751908000.pcd
Cat1,20mph,lr,opposite,1,1624829336.953625000,ns1,/media/batool/MULTIMODAL_DATA/Multimodal_Data/Cat1/opposite/bag_files/Cat1_20mph_lr_opposite_1/lidar_pcd/ns1/velodyne_points/1624829336.953625000.pcd
Cat1,20mph,lr,opposite,1,1624829337.054478000,ns1,/media/batool/MULTIMODAL_DATA/Multimodal_Data/Cat1/opposite/bag_files/Cat1_20mph_lr_opposite_1/lidar_pcd/ns1/velodyne_points/1624829337.054478000.pcd
Cat1,20mph,lr,opposite,1,1624829337.155310000,ns1,/media/batool/MULTIMODAL_DATA/Multimodal_Data/Cat1/opposite/bag_files/Cat1_20mph_lr_opposite_1/lidar_pcd/ns1/velodyne_points/1624829337.155310000.pcd
Cat1,20mph,lr,opposite,1,1624829337.256160000,ns1,/media/batool/MULTIMODAL_DATA/Multimodal_Data/Cat1/opposite/bag_files/Cat1_20mph_lr_opposite_1/lidar_pcd/ns1/velodyne_points/1624829337.256160000.pcd
Cat1,20mph,lr,opposite,1,1624829337.357148000,ns1,/media/batool/MULTIMODAL_DATA/Multimodal_Data/Cat1/opposite/bag_files/Cat1_20mph_lr_opposite_1/lidar_pcd/ns1/velodyne_points/1624829337.357148000.pcd
Cat1,20mph,lr,opposite,1,1624829337.457911000,ns1,/media/batool/MULTIMODAL_DATA/Multimodal_Data/Cat1/opposite/bag_files/Cat1_20mph_lr_opposite_1/lidar_pcd/ns1/velodyne_points/1624829337.457911000.pcd
Cat1,20mph,lr,opposite,1,1624829337.558802000,ns1,/media/batool/MULTIMODAL_DATA/Multimodal_Data/Cat1/opposite/bag_files/Cat1_20mph_lr_opposite_1/lidar_pcd/ns1/velodyne_points/1624829337.558802000.pcd
Cat1,20mph,lr,opposite,1,1624829337.659645000,ns1,/media/batool/MULTIMODAL_DATA/Multimodal_Data/Cat1/opposite/bag_files/Cat1_20mph_lr_opposite_1/lidar_pcd/ns1/velodyne_points/1624829337.659645000.pcd
Cat1,20mph,lr,opposite,1,1624829337.760512000,ns1,/media/batool/MULTIMODAL_DATA/Multimodal_Data/Cat1/opposite/bag_files/Cat1_20mph_lr_opposite_1/lidar_pcd/ns1/velodyne_points/1624829337.760512000.pcd
Cat1,20mph,lr,opposite,1,1624829337.861325000,ns1,/media/batool/MULTIMODAL_DATA/Multimodal_Data/Cat1/opposite/bag_files/Cat1_20mph_lr_opposite_1/lidar_pcd/ns1/velodyne_points/1624829337.861325000.pcd
Cat1,20mph,lr,opposite,1,1624829337.962152000,ns1,/media/batool/MULTIMODAL_DATA/Multimodal_Data/Cat1/opposite/bag_files/Cat1_20mph_lr_opposite_1/lidar_pcd/ns1/velodyne_points/1624829337.962152000.pcd
Cat1,20mph,lr,opposite,1,1624829338.063051000,ns1,/media/batool/MULTIMODAL_DATA/Multimodal_Data/Cat1/opposite/bag_files/Cat1_20mph_lr_opposite_1/lidar_pcd/ns1/velodyne_points/1624829338.063051000.pcd
Cat1,20mph,lr,opposite,1,1624829338.163890000,ns1,/media/batool/MULTIMODAL_DATA/Multimodal_Data/Cat1/opposite/bag_files/Cat1_20mph_lr_opposite_1/lidar_pcd/ns1/velodyne_points/1624829338.163890000.pcd
Cat1,20mph,lr,opposite,1,1624829338.264745000,ns1,/media/batool/MULTIMODAL_DATA/Multimodal_Data/Cat1/opposite/bag_files/Cat1_20mph_lr_opposite_1/lidar_pcd/ns1/velodyne_points/1624829338.264745000.pcd
Cat1,20mph,lr,opposite,1,1624829333.827064000,ns1,/media/batool/MULTIMODAL_DATA/Multimodal_Data/Cat1/opposite/bag_files/Cat1_20mph_lr_opposite_1/lidar_pcd/ns1/velodyne_points/1624829333.827064000.pcd
Cat1,20mph,lr,opposite,1,1624829335.339890000,ns1,/media/batool/MULTIMODAL_DATA/Multimodal_Data/Cat1/opposite/bag_files/Cat1_20mph_lr_opposite_1/lidar_pcd/ns1/velodyne_points/1624829335.339890000.pcd
Cat1,20mph,lr,opposite,1,1624829336.852784000,ns1,/media/batool/MULTIMODAL_DATA/Multimodal_Data/Cat1/opposite/bag_files/Cat1_20mph_lr_opposite_1/lidar_pcd/ns1/velodyne_points/1624829336.852784000.pcd
Cat1,20mph,lr,opposite,1,1624829338.365636000,ns1,/media/batool/MULTIMODAL_DATA/Multimodal_Data/Cat1/opposite/bag_files/Cat1_20mph_lr_opposite_1/lidar_pcd/ns1/velodyne_points/1624829338.365636000.pcd
Cat1,20mph,lr,opposite,1,1624829339.878493000,ns1,/media/batool/MULTIMODAL_DATA/Multimodal_Data/Cat1/opposite/bag_files/Cat1_20mph_lr_opposite_1/lidar_pcd/ns1/velodyne_points/1624829339.878493000.pcd
Cat1,20mph,lr,opposite,1,1624829341.391304000,ns1,/media/batool/MULTIMODAL_DATA/Multimodal_Data/Cat1/opposite/bag_files/Cat1_20mph_lr_opposite_1/lidar_pcd/ns1/velodyne_points/1624829341.391304000.pcd
Cat1,20mph,lr,opposite,1,1624829342.904197000,ns1,/media/batool/MULTIMODAL_DATA/Multimodal_Data/Cat1/opposite/bag_files/Cat1_20mph_lr_opposite_1/lidar_pcd/ns1/velodyne_points/1624829342.904197000.pcd
Cat1,20mph,lr,opposite,1,1624829344.417008000,ns1,/media/batool/MULTIMODAL_DATA/Multimodal_Data/Cat1/opposite/bag_files/Cat1_20mph_lr_opposite_1/lidar_pcd/ns1/velodyne_points/1624829344.417008000.pcd
Cat1,20mph,lr,opposite,1,1624829345.929897000,ns1,/media/batool/MULTIMODAL_DATA/Multimodal_Data/Cat1/opposite/bag_files/Cat1_20mph_lr_opposite_1/lidar_pcd/ns1/velodyne_points/1624829345.929897000.pcd
Cat1,20mph,lr,opposite,1,1624829347.442709000,ns1,/media/batool/MULTIMODAL_DATA/Multimodal_Data/Cat1/opposite/bag_files/Cat1_20mph_lr_opposite_1/lidar_pcd/ns1/velodyne_points/1624829347.442709000.pcd
Cat1,20mph,lr,opposite,1,1624829348.955590000,ns1,/media/batool/MULTIMODAL_DATA/Multimodal_Data/Cat1/opposite/bag_files/Cat1_20mph_lr_opposite_1/lidar_pcd/ns1/velodyne_points/1624829348.955590000.pcd
Cat1,20mph,lr,opposite,1,1624829350.468455000,ns1,/media/batool/MULTIMODAL_DATA/Multimodal_Data/Cat1/opposite/bag_files/Cat1_20mph_lr_opposite_1/lidar_pcd/ns1/velodyne_points/1624829350.468455000.pcd
Cat1,20mph,lr,opposite,1,1624829351.981293000,ns1,/media/batool/MULTIMODAL_DATA/Multimodal_Data/Cat1/opposite/bag_files/Cat1_20mph_lr_opposite_1/lidar_pcd/ns1/velodyne_points/1624829351.981293000.pcd
Cat1,20mph,lr,opposite,1,1624829353.494127000,ns1,/media/batool/MULTIMODAL_DATA/Multimodal_Data/Cat1/opposite/bag_files/Cat1_20mph_lr_opposite_1/lidar_pcd/ns1/velodyne_points/1624829353.494127000.pcd
Cat1,20mph,lr,opposite,1,1624829338.466497000,ns1,/media/batool/MULTIMODAL_DATA/Multimodal_Data/Cat1/opposite/bag_files/Cat1_20mph_lr_opposite_1/lidar_pcd/ns1/velodyne_points/1624829338.466497000.pcd
Cat1,20mph,lr,opposite,1,1624829338.567372000,ns1,/media/batool/MULTIMODAL_DATA/Multimodal_Data/Cat1/opposite/bag_files/Cat1_20mph_lr_opposite_1/lidar_pcd/ns1/velodyne_points/1624829338.567372000.pcd
Cat1,20mph,lr,opposite,1,1624829338.668183000,ns1,/media/batool/MULTIMODAL_DATA/Multimodal_Data/Cat1/opposite/bag_files/Cat1_20mph_lr_opposite_1/lidar_pcd/ns1/velodyne_points/1624829338.668183000.pcd
Cat1,20mph,lr,opposite,1,1624829338.769063000,ns1,/media/batool/MULTIMODAL_DATA/Multimodal_Data/Cat1/opposite/bag_files/Cat1_20mph_lr_opposite_1/lidar_pcd/ns1/velodyne_points/1624829338.769063000.pcd
Cat1,20mph,lr,opposite,1,1624829338.869905000,ns1,/media/batool/MULTIMODAL_DATA/Multimodal_Data/Cat1/opposite/bag_files/Cat1_20mph_lr_opposite_1/lidar_pcd/ns1/velodyne_points/1624829338.869905000.pcd
Cat1,20mph,lr,opposite,1,1624829338.970769000,ns1,/media/batool/MULTIMODAL_DATA/Multimodal_Data/Cat1/opposite/bag_files/Cat1_20mph_lr_opposite_1/lidar_pcd/ns1/velodyne_points/1624829338.970769000.pcd
Cat1,20mph,lr,opposite,1,1624829339.071600000,ns1,/media/batool/MULTIMODAL_DATA/Multimodal_Data/Cat1/opposite/bag_files/Cat1_20mph_lr_opposite_1/lidar_pcd/ns1/velodyne_points/1624829339.071600000.pcd
Cat1,20mph,lr,opposite,1,1624829339.172490000,ns1,/media/batool/MULTIMODAL_DATA/Multimodal_Data/Cat1/opposite/bag_files/Cat1_20mph_lr_opposite_1/lidar_pcd/ns1/velodyne_points/1624829339.172490000.pcd
Cat1,20mph,lr,opposite,1,1624829339.273296000,ns1,/media/batool/MULTIMODAL_DATA/Multimodal_Data/Cat1/opposite/bag_files/Cat1_20mph_lr_opposite_1/lidar_pcd/ns1/velodyne_points/1624829339.273296000.pcd
Cat1,20mph,lr,opposite,1,1624829339.374206000,ns1,/media/batool/MULTIMODAL_DATA/Multimodal_Data/Cat1/opposite/bag_files/Cat1_20mph_lr_opposite_1/lidar_pcd/ns1/velodyne_points/1624829339.374206000.pcd
Cat1,20mph,lr,opposite,1,1624829339.475069000,ns1,/media/batool/MULTIMODAL_DATA/Multimodal_Data/Cat1/opposite/bag_files/Cat1_20mph_lr_opposite_1/lidar_pcd/ns1/velodyne_points/1624829339.475069000.pcd
Cat1,20mph,lr,opposite,1,1624829339.575903000,ns1,/media/batool/MULTIMODAL_DATA/Multimodal_Data/Cat1/opposite/bag_files/Cat1_20mph_lr_opposite_1/lidar_pcd/ns1/velodyne_points/1624829339.575903000.pcd
Cat1,20mph,lr,opposite,1,1624829339.676756000,ns1,/media/batool/MULTIMODAL_DATA/Multimodal_Data/Cat1/opposite/bag_files/Cat1_20mph_lr_opposite_1/lidar_pcd/ns1/velodyne_points/1624829339.676756000.pcd
Cat1,20mph,lr,opposite,1,1624829339.777585000,ns1,/media/batool/MULTIMODAL_DATA/Multimodal_Data/Cat1/opposite/bag_files/Cat1_20mph_lr_opposite_1/lidar_pcd/ns1/velodyne_points/1624829339.777585000.pcd
Cat1,20mph,lr,opposite,1,1624829339.979328000,ns1,/media/batool/MULTIMODAL_DATA/Multimodal_Data/Cat1/opposite/bag_files/Cat1_20mph_lr_opposite_1/lidar_pcd/ns1/velodyne_points/1624829339.979328000.pcd
Cat1,20mph,lr,opposite,1,1624829340.080166000,ns1,/media/batool/MULTIMODAL_DATA/Multimodal_Data/Cat1/opposite/bag_files/Cat1_20mph_lr_opposite_1/lidar_pcd/ns1/velodyne_points/1624829340.080166000.pcd
Cat1,20mph,lr,opposite,1,1624829340.181057000,ns1,/media/batool/MULTIMODAL_DATA/Multimodal_Data/Cat1/opposite/bag_files/Cat1_20mph_lr_opposite_1/lidar_pcd/ns1/velodyne_points/1624829340.181057000.pcd
Cat1,20mph,lr,opposite,1,1624829340.281903000,ns1,/media/batool/MULTIMODAL_DATA/Multimodal_Data/Cat1/opposite/bag_files/Cat1_20mph_lr_opposite_1/lidar_pcd/ns1/velodyne_points/1624829340.281903000.pcd
Cat1,20mph,lr,opposite,1,1624829340.382750000,ns1,/media/batool/MULTIMODAL_DATA/Multimodal_Data/Cat1/opposite/bag_files/Cat1_20mph_lr_opposite_1/lidar_pcd/ns1/velodyne_points/1624829340.382750000.pcd
Cat1,20mph,lr,opposite,1,1624829340.483606000,ns1,/media/batool/MULTIMODAL_DATA/Multimodal_Data/Cat1/opposite/bag_files/Cat1_20mph_lr_opposite_1/lidar_pcd/ns1/velodyne_points/1624829340.483606000.pcd
Cat1,20mph,lr,opposite,1,1624829340.584450000,ns1,/media/batool/MULTIMODAL_DATA/Multimodal_Data/Cat1/opposite/bag_files/Cat1_20mph_lr_opposite_1/lidar_pcd/ns1/velodyne_points/1624829340.584450000.pcd
Cat1,20mph,lr,opposite,1,1624829340.685314000,ns1,/media/batool/MULTIMODAL_DATA/Multimodal_Data/Cat1/opposite/bag_files/Cat1_20mph_lr_opposite_1/lidar_pcd/ns1/velodyne_points/1624829340.685314000.pcd
Cat1,20mph,lr,opposite,1,1624829340.786187000,ns1,/media/batool/MULTIMODAL_DATA/Multimodal_Data/Cat1/opposite/bag_files/Cat1_20mph_lr_opposite_1/lidar_pcd/ns1/velodyne_points/1624829340.786187000.pcd
Cat1,20mph,lr,opposite,1,1624829340.887036000,ns1,/media/batool/MULTIMODAL_DATA/Multimodal_Data/Cat1/opposite/bag_files/Cat1_20mph_lr_opposite_1/lidar_pcd/ns1/velodyne_points/1624829340.887036000.pcd
Cat1,20mph,lr,opposite,1,1624829340.987872000,ns1,/media/batool/MULTIMODAL_DATA/Multimodal_Data/Cat1/opposite/bag_files/Cat1_20mph_lr_opposite_1/lidar_pcd/ns1/velodyne_points/1624829340.987872000.pcd
Cat1,20mph,lr,opposite,1,1624829341.088769000,ns1,/media/batool/MULTIMODAL_DATA/Multimodal_Data/Cat1/opposite/bag_files/Cat1_20mph_lr_opposite_1/lidar_pcd/ns1/velodyne_points/1624829341.088769000.pcd
Cat1,20mph,lr,opposite,1,1624829341.189633000,ns1,/media/batool/MULTIMODAL_DATA/Multimodal_Data/Cat1/opposite/bag_files/Cat1_20mph_lr_opposite_1/lidar_pcd/ns1/velodyne_points/1624829341.189633000.pcd
Cat1,20mph,lr,opposite,1,1624829341.290464000,ns1,/media/batool/MULTIMODAL_DATA/Multimodal_Data/Cat1/opposite/bag_files/Cat1_20mph_lr_opposite_1/lidar_pcd/ns1/velodyne_points/1624829341.290464000.pcd
Cat1,20mph,lr,opposite,1,1624829341.492153000,ns1,/media/batool/MULTIMODAL_DATA/Multimodal_Data/Cat1/opposite/bag_files/Cat1_20mph_lr_opposite_1/lidar_pcd/ns1/velodyne_points/1624829341.492153000.pcd
Cat1,20mph,lr,opposite,1,1624829341.593058000,ns1,/media/batool/MULTIMODAL_DATA/Multimodal_Data/Cat1/opposite/bag_files/Cat1_20mph_lr_opposite_1/lidar_pcd/ns1/velodyne_points/1624829341.593058000.pcd
Cat1,20mph,lr,opposite,1,1624829341.693916000,ns1,/media/batool/MULTIMODAL_DATA/Multimodal_Data/Cat1/opposite/bag_files/Cat1_20mph_lr_opposite_1/lidar_pcd/ns1/velodyne_points/1624829341.693916000.pcd
Cat1,20mph,lr,opposite,1,1624829341.794736000,ns1,/media/batool/MULTIMODAL_DATA/Multimodal_Data/Cat1/opposite/bag_files/Cat1_20mph_lr_opposite_1/lidar_pcd/ns1/velodyne_points/1624829341.794736000.pcd
Cat1,20mph,lr,opposite,1,1624829341.895610000,ns1,/media/batool/MULTIMODAL_DATA/Multimodal_Data/Cat1/opposite/bag_files/Cat1_20mph_lr_opposite_1/lidar_pcd/ns1/velodyne_points/1624829341.895610000.pcd
Cat1,20mph,lr,opposite,1,1624829341.996424000,ns1,/media/batool/MULTIMODAL_DATA/Multimodal_Data/Cat1/opposite/bag_files/Cat1_20mph_lr_opposite_1/lidar_pcd/ns1/velodyne_points/1624829341.996424000.pcd
Cat1,20mph,lr,opposite,1,1624829342.097311000,ns1,/media/batool/MULTIMODAL_DATA/Multimodal_Data/Cat1/opposite/bag_files/Cat1_20mph_lr_opposite_1/lidar_pcd/ns1/velodyne_points/1624829342.097311000.pcd
Cat1,20mph,lr,opposite,1,1624829342.198205000,ns1,/media/batool/MULTIMODAL_DATA/Multimodal_Data/Cat1/opposite/bag_files/Cat1_20mph_lr_opposite_1/lidar_pcd/ns1/velodyne_points/1624829342.198205000.pcd
Cat1,20mph,lr,opposite,1,1624829342.299051000,ns1,/media/batool/MULTIMODAL_DATA/Multimodal_Data/Cat1/opposite/bag_files/Cat1_20mph_lr_opposite_1/lidar_pcd/ns1/velodyne_points/1624829342.299051000.pcd
Cat1,20mph,lr,opposite,1,1624829342.399872000,ns1,/media/batool/MULTIMODAL_DATA/Multimodal_Data/Cat1/opposite/bag_files/Cat1_20mph_lr_opposite_1/lidar_pcd/ns1/velodyne_points/1624829342.399872000.pcd
Cat1,20mph,lr,opposite,1,1624829342.500743000,ns1,/media/batool/MULTIMODAL_DATA/Multimodal_Data/Cat1/opposite/bag_files/Cat1_20mph_lr_opposite_1/lidar_pcd/ns1/velodyne_points/1624829342.500743000.pcd
Cat1,20mph,lr,opposite,1,1624829342.601623000,ns1,/media/batool/MULTIMODAL_DATA/Multimodal_Data/Cat1/opposite/bag_files/Cat1_20mph_lr_opposite_1/lidar_pcd/ns1/velodyne_points/1624829342.601623000.pcd
Cat1,20mph,lr,opposite,1,1624829342.702493000,ns1,/media/batool/MULTIMODAL_DATA/Multimodal_Data/Cat1/opposite/bag_files/Cat1_20mph_lr_opposite_1/lidar_pcd/ns1/velodyne_points/1624829342.702493000.pcd
Cat1,20mph,lr,opposite,1,1624829342.803366000,ns1,/media/batool/MULTIMODAL_DATA/Multimodal_Data/Cat1/opposite/bag_files/Cat1_20mph_lr_opposite_1/lidar_pcd/ns1/velodyne_points/1624829342.803366000.pcd
Cat1,20mph,lr,opposite,1,1624829343.005028000,ns1,/media/batool/MULTIMODAL_DATA/Multimodal_Data/Cat1/opposite/bag_files/Cat1_20mph_lr_opposite_1/lidar_pcd/ns1/velodyne_points/1624829343.005028000.pcd
Cat1,20mph,lr,opposite,1,1624829343.105858000,ns1,/media/batool/MULTIMODAL_DATA/Multimodal_Data/Cat1/opposite/bag_files/Cat1_20mph_lr_opposite_1/lidar_pcd/ns1/velodyne_points/1624829343.105858000.pcd
Cat1,20mph,lr,opposite,1,1624829343.206753000,ns1,/media/batool/MULTIMODAL_DATA/Multimodal_Data/Cat1/opposite/bag_files/Cat1_20mph_lr_opposite_1/lidar_pcd/ns1/velodyne_points/1624829343.206753000.pcd
Cat1,20mph,lr,opposite,1,1624829343.307620000,ns1,/media/batool/MULTIMODAL_DATA/Multimodal_Data/Cat1/opposite/bag_files/Cat1_20mph_lr_opposite_1/lidar_pcd/ns1/velodyne_points/1624829343.307620000.pcd
Cat1,20mph,lr,opposite,1,1624829343.408453000,ns1,/media/batool/MULTIMODAL_DATA/Multimodal_Data/Cat1/opposite/bag_files/Cat1_20mph_lr_opposite_1/lidar_pcd/ns1/velodyne_points/1624829343.408453000.pcd
Cat1,20mph,lr,opposite,1,1624829343.509297000,ns1,/media/batool/MULTIMODAL_DATA/Multimodal_Data/Cat1/opposite/bag_files/Cat1_20mph_lr_opposite_1/lidar_pcd/ns1/velodyne_points/1624829343.509297000.pcd
Cat1,20mph,lr,opposite,1,1624829343.610180000,ns1,/media/batool/MULTIMODAL_DATA/Multimodal_Data/Cat1/opposite/bag_files/Cat1_20mph_lr_opposite_1/lidar_pcd/ns1/velodyne_points/1624829343.610180000.pcd
Cat1,20mph,lr,opposite,1,1624829343.711045000,ns1,/media/batool/MULTIMODAL_DATA/Multimodal_Data/Cat1/opposite/bag_files/Cat1_20mph_lr_opposite_1/lidar_pcd/ns1/velodyne_points/1624829343.711045000.pcd
Cat1,20mph,lr,opposite,1,1624829343.811884000,ns1,/media/batool/MULTIMODAL_DATA/Multimodal_Data/Cat1/opposite/bag_files/Cat1_20mph_lr_opposite_1/lidar_pcd/ns1/velodyne_points/1624829343.811884000.pcd
Cat1,20mph,lr,opposite,1,1624829343.912752000,ns1,/media/batool/MULTIMODAL_DATA/Multimodal_Data/Cat1/opposite/bag_files/Cat1_20mph_lr_opposite_1/lidar_pcd/ns1/velodyne_points/1624829343.912752000.pcd
Cat1,20mph,lr,opposite,1,1624829344.013609000,ns1,/media/batool/MULTIMODAL_DATA/Multimodal_Data/Cat1/opposite/bag_files/Cat1_20mph_lr_opposite_1/lidar_pcd/ns1/velodyne_points/1624829344.013609000.pcd
Cat1,20mph,lr,opposite,1,1624829344.114435000,ns1,/media/batool/MULTIMODAL_DATA/Multimodal_Data/Cat1/opposite/bag_files/Cat1_20mph_lr_opposite_1/lidar_pcd/ns1/velodyne_points/1624829344.114435000.pcd
Cat1,20mph,lr,opposite,1,1624829344.215331000,ns1,/media/batool/MULTIMODAL_DATA/Multimodal_Data/Cat1/opposite/bag_files/Cat1_20mph_lr_opposite_1/lidar_pcd/ns1/velodyne_points/1624829344.215331000.pcd
Cat1,20mph,lr,opposite,1,1624829344.316188000,ns1,/media/batool/MULTIMODAL_DATA/Multimodal_Data/Cat1/opposite/bag_files/Cat1_20mph_lr_opposite_1/lidar_pcd/ns1/velodyne_points/1624829344.316188000.pcd
Cat1,20mph,lr,opposite,1,1624829344.517902000,ns1,/media/batool/MULTIMODAL_DATA/Multimodal_Data/Cat1/opposite/bag_files/Cat1_20mph_lr_opposite_1/lidar_pcd/ns1/velodyne_points/1624829344.517902000.pcd
Cat1,20mph,lr,opposite,1,1624829344.618757000,ns1,/media/batool/MULTIMODAL_DATA/Multimodal_Data/Cat1/opposite/bag_files/Cat1_20mph_lr_opposite_1/lidar_pcd/ns1/velodyne_points/1624829344.618757000.pcd
Cat1,20mph,lr,opposite,1,1624829344.719638000,ns1,/media/batool/MULTIMODAL_DATA/Multimodal_Data/Cat1/opposite/bag_files/Cat1_20mph_lr_opposite_1/lidar_pcd/ns1/velodyne_points/1624829344.719638000.pcd
Cat1,20mph,lr,opposite,1,1624829344.820450000,ns1,/media/batool/MULTIMODAL_DATA/Multimodal_Data/Cat1/opposite/bag_files/Cat1_20mph_lr_opposite_1/lidar_pcd/ns1/velodyne_points/1624829344.820450000.pcd
Cat1,20mph,lr,opposite,1,1624829344.921275000,ns1,/media/batool/MULTIMODAL_DATA/Multimodal_Data/Cat1/opposite/bag_files/Cat1_20mph_lr_opposite_1/lidar_pcd/ns1/velodyne_points/1624829344.921275000.pcd
Cat1,20mph,lr,opposite,1,1624829345.022171000,ns1,/media/batool/MULTIMODAL_DATA/Multimodal_Data/Cat1/opposite/bag_files/Cat1_20mph_lr_opposite_1/lidar_pcd/ns1/velodyne_points/1624829345.022171000.pcd
Cat1,20mph,lr,opposite,1,1624829345.122990000,ns1,/media/batool/MULTIMODAL_DATA/Multimodal_Data/Cat1/opposite/bag_files/Cat1_20mph_lr_opposite_1/lidar_pcd/ns1/velodyne_points/1624829345.122990000.pcd
Cat1,20mph,lr,opposite,1,1624829345.223886000,ns1,/media/batool/MULTIMODAL_DATA/Multimodal_Data/Cat1/opposite/bag_files/Cat1_20mph_lr_opposite_1/lidar_pcd/ns1/velodyne_points/1624829345.223886000.pcd
Cat1,20mph,lr,opposite,1,1624829345.324708000,ns1,/media/batool/MULTIMODAL_DATA/Multimodal_Data/Cat1/opposite/bag_files/Cat1_20mph_lr_opposite_1/lidar_pcd/ns1/velodyne_points/1624829345.324708000.pcd
Cat1,20mph,lr,opposite,1,1624829345.425613000,ns1,/media/batool/MULTIMODAL_DATA/Multimodal_Data/Cat1/opposite/bag_files/Cat1_20mph_lr_opposite_1/lidar_pcd/ns1/velodyne_points/1624829345.425613000.pcd
Cat1,20mph,lr,opposite,1,1624829345.526478000,ns1,/media/batool/MULTIMODAL_DATA/Multimodal_Data/Cat1/opposite/bag_files/Cat1_20mph_lr_opposite_1/lidar_pcd/ns1/velodyne_points/1624829345.526478000.pcd
Cat1,20mph,lr,opposite,1,1624829345.627350000,ns1,/media/batool/MULTIMODAL_DATA/Multimodal_Data/Cat1/opposite/bag_files/Cat1_20mph_lr_opposite_1/lidar_pcd/ns1/velodyne_points/1624829345.627350000.pcd
Cat1,20mph,lr,opposite,1,1624829345.728186000,ns1,/media/batool/MULTIMODAL_DATA/Multimodal_Data/Cat1/opposite/bag_files/Cat1_20mph_lr_opposite_1/lidar_pcd/ns1/velodyne_points/1624829345.728186000.pcd
Cat1,20mph,lr,opposite,1,1624829345.829031000,ns1,/media/batool/MULTIMODAL_DATA/Multimodal_Data/Cat1/opposite/bag_files/Cat1_20mph_lr_opposite_1/lidar_pcd/ns1/velodyne_points/1624829345.829031000.pcd
Cat1,20mph,lr,opposite,1,1624829346.030750000,ns1,/media/batool/MULTIMODAL_DATA/Multimodal_Data/Cat1/opposite/bag_files/Cat1_20mph_lr_opposite_1/lidar_pcd/ns1/velodyne_points/1624829346.030750000.pcd
Cat1,20mph,lr,opposite,1,1624829346.131611000,ns1,/media/batool/MULTIMODAL_DATA/Multimodal_Data/Cat1/opposite/bag_files/Cat1_20mph_lr_opposite_1/lidar_pcd/ns1/velodyne_points/1624829346.131611000.pcd
Cat1,20mph,lr,opposite,1,1624829346.232450000,ns1,/media/batool/MULTIMODAL_DATA/Multimodal_Data/Cat1/opposite/bag_files/Cat1_20mph_lr_opposite_1/lidar_pcd/ns1/velodyne_points/1624829346.232450000.pcd
Cat1,20mph,lr,opposite,1,1624829346.333301000,ns1,/media/batool/MULTIMODAL_DATA/Multimodal_Data/Cat1/opposite/bag_files/Cat1_20mph_lr_opposite_1/lidar_pcd/ns1/velodyne_points/1624829346.333301000.pcd
Cat1,20mph,lr,opposite,1,1624829346.434166000,ns1,/media/batool/MULTIMODAL_DATA/Multimodal_Data/Cat1/opposite/bag_files/Cat1_20mph_lr_opposite_1/lidar_pcd/ns1/velodyne_points/1624829346.434166000.pcd
Cat1,20mph,lr,opposite,1,1624829346.534990000,ns1,/media/batool/MULTIMODAL_DATA/Multimodal_Data/Cat1/opposite/bag_files/Cat1_20mph_lr_opposite_1/lidar_pcd/ns1/velodyne_points/1624829346.534990000.pcd
Cat1,20mph,lr,opposite,1,1624829346.635849000,ns1,/media/batool/MULTIMODAL_DATA/Multimodal_Data/Cat1/opposite/bag_files/Cat1_20mph_lr_opposite_1/lidar_pcd/ns1/velodyne_points/1624829346.635849000.pcd
Cat1,20mph,lr,opposite,1,1624829346.736706000,ns1,/media/batool/MULTIMODAL_DATA/Multimodal_Data/Cat1/opposite/bag_files/Cat1_20mph_lr_opposite_1/lidar_pcd/ns1/velodyne_points/1624829346.736706000.pcd
Cat1,20mph,lr,opposite,1,1624829346.837604000,ns1,/media/batool/MULTIMODAL_DATA/Multimodal_Data/Cat1/opposite/bag_files/Cat1_20mph_lr_opposite_1/lidar_pcd/ns1/velodyne_points/1624829346.837604000.pcd
Cat1,20mph,lr,opposite,1,1624829346.938456000,ns1,/media/batool/MULTIMODAL_DATA/Multimodal_Data/Cat1/opposite/bag_files/Cat1_20mph_lr_opposite_1/lidar_pcd/ns1/velodyne_points/1624829346.938456000.pcd
Cat1,20mph,lr,opposite,1,1624829347.039304000,ns1,/media/batool/MULTIMODAL_DATA/Multimodal_Data/Cat1/opposite/bag_files/Cat1_20mph_lr_opposite_1/lidar_pcd/ns1/velodyne_points/1624829347.039304000.pcd
Cat1,20mph,lr,opposite,1,1624829347.140141000,ns1,/media/batool/MULTIMODAL_DATA/Multimodal_Data/Cat1/opposite/bag_files/Cat1_20mph_lr_opposite_1/lidar_pcd/ns1/velodyne_points/1624829347.140141000.pcd
Cat1,20mph,lr,opposite,1,1624829347.241037000,ns1,/media/batool/MULTIMODAL_DATA/Multimodal_Data/Cat1/opposite/bag_files/Cat1_20mph_lr_opposite_1/lidar_pcd/ns1/velodyne_points/1624829347.241037000.pcd
Cat1,20mph,lr,opposite,1,1624829347.341883000,ns1,/media/batool/MULTIMODAL_DATA/Multimodal_Data/Cat1/opposite/bag_files/Cat1_20mph_lr_opposite_1/lidar_pcd/ns1/velodyne_points/1624829347.341883000.pcd
Cat1,20mph,lr,opposite,1,1624829347.543609000,ns1,/media/batool/MULTIMODAL_DATA/Multimodal_Data/Cat1/opposite/bag_files/Cat1_20mph_lr_opposite_1/lidar_pcd/ns1/velodyne_points/1624829347.543609000.pcd
Cat1,20mph,lr,opposite,1,1624829347.644500000,ns1,/media/batool/MULTIMODAL_DATA/Multimodal_Data/Cat1/opposite/bag_files/Cat1_20mph_lr_opposite_1/lidar_pcd/ns1/velodyne_points/1624829347.644500000.pcd
Cat1,20mph,lr,opposite,1,1624829347.745294000,ns1,/media/batool/MULTIMODAL_DATA/Multimodal_Data/Cat1/opposite/bag_files/Cat1_20mph_lr_opposite_1/lidar_pcd/ns1/velodyne_points/1624829347.745294000.pcd
Cat1,20mph,lr,opposite,1,1624829347.846157000,ns1,/media/batool/MULTIMODAL_DATA/Multimodal_Data/Cat1/opposite/bag_files/Cat1_20mph_lr_opposite_1/lidar_pcd/ns1/velodyne_points/1624829347.846157000.pcd
Cat1,20mph,lr,opposite,1,1624829347.947017000,ns1,/media/batool/MULTIMODAL_DATA/Multimodal_Data/Cat1/opposite/bag_files/Cat1_20mph_lr_opposite_1/lidar_pcd/ns1/velodyne_points/1624829347.947017000.pcd
Cat1,20mph,lr,opposite,1,1624829348.047851000,ns1,/media/batool/MULTIMODAL_DATA/Multimodal_Data/Cat1/opposite/bag_files/Cat1_20mph_lr_opposite_1/lidar_pcd/ns1/velodyne_points/1624829348.047851000.pcd
Cat1,20mph,lr,opposite,1,1624829348.148728000,ns1,/media/batool/MULTIMODAL_DATA/Multimodal_Data/Cat1/opposite/bag_files/Cat1_20mph_lr_opposite_1/lidar_pcd/ns1/velodyne_points/1624829348.148728000.pcd
Cat1,20mph,lr,opposite,1,1624829348.249588000,ns1,/media/batool/MULTIMODAL_DATA/Multimodal_Data/Cat1/opposite/bag_files/Cat1_20mph_lr_opposite_1/lidar_pcd/ns1/velodyne_points/1624829348.249588000.pcd
Cat1,20mph,lr,opposite,1,1624829348.350468000,ns1,/media/batool/MULTIMODAL_DATA/Multimodal_Data/Cat1/opposite/bag_files/Cat1_20mph_lr_opposite_1/lidar_pcd/ns1/velodyne_points/1624829348.350468000.pcd
Cat1,20mph,lr,opposite,1,1624829348.451318000,ns1,/media/batool/MULTIMODAL_DATA/Multimodal_Data/Cat1/opposite/bag_files/Cat1_20mph_lr_opposite_1/lidar_pcd/ns1/velodyne_points/1624829348.451318000.pcd
Cat1,20mph,lr,opposite,1,1624829348.552152000,ns1,/media/batool/MULTIMODAL_DATA/Multimodal_Data/Cat1/opposite/bag_files/Cat1_20mph_lr_opposite_1/lidar_pcd/ns1/velodyne_points/1624829348.552152000.pcd
Cat1,20mph,lr,opposite,1,1624829348.653052000,ns1,/media/batool/MULTIMODAL_DATA/Multimodal_Data/Cat1/opposite/bag_files/Cat1_20mph_lr_opposite_1/lidar_pcd/ns1/velodyne_points/1624829348.653052000.pcd
Cat1,20mph,lr,opposite,1,1624829348.753849000,ns1,/media/batool/MULTIMODAL_DATA/Multimodal_Data/Cat1/opposite/bag_files/Cat1_20mph_lr_opposite_1/lidar_pcd/ns1/velodyne_points/1624829348.753849000.pcd
Cat1,20mph,lr,opposite,1,1624829348.854744000,ns1,/media/batool/MULTIMODAL_DATA/Multimodal_Data/Cat1/opposite/bag_files/Cat1_20mph_lr_opposite_1/lidar_pcd/ns1/velodyne_points/1624829348.854744000.pcd
Cat1,20mph,lr,opposite,1,1624829349.056458000,ns1,/media/batool/MULTIMODAL_DATA/Multimodal_Data/Cat1/opposite/bag_files/Cat1_20mph_lr_opposite_1/lidar_pcd/ns1/velodyne_points/1624829349.056458000.pcd
Cat1,20mph,lr,opposite,1,1624829349.157290000,ns1,/media/batool/MULTIMODAL_DATA/Multimodal_Data/Cat1/opposite/bag_files/Cat1_20mph_lr_opposite_1/lidar_pcd/ns1/velodyne_points/1624829349.157290000.pcd
Cat1,20mph,lr,opposite,1,1624829349.258172000,ns1,/media/batool/MULTIMODAL_DATA/Multimodal_Data/Cat1/opposite/bag_files/Cat1_20mph_lr_opposite_1/lidar_pcd/ns1/velodyne_points/1624829349.258172000.pcd
Cat1,20mph,lr,opposite,1,1624829349.359031000,ns1,/media/batool/MULTIMODAL_DATA/Multimodal_Data/Cat1/opposite/bag_files/Cat1_20mph_lr_opposite_1/lidar_pcd/ns1/velodyne_points/1624829349.359031000.pcd
Cat1,20mph,lr,opposite,1,1624829349.459884000,ns1,/media/batool/MULTIMODAL_DATA/Multimodal_Data/Cat1/opposite/bag_files/Cat1_20mph_lr_opposite_1/lidar_pcd/ns1/velodyne_points/1624829349.459884000.pcd
Cat1,20mph,lr,opposite,1,1624829349.560706000,ns1,/media/batool/MULTIMODAL_DATA/Multimodal_Data/Cat1/opposite/bag_files/Cat1_20mph_lr_opposite_1/lidar_pcd/ns1/velodyne_points/1624829349.560706000.pcd
Cat1,20mph,lr,opposite,1,1624829349.661623000,ns1,/media/batool/MULTIMODAL_DATA/Multimodal_Data/Cat1/opposite/bag_files/Cat1_20mph_lr_opposite_1/lidar_pcd/ns1/velodyne_points/1624829349.661623000.pcd
Cat1,20mph,lr,opposite,1,1624829349.762445000,ns1,/media/batool/MULTIMODAL_DATA/Multimodal_Data/Cat1/opposite/bag_files/Cat1_20mph_lr_opposite_1/lidar_pcd/ns1/velodyne_points/1624829349.762445000.pcd
Cat1,20mph,lr,opposite,1,1624829349.863299000,ns1,/media/batool/MULTIMODAL_DATA/Multimodal_Data/Cat1/opposite/bag_files/Cat1_20mph_lr_opposite_1/lidar_pcd/ns1/velodyne_points/1624829349.863299000.pcd
Cat1,20mph,lr,opposite,1,1624829349.964122000,ns1,/media/batool/MULTIMODAL_DATA/Multimodal_Data/Cat1/opposite/bag_files/Cat1_20mph_lr_opposite_1/lidar_pcd/ns1/velodyne_points/1624829349.964122000.pcd
Cat1,20mph,lr,opposite,1,1624829350.064982000,ns1,/media/batool/MULTIMODAL_DATA/Multimodal_Data/Cat1/opposite/bag_files/Cat1_20mph_lr_opposite_1/lidar_pcd/ns1/velodyne_points/1624829350.064982000.pcd
Cat1,20mph,lr,opposite,1,1624829350.165869000,ns1,/media/batool/MULTIMODAL_DATA/Multimodal_Data/Cat1/opposite/bag_files/Cat1_20mph_lr_opposite_1/lidar_pcd/ns1/velodyne_points/1624829350.165869000.pcd
Cat1,20mph,lr,opposite,1,1624829350.266730000,ns1,/media/batool/MULTIMODAL_DATA/Multimodal_Data/Cat1/opposite/bag_files/Cat1_20mph_lr_opposite_1/lidar_pcd/ns1/velodyne_points/1624829350.266730000.pcd
Cat1,20mph,lr,opposite,1,1624829350.367609000,ns1,/media/batool/MULTIMODAL_DATA/Multimodal_Data/Cat1/opposite/bag_files/Cat1_20mph_lr_opposite_1/lidar_pcd/ns1/velodyne_points/1624829350.367609000.pcd
Cat1,20mph,lr,opposite,1,1624829350.569277000,ns1,/media/batool/MULTIMODAL_DATA/Multimodal_Data/Cat1/opposite/bag_files/Cat1_20mph_lr_opposite_1/lidar_pcd/ns1/velodyne_points/1624829350.569277000.pcd
Cat1,20mph,lr,opposite,1,1624829350.670168000,ns1,/media/batool/MULTIMODAL_DATA/Multimodal_Data/Cat1/opposite/bag_files/Cat1_20mph_lr_opposite_1/lidar_pcd/ns1/velodyne_points/1624829350.670168000.pcd
Cat1,20mph,lr,opposite,1,1624829350.771028000,ns1,/media/batool/MULTIMODAL_DATA/Multimodal_Data/Cat1/opposite/bag_files/Cat1_20mph_lr_opposite_1/lidar_pcd/ns1/velodyne_points/1624829350.771028000.pcd
Cat1,20mph,lr,opposite,1,1624829350.871852000,ns1,/media/batool/MULTIMODAL_DATA/Multimodal_Data/Cat1/opposite/bag_files/Cat1_20mph_lr_opposite_1/lidar_pcd/ns1/velodyne_points/1624829350.871852000.pcd
Cat1,20mph,lr,opposite,1,1624829350.972687000,ns1,/media/batool/MULTIMODAL_DATA/Multimodal_Data/Cat1/opposite/bag_files/Cat1_20mph_lr_opposite_1/lidar_pcd/ns1/velodyne_points/1624829350.972687000.pcd
Cat1,20mph,lr,opposite,1,1624829351.073583000,ns1,/media/batool/MULTIMODAL_DATA/Multimodal_Data/Cat1/opposite/bag_files/Cat1_20mph_lr_opposite_1/lidar_pcd/ns1/velodyne_points/1624829351.073583000.pcd
Cat1,20mph,lr,opposite,1,1624829351.174461000,ns1,/media/batool/MULTIMODAL_DATA/Multimodal_Data/Cat1/opposite/bag_files/Cat1_20mph_lr_opposite_1/lidar_pcd/ns1/velodyne_points/1624829351.174461000.pcd
Cat1,20mph,lr,opposite,1,1624829351.275314000,ns1,/media/batool/MULTIMODAL_DATA/Multimodal_Data/Cat1/opposite/bag_files/Cat1_20mph_lr_opposite_1/lidar_pcd/ns1/velodyne_points/1624829351.275314000.pcd
Cat1,20mph,lr,opposite,1,1624829351.376148000,ns1,/media/batool/MULTIMODAL_DATA/Multimodal_Data/Cat1/opposite/bag_files/Cat1_20mph_lr_opposite_1/lidar_pcd/ns1/velodyne_points/1624829351.376148000.pcd
Cat1,20mph,lr,opposite,1,1624829351.477024000,ns1,/media/batool/MULTIMODAL_DATA/Multimodal_Data/Cat1/opposite/bag_files/Cat1_20mph_lr_opposite_1/lidar_pcd/ns1/velodyne_points/1624829351.477024000.pcd
Cat1,20mph,lr,opposite,1,1624829351.577876000,ns1,/media/batool/MULTIMODAL_DATA/Multimodal_Data/Cat1/opposite/bag_files/Cat1_20mph_lr_opposite_1/lidar_pcd/ns1/velodyne_points/1624829351.577876000.pcd
Cat1,20mph,lr,opposite,1,1624829351.678751000,ns1,/media/batool/MULTIMODAL_DATA/Multimodal_Data/Cat1/opposite/bag_files/Cat1_20mph_lr_opposite_1/lidar_pcd/ns1/velodyne_points/1624829351.678751000.pcd
Cat1,20mph,lr,opposite,1,1624829351.779592000,ns1,/media/batool/MULTIMODAL_DATA/Multimodal_Data/Cat1/opposite/bag_files/Cat1_20mph_lr_opposite_1/lidar_pcd/ns1/velodyne_points/1624829351.779592000.pcd
Cat1,20mph,lr,opposite,1,1624829351.880413000,ns1,/media/batool/MULTIMODAL_DATA/Multimodal_Data/Cat1/opposite/bag_files/Cat1_20mph_lr_opposite_1/lidar_pcd/ns1/velodyne_points/1624829351.880413000.pcd
Cat1,20mph,lr,opposite,1,1624829352.082165000,ns1,/media/batool/MULTIMODAL_DATA/Multimodal_Data/Cat1/opposite/bag_files/Cat1_20mph_lr_opposite_1/lidar_pcd/ns1/velodyne_points/1624829352.082165000.pcd
Cat1,20mph,lr,opposite,1,1624829352.183006000,ns1,/media/batool/MULTIMODAL_DATA/Multimodal_Data/Cat1/opposite/bag_files/Cat1_20mph_lr_opposite_1/lidar_pcd/ns1/velodyne_points/1624829352.183006000.pcd
Cat1,20mph,lr,opposite,1,1624829352.283855000,ns1,/media/batool/MULTIMODAL_DATA/Multimodal_Data/Cat1/opposite/bag_files/Cat1_20mph_lr_opposite_1/lidar_pcd/ns1/velodyne_points/1624829352.283855000.pcd
Cat1,20mph,lr,opposite,1,1624829352.384715000,ns1,/media/batool/MULTIMODAL_DATA/Multimodal_Data/Cat1/opposite/bag_files/Cat1_20mph_lr_opposite_1/lidar_pcd/ns1/velodyne_points/1624829352.384715000.pcd
Cat1,20mph,lr,opposite,1,1624829352.485539000,ns1,/media/batool/MULTIMODAL_DATA/Multimodal_Data/Cat1/opposite/bag_files/Cat1_20mph_lr_opposite_1/lidar_pcd/ns1/velodyne_points/1624829352.485539000.pcd
Cat1,20mph,lr,opposite,1,1624829352.586456000,ns1,/media/batool/MULTIMODAL_DATA/Multimodal_Data/Cat1/opposite/bag_files/Cat1_20mph_lr_opposite_1/lidar_pcd/ns1/velodyne_points/1624829352.586456000.pcd
Cat1,20mph,lr,opposite,1,1624829352.687249000,ns1,/media/batool/MULTIMODAL_DATA/Multimodal_Data/Cat1/opposite/bag_files/Cat1_20mph_lr_opposite_1/lidar_pcd/ns1/velodyne_points/1624829352.687249000.pcd
Cat1,20mph,lr,opposite,1,1624829352.788138000,ns1,/media/batool/MULTIMODAL_DATA/Multimodal_Data/Cat1/opposite/bag_files/Cat1_20mph_lr_opposite_1/lidar_pcd/ns1/velodyne_points/1624829352.788138000.pcd
Cat1,20mph,lr,opposite,1,1624829352.888974000,ns1,/media/batool/MULTIMODAL_DATA/Multimodal_Data/Cat1/opposite/bag_files/Cat1_20mph_lr_opposite_1/lidar_pcd/ns1/velodyne_points/1624829352.888974000.pcd
Cat1,20mph,lr,opposite,1,1624829352.989835000,ns1,/media/batool/MULTIMODAL_DATA/Multimodal_Data/Cat1/opposite/bag_files/Cat1_20mph_lr_opposite_1/lidar_pcd/ns1/velodyne_points/1624829352.989835000.pcd
Cat1,20mph,lr,opposite,1,1624829353.090700000,ns1,/media/batool/MULTIMODAL_DATA/Multimodal_Data/Cat1/opposite/bag_files/Cat1_20mph_lr_opposite_1/lidar_pcd/ns1/velodyne_points/1624829353.090700000.pcd
Cat1,20mph,lr,opposite,1,1624829353.191589000,ns1,/media/batool/MULTIMODAL_DATA/Multimodal_Data/Cat1/opposite/bag_files/Cat1_20mph_lr_opposite_1/lidar_pcd/ns1/velodyne_points/1624829353.191589000.pcd
Cat1,20mph,lr,opposite,1,1624829353.292412000,ns1,/media/batool/MULTIMODAL_DATA/Multimodal_Data/Cat1/opposite/bag_files/Cat1_20mph_lr_opposite_1/lidar_pcd/ns1/velodyne_points/1624829353.292412000.pcd
Cat1,20mph,lr,opposite,1,1624829353.393286000,ns1,/media/batool/MULTIMODAL_DATA/Multimodal_Data/Cat1/opposite/bag_files/Cat1_20mph_lr_opposite_1/lidar_pcd/ns1/velodyne_points/1624829353.393286000.pcd
Cat1,20mph,lr,opposite,1,1624829353.594970000,ns1,/media/batool/MULTIMODAL_DATA/Multimodal_Data/Cat1/opposite/bag_files/Cat1_20mph_lr_opposite_1/lidar_pcd/ns1/velodyne_points/1624829353.594970000.pcd
Cat1,20mph,lr,opposite,1,1624829353.695836000,ns1,/media/batool/MULTIMODAL_DATA/Multimodal_Data/Cat1/opposite/bag_files/Cat1_20mph_lr_opposite_1/lidar_pcd/ns1/velodyne_points/1624829353.695836000.pcd
Cat1,20mph,lr,opposite,1,1624829353.796727000,ns1,/media/batool/MULTIMODAL_DATA/Multimodal_Data/Cat1/opposite/bag_files/Cat1_20mph_lr_opposite_1/lidar_pcd/ns1/velodyne_points/1624829353.796727000.pcd
Cat1,20mph,lr,opposite,1,1624829353.897585000,ns1,/media/batool/MULTIMODAL_DATA/Multimodal_Data/Cat1/opposite/bag_files/Cat1_20mph_lr_opposite_1/lidar_pcd/ns1/velodyne_points/1624829353.897585000.pcd
Cat1,20mph,lr,opposite,1,1624829353.998437000,ns1,/media/batool/MULTIMODAL_DATA/Multimodal_Data/Cat1/opposite/bag_files/Cat1_20mph_lr_opposite_1/lidar_pcd/ns1/velodyne_points/1624829353.998437000.pcd
Cat1,20mph,lr,opposite,1,1624829354.099292000,ns1,/media/batool/MULTIMODAL_DATA/Multimodal_Data/Cat1/opposite/bag_files/Cat1_20mph_lr_opposite_1/lidar_pcd/ns1/velodyne_points/1624829354.099292000.pcd
Cat1,20mph,lr,opposite,1,1624829354.200154000,ns1,/media/batool/MULTIMODAL_DATA/Multimodal_Data/Cat1/opposite/bag_files/Cat1_20mph_lr_opposite_1/lidar_pcd/ns1/velodyne_points/1624829354.200154000.pcd
Cat1,20mph,lr,opposite,1,1624829354.300962000,ns1,/media/batool/MULTIMODAL_DATA/Multimodal_Data/Cat1/opposite/bag_files/Cat1_20mph_lr_opposite_1/lidar_pcd/ns1/velodyne_points/1624829354.300962000.pcd
Cat1,20mph,lr,opposite,1,1624829354.401836000,ns1,/media/batool/MULTIMODAL_DATA/Multimodal_Data/Cat1/opposite/bag_files/Cat1_20mph_lr_opposite_1/lidar_pcd/ns1/velodyne_points/1624829354.401836000.pcd
Cat1,20mph,lr,opposite,1,1624829354.502727000,ns1,/media/batool/MULTIMODAL_DATA/Multimodal_Data/Cat1/opposite/bag_files/Cat1_20mph_lr_opposite_1/lidar_pcd/ns1/velodyne_points/1624829354.502727000.pcd
Cat1,20mph,lr,opposite,1,1624829354.603528000,ns1,/media/batool/MULTIMODAL_DATA/Multimodal_Data/Cat1/opposite/bag_files/Cat1_20mph_lr_opposite_1/lidar_pcd/ns1/velodyne_points/1624829354.603528000.pcd
Cat1,20mph,lr,opposite,1,1624829354.704433000,ns1,/media/batool/MULTIMODAL_DATA/Multimodal_Data/Cat1/opposite/bag_files/Cat1_20mph_lr_opposite_1/lidar_pcd/ns1/velodyne_points/1624829354.704433000.pcd
Cat1,20mph,lr,opposite,1,1624829354.805274000,ns1,/media/batool/MULTIMODAL_DATA/Multimodal_Data/Cat1/opposite/bag_files/Cat1_20mph_lr_opposite_1/lidar_pcd/ns1/velodyne_points/1624829354.805274000.pcd
Cat1,20mph,lr,opposite,1,1624829354.906160000,ns1,/media/batool/MULTIMODAL_DATA/Multimodal_Data/Cat1/opposite/bag_files/Cat1_20mph_lr_opposite_1/lidar_pcd/ns1/velodyne_points/1624829354.906160000.pcd
Cat1,20mph,lr,opposite,1,1624829355.007009000,ns1,/media/batool/MULTIMODAL_DATA/Multimodal_Data/Cat1/opposite/bag_files/Cat1_20mph_lr_opposite_1/lidar_pcd/ns1/velodyne_points/1624829355.007009000.pcd
Cat1,20mph,lr,opposite,1,1624829355.107878000,ns1,/media/batool/MULTIMODAL_DATA/Multimodal_Data/Cat1/opposite/bag_files/Cat1_20mph_lr_opposite_1/lidar_pcd/ns1/velodyne_points/1624829355.107878000.pcd
Cat1,20mph,lr,opposite,1,1624829355.208697000,ns1,/media/batool/MULTIMODAL_DATA/Multimodal_Data/Cat1/opposite/bag_files/Cat1_20mph_lr_opposite_1/lidar_pcd/ns1/velodyne_points/1624829355.208697000.pcd
