Category,speed,direction,lane,episode,Time header,lidar number,path to the file
Cat1,10mph,lr,opposite,1,1624824111.457751000,ns1,/media/batool/MULTIMODAL_DATA/Multimodal_Data/Cat1/opposite/bag_files/Cat1_10mph_lr_opposite_1/lidar_pcd/ns1/velodyne_points/1624824111.457751000.pcd
Cat1,10mph,lr,opposite,1,1624824111.558597000,ns1,/media/batool/MULTIMODAL_DATA/Multimodal_Data/Cat1/opposite/bag_files/Cat1_10mph_lr_opposite_1/lidar_pcd/ns1/velodyne_points/1624824111.558597000.pcd
Cat1,10mph,lr,opposite,1,1624824111.659411000,ns1,/media/batool/MULTIMODAL_DATA/Multimodal_Data/Cat1/opposite/bag_files/Cat1_10mph_lr_opposite_1/lidar_pcd/ns1/velodyne_points/1624824111.659411000.pcd
Cat1,10mph,lr,opposite,1,1624824111.760306000,ns1,/media/batool/MULTIMODAL_DATA/Multimodal_Data/Cat1/opposite/bag_files/Cat1_10mph_lr_opposite_1/lidar_pcd/ns1/velodyne_points/1624824111.760306000.pcd
Cat1,10mph,lr,opposite,1,1624824111.861165000,ns1,/media/batool/MULTIMODAL_DATA/Multimodal_Data/Cat1/opposite/bag_files/Cat1_10mph_lr_opposite_1/lidar_pcd/ns1/velodyne_points/1624824111.861165000.pcd
Cat1,10mph,lr,opposite,1,1624824111.962037000,ns1,/media/batool/MULTIMODAL_DATA/Multimodal_Data/Cat1/opposite/bag_files/Cat1_10mph_lr_opposite_1/lidar_pcd/ns1/velodyne_points/1624824111.962037000.pcd
Cat1,10mph,lr,opposite,1,1624824112.062923000,ns1,/media/batool/MULTIMODAL_DATA/Multimodal_Data/Cat1/opposite/bag_files/Cat1_10mph_lr_opposite_1/lidar_pcd/ns1/velodyne_points/1624824112.062923000.pcd
Cat1,10mph,lr,opposite,1,1624824112.163749000,ns1,/media/batool/MULTIMODAL_DATA/Multimodal_Data/Cat1/opposite/bag_files/Cat1_10mph_lr_opposite_1/lidar_pcd/ns1/velodyne_points/1624824112.163749000.pcd
Cat1,10mph,lr,opposite,1,1624824112.264573000,ns1,/media/batool/MULTIMODAL_DATA/Multimodal_Data/Cat1/opposite/bag_files/Cat1_10mph_lr_opposite_1/lidar_pcd/ns1/velodyne_points/1624824112.264573000.pcd
Cat1,10mph,lr,opposite,1,1624824112.365468000,ns1,/media/batool/MULTIMODAL_DATA/Multimodal_Data/Cat1/opposite/bag_files/Cat1_10mph_lr_opposite_1/lidar_pcd/ns1/velodyne_points/1624824112.365468000.pcd
Cat1,10mph,lr,opposite,1,1624824112.466320000,ns1,/media/batool/MULTIMODAL_DATA/Multimodal_Data/Cat1/opposite/bag_files/Cat1_10mph_lr_opposite_1/lidar_pcd/ns1/velodyne_points/1624824112.466320000.pcd
Cat1,10mph,lr,opposite,1,1624824112.567173000,ns1,/media/batool/MULTIMODAL_DATA/Multimodal_Data/Cat1/opposite/bag_files/Cat1_10mph_lr_opposite_1/lidar_pcd/ns1/velodyne_points/1624824112.567173000.pcd
Cat1,10mph,lr,opposite,1,1624824112.668000000,ns1,/media/batool/MULTIMODAL_DATA/Multimodal_Data/Cat1/opposite/bag_files/Cat1_10mph_lr_opposite_1/lidar_pcd/ns1/velodyne_points/1624824112.668000000.pcd
Cat1,10mph,lr,opposite,1,1624824112.768896000,ns1,/media/batool/MULTIMODAL_DATA/Multimodal_Data/Cat1/opposite/bag_files/Cat1_10mph_lr_opposite_1/lidar_pcd/ns1/velodyne_points/1624824112.768896000.pcd
Cat1,10mph,lr,opposite,1,1624824112.970587000,ns1,/media/batool/MULTIMODAL_DATA/Multimodal_Data/Cat1/opposite/bag_files/Cat1_10mph_lr_opposite_1/lidar_pcd/ns1/velodyne_points/1624824112.970587000.pcd
Cat1,10mph,lr,opposite,1,1624824113.071459000,ns1,/media/batool/MULTIMODAL_DATA/Multimodal_Data/Cat1/opposite/bag_files/Cat1_10mph_lr_opposite_1/lidar_pcd/ns1/velodyne_points/1624824113.071459000.pcd
Cat1,10mph,lr,opposite,1,1624824113.172302000,ns1,/media/batool/MULTIMODAL_DATA/Multimodal_Data/Cat1/opposite/bag_files/Cat1_10mph_lr_opposite_1/lidar_pcd/ns1/velodyne_points/1624824113.172302000.pcd
Cat1,10mph,lr,opposite,1,1624824113.273171000,ns1,/media/batool/MULTIMODAL_DATA/Multimodal_Data/Cat1/opposite/bag_files/Cat1_10mph_lr_opposite_1/lidar_pcd/ns1/velodyne_points/1624824113.273171000.pcd
Cat1,10mph,lr,opposite,1,1624824113.373981000,ns1,/media/batool/MULTIMODAL_DATA/Multimodal_Data/Cat1/opposite/bag_files/Cat1_10mph_lr_opposite_1/lidar_pcd/ns1/velodyne_points/1624824113.373981000.pcd
Cat1,10mph,lr,opposite,1,1624824113.474881000,ns1,/media/batool/MULTIMODAL_DATA/Multimodal_Data/Cat1/opposite/bag_files/Cat1_10mph_lr_opposite_1/lidar_pcd/ns1/velodyne_points/1624824113.474881000.pcd
Cat1,10mph,lr,opposite,1,1624824113.575744000,ns1,/media/batool/MULTIMODAL_DATA/Multimodal_Data/Cat1/opposite/bag_files/Cat1_10mph_lr_opposite_1/lidar_pcd/ns1/velodyne_points/1624824113.575744000.pcd
Cat1,10mph,lr,opposite,1,1624824113.676604000,ns1,/media/batool/MULTIMODAL_DATA/Multimodal_Data/Cat1/opposite/bag_files/Cat1_10mph_lr_opposite_1/lidar_pcd/ns1/velodyne_points/1624824113.676604000.pcd
Cat1,10mph,lr,opposite,1,1624824113.777435000,ns1,/media/batool/MULTIMODAL_DATA/Multimodal_Data/Cat1/opposite/bag_files/Cat1_10mph_lr_opposite_1/lidar_pcd/ns1/velodyne_points/1624824113.777435000.pcd
Cat1,10mph,lr,opposite,1,1624824113.878323000,ns1,/media/batool/MULTIMODAL_DATA/Multimodal_Data/Cat1/opposite/bag_files/Cat1_10mph_lr_opposite_1/lidar_pcd/ns1/velodyne_points/1624824113.878323000.pcd
Cat1,10mph,lr,opposite,1,1624824113.979150000,ns1,/media/batool/MULTIMODAL_DATA/Multimodal_Data/Cat1/opposite/bag_files/Cat1_10mph_lr_opposite_1/lidar_pcd/ns1/velodyne_points/1624824113.979150000.pcd
Cat1,10mph,lr,opposite,1,1624824114.080016000,ns1,/media/batool/MULTIMODAL_DATA/Multimodal_Data/Cat1/opposite/bag_files/Cat1_10mph_lr_opposite_1/lidar_pcd/ns1/velodyne_points/1624824114.080016000.pcd
Cat1,10mph,lr,opposite,1,1624824114.180869000,ns1,/media/batool/MULTIMODAL_DATA/Multimodal_Data/Cat1/opposite/bag_files/Cat1_10mph_lr_opposite_1/lidar_pcd/ns1/velodyne_points/1624824114.180869000.pcd
Cat1,10mph,lr,opposite,1,1624824114.281714000,ns1,/media/batool/MULTIMODAL_DATA/Multimodal_Data/Cat1/opposite/bag_files/Cat1_10mph_lr_opposite_1/lidar_pcd/ns1/velodyne_points/1624824114.281714000.pcd
Cat1,10mph,lr,opposite,1,1624824114.483462000,ns1,/media/batool/MULTIMODAL_DATA/Multimodal_Data/Cat1/opposite/bag_files/Cat1_10mph_lr_opposite_1/lidar_pcd/ns1/velodyne_points/1624824114.483462000.pcd
Cat1,10mph,lr,opposite,1,1624824114.584291000,ns1,/media/batool/MULTIMODAL_DATA/Multimodal_Data/Cat1/opposite/bag_files/Cat1_10mph_lr_opposite_1/lidar_pcd/ns1/velodyne_points/1624824114.584291000.pcd
Cat1,10mph,lr,opposite,1,1624824114.685176000,ns1,/media/batool/MULTIMODAL_DATA/Multimodal_Data/Cat1/opposite/bag_files/Cat1_10mph_lr_opposite_1/lidar_pcd/ns1/velodyne_points/1624824114.685176000.pcd
Cat1,10mph,lr,opposite,1,1624824114.786029000,ns1,/media/batool/MULTIMODAL_DATA/Multimodal_Data/Cat1/opposite/bag_files/Cat1_10mph_lr_opposite_1/lidar_pcd/ns1/velodyne_points/1624824114.786029000.pcd
Cat1,10mph,lr,opposite,1,1624824114.886883000,ns1,/media/batool/MULTIMODAL_DATA/Multimodal_Data/Cat1/opposite/bag_files/Cat1_10mph_lr_opposite_1/lidar_pcd/ns1/velodyne_points/1624824114.886883000.pcd
Cat1,10mph,lr,opposite,1,1624824114.987705000,ns1,/media/batool/MULTIMODAL_DATA/Multimodal_Data/Cat1/opposite/bag_files/Cat1_10mph_lr_opposite_1/lidar_pcd/ns1/velodyne_points/1624824114.987705000.pcd
Cat1,10mph,lr,opposite,1,1624824115.088581000,ns1,/media/batool/MULTIMODAL_DATA/Multimodal_Data/Cat1/opposite/bag_files/Cat1_10mph_lr_opposite_1/lidar_pcd/ns1/velodyne_points/1624824115.088581000.pcd
Cat1,10mph,lr,opposite,1,1624824115.189431000,ns1,/media/batool/MULTIMODAL_DATA/Multimodal_Data/Cat1/opposite/bag_files/Cat1_10mph_lr_opposite_1/lidar_pcd/ns1/velodyne_points/1624824115.189431000.pcd
Cat1,10mph,lr,opposite,1,1624824115.290311000,ns1,/media/batool/MULTIMODAL_DATA/Multimodal_Data/Cat1/opposite/bag_files/Cat1_10mph_lr_opposite_1/lidar_pcd/ns1/velodyne_points/1624824115.290311000.pcd
Cat1,10mph,lr,opposite,1,1624824115.391168000,ns1,/media/batool/MULTIMODAL_DATA/Multimodal_Data/Cat1/opposite/bag_files/Cat1_10mph_lr_opposite_1/lidar_pcd/ns1/velodyne_points/1624824115.391168000.pcd
Cat1,10mph,lr,opposite,1,1624824115.492008000,ns1,/media/batool/MULTIMODAL_DATA/Multimodal_Data/Cat1/opposite/bag_files/Cat1_10mph_lr_opposite_1/lidar_pcd/ns1/velodyne_points/1624824115.492008000.pcd
Cat1,10mph,lr,opposite,1,1624824115.592854000,ns1,/media/batool/MULTIMODAL_DATA/Multimodal_Data/Cat1/opposite/bag_files/Cat1_10mph_lr_opposite_1/lidar_pcd/ns1/velodyne_points/1624824115.592854000.pcd
Cat1,10mph,lr,opposite,1,1624824115.693738000,ns1,/media/batool/MULTIMODAL_DATA/Multimodal_Data/Cat1/opposite/bag_files/Cat1_10mph_lr_opposite_1/lidar_pcd/ns1/velodyne_points/1624824115.693738000.pcd
Cat1,10mph,lr,opposite,1,1624824115.794588000,ns1,/media/batool/MULTIMODAL_DATA/Multimodal_Data/Cat1/opposite/bag_files/Cat1_10mph_lr_opposite_1/lidar_pcd/ns1/velodyne_points/1624824115.794588000.pcd
Cat1,10mph,lr,opposite,1,1624824115.996297000,ns1,/media/batool/MULTIMODAL_DATA/Multimodal_Data/Cat1/opposite/bag_files/Cat1_10mph_lr_opposite_1/lidar_pcd/ns1/velodyne_points/1624824115.996297000.pcd
Cat1,10mph,lr,opposite,1,1624824116.097202000,ns1,/media/batool/MULTIMODAL_DATA/Multimodal_Data/Cat1/opposite/bag_files/Cat1_10mph_lr_opposite_1/lidar_pcd/ns1/velodyne_points/1624824116.097202000.pcd
Cat1,10mph,lr,opposite,1,1624824116.198003000,ns1,/media/batool/MULTIMODAL_DATA/Multimodal_Data/Cat1/opposite/bag_files/Cat1_10mph_lr_opposite_1/lidar_pcd/ns1/velodyne_points/1624824116.198003000.pcd
Cat1,10mph,lr,opposite,1,1624824116.298880000,ns1,/media/batool/MULTIMODAL_DATA/Multimodal_Data/Cat1/opposite/bag_files/Cat1_10mph_lr_opposite_1/lidar_pcd/ns1/velodyne_points/1624824116.298880000.pcd
Cat1,10mph,lr,opposite,1,1624824116.399733000,ns1,/media/batool/MULTIMODAL_DATA/Multimodal_Data/Cat1/opposite/bag_files/Cat1_10mph_lr_opposite_1/lidar_pcd/ns1/velodyne_points/1624824116.399733000.pcd
Cat1,10mph,lr,opposite,1,1624824116.500562000,ns1,/media/batool/MULTIMODAL_DATA/Multimodal_Data/Cat1/opposite/bag_files/Cat1_10mph_lr_opposite_1/lidar_pcd/ns1/velodyne_points/1624824116.500562000.pcd
Cat1,10mph,lr,opposite,1,1624824116.601453000,ns1,/media/batool/MULTIMODAL_DATA/Multimodal_Data/Cat1/opposite/bag_files/Cat1_10mph_lr_opposite_1/lidar_pcd/ns1/velodyne_points/1624824116.601453000.pcd
Cat1,10mph,lr,opposite,1,1624824116.702273000,ns1,/media/batool/MULTIMODAL_DATA/Multimodal_Data/Cat1/opposite/bag_files/Cat1_10mph_lr_opposite_1/lidar_pcd/ns1/velodyne_points/1624824116.702273000.pcd
Cat1,10mph,lr,opposite,1,1624824116.803155000,ns1,/media/batool/MULTIMODAL_DATA/Multimodal_Data/Cat1/opposite/bag_files/Cat1_10mph_lr_opposite_1/lidar_pcd/ns1/velodyne_points/1624824116.803155000.pcd
Cat1,10mph,lr,opposite,1,1624824116.904047000,ns1,/media/batool/MULTIMODAL_DATA/Multimodal_Data/Cat1/opposite/bag_files/Cat1_10mph_lr_opposite_1/lidar_pcd/ns1/velodyne_points/1624824116.904047000.pcd
Cat1,10mph,lr,opposite,1,1624824117.004858000,ns1,/media/batool/MULTIMODAL_DATA/Multimodal_Data/Cat1/opposite/bag_files/Cat1_10mph_lr_opposite_1/lidar_pcd/ns1/velodyne_points/1624824117.004858000.pcd
Cat1,10mph,lr,opposite,1,1624824117.105717000,ns1,/media/batool/MULTIMODAL_DATA/Multimodal_Data/Cat1/opposite/bag_files/Cat1_10mph_lr_opposite_1/lidar_pcd/ns1/velodyne_points/1624824117.105717000.pcd
Cat1,10mph,lr,opposite,1,1624824117.206588000,ns1,/media/batool/MULTIMODAL_DATA/Multimodal_Data/Cat1/opposite/bag_files/Cat1_10mph_lr_opposite_1/lidar_pcd/ns1/velodyne_points/1624824117.206588000.pcd
Cat1,10mph,lr,opposite,1,1624824117.307413000,ns1,/media/batool/MULTIMODAL_DATA/Multimodal_Data/Cat1/opposite/bag_files/Cat1_10mph_lr_opposite_1/lidar_pcd/ns1/velodyne_points/1624824117.307413000.pcd
Cat1,10mph,lr,opposite,1,1624824112.869786000,ns1,/media/batool/MULTIMODAL_DATA/Multimodal_Data/Cat1/opposite/bag_files/Cat1_10mph_lr_opposite_1/lidar_pcd/ns1/velodyne_points/1624824112.869786000.pcd
Cat1,10mph,lr,opposite,1,1624824114.382601000,ns1,/media/batool/MULTIMODAL_DATA/Multimodal_Data/Cat1/opposite/bag_files/Cat1_10mph_lr_opposite_1/lidar_pcd/ns1/velodyne_points/1624824114.382601000.pcd
Cat1,10mph,lr,opposite,1,1624824115.895454000,ns1,/media/batool/MULTIMODAL_DATA/Multimodal_Data/Cat1/opposite/bag_files/Cat1_10mph_lr_opposite_1/lidar_pcd/ns1/velodyne_points/1624824115.895454000.pcd
Cat1,10mph,lr,opposite,1,1624824117.408286000,ns1,/media/batool/MULTIMODAL_DATA/Multimodal_Data/Cat1/opposite/bag_files/Cat1_10mph_lr_opposite_1/lidar_pcd/ns1/velodyne_points/1624824117.408286000.pcd
Cat1,10mph,lr,opposite,1,1624824118.921163000,ns1,/media/batool/MULTIMODAL_DATA/Multimodal_Data/Cat1/opposite/bag_files/Cat1_10mph_lr_opposite_1/lidar_pcd/ns1/velodyne_points/1624824118.921163000.pcd
Cat1,10mph,lr,opposite,1,1624824120.433951000,ns1,/media/batool/MULTIMODAL_DATA/Multimodal_Data/Cat1/opposite/bag_files/Cat1_10mph_lr_opposite_1/lidar_pcd/ns1/velodyne_points/1624824120.433951000.pcd
Cat1,10mph,lr,opposite,1,1624824121.946835000,ns1,/media/batool/MULTIMODAL_DATA/Multimodal_Data/Cat1/opposite/bag_files/Cat1_10mph_lr_opposite_1/lidar_pcd/ns1/velodyne_points/1624824121.946835000.pcd
Cat1,10mph,lr,opposite,1,1624824123.459681000,ns1,/media/batool/MULTIMODAL_DATA/Multimodal_Data/Cat1/opposite/bag_files/Cat1_10mph_lr_opposite_1/lidar_pcd/ns1/velodyne_points/1624824123.459681000.pcd
Cat1,10mph,lr,opposite,1,1624824124.972559000,ns1,/media/batool/MULTIMODAL_DATA/Multimodal_Data/Cat1/opposite/bag_files/Cat1_10mph_lr_opposite_1/lidar_pcd/ns1/velodyne_points/1624824124.972559000.pcd
Cat1,10mph,lr,opposite,1,1624824126.485379000,ns1,/media/batool/MULTIMODAL_DATA/Multimodal_Data/Cat1/opposite/bag_files/Cat1_10mph_lr_opposite_1/lidar_pcd/ns1/velodyne_points/1624824126.485379000.pcd
Cat1,10mph,lr,opposite,1,1624824127.998250000,ns1,/media/batool/MULTIMODAL_DATA/Multimodal_Data/Cat1/opposite/bag_files/Cat1_10mph_lr_opposite_1/lidar_pcd/ns1/velodyne_points/1624824127.998250000.pcd
Cat1,10mph,lr,opposite,1,1624824129.511058000,ns1,/media/batool/MULTIMODAL_DATA/Multimodal_Data/Cat1/opposite/bag_files/Cat1_10mph_lr_opposite_1/lidar_pcd/ns1/velodyne_points/1624824129.511058000.pcd
Cat1,10mph,lr,opposite,1,1624824131.023952000,ns1,/media/batool/MULTIMODAL_DATA/Multimodal_Data/Cat1/opposite/bag_files/Cat1_10mph_lr_opposite_1/lidar_pcd/ns1/velodyne_points/1624824131.023952000.pcd
Cat1,10mph,lr,opposite,1,1624824132.536818000,ns1,/media/batool/MULTIMODAL_DATA/Multimodal_Data/Cat1/opposite/bag_files/Cat1_10mph_lr_opposite_1/lidar_pcd/ns1/velodyne_points/1624824132.536818000.pcd
Cat1,10mph,lr,opposite,1,1624824134.049625000,ns1,/media/batool/MULTIMODAL_DATA/Multimodal_Data/Cat1/opposite/bag_files/Cat1_10mph_lr_opposite_1/lidar_pcd/ns1/velodyne_points/1624824134.049625000.pcd
Cat1,10mph,lr,opposite,1,1624824135.562490000,ns1,/media/batool/MULTIMODAL_DATA/Multimodal_Data/Cat1/opposite/bag_files/Cat1_10mph_lr_opposite_1/lidar_pcd/ns1/velodyne_points/1624824135.562490000.pcd
Cat1,10mph,lr,opposite,1,1624824137.075342000,ns1,/media/batool/MULTIMODAL_DATA/Multimodal_Data/Cat1/opposite/bag_files/Cat1_10mph_lr_opposite_1/lidar_pcd/ns1/velodyne_points/1624824137.075342000.pcd
Cat1,10mph,lr,opposite,1,1624824138.588235000,ns1,/media/batool/MULTIMODAL_DATA/Multimodal_Data/Cat1/opposite/bag_files/Cat1_10mph_lr_opposite_1/lidar_pcd/ns1/velodyne_points/1624824138.588235000.pcd
Cat1,10mph,lr,opposite,1,1624824117.509154000,ns1,/media/batool/MULTIMODAL_DATA/Multimodal_Data/Cat1/opposite/bag_files/Cat1_10mph_lr_opposite_1/lidar_pcd/ns1/velodyne_points/1624824117.509154000.pcd
Cat1,10mph,lr,opposite,1,1624824117.610001000,ns1,/media/batool/MULTIMODAL_DATA/Multimodal_Data/Cat1/opposite/bag_files/Cat1_10mph_lr_opposite_1/lidar_pcd/ns1/velodyne_points/1624824117.610001000.pcd
Cat1,10mph,lr,opposite,1,1624824117.710838000,ns1,/media/batool/MULTIMODAL_DATA/Multimodal_Data/Cat1/opposite/bag_files/Cat1_10mph_lr_opposite_1/lidar_pcd/ns1/velodyne_points/1624824117.710838000.pcd
Cat1,10mph,lr,opposite,1,1624824117.811737000,ns1,/media/batool/MULTIMODAL_DATA/Multimodal_Data/Cat1/opposite/bag_files/Cat1_10mph_lr_opposite_1/lidar_pcd/ns1/velodyne_points/1624824117.811737000.pcd
Cat1,10mph,lr,opposite,1,1624824117.912557000,ns1,/media/batool/MULTIMODAL_DATA/Multimodal_Data/Cat1/opposite/bag_files/Cat1_10mph_lr_opposite_1/lidar_pcd/ns1/velodyne_points/1624824117.912557000.pcd
Cat1,10mph,lr,opposite,1,1624824118.013413000,ns1,/media/batool/MULTIMODAL_DATA/Multimodal_Data/Cat1/opposite/bag_files/Cat1_10mph_lr_opposite_1/lidar_pcd/ns1/velodyne_points/1624824118.013413000.pcd
Cat1,10mph,lr,opposite,1,1624824118.114300000,ns1,/media/batool/MULTIMODAL_DATA/Multimodal_Data/Cat1/opposite/bag_files/Cat1_10mph_lr_opposite_1/lidar_pcd/ns1/velodyne_points/1624824118.114300000.pcd
Cat1,10mph,lr,opposite,1,1624824118.215132000,ns1,/media/batool/MULTIMODAL_DATA/Multimodal_Data/Cat1/opposite/bag_files/Cat1_10mph_lr_opposite_1/lidar_pcd/ns1/velodyne_points/1624824118.215132000.pcd
Cat1,10mph,lr,opposite,1,1624824118.315990000,ns1,/media/batool/MULTIMODAL_DATA/Multimodal_Data/Cat1/opposite/bag_files/Cat1_10mph_lr_opposite_1/lidar_pcd/ns1/velodyne_points/1624824118.315990000.pcd
Cat1,10mph,lr,opposite,1,1624824118.416876000,ns1,/media/batool/MULTIMODAL_DATA/Multimodal_Data/Cat1/opposite/bag_files/Cat1_10mph_lr_opposite_1/lidar_pcd/ns1/velodyne_points/1624824118.416876000.pcd
Cat1,10mph,lr,opposite,1,1624824118.517699000,ns1,/media/batool/MULTIMODAL_DATA/Multimodal_Data/Cat1/opposite/bag_files/Cat1_10mph_lr_opposite_1/lidar_pcd/ns1/velodyne_points/1624824118.517699000.pcd
Cat1,10mph,lr,opposite,1,1624824118.618539000,ns1,/media/batool/MULTIMODAL_DATA/Multimodal_Data/Cat1/opposite/bag_files/Cat1_10mph_lr_opposite_1/lidar_pcd/ns1/velodyne_points/1624824118.618539000.pcd
Cat1,10mph,lr,opposite,1,1624824118.719433000,ns1,/media/batool/MULTIMODAL_DATA/Multimodal_Data/Cat1/opposite/bag_files/Cat1_10mph_lr_opposite_1/lidar_pcd/ns1/velodyne_points/1624824118.719433000.pcd
Cat1,10mph,lr,opposite,1,1624824118.820296000,ns1,/media/batool/MULTIMODAL_DATA/Multimodal_Data/Cat1/opposite/bag_files/Cat1_10mph_lr_opposite_1/lidar_pcd/ns1/velodyne_points/1624824118.820296000.pcd
Cat1,10mph,lr,opposite,1,1624824119.021991000,ns1,/media/batool/MULTIMODAL_DATA/Multimodal_Data/Cat1/opposite/bag_files/Cat1_10mph_lr_opposite_1/lidar_pcd/ns1/velodyne_points/1624824119.021991000.pcd
Cat1,10mph,lr,opposite,1,1624824119.122871000,ns1,/media/batool/MULTIMODAL_DATA/Multimodal_Data/Cat1/opposite/bag_files/Cat1_10mph_lr_opposite_1/lidar_pcd/ns1/velodyne_points/1624824119.122871000.pcd
Cat1,10mph,lr,opposite,1,1624824119.223722000,ns1,/media/batool/MULTIMODAL_DATA/Multimodal_Data/Cat1/opposite/bag_files/Cat1_10mph_lr_opposite_1/lidar_pcd/ns1/velodyne_points/1624824119.223722000.pcd
Cat1,10mph,lr,opposite,1,1624824119.324557000,ns1,/media/batool/MULTIMODAL_DATA/Multimodal_Data/Cat1/opposite/bag_files/Cat1_10mph_lr_opposite_1/lidar_pcd/ns1/velodyne_points/1624824119.324557000.pcd
Cat1,10mph,lr,opposite,1,1624824119.425408000,ns1,/media/batool/MULTIMODAL_DATA/Multimodal_Data/Cat1/opposite/bag_files/Cat1_10mph_lr_opposite_1/lidar_pcd/ns1/velodyne_points/1624824119.425408000.pcd
Cat1,10mph,lr,opposite,1,1624824119.526277000,ns1,/media/batool/MULTIMODAL_DATA/Multimodal_Data/Cat1/opposite/bag_files/Cat1_10mph_lr_opposite_1/lidar_pcd/ns1/velodyne_points/1624824119.526277000.pcd
Cat1,10mph,lr,opposite,1,1624824119.627110000,ns1,/media/batool/MULTIMODAL_DATA/Multimodal_Data/Cat1/opposite/bag_files/Cat1_10mph_lr_opposite_1/lidar_pcd/ns1/velodyne_points/1624824119.627110000.pcd
Cat1,10mph,lr,opposite,1,1624824119.727980000,ns1,/media/batool/MULTIMODAL_DATA/Multimodal_Data/Cat1/opposite/bag_files/Cat1_10mph_lr_opposite_1/lidar_pcd/ns1/velodyne_points/1624824119.727980000.pcd
Cat1,10mph,lr,opposite,1,1624824119.828823000,ns1,/media/batool/MULTIMODAL_DATA/Multimodal_Data/Cat1/opposite/bag_files/Cat1_10mph_lr_opposite_1/lidar_pcd/ns1/velodyne_points/1624824119.828823000.pcd
Cat1,10mph,lr,opposite,1,1624824119.929708000,ns1,/media/batool/MULTIMODAL_DATA/Multimodal_Data/Cat1/opposite/bag_files/Cat1_10mph_lr_opposite_1/lidar_pcd/ns1/velodyne_points/1624824119.929708000.pcd
Cat1,10mph,lr,opposite,1,1624824120.030581000,ns1,/media/batool/MULTIMODAL_DATA/Multimodal_Data/Cat1/opposite/bag_files/Cat1_10mph_lr_opposite_1/lidar_pcd/ns1/velodyne_points/1624824120.030581000.pcd
Cat1,10mph,lr,opposite,1,1624824120.131413000,ns1,/media/batool/MULTIMODAL_DATA/Multimodal_Data/Cat1/opposite/bag_files/Cat1_10mph_lr_opposite_1/lidar_pcd/ns1/velodyne_points/1624824120.131413000.pcd
Cat1,10mph,lr,opposite,1,1624824120.232296000,ns1,/media/batool/MULTIMODAL_DATA/Multimodal_Data/Cat1/opposite/bag_files/Cat1_10mph_lr_opposite_1/lidar_pcd/ns1/velodyne_points/1624824120.232296000.pcd
Cat1,10mph,lr,opposite,1,1624824120.333091000,ns1,/media/batool/MULTIMODAL_DATA/Multimodal_Data/Cat1/opposite/bag_files/Cat1_10mph_lr_opposite_1/lidar_pcd/ns1/velodyne_points/1624824120.333091000.pcd
Cat1,10mph,lr,opposite,1,1624824120.534844000,ns1,/media/batool/MULTIMODAL_DATA/Multimodal_Data/Cat1/opposite/bag_files/Cat1_10mph_lr_opposite_1/lidar_pcd/ns1/velodyne_points/1624824120.534844000.pcd
Cat1,10mph,lr,opposite,1,1624824120.635685000,ns1,/media/batool/MULTIMODAL_DATA/Multimodal_Data/Cat1/opposite/bag_files/Cat1_10mph_lr_opposite_1/lidar_pcd/ns1/velodyne_points/1624824120.635685000.pcd
Cat1,10mph,lr,opposite,1,1624824120.736563000,ns1,/media/batool/MULTIMODAL_DATA/Multimodal_Data/Cat1/opposite/bag_files/Cat1_10mph_lr_opposite_1/lidar_pcd/ns1/velodyne_points/1624824120.736563000.pcd
Cat1,10mph,lr,opposite,1,1624824120.837393000,ns1,/media/batool/MULTIMODAL_DATA/Multimodal_Data/Cat1/opposite/bag_files/Cat1_10mph_lr_opposite_1/lidar_pcd/ns1/velodyne_points/1624824120.837393000.pcd
Cat1,10mph,lr,opposite,1,1624824120.938295000,ns1,/media/batool/MULTIMODAL_DATA/Multimodal_Data/Cat1/opposite/bag_files/Cat1_10mph_lr_opposite_1/lidar_pcd/ns1/velodyne_points/1624824120.938295000.pcd
Cat1,10mph,lr,opposite,1,1624824121.039118000,ns1,/media/batool/MULTIMODAL_DATA/Multimodal_Data/Cat1/opposite/bag_files/Cat1_10mph_lr_opposite_1/lidar_pcd/ns1/velodyne_points/1624824121.039118000.pcd
Cat1,10mph,lr,opposite,1,1624824121.139966000,ns1,/media/batool/MULTIMODAL_DATA/Multimodal_Data/Cat1/opposite/bag_files/Cat1_10mph_lr_opposite_1/lidar_pcd/ns1/velodyne_points/1624824121.139966000.pcd
Cat1,10mph,lr,opposite,1,1624824121.240836000,ns1,/media/batool/MULTIMODAL_DATA/Multimodal_Data/Cat1/opposite/bag_files/Cat1_10mph_lr_opposite_1/lidar_pcd/ns1/velodyne_points/1624824121.240836000.pcd
Cat1,10mph,lr,opposite,1,1624824121.341743000,ns1,/media/batool/MULTIMODAL_DATA/Multimodal_Data/Cat1/opposite/bag_files/Cat1_10mph_lr_opposite_1/lidar_pcd/ns1/velodyne_points/1624824121.341743000.pcd
Cat1,10mph,lr,opposite,1,1624824121.442553000,ns1,/media/batool/MULTIMODAL_DATA/Multimodal_Data/Cat1/opposite/bag_files/Cat1_10mph_lr_opposite_1/lidar_pcd/ns1/velodyne_points/1624824121.442553000.pcd
Cat1,10mph,lr,opposite,1,1624824121.543426000,ns1,/media/batool/MULTIMODAL_DATA/Multimodal_Data/Cat1/opposite/bag_files/Cat1_10mph_lr_opposite_1/lidar_pcd/ns1/velodyne_points/1624824121.543426000.pcd
Cat1,10mph,lr,opposite,1,1624824121.644316000,ns1,/media/batool/MULTIMODAL_DATA/Multimodal_Data/Cat1/opposite/bag_files/Cat1_10mph_lr_opposite_1/lidar_pcd/ns1/velodyne_points/1624824121.644316000.pcd
Cat1,10mph,lr,opposite,1,1624824121.745145000,ns1,/media/batool/MULTIMODAL_DATA/Multimodal_Data/Cat1/opposite/bag_files/Cat1_10mph_lr_opposite_1/lidar_pcd/ns1/velodyne_points/1624824121.745145000.pcd
Cat1,10mph,lr,opposite,1,1624824121.846004000,ns1,/media/batool/MULTIMODAL_DATA/Multimodal_Data/Cat1/opposite/bag_files/Cat1_10mph_lr_opposite_1/lidar_pcd/ns1/velodyne_points/1624824121.846004000.pcd
Cat1,10mph,lr,opposite,1,1624824122.047722000,ns1,/media/batool/MULTIMODAL_DATA/Multimodal_Data/Cat1/opposite/bag_files/Cat1_10mph_lr_opposite_1/lidar_pcd/ns1/velodyne_points/1624824122.047722000.pcd
Cat1,10mph,lr,opposite,1,1624824122.148570000,ns1,/media/batool/MULTIMODAL_DATA/Multimodal_Data/Cat1/opposite/bag_files/Cat1_10mph_lr_opposite_1/lidar_pcd/ns1/velodyne_points/1624824122.148570000.pcd
Cat1,10mph,lr,opposite,1,1624824122.249451000,ns1,/media/batool/MULTIMODAL_DATA/Multimodal_Data/Cat1/opposite/bag_files/Cat1_10mph_lr_opposite_1/lidar_pcd/ns1/velodyne_points/1624824122.249451000.pcd
Cat1,10mph,lr,opposite,1,1624824122.350312000,ns1,/media/batool/MULTIMODAL_DATA/Multimodal_Data/Cat1/opposite/bag_files/Cat1_10mph_lr_opposite_1/lidar_pcd/ns1/velodyne_points/1624824122.350312000.pcd
Cat1,10mph,lr,opposite,1,1624824122.451140000,ns1,/media/batool/MULTIMODAL_DATA/Multimodal_Data/Cat1/opposite/bag_files/Cat1_10mph_lr_opposite_1/lidar_pcd/ns1/velodyne_points/1624824122.451140000.pcd
Cat1,10mph,lr,opposite,1,1624824122.552009000,ns1,/media/batool/MULTIMODAL_DATA/Multimodal_Data/Cat1/opposite/bag_files/Cat1_10mph_lr_opposite_1/lidar_pcd/ns1/velodyne_points/1624824122.552009000.pcd
Cat1,10mph,lr,opposite,1,1624824122.652867000,ns1,/media/batool/MULTIMODAL_DATA/Multimodal_Data/Cat1/opposite/bag_files/Cat1_10mph_lr_opposite_1/lidar_pcd/ns1/velodyne_points/1624824122.652867000.pcd
Cat1,10mph,lr,opposite,1,1624824122.753705000,ns1,/media/batool/MULTIMODAL_DATA/Multimodal_Data/Cat1/opposite/bag_files/Cat1_10mph_lr_opposite_1/lidar_pcd/ns1/velodyne_points/1624824122.753705000.pcd
Cat1,10mph,lr,opposite,1,1624824122.854562000,ns1,/media/batool/MULTIMODAL_DATA/Multimodal_Data/Cat1/opposite/bag_files/Cat1_10mph_lr_opposite_1/lidar_pcd/ns1/velodyne_points/1624824122.854562000.pcd
Cat1,10mph,lr,opposite,1,1624824122.955410000,ns1,/media/batool/MULTIMODAL_DATA/Multimodal_Data/Cat1/opposite/bag_files/Cat1_10mph_lr_opposite_1/lidar_pcd/ns1/velodyne_points/1624824122.955410000.pcd
Cat1,10mph,lr,opposite,1,1624824123.056287000,ns1,/media/batool/MULTIMODAL_DATA/Multimodal_Data/Cat1/opposite/bag_files/Cat1_10mph_lr_opposite_1/lidar_pcd/ns1/velodyne_points/1624824123.056287000.pcd
Cat1,10mph,lr,opposite,1,1624824123.157150000,ns1,/media/batool/MULTIMODAL_DATA/Multimodal_Data/Cat1/opposite/bag_files/Cat1_10mph_lr_opposite_1/lidar_pcd/ns1/velodyne_points/1624824123.157150000.pcd
Cat1,10mph,lr,opposite,1,1624824123.257950000,ns1,/media/batool/MULTIMODAL_DATA/Multimodal_Data/Cat1/opposite/bag_files/Cat1_10mph_lr_opposite_1/lidar_pcd/ns1/velodyne_points/1624824123.257950000.pcd
Cat1,10mph,lr,opposite,1,1624824123.358829000,ns1,/media/batool/MULTIMODAL_DATA/Multimodal_Data/Cat1/opposite/bag_files/Cat1_10mph_lr_opposite_1/lidar_pcd/ns1/velodyne_points/1624824123.358829000.pcd
Cat1,10mph,lr,opposite,1,1624824123.560567000,ns1,/media/batool/MULTIMODAL_DATA/Multimodal_Data/Cat1/opposite/bag_files/Cat1_10mph_lr_opposite_1/lidar_pcd/ns1/velodyne_points/1624824123.560567000.pcd
Cat1,10mph,lr,opposite,1,1624824123.661400000,ns1,/media/batool/MULTIMODAL_DATA/Multimodal_Data/Cat1/opposite/bag_files/Cat1_10mph_lr_opposite_1/lidar_pcd/ns1/velodyne_points/1624824123.661400000.pcd
Cat1,10mph,lr,opposite,1,1624824123.762319000,ns1,/media/batool/MULTIMODAL_DATA/Multimodal_Data/Cat1/opposite/bag_files/Cat1_10mph_lr_opposite_1/lidar_pcd/ns1/velodyne_points/1624824123.762319000.pcd
Cat1,10mph,lr,opposite,1,1624824123.863135000,ns1,/media/batool/MULTIMODAL_DATA/Multimodal_Data/Cat1/opposite/bag_files/Cat1_10mph_lr_opposite_1/lidar_pcd/ns1/velodyne_points/1624824123.863135000.pcd
Cat1,10mph,lr,opposite,1,1624824123.963970000,ns1,/media/batool/MULTIMODAL_DATA/Multimodal_Data/Cat1/opposite/bag_files/Cat1_10mph_lr_opposite_1/lidar_pcd/ns1/velodyne_points/1624824123.963970000.pcd
Cat1,10mph,lr,opposite,1,1624824124.064827000,ns1,/media/batool/MULTIMODAL_DATA/Multimodal_Data/Cat1/opposite/bag_files/Cat1_10mph_lr_opposite_1/lidar_pcd/ns1/velodyne_points/1624824124.064827000.pcd
Cat1,10mph,lr,opposite,1,1624824124.165732000,ns1,/media/batool/MULTIMODAL_DATA/Multimodal_Data/Cat1/opposite/bag_files/Cat1_10mph_lr_opposite_1/lidar_pcd/ns1/velodyne_points/1624824124.165732000.pcd
Cat1,10mph,lr,opposite,1,1624824124.266537000,ns1,/media/batool/MULTIMODAL_DATA/Multimodal_Data/Cat1/opposite/bag_files/Cat1_10mph_lr_opposite_1/lidar_pcd/ns1/velodyne_points/1624824124.266537000.pcd
Cat1,10mph,lr,opposite,1,1624824124.367449000,ns1,/media/batool/MULTIMODAL_DATA/Multimodal_Data/Cat1/opposite/bag_files/Cat1_10mph_lr_opposite_1/lidar_pcd/ns1/velodyne_points/1624824124.367449000.pcd
Cat1,10mph,lr,opposite,1,1624824124.468286000,ns1,/media/batool/MULTIMODAL_DATA/Multimodal_Data/Cat1/opposite/bag_files/Cat1_10mph_lr_opposite_1/lidar_pcd/ns1/velodyne_points/1624824124.468286000.pcd
Cat1,10mph,lr,opposite,1,1624824124.569159000,ns1,/media/batool/MULTIMODAL_DATA/Multimodal_Data/Cat1/opposite/bag_files/Cat1_10mph_lr_opposite_1/lidar_pcd/ns1/velodyne_points/1624824124.569159000.pcd
Cat1,10mph,lr,opposite,1,1624824124.669994000,ns1,/media/batool/MULTIMODAL_DATA/Multimodal_Data/Cat1/opposite/bag_files/Cat1_10mph_lr_opposite_1/lidar_pcd/ns1/velodyne_points/1624824124.669994000.pcd
Cat1,10mph,lr,opposite,1,1624824124.770868000,ns1,/media/batool/MULTIMODAL_DATA/Multimodal_Data/Cat1/opposite/bag_files/Cat1_10mph_lr_opposite_1/lidar_pcd/ns1/velodyne_points/1624824124.770868000.pcd
Cat1,10mph,lr,opposite,1,1624824124.871682000,ns1,/media/batool/MULTIMODAL_DATA/Multimodal_Data/Cat1/opposite/bag_files/Cat1_10mph_lr_opposite_1/lidar_pcd/ns1/velodyne_points/1624824124.871682000.pcd
Cat1,10mph,lr,opposite,1,1624824125.073380000,ns1,/media/batool/MULTIMODAL_DATA/Multimodal_Data/Cat1/opposite/bag_files/Cat1_10mph_lr_opposite_1/lidar_pcd/ns1/velodyne_points/1624824125.073380000.pcd
Cat1,10mph,lr,opposite,1,1624824125.174260000,ns1,/media/batool/MULTIMODAL_DATA/Multimodal_Data/Cat1/opposite/bag_files/Cat1_10mph_lr_opposite_1/lidar_pcd/ns1/velodyne_points/1624824125.174260000.pcd
Cat1,10mph,lr,opposite,1,1624824125.275132000,ns1,/media/batool/MULTIMODAL_DATA/Multimodal_Data/Cat1/opposite/bag_files/Cat1_10mph_lr_opposite_1/lidar_pcd/ns1/velodyne_points/1624824125.275132000.pcd
Cat1,10mph,lr,opposite,1,1624824125.375955000,ns1,/media/batool/MULTIMODAL_DATA/Multimodal_Data/Cat1/opposite/bag_files/Cat1_10mph_lr_opposite_1/lidar_pcd/ns1/velodyne_points/1624824125.375955000.pcd
Cat1,10mph,lr,opposite,1,1624824125.476825000,ns1,/media/batool/MULTIMODAL_DATA/Multimodal_Data/Cat1/opposite/bag_files/Cat1_10mph_lr_opposite_1/lidar_pcd/ns1/velodyne_points/1624824125.476825000.pcd
Cat1,10mph,lr,opposite,1,1624824125.577667000,ns1,/media/batool/MULTIMODAL_DATA/Multimodal_Data/Cat1/opposite/bag_files/Cat1_10mph_lr_opposite_1/lidar_pcd/ns1/velodyne_points/1624824125.577667000.pcd
Cat1,10mph,lr,opposite,1,1624824125.678522000,ns1,/media/batool/MULTIMODAL_DATA/Multimodal_Data/Cat1/opposite/bag_files/Cat1_10mph_lr_opposite_1/lidar_pcd/ns1/velodyne_points/1624824125.678522000.pcd
Cat1,10mph,lr,opposite,1,1624824125.779416000,ns1,/media/batool/MULTIMODAL_DATA/Multimodal_Data/Cat1/opposite/bag_files/Cat1_10mph_lr_opposite_1/lidar_pcd/ns1/velodyne_points/1624824125.779416000.pcd
Cat1,10mph,lr,opposite,1,1624824125.880262000,ns1,/media/batool/MULTIMODAL_DATA/Multimodal_Data/Cat1/opposite/bag_files/Cat1_10mph_lr_opposite_1/lidar_pcd/ns1/velodyne_points/1624824125.880262000.pcd
Cat1,10mph,lr,opposite,1,1624824125.981095000,ns1,/media/batool/MULTIMODAL_DATA/Multimodal_Data/Cat1/opposite/bag_files/Cat1_10mph_lr_opposite_1/lidar_pcd/ns1/velodyne_points/1624824125.981095000.pcd
Cat1,10mph,lr,opposite,1,1624824126.081964000,ns1,/media/batool/MULTIMODAL_DATA/Multimodal_Data/Cat1/opposite/bag_files/Cat1_10mph_lr_opposite_1/lidar_pcd/ns1/velodyne_points/1624824126.081964000.pcd
Cat1,10mph,lr,opposite,1,1624824126.182851000,ns1,/media/batool/MULTIMODAL_DATA/Multimodal_Data/Cat1/opposite/bag_files/Cat1_10mph_lr_opposite_1/lidar_pcd/ns1/velodyne_points/1624824126.182851000.pcd
Cat1,10mph,lr,opposite,1,1624824126.283661000,ns1,/media/batool/MULTIMODAL_DATA/Multimodal_Data/Cat1/opposite/bag_files/Cat1_10mph_lr_opposite_1/lidar_pcd/ns1/velodyne_points/1624824126.283661000.pcd
Cat1,10mph,lr,opposite,1,1624824126.384539000,ns1,/media/batool/MULTIMODAL_DATA/Multimodal_Data/Cat1/opposite/bag_files/Cat1_10mph_lr_opposite_1/lidar_pcd/ns1/velodyne_points/1624824126.384539000.pcd
Cat1,10mph,lr,opposite,1,1624824126.586248000,ns1,/media/batool/MULTIMODAL_DATA/Multimodal_Data/Cat1/opposite/bag_files/Cat1_10mph_lr_opposite_1/lidar_pcd/ns1/velodyne_points/1624824126.586248000.pcd
Cat1,10mph,lr,opposite,1,1624824126.687124000,ns1,/media/batool/MULTIMODAL_DATA/Multimodal_Data/Cat1/opposite/bag_files/Cat1_10mph_lr_opposite_1/lidar_pcd/ns1/velodyne_points/1624824126.687124000.pcd
Cat1,10mph,lr,opposite,1,1624824126.787961000,ns1,/media/batool/MULTIMODAL_DATA/Multimodal_Data/Cat1/opposite/bag_files/Cat1_10mph_lr_opposite_1/lidar_pcd/ns1/velodyne_points/1624824126.787961000.pcd
Cat1,10mph,lr,opposite,1,1624824126.888826000,ns1,/media/batool/MULTIMODAL_DATA/Multimodal_Data/Cat1/opposite/bag_files/Cat1_10mph_lr_opposite_1/lidar_pcd/ns1/velodyne_points/1624824126.888826000.pcd
Cat1,10mph,lr,opposite,1,1624824126.989742000,ns1,/media/batool/MULTIMODAL_DATA/Multimodal_Data/Cat1/opposite/bag_files/Cat1_10mph_lr_opposite_1/lidar_pcd/ns1/velodyne_points/1624824126.989742000.pcd
Cat1,10mph,lr,opposite,1,1624824127.090558000,ns1,/media/batool/MULTIMODAL_DATA/Multimodal_Data/Cat1/opposite/bag_files/Cat1_10mph_lr_opposite_1/lidar_pcd/ns1/velodyne_points/1624824127.090558000.pcd
Cat1,10mph,lr,opposite,1,1624824127.191394000,ns1,/media/batool/MULTIMODAL_DATA/Multimodal_Data/Cat1/opposite/bag_files/Cat1_10mph_lr_opposite_1/lidar_pcd/ns1/velodyne_points/1624824127.191394000.pcd
Cat1,10mph,lr,opposite,1,1624824127.292223000,ns1,/media/batool/MULTIMODAL_DATA/Multimodal_Data/Cat1/opposite/bag_files/Cat1_10mph_lr_opposite_1/lidar_pcd/ns1/velodyne_points/1624824127.292223000.pcd
Cat1,10mph,lr,opposite,1,1624824127.393159000,ns1,/media/batool/MULTIMODAL_DATA/Multimodal_Data/Cat1/opposite/bag_files/Cat1_10mph_lr_opposite_1/lidar_pcd/ns1/velodyne_points/1624824127.393159000.pcd
Cat1,10mph,lr,opposite,1,1624824127.493937000,ns1,/media/batool/MULTIMODAL_DATA/Multimodal_Data/Cat1/opposite/bag_files/Cat1_10mph_lr_opposite_1/lidar_pcd/ns1/velodyne_points/1624824127.493937000.pcd
Cat1,10mph,lr,opposite,1,1624824127.594796000,ns1,/media/batool/MULTIMODAL_DATA/Multimodal_Data/Cat1/opposite/bag_files/Cat1_10mph_lr_opposite_1/lidar_pcd/ns1/velodyne_points/1624824127.594796000.pcd
Cat1,10mph,lr,opposite,1,1624824127.695665000,ns1,/media/batool/MULTIMODAL_DATA/Multimodal_Data/Cat1/opposite/bag_files/Cat1_10mph_lr_opposite_1/lidar_pcd/ns1/velodyne_points/1624824127.695665000.pcd
Cat1,10mph,lr,opposite,1,1624824127.796514000,ns1,/media/batool/MULTIMODAL_DATA/Multimodal_Data/Cat1/opposite/bag_files/Cat1_10mph_lr_opposite_1/lidar_pcd/ns1/velodyne_points/1624824127.796514000.pcd
Cat1,10mph,lr,opposite,1,1624824127.897377000,ns1,/media/batool/MULTIMODAL_DATA/Multimodal_Data/Cat1/opposite/bag_files/Cat1_10mph_lr_opposite_1/lidar_pcd/ns1/velodyne_points/1624824127.897377000.pcd
Cat1,10mph,lr,opposite,1,1624824128.099066000,ns1,/media/batool/MULTIMODAL_DATA/Multimodal_Data/Cat1/opposite/bag_files/Cat1_10mph_lr_opposite_1/lidar_pcd/ns1/velodyne_points/1624824128.099066000.pcd
Cat1,10mph,lr,opposite,1,1624824128.200037000,ns1,/media/batool/MULTIMODAL_DATA/Multimodal_Data/Cat1/opposite/bag_files/Cat1_10mph_lr_opposite_1/lidar_pcd/ns1/velodyne_points/1624824128.200037000.pcd
Cat1,10mph,lr,opposite,1,1624824128.300864000,ns1,/media/batool/MULTIMODAL_DATA/Multimodal_Data/Cat1/opposite/bag_files/Cat1_10mph_lr_opposite_1/lidar_pcd/ns1/velodyne_points/1624824128.300864000.pcd
Cat1,10mph,lr,opposite,1,1624824128.401691000,ns1,/media/batool/MULTIMODAL_DATA/Multimodal_Data/Cat1/opposite/bag_files/Cat1_10mph_lr_opposite_1/lidar_pcd/ns1/velodyne_points/1624824128.401691000.pcd
Cat1,10mph,lr,opposite,1,1624824128.502547000,ns1,/media/batool/MULTIMODAL_DATA/Multimodal_Data/Cat1/opposite/bag_files/Cat1_10mph_lr_opposite_1/lidar_pcd/ns1/velodyne_points/1624824128.502547000.pcd
Cat1,10mph,lr,opposite,1,1624824128.603404000,ns1,/media/batool/MULTIMODAL_DATA/Multimodal_Data/Cat1/opposite/bag_files/Cat1_10mph_lr_opposite_1/lidar_pcd/ns1/velodyne_points/1624824128.603404000.pcd
Cat1,10mph,lr,opposite,1,1624824128.704248000,ns1,/media/batool/MULTIMODAL_DATA/Multimodal_Data/Cat1/opposite/bag_files/Cat1_10mph_lr_opposite_1/lidar_pcd/ns1/velodyne_points/1624824128.704248000.pcd
Cat1,10mph,lr,opposite,1,1624824128.805106000,ns1,/media/batool/MULTIMODAL_DATA/Multimodal_Data/Cat1/opposite/bag_files/Cat1_10mph_lr_opposite_1/lidar_pcd/ns1/velodyne_points/1624824128.805106000.pcd
Cat1,10mph,lr,opposite,1,1624824128.905977000,ns1,/media/batool/MULTIMODAL_DATA/Multimodal_Data/Cat1/opposite/bag_files/Cat1_10mph_lr_opposite_1/lidar_pcd/ns1/velodyne_points/1624824128.905977000.pcd
Cat1,10mph,lr,opposite,1,1624824129.006775000,ns1,/media/batool/MULTIMODAL_DATA/Multimodal_Data/Cat1/opposite/bag_files/Cat1_10mph_lr_opposite_1/lidar_pcd/ns1/velodyne_points/1624824129.006775000.pcd
Cat1,10mph,lr,opposite,1,1624824129.107668000,ns1,/media/batool/MULTIMODAL_DATA/Multimodal_Data/Cat1/opposite/bag_files/Cat1_10mph_lr_opposite_1/lidar_pcd/ns1/velodyne_points/1624824129.107668000.pcd
Cat1,10mph,lr,opposite,1,1624824129.208499000,ns1,/media/batool/MULTIMODAL_DATA/Multimodal_Data/Cat1/opposite/bag_files/Cat1_10mph_lr_opposite_1/lidar_pcd/ns1/velodyne_points/1624824129.208499000.pcd
Cat1,10mph,lr,opposite,1,1624824129.309369000,ns1,/media/batool/MULTIMODAL_DATA/Multimodal_Data/Cat1/opposite/bag_files/Cat1_10mph_lr_opposite_1/lidar_pcd/ns1/velodyne_points/1624824129.309369000.pcd
Cat1,10mph,lr,opposite,1,1624824129.410201000,ns1,/media/batool/MULTIMODAL_DATA/Multimodal_Data/Cat1/opposite/bag_files/Cat1_10mph_lr_opposite_1/lidar_pcd/ns1/velodyne_points/1624824129.410201000.pcd
Cat1,10mph,lr,opposite,1,1624824129.611953000,ns1,/media/batool/MULTIMODAL_DATA/Multimodal_Data/Cat1/opposite/bag_files/Cat1_10mph_lr_opposite_1/lidar_pcd/ns1/velodyne_points/1624824129.611953000.pcd
Cat1,10mph,lr,opposite,1,1624824129.712813000,ns1,/media/batool/MULTIMODAL_DATA/Multimodal_Data/Cat1/opposite/bag_files/Cat1_10mph_lr_opposite_1/lidar_pcd/ns1/velodyne_points/1624824129.712813000.pcd
Cat1,10mph,lr,opposite,1,1624824129.813733000,ns1,/media/batool/MULTIMODAL_DATA/Multimodal_Data/Cat1/opposite/bag_files/Cat1_10mph_lr_opposite_1/lidar_pcd/ns1/velodyne_points/1624824129.813733000.pcd
Cat1,10mph,lr,opposite,1,1624824129.914535000,ns1,/media/batool/MULTIMODAL_DATA/Multimodal_Data/Cat1/opposite/bag_files/Cat1_10mph_lr_opposite_1/lidar_pcd/ns1/velodyne_points/1624824129.914535000.pcd
Cat1,10mph,lr,opposite,1,1624824130.015385000,ns1,/media/batool/MULTIMODAL_DATA/Multimodal_Data/Cat1/opposite/bag_files/Cat1_10mph_lr_opposite_1/lidar_pcd/ns1/velodyne_points/1624824130.015385000.pcd
Cat1,10mph,lr,opposite,1,1624824130.116240000,ns1,/media/batool/MULTIMODAL_DATA/Multimodal_Data/Cat1/opposite/bag_files/Cat1_10mph_lr_opposite_1/lidar_pcd/ns1/velodyne_points/1624824130.116240000.pcd
Cat1,10mph,lr,opposite,1,1624824130.217166000,ns1,/media/batool/MULTIMODAL_DATA/Multimodal_Data/Cat1/opposite/bag_files/Cat1_10mph_lr_opposite_1/lidar_pcd/ns1/velodyne_points/1624824130.217166000.pcd
Cat1,10mph,lr,opposite,1,1624824130.317944000,ns1,/media/batool/MULTIMODAL_DATA/Multimodal_Data/Cat1/opposite/bag_files/Cat1_10mph_lr_opposite_1/lidar_pcd/ns1/velodyne_points/1624824130.317944000.pcd
Cat1,10mph,lr,opposite,1,1624824130.418810000,ns1,/media/batool/MULTIMODAL_DATA/Multimodal_Data/Cat1/opposite/bag_files/Cat1_10mph_lr_opposite_1/lidar_pcd/ns1/velodyne_points/1624824130.418810000.pcd
Cat1,10mph,lr,opposite,1,1624824130.519704000,ns1,/media/batool/MULTIMODAL_DATA/Multimodal_Data/Cat1/opposite/bag_files/Cat1_10mph_lr_opposite_1/lidar_pcd/ns1/velodyne_points/1624824130.519704000.pcd
Cat1,10mph,lr,opposite,1,1624824130.620503000,ns1,/media/batool/MULTIMODAL_DATA/Multimodal_Data/Cat1/opposite/bag_files/Cat1_10mph_lr_opposite_1/lidar_pcd/ns1/velodyne_points/1624824130.620503000.pcd
Cat1,10mph,lr,opposite,1,1624824130.721364000,ns1,/media/batool/MULTIMODAL_DATA/Multimodal_Data/Cat1/opposite/bag_files/Cat1_10mph_lr_opposite_1/lidar_pcd/ns1/velodyne_points/1624824130.721364000.pcd
Cat1,10mph,lr,opposite,1,1624824130.822255000,ns1,/media/batool/MULTIMODAL_DATA/Multimodal_Data/Cat1/opposite/bag_files/Cat1_10mph_lr_opposite_1/lidar_pcd/ns1/velodyne_points/1624824130.822255000.pcd
Cat1,10mph,lr,opposite,1,1624824130.923094000,ns1,/media/batool/MULTIMODAL_DATA/Multimodal_Data/Cat1/opposite/bag_files/Cat1_10mph_lr_opposite_1/lidar_pcd/ns1/velodyne_points/1624824130.923094000.pcd
Cat1,10mph,lr,opposite,1,1624824131.124800000,ns1,/media/batool/MULTIMODAL_DATA/Multimodal_Data/Cat1/opposite/bag_files/Cat1_10mph_lr_opposite_1/lidar_pcd/ns1/velodyne_points/1624824131.124800000.pcd
Cat1,10mph,lr,opposite,1,1624824131.225684000,ns1,/media/batool/MULTIMODAL_DATA/Multimodal_Data/Cat1/opposite/bag_files/Cat1_10mph_lr_opposite_1/lidar_pcd/ns1/velodyne_points/1624824131.225684000.pcd
Cat1,10mph,lr,opposite,1,1624824131.326538000,ns1,/media/batool/MULTIMODAL_DATA/Multimodal_Data/Cat1/opposite/bag_files/Cat1_10mph_lr_opposite_1/lidar_pcd/ns1/velodyne_points/1624824131.326538000.pcd
Cat1,10mph,lr,opposite,1,1624824131.427435000,ns1,/media/batool/MULTIMODAL_DATA/Multimodal_Data/Cat1/opposite/bag_files/Cat1_10mph_lr_opposite_1/lidar_pcd/ns1/velodyne_points/1624824131.427435000.pcd
Cat1,10mph,lr,opposite,1,1624824131.528251000,ns1,/media/batool/MULTIMODAL_DATA/Multimodal_Data/Cat1/opposite/bag_files/Cat1_10mph_lr_opposite_1/lidar_pcd/ns1/velodyne_points/1624824131.528251000.pcd
Cat1,10mph,lr,opposite,1,1624824131.629109000,ns1,/media/batool/MULTIMODAL_DATA/Multimodal_Data/Cat1/opposite/bag_files/Cat1_10mph_lr_opposite_1/lidar_pcd/ns1/velodyne_points/1624824131.629109000.pcd
Cat1,10mph,lr,opposite,1,1624824131.729962000,ns1,/media/batool/MULTIMODAL_DATA/Multimodal_Data/Cat1/opposite/bag_files/Cat1_10mph_lr_opposite_1/lidar_pcd/ns1/velodyne_points/1624824131.729962000.pcd
Cat1,10mph,lr,opposite,1,1624824131.830867000,ns1,/media/batool/MULTIMODAL_DATA/Multimodal_Data/Cat1/opposite/bag_files/Cat1_10mph_lr_opposite_1/lidar_pcd/ns1/velodyne_points/1624824131.830867000.pcd
Cat1,10mph,lr,opposite,1,1624824131.931622000,ns1,/media/batool/MULTIMODAL_DATA/Multimodal_Data/Cat1/opposite/bag_files/Cat1_10mph_lr_opposite_1/lidar_pcd/ns1/velodyne_points/1624824131.931622000.pcd
Cat1,10mph,lr,opposite,1,1624824132.032505000,ns1,/media/batool/MULTIMODAL_DATA/Multimodal_Data/Cat1/opposite/bag_files/Cat1_10mph_lr_opposite_1/lidar_pcd/ns1/velodyne_points/1624824132.032505000.pcd
Cat1,10mph,lr,opposite,1,1624824132.133369000,ns1,/media/batool/MULTIMODAL_DATA/Multimodal_Data/Cat1/opposite/bag_files/Cat1_10mph_lr_opposite_1/lidar_pcd/ns1/velodyne_points/1624824132.133369000.pcd
Cat1,10mph,lr,opposite,1,1624824132.234233000,ns1,/media/batool/MULTIMODAL_DATA/Multimodal_Data/Cat1/opposite/bag_files/Cat1_10mph_lr_opposite_1/lidar_pcd/ns1/velodyne_points/1624824132.234233000.pcd
Cat1,10mph,lr,opposite,1,1624824132.335111000,ns1,/media/batool/MULTIMODAL_DATA/Multimodal_Data/Cat1/opposite/bag_files/Cat1_10mph_lr_opposite_1/lidar_pcd/ns1/velodyne_points/1624824132.335111000.pcd
Cat1,10mph,lr,opposite,1,1624824132.435908000,ns1,/media/batool/MULTIMODAL_DATA/Multimodal_Data/Cat1/opposite/bag_files/Cat1_10mph_lr_opposite_1/lidar_pcd/ns1/velodyne_points/1624824132.435908000.pcd
Cat1,10mph,lr,opposite,1,1624824132.637730000,ns1,/media/batool/MULTIMODAL_DATA/Multimodal_Data/Cat1/opposite/bag_files/Cat1_10mph_lr_opposite_1/lidar_pcd/ns1/velodyne_points/1624824132.637730000.pcd
Cat1,10mph,lr,opposite,1,1624824132.738532000,ns1,/media/batool/MULTIMODAL_DATA/Multimodal_Data/Cat1/opposite/bag_files/Cat1_10mph_lr_opposite_1/lidar_pcd/ns1/velodyne_points/1624824132.738532000.pcd
Cat1,10mph,lr,opposite,1,1624824132.839385000,ns1,/media/batool/MULTIMODAL_DATA/Multimodal_Data/Cat1/opposite/bag_files/Cat1_10mph_lr_opposite_1/lidar_pcd/ns1/velodyne_points/1624824132.839385000.pcd
Cat1,10mph,lr,opposite,1,1624824132.940245000,ns1,/media/batool/MULTIMODAL_DATA/Multimodal_Data/Cat1/opposite/bag_files/Cat1_10mph_lr_opposite_1/lidar_pcd/ns1/velodyne_points/1624824132.940245000.pcd
Cat1,10mph,lr,opposite,1,1624824133.041152000,ns1,/media/batool/MULTIMODAL_DATA/Multimodal_Data/Cat1/opposite/bag_files/Cat1_10mph_lr_opposite_1/lidar_pcd/ns1/velodyne_points/1624824133.041152000.pcd
Cat1,10mph,lr,opposite,1,1624824133.141945000,ns1,/media/batool/MULTIMODAL_DATA/Multimodal_Data/Cat1/opposite/bag_files/Cat1_10mph_lr_opposite_1/lidar_pcd/ns1/velodyne_points/1624824133.141945000.pcd
Cat1,10mph,lr,opposite,1,1624824133.242815000,ns1,/media/batool/MULTIMODAL_DATA/Multimodal_Data/Cat1/opposite/bag_files/Cat1_10mph_lr_opposite_1/lidar_pcd/ns1/velodyne_points/1624824133.242815000.pcd
Cat1,10mph,lr,opposite,1,1624824133.343655000,ns1,/media/batool/MULTIMODAL_DATA/Multimodal_Data/Cat1/opposite/bag_files/Cat1_10mph_lr_opposite_1/lidar_pcd/ns1/velodyne_points/1624824133.343655000.pcd
Cat1,10mph,lr,opposite,1,1624824133.444512000,ns1,/media/batool/MULTIMODAL_DATA/Multimodal_Data/Cat1/opposite/bag_files/Cat1_10mph_lr_opposite_1/lidar_pcd/ns1/velodyne_points/1624824133.444512000.pcd
Cat1,10mph,lr,opposite,1,1624824133.545371000,ns1,/media/batool/MULTIMODAL_DATA/Multimodal_Data/Cat1/opposite/bag_files/Cat1_10mph_lr_opposite_1/lidar_pcd/ns1/velodyne_points/1624824133.545371000.pcd
Cat1,10mph,lr,opposite,1,1624824133.646248000,ns1,/media/batool/MULTIMODAL_DATA/Multimodal_Data/Cat1/opposite/bag_files/Cat1_10mph_lr_opposite_1/lidar_pcd/ns1/velodyne_points/1624824133.646248000.pcd
Cat1,10mph,lr,opposite,1,1624824133.747042000,ns1,/media/batool/MULTIMODAL_DATA/Multimodal_Data/Cat1/opposite/bag_files/Cat1_10mph_lr_opposite_1/lidar_pcd/ns1/velodyne_points/1624824133.747042000.pcd
Cat1,10mph,lr,opposite,1,1624824133.847940000,ns1,/media/batool/MULTIMODAL_DATA/Multimodal_Data/Cat1/opposite/bag_files/Cat1_10mph_lr_opposite_1/lidar_pcd/ns1/velodyne_points/1624824133.847940000.pcd
Cat1,10mph,lr,opposite,1,1624824133.948755000,ns1,/media/batool/MULTIMODAL_DATA/Multimodal_Data/Cat1/opposite/bag_files/Cat1_10mph_lr_opposite_1/lidar_pcd/ns1/velodyne_points/1624824133.948755000.pcd
Cat1,10mph,lr,opposite,1,1624824134.150486000,ns1,/media/batool/MULTIMODAL_DATA/Multimodal_Data/Cat1/opposite/bag_files/Cat1_10mph_lr_opposite_1/lidar_pcd/ns1/velodyne_points/1624824134.150486000.pcd
Cat1,10mph,lr,opposite,1,1624824134.251340000,ns1,/media/batool/MULTIMODAL_DATA/Multimodal_Data/Cat1/opposite/bag_files/Cat1_10mph_lr_opposite_1/lidar_pcd/ns1/velodyne_points/1624824134.251340000.pcd
Cat1,10mph,lr,opposite,1,1624824134.352184000,ns1,/media/batool/MULTIMODAL_DATA/Multimodal_Data/Cat1/opposite/bag_files/Cat1_10mph_lr_opposite_1/lidar_pcd/ns1/velodyne_points/1624824134.352184000.pcd
Cat1,10mph,lr,opposite,1,1624824134.453073000,ns1,/media/batool/MULTIMODAL_DATA/Multimodal_Data/Cat1/opposite/bag_files/Cat1_10mph_lr_opposite_1/lidar_pcd/ns1/velodyne_points/1624824134.453073000.pcd
Cat1,10mph,lr,opposite,1,1624824134.553922000,ns1,/media/batool/MULTIMODAL_DATA/Multimodal_Data/Cat1/opposite/bag_files/Cat1_10mph_lr_opposite_1/lidar_pcd/ns1/velodyne_points/1624824134.553922000.pcd
Cat1,10mph,lr,opposite,1,1624824134.654762000,ns1,/media/batool/MULTIMODAL_DATA/Multimodal_Data/Cat1/opposite/bag_files/Cat1_10mph_lr_opposite_1/lidar_pcd/ns1/velodyne_points/1624824134.654762000.pcd
Cat1,10mph,lr,opposite,1,1624824134.755624000,ns1,/media/batool/MULTIMODAL_DATA/Multimodal_Data/Cat1/opposite/bag_files/Cat1_10mph_lr_opposite_1/lidar_pcd/ns1/velodyne_points/1624824134.755624000.pcd
Cat1,10mph,lr,opposite,1,1624824134.856525000,ns1,/media/batool/MULTIMODAL_DATA/Multimodal_Data/Cat1/opposite/bag_files/Cat1_10mph_lr_opposite_1/lidar_pcd/ns1/velodyne_points/1624824134.856525000.pcd
Cat1,10mph,lr,opposite,1,1624824134.957358000,ns1,/media/batool/MULTIMODAL_DATA/Multimodal_Data/Cat1/opposite/bag_files/Cat1_10mph_lr_opposite_1/lidar_pcd/ns1/velodyne_points/1624824134.957358000.pcd
Cat1,10mph,lr,opposite,1,1624824135.058228000,ns1,/media/batool/MULTIMODAL_DATA/Multimodal_Data/Cat1/opposite/bag_files/Cat1_10mph_lr_opposite_1/lidar_pcd/ns1/velodyne_points/1624824135.058228000.pcd
Cat1,10mph,lr,opposite,1,1624824135.159078000,ns1,/media/batool/MULTIMODAL_DATA/Multimodal_Data/Cat1/opposite/bag_files/Cat1_10mph_lr_opposite_1/lidar_pcd/ns1/velodyne_points/1624824135.159078000.pcd
Cat1,10mph,lr,opposite,1,1624824135.259925000,ns1,/media/batool/MULTIMODAL_DATA/Multimodal_Data/Cat1/opposite/bag_files/Cat1_10mph_lr_opposite_1/lidar_pcd/ns1/velodyne_points/1624824135.259925000.pcd
Cat1,10mph,lr,opposite,1,1624824135.360795000,ns1,/media/batool/MULTIMODAL_DATA/Multimodal_Data/Cat1/opposite/bag_files/Cat1_10mph_lr_opposite_1/lidar_pcd/ns1/velodyne_points/1624824135.360795000.pcd
Cat1,10mph,lr,opposite,1,1624824135.461635000,ns1,/media/batool/MULTIMODAL_DATA/Multimodal_Data/Cat1/opposite/bag_files/Cat1_10mph_lr_opposite_1/lidar_pcd/ns1/velodyne_points/1624824135.461635000.pcd
Cat1,10mph,lr,opposite,1,1624824135.663344000,ns1,/media/batool/MULTIMODAL_DATA/Multimodal_Data/Cat1/opposite/bag_files/Cat1_10mph_lr_opposite_1/lidar_pcd/ns1/velodyne_points/1624824135.663344000.pcd
Cat1,10mph,lr,opposite,1,1624824135.764220000,ns1,/media/batool/MULTIMODAL_DATA/Multimodal_Data/Cat1/opposite/bag_files/Cat1_10mph_lr_opposite_1/lidar_pcd/ns1/velodyne_points/1624824135.764220000.pcd
Cat1,10mph,lr,opposite,1,1624824135.865047000,ns1,/media/batool/MULTIMODAL_DATA/Multimodal_Data/Cat1/opposite/bag_files/Cat1_10mph_lr_opposite_1/lidar_pcd/ns1/velodyne_points/1624824135.865047000.pcd
Cat1,10mph,lr,opposite,1,1624824135.965996000,ns1,/media/batool/MULTIMODAL_DATA/Multimodal_Data/Cat1/opposite/bag_files/Cat1_10mph_lr_opposite_1/lidar_pcd/ns1/velodyne_points/1624824135.965996000.pcd
Cat1,10mph,lr,opposite,1,1624824136.066819000,ns1,/media/batool/MULTIMODAL_DATA/Multimodal_Data/Cat1/opposite/bag_files/Cat1_10mph_lr_opposite_1/lidar_pcd/ns1/velodyne_points/1624824136.066819000.pcd
Cat1,10mph,lr,opposite,1,1624824136.167632000,ns1,/media/batool/MULTIMODAL_DATA/Multimodal_Data/Cat1/opposite/bag_files/Cat1_10mph_lr_opposite_1/lidar_pcd/ns1/velodyne_points/1624824136.167632000.pcd
Cat1,10mph,lr,opposite,1,1624824136.268500000,ns1,/media/batool/MULTIMODAL_DATA/Multimodal_Data/Cat1/opposite/bag_files/Cat1_10mph_lr_opposite_1/lidar_pcd/ns1/velodyne_points/1624824136.268500000.pcd
Cat1,10mph,lr,opposite,1,1624824136.369362000,ns1,/media/batool/MULTIMODAL_DATA/Multimodal_Data/Cat1/opposite/bag_files/Cat1_10mph_lr_opposite_1/lidar_pcd/ns1/velodyne_points/1624824136.369362000.pcd
Cat1,10mph,lr,opposite,1,1624824136.470179000,ns1,/media/batool/MULTIMODAL_DATA/Multimodal_Data/Cat1/opposite/bag_files/Cat1_10mph_lr_opposite_1/lidar_pcd/ns1/velodyne_points/1624824136.470179000.pcd
Cat1,10mph,lr,opposite,1,1624824136.571069000,ns1,/media/batool/MULTIMODAL_DATA/Multimodal_Data/Cat1/opposite/bag_files/Cat1_10mph_lr_opposite_1/lidar_pcd/ns1/velodyne_points/1624824136.571069000.pcd
Cat1,10mph,lr,opposite,1,1624824136.671907000,ns1,/media/batool/MULTIMODAL_DATA/Multimodal_Data/Cat1/opposite/bag_files/Cat1_10mph_lr_opposite_1/lidar_pcd/ns1/velodyne_points/1624824136.671907000.pcd
Cat1,10mph,lr,opposite,1,1624824136.772762000,ns1,/media/batool/MULTIMODAL_DATA/Multimodal_Data/Cat1/opposite/bag_files/Cat1_10mph_lr_opposite_1/lidar_pcd/ns1/velodyne_points/1624824136.772762000.pcd
Cat1,10mph,lr,opposite,1,1624824136.873623000,ns1,/media/batool/MULTIMODAL_DATA/Multimodal_Data/Cat1/opposite/bag_files/Cat1_10mph_lr_opposite_1/lidar_pcd/ns1/velodyne_points/1624824136.873623000.pcd
Cat1,10mph,lr,opposite,1,1624824136.974504000,ns1,/media/batool/MULTIMODAL_DATA/Multimodal_Data/Cat1/opposite/bag_files/Cat1_10mph_lr_opposite_1/lidar_pcd/ns1/velodyne_points/1624824136.974504000.pcd
Cat1,10mph,lr,opposite,1,1624824137.176230000,ns1,/media/batool/MULTIMODAL_DATA/Multimodal_Data/Cat1/opposite/bag_files/Cat1_10mph_lr_opposite_1/lidar_pcd/ns1/velodyne_points/1624824137.176230000.pcd
Cat1,10mph,lr,opposite,1,1624824137.277072000,ns1,/media/batool/MULTIMODAL_DATA/Multimodal_Data/Cat1/opposite/bag_files/Cat1_10mph_lr_opposite_1/lidar_pcd/ns1/velodyne_points/1624824137.277072000.pcd
Cat1,10mph,lr,opposite,1,1624824137.377919000,ns1,/media/batool/MULTIMODAL_DATA/Multimodal_Data/Cat1/opposite/bag_files/Cat1_10mph_lr_opposite_1/lidar_pcd/ns1/velodyne_points/1624824137.377919000.pcd
Cat1,10mph,lr,opposite,1,1624824137.478793000,ns1,/media/batool/MULTIMODAL_DATA/Multimodal_Data/Cat1/opposite/bag_files/Cat1_10mph_lr_opposite_1/lidar_pcd/ns1/velodyne_points/1624824137.478793000.pcd
Cat1,10mph,lr,opposite,1,1624824137.579624000,ns1,/media/batool/MULTIMODAL_DATA/Multimodal_Data/Cat1/opposite/bag_files/Cat1_10mph_lr_opposite_1/lidar_pcd/ns1/velodyne_points/1624824137.579624000.pcd
Cat1,10mph,lr,opposite,1,1624824137.680461000,ns1,/media/batool/MULTIMODAL_DATA/Multimodal_Data/Cat1/opposite/bag_files/Cat1_10mph_lr_opposite_1/lidar_pcd/ns1/velodyne_points/1624824137.680461000.pcd
Cat1,10mph,lr,opposite,1,1624824137.781331000,ns1,/media/batool/MULTIMODAL_DATA/Multimodal_Data/Cat1/opposite/bag_files/Cat1_10mph_lr_opposite_1/lidar_pcd/ns1/velodyne_points/1624824137.781331000.pcd
Cat1,10mph,lr,opposite,1,1624824137.882230000,ns1,/media/batool/MULTIMODAL_DATA/Multimodal_Data/Cat1/opposite/bag_files/Cat1_10mph_lr_opposite_1/lidar_pcd/ns1/velodyne_points/1624824137.882230000.pcd
Cat1,10mph,lr,opposite,1,1624824137.983090000,ns1,/media/batool/MULTIMODAL_DATA/Multimodal_Data/Cat1/opposite/bag_files/Cat1_10mph_lr_opposite_1/lidar_pcd/ns1/velodyne_points/1624824137.983090000.pcd
Cat1,10mph,lr,opposite,1,1624824138.083894000,ns1,/media/batool/MULTIMODAL_DATA/Multimodal_Data/Cat1/opposite/bag_files/Cat1_10mph_lr_opposite_1/lidar_pcd/ns1/velodyne_points/1624824138.083894000.pcd
Cat1,10mph,lr,opposite,1,1624824138.184764000,ns1,/media/batool/MULTIMODAL_DATA/Multimodal_Data/Cat1/opposite/bag_files/Cat1_10mph_lr_opposite_1/lidar_pcd/ns1/velodyne_points/1624824138.184764000.pcd
Cat1,10mph,lr,opposite,1,1624824138.285696000,ns1,/media/batool/MULTIMODAL_DATA/Multimodal_Data/Cat1/opposite/bag_files/Cat1_10mph_lr_opposite_1/lidar_pcd/ns1/velodyne_points/1624824138.285696000.pcd
Cat1,10mph,lr,opposite,1,1624824138.386512000,ns1,/media/batool/MULTIMODAL_DATA/Multimodal_Data/Cat1/opposite/bag_files/Cat1_10mph_lr_opposite_1/lidar_pcd/ns1/velodyne_points/1624824138.386512000.pcd
Cat1,10mph,lr,opposite,1,1624824138.487336000,ns1,/media/batool/MULTIMODAL_DATA/Multimodal_Data/Cat1/opposite/bag_files/Cat1_10mph_lr_opposite_1/lidar_pcd/ns1/velodyne_points/1624824138.487336000.pcd
Cat1,10mph,lr,opposite,1,1624824138.689042000,ns1,/media/batool/MULTIMODAL_DATA/Multimodal_Data/Cat1/opposite/bag_files/Cat1_10mph_lr_opposite_1/lidar_pcd/ns1/velodyne_points/1624824138.689042000.pcd
Cat1,10mph,lr,opposite,1,1624824138.789919000,ns1,/media/batool/MULTIMODAL_DATA/Multimodal_Data/Cat1/opposite/bag_files/Cat1_10mph_lr_opposite_1/lidar_pcd/ns1/velodyne_points/1624824138.789919000.pcd
Cat1,10mph,lr,opposite,1,1624824138.890783000,ns1,/media/batool/MULTIMODAL_DATA/Multimodal_Data/Cat1/opposite/bag_files/Cat1_10mph_lr_opposite_1/lidar_pcd/ns1/velodyne_points/1624824138.890783000.pcd
Cat1,10mph,lr,opposite,1,1624824138.991621000,ns1,/media/batool/MULTIMODAL_DATA/Multimodal_Data/Cat1/opposite/bag_files/Cat1_10mph_lr_opposite_1/lidar_pcd/ns1/velodyne_points/1624824138.991621000.pcd
Cat1,10mph,lr,opposite,1,1624824139.092487000,ns1,/media/batool/MULTIMODAL_DATA/Multimodal_Data/Cat1/opposite/bag_files/Cat1_10mph_lr_opposite_1/lidar_pcd/ns1/velodyne_points/1624824139.092487000.pcd
Cat1,10mph,lr,opposite,1,1624824139.193312000,ns1,/media/batool/MULTIMODAL_DATA/Multimodal_Data/Cat1/opposite/bag_files/Cat1_10mph_lr_opposite_1/lidar_pcd/ns1/velodyne_points/1624824139.193312000.pcd
Cat1,10mph,lr,opposite,1,1624824139.294221000,ns1,/media/batool/MULTIMODAL_DATA/Multimodal_Data/Cat1/opposite/bag_files/Cat1_10mph_lr_opposite_1/lidar_pcd/ns1/velodyne_points/1624824139.294221000.pcd
Cat1,10mph,lr,opposite,1,1624824139.395039000,ns1,/media/batool/MULTIMODAL_DATA/Multimodal_Data/Cat1/opposite/bag_files/Cat1_10mph_lr_opposite_1/lidar_pcd/ns1/velodyne_points/1624824139.395039000.pcd
Cat1,10mph,lr,opposite,1,1624824139.495903000,ns1,/media/batool/MULTIMODAL_DATA/Multimodal_Data/Cat1/opposite/bag_files/Cat1_10mph_lr_opposite_1/lidar_pcd/ns1/velodyne_points/1624824139.495903000.pcd
Cat1,10mph,lr,opposite,1,1624824139.596785000,ns1,/media/batool/MULTIMODAL_DATA/Multimodal_Data/Cat1/opposite/bag_files/Cat1_10mph_lr_opposite_1/lidar_pcd/ns1/velodyne_points/1624824139.596785000.pcd
Cat1,10mph,lr,opposite,1,1624824139.697633000,ns1,/media/batool/MULTIMODAL_DATA/Multimodal_Data/Cat1/opposite/bag_files/Cat1_10mph_lr_opposite_1/lidar_pcd/ns1/velodyne_points/1624824139.697633000.pcd
Cat1,10mph,lr,opposite,1,1624824139.798461000,ns1,/media/batool/MULTIMODAL_DATA/Multimodal_Data/Cat1/opposite/bag_files/Cat1_10mph_lr_opposite_1/lidar_pcd/ns1/velodyne_points/1624824139.798461000.pcd
Cat1,10mph,lr,opposite,1,1624824139.899307000,ns1,/media/batool/MULTIMODAL_DATA/Multimodal_Data/Cat1/opposite/bag_files/Cat1_10mph_lr_opposite_1/lidar_pcd/ns1/velodyne_points/1624824139.899307000.pcd
Cat1,10mph,lr,opposite,1,1624824140.000191000,ns1,/media/batool/MULTIMODAL_DATA/Multimodal_Data/Cat1/opposite/bag_files/Cat1_10mph_lr_opposite_1/lidar_pcd/ns1/velodyne_points/1624824140.000191000.pcd
Cat1,10mph,lr,opposite,1,1624824140.101044000,ns1,/media/batool/MULTIMODAL_DATA/Multimodal_Data/Cat1/opposite/bag_files/Cat1_10mph_lr_opposite_1/lidar_pcd/ns1/velodyne_points/1624824140.101044000.pcd
Cat1,10mph,lr,opposite,1,1624824140.201921000,ns1,/media/batool/MULTIMODAL_DATA/Multimodal_Data/Cat1/opposite/bag_files/Cat1_10mph_lr_opposite_1/lidar_pcd/ns1/velodyne_points/1624824140.201921000.pcd
Cat1,10mph,lr,opposite,1,1624824140.302797000,ns1,/media/batool/MULTIMODAL_DATA/Multimodal_Data/Cat1/opposite/bag_files/Cat1_10mph_lr_opposite_1/lidar_pcd/ns1/velodyne_points/1624824140.302797000.pcd
