Category,speed,direction,lane,episode,Time header,Image_path
Cat1,15mph,lr,opposite,7,1624828789.4488769,/media/batool/MULTIMODAL_DATA/Multimodal_Data/Cat1/opposite/bag_files/Cat1_15mph_lr_opposite_7/camera_images/1624828789.4488769.jpg
Cat1,15mph,lr,opposite,7,1624828789.4822102,/media/batool/MULTIMODAL_DATA/Multimodal_Data/Cat1/opposite/bag_files/Cat1_15mph_lr_opposite_7/camera_images/1624828789.4822102.jpg
Cat1,15mph,lr,opposite,7,1624828789.5155435,/media/batool/MULTIMODAL_DATA/Multimodal_Data/Cat1/opposite/bag_files/Cat1_15mph_lr_opposite_7/camera_images/1624828789.5155435.jpg
Cat1,15mph,lr,opposite,7,1624828789.5488768,/media/batool/MULTIMODAL_DATA/Multimodal_Data/Cat1/opposite/bag_files/Cat1_15mph_lr_opposite_7/camera_images/1624828789.5488768.jpg
Cat1,15mph,lr,opposite,7,1624828789.58221,/media/batool/MULTIMODAL_DATA/Multimodal_Data/Cat1/opposite/bag_files/Cat1_15mph_lr_opposite_7/camera_images/1624828789.58221.jpg
Cat1,15mph,lr,opposite,7,1624828789.6155434,/media/batool/MULTIMODAL_DATA/Multimodal_Data/Cat1/opposite/bag_files/Cat1_15mph_lr_opposite_7/camera_images/1624828789.6155434.jpg
Cat1,15mph,lr,opposite,7,1624828789.6488767,/media/batool/MULTIMODAL_DATA/Multimodal_Data/Cat1/opposite/bag_files/Cat1_15mph_lr_opposite_7/camera_images/1624828789.6488767.jpg
Cat1,15mph,lr,opposite,7,1624828789.68221,/media/batool/MULTIMODAL_DATA/Multimodal_Data/Cat1/opposite/bag_files/Cat1_15mph_lr_opposite_7/camera_images/1624828789.68221.jpg
Cat1,15mph,lr,opposite,7,1624828789.7155433,/media/batool/MULTIMODAL_DATA/Multimodal_Data/Cat1/opposite/bag_files/Cat1_15mph_lr_opposite_7/camera_images/1624828789.7155433.jpg
Cat1,15mph,lr,opposite,7,1624828789.7488766,/media/batool/MULTIMODAL_DATA/Multimodal_Data/Cat1/opposite/bag_files/Cat1_15mph_lr_opposite_7/camera_images/1624828789.7488766.jpg
Cat1,15mph,lr,opposite,7,1624828789.7822099,/media/batool/MULTIMODAL_DATA/Multimodal_Data/Cat1/opposite/bag_files/Cat1_15mph_lr_opposite_7/camera_images/1624828789.7822099.jpg
Cat1,15mph,lr,opposite,7,1624828789.8155432,/media/batool/MULTIMODAL_DATA/Multimodal_Data/Cat1/opposite/bag_files/Cat1_15mph_lr_opposite_7/camera_images/1624828789.8155432.jpg
Cat1,15mph,lr,opposite,7,1624828789.8488765,/media/batool/MULTIMODAL_DATA/Multimodal_Data/Cat1/opposite/bag_files/Cat1_15mph_lr_opposite_7/camera_images/1624828789.8488765.jpg
Cat1,15mph,lr,opposite,7,1624828789.8822098,/media/batool/MULTIMODAL_DATA/Multimodal_Data/Cat1/opposite/bag_files/Cat1_15mph_lr_opposite_7/camera_images/1624828789.8822098.jpg
Cat1,15mph,lr,opposite,7,1624828789.915543,/media/batool/MULTIMODAL_DATA/Multimodal_Data/Cat1/opposite/bag_files/Cat1_15mph_lr_opposite_7/camera_images/1624828789.915543.jpg
Cat1,15mph,lr,opposite,7,1624828789.9822097,/media/batool/MULTIMODAL_DATA/Multimodal_Data/Cat1/opposite/bag_files/Cat1_15mph_lr_opposite_7/camera_images/1624828789.9822097.jpg
Cat1,15mph,lr,opposite,7,1624828790.015543,/media/batool/MULTIMODAL_DATA/Multimodal_Data/Cat1/opposite/bag_files/Cat1_15mph_lr_opposite_7/camera_images/1624828790.015543.jpg
Cat1,15mph,lr,opposite,7,1624828790.0488763,/media/batool/MULTIMODAL_DATA/Multimodal_Data/Cat1/opposite/bag_files/Cat1_15mph_lr_opposite_7/camera_images/1624828790.0488763.jpg
Cat1,15mph,lr,opposite,7,1624828790.0822096,/media/batool/MULTIMODAL_DATA/Multimodal_Data/Cat1/opposite/bag_files/Cat1_15mph_lr_opposite_7/camera_images/1624828790.0822096.jpg
Cat1,15mph,lr,opposite,7,1624828790.115543,/media/batool/MULTIMODAL_DATA/Multimodal_Data/Cat1/opposite/bag_files/Cat1_15mph_lr_opposite_7/camera_images/1624828790.115543.jpg
Cat1,15mph,lr,opposite,7,1624828790.1488762,/media/batool/MULTIMODAL_DATA/Multimodal_Data/Cat1/opposite/bag_files/Cat1_15mph_lr_opposite_7/camera_images/1624828790.1488762.jpg
Cat1,15mph,lr,opposite,7,1624828790.1822095,/media/batool/MULTIMODAL_DATA/Multimodal_Data/Cat1/opposite/bag_files/Cat1_15mph_lr_opposite_7/camera_images/1624828790.1822095.jpg
Cat1,15mph,lr,opposite,7,1624828790.2155428,/media/batool/MULTIMODAL_DATA/Multimodal_Data/Cat1/opposite/bag_files/Cat1_15mph_lr_opposite_7/camera_images/1624828790.2155428.jpg
Cat1,15mph,lr,opposite,7,1624828790.248876,/media/batool/MULTIMODAL_DATA/Multimodal_Data/Cat1/opposite/bag_files/Cat1_15mph_lr_opposite_7/camera_images/1624828790.248876.jpg
Cat1,15mph,lr,opposite,7,1624828790.2822094,/media/batool/MULTIMODAL_DATA/Multimodal_Data/Cat1/opposite/bag_files/Cat1_15mph_lr_opposite_7/camera_images/1624828790.2822094.jpg
Cat1,15mph,lr,opposite,7,1624828790.3155427,/media/batool/MULTIMODAL_DATA/Multimodal_Data/Cat1/opposite/bag_files/Cat1_15mph_lr_opposite_7/camera_images/1624828790.3155427.jpg
Cat1,15mph,lr,opposite,7,1624828790.348876,/media/batool/MULTIMODAL_DATA/Multimodal_Data/Cat1/opposite/bag_files/Cat1_15mph_lr_opposite_7/camera_images/1624828790.348876.jpg
Cat1,15mph,lr,opposite,7,1624828790.3822093,/media/batool/MULTIMODAL_DATA/Multimodal_Data/Cat1/opposite/bag_files/Cat1_15mph_lr_opposite_7/camera_images/1624828790.3822093.jpg
Cat1,15mph,lr,opposite,7,1624828790.4155426,/media/batool/MULTIMODAL_DATA/Multimodal_Data/Cat1/opposite/bag_files/Cat1_15mph_lr_opposite_7/camera_images/1624828790.4155426.jpg
Cat1,15mph,lr,opposite,7,1624828790.448876,/media/batool/MULTIMODAL_DATA/Multimodal_Data/Cat1/opposite/bag_files/Cat1_15mph_lr_opposite_7/camera_images/1624828790.448876.jpg
Cat1,15mph,lr,opposite,7,1624828790.5155425,/media/batool/MULTIMODAL_DATA/Multimodal_Data/Cat1/opposite/bag_files/Cat1_15mph_lr_opposite_7/camera_images/1624828790.5155425.jpg
Cat1,15mph,lr,opposite,7,1624828790.5488758,/media/batool/MULTIMODAL_DATA/Multimodal_Data/Cat1/opposite/bag_files/Cat1_15mph_lr_opposite_7/camera_images/1624828790.5488758.jpg
Cat1,15mph,lr,opposite,7,1624828790.582209,/media/batool/MULTIMODAL_DATA/Multimodal_Data/Cat1/opposite/bag_files/Cat1_15mph_lr_opposite_7/camera_images/1624828790.582209.jpg
Cat1,15mph,lr,opposite,7,1624828790.6155424,/media/batool/MULTIMODAL_DATA/Multimodal_Data/Cat1/opposite/bag_files/Cat1_15mph_lr_opposite_7/camera_images/1624828790.6155424.jpg
Cat1,15mph,lr,opposite,7,1624828790.6488757,/media/batool/MULTIMODAL_DATA/Multimodal_Data/Cat1/opposite/bag_files/Cat1_15mph_lr_opposite_7/camera_images/1624828790.6488757.jpg
Cat1,15mph,lr,opposite,7,1624828790.682209,/media/batool/MULTIMODAL_DATA/Multimodal_Data/Cat1/opposite/bag_files/Cat1_15mph_lr_opposite_7/camera_images/1624828790.682209.jpg
Cat1,15mph,lr,opposite,7,1624828790.7155423,/media/batool/MULTIMODAL_DATA/Multimodal_Data/Cat1/opposite/bag_files/Cat1_15mph_lr_opposite_7/camera_images/1624828790.7155423.jpg
Cat1,15mph,lr,opposite,7,1624828790.7488756,/media/batool/MULTIMODAL_DATA/Multimodal_Data/Cat1/opposite/bag_files/Cat1_15mph_lr_opposite_7/camera_images/1624828790.7488756.jpg
Cat1,15mph,lr,opposite,7,1624828790.782209,/media/batool/MULTIMODAL_DATA/Multimodal_Data/Cat1/opposite/bag_files/Cat1_15mph_lr_opposite_7/camera_images/1624828790.782209.jpg
Cat1,15mph,lr,opposite,7,1624828790.8155422,/media/batool/MULTIMODAL_DATA/Multimodal_Data/Cat1/opposite/bag_files/Cat1_15mph_lr_opposite_7/camera_images/1624828790.8155422.jpg
Cat1,15mph,lr,opposite,7,1624828790.8488755,/media/batool/MULTIMODAL_DATA/Multimodal_Data/Cat1/opposite/bag_files/Cat1_15mph_lr_opposite_7/camera_images/1624828790.8488755.jpg
Cat1,15mph,lr,opposite,7,1624828790.8822088,/media/batool/MULTIMODAL_DATA/Multimodal_Data/Cat1/opposite/bag_files/Cat1_15mph_lr_opposite_7/camera_images/1624828790.8822088.jpg
Cat1,15mph,lr,opposite,7,1624828790.9155421,/media/batool/MULTIMODAL_DATA/Multimodal_Data/Cat1/opposite/bag_files/Cat1_15mph_lr_opposite_7/camera_images/1624828790.9155421.jpg
Cat1,15mph,lr,opposite,7,1624828790.9488754,/media/batool/MULTIMODAL_DATA/Multimodal_Data/Cat1/opposite/bag_files/Cat1_15mph_lr_opposite_7/camera_images/1624828790.9488754.jpg
Cat1,15mph,lr,opposite,7,1624828790.9822087,/media/batool/MULTIMODAL_DATA/Multimodal_Data/Cat1/opposite/bag_files/Cat1_15mph_lr_opposite_7/camera_images/1624828790.9822087.jpg
Cat1,15mph,lr,opposite,7,1624828791.0488753,/media/batool/MULTIMODAL_DATA/Multimodal_Data/Cat1/opposite/bag_files/Cat1_15mph_lr_opposite_7/camera_images/1624828791.0488753.jpg
Cat1,15mph,lr,opposite,7,1624828791.0822086,/media/batool/MULTIMODAL_DATA/Multimodal_Data/Cat1/opposite/bag_files/Cat1_15mph_lr_opposite_7/camera_images/1624828791.0822086.jpg
Cat1,15mph,lr,opposite,7,1624828791.115542,/media/batool/MULTIMODAL_DATA/Multimodal_Data/Cat1/opposite/bag_files/Cat1_15mph_lr_opposite_7/camera_images/1624828791.115542.jpg
Cat1,15mph,lr,opposite,7,1624828791.1488752,/media/batool/MULTIMODAL_DATA/Multimodal_Data/Cat1/opposite/bag_files/Cat1_15mph_lr_opposite_7/camera_images/1624828791.1488752.jpg
Cat1,15mph,lr,opposite,7,1624828791.1822085,/media/batool/MULTIMODAL_DATA/Multimodal_Data/Cat1/opposite/bag_files/Cat1_15mph_lr_opposite_7/camera_images/1624828791.1822085.jpg
Cat1,15mph,lr,opposite,7,1624828791.2155418,/media/batool/MULTIMODAL_DATA/Multimodal_Data/Cat1/opposite/bag_files/Cat1_15mph_lr_opposite_7/camera_images/1624828791.2155418.jpg
Cat1,15mph,lr,opposite,7,1624828791.2488751,/media/batool/MULTIMODAL_DATA/Multimodal_Data/Cat1/opposite/bag_files/Cat1_15mph_lr_opposite_7/camera_images/1624828791.2488751.jpg
Cat1,15mph,lr,opposite,7,1624828791.2822084,/media/batool/MULTIMODAL_DATA/Multimodal_Data/Cat1/opposite/bag_files/Cat1_15mph_lr_opposite_7/camera_images/1624828791.2822084.jpg
Cat1,15mph,lr,opposite,7,1624828791.3155417,/media/batool/MULTIMODAL_DATA/Multimodal_Data/Cat1/opposite/bag_files/Cat1_15mph_lr_opposite_7/camera_images/1624828791.3155417.jpg
Cat1,15mph,lr,opposite,7,1624828791.348875,/media/batool/MULTIMODAL_DATA/Multimodal_Data/Cat1/opposite/bag_files/Cat1_15mph_lr_opposite_7/camera_images/1624828791.348875.jpg
Cat1,15mph,lr,opposite,7,1624828791.3822083,/media/batool/MULTIMODAL_DATA/Multimodal_Data/Cat1/opposite/bag_files/Cat1_15mph_lr_opposite_7/camera_images/1624828791.3822083.jpg
Cat1,15mph,lr,opposite,7,1624828791.4155416,/media/batool/MULTIMODAL_DATA/Multimodal_Data/Cat1/opposite/bag_files/Cat1_15mph_lr_opposite_7/camera_images/1624828791.4155416.jpg
Cat1,15mph,lr,opposite,7,1624828791.448875,/media/batool/MULTIMODAL_DATA/Multimodal_Data/Cat1/opposite/bag_files/Cat1_15mph_lr_opposite_7/camera_images/1624828791.448875.jpg
Cat1,15mph,lr,opposite,7,1624828791.4822083,/media/batool/MULTIMODAL_DATA/Multimodal_Data/Cat1/opposite/bag_files/Cat1_15mph_lr_opposite_7/camera_images/1624828791.4822083.jpg
Cat1,15mph,lr,opposite,7,1624828791.5155416,/media/batool/MULTIMODAL_DATA/Multimodal_Data/Cat1/opposite/bag_files/Cat1_15mph_lr_opposite_7/camera_images/1624828791.5155416.jpg
Cat1,15mph,lr,opposite,7,1624828789.9488764,/media/batool/MULTIMODAL_DATA/Multimodal_Data/Cat1/opposite/bag_files/Cat1_15mph_lr_opposite_7/camera_images/1624828789.9488764.jpg
Cat1,15mph,lr,opposite,7,1624828790.4822092,/media/batool/MULTIMODAL_DATA/Multimodal_Data/Cat1/opposite/bag_files/Cat1_15mph_lr_opposite_7/camera_images/1624828790.4822092.jpg
Cat1,15mph,lr,opposite,7,1624828791.015542,/media/batool/MULTIMODAL_DATA/Multimodal_Data/Cat1/opposite/bag_files/Cat1_15mph_lr_opposite_7/camera_images/1624828791.015542.jpg
Cat1,15mph,lr,opposite,7,1624828791.5488749,/media/batool/MULTIMODAL_DATA/Multimodal_Data/Cat1/opposite/bag_files/Cat1_15mph_lr_opposite_7/camera_images/1624828791.5488749.jpg
Cat1,15mph,lr,opposite,7,1624828792.0822077,/media/batool/MULTIMODAL_DATA/Multimodal_Data/Cat1/opposite/bag_files/Cat1_15mph_lr_opposite_7/camera_images/1624828792.0822077.jpg
Cat1,15mph,lr,opposite,7,1624828792.6155405,/media/batool/MULTIMODAL_DATA/Multimodal_Data/Cat1/opposite/bag_files/Cat1_15mph_lr_opposite_7/camera_images/1624828792.6155405.jpg
Cat1,15mph,lr,opposite,7,1624828793.1488733,/media/batool/MULTIMODAL_DATA/Multimodal_Data/Cat1/opposite/bag_files/Cat1_15mph_lr_opposite_7/camera_images/1624828793.1488733.jpg
Cat1,15mph,lr,opposite,7,1624828793.6822062,/media/batool/MULTIMODAL_DATA/Multimodal_Data/Cat1/opposite/bag_files/Cat1_15mph_lr_opposite_7/camera_images/1624828793.6822062.jpg
Cat1,15mph,lr,opposite,7,1624828794.215539,/media/batool/MULTIMODAL_DATA/Multimodal_Data/Cat1/opposite/bag_files/Cat1_15mph_lr_opposite_7/camera_images/1624828794.215539.jpg
Cat1,15mph,lr,opposite,7,1624828794.7488718,/media/batool/MULTIMODAL_DATA/Multimodal_Data/Cat1/opposite/bag_files/Cat1_15mph_lr_opposite_7/camera_images/1624828794.7488718.jpg
Cat1,15mph,lr,opposite,7,1624828795.2822046,/media/batool/MULTIMODAL_DATA/Multimodal_Data/Cat1/opposite/bag_files/Cat1_15mph_lr_opposite_7/camera_images/1624828795.2822046.jpg
Cat1,15mph,lr,opposite,7,1624828795.8155375,/media/batool/MULTIMODAL_DATA/Multimodal_Data/Cat1/opposite/bag_files/Cat1_15mph_lr_opposite_7/camera_images/1624828795.8155375.jpg
Cat1,15mph,lr,opposite,7,1624828796.3488703,/media/batool/MULTIMODAL_DATA/Multimodal_Data/Cat1/opposite/bag_files/Cat1_15mph_lr_opposite_7/camera_images/1624828796.3488703.jpg
Cat1,15mph,lr,opposite,7,1624828796.882203,/media/batool/MULTIMODAL_DATA/Multimodal_Data/Cat1/opposite/bag_files/Cat1_15mph_lr_opposite_7/camera_images/1624828796.882203.jpg
Cat1,15mph,lr,opposite,7,1624828797.415536,/media/batool/MULTIMODAL_DATA/Multimodal_Data/Cat1/opposite/bag_files/Cat1_15mph_lr_opposite_7/camera_images/1624828797.415536.jpg
Cat1,15mph,lr,opposite,7,1624828797.9488688,/media/batool/MULTIMODAL_DATA/Multimodal_Data/Cat1/opposite/bag_files/Cat1_15mph_lr_opposite_7/camera_images/1624828797.9488688.jpg
Cat1,15mph,lr,opposite,7,1624828798.4822016,/media/batool/MULTIMODAL_DATA/Multimodal_Data/Cat1/opposite/bag_files/Cat1_15mph_lr_opposite_7/camera_images/1624828798.4822016.jpg
Cat1,15mph,lr,opposite,7,1624828799.0155344,/media/batool/MULTIMODAL_DATA/Multimodal_Data/Cat1/opposite/bag_files/Cat1_15mph_lr_opposite_7/camera_images/1624828799.0155344.jpg
Cat1,15mph,lr,opposite,7,1624828799.5488672,/media/batool/MULTIMODAL_DATA/Multimodal_Data/Cat1/opposite/bag_files/Cat1_15mph_lr_opposite_7/camera_images/1624828799.5488672.jpg
Cat1,15mph,lr,opposite,7,1624828800.0822,/media/batool/MULTIMODAL_DATA/Multimodal_Data/Cat1/opposite/bag_files/Cat1_15mph_lr_opposite_7/camera_images/1624828800.0822.jpg
Cat1,15mph,lr,opposite,7,1624828800.6155329,/media/batool/MULTIMODAL_DATA/Multimodal_Data/Cat1/opposite/bag_files/Cat1_15mph_lr_opposite_7/camera_images/1624828800.6155329.jpg
Cat1,15mph,lr,opposite,7,1624828801.1488657,/media/batool/MULTIMODAL_DATA/Multimodal_Data/Cat1/opposite/bag_files/Cat1_15mph_lr_opposite_7/camera_images/1624828801.1488657.jpg
Cat1,15mph,lr,opposite,7,1624828801.6821985,/media/batool/MULTIMODAL_DATA/Multimodal_Data/Cat1/opposite/bag_files/Cat1_15mph_lr_opposite_7/camera_images/1624828801.6821985.jpg
Cat1,15mph,lr,opposite,7,1624828802.2155313,/media/batool/MULTIMODAL_DATA/Multimodal_Data/Cat1/opposite/bag_files/Cat1_15mph_lr_opposite_7/camera_images/1624828802.2155313.jpg
Cat1,15mph,lr,opposite,7,1624828802.7488642,/media/batool/MULTIMODAL_DATA/Multimodal_Data/Cat1/opposite/bag_files/Cat1_15mph_lr_opposite_7/camera_images/1624828802.7488642.jpg
Cat1,15mph,lr,opposite,7,1624828803.282197,/media/batool/MULTIMODAL_DATA/Multimodal_Data/Cat1/opposite/bag_files/Cat1_15mph_lr_opposite_7/camera_images/1624828803.282197.jpg
Cat1,15mph,lr,opposite,7,1624828803.8155298,/media/batool/MULTIMODAL_DATA/Multimodal_Data/Cat1/opposite/bag_files/Cat1_15mph_lr_opposite_7/camera_images/1624828803.8155298.jpg
Cat1,15mph,lr,opposite,7,1624828791.5822082,/media/batool/MULTIMODAL_DATA/Multimodal_Data/Cat1/opposite/bag_files/Cat1_15mph_lr_opposite_7/camera_images/1624828791.5822082.jpg
Cat1,15mph,lr,opposite,7,1624828791.6155415,/media/batool/MULTIMODAL_DATA/Multimodal_Data/Cat1/opposite/bag_files/Cat1_15mph_lr_opposite_7/camera_images/1624828791.6155415.jpg
Cat1,15mph,lr,opposite,7,1624828791.6488748,/media/batool/MULTIMODAL_DATA/Multimodal_Data/Cat1/opposite/bag_files/Cat1_15mph_lr_opposite_7/camera_images/1624828791.6488748.jpg
Cat1,15mph,lr,opposite,7,1624828791.682208,/media/batool/MULTIMODAL_DATA/Multimodal_Data/Cat1/opposite/bag_files/Cat1_15mph_lr_opposite_7/camera_images/1624828791.682208.jpg
Cat1,15mph,lr,opposite,7,1624828791.7155414,/media/batool/MULTIMODAL_DATA/Multimodal_Data/Cat1/opposite/bag_files/Cat1_15mph_lr_opposite_7/camera_images/1624828791.7155414.jpg
Cat1,15mph,lr,opposite,7,1624828791.7488747,/media/batool/MULTIMODAL_DATA/Multimodal_Data/Cat1/opposite/bag_files/Cat1_15mph_lr_opposite_7/camera_images/1624828791.7488747.jpg
Cat1,15mph,lr,opposite,7,1624828791.782208,/media/batool/MULTIMODAL_DATA/Multimodal_Data/Cat1/opposite/bag_files/Cat1_15mph_lr_opposite_7/camera_images/1624828791.782208.jpg
Cat1,15mph,lr,opposite,7,1624828791.8155413,/media/batool/MULTIMODAL_DATA/Multimodal_Data/Cat1/opposite/bag_files/Cat1_15mph_lr_opposite_7/camera_images/1624828791.8155413.jpg
Cat1,15mph,lr,opposite,7,1624828791.8488746,/media/batool/MULTIMODAL_DATA/Multimodal_Data/Cat1/opposite/bag_files/Cat1_15mph_lr_opposite_7/camera_images/1624828791.8488746.jpg
Cat1,15mph,lr,opposite,7,1624828791.8822079,/media/batool/MULTIMODAL_DATA/Multimodal_Data/Cat1/opposite/bag_files/Cat1_15mph_lr_opposite_7/camera_images/1624828791.8822079.jpg
Cat1,15mph,lr,opposite,7,1624828791.9155412,/media/batool/MULTIMODAL_DATA/Multimodal_Data/Cat1/opposite/bag_files/Cat1_15mph_lr_opposite_7/camera_images/1624828791.9155412.jpg
Cat1,15mph,lr,opposite,7,1624828791.9488745,/media/batool/MULTIMODAL_DATA/Multimodal_Data/Cat1/opposite/bag_files/Cat1_15mph_lr_opposite_7/camera_images/1624828791.9488745.jpg
Cat1,15mph,lr,opposite,7,1624828791.9822078,/media/batool/MULTIMODAL_DATA/Multimodal_Data/Cat1/opposite/bag_files/Cat1_15mph_lr_opposite_7/camera_images/1624828791.9822078.jpg
Cat1,15mph,lr,opposite,7,1624828792.015541,/media/batool/MULTIMODAL_DATA/Multimodal_Data/Cat1/opposite/bag_files/Cat1_15mph_lr_opposite_7/camera_images/1624828792.015541.jpg
Cat1,15mph,lr,opposite,7,1624828792.0488744,/media/batool/MULTIMODAL_DATA/Multimodal_Data/Cat1/opposite/bag_files/Cat1_15mph_lr_opposite_7/camera_images/1624828792.0488744.jpg
Cat1,15mph,lr,opposite,7,1624828792.115541,/media/batool/MULTIMODAL_DATA/Multimodal_Data/Cat1/opposite/bag_files/Cat1_15mph_lr_opposite_7/camera_images/1624828792.115541.jpg
Cat1,15mph,lr,opposite,7,1624828792.1488743,/media/batool/MULTIMODAL_DATA/Multimodal_Data/Cat1/opposite/bag_files/Cat1_15mph_lr_opposite_7/camera_images/1624828792.1488743.jpg
Cat1,15mph,lr,opposite,7,1624828792.1822076,/media/batool/MULTIMODAL_DATA/Multimodal_Data/Cat1/opposite/bag_files/Cat1_15mph_lr_opposite_7/camera_images/1624828792.1822076.jpg
Cat1,15mph,lr,opposite,7,1624828792.215541,/media/batool/MULTIMODAL_DATA/Multimodal_Data/Cat1/opposite/bag_files/Cat1_15mph_lr_opposite_7/camera_images/1624828792.215541.jpg
Cat1,15mph,lr,opposite,7,1624828792.2488742,/media/batool/MULTIMODAL_DATA/Multimodal_Data/Cat1/opposite/bag_files/Cat1_15mph_lr_opposite_7/camera_images/1624828792.2488742.jpg
Cat1,15mph,lr,opposite,7,1624828792.2822075,/media/batool/MULTIMODAL_DATA/Multimodal_Data/Cat1/opposite/bag_files/Cat1_15mph_lr_opposite_7/camera_images/1624828792.2822075.jpg
Cat1,15mph,lr,opposite,7,1624828792.3155408,/media/batool/MULTIMODAL_DATA/Multimodal_Data/Cat1/opposite/bag_files/Cat1_15mph_lr_opposite_7/camera_images/1624828792.3155408.jpg
Cat1,15mph,lr,opposite,7,1624828792.348874,/media/batool/MULTIMODAL_DATA/Multimodal_Data/Cat1/opposite/bag_files/Cat1_15mph_lr_opposite_7/camera_images/1624828792.348874.jpg
Cat1,15mph,lr,opposite,7,1624828792.3822074,/media/batool/MULTIMODAL_DATA/Multimodal_Data/Cat1/opposite/bag_files/Cat1_15mph_lr_opposite_7/camera_images/1624828792.3822074.jpg
Cat1,15mph,lr,opposite,7,1624828792.4155407,/media/batool/MULTIMODAL_DATA/Multimodal_Data/Cat1/opposite/bag_files/Cat1_15mph_lr_opposite_7/camera_images/1624828792.4155407.jpg
Cat1,15mph,lr,opposite,7,1624828792.448874,/media/batool/MULTIMODAL_DATA/Multimodal_Data/Cat1/opposite/bag_files/Cat1_15mph_lr_opposite_7/camera_images/1624828792.448874.jpg
Cat1,15mph,lr,opposite,7,1624828792.4822073,/media/batool/MULTIMODAL_DATA/Multimodal_Data/Cat1/opposite/bag_files/Cat1_15mph_lr_opposite_7/camera_images/1624828792.4822073.jpg
Cat1,15mph,lr,opposite,7,1624828792.5155406,/media/batool/MULTIMODAL_DATA/Multimodal_Data/Cat1/opposite/bag_files/Cat1_15mph_lr_opposite_7/camera_images/1624828792.5155406.jpg
Cat1,15mph,lr,opposite,7,1624828792.548874,/media/batool/MULTIMODAL_DATA/Multimodal_Data/Cat1/opposite/bag_files/Cat1_15mph_lr_opposite_7/camera_images/1624828792.548874.jpg
Cat1,15mph,lr,opposite,7,1624828792.5822072,/media/batool/MULTIMODAL_DATA/Multimodal_Data/Cat1/opposite/bag_files/Cat1_15mph_lr_opposite_7/camera_images/1624828792.5822072.jpg
Cat1,15mph,lr,opposite,7,1624828792.6488738,/media/batool/MULTIMODAL_DATA/Multimodal_Data/Cat1/opposite/bag_files/Cat1_15mph_lr_opposite_7/camera_images/1624828792.6488738.jpg
Cat1,15mph,lr,opposite,7,1624828792.682207,/media/batool/MULTIMODAL_DATA/Multimodal_Data/Cat1/opposite/bag_files/Cat1_15mph_lr_opposite_7/camera_images/1624828792.682207.jpg
Cat1,15mph,lr,opposite,7,1624828792.7155404,/media/batool/MULTIMODAL_DATA/Multimodal_Data/Cat1/opposite/bag_files/Cat1_15mph_lr_opposite_7/camera_images/1624828792.7155404.jpg
Cat1,15mph,lr,opposite,7,1624828792.7488737,/media/batool/MULTIMODAL_DATA/Multimodal_Data/Cat1/opposite/bag_files/Cat1_15mph_lr_opposite_7/camera_images/1624828792.7488737.jpg
Cat1,15mph,lr,opposite,7,1624828792.782207,/media/batool/MULTIMODAL_DATA/Multimodal_Data/Cat1/opposite/bag_files/Cat1_15mph_lr_opposite_7/camera_images/1624828792.782207.jpg
Cat1,15mph,lr,opposite,7,1624828792.8155403,/media/batool/MULTIMODAL_DATA/Multimodal_Data/Cat1/opposite/bag_files/Cat1_15mph_lr_opposite_7/camera_images/1624828792.8155403.jpg
Cat1,15mph,lr,opposite,7,1624828792.8488736,/media/batool/MULTIMODAL_DATA/Multimodal_Data/Cat1/opposite/bag_files/Cat1_15mph_lr_opposite_7/camera_images/1624828792.8488736.jpg
Cat1,15mph,lr,opposite,7,1624828792.882207,/media/batool/MULTIMODAL_DATA/Multimodal_Data/Cat1/opposite/bag_files/Cat1_15mph_lr_opposite_7/camera_images/1624828792.882207.jpg
Cat1,15mph,lr,opposite,7,1624828792.9155402,/media/batool/MULTIMODAL_DATA/Multimodal_Data/Cat1/opposite/bag_files/Cat1_15mph_lr_opposite_7/camera_images/1624828792.9155402.jpg
Cat1,15mph,lr,opposite,7,1624828792.9488735,/media/batool/MULTIMODAL_DATA/Multimodal_Data/Cat1/opposite/bag_files/Cat1_15mph_lr_opposite_7/camera_images/1624828792.9488735.jpg
Cat1,15mph,lr,opposite,7,1624828792.9822068,/media/batool/MULTIMODAL_DATA/Multimodal_Data/Cat1/opposite/bag_files/Cat1_15mph_lr_opposite_7/camera_images/1624828792.9822068.jpg
Cat1,15mph,lr,opposite,7,1624828793.0155401,/media/batool/MULTIMODAL_DATA/Multimodal_Data/Cat1/opposite/bag_files/Cat1_15mph_lr_opposite_7/camera_images/1624828793.0155401.jpg
Cat1,15mph,lr,opposite,7,1624828793.0488734,/media/batool/MULTIMODAL_DATA/Multimodal_Data/Cat1/opposite/bag_files/Cat1_15mph_lr_opposite_7/camera_images/1624828793.0488734.jpg
Cat1,15mph,lr,opposite,7,1624828793.0822067,/media/batool/MULTIMODAL_DATA/Multimodal_Data/Cat1/opposite/bag_files/Cat1_15mph_lr_opposite_7/camera_images/1624828793.0822067.jpg
Cat1,15mph,lr,opposite,7,1624828793.11554,/media/batool/MULTIMODAL_DATA/Multimodal_Data/Cat1/opposite/bag_files/Cat1_15mph_lr_opposite_7/camera_images/1624828793.11554.jpg
Cat1,15mph,lr,opposite,7,1624828793.1822066,/media/batool/MULTIMODAL_DATA/Multimodal_Data/Cat1/opposite/bag_files/Cat1_15mph_lr_opposite_7/camera_images/1624828793.1822066.jpg
Cat1,15mph,lr,opposite,7,1624828793.21554,/media/batool/MULTIMODAL_DATA/Multimodal_Data/Cat1/opposite/bag_files/Cat1_15mph_lr_opposite_7/camera_images/1624828793.21554.jpg
Cat1,15mph,lr,opposite,7,1624828793.2488732,/media/batool/MULTIMODAL_DATA/Multimodal_Data/Cat1/opposite/bag_files/Cat1_15mph_lr_opposite_7/camera_images/1624828793.2488732.jpg
Cat1,15mph,lr,opposite,7,1624828793.2822065,/media/batool/MULTIMODAL_DATA/Multimodal_Data/Cat1/opposite/bag_files/Cat1_15mph_lr_opposite_7/camera_images/1624828793.2822065.jpg
Cat1,15mph,lr,opposite,7,1624828793.3155398,/media/batool/MULTIMODAL_DATA/Multimodal_Data/Cat1/opposite/bag_files/Cat1_15mph_lr_opposite_7/camera_images/1624828793.3155398.jpg
Cat1,15mph,lr,opposite,7,1624828793.3488731,/media/batool/MULTIMODAL_DATA/Multimodal_Data/Cat1/opposite/bag_files/Cat1_15mph_lr_opposite_7/camera_images/1624828793.3488731.jpg
Cat1,15mph,lr,opposite,7,1624828793.3822064,/media/batool/MULTIMODAL_DATA/Multimodal_Data/Cat1/opposite/bag_files/Cat1_15mph_lr_opposite_7/camera_images/1624828793.3822064.jpg
Cat1,15mph,lr,opposite,7,1624828793.4155397,/media/batool/MULTIMODAL_DATA/Multimodal_Data/Cat1/opposite/bag_files/Cat1_15mph_lr_opposite_7/camera_images/1624828793.4155397.jpg
Cat1,15mph,lr,opposite,7,1624828793.448873,/media/batool/MULTIMODAL_DATA/Multimodal_Data/Cat1/opposite/bag_files/Cat1_15mph_lr_opposite_7/camera_images/1624828793.448873.jpg
Cat1,15mph,lr,opposite,7,1624828793.4822063,/media/batool/MULTIMODAL_DATA/Multimodal_Data/Cat1/opposite/bag_files/Cat1_15mph_lr_opposite_7/camera_images/1624828793.4822063.jpg
Cat1,15mph,lr,opposite,7,1624828793.5155396,/media/batool/MULTIMODAL_DATA/Multimodal_Data/Cat1/opposite/bag_files/Cat1_15mph_lr_opposite_7/camera_images/1624828793.5155396.jpg
Cat1,15mph,lr,opposite,7,1624828793.548873,/media/batool/MULTIMODAL_DATA/Multimodal_Data/Cat1/opposite/bag_files/Cat1_15mph_lr_opposite_7/camera_images/1624828793.548873.jpg
Cat1,15mph,lr,opposite,7,1624828793.5822062,/media/batool/MULTIMODAL_DATA/Multimodal_Data/Cat1/opposite/bag_files/Cat1_15mph_lr_opposite_7/camera_images/1624828793.5822062.jpg
Cat1,15mph,lr,opposite,7,1624828793.6155396,/media/batool/MULTIMODAL_DATA/Multimodal_Data/Cat1/opposite/bag_files/Cat1_15mph_lr_opposite_7/camera_images/1624828793.6155396.jpg
Cat1,15mph,lr,opposite,7,1624828793.6488729,/media/batool/MULTIMODAL_DATA/Multimodal_Data/Cat1/opposite/bag_files/Cat1_15mph_lr_opposite_7/camera_images/1624828793.6488729.jpg
Cat1,15mph,lr,opposite,7,1624828793.7155395,/media/batool/MULTIMODAL_DATA/Multimodal_Data/Cat1/opposite/bag_files/Cat1_15mph_lr_opposite_7/camera_images/1624828793.7155395.jpg
Cat1,15mph,lr,opposite,7,1624828793.7488728,/media/batool/MULTIMODAL_DATA/Multimodal_Data/Cat1/opposite/bag_files/Cat1_15mph_lr_opposite_7/camera_images/1624828793.7488728.jpg
Cat1,15mph,lr,opposite,7,1624828793.782206,/media/batool/MULTIMODAL_DATA/Multimodal_Data/Cat1/opposite/bag_files/Cat1_15mph_lr_opposite_7/camera_images/1624828793.782206.jpg
Cat1,15mph,lr,opposite,7,1624828793.8155394,/media/batool/MULTIMODAL_DATA/Multimodal_Data/Cat1/opposite/bag_files/Cat1_15mph_lr_opposite_7/camera_images/1624828793.8155394.jpg
Cat1,15mph,lr,opposite,7,1624828793.8488727,/media/batool/MULTIMODAL_DATA/Multimodal_Data/Cat1/opposite/bag_files/Cat1_15mph_lr_opposite_7/camera_images/1624828793.8488727.jpg
Cat1,15mph,lr,opposite,7,1624828793.882206,/media/batool/MULTIMODAL_DATA/Multimodal_Data/Cat1/opposite/bag_files/Cat1_15mph_lr_opposite_7/camera_images/1624828793.882206.jpg
Cat1,15mph,lr,opposite,7,1624828793.9155393,/media/batool/MULTIMODAL_DATA/Multimodal_Data/Cat1/opposite/bag_files/Cat1_15mph_lr_opposite_7/camera_images/1624828793.9155393.jpg
Cat1,15mph,lr,opposite,7,1624828793.9488726,/media/batool/MULTIMODAL_DATA/Multimodal_Data/Cat1/opposite/bag_files/Cat1_15mph_lr_opposite_7/camera_images/1624828793.9488726.jpg
Cat1,15mph,lr,opposite,7,1624828793.9822059,/media/batool/MULTIMODAL_DATA/Multimodal_Data/Cat1/opposite/bag_files/Cat1_15mph_lr_opposite_7/camera_images/1624828793.9822059.jpg
Cat1,15mph,lr,opposite,7,1624828794.0155392,/media/batool/MULTIMODAL_DATA/Multimodal_Data/Cat1/opposite/bag_files/Cat1_15mph_lr_opposite_7/camera_images/1624828794.0155392.jpg
Cat1,15mph,lr,opposite,7,1624828794.0488725,/media/batool/MULTIMODAL_DATA/Multimodal_Data/Cat1/opposite/bag_files/Cat1_15mph_lr_opposite_7/camera_images/1624828794.0488725.jpg
Cat1,15mph,lr,opposite,7,1624828794.0822058,/media/batool/MULTIMODAL_DATA/Multimodal_Data/Cat1/opposite/bag_files/Cat1_15mph_lr_opposite_7/camera_images/1624828794.0822058.jpg
Cat1,15mph,lr,opposite,7,1624828794.115539,/media/batool/MULTIMODAL_DATA/Multimodal_Data/Cat1/opposite/bag_files/Cat1_15mph_lr_opposite_7/camera_images/1624828794.115539.jpg
Cat1,15mph,lr,opposite,7,1624828794.1488724,/media/batool/MULTIMODAL_DATA/Multimodal_Data/Cat1/opposite/bag_files/Cat1_15mph_lr_opposite_7/camera_images/1624828794.1488724.jpg
Cat1,15mph,lr,opposite,7,1624828794.1822057,/media/batool/MULTIMODAL_DATA/Multimodal_Data/Cat1/opposite/bag_files/Cat1_15mph_lr_opposite_7/camera_images/1624828794.1822057.jpg
Cat1,15mph,lr,opposite,7,1624828794.2488723,/media/batool/MULTIMODAL_DATA/Multimodal_Data/Cat1/opposite/bag_files/Cat1_15mph_lr_opposite_7/camera_images/1624828794.2488723.jpg
Cat1,15mph,lr,opposite,7,1624828794.2822056,/media/batool/MULTIMODAL_DATA/Multimodal_Data/Cat1/opposite/bag_files/Cat1_15mph_lr_opposite_7/camera_images/1624828794.2822056.jpg
Cat1,15mph,lr,opposite,7,1624828794.315539,/media/batool/MULTIMODAL_DATA/Multimodal_Data/Cat1/opposite/bag_files/Cat1_15mph_lr_opposite_7/camera_images/1624828794.315539.jpg
Cat1,15mph,lr,opposite,7,1624828794.3488722,/media/batool/MULTIMODAL_DATA/Multimodal_Data/Cat1/opposite/bag_files/Cat1_15mph_lr_opposite_7/camera_images/1624828794.3488722.jpg
Cat1,15mph,lr,opposite,7,1624828794.3822055,/media/batool/MULTIMODAL_DATA/Multimodal_Data/Cat1/opposite/bag_files/Cat1_15mph_lr_opposite_7/camera_images/1624828794.3822055.jpg
Cat1,15mph,lr,opposite,7,1624828794.4155388,/media/batool/MULTIMODAL_DATA/Multimodal_Data/Cat1/opposite/bag_files/Cat1_15mph_lr_opposite_7/camera_images/1624828794.4155388.jpg
Cat1,15mph,lr,opposite,7,1624828794.448872,/media/batool/MULTIMODAL_DATA/Multimodal_Data/Cat1/opposite/bag_files/Cat1_15mph_lr_opposite_7/camera_images/1624828794.448872.jpg
Cat1,15mph,lr,opposite,7,1624828794.4822054,/media/batool/MULTIMODAL_DATA/Multimodal_Data/Cat1/opposite/bag_files/Cat1_15mph_lr_opposite_7/camera_images/1624828794.4822054.jpg
Cat1,15mph,lr,opposite,7,1624828794.5155387,/media/batool/MULTIMODAL_DATA/Multimodal_Data/Cat1/opposite/bag_files/Cat1_15mph_lr_opposite_7/camera_images/1624828794.5155387.jpg
Cat1,15mph,lr,opposite,7,1624828794.548872,/media/batool/MULTIMODAL_DATA/Multimodal_Data/Cat1/opposite/bag_files/Cat1_15mph_lr_opposite_7/camera_images/1624828794.548872.jpg
Cat1,15mph,lr,opposite,7,1624828794.5822053,/media/batool/MULTIMODAL_DATA/Multimodal_Data/Cat1/opposite/bag_files/Cat1_15mph_lr_opposite_7/camera_images/1624828794.5822053.jpg
Cat1,15mph,lr,opposite,7,1624828794.6155386,/media/batool/MULTIMODAL_DATA/Multimodal_Data/Cat1/opposite/bag_files/Cat1_15mph_lr_opposite_7/camera_images/1624828794.6155386.jpg
Cat1,15mph,lr,opposite,7,1624828794.648872,/media/batool/MULTIMODAL_DATA/Multimodal_Data/Cat1/opposite/bag_files/Cat1_15mph_lr_opposite_7/camera_images/1624828794.648872.jpg
Cat1,15mph,lr,opposite,7,1624828794.6822052,/media/batool/MULTIMODAL_DATA/Multimodal_Data/Cat1/opposite/bag_files/Cat1_15mph_lr_opposite_7/camera_images/1624828794.6822052.jpg
Cat1,15mph,lr,opposite,7,1624828794.7155385,/media/batool/MULTIMODAL_DATA/Multimodal_Data/Cat1/opposite/bag_files/Cat1_15mph_lr_opposite_7/camera_images/1624828794.7155385.jpg
Cat1,15mph,lr,opposite,7,1624828794.782205,/media/batool/MULTIMODAL_DATA/Multimodal_Data/Cat1/opposite/bag_files/Cat1_15mph_lr_opposite_7/camera_images/1624828794.782205.jpg
Cat1,15mph,lr,opposite,7,1624828794.8155384,/media/batool/MULTIMODAL_DATA/Multimodal_Data/Cat1/opposite/bag_files/Cat1_15mph_lr_opposite_7/camera_images/1624828794.8155384.jpg
Cat1,15mph,lr,opposite,7,1624828794.8488717,/media/batool/MULTIMODAL_DATA/Multimodal_Data/Cat1/opposite/bag_files/Cat1_15mph_lr_opposite_7/camera_images/1624828794.8488717.jpg
Cat1,15mph,lr,opposite,7,1624828794.882205,/media/batool/MULTIMODAL_DATA/Multimodal_Data/Cat1/opposite/bag_files/Cat1_15mph_lr_opposite_7/camera_images/1624828794.882205.jpg
Cat1,15mph,lr,opposite,7,1624828794.9155383,/media/batool/MULTIMODAL_DATA/Multimodal_Data/Cat1/opposite/bag_files/Cat1_15mph_lr_opposite_7/camera_images/1624828794.9155383.jpg
Cat1,15mph,lr,opposite,7,1624828794.9488716,/media/batool/MULTIMODAL_DATA/Multimodal_Data/Cat1/opposite/bag_files/Cat1_15mph_lr_opposite_7/camera_images/1624828794.9488716.jpg
Cat1,15mph,lr,opposite,7,1624828794.982205,/media/batool/MULTIMODAL_DATA/Multimodal_Data/Cat1/opposite/bag_files/Cat1_15mph_lr_opposite_7/camera_images/1624828794.982205.jpg
Cat1,15mph,lr,opposite,7,1624828795.0155382,/media/batool/MULTIMODAL_DATA/Multimodal_Data/Cat1/opposite/bag_files/Cat1_15mph_lr_opposite_7/camera_images/1624828795.0155382.jpg
Cat1,15mph,lr,opposite,7,1624828795.0488715,/media/batool/MULTIMODAL_DATA/Multimodal_Data/Cat1/opposite/bag_files/Cat1_15mph_lr_opposite_7/camera_images/1624828795.0488715.jpg
Cat1,15mph,lr,opposite,7,1624828795.0822048,/media/batool/MULTIMODAL_DATA/Multimodal_Data/Cat1/opposite/bag_files/Cat1_15mph_lr_opposite_7/camera_images/1624828795.0822048.jpg
Cat1,15mph,lr,opposite,7,1624828795.1155381,/media/batool/MULTIMODAL_DATA/Multimodal_Data/Cat1/opposite/bag_files/Cat1_15mph_lr_opposite_7/camera_images/1624828795.1155381.jpg
Cat1,15mph,lr,opposite,7,1624828795.1488714,/media/batool/MULTIMODAL_DATA/Multimodal_Data/Cat1/opposite/bag_files/Cat1_15mph_lr_opposite_7/camera_images/1624828795.1488714.jpg
Cat1,15mph,lr,opposite,7,1624828795.1822047,/media/batool/MULTIMODAL_DATA/Multimodal_Data/Cat1/opposite/bag_files/Cat1_15mph_lr_opposite_7/camera_images/1624828795.1822047.jpg
Cat1,15mph,lr,opposite,7,1624828795.215538,/media/batool/MULTIMODAL_DATA/Multimodal_Data/Cat1/opposite/bag_files/Cat1_15mph_lr_opposite_7/camera_images/1624828795.215538.jpg
Cat1,15mph,lr,opposite,7,1624828795.2488713,/media/batool/MULTIMODAL_DATA/Multimodal_Data/Cat1/opposite/bag_files/Cat1_15mph_lr_opposite_7/camera_images/1624828795.2488713.jpg
Cat1,15mph,lr,opposite,7,1624828795.315538,/media/batool/MULTIMODAL_DATA/Multimodal_Data/Cat1/opposite/bag_files/Cat1_15mph_lr_opposite_7/camera_images/1624828795.315538.jpg
Cat1,15mph,lr,opposite,7,1624828795.3488712,/media/batool/MULTIMODAL_DATA/Multimodal_Data/Cat1/opposite/bag_files/Cat1_15mph_lr_opposite_7/camera_images/1624828795.3488712.jpg
Cat1,15mph,lr,opposite,7,1624828795.3822045,/media/batool/MULTIMODAL_DATA/Multimodal_Data/Cat1/opposite/bag_files/Cat1_15mph_lr_opposite_7/camera_images/1624828795.3822045.jpg
Cat1,15mph,lr,opposite,7,1624828795.4155378,/media/batool/MULTIMODAL_DATA/Multimodal_Data/Cat1/opposite/bag_files/Cat1_15mph_lr_opposite_7/camera_images/1624828795.4155378.jpg
Cat1,15mph,lr,opposite,7,1624828795.4488711,/media/batool/MULTIMODAL_DATA/Multimodal_Data/Cat1/opposite/bag_files/Cat1_15mph_lr_opposite_7/camera_images/1624828795.4488711.jpg
Cat1,15mph,lr,opposite,7,1624828795.4822044,/media/batool/MULTIMODAL_DATA/Multimodal_Data/Cat1/opposite/bag_files/Cat1_15mph_lr_opposite_7/camera_images/1624828795.4822044.jpg
Cat1,15mph,lr,opposite,7,1624828795.5155377,/media/batool/MULTIMODAL_DATA/Multimodal_Data/Cat1/opposite/bag_files/Cat1_15mph_lr_opposite_7/camera_images/1624828795.5155377.jpg
Cat1,15mph,lr,opposite,7,1624828795.548871,/media/batool/MULTIMODAL_DATA/Multimodal_Data/Cat1/opposite/bag_files/Cat1_15mph_lr_opposite_7/camera_images/1624828795.548871.jpg
Cat1,15mph,lr,opposite,7,1624828795.5822043,/media/batool/MULTIMODAL_DATA/Multimodal_Data/Cat1/opposite/bag_files/Cat1_15mph_lr_opposite_7/camera_images/1624828795.5822043.jpg
Cat1,15mph,lr,opposite,7,1624828795.6155376,/media/batool/MULTIMODAL_DATA/Multimodal_Data/Cat1/opposite/bag_files/Cat1_15mph_lr_opposite_7/camera_images/1624828795.6155376.jpg
Cat1,15mph,lr,opposite,7,1624828795.648871,/media/batool/MULTIMODAL_DATA/Multimodal_Data/Cat1/opposite/bag_files/Cat1_15mph_lr_opposite_7/camera_images/1624828795.648871.jpg
Cat1,15mph,lr,opposite,7,1624828795.6822042,/media/batool/MULTIMODAL_DATA/Multimodal_Data/Cat1/opposite/bag_files/Cat1_15mph_lr_opposite_7/camera_images/1624828795.6822042.jpg
Cat1,15mph,lr,opposite,7,1624828795.7155375,/media/batool/MULTIMODAL_DATA/Multimodal_Data/Cat1/opposite/bag_files/Cat1_15mph_lr_opposite_7/camera_images/1624828795.7155375.jpg
Cat1,15mph,lr,opposite,7,1624828795.7488708,/media/batool/MULTIMODAL_DATA/Multimodal_Data/Cat1/opposite/bag_files/Cat1_15mph_lr_opposite_7/camera_images/1624828795.7488708.jpg
Cat1,15mph,lr,opposite,7,1624828795.7822042,/media/batool/MULTIMODAL_DATA/Multimodal_Data/Cat1/opposite/bag_files/Cat1_15mph_lr_opposite_7/camera_images/1624828795.7822042.jpg
Cat1,15mph,lr,opposite,7,1624828795.8488708,/media/batool/MULTIMODAL_DATA/Multimodal_Data/Cat1/opposite/bag_files/Cat1_15mph_lr_opposite_7/camera_images/1624828795.8488708.jpg
Cat1,15mph,lr,opposite,7,1624828795.882204,/media/batool/MULTIMODAL_DATA/Multimodal_Data/Cat1/opposite/bag_files/Cat1_15mph_lr_opposite_7/camera_images/1624828795.882204.jpg
Cat1,15mph,lr,opposite,7,1624828795.9155374,/media/batool/MULTIMODAL_DATA/Multimodal_Data/Cat1/opposite/bag_files/Cat1_15mph_lr_opposite_7/camera_images/1624828795.9155374.jpg
Cat1,15mph,lr,opposite,7,1624828795.9488707,/media/batool/MULTIMODAL_DATA/Multimodal_Data/Cat1/opposite/bag_files/Cat1_15mph_lr_opposite_7/camera_images/1624828795.9488707.jpg
Cat1,15mph,lr,opposite,7,1624828795.982204,/media/batool/MULTIMODAL_DATA/Multimodal_Data/Cat1/opposite/bag_files/Cat1_15mph_lr_opposite_7/camera_images/1624828795.982204.jpg
Cat1,15mph,lr,opposite,7,1624828796.0155373,/media/batool/MULTIMODAL_DATA/Multimodal_Data/Cat1/opposite/bag_files/Cat1_15mph_lr_opposite_7/camera_images/1624828796.0155373.jpg
Cat1,15mph,lr,opposite,7,1624828796.0488706,/media/batool/MULTIMODAL_DATA/Multimodal_Data/Cat1/opposite/bag_files/Cat1_15mph_lr_opposite_7/camera_images/1624828796.0488706.jpg
Cat1,15mph,lr,opposite,7,1624828796.0822039,/media/batool/MULTIMODAL_DATA/Multimodal_Data/Cat1/opposite/bag_files/Cat1_15mph_lr_opposite_7/camera_images/1624828796.0822039.jpg
Cat1,15mph,lr,opposite,7,1624828796.1155372,/media/batool/MULTIMODAL_DATA/Multimodal_Data/Cat1/opposite/bag_files/Cat1_15mph_lr_opposite_7/camera_images/1624828796.1155372.jpg
Cat1,15mph,lr,opposite,7,1624828796.1488705,/media/batool/MULTIMODAL_DATA/Multimodal_Data/Cat1/opposite/bag_files/Cat1_15mph_lr_opposite_7/camera_images/1624828796.1488705.jpg
Cat1,15mph,lr,opposite,7,1624828796.1822038,/media/batool/MULTIMODAL_DATA/Multimodal_Data/Cat1/opposite/bag_files/Cat1_15mph_lr_opposite_7/camera_images/1624828796.1822038.jpg
Cat1,15mph,lr,opposite,7,1624828796.215537,/media/batool/MULTIMODAL_DATA/Multimodal_Data/Cat1/opposite/bag_files/Cat1_15mph_lr_opposite_7/camera_images/1624828796.215537.jpg
Cat1,15mph,lr,opposite,7,1624828796.2488704,/media/batool/MULTIMODAL_DATA/Multimodal_Data/Cat1/opposite/bag_files/Cat1_15mph_lr_opposite_7/camera_images/1624828796.2488704.jpg
Cat1,15mph,lr,opposite,7,1624828796.2822037,/media/batool/MULTIMODAL_DATA/Multimodal_Data/Cat1/opposite/bag_files/Cat1_15mph_lr_opposite_7/camera_images/1624828796.2822037.jpg
Cat1,15mph,lr,opposite,7,1624828796.315537,/media/batool/MULTIMODAL_DATA/Multimodal_Data/Cat1/opposite/bag_files/Cat1_15mph_lr_opposite_7/camera_images/1624828796.315537.jpg
Cat1,15mph,lr,opposite,7,1624828796.3822036,/media/batool/MULTIMODAL_DATA/Multimodal_Data/Cat1/opposite/bag_files/Cat1_15mph_lr_opposite_7/camera_images/1624828796.3822036.jpg
Cat1,15mph,lr,opposite,7,1624828796.4155369,/media/batool/MULTIMODAL_DATA/Multimodal_Data/Cat1/opposite/bag_files/Cat1_15mph_lr_opposite_7/camera_images/1624828796.4155369.jpg
Cat1,15mph,lr,opposite,7,1624828796.4488702,/media/batool/MULTIMODAL_DATA/Multimodal_Data/Cat1/opposite/bag_files/Cat1_15mph_lr_opposite_7/camera_images/1624828796.4488702.jpg
Cat1,15mph,lr,opposite,7,1624828796.4822035,/media/batool/MULTIMODAL_DATA/Multimodal_Data/Cat1/opposite/bag_files/Cat1_15mph_lr_opposite_7/camera_images/1624828796.4822035.jpg
Cat1,15mph,lr,opposite,7,1624828796.5155368,/media/batool/MULTIMODAL_DATA/Multimodal_Data/Cat1/opposite/bag_files/Cat1_15mph_lr_opposite_7/camera_images/1624828796.5155368.jpg
Cat1,15mph,lr,opposite,7,1624828796.54887,/media/batool/MULTIMODAL_DATA/Multimodal_Data/Cat1/opposite/bag_files/Cat1_15mph_lr_opposite_7/camera_images/1624828796.54887.jpg
Cat1,15mph,lr,opposite,7,1624828796.5822034,/media/batool/MULTIMODAL_DATA/Multimodal_Data/Cat1/opposite/bag_files/Cat1_15mph_lr_opposite_7/camera_images/1624828796.5822034.jpg
Cat1,15mph,lr,opposite,7,1624828796.6155367,/media/batool/MULTIMODAL_DATA/Multimodal_Data/Cat1/opposite/bag_files/Cat1_15mph_lr_opposite_7/camera_images/1624828796.6155367.jpg
Cat1,15mph,lr,opposite,7,1624828796.64887,/media/batool/MULTIMODAL_DATA/Multimodal_Data/Cat1/opposite/bag_files/Cat1_15mph_lr_opposite_7/camera_images/1624828796.64887.jpg
Cat1,15mph,lr,opposite,7,1624828796.6822033,/media/batool/MULTIMODAL_DATA/Multimodal_Data/Cat1/opposite/bag_files/Cat1_15mph_lr_opposite_7/camera_images/1624828796.6822033.jpg
Cat1,15mph,lr,opposite,7,1624828796.7155366,/media/batool/MULTIMODAL_DATA/Multimodal_Data/Cat1/opposite/bag_files/Cat1_15mph_lr_opposite_7/camera_images/1624828796.7155366.jpg
Cat1,15mph,lr,opposite,7,1624828796.74887,/media/batool/MULTIMODAL_DATA/Multimodal_Data/Cat1/opposite/bag_files/Cat1_15mph_lr_opposite_7/camera_images/1624828796.74887.jpg
Cat1,15mph,lr,opposite,7,1624828796.7822032,/media/batool/MULTIMODAL_DATA/Multimodal_Data/Cat1/opposite/bag_files/Cat1_15mph_lr_opposite_7/camera_images/1624828796.7822032.jpg
Cat1,15mph,lr,opposite,7,1624828796.8155365,/media/batool/MULTIMODAL_DATA/Multimodal_Data/Cat1/opposite/bag_files/Cat1_15mph_lr_opposite_7/camera_images/1624828796.8155365.jpg
Cat1,15mph,lr,opposite,7,1624828796.8488698,/media/batool/MULTIMODAL_DATA/Multimodal_Data/Cat1/opposite/bag_files/Cat1_15mph_lr_opposite_7/camera_images/1624828796.8488698.jpg
Cat1,15mph,lr,opposite,7,1624828796.9155364,/media/batool/MULTIMODAL_DATA/Multimodal_Data/Cat1/opposite/bag_files/Cat1_15mph_lr_opposite_7/camera_images/1624828796.9155364.jpg
Cat1,15mph,lr,opposite,7,1624828796.9488697,/media/batool/MULTIMODAL_DATA/Multimodal_Data/Cat1/opposite/bag_files/Cat1_15mph_lr_opposite_7/camera_images/1624828796.9488697.jpg
Cat1,15mph,lr,opposite,7,1624828796.982203,/media/batool/MULTIMODAL_DATA/Multimodal_Data/Cat1/opposite/bag_files/Cat1_15mph_lr_opposite_7/camera_images/1624828796.982203.jpg
Cat1,15mph,lr,opposite,7,1624828797.0155363,/media/batool/MULTIMODAL_DATA/Multimodal_Data/Cat1/opposite/bag_files/Cat1_15mph_lr_opposite_7/camera_images/1624828797.0155363.jpg
Cat1,15mph,lr,opposite,7,1624828797.0488696,/media/batool/MULTIMODAL_DATA/Multimodal_Data/Cat1/opposite/bag_files/Cat1_15mph_lr_opposite_7/camera_images/1624828797.0488696.jpg
Cat1,15mph,lr,opposite,7,1624828797.082203,/media/batool/MULTIMODAL_DATA/Multimodal_Data/Cat1/opposite/bag_files/Cat1_15mph_lr_opposite_7/camera_images/1624828797.082203.jpg
Cat1,15mph,lr,opposite,7,1624828797.1155362,/media/batool/MULTIMODAL_DATA/Multimodal_Data/Cat1/opposite/bag_files/Cat1_15mph_lr_opposite_7/camera_images/1624828797.1155362.jpg
Cat1,15mph,lr,opposite,7,1624828797.1488695,/media/batool/MULTIMODAL_DATA/Multimodal_Data/Cat1/opposite/bag_files/Cat1_15mph_lr_opposite_7/camera_images/1624828797.1488695.jpg
Cat1,15mph,lr,opposite,7,1624828797.1822028,/media/batool/MULTIMODAL_DATA/Multimodal_Data/Cat1/opposite/bag_files/Cat1_15mph_lr_opposite_7/camera_images/1624828797.1822028.jpg
Cat1,15mph,lr,opposite,7,1624828797.215536,/media/batool/MULTIMODAL_DATA/Multimodal_Data/Cat1/opposite/bag_files/Cat1_15mph_lr_opposite_7/camera_images/1624828797.215536.jpg
Cat1,15mph,lr,opposite,7,1624828797.2488694,/media/batool/MULTIMODAL_DATA/Multimodal_Data/Cat1/opposite/bag_files/Cat1_15mph_lr_opposite_7/camera_images/1624828797.2488694.jpg
Cat1,15mph,lr,opposite,7,1624828797.2822027,/media/batool/MULTIMODAL_DATA/Multimodal_Data/Cat1/opposite/bag_files/Cat1_15mph_lr_opposite_7/camera_images/1624828797.2822027.jpg
Cat1,15mph,lr,opposite,7,1624828797.315536,/media/batool/MULTIMODAL_DATA/Multimodal_Data/Cat1/opposite/bag_files/Cat1_15mph_lr_opposite_7/camera_images/1624828797.315536.jpg
Cat1,15mph,lr,opposite,7,1624828797.3488693,/media/batool/MULTIMODAL_DATA/Multimodal_Data/Cat1/opposite/bag_files/Cat1_15mph_lr_opposite_7/camera_images/1624828797.3488693.jpg
Cat1,15mph,lr,opposite,7,1624828797.3822026,/media/batool/MULTIMODAL_DATA/Multimodal_Data/Cat1/opposite/bag_files/Cat1_15mph_lr_opposite_7/camera_images/1624828797.3822026.jpg
Cat1,15mph,lr,opposite,7,1624828797.4488692,/media/batool/MULTIMODAL_DATA/Multimodal_Data/Cat1/opposite/bag_files/Cat1_15mph_lr_opposite_7/camera_images/1624828797.4488692.jpg
Cat1,15mph,lr,opposite,7,1624828797.4822025,/media/batool/MULTIMODAL_DATA/Multimodal_Data/Cat1/opposite/bag_files/Cat1_15mph_lr_opposite_7/camera_images/1624828797.4822025.jpg
Cat1,15mph,lr,opposite,7,1624828797.5155358,/media/batool/MULTIMODAL_DATA/Multimodal_Data/Cat1/opposite/bag_files/Cat1_15mph_lr_opposite_7/camera_images/1624828797.5155358.jpg
Cat1,15mph,lr,opposite,7,1624828797.5488691,/media/batool/MULTIMODAL_DATA/Multimodal_Data/Cat1/opposite/bag_files/Cat1_15mph_lr_opposite_7/camera_images/1624828797.5488691.jpg
Cat1,15mph,lr,opposite,7,1624828797.5822024,/media/batool/MULTIMODAL_DATA/Multimodal_Data/Cat1/opposite/bag_files/Cat1_15mph_lr_opposite_7/camera_images/1624828797.5822024.jpg
Cat1,15mph,lr,opposite,7,1624828797.6155357,/media/batool/MULTIMODAL_DATA/Multimodal_Data/Cat1/opposite/bag_files/Cat1_15mph_lr_opposite_7/camera_images/1624828797.6155357.jpg
Cat1,15mph,lr,opposite,7,1624828797.648869,/media/batool/MULTIMODAL_DATA/Multimodal_Data/Cat1/opposite/bag_files/Cat1_15mph_lr_opposite_7/camera_images/1624828797.648869.jpg
Cat1,15mph,lr,opposite,7,1624828797.6822023,/media/batool/MULTIMODAL_DATA/Multimodal_Data/Cat1/opposite/bag_files/Cat1_15mph_lr_opposite_7/camera_images/1624828797.6822023.jpg
Cat1,15mph,lr,opposite,7,1624828797.7155356,/media/batool/MULTIMODAL_DATA/Multimodal_Data/Cat1/opposite/bag_files/Cat1_15mph_lr_opposite_7/camera_images/1624828797.7155356.jpg
Cat1,15mph,lr,opposite,7,1624828797.748869,/media/batool/MULTIMODAL_DATA/Multimodal_Data/Cat1/opposite/bag_files/Cat1_15mph_lr_opposite_7/camera_images/1624828797.748869.jpg
Cat1,15mph,lr,opposite,7,1624828797.7822022,/media/batool/MULTIMODAL_DATA/Multimodal_Data/Cat1/opposite/bag_files/Cat1_15mph_lr_opposite_7/camera_images/1624828797.7822022.jpg
Cat1,15mph,lr,opposite,7,1624828797.8155355,/media/batool/MULTIMODAL_DATA/Multimodal_Data/Cat1/opposite/bag_files/Cat1_15mph_lr_opposite_7/camera_images/1624828797.8155355.jpg
Cat1,15mph,lr,opposite,7,1624828797.8488688,/media/batool/MULTIMODAL_DATA/Multimodal_Data/Cat1/opposite/bag_files/Cat1_15mph_lr_opposite_7/camera_images/1624828797.8488688.jpg
Cat1,15mph,lr,opposite,7,1624828797.8822021,/media/batool/MULTIMODAL_DATA/Multimodal_Data/Cat1/opposite/bag_files/Cat1_15mph_lr_opposite_7/camera_images/1624828797.8822021.jpg
Cat1,15mph,lr,opposite,7,1624828797.9155354,/media/batool/MULTIMODAL_DATA/Multimodal_Data/Cat1/opposite/bag_files/Cat1_15mph_lr_opposite_7/camera_images/1624828797.9155354.jpg
Cat1,15mph,lr,opposite,7,1624828797.982202,/media/batool/MULTIMODAL_DATA/Multimodal_Data/Cat1/opposite/bag_files/Cat1_15mph_lr_opposite_7/camera_images/1624828797.982202.jpg
Cat1,15mph,lr,opposite,7,1624828798.0155354,/media/batool/MULTIMODAL_DATA/Multimodal_Data/Cat1/opposite/bag_files/Cat1_15mph_lr_opposite_7/camera_images/1624828798.0155354.jpg
Cat1,15mph,lr,opposite,7,1624828798.0488687,/media/batool/MULTIMODAL_DATA/Multimodal_Data/Cat1/opposite/bag_files/Cat1_15mph_lr_opposite_7/camera_images/1624828798.0488687.jpg
Cat1,15mph,lr,opposite,7,1624828798.082202,/media/batool/MULTIMODAL_DATA/Multimodal_Data/Cat1/opposite/bag_files/Cat1_15mph_lr_opposite_7/camera_images/1624828798.082202.jpg
Cat1,15mph,lr,opposite,7,1624828798.1155353,/media/batool/MULTIMODAL_DATA/Multimodal_Data/Cat1/opposite/bag_files/Cat1_15mph_lr_opposite_7/camera_images/1624828798.1155353.jpg
Cat1,15mph,lr,opposite,7,1624828798.1488686,/media/batool/MULTIMODAL_DATA/Multimodal_Data/Cat1/opposite/bag_files/Cat1_15mph_lr_opposite_7/camera_images/1624828798.1488686.jpg
Cat1,15mph,lr,opposite,7,1624828798.1822019,/media/batool/MULTIMODAL_DATA/Multimodal_Data/Cat1/opposite/bag_files/Cat1_15mph_lr_opposite_7/camera_images/1624828798.1822019.jpg
Cat1,15mph,lr,opposite,7,1624828798.2155352,/media/batool/MULTIMODAL_DATA/Multimodal_Data/Cat1/opposite/bag_files/Cat1_15mph_lr_opposite_7/camera_images/1624828798.2155352.jpg
Cat1,15mph,lr,opposite,7,1624828798.2488685,/media/batool/MULTIMODAL_DATA/Multimodal_Data/Cat1/opposite/bag_files/Cat1_15mph_lr_opposite_7/camera_images/1624828798.2488685.jpg
Cat1,15mph,lr,opposite,7,1624828798.2822018,/media/batool/MULTIMODAL_DATA/Multimodal_Data/Cat1/opposite/bag_files/Cat1_15mph_lr_opposite_7/camera_images/1624828798.2822018.jpg
Cat1,15mph,lr,opposite,7,1624828798.315535,/media/batool/MULTIMODAL_DATA/Multimodal_Data/Cat1/opposite/bag_files/Cat1_15mph_lr_opposite_7/camera_images/1624828798.315535.jpg
Cat1,15mph,lr,opposite,7,1624828798.3488684,/media/batool/MULTIMODAL_DATA/Multimodal_Data/Cat1/opposite/bag_files/Cat1_15mph_lr_opposite_7/camera_images/1624828798.3488684.jpg
Cat1,15mph,lr,opposite,7,1624828798.3822017,/media/batool/MULTIMODAL_DATA/Multimodal_Data/Cat1/opposite/bag_files/Cat1_15mph_lr_opposite_7/camera_images/1624828798.3822017.jpg
Cat1,15mph,lr,opposite,7,1624828798.415535,/media/batool/MULTIMODAL_DATA/Multimodal_Data/Cat1/opposite/bag_files/Cat1_15mph_lr_opposite_7/camera_images/1624828798.415535.jpg
Cat1,15mph,lr,opposite,7,1624828798.4488683,/media/batool/MULTIMODAL_DATA/Multimodal_Data/Cat1/opposite/bag_files/Cat1_15mph_lr_opposite_7/camera_images/1624828798.4488683.jpg
Cat1,15mph,lr,opposite,7,1624828798.5155349,/media/batool/MULTIMODAL_DATA/Multimodal_Data/Cat1/opposite/bag_files/Cat1_15mph_lr_opposite_7/camera_images/1624828798.5155349.jpg
Cat1,15mph,lr,opposite,7,1624828798.5488682,/media/batool/MULTIMODAL_DATA/Multimodal_Data/Cat1/opposite/bag_files/Cat1_15mph_lr_opposite_7/camera_images/1624828798.5488682.jpg
Cat1,15mph,lr,opposite,7,1624828798.5822015,/media/batool/MULTIMODAL_DATA/Multimodal_Data/Cat1/opposite/bag_files/Cat1_15mph_lr_opposite_7/camera_images/1624828798.5822015.jpg
Cat1,15mph,lr,opposite,7,1624828798.6155348,/media/batool/MULTIMODAL_DATA/Multimodal_Data/Cat1/opposite/bag_files/Cat1_15mph_lr_opposite_7/camera_images/1624828798.6155348.jpg
Cat1,15mph,lr,opposite,7,1624828798.648868,/media/batool/MULTIMODAL_DATA/Multimodal_Data/Cat1/opposite/bag_files/Cat1_15mph_lr_opposite_7/camera_images/1624828798.648868.jpg
Cat1,15mph,lr,opposite,7,1624828798.6822014,/media/batool/MULTIMODAL_DATA/Multimodal_Data/Cat1/opposite/bag_files/Cat1_15mph_lr_opposite_7/camera_images/1624828798.6822014.jpg
Cat1,15mph,lr,opposite,7,1624828798.7155347,/media/batool/MULTIMODAL_DATA/Multimodal_Data/Cat1/opposite/bag_files/Cat1_15mph_lr_opposite_7/camera_images/1624828798.7155347.jpg
Cat1,15mph,lr,opposite,7,1624828798.748868,/media/batool/MULTIMODAL_DATA/Multimodal_Data/Cat1/opposite/bag_files/Cat1_15mph_lr_opposite_7/camera_images/1624828798.748868.jpg
Cat1,15mph,lr,opposite,7,1624828798.7822013,/media/batool/MULTIMODAL_DATA/Multimodal_Data/Cat1/opposite/bag_files/Cat1_15mph_lr_opposite_7/camera_images/1624828798.7822013.jpg
Cat1,15mph,lr,opposite,7,1624828798.8155346,/media/batool/MULTIMODAL_DATA/Multimodal_Data/Cat1/opposite/bag_files/Cat1_15mph_lr_opposite_7/camera_images/1624828798.8155346.jpg
Cat1,15mph,lr,opposite,7,1624828798.848868,/media/batool/MULTIMODAL_DATA/Multimodal_Data/Cat1/opposite/bag_files/Cat1_15mph_lr_opposite_7/camera_images/1624828798.848868.jpg
Cat1,15mph,lr,opposite,7,1624828798.8822012,/media/batool/MULTIMODAL_DATA/Multimodal_Data/Cat1/opposite/bag_files/Cat1_15mph_lr_opposite_7/camera_images/1624828798.8822012.jpg
Cat1,15mph,lr,opposite,7,1624828798.9155345,/media/batool/MULTIMODAL_DATA/Multimodal_Data/Cat1/opposite/bag_files/Cat1_15mph_lr_opposite_7/camera_images/1624828798.9155345.jpg
Cat1,15mph,lr,opposite,7,1624828798.9488678,/media/batool/MULTIMODAL_DATA/Multimodal_Data/Cat1/opposite/bag_files/Cat1_15mph_lr_opposite_7/camera_images/1624828798.9488678.jpg
Cat1,15mph,lr,opposite,7,1624828798.982201,/media/batool/MULTIMODAL_DATA/Multimodal_Data/Cat1/opposite/bag_files/Cat1_15mph_lr_opposite_7/camera_images/1624828798.982201.jpg
Cat1,15mph,lr,opposite,7,1624828799.0488677,/media/batool/MULTIMODAL_DATA/Multimodal_Data/Cat1/opposite/bag_files/Cat1_15mph_lr_opposite_7/camera_images/1624828799.0488677.jpg
Cat1,15mph,lr,opposite,7,1624828799.082201,/media/batool/MULTIMODAL_DATA/Multimodal_Data/Cat1/opposite/bag_files/Cat1_15mph_lr_opposite_7/camera_images/1624828799.082201.jpg
Cat1,15mph,lr,opposite,7,1624828799.1155343,/media/batool/MULTIMODAL_DATA/Multimodal_Data/Cat1/opposite/bag_files/Cat1_15mph_lr_opposite_7/camera_images/1624828799.1155343.jpg
Cat1,15mph,lr,opposite,7,1624828799.1488676,/media/batool/MULTIMODAL_DATA/Multimodal_Data/Cat1/opposite/bag_files/Cat1_15mph_lr_opposite_7/camera_images/1624828799.1488676.jpg
Cat1,15mph,lr,opposite,7,1624828799.182201,/media/batool/MULTIMODAL_DATA/Multimodal_Data/Cat1/opposite/bag_files/Cat1_15mph_lr_opposite_7/camera_images/1624828799.182201.jpg
Cat1,15mph,lr,opposite,7,1624828799.2155342,/media/batool/MULTIMODAL_DATA/Multimodal_Data/Cat1/opposite/bag_files/Cat1_15mph_lr_opposite_7/camera_images/1624828799.2155342.jpg
Cat1,15mph,lr,opposite,7,1624828799.2488675,/media/batool/MULTIMODAL_DATA/Multimodal_Data/Cat1/opposite/bag_files/Cat1_15mph_lr_opposite_7/camera_images/1624828799.2488675.jpg
Cat1,15mph,lr,opposite,7,1624828799.2822008,/media/batool/MULTIMODAL_DATA/Multimodal_Data/Cat1/opposite/bag_files/Cat1_15mph_lr_opposite_7/camera_images/1624828799.2822008.jpg
Cat1,15mph,lr,opposite,7,1624828799.315534,/media/batool/MULTIMODAL_DATA/Multimodal_Data/Cat1/opposite/bag_files/Cat1_15mph_lr_opposite_7/camera_images/1624828799.315534.jpg
Cat1,15mph,lr,opposite,7,1624828799.3488674,/media/batool/MULTIMODAL_DATA/Multimodal_Data/Cat1/opposite/bag_files/Cat1_15mph_lr_opposite_7/camera_images/1624828799.3488674.jpg
Cat1,15mph,lr,opposite,7,1624828799.3822007,/media/batool/MULTIMODAL_DATA/Multimodal_Data/Cat1/opposite/bag_files/Cat1_15mph_lr_opposite_7/camera_images/1624828799.3822007.jpg
Cat1,15mph,lr,opposite,7,1624828799.415534,/media/batool/MULTIMODAL_DATA/Multimodal_Data/Cat1/opposite/bag_files/Cat1_15mph_lr_opposite_7/camera_images/1624828799.415534.jpg
Cat1,15mph,lr,opposite,7,1624828799.4488673,/media/batool/MULTIMODAL_DATA/Multimodal_Data/Cat1/opposite/bag_files/Cat1_15mph_lr_opposite_7/camera_images/1624828799.4488673.jpg
Cat1,15mph,lr,opposite,7,1624828799.4822006,/media/batool/MULTIMODAL_DATA/Multimodal_Data/Cat1/opposite/bag_files/Cat1_15mph_lr_opposite_7/camera_images/1624828799.4822006.jpg
Cat1,15mph,lr,opposite,7,1624828799.515534,/media/batool/MULTIMODAL_DATA/Multimodal_Data/Cat1/opposite/bag_files/Cat1_15mph_lr_opposite_7/camera_images/1624828799.515534.jpg
Cat1,15mph,lr,opposite,7,1624828799.5822005,/media/batool/MULTIMODAL_DATA/Multimodal_Data/Cat1/opposite/bag_files/Cat1_15mph_lr_opposite_7/camera_images/1624828799.5822005.jpg
Cat1,15mph,lr,opposite,7,1624828799.6155338,/media/batool/MULTIMODAL_DATA/Multimodal_Data/Cat1/opposite/bag_files/Cat1_15mph_lr_opposite_7/camera_images/1624828799.6155338.jpg
Cat1,15mph,lr,opposite,7,1624828799.6488671,/media/batool/MULTIMODAL_DATA/Multimodal_Data/Cat1/opposite/bag_files/Cat1_15mph_lr_opposite_7/camera_images/1624828799.6488671.jpg
Cat1,15mph,lr,opposite,7,1624828799.6822004,/media/batool/MULTIMODAL_DATA/Multimodal_Data/Cat1/opposite/bag_files/Cat1_15mph_lr_opposite_7/camera_images/1624828799.6822004.jpg
Cat1,15mph,lr,opposite,7,1624828799.7155337,/media/batool/MULTIMODAL_DATA/Multimodal_Data/Cat1/opposite/bag_files/Cat1_15mph_lr_opposite_7/camera_images/1624828799.7155337.jpg
Cat1,15mph,lr,opposite,7,1624828799.748867,/media/batool/MULTIMODAL_DATA/Multimodal_Data/Cat1/opposite/bag_files/Cat1_15mph_lr_opposite_7/camera_images/1624828799.748867.jpg
Cat1,15mph,lr,opposite,7,1624828799.7822003,/media/batool/MULTIMODAL_DATA/Multimodal_Data/Cat1/opposite/bag_files/Cat1_15mph_lr_opposite_7/camera_images/1624828799.7822003.jpg
Cat1,15mph,lr,opposite,7,1624828799.8155336,/media/batool/MULTIMODAL_DATA/Multimodal_Data/Cat1/opposite/bag_files/Cat1_15mph_lr_opposite_7/camera_images/1624828799.8155336.jpg
Cat1,15mph,lr,opposite,7,1624828799.848867,/media/batool/MULTIMODAL_DATA/Multimodal_Data/Cat1/opposite/bag_files/Cat1_15mph_lr_opposite_7/camera_images/1624828799.848867.jpg
Cat1,15mph,lr,opposite,7,1624828799.8822002,/media/batool/MULTIMODAL_DATA/Multimodal_Data/Cat1/opposite/bag_files/Cat1_15mph_lr_opposite_7/camera_images/1624828799.8822002.jpg
Cat1,15mph,lr,opposite,7,1624828799.9155335,/media/batool/MULTIMODAL_DATA/Multimodal_Data/Cat1/opposite/bag_files/Cat1_15mph_lr_opposite_7/camera_images/1624828799.9155335.jpg
Cat1,15mph,lr,opposite,7,1624828799.9488668,/media/batool/MULTIMODAL_DATA/Multimodal_Data/Cat1/opposite/bag_files/Cat1_15mph_lr_opposite_7/camera_images/1624828799.9488668.jpg
Cat1,15mph,lr,opposite,7,1624828799.9822001,/media/batool/MULTIMODAL_DATA/Multimodal_Data/Cat1/opposite/bag_files/Cat1_15mph_lr_opposite_7/camera_images/1624828799.9822001.jpg
Cat1,15mph,lr,opposite,7,1624828800.0155334,/media/batool/MULTIMODAL_DATA/Multimodal_Data/Cat1/opposite/bag_files/Cat1_15mph_lr_opposite_7/camera_images/1624828800.0155334.jpg
Cat1,15mph,lr,opposite,7,1624828800.0488667,/media/batool/MULTIMODAL_DATA/Multimodal_Data/Cat1/opposite/bag_files/Cat1_15mph_lr_opposite_7/camera_images/1624828800.0488667.jpg
Cat1,15mph,lr,opposite,7,1624828800.1155334,/media/batool/MULTIMODAL_DATA/Multimodal_Data/Cat1/opposite/bag_files/Cat1_15mph_lr_opposite_7/camera_images/1624828800.1155334.jpg
Cat1,15mph,lr,opposite,7,1624828800.1488667,/media/batool/MULTIMODAL_DATA/Multimodal_Data/Cat1/opposite/bag_files/Cat1_15mph_lr_opposite_7/camera_images/1624828800.1488667.jpg
Cat1,15mph,lr,opposite,7,1624828800.1822,/media/batool/MULTIMODAL_DATA/Multimodal_Data/Cat1/opposite/bag_files/Cat1_15mph_lr_opposite_7/camera_images/1624828800.1822.jpg
Cat1,15mph,lr,opposite,7,1624828800.2155333,/media/batool/MULTIMODAL_DATA/Multimodal_Data/Cat1/opposite/bag_files/Cat1_15mph_lr_opposite_7/camera_images/1624828800.2155333.jpg
Cat1,15mph,lr,opposite,7,1624828800.2488666,/media/batool/MULTIMODAL_DATA/Multimodal_Data/Cat1/opposite/bag_files/Cat1_15mph_lr_opposite_7/camera_images/1624828800.2488666.jpg
Cat1,15mph,lr,opposite,7,1624828800.2821999,/media/batool/MULTIMODAL_DATA/Multimodal_Data/Cat1/opposite/bag_files/Cat1_15mph_lr_opposite_7/camera_images/1624828800.2821999.jpg
Cat1,15mph,lr,opposite,7,1624828800.3155332,/media/batool/MULTIMODAL_DATA/Multimodal_Data/Cat1/opposite/bag_files/Cat1_15mph_lr_opposite_7/camera_images/1624828800.3155332.jpg
Cat1,15mph,lr,opposite,7,1624828800.3488665,/media/batool/MULTIMODAL_DATA/Multimodal_Data/Cat1/opposite/bag_files/Cat1_15mph_lr_opposite_7/camera_images/1624828800.3488665.jpg
Cat1,15mph,lr,opposite,7,1624828800.3821998,/media/batool/MULTIMODAL_DATA/Multimodal_Data/Cat1/opposite/bag_files/Cat1_15mph_lr_opposite_7/camera_images/1624828800.3821998.jpg
Cat1,15mph,lr,opposite,7,1624828800.415533,/media/batool/MULTIMODAL_DATA/Multimodal_Data/Cat1/opposite/bag_files/Cat1_15mph_lr_opposite_7/camera_images/1624828800.415533.jpg
Cat1,15mph,lr,opposite,7,1624828800.4488664,/media/batool/MULTIMODAL_DATA/Multimodal_Data/Cat1/opposite/bag_files/Cat1_15mph_lr_opposite_7/camera_images/1624828800.4488664.jpg
Cat1,15mph,lr,opposite,7,1624828800.4821997,/media/batool/MULTIMODAL_DATA/Multimodal_Data/Cat1/opposite/bag_files/Cat1_15mph_lr_opposite_7/camera_images/1624828800.4821997.jpg
Cat1,15mph,lr,opposite,7,1624828800.515533,/media/batool/MULTIMODAL_DATA/Multimodal_Data/Cat1/opposite/bag_files/Cat1_15mph_lr_opposite_7/camera_images/1624828800.515533.jpg
Cat1,15mph,lr,opposite,7,1624828800.5488663,/media/batool/MULTIMODAL_DATA/Multimodal_Data/Cat1/opposite/bag_files/Cat1_15mph_lr_opposite_7/camera_images/1624828800.5488663.jpg
Cat1,15mph,lr,opposite,7,1624828800.5821996,/media/batool/MULTIMODAL_DATA/Multimodal_Data/Cat1/opposite/bag_files/Cat1_15mph_lr_opposite_7/camera_images/1624828800.5821996.jpg
Cat1,15mph,lr,opposite,7,1624828800.6488662,/media/batool/MULTIMODAL_DATA/Multimodal_Data/Cat1/opposite/bag_files/Cat1_15mph_lr_opposite_7/camera_images/1624828800.6488662.jpg
Cat1,15mph,lr,opposite,7,1624828800.6821995,/media/batool/MULTIMODAL_DATA/Multimodal_Data/Cat1/opposite/bag_files/Cat1_15mph_lr_opposite_7/camera_images/1624828800.6821995.jpg
Cat1,15mph,lr,opposite,7,1624828800.7155328,/media/batool/MULTIMODAL_DATA/Multimodal_Data/Cat1/opposite/bag_files/Cat1_15mph_lr_opposite_7/camera_images/1624828800.7155328.jpg
Cat1,15mph,lr,opposite,7,1624828800.748866,/media/batool/MULTIMODAL_DATA/Multimodal_Data/Cat1/opposite/bag_files/Cat1_15mph_lr_opposite_7/camera_images/1624828800.748866.jpg
Cat1,15mph,lr,opposite,7,1624828800.7821994,/media/batool/MULTIMODAL_DATA/Multimodal_Data/Cat1/opposite/bag_files/Cat1_15mph_lr_opposite_7/camera_images/1624828800.7821994.jpg
Cat1,15mph,lr,opposite,7,1624828800.8155327,/media/batool/MULTIMODAL_DATA/Multimodal_Data/Cat1/opposite/bag_files/Cat1_15mph_lr_opposite_7/camera_images/1624828800.8155327.jpg
Cat1,15mph,lr,opposite,7,1624828800.848866,/media/batool/MULTIMODAL_DATA/Multimodal_Data/Cat1/opposite/bag_files/Cat1_15mph_lr_opposite_7/camera_images/1624828800.848866.jpg
Cat1,15mph,lr,opposite,7,1624828800.8821993,/media/batool/MULTIMODAL_DATA/Multimodal_Data/Cat1/opposite/bag_files/Cat1_15mph_lr_opposite_7/camera_images/1624828800.8821993.jpg
Cat1,15mph,lr,opposite,7,1624828800.9155326,/media/batool/MULTIMODAL_DATA/Multimodal_Data/Cat1/opposite/bag_files/Cat1_15mph_lr_opposite_7/camera_images/1624828800.9155326.jpg
Cat1,15mph,lr,opposite,7,1624828800.948866,/media/batool/MULTIMODAL_DATA/Multimodal_Data/Cat1/opposite/bag_files/Cat1_15mph_lr_opposite_7/camera_images/1624828800.948866.jpg
Cat1,15mph,lr,opposite,7,1624828800.9821992,/media/batool/MULTIMODAL_DATA/Multimodal_Data/Cat1/opposite/bag_files/Cat1_15mph_lr_opposite_7/camera_images/1624828800.9821992.jpg
Cat1,15mph,lr,opposite,7,1624828801.0155325,/media/batool/MULTIMODAL_DATA/Multimodal_Data/Cat1/opposite/bag_files/Cat1_15mph_lr_opposite_7/camera_images/1624828801.0155325.jpg
Cat1,15mph,lr,opposite,7,1624828801.0488658,/media/batool/MULTIMODAL_DATA/Multimodal_Data/Cat1/opposite/bag_files/Cat1_15mph_lr_opposite_7/camera_images/1624828801.0488658.jpg
Cat1,15mph,lr,opposite,7,1624828801.082199,/media/batool/MULTIMODAL_DATA/Multimodal_Data/Cat1/opposite/bag_files/Cat1_15mph_lr_opposite_7/camera_images/1624828801.082199.jpg
Cat1,15mph,lr,opposite,7,1624828801.1155324,/media/batool/MULTIMODAL_DATA/Multimodal_Data/Cat1/opposite/bag_files/Cat1_15mph_lr_opposite_7/camera_images/1624828801.1155324.jpg
Cat1,15mph,lr,opposite,7,1624828801.182199,/media/batool/MULTIMODAL_DATA/Multimodal_Data/Cat1/opposite/bag_files/Cat1_15mph_lr_opposite_7/camera_images/1624828801.182199.jpg
Cat1,15mph,lr,opposite,7,1624828801.2155323,/media/batool/MULTIMODAL_DATA/Multimodal_Data/Cat1/opposite/bag_files/Cat1_15mph_lr_opposite_7/camera_images/1624828801.2155323.jpg
Cat1,15mph,lr,opposite,7,1624828801.2488656,/media/batool/MULTIMODAL_DATA/Multimodal_Data/Cat1/opposite/bag_files/Cat1_15mph_lr_opposite_7/camera_images/1624828801.2488656.jpg
Cat1,15mph,lr,opposite,7,1624828801.282199,/media/batool/MULTIMODAL_DATA/Multimodal_Data/Cat1/opposite/bag_files/Cat1_15mph_lr_opposite_7/camera_images/1624828801.282199.jpg
Cat1,15mph,lr,opposite,7,1624828801.3155322,/media/batool/MULTIMODAL_DATA/Multimodal_Data/Cat1/opposite/bag_files/Cat1_15mph_lr_opposite_7/camera_images/1624828801.3155322.jpg
Cat1,15mph,lr,opposite,7,1624828801.3488655,/media/batool/MULTIMODAL_DATA/Multimodal_Data/Cat1/opposite/bag_files/Cat1_15mph_lr_opposite_7/camera_images/1624828801.3488655.jpg
Cat1,15mph,lr,opposite,7,1624828801.3821988,/media/batool/MULTIMODAL_DATA/Multimodal_Data/Cat1/opposite/bag_files/Cat1_15mph_lr_opposite_7/camera_images/1624828801.3821988.jpg
Cat1,15mph,lr,opposite,7,1624828801.415532,/media/batool/MULTIMODAL_DATA/Multimodal_Data/Cat1/opposite/bag_files/Cat1_15mph_lr_opposite_7/camera_images/1624828801.415532.jpg
Cat1,15mph,lr,opposite,7,1624828801.4488654,/media/batool/MULTIMODAL_DATA/Multimodal_Data/Cat1/opposite/bag_files/Cat1_15mph_lr_opposite_7/camera_images/1624828801.4488654.jpg
Cat1,15mph,lr,opposite,7,1624828801.4821987,/media/batool/MULTIMODAL_DATA/Multimodal_Data/Cat1/opposite/bag_files/Cat1_15mph_lr_opposite_7/camera_images/1624828801.4821987.jpg
Cat1,15mph,lr,opposite,7,1624828801.515532,/media/batool/MULTIMODAL_DATA/Multimodal_Data/Cat1/opposite/bag_files/Cat1_15mph_lr_opposite_7/camera_images/1624828801.515532.jpg
Cat1,15mph,lr,opposite,7,1624828801.5488653,/media/batool/MULTIMODAL_DATA/Multimodal_Data/Cat1/opposite/bag_files/Cat1_15mph_lr_opposite_7/camera_images/1624828801.5488653.jpg
Cat1,15mph,lr,opposite,7,1624828801.5821986,/media/batool/MULTIMODAL_DATA/Multimodal_Data/Cat1/opposite/bag_files/Cat1_15mph_lr_opposite_7/camera_images/1624828801.5821986.jpg
Cat1,15mph,lr,opposite,7,1624828801.615532,/media/batool/MULTIMODAL_DATA/Multimodal_Data/Cat1/opposite/bag_files/Cat1_15mph_lr_opposite_7/camera_images/1624828801.615532.jpg
Cat1,15mph,lr,opposite,7,1624828801.6488652,/media/batool/MULTIMODAL_DATA/Multimodal_Data/Cat1/opposite/bag_files/Cat1_15mph_lr_opposite_7/camera_images/1624828801.6488652.jpg
Cat1,15mph,lr,opposite,7,1624828801.7155318,/media/batool/MULTIMODAL_DATA/Multimodal_Data/Cat1/opposite/bag_files/Cat1_15mph_lr_opposite_7/camera_images/1624828801.7155318.jpg
Cat1,15mph,lr,opposite,7,1624828801.7488651,/media/batool/MULTIMODAL_DATA/Multimodal_Data/Cat1/opposite/bag_files/Cat1_15mph_lr_opposite_7/camera_images/1624828801.7488651.jpg
Cat1,15mph,lr,opposite,7,1624828801.7821984,/media/batool/MULTIMODAL_DATA/Multimodal_Data/Cat1/opposite/bag_files/Cat1_15mph_lr_opposite_7/camera_images/1624828801.7821984.jpg
Cat1,15mph,lr,opposite,7,1624828801.8155317,/media/batool/MULTIMODAL_DATA/Multimodal_Data/Cat1/opposite/bag_files/Cat1_15mph_lr_opposite_7/camera_images/1624828801.8155317.jpg
Cat1,15mph,lr,opposite,7,1624828801.848865,/media/batool/MULTIMODAL_DATA/Multimodal_Data/Cat1/opposite/bag_files/Cat1_15mph_lr_opposite_7/camera_images/1624828801.848865.jpg
Cat1,15mph,lr,opposite,7,1624828801.8821983,/media/batool/MULTIMODAL_DATA/Multimodal_Data/Cat1/opposite/bag_files/Cat1_15mph_lr_opposite_7/camera_images/1624828801.8821983.jpg
Cat1,15mph,lr,opposite,7,1624828801.9155316,/media/batool/MULTIMODAL_DATA/Multimodal_Data/Cat1/opposite/bag_files/Cat1_15mph_lr_opposite_7/camera_images/1624828801.9155316.jpg
Cat1,15mph,lr,opposite,7,1624828801.948865,/media/batool/MULTIMODAL_DATA/Multimodal_Data/Cat1/opposite/bag_files/Cat1_15mph_lr_opposite_7/camera_images/1624828801.948865.jpg
Cat1,15mph,lr,opposite,7,1624828801.9821982,/media/batool/MULTIMODAL_DATA/Multimodal_Data/Cat1/opposite/bag_files/Cat1_15mph_lr_opposite_7/camera_images/1624828801.9821982.jpg
Cat1,15mph,lr,opposite,7,1624828802.0155315,/media/batool/MULTIMODAL_DATA/Multimodal_Data/Cat1/opposite/bag_files/Cat1_15mph_lr_opposite_7/camera_images/1624828802.0155315.jpg
Cat1,15mph,lr,opposite,7,1624828802.0488648,/media/batool/MULTIMODAL_DATA/Multimodal_Data/Cat1/opposite/bag_files/Cat1_15mph_lr_opposite_7/camera_images/1624828802.0488648.jpg
Cat1,15mph,lr,opposite,7,1624828802.0821981,/media/batool/MULTIMODAL_DATA/Multimodal_Data/Cat1/opposite/bag_files/Cat1_15mph_lr_opposite_7/camera_images/1624828802.0821981.jpg
Cat1,15mph,lr,opposite,7,1624828802.1155314,/media/batool/MULTIMODAL_DATA/Multimodal_Data/Cat1/opposite/bag_files/Cat1_15mph_lr_opposite_7/camera_images/1624828802.1155314.jpg
Cat1,15mph,lr,opposite,7,1624828802.1488647,/media/batool/MULTIMODAL_DATA/Multimodal_Data/Cat1/opposite/bag_files/Cat1_15mph_lr_opposite_7/camera_images/1624828802.1488647.jpg
Cat1,15mph,lr,opposite,7,1624828802.182198,/media/batool/MULTIMODAL_DATA/Multimodal_Data/Cat1/opposite/bag_files/Cat1_15mph_lr_opposite_7/camera_images/1624828802.182198.jpg
Cat1,15mph,lr,opposite,7,1624828802.2488647,/media/batool/MULTIMODAL_DATA/Multimodal_Data/Cat1/opposite/bag_files/Cat1_15mph_lr_opposite_7/camera_images/1624828802.2488647.jpg
Cat1,15mph,lr,opposite,7,1624828802.282198,/media/batool/MULTIMODAL_DATA/Multimodal_Data/Cat1/opposite/bag_files/Cat1_15mph_lr_opposite_7/camera_images/1624828802.282198.jpg
Cat1,15mph,lr,opposite,7,1624828802.3155313,/media/batool/MULTIMODAL_DATA/Multimodal_Data/Cat1/opposite/bag_files/Cat1_15mph_lr_opposite_7/camera_images/1624828802.3155313.jpg
Cat1,15mph,lr,opposite,7,1624828802.3488646,/media/batool/MULTIMODAL_DATA/Multimodal_Data/Cat1/opposite/bag_files/Cat1_15mph_lr_opposite_7/camera_images/1624828802.3488646.jpg
Cat1,15mph,lr,opposite,7,1624828802.3821979,/media/batool/MULTIMODAL_DATA/Multimodal_Data/Cat1/opposite/bag_files/Cat1_15mph_lr_opposite_7/camera_images/1624828802.3821979.jpg
Cat1,15mph,lr,opposite,7,1624828802.4155312,/media/batool/MULTIMODAL_DATA/Multimodal_Data/Cat1/opposite/bag_files/Cat1_15mph_lr_opposite_7/camera_images/1624828802.4155312.jpg
Cat1,15mph,lr,opposite,7,1624828802.4488645,/media/batool/MULTIMODAL_DATA/Multimodal_Data/Cat1/opposite/bag_files/Cat1_15mph_lr_opposite_7/camera_images/1624828802.4488645.jpg
Cat1,15mph,lr,opposite,7,1624828802.4821978,/media/batool/MULTIMODAL_DATA/Multimodal_Data/Cat1/opposite/bag_files/Cat1_15mph_lr_opposite_7/camera_images/1624828802.4821978.jpg
Cat1,15mph,lr,opposite,7,1624828802.515531,/media/batool/MULTIMODAL_DATA/Multimodal_Data/Cat1/opposite/bag_files/Cat1_15mph_lr_opposite_7/camera_images/1624828802.515531.jpg
Cat1,15mph,lr,opposite,7,1624828802.5488644,/media/batool/MULTIMODAL_DATA/Multimodal_Data/Cat1/opposite/bag_files/Cat1_15mph_lr_opposite_7/camera_images/1624828802.5488644.jpg
Cat1,15mph,lr,opposite,7,1624828802.5821977,/media/batool/MULTIMODAL_DATA/Multimodal_Data/Cat1/opposite/bag_files/Cat1_15mph_lr_opposite_7/camera_images/1624828802.5821977.jpg
Cat1,15mph,lr,opposite,7,1624828802.615531,/media/batool/MULTIMODAL_DATA/Multimodal_Data/Cat1/opposite/bag_files/Cat1_15mph_lr_opposite_7/camera_images/1624828802.615531.jpg
Cat1,15mph,lr,opposite,7,1624828802.6488643,/media/batool/MULTIMODAL_DATA/Multimodal_Data/Cat1/opposite/bag_files/Cat1_15mph_lr_opposite_7/camera_images/1624828802.6488643.jpg
Cat1,15mph,lr,opposite,7,1624828802.6821976,/media/batool/MULTIMODAL_DATA/Multimodal_Data/Cat1/opposite/bag_files/Cat1_15mph_lr_opposite_7/camera_images/1624828802.6821976.jpg
Cat1,15mph,lr,opposite,7,1624828802.7155309,/media/batool/MULTIMODAL_DATA/Multimodal_Data/Cat1/opposite/bag_files/Cat1_15mph_lr_opposite_7/camera_images/1624828802.7155309.jpg
Cat1,15mph,lr,opposite,7,1624828802.7821975,/media/batool/MULTIMODAL_DATA/Multimodal_Data/Cat1/opposite/bag_files/Cat1_15mph_lr_opposite_7/camera_images/1624828802.7821975.jpg
Cat1,15mph,lr,opposite,7,1624828802.8155308,/media/batool/MULTIMODAL_DATA/Multimodal_Data/Cat1/opposite/bag_files/Cat1_15mph_lr_opposite_7/camera_images/1624828802.8155308.jpg
Cat1,15mph,lr,opposite,7,1624828802.848864,/media/batool/MULTIMODAL_DATA/Multimodal_Data/Cat1/opposite/bag_files/Cat1_15mph_lr_opposite_7/camera_images/1624828802.848864.jpg
Cat1,15mph,lr,opposite,7,1624828802.8821974,/media/batool/MULTIMODAL_DATA/Multimodal_Data/Cat1/opposite/bag_files/Cat1_15mph_lr_opposite_7/camera_images/1624828802.8821974.jpg
Cat1,15mph,lr,opposite,7,1624828802.9155307,/media/batool/MULTIMODAL_DATA/Multimodal_Data/Cat1/opposite/bag_files/Cat1_15mph_lr_opposite_7/camera_images/1624828802.9155307.jpg
Cat1,15mph,lr,opposite,7,1624828802.948864,/media/batool/MULTIMODAL_DATA/Multimodal_Data/Cat1/opposite/bag_files/Cat1_15mph_lr_opposite_7/camera_images/1624828802.948864.jpg
Cat1,15mph,lr,opposite,7,1624828802.9821973,/media/batool/MULTIMODAL_DATA/Multimodal_Data/Cat1/opposite/bag_files/Cat1_15mph_lr_opposite_7/camera_images/1624828802.9821973.jpg
Cat1,15mph,lr,opposite,7,1624828803.0155306,/media/batool/MULTIMODAL_DATA/Multimodal_Data/Cat1/opposite/bag_files/Cat1_15mph_lr_opposite_7/camera_images/1624828803.0155306.jpg
Cat1,15mph,lr,opposite,7,1624828803.048864,/media/batool/MULTIMODAL_DATA/Multimodal_Data/Cat1/opposite/bag_files/Cat1_15mph_lr_opposite_7/camera_images/1624828803.048864.jpg
Cat1,15mph,lr,opposite,7,1624828803.0821972,/media/batool/MULTIMODAL_DATA/Multimodal_Data/Cat1/opposite/bag_files/Cat1_15mph_lr_opposite_7/camera_images/1624828803.0821972.jpg
Cat1,15mph,lr,opposite,7,1624828803.1155305,/media/batool/MULTIMODAL_DATA/Multimodal_Data/Cat1/opposite/bag_files/Cat1_15mph_lr_opposite_7/camera_images/1624828803.1155305.jpg
Cat1,15mph,lr,opposite,7,1624828803.1488638,/media/batool/MULTIMODAL_DATA/Multimodal_Data/Cat1/opposite/bag_files/Cat1_15mph_lr_opposite_7/camera_images/1624828803.1488638.jpg
Cat1,15mph,lr,opposite,7,1624828803.182197,/media/batool/MULTIMODAL_DATA/Multimodal_Data/Cat1/opposite/bag_files/Cat1_15mph_lr_opposite_7/camera_images/1624828803.182197.jpg
Cat1,15mph,lr,opposite,7,1624828803.2155304,/media/batool/MULTIMODAL_DATA/Multimodal_Data/Cat1/opposite/bag_files/Cat1_15mph_lr_opposite_7/camera_images/1624828803.2155304.jpg
Cat1,15mph,lr,opposite,7,1624828803.2488637,/media/batool/MULTIMODAL_DATA/Multimodal_Data/Cat1/opposite/bag_files/Cat1_15mph_lr_opposite_7/camera_images/1624828803.2488637.jpg
Cat1,15mph,lr,opposite,7,1624828803.3155303,/media/batool/MULTIMODAL_DATA/Multimodal_Data/Cat1/opposite/bag_files/Cat1_15mph_lr_opposite_7/camera_images/1624828803.3155303.jpg
Cat1,15mph,lr,opposite,7,1624828803.3488636,/media/batool/MULTIMODAL_DATA/Multimodal_Data/Cat1/opposite/bag_files/Cat1_15mph_lr_opposite_7/camera_images/1624828803.3488636.jpg
Cat1,15mph,lr,opposite,7,1624828803.382197,/media/batool/MULTIMODAL_DATA/Multimodal_Data/Cat1/opposite/bag_files/Cat1_15mph_lr_opposite_7/camera_images/1624828803.382197.jpg
Cat1,15mph,lr,opposite,7,1624828803.4155302,/media/batool/MULTIMODAL_DATA/Multimodal_Data/Cat1/opposite/bag_files/Cat1_15mph_lr_opposite_7/camera_images/1624828803.4155302.jpg
Cat1,15mph,lr,opposite,7,1624828803.4488635,/media/batool/MULTIMODAL_DATA/Multimodal_Data/Cat1/opposite/bag_files/Cat1_15mph_lr_opposite_7/camera_images/1624828803.4488635.jpg
Cat1,15mph,lr,opposite,7,1624828803.4821968,/media/batool/MULTIMODAL_DATA/Multimodal_Data/Cat1/opposite/bag_files/Cat1_15mph_lr_opposite_7/camera_images/1624828803.4821968.jpg
Cat1,15mph,lr,opposite,7,1624828803.51553,/media/batool/MULTIMODAL_DATA/Multimodal_Data/Cat1/opposite/bag_files/Cat1_15mph_lr_opposite_7/camera_images/1624828803.51553.jpg
Cat1,15mph,lr,opposite,7,1624828803.5488634,/media/batool/MULTIMODAL_DATA/Multimodal_Data/Cat1/opposite/bag_files/Cat1_15mph_lr_opposite_7/camera_images/1624828803.5488634.jpg
Cat1,15mph,lr,opposite,7,1624828803.5821967,/media/batool/MULTIMODAL_DATA/Multimodal_Data/Cat1/opposite/bag_files/Cat1_15mph_lr_opposite_7/camera_images/1624828803.5821967.jpg
Cat1,15mph,lr,opposite,7,1624828803.61553,/media/batool/MULTIMODAL_DATA/Multimodal_Data/Cat1/opposite/bag_files/Cat1_15mph_lr_opposite_7/camera_images/1624828803.61553.jpg
Cat1,15mph,lr,opposite,7,1624828803.6488633,/media/batool/MULTIMODAL_DATA/Multimodal_Data/Cat1/opposite/bag_files/Cat1_15mph_lr_opposite_7/camera_images/1624828803.6488633.jpg
Cat1,15mph,lr,opposite,7,1624828803.6821966,/media/batool/MULTIMODAL_DATA/Multimodal_Data/Cat1/opposite/bag_files/Cat1_15mph_lr_opposite_7/camera_images/1624828803.6821966.jpg
Cat1,15mph,lr,opposite,7,1624828803.71553,/media/batool/MULTIMODAL_DATA/Multimodal_Data/Cat1/opposite/bag_files/Cat1_15mph_lr_opposite_7/camera_images/1624828803.71553.jpg
Cat1,15mph,lr,opposite,7,1624828803.7488632,/media/batool/MULTIMODAL_DATA/Multimodal_Data/Cat1/opposite/bag_files/Cat1_15mph_lr_opposite_7/camera_images/1624828803.7488632.jpg
Cat1,15mph,lr,opposite,7,1624828803.7821965,/media/batool/MULTIMODAL_DATA/Multimodal_Data/Cat1/opposite/bag_files/Cat1_15mph_lr_opposite_7/camera_images/1624828803.7821965.jpg
Cat1,15mph,lr,opposite,7,1624828803.8488631,/media/batool/MULTIMODAL_DATA/Multimodal_Data/Cat1/opposite/bag_files/Cat1_15mph_lr_opposite_7/camera_images/1624828803.8488631.jpg
Cat1,15mph,lr,opposite,7,1624828803.8821964,/media/batool/MULTIMODAL_DATA/Multimodal_Data/Cat1/opposite/bag_files/Cat1_15mph_lr_opposite_7/camera_images/1624828803.8821964.jpg
Cat1,15mph,lr,opposite,7,1624828803.9155297,/media/batool/MULTIMODAL_DATA/Multimodal_Data/Cat1/opposite/bag_files/Cat1_15mph_lr_opposite_7/camera_images/1624828803.9155297.jpg
Cat1,15mph,lr,opposite,7,1624828803.948863,/media/batool/MULTIMODAL_DATA/Multimodal_Data/Cat1/opposite/bag_files/Cat1_15mph_lr_opposite_7/camera_images/1624828803.948863.jpg
Cat1,15mph,lr,opposite,7,1624828803.9821963,/media/batool/MULTIMODAL_DATA/Multimodal_Data/Cat1/opposite/bag_files/Cat1_15mph_lr_opposite_7/camera_images/1624828803.9821963.jpg
Cat1,15mph,lr,opposite,7,1624828804.0155296,/media/batool/MULTIMODAL_DATA/Multimodal_Data/Cat1/opposite/bag_files/Cat1_15mph_lr_opposite_7/camera_images/1624828804.0155296.jpg
Cat1,15mph,lr,opposite,7,1624828804.048863,/media/batool/MULTIMODAL_DATA/Multimodal_Data/Cat1/opposite/bag_files/Cat1_15mph_lr_opposite_7/camera_images/1624828804.048863.jpg
Cat1,15mph,lr,opposite,7,1624828804.0821962,/media/batool/MULTIMODAL_DATA/Multimodal_Data/Cat1/opposite/bag_files/Cat1_15mph_lr_opposite_7/camera_images/1624828804.0821962.jpg
Cat1,15mph,lr,opposite,7,1624828804.1155295,/media/batool/MULTIMODAL_DATA/Multimodal_Data/Cat1/opposite/bag_files/Cat1_15mph_lr_opposite_7/camera_images/1624828804.1155295.jpg
Cat1,15mph,lr,opposite,7,1624828804.1488628,/media/batool/MULTIMODAL_DATA/Multimodal_Data/Cat1/opposite/bag_files/Cat1_15mph_lr_opposite_7/camera_images/1624828804.1488628.jpg
Cat1,15mph,lr,opposite,7,1624828804.1821961,/media/batool/MULTIMODAL_DATA/Multimodal_Data/Cat1/opposite/bag_files/Cat1_15mph_lr_opposite_7/camera_images/1624828804.1821961.jpg
Cat1,15mph,lr,opposite,7,1624828804.2155294,/media/batool/MULTIMODAL_DATA/Multimodal_Data/Cat1/opposite/bag_files/Cat1_15mph_lr_opposite_7/camera_images/1624828804.2155294.jpg
Cat1,15mph,lr,opposite,7,1624828804.2488627,/media/batool/MULTIMODAL_DATA/Multimodal_Data/Cat1/opposite/bag_files/Cat1_15mph_lr_opposite_7/camera_images/1624828804.2488627.jpg
Cat1,15mph,lr,opposite,7,1624828804.282196,/media/batool/MULTIMODAL_DATA/Multimodal_Data/Cat1/opposite/bag_files/Cat1_15mph_lr_opposite_7/camera_images/1624828804.282196.jpg
Cat1,15mph,lr,opposite,7,1624828804.3155293,/media/batool/MULTIMODAL_DATA/Multimodal_Data/Cat1/opposite/bag_files/Cat1_15mph_lr_opposite_7/camera_images/1624828804.3155293.jpg
Cat1,15mph,lr,opposite,7,1624828804.3488626,/media/batool/MULTIMODAL_DATA/Multimodal_Data/Cat1/opposite/bag_files/Cat1_15mph_lr_opposite_7/camera_images/1624828804.3488626.jpg
Cat1,15mph,lr,opposite,7,1624828804.382196,/media/batool/MULTIMODAL_DATA/Multimodal_Data/Cat1/opposite/bag_files/Cat1_15mph_lr_opposite_7/camera_images/1624828804.382196.jpg
Cat1,15mph,lr,opposite,7,1624828804.4155293,/media/batool/MULTIMODAL_DATA/Multimodal_Data/Cat1/opposite/bag_files/Cat1_15mph_lr_opposite_7/camera_images/1624828804.4155293.jpg
Cat1,15mph,lr,opposite,7,1624828804.4488626,/media/batool/MULTIMODAL_DATA/Multimodal_Data/Cat1/opposite/bag_files/Cat1_15mph_lr_opposite_7/camera_images/1624828804.4488626.jpg
Cat1,15mph,lr,opposite,7,1624828804.4821959,/media/batool/MULTIMODAL_DATA/Multimodal_Data/Cat1/opposite/bag_files/Cat1_15mph_lr_opposite_7/camera_images/1624828804.4821959.jpg
Cat1,15mph,lr,opposite,7,1624828804.5155292,/media/batool/MULTIMODAL_DATA/Multimodal_Data/Cat1/opposite/bag_files/Cat1_15mph_lr_opposite_7/camera_images/1624828804.5155292.jpg
Cat1,15mph,lr,opposite,7,1624828804.5488625,/media/batool/MULTIMODAL_DATA/Multimodal_Data/Cat1/opposite/bag_files/Cat1_15mph_lr_opposite_7/camera_images/1624828804.5488625.jpg
