Category,speed,direction,lane,episode,Time header,Image_path
Cat1,20mph,lr,opposite,5,1624829747.3902028,/media/batool/MULTIMODAL_DATA/Multimodal_Data/Cat1/opposite/bag_files/Cat1_20mph_lr_opposite_5/camera_images/1624829747.3902028.jpg
Cat1,20mph,lr,opposite,5,1624829747.423536,/media/batool/MULTIMODAL_DATA/Multimodal_Data/Cat1/opposite/bag_files/Cat1_20mph_lr_opposite_5/camera_images/1624829747.423536.jpg
Cat1,20mph,lr,opposite,5,1624829747.4568694,/media/batool/MULTIMODAL_DATA/Multimodal_Data/Cat1/opposite/bag_files/Cat1_20mph_lr_opposite_5/camera_images/1624829747.4568694.jpg
Cat1,20mph,lr,opposite,5,1624829747.4902027,/media/batool/MULTIMODAL_DATA/Multimodal_Data/Cat1/opposite/bag_files/Cat1_20mph_lr_opposite_5/camera_images/1624829747.4902027.jpg
Cat1,20mph,lr,opposite,5,1624829747.523536,/media/batool/MULTIMODAL_DATA/Multimodal_Data/Cat1/opposite/bag_files/Cat1_20mph_lr_opposite_5/camera_images/1624829747.523536.jpg
Cat1,20mph,lr,opposite,5,1624829747.5568693,/media/batool/MULTIMODAL_DATA/Multimodal_Data/Cat1/opposite/bag_files/Cat1_20mph_lr_opposite_5/camera_images/1624829747.5568693.jpg
Cat1,20mph,lr,opposite,5,1624829747.5902026,/media/batool/MULTIMODAL_DATA/Multimodal_Data/Cat1/opposite/bag_files/Cat1_20mph_lr_opposite_5/camera_images/1624829747.5902026.jpg
Cat1,20mph,lr,opposite,5,1624829747.6235359,/media/batool/MULTIMODAL_DATA/Multimodal_Data/Cat1/opposite/bag_files/Cat1_20mph_lr_opposite_5/camera_images/1624829747.6235359.jpg
Cat1,20mph,lr,opposite,5,1624829747.6568692,/media/batool/MULTIMODAL_DATA/Multimodal_Data/Cat1/opposite/bag_files/Cat1_20mph_lr_opposite_5/camera_images/1624829747.6568692.jpg
Cat1,20mph,lr,opposite,5,1624829747.6902025,/media/batool/MULTIMODAL_DATA/Multimodal_Data/Cat1/opposite/bag_files/Cat1_20mph_lr_opposite_5/camera_images/1624829747.6902025.jpg
Cat1,20mph,lr,opposite,5,1624829747.7235358,/media/batool/MULTIMODAL_DATA/Multimodal_Data/Cat1/opposite/bag_files/Cat1_20mph_lr_opposite_5/camera_images/1624829747.7235358.jpg
Cat1,20mph,lr,opposite,5,1624829747.756869,/media/batool/MULTIMODAL_DATA/Multimodal_Data/Cat1/opposite/bag_files/Cat1_20mph_lr_opposite_5/camera_images/1624829747.756869.jpg
Cat1,20mph,lr,opposite,5,1624829747.7902024,/media/batool/MULTIMODAL_DATA/Multimodal_Data/Cat1/opposite/bag_files/Cat1_20mph_lr_opposite_5/camera_images/1624829747.7902024.jpg
Cat1,20mph,lr,opposite,5,1624829747.8235357,/media/batool/MULTIMODAL_DATA/Multimodal_Data/Cat1/opposite/bag_files/Cat1_20mph_lr_opposite_5/camera_images/1624829747.8235357.jpg
Cat1,20mph,lr,opposite,5,1624829747.856869,/media/batool/MULTIMODAL_DATA/Multimodal_Data/Cat1/opposite/bag_files/Cat1_20mph_lr_opposite_5/camera_images/1624829747.856869.jpg
Cat1,20mph,lr,opposite,5,1624829747.9235356,/media/batool/MULTIMODAL_DATA/Multimodal_Data/Cat1/opposite/bag_files/Cat1_20mph_lr_opposite_5/camera_images/1624829747.9235356.jpg
Cat1,20mph,lr,opposite,5,1624829747.956869,/media/batool/MULTIMODAL_DATA/Multimodal_Data/Cat1/opposite/bag_files/Cat1_20mph_lr_opposite_5/camera_images/1624829747.956869.jpg
Cat1,20mph,lr,opposite,5,1624829747.9902022,/media/batool/MULTIMODAL_DATA/Multimodal_Data/Cat1/opposite/bag_files/Cat1_20mph_lr_opposite_5/camera_images/1624829747.9902022.jpg
Cat1,20mph,lr,opposite,5,1624829748.0235355,/media/batool/MULTIMODAL_DATA/Multimodal_Data/Cat1/opposite/bag_files/Cat1_20mph_lr_opposite_5/camera_images/1624829748.0235355.jpg
Cat1,20mph,lr,opposite,5,1624829748.0568688,/media/batool/MULTIMODAL_DATA/Multimodal_Data/Cat1/opposite/bag_files/Cat1_20mph_lr_opposite_5/camera_images/1624829748.0568688.jpg
Cat1,20mph,lr,opposite,5,1624829748.090202,/media/batool/MULTIMODAL_DATA/Multimodal_Data/Cat1/opposite/bag_files/Cat1_20mph_lr_opposite_5/camera_images/1624829748.090202.jpg
Cat1,20mph,lr,opposite,5,1624829748.1235354,/media/batool/MULTIMODAL_DATA/Multimodal_Data/Cat1/opposite/bag_files/Cat1_20mph_lr_opposite_5/camera_images/1624829748.1235354.jpg
Cat1,20mph,lr,opposite,5,1624829748.1568687,/media/batool/MULTIMODAL_DATA/Multimodal_Data/Cat1/opposite/bag_files/Cat1_20mph_lr_opposite_5/camera_images/1624829748.1568687.jpg
Cat1,20mph,lr,opposite,5,1624829748.190202,/media/batool/MULTIMODAL_DATA/Multimodal_Data/Cat1/opposite/bag_files/Cat1_20mph_lr_opposite_5/camera_images/1624829748.190202.jpg
Cat1,20mph,lr,opposite,5,1624829748.2235353,/media/batool/MULTIMODAL_DATA/Multimodal_Data/Cat1/opposite/bag_files/Cat1_20mph_lr_opposite_5/camera_images/1624829748.2235353.jpg
Cat1,20mph,lr,opposite,5,1624829748.2568686,/media/batool/MULTIMODAL_DATA/Multimodal_Data/Cat1/opposite/bag_files/Cat1_20mph_lr_opposite_5/camera_images/1624829748.2568686.jpg
Cat1,20mph,lr,opposite,5,1624829748.290202,/media/batool/MULTIMODAL_DATA/Multimodal_Data/Cat1/opposite/bag_files/Cat1_20mph_lr_opposite_5/camera_images/1624829748.290202.jpg
Cat1,20mph,lr,opposite,5,1624829748.3235352,/media/batool/MULTIMODAL_DATA/Multimodal_Data/Cat1/opposite/bag_files/Cat1_20mph_lr_opposite_5/camera_images/1624829748.3235352.jpg
Cat1,20mph,lr,opposite,5,1624829748.3568685,/media/batool/MULTIMODAL_DATA/Multimodal_Data/Cat1/opposite/bag_files/Cat1_20mph_lr_opposite_5/camera_images/1624829748.3568685.jpg
Cat1,20mph,lr,opposite,5,1624829748.3902018,/media/batool/MULTIMODAL_DATA/Multimodal_Data/Cat1/opposite/bag_files/Cat1_20mph_lr_opposite_5/camera_images/1624829748.3902018.jpg
Cat1,20mph,lr,opposite,5,1624829748.4568684,/media/batool/MULTIMODAL_DATA/Multimodal_Data/Cat1/opposite/bag_files/Cat1_20mph_lr_opposite_5/camera_images/1624829748.4568684.jpg
Cat1,20mph,lr,opposite,5,1624829748.4902017,/media/batool/MULTIMODAL_DATA/Multimodal_Data/Cat1/opposite/bag_files/Cat1_20mph_lr_opposite_5/camera_images/1624829748.4902017.jpg
Cat1,20mph,lr,opposite,5,1624829748.523535,/media/batool/MULTIMODAL_DATA/Multimodal_Data/Cat1/opposite/bag_files/Cat1_20mph_lr_opposite_5/camera_images/1624829748.523535.jpg
Cat1,20mph,lr,opposite,5,1624829748.5568683,/media/batool/MULTIMODAL_DATA/Multimodal_Data/Cat1/opposite/bag_files/Cat1_20mph_lr_opposite_5/camera_images/1624829748.5568683.jpg
Cat1,20mph,lr,opposite,5,1624829748.5902016,/media/batool/MULTIMODAL_DATA/Multimodal_Data/Cat1/opposite/bag_files/Cat1_20mph_lr_opposite_5/camera_images/1624829748.5902016.jpg
Cat1,20mph,lr,opposite,5,1624829748.623535,/media/batool/MULTIMODAL_DATA/Multimodal_Data/Cat1/opposite/bag_files/Cat1_20mph_lr_opposite_5/camera_images/1624829748.623535.jpg
Cat1,20mph,lr,opposite,5,1624829748.6568682,/media/batool/MULTIMODAL_DATA/Multimodal_Data/Cat1/opposite/bag_files/Cat1_20mph_lr_opposite_5/camera_images/1624829748.6568682.jpg
Cat1,20mph,lr,opposite,5,1624829748.6902015,/media/batool/MULTIMODAL_DATA/Multimodal_Data/Cat1/opposite/bag_files/Cat1_20mph_lr_opposite_5/camera_images/1624829748.6902015.jpg
Cat1,20mph,lr,opposite,5,1624829748.7235348,/media/batool/MULTIMODAL_DATA/Multimodal_Data/Cat1/opposite/bag_files/Cat1_20mph_lr_opposite_5/camera_images/1624829748.7235348.jpg
Cat1,20mph,lr,opposite,5,1624829748.7568681,/media/batool/MULTIMODAL_DATA/Multimodal_Data/Cat1/opposite/bag_files/Cat1_20mph_lr_opposite_5/camera_images/1624829748.7568681.jpg
Cat1,20mph,lr,opposite,5,1624829748.7902014,/media/batool/MULTIMODAL_DATA/Multimodal_Data/Cat1/opposite/bag_files/Cat1_20mph_lr_opposite_5/camera_images/1624829748.7902014.jpg
Cat1,20mph,lr,opposite,5,1624829748.8235347,/media/batool/MULTIMODAL_DATA/Multimodal_Data/Cat1/opposite/bag_files/Cat1_20mph_lr_opposite_5/camera_images/1624829748.8235347.jpg
Cat1,20mph,lr,opposite,5,1624829748.856868,/media/batool/MULTIMODAL_DATA/Multimodal_Data/Cat1/opposite/bag_files/Cat1_20mph_lr_opposite_5/camera_images/1624829748.856868.jpg
Cat1,20mph,lr,opposite,5,1624829748.8902013,/media/batool/MULTIMODAL_DATA/Multimodal_Data/Cat1/opposite/bag_files/Cat1_20mph_lr_opposite_5/camera_images/1624829748.8902013.jpg
Cat1,20mph,lr,opposite,5,1624829748.9235346,/media/batool/MULTIMODAL_DATA/Multimodal_Data/Cat1/opposite/bag_files/Cat1_20mph_lr_opposite_5/camera_images/1624829748.9235346.jpg
Cat1,20mph,lr,opposite,5,1624829748.9902012,/media/batool/MULTIMODAL_DATA/Multimodal_Data/Cat1/opposite/bag_files/Cat1_20mph_lr_opposite_5/camera_images/1624829748.9902012.jpg
Cat1,20mph,lr,opposite,5,1624829749.0235345,/media/batool/MULTIMODAL_DATA/Multimodal_Data/Cat1/opposite/bag_files/Cat1_20mph_lr_opposite_5/camera_images/1624829749.0235345.jpg
Cat1,20mph,lr,opposite,5,1624829749.0568678,/media/batool/MULTIMODAL_DATA/Multimodal_Data/Cat1/opposite/bag_files/Cat1_20mph_lr_opposite_5/camera_images/1624829749.0568678.jpg
Cat1,20mph,lr,opposite,5,1624829749.0902011,/media/batool/MULTIMODAL_DATA/Multimodal_Data/Cat1/opposite/bag_files/Cat1_20mph_lr_opposite_5/camera_images/1624829749.0902011.jpg
Cat1,20mph,lr,opposite,5,1624829749.1235344,/media/batool/MULTIMODAL_DATA/Multimodal_Data/Cat1/opposite/bag_files/Cat1_20mph_lr_opposite_5/camera_images/1624829749.1235344.jpg
Cat1,20mph,lr,opposite,5,1624829749.1568677,/media/batool/MULTIMODAL_DATA/Multimodal_Data/Cat1/opposite/bag_files/Cat1_20mph_lr_opposite_5/camera_images/1624829749.1568677.jpg
Cat1,20mph,lr,opposite,5,1624829749.190201,/media/batool/MULTIMODAL_DATA/Multimodal_Data/Cat1/opposite/bag_files/Cat1_20mph_lr_opposite_5/camera_images/1624829749.190201.jpg
Cat1,20mph,lr,opposite,5,1624829749.2235343,/media/batool/MULTIMODAL_DATA/Multimodal_Data/Cat1/opposite/bag_files/Cat1_20mph_lr_opposite_5/camera_images/1624829749.2235343.jpg
Cat1,20mph,lr,opposite,5,1624829749.2568676,/media/batool/MULTIMODAL_DATA/Multimodal_Data/Cat1/opposite/bag_files/Cat1_20mph_lr_opposite_5/camera_images/1624829749.2568676.jpg
Cat1,20mph,lr,opposite,5,1624829749.290201,/media/batool/MULTIMODAL_DATA/Multimodal_Data/Cat1/opposite/bag_files/Cat1_20mph_lr_opposite_5/camera_images/1624829749.290201.jpg
Cat1,20mph,lr,opposite,5,1624829749.3235343,/media/batool/MULTIMODAL_DATA/Multimodal_Data/Cat1/opposite/bag_files/Cat1_20mph_lr_opposite_5/camera_images/1624829749.3235343.jpg
Cat1,20mph,lr,opposite,5,1624829749.3568676,/media/batool/MULTIMODAL_DATA/Multimodal_Data/Cat1/opposite/bag_files/Cat1_20mph_lr_opposite_5/camera_images/1624829749.3568676.jpg
Cat1,20mph,lr,opposite,5,1624829749.3902009,/media/batool/MULTIMODAL_DATA/Multimodal_Data/Cat1/opposite/bag_files/Cat1_20mph_lr_opposite_5/camera_images/1624829749.3902009.jpg
Cat1,20mph,lr,opposite,5,1624829749.4235342,/media/batool/MULTIMODAL_DATA/Multimodal_Data/Cat1/opposite/bag_files/Cat1_20mph_lr_opposite_5/camera_images/1624829749.4235342.jpg
Cat1,20mph,lr,opposite,5,1624829749.4568675,/media/batool/MULTIMODAL_DATA/Multimodal_Data/Cat1/opposite/bag_files/Cat1_20mph_lr_opposite_5/camera_images/1624829749.4568675.jpg
Cat1,20mph,lr,opposite,5,1624829747.8902023,/media/batool/MULTIMODAL_DATA/Multimodal_Data/Cat1/opposite/bag_files/Cat1_20mph_lr_opposite_5/camera_images/1624829747.8902023.jpg
Cat1,20mph,lr,opposite,5,1624829748.423535,/media/batool/MULTIMODAL_DATA/Multimodal_Data/Cat1/opposite/bag_files/Cat1_20mph_lr_opposite_5/camera_images/1624829748.423535.jpg
Cat1,20mph,lr,opposite,5,1624829748.956868,/media/batool/MULTIMODAL_DATA/Multimodal_Data/Cat1/opposite/bag_files/Cat1_20mph_lr_opposite_5/camera_images/1624829748.956868.jpg
Cat1,20mph,lr,opposite,5,1624829749.4902008,/media/batool/MULTIMODAL_DATA/Multimodal_Data/Cat1/opposite/bag_files/Cat1_20mph_lr_opposite_5/camera_images/1624829749.4902008.jpg
Cat1,20mph,lr,opposite,5,1624829750.0235336,/media/batool/MULTIMODAL_DATA/Multimodal_Data/Cat1/opposite/bag_files/Cat1_20mph_lr_opposite_5/camera_images/1624829750.0235336.jpg
Cat1,20mph,lr,opposite,5,1624829750.5568664,/media/batool/MULTIMODAL_DATA/Multimodal_Data/Cat1/opposite/bag_files/Cat1_20mph_lr_opposite_5/camera_images/1624829750.5568664.jpg
Cat1,20mph,lr,opposite,5,1624829751.0901992,/media/batool/MULTIMODAL_DATA/Multimodal_Data/Cat1/opposite/bag_files/Cat1_20mph_lr_opposite_5/camera_images/1624829751.0901992.jpg
Cat1,20mph,lr,opposite,5,1624829751.623532,/media/batool/MULTIMODAL_DATA/Multimodal_Data/Cat1/opposite/bag_files/Cat1_20mph_lr_opposite_5/camera_images/1624829751.623532.jpg
Cat1,20mph,lr,opposite,5,1624829752.156865,/media/batool/MULTIMODAL_DATA/Multimodal_Data/Cat1/opposite/bag_files/Cat1_20mph_lr_opposite_5/camera_images/1624829752.156865.jpg
Cat1,20mph,lr,opposite,5,1624829752.6901977,/media/batool/MULTIMODAL_DATA/Multimodal_Data/Cat1/opposite/bag_files/Cat1_20mph_lr_opposite_5/camera_images/1624829752.6901977.jpg
Cat1,20mph,lr,opposite,5,1624829753.2235305,/media/batool/MULTIMODAL_DATA/Multimodal_Data/Cat1/opposite/bag_files/Cat1_20mph_lr_opposite_5/camera_images/1624829753.2235305.jpg
Cat1,20mph,lr,opposite,5,1624829753.7568634,/media/batool/MULTIMODAL_DATA/Multimodal_Data/Cat1/opposite/bag_files/Cat1_20mph_lr_opposite_5/camera_images/1624829753.7568634.jpg
Cat1,20mph,lr,opposite,5,1624829754.2901962,/media/batool/MULTIMODAL_DATA/Multimodal_Data/Cat1/opposite/bag_files/Cat1_20mph_lr_opposite_5/camera_images/1624829754.2901962.jpg
Cat1,20mph,lr,opposite,5,1624829754.823529,/media/batool/MULTIMODAL_DATA/Multimodal_Data/Cat1/opposite/bag_files/Cat1_20mph_lr_opposite_5/camera_images/1624829754.823529.jpg
Cat1,20mph,lr,opposite,5,1624829755.3568618,/media/batool/MULTIMODAL_DATA/Multimodal_Data/Cat1/opposite/bag_files/Cat1_20mph_lr_opposite_5/camera_images/1624829755.3568618.jpg
Cat1,20mph,lr,opposite,5,1624829755.8901947,/media/batool/MULTIMODAL_DATA/Multimodal_Data/Cat1/opposite/bag_files/Cat1_20mph_lr_opposite_5/camera_images/1624829755.8901947.jpg
Cat1,20mph,lr,opposite,5,1624829756.4235275,/media/batool/MULTIMODAL_DATA/Multimodal_Data/Cat1/opposite/bag_files/Cat1_20mph_lr_opposite_5/camera_images/1624829756.4235275.jpg
Cat1,20mph,lr,opposite,5,1624829756.9568603,/media/batool/MULTIMODAL_DATA/Multimodal_Data/Cat1/opposite/bag_files/Cat1_20mph_lr_opposite_5/camera_images/1624829756.9568603.jpg
Cat1,20mph,lr,opposite,5,1624829757.4901931,/media/batool/MULTIMODAL_DATA/Multimodal_Data/Cat1/opposite/bag_files/Cat1_20mph_lr_opposite_5/camera_images/1624829757.4901931.jpg
Cat1,20mph,lr,opposite,5,1624829758.023526,/media/batool/MULTIMODAL_DATA/Multimodal_Data/Cat1/opposite/bag_files/Cat1_20mph_lr_opposite_5/camera_images/1624829758.023526.jpg
Cat1,20mph,lr,opposite,5,1624829758.5568588,/media/batool/MULTIMODAL_DATA/Multimodal_Data/Cat1/opposite/bag_files/Cat1_20mph_lr_opposite_5/camera_images/1624829758.5568588.jpg
Cat1,20mph,lr,opposite,5,1624829759.0901916,/media/batool/MULTIMODAL_DATA/Multimodal_Data/Cat1/opposite/bag_files/Cat1_20mph_lr_opposite_5/camera_images/1624829759.0901916.jpg
Cat1,20mph,lr,opposite,5,1624829759.6235244,/media/batool/MULTIMODAL_DATA/Multimodal_Data/Cat1/opposite/bag_files/Cat1_20mph_lr_opposite_5/camera_images/1624829759.6235244.jpg
Cat1,20mph,lr,opposite,5,1624829760.1568573,/media/batool/MULTIMODAL_DATA/Multimodal_Data/Cat1/opposite/bag_files/Cat1_20mph_lr_opposite_5/camera_images/1624829760.1568573.jpg
Cat1,20mph,lr,opposite,5,1624829760.69019,/media/batool/MULTIMODAL_DATA/Multimodal_Data/Cat1/opposite/bag_files/Cat1_20mph_lr_opposite_5/camera_images/1624829760.69019.jpg
Cat1,20mph,lr,opposite,5,1624829761.223523,/media/batool/MULTIMODAL_DATA/Multimodal_Data/Cat1/opposite/bag_files/Cat1_20mph_lr_opposite_5/camera_images/1624829761.223523.jpg
Cat1,20mph,lr,opposite,5,1624829761.7568557,/media/batool/MULTIMODAL_DATA/Multimodal_Data/Cat1/opposite/bag_files/Cat1_20mph_lr_opposite_5/camera_images/1624829761.7568557.jpg
Cat1,20mph,lr,opposite,5,1624829749.523534,/media/batool/MULTIMODAL_DATA/Multimodal_Data/Cat1/opposite/bag_files/Cat1_20mph_lr_opposite_5/camera_images/1624829749.523534.jpg
Cat1,20mph,lr,opposite,5,1624829749.5568674,/media/batool/MULTIMODAL_DATA/Multimodal_Data/Cat1/opposite/bag_files/Cat1_20mph_lr_opposite_5/camera_images/1624829749.5568674.jpg
Cat1,20mph,lr,opposite,5,1624829749.5902007,/media/batool/MULTIMODAL_DATA/Multimodal_Data/Cat1/opposite/bag_files/Cat1_20mph_lr_opposite_5/camera_images/1624829749.5902007.jpg
Cat1,20mph,lr,opposite,5,1624829749.623534,/media/batool/MULTIMODAL_DATA/Multimodal_Data/Cat1/opposite/bag_files/Cat1_20mph_lr_opposite_5/camera_images/1624829749.623534.jpg
Cat1,20mph,lr,opposite,5,1624829749.6568673,/media/batool/MULTIMODAL_DATA/Multimodal_Data/Cat1/opposite/bag_files/Cat1_20mph_lr_opposite_5/camera_images/1624829749.6568673.jpg
Cat1,20mph,lr,opposite,5,1624829749.6902006,/media/batool/MULTIMODAL_DATA/Multimodal_Data/Cat1/opposite/bag_files/Cat1_20mph_lr_opposite_5/camera_images/1624829749.6902006.jpg
Cat1,20mph,lr,opposite,5,1624829749.7235339,/media/batool/MULTIMODAL_DATA/Multimodal_Data/Cat1/opposite/bag_files/Cat1_20mph_lr_opposite_5/camera_images/1624829749.7235339.jpg
Cat1,20mph,lr,opposite,5,1624829749.7568672,/media/batool/MULTIMODAL_DATA/Multimodal_Data/Cat1/opposite/bag_files/Cat1_20mph_lr_opposite_5/camera_images/1624829749.7568672.jpg
Cat1,20mph,lr,opposite,5,1624829749.7902005,/media/batool/MULTIMODAL_DATA/Multimodal_Data/Cat1/opposite/bag_files/Cat1_20mph_lr_opposite_5/camera_images/1624829749.7902005.jpg
Cat1,20mph,lr,opposite,5,1624829749.8235338,/media/batool/MULTIMODAL_DATA/Multimodal_Data/Cat1/opposite/bag_files/Cat1_20mph_lr_opposite_5/camera_images/1624829749.8235338.jpg
Cat1,20mph,lr,opposite,5,1624829749.856867,/media/batool/MULTIMODAL_DATA/Multimodal_Data/Cat1/opposite/bag_files/Cat1_20mph_lr_opposite_5/camera_images/1624829749.856867.jpg
Cat1,20mph,lr,opposite,5,1624829749.8902004,/media/batool/MULTIMODAL_DATA/Multimodal_Data/Cat1/opposite/bag_files/Cat1_20mph_lr_opposite_5/camera_images/1624829749.8902004.jpg
Cat1,20mph,lr,opposite,5,1624829749.9235337,/media/batool/MULTIMODAL_DATA/Multimodal_Data/Cat1/opposite/bag_files/Cat1_20mph_lr_opposite_5/camera_images/1624829749.9235337.jpg
Cat1,20mph,lr,opposite,5,1624829749.956867,/media/batool/MULTIMODAL_DATA/Multimodal_Data/Cat1/opposite/bag_files/Cat1_20mph_lr_opposite_5/camera_images/1624829749.956867.jpg
Cat1,20mph,lr,opposite,5,1624829749.9902003,/media/batool/MULTIMODAL_DATA/Multimodal_Data/Cat1/opposite/bag_files/Cat1_20mph_lr_opposite_5/camera_images/1624829749.9902003.jpg
Cat1,20mph,lr,opposite,5,1624829750.056867,/media/batool/MULTIMODAL_DATA/Multimodal_Data/Cat1/opposite/bag_files/Cat1_20mph_lr_opposite_5/camera_images/1624829750.056867.jpg
Cat1,20mph,lr,opposite,5,1624829750.0902002,/media/batool/MULTIMODAL_DATA/Multimodal_Data/Cat1/opposite/bag_files/Cat1_20mph_lr_opposite_5/camera_images/1624829750.0902002.jpg
Cat1,20mph,lr,opposite,5,1624829750.1235335,/media/batool/MULTIMODAL_DATA/Multimodal_Data/Cat1/opposite/bag_files/Cat1_20mph_lr_opposite_5/camera_images/1624829750.1235335.jpg
Cat1,20mph,lr,opposite,5,1624829750.1568668,/media/batool/MULTIMODAL_DATA/Multimodal_Data/Cat1/opposite/bag_files/Cat1_20mph_lr_opposite_5/camera_images/1624829750.1568668.jpg
Cat1,20mph,lr,opposite,5,1624829750.1902,/media/batool/MULTIMODAL_DATA/Multimodal_Data/Cat1/opposite/bag_files/Cat1_20mph_lr_opposite_5/camera_images/1624829750.1902.jpg
Cat1,20mph,lr,opposite,5,1624829750.2235334,/media/batool/MULTIMODAL_DATA/Multimodal_Data/Cat1/opposite/bag_files/Cat1_20mph_lr_opposite_5/camera_images/1624829750.2235334.jpg
Cat1,20mph,lr,opposite,5,1624829750.2568667,/media/batool/MULTIMODAL_DATA/Multimodal_Data/Cat1/opposite/bag_files/Cat1_20mph_lr_opposite_5/camera_images/1624829750.2568667.jpg
Cat1,20mph,lr,opposite,5,1624829750.2902,/media/batool/MULTIMODAL_DATA/Multimodal_Data/Cat1/opposite/bag_files/Cat1_20mph_lr_opposite_5/camera_images/1624829750.2902.jpg
Cat1,20mph,lr,opposite,5,1624829750.3235333,/media/batool/MULTIMODAL_DATA/Multimodal_Data/Cat1/opposite/bag_files/Cat1_20mph_lr_opposite_5/camera_images/1624829750.3235333.jpg
Cat1,20mph,lr,opposite,5,1624829750.3568666,/media/batool/MULTIMODAL_DATA/Multimodal_Data/Cat1/opposite/bag_files/Cat1_20mph_lr_opposite_5/camera_images/1624829750.3568666.jpg
Cat1,20mph,lr,opposite,5,1624829750.3902,/media/batool/MULTIMODAL_DATA/Multimodal_Data/Cat1/opposite/bag_files/Cat1_20mph_lr_opposite_5/camera_images/1624829750.3902.jpg
Cat1,20mph,lr,opposite,5,1624829750.4235332,/media/batool/MULTIMODAL_DATA/Multimodal_Data/Cat1/opposite/bag_files/Cat1_20mph_lr_opposite_5/camera_images/1624829750.4235332.jpg
Cat1,20mph,lr,opposite,5,1624829750.4568665,/media/batool/MULTIMODAL_DATA/Multimodal_Data/Cat1/opposite/bag_files/Cat1_20mph_lr_opposite_5/camera_images/1624829750.4568665.jpg
Cat1,20mph,lr,opposite,5,1624829750.4901998,/media/batool/MULTIMODAL_DATA/Multimodal_Data/Cat1/opposite/bag_files/Cat1_20mph_lr_opposite_5/camera_images/1624829750.4901998.jpg
Cat1,20mph,lr,opposite,5,1624829750.523533,/media/batool/MULTIMODAL_DATA/Multimodal_Data/Cat1/opposite/bag_files/Cat1_20mph_lr_opposite_5/camera_images/1624829750.523533.jpg
Cat1,20mph,lr,opposite,5,1624829750.5901997,/media/batool/MULTIMODAL_DATA/Multimodal_Data/Cat1/opposite/bag_files/Cat1_20mph_lr_opposite_5/camera_images/1624829750.5901997.jpg
Cat1,20mph,lr,opposite,5,1624829750.623533,/media/batool/MULTIMODAL_DATA/Multimodal_Data/Cat1/opposite/bag_files/Cat1_20mph_lr_opposite_5/camera_images/1624829750.623533.jpg
Cat1,20mph,lr,opposite,5,1624829750.6568663,/media/batool/MULTIMODAL_DATA/Multimodal_Data/Cat1/opposite/bag_files/Cat1_20mph_lr_opposite_5/camera_images/1624829750.6568663.jpg
Cat1,20mph,lr,opposite,5,1624829750.6901996,/media/batool/MULTIMODAL_DATA/Multimodal_Data/Cat1/opposite/bag_files/Cat1_20mph_lr_opposite_5/camera_images/1624829750.6901996.jpg
Cat1,20mph,lr,opposite,5,1624829750.723533,/media/batool/MULTIMODAL_DATA/Multimodal_Data/Cat1/opposite/bag_files/Cat1_20mph_lr_opposite_5/camera_images/1624829750.723533.jpg
Cat1,20mph,lr,opposite,5,1624829750.7568662,/media/batool/MULTIMODAL_DATA/Multimodal_Data/Cat1/opposite/bag_files/Cat1_20mph_lr_opposite_5/camera_images/1624829750.7568662.jpg
Cat1,20mph,lr,opposite,5,1624829750.7901995,/media/batool/MULTIMODAL_DATA/Multimodal_Data/Cat1/opposite/bag_files/Cat1_20mph_lr_opposite_5/camera_images/1624829750.7901995.jpg
Cat1,20mph,lr,opposite,5,1624829750.8235328,/media/batool/MULTIMODAL_DATA/Multimodal_Data/Cat1/opposite/bag_files/Cat1_20mph_lr_opposite_5/camera_images/1624829750.8235328.jpg
Cat1,20mph,lr,opposite,5,1624829750.8568661,/media/batool/MULTIMODAL_DATA/Multimodal_Data/Cat1/opposite/bag_files/Cat1_20mph_lr_opposite_5/camera_images/1624829750.8568661.jpg
Cat1,20mph,lr,opposite,5,1624829750.8901994,/media/batool/MULTIMODAL_DATA/Multimodal_Data/Cat1/opposite/bag_files/Cat1_20mph_lr_opposite_5/camera_images/1624829750.8901994.jpg
Cat1,20mph,lr,opposite,5,1624829750.9235327,/media/batool/MULTIMODAL_DATA/Multimodal_Data/Cat1/opposite/bag_files/Cat1_20mph_lr_opposite_5/camera_images/1624829750.9235327.jpg
Cat1,20mph,lr,opposite,5,1624829750.956866,/media/batool/MULTIMODAL_DATA/Multimodal_Data/Cat1/opposite/bag_files/Cat1_20mph_lr_opposite_5/camera_images/1624829750.956866.jpg
Cat1,20mph,lr,opposite,5,1624829750.9901993,/media/batool/MULTIMODAL_DATA/Multimodal_Data/Cat1/opposite/bag_files/Cat1_20mph_lr_opposite_5/camera_images/1624829750.9901993.jpg
Cat1,20mph,lr,opposite,5,1624829751.0235326,/media/batool/MULTIMODAL_DATA/Multimodal_Data/Cat1/opposite/bag_files/Cat1_20mph_lr_opposite_5/camera_images/1624829751.0235326.jpg
Cat1,20mph,lr,opposite,5,1624829751.056866,/media/batool/MULTIMODAL_DATA/Multimodal_Data/Cat1/opposite/bag_files/Cat1_20mph_lr_opposite_5/camera_images/1624829751.056866.jpg
Cat1,20mph,lr,opposite,5,1624829751.1235325,/media/batool/MULTIMODAL_DATA/Multimodal_Data/Cat1/opposite/bag_files/Cat1_20mph_lr_opposite_5/camera_images/1624829751.1235325.jpg
Cat1,20mph,lr,opposite,5,1624829751.1568658,/media/batool/MULTIMODAL_DATA/Multimodal_Data/Cat1/opposite/bag_files/Cat1_20mph_lr_opposite_5/camera_images/1624829751.1568658.jpg
Cat1,20mph,lr,opposite,5,1624829751.1901991,/media/batool/MULTIMODAL_DATA/Multimodal_Data/Cat1/opposite/bag_files/Cat1_20mph_lr_opposite_5/camera_images/1624829751.1901991.jpg
Cat1,20mph,lr,opposite,5,1624829751.2235324,/media/batool/MULTIMODAL_DATA/Multimodal_Data/Cat1/opposite/bag_files/Cat1_20mph_lr_opposite_5/camera_images/1624829751.2235324.jpg
Cat1,20mph,lr,opposite,5,1624829751.2568657,/media/batool/MULTIMODAL_DATA/Multimodal_Data/Cat1/opposite/bag_files/Cat1_20mph_lr_opposite_5/camera_images/1624829751.2568657.jpg
Cat1,20mph,lr,opposite,5,1624829751.290199,/media/batool/MULTIMODAL_DATA/Multimodal_Data/Cat1/opposite/bag_files/Cat1_20mph_lr_opposite_5/camera_images/1624829751.290199.jpg
Cat1,20mph,lr,opposite,5,1624829751.3235323,/media/batool/MULTIMODAL_DATA/Multimodal_Data/Cat1/opposite/bag_files/Cat1_20mph_lr_opposite_5/camera_images/1624829751.3235323.jpg
Cat1,20mph,lr,opposite,5,1624829751.3568656,/media/batool/MULTIMODAL_DATA/Multimodal_Data/Cat1/opposite/bag_files/Cat1_20mph_lr_opposite_5/camera_images/1624829751.3568656.jpg
Cat1,20mph,lr,opposite,5,1624829751.390199,/media/batool/MULTIMODAL_DATA/Multimodal_Data/Cat1/opposite/bag_files/Cat1_20mph_lr_opposite_5/camera_images/1624829751.390199.jpg
Cat1,20mph,lr,opposite,5,1624829751.4235322,/media/batool/MULTIMODAL_DATA/Multimodal_Data/Cat1/opposite/bag_files/Cat1_20mph_lr_opposite_5/camera_images/1624829751.4235322.jpg
Cat1,20mph,lr,opposite,5,1624829751.4568655,/media/batool/MULTIMODAL_DATA/Multimodal_Data/Cat1/opposite/bag_files/Cat1_20mph_lr_opposite_5/camera_images/1624829751.4568655.jpg
Cat1,20mph,lr,opposite,5,1624829751.4901989,/media/batool/MULTIMODAL_DATA/Multimodal_Data/Cat1/opposite/bag_files/Cat1_20mph_lr_opposite_5/camera_images/1624829751.4901989.jpg
Cat1,20mph,lr,opposite,5,1624829751.5235322,/media/batool/MULTIMODAL_DATA/Multimodal_Data/Cat1/opposite/bag_files/Cat1_20mph_lr_opposite_5/camera_images/1624829751.5235322.jpg
Cat1,20mph,lr,opposite,5,1624829751.5568655,/media/batool/MULTIMODAL_DATA/Multimodal_Data/Cat1/opposite/bag_files/Cat1_20mph_lr_opposite_5/camera_images/1624829751.5568655.jpg
Cat1,20mph,lr,opposite,5,1624829751.5901988,/media/batool/MULTIMODAL_DATA/Multimodal_Data/Cat1/opposite/bag_files/Cat1_20mph_lr_opposite_5/camera_images/1624829751.5901988.jpg
Cat1,20mph,lr,opposite,5,1624829751.6568654,/media/batool/MULTIMODAL_DATA/Multimodal_Data/Cat1/opposite/bag_files/Cat1_20mph_lr_opposite_5/camera_images/1624829751.6568654.jpg
Cat1,20mph,lr,opposite,5,1624829751.6901987,/media/batool/MULTIMODAL_DATA/Multimodal_Data/Cat1/opposite/bag_files/Cat1_20mph_lr_opposite_5/camera_images/1624829751.6901987.jpg
Cat1,20mph,lr,opposite,5,1624829751.723532,/media/batool/MULTIMODAL_DATA/Multimodal_Data/Cat1/opposite/bag_files/Cat1_20mph_lr_opposite_5/camera_images/1624829751.723532.jpg
Cat1,20mph,lr,opposite,5,1624829751.7568653,/media/batool/MULTIMODAL_DATA/Multimodal_Data/Cat1/opposite/bag_files/Cat1_20mph_lr_opposite_5/camera_images/1624829751.7568653.jpg
Cat1,20mph,lr,opposite,5,1624829751.7901986,/media/batool/MULTIMODAL_DATA/Multimodal_Data/Cat1/opposite/bag_files/Cat1_20mph_lr_opposite_5/camera_images/1624829751.7901986.jpg
Cat1,20mph,lr,opposite,5,1624829751.8235319,/media/batool/MULTIMODAL_DATA/Multimodal_Data/Cat1/opposite/bag_files/Cat1_20mph_lr_opposite_5/camera_images/1624829751.8235319.jpg
Cat1,20mph,lr,opposite,5,1624829751.8568652,/media/batool/MULTIMODAL_DATA/Multimodal_Data/Cat1/opposite/bag_files/Cat1_20mph_lr_opposite_5/camera_images/1624829751.8568652.jpg
Cat1,20mph,lr,opposite,5,1624829751.8901985,/media/batool/MULTIMODAL_DATA/Multimodal_Data/Cat1/opposite/bag_files/Cat1_20mph_lr_opposite_5/camera_images/1624829751.8901985.jpg
Cat1,20mph,lr,opposite,5,1624829751.9235318,/media/batool/MULTIMODAL_DATA/Multimodal_Data/Cat1/opposite/bag_files/Cat1_20mph_lr_opposite_5/camera_images/1624829751.9235318.jpg
Cat1,20mph,lr,opposite,5,1624829751.956865,/media/batool/MULTIMODAL_DATA/Multimodal_Data/Cat1/opposite/bag_files/Cat1_20mph_lr_opposite_5/camera_images/1624829751.956865.jpg
Cat1,20mph,lr,opposite,5,1624829751.9901984,/media/batool/MULTIMODAL_DATA/Multimodal_Data/Cat1/opposite/bag_files/Cat1_20mph_lr_opposite_5/camera_images/1624829751.9901984.jpg
Cat1,20mph,lr,opposite,5,1624829752.0235317,/media/batool/MULTIMODAL_DATA/Multimodal_Data/Cat1/opposite/bag_files/Cat1_20mph_lr_opposite_5/camera_images/1624829752.0235317.jpg
Cat1,20mph,lr,opposite,5,1624829752.056865,/media/batool/MULTIMODAL_DATA/Multimodal_Data/Cat1/opposite/bag_files/Cat1_20mph_lr_opposite_5/camera_images/1624829752.056865.jpg
Cat1,20mph,lr,opposite,5,1624829752.0901983,/media/batool/MULTIMODAL_DATA/Multimodal_Data/Cat1/opposite/bag_files/Cat1_20mph_lr_opposite_5/camera_images/1624829752.0901983.jpg
Cat1,20mph,lr,opposite,5,1624829752.1235316,/media/batool/MULTIMODAL_DATA/Multimodal_Data/Cat1/opposite/bag_files/Cat1_20mph_lr_opposite_5/camera_images/1624829752.1235316.jpg
Cat1,20mph,lr,opposite,5,1624829752.1901982,/media/batool/MULTIMODAL_DATA/Multimodal_Data/Cat1/opposite/bag_files/Cat1_20mph_lr_opposite_5/camera_images/1624829752.1901982.jpg
Cat1,20mph,lr,opposite,5,1624829752.2235315,/media/batool/MULTIMODAL_DATA/Multimodal_Data/Cat1/opposite/bag_files/Cat1_20mph_lr_opposite_5/camera_images/1624829752.2235315.jpg
Cat1,20mph,lr,opposite,5,1624829752.2568648,/media/batool/MULTIMODAL_DATA/Multimodal_Data/Cat1/opposite/bag_files/Cat1_20mph_lr_opposite_5/camera_images/1624829752.2568648.jpg
Cat1,20mph,lr,opposite,5,1624829752.290198,/media/batool/MULTIMODAL_DATA/Multimodal_Data/Cat1/opposite/bag_files/Cat1_20mph_lr_opposite_5/camera_images/1624829752.290198.jpg
Cat1,20mph,lr,opposite,5,1624829752.3235314,/media/batool/MULTIMODAL_DATA/Multimodal_Data/Cat1/opposite/bag_files/Cat1_20mph_lr_opposite_5/camera_images/1624829752.3235314.jpg
Cat1,20mph,lr,opposite,5,1624829752.3568647,/media/batool/MULTIMODAL_DATA/Multimodal_Data/Cat1/opposite/bag_files/Cat1_20mph_lr_opposite_5/camera_images/1624829752.3568647.jpg
Cat1,20mph,lr,opposite,5,1624829752.390198,/media/batool/MULTIMODAL_DATA/Multimodal_Data/Cat1/opposite/bag_files/Cat1_20mph_lr_opposite_5/camera_images/1624829752.390198.jpg
Cat1,20mph,lr,opposite,5,1624829752.4235313,/media/batool/MULTIMODAL_DATA/Multimodal_Data/Cat1/opposite/bag_files/Cat1_20mph_lr_opposite_5/camera_images/1624829752.4235313.jpg
Cat1,20mph,lr,opposite,5,1624829752.4568646,/media/batool/MULTIMODAL_DATA/Multimodal_Data/Cat1/opposite/bag_files/Cat1_20mph_lr_opposite_5/camera_images/1624829752.4568646.jpg
Cat1,20mph,lr,opposite,5,1624829752.490198,/media/batool/MULTIMODAL_DATA/Multimodal_Data/Cat1/opposite/bag_files/Cat1_20mph_lr_opposite_5/camera_images/1624829752.490198.jpg
Cat1,20mph,lr,opposite,5,1624829752.5235312,/media/batool/MULTIMODAL_DATA/Multimodal_Data/Cat1/opposite/bag_files/Cat1_20mph_lr_opposite_5/camera_images/1624829752.5235312.jpg
Cat1,20mph,lr,opposite,5,1624829752.5568645,/media/batool/MULTIMODAL_DATA/Multimodal_Data/Cat1/opposite/bag_files/Cat1_20mph_lr_opposite_5/camera_images/1624829752.5568645.jpg
Cat1,20mph,lr,opposite,5,1624829752.5901978,/media/batool/MULTIMODAL_DATA/Multimodal_Data/Cat1/opposite/bag_files/Cat1_20mph_lr_opposite_5/camera_images/1624829752.5901978.jpg
Cat1,20mph,lr,opposite,5,1624829752.623531,/media/batool/MULTIMODAL_DATA/Multimodal_Data/Cat1/opposite/bag_files/Cat1_20mph_lr_opposite_5/camera_images/1624829752.623531.jpg
Cat1,20mph,lr,opposite,5,1624829752.6568644,/media/batool/MULTIMODAL_DATA/Multimodal_Data/Cat1/opposite/bag_files/Cat1_20mph_lr_opposite_5/camera_images/1624829752.6568644.jpg
Cat1,20mph,lr,opposite,5,1624829752.723531,/media/batool/MULTIMODAL_DATA/Multimodal_Data/Cat1/opposite/bag_files/Cat1_20mph_lr_opposite_5/camera_images/1624829752.723531.jpg
Cat1,20mph,lr,opposite,5,1624829752.7568643,/media/batool/MULTIMODAL_DATA/Multimodal_Data/Cat1/opposite/bag_files/Cat1_20mph_lr_opposite_5/camera_images/1624829752.7568643.jpg
Cat1,20mph,lr,opposite,5,1624829752.7901976,/media/batool/MULTIMODAL_DATA/Multimodal_Data/Cat1/opposite/bag_files/Cat1_20mph_lr_opposite_5/camera_images/1624829752.7901976.jpg
Cat1,20mph,lr,opposite,5,1624829752.823531,/media/batool/MULTIMODAL_DATA/Multimodal_Data/Cat1/opposite/bag_files/Cat1_20mph_lr_opposite_5/camera_images/1624829752.823531.jpg
Cat1,20mph,lr,opposite,5,1624829752.8568642,/media/batool/MULTIMODAL_DATA/Multimodal_Data/Cat1/opposite/bag_files/Cat1_20mph_lr_opposite_5/camera_images/1624829752.8568642.jpg
Cat1,20mph,lr,opposite,5,1624829752.8901975,/media/batool/MULTIMODAL_DATA/Multimodal_Data/Cat1/opposite/bag_files/Cat1_20mph_lr_opposite_5/camera_images/1624829752.8901975.jpg
Cat1,20mph,lr,opposite,5,1624829752.9235308,/media/batool/MULTIMODAL_DATA/Multimodal_Data/Cat1/opposite/bag_files/Cat1_20mph_lr_opposite_5/camera_images/1624829752.9235308.jpg
Cat1,20mph,lr,opposite,5,1624829752.956864,/media/batool/MULTIMODAL_DATA/Multimodal_Data/Cat1/opposite/bag_files/Cat1_20mph_lr_opposite_5/camera_images/1624829752.956864.jpg
Cat1,20mph,lr,opposite,5,1624829752.9901974,/media/batool/MULTIMODAL_DATA/Multimodal_Data/Cat1/opposite/bag_files/Cat1_20mph_lr_opposite_5/camera_images/1624829752.9901974.jpg
Cat1,20mph,lr,opposite,5,1624829753.0235307,/media/batool/MULTIMODAL_DATA/Multimodal_Data/Cat1/opposite/bag_files/Cat1_20mph_lr_opposite_5/camera_images/1624829753.0235307.jpg
Cat1,20mph,lr,opposite,5,1624829753.056864,/media/batool/MULTIMODAL_DATA/Multimodal_Data/Cat1/opposite/bag_files/Cat1_20mph_lr_opposite_5/camera_images/1624829753.056864.jpg
Cat1,20mph,lr,opposite,5,1624829753.0901973,/media/batool/MULTIMODAL_DATA/Multimodal_Data/Cat1/opposite/bag_files/Cat1_20mph_lr_opposite_5/camera_images/1624829753.0901973.jpg
Cat1,20mph,lr,opposite,5,1624829753.1235306,/media/batool/MULTIMODAL_DATA/Multimodal_Data/Cat1/opposite/bag_files/Cat1_20mph_lr_opposite_5/camera_images/1624829753.1235306.jpg
Cat1,20mph,lr,opposite,5,1624829753.156864,/media/batool/MULTIMODAL_DATA/Multimodal_Data/Cat1/opposite/bag_files/Cat1_20mph_lr_opposite_5/camera_images/1624829753.156864.jpg
Cat1,20mph,lr,opposite,5,1624829753.1901972,/media/batool/MULTIMODAL_DATA/Multimodal_Data/Cat1/opposite/bag_files/Cat1_20mph_lr_opposite_5/camera_images/1624829753.1901972.jpg
Cat1,20mph,lr,opposite,5,1624829753.2568638,/media/batool/MULTIMODAL_DATA/Multimodal_Data/Cat1/opposite/bag_files/Cat1_20mph_lr_opposite_5/camera_images/1624829753.2568638.jpg
Cat1,20mph,lr,opposite,5,1624829753.2901971,/media/batool/MULTIMODAL_DATA/Multimodal_Data/Cat1/opposite/bag_files/Cat1_20mph_lr_opposite_5/camera_images/1624829753.2901971.jpg
Cat1,20mph,lr,opposite,5,1624829753.3235304,/media/batool/MULTIMODAL_DATA/Multimodal_Data/Cat1/opposite/bag_files/Cat1_20mph_lr_opposite_5/camera_images/1624829753.3235304.jpg
Cat1,20mph,lr,opposite,5,1624829753.3568637,/media/batool/MULTIMODAL_DATA/Multimodal_Data/Cat1/opposite/bag_files/Cat1_20mph_lr_opposite_5/camera_images/1624829753.3568637.jpg
Cat1,20mph,lr,opposite,5,1624829753.390197,/media/batool/MULTIMODAL_DATA/Multimodal_Data/Cat1/opposite/bag_files/Cat1_20mph_lr_opposite_5/camera_images/1624829753.390197.jpg
Cat1,20mph,lr,opposite,5,1624829753.4235303,/media/batool/MULTIMODAL_DATA/Multimodal_Data/Cat1/opposite/bag_files/Cat1_20mph_lr_opposite_5/camera_images/1624829753.4235303.jpg
Cat1,20mph,lr,opposite,5,1624829753.4568636,/media/batool/MULTIMODAL_DATA/Multimodal_Data/Cat1/opposite/bag_files/Cat1_20mph_lr_opposite_5/camera_images/1624829753.4568636.jpg
Cat1,20mph,lr,opposite,5,1624829753.490197,/media/batool/MULTIMODAL_DATA/Multimodal_Data/Cat1/opposite/bag_files/Cat1_20mph_lr_opposite_5/camera_images/1624829753.490197.jpg
Cat1,20mph,lr,opposite,5,1624829753.5235302,/media/batool/MULTIMODAL_DATA/Multimodal_Data/Cat1/opposite/bag_files/Cat1_20mph_lr_opposite_5/camera_images/1624829753.5235302.jpg
Cat1,20mph,lr,opposite,5,1624829753.5568635,/media/batool/MULTIMODAL_DATA/Multimodal_Data/Cat1/opposite/bag_files/Cat1_20mph_lr_opposite_5/camera_images/1624829753.5568635.jpg
Cat1,20mph,lr,opposite,5,1624829753.5901968,/media/batool/MULTIMODAL_DATA/Multimodal_Data/Cat1/opposite/bag_files/Cat1_20mph_lr_opposite_5/camera_images/1624829753.5901968.jpg
Cat1,20mph,lr,opposite,5,1624829753.6235301,/media/batool/MULTIMODAL_DATA/Multimodal_Data/Cat1/opposite/bag_files/Cat1_20mph_lr_opposite_5/camera_images/1624829753.6235301.jpg
Cat1,20mph,lr,opposite,5,1624829753.6568635,/media/batool/MULTIMODAL_DATA/Multimodal_Data/Cat1/opposite/bag_files/Cat1_20mph_lr_opposite_5/camera_images/1624829753.6568635.jpg
Cat1,20mph,lr,opposite,5,1624829753.6901968,/media/batool/MULTIMODAL_DATA/Multimodal_Data/Cat1/opposite/bag_files/Cat1_20mph_lr_opposite_5/camera_images/1624829753.6901968.jpg
Cat1,20mph,lr,opposite,5,1624829753.72353,/media/batool/MULTIMODAL_DATA/Multimodal_Data/Cat1/opposite/bag_files/Cat1_20mph_lr_opposite_5/camera_images/1624829753.72353.jpg
Cat1,20mph,lr,opposite,5,1624829753.7901967,/media/batool/MULTIMODAL_DATA/Multimodal_Data/Cat1/opposite/bag_files/Cat1_20mph_lr_opposite_5/camera_images/1624829753.7901967.jpg
Cat1,20mph,lr,opposite,5,1624829753.82353,/media/batool/MULTIMODAL_DATA/Multimodal_Data/Cat1/opposite/bag_files/Cat1_20mph_lr_opposite_5/camera_images/1624829753.82353.jpg
Cat1,20mph,lr,opposite,5,1624829753.8568633,/media/batool/MULTIMODAL_DATA/Multimodal_Data/Cat1/opposite/bag_files/Cat1_20mph_lr_opposite_5/camera_images/1624829753.8568633.jpg
Cat1,20mph,lr,opposite,5,1624829753.8901966,/media/batool/MULTIMODAL_DATA/Multimodal_Data/Cat1/opposite/bag_files/Cat1_20mph_lr_opposite_5/camera_images/1624829753.8901966.jpg
Cat1,20mph,lr,opposite,5,1624829753.9235299,/media/batool/MULTIMODAL_DATA/Multimodal_Data/Cat1/opposite/bag_files/Cat1_20mph_lr_opposite_5/camera_images/1624829753.9235299.jpg
Cat1,20mph,lr,opposite,5,1624829753.9568632,/media/batool/MULTIMODAL_DATA/Multimodal_Data/Cat1/opposite/bag_files/Cat1_20mph_lr_opposite_5/camera_images/1624829753.9568632.jpg
Cat1,20mph,lr,opposite,5,1624829753.9901965,/media/batool/MULTIMODAL_DATA/Multimodal_Data/Cat1/opposite/bag_files/Cat1_20mph_lr_opposite_5/camera_images/1624829753.9901965.jpg
Cat1,20mph,lr,opposite,5,1624829754.0235298,/media/batool/MULTIMODAL_DATA/Multimodal_Data/Cat1/opposite/bag_files/Cat1_20mph_lr_opposite_5/camera_images/1624829754.0235298.jpg
Cat1,20mph,lr,opposite,5,1624829754.056863,/media/batool/MULTIMODAL_DATA/Multimodal_Data/Cat1/opposite/bag_files/Cat1_20mph_lr_opposite_5/camera_images/1624829754.056863.jpg
Cat1,20mph,lr,opposite,5,1624829754.0901964,/media/batool/MULTIMODAL_DATA/Multimodal_Data/Cat1/opposite/bag_files/Cat1_20mph_lr_opposite_5/camera_images/1624829754.0901964.jpg
Cat1,20mph,lr,opposite,5,1624829754.1235297,/media/batool/MULTIMODAL_DATA/Multimodal_Data/Cat1/opposite/bag_files/Cat1_20mph_lr_opposite_5/camera_images/1624829754.1235297.jpg
Cat1,20mph,lr,opposite,5,1624829754.156863,/media/batool/MULTIMODAL_DATA/Multimodal_Data/Cat1/opposite/bag_files/Cat1_20mph_lr_opposite_5/camera_images/1624829754.156863.jpg
Cat1,20mph,lr,opposite,5,1624829754.1901963,/media/batool/MULTIMODAL_DATA/Multimodal_Data/Cat1/opposite/bag_files/Cat1_20mph_lr_opposite_5/camera_images/1624829754.1901963.jpg
Cat1,20mph,lr,opposite,5,1624829754.2235296,/media/batool/MULTIMODAL_DATA/Multimodal_Data/Cat1/opposite/bag_files/Cat1_20mph_lr_opposite_5/camera_images/1624829754.2235296.jpg
Cat1,20mph,lr,opposite,5,1624829754.2568629,/media/batool/MULTIMODAL_DATA/Multimodal_Data/Cat1/opposite/bag_files/Cat1_20mph_lr_opposite_5/camera_images/1624829754.2568629.jpg
Cat1,20mph,lr,opposite,5,1624829754.3235295,/media/batool/MULTIMODAL_DATA/Multimodal_Data/Cat1/opposite/bag_files/Cat1_20mph_lr_opposite_5/camera_images/1624829754.3235295.jpg
Cat1,20mph,lr,opposite,5,1624829754.3568628,/media/batool/MULTIMODAL_DATA/Multimodal_Data/Cat1/opposite/bag_files/Cat1_20mph_lr_opposite_5/camera_images/1624829754.3568628.jpg
Cat1,20mph,lr,opposite,5,1624829754.390196,/media/batool/MULTIMODAL_DATA/Multimodal_Data/Cat1/opposite/bag_files/Cat1_20mph_lr_opposite_5/camera_images/1624829754.390196.jpg
Cat1,20mph,lr,opposite,5,1624829754.4235294,/media/batool/MULTIMODAL_DATA/Multimodal_Data/Cat1/opposite/bag_files/Cat1_20mph_lr_opposite_5/camera_images/1624829754.4235294.jpg
Cat1,20mph,lr,opposite,5,1624829754.4568627,/media/batool/MULTIMODAL_DATA/Multimodal_Data/Cat1/opposite/bag_files/Cat1_20mph_lr_opposite_5/camera_images/1624829754.4568627.jpg
Cat1,20mph,lr,opposite,5,1624829754.490196,/media/batool/MULTIMODAL_DATA/Multimodal_Data/Cat1/opposite/bag_files/Cat1_20mph_lr_opposite_5/camera_images/1624829754.490196.jpg
Cat1,20mph,lr,opposite,5,1624829754.5235293,/media/batool/MULTIMODAL_DATA/Multimodal_Data/Cat1/opposite/bag_files/Cat1_20mph_lr_opposite_5/camera_images/1624829754.5235293.jpg
Cat1,20mph,lr,opposite,5,1624829754.5568626,/media/batool/MULTIMODAL_DATA/Multimodal_Data/Cat1/opposite/bag_files/Cat1_20mph_lr_opposite_5/camera_images/1624829754.5568626.jpg
Cat1,20mph,lr,opposite,5,1624829754.590196,/media/batool/MULTIMODAL_DATA/Multimodal_Data/Cat1/opposite/bag_files/Cat1_20mph_lr_opposite_5/camera_images/1624829754.590196.jpg
Cat1,20mph,lr,opposite,5,1624829754.6235292,/media/batool/MULTIMODAL_DATA/Multimodal_Data/Cat1/opposite/bag_files/Cat1_20mph_lr_opposite_5/camera_images/1624829754.6235292.jpg
Cat1,20mph,lr,opposite,5,1624829754.6568625,/media/batool/MULTIMODAL_DATA/Multimodal_Data/Cat1/opposite/bag_files/Cat1_20mph_lr_opposite_5/camera_images/1624829754.6568625.jpg
Cat1,20mph,lr,opposite,5,1624829754.6901958,/media/batool/MULTIMODAL_DATA/Multimodal_Data/Cat1/opposite/bag_files/Cat1_20mph_lr_opposite_5/camera_images/1624829754.6901958.jpg
Cat1,20mph,lr,opposite,5,1624829754.723529,/media/batool/MULTIMODAL_DATA/Multimodal_Data/Cat1/opposite/bag_files/Cat1_20mph_lr_opposite_5/camera_images/1624829754.723529.jpg
Cat1,20mph,lr,opposite,5,1624829754.7568624,/media/batool/MULTIMODAL_DATA/Multimodal_Data/Cat1/opposite/bag_files/Cat1_20mph_lr_opposite_5/camera_images/1624829754.7568624.jpg
Cat1,20mph,lr,opposite,5,1624829754.7901957,/media/batool/MULTIMODAL_DATA/Multimodal_Data/Cat1/opposite/bag_files/Cat1_20mph_lr_opposite_5/camera_images/1624829754.7901957.jpg
Cat1,20mph,lr,opposite,5,1624829754.8568623,/media/batool/MULTIMODAL_DATA/Multimodal_Data/Cat1/opposite/bag_files/Cat1_20mph_lr_opposite_5/camera_images/1624829754.8568623.jpg
Cat1,20mph,lr,opposite,5,1624829754.8901956,/media/batool/MULTIMODAL_DATA/Multimodal_Data/Cat1/opposite/bag_files/Cat1_20mph_lr_opposite_5/camera_images/1624829754.8901956.jpg
Cat1,20mph,lr,opposite,5,1624829754.923529,/media/batool/MULTIMODAL_DATA/Multimodal_Data/Cat1/opposite/bag_files/Cat1_20mph_lr_opposite_5/camera_images/1624829754.923529.jpg
Cat1,20mph,lr,opposite,5,1624829754.9568622,/media/batool/MULTIMODAL_DATA/Multimodal_Data/Cat1/opposite/bag_files/Cat1_20mph_lr_opposite_5/camera_images/1624829754.9568622.jpg
Cat1,20mph,lr,opposite,5,1624829754.9901955,/media/batool/MULTIMODAL_DATA/Multimodal_Data/Cat1/opposite/bag_files/Cat1_20mph_lr_opposite_5/camera_images/1624829754.9901955.jpg
Cat1,20mph,lr,opposite,5,1624829755.0235288,/media/batool/MULTIMODAL_DATA/Multimodal_Data/Cat1/opposite/bag_files/Cat1_20mph_lr_opposite_5/camera_images/1624829755.0235288.jpg
Cat1,20mph,lr,opposite,5,1624829755.056862,/media/batool/MULTIMODAL_DATA/Multimodal_Data/Cat1/opposite/bag_files/Cat1_20mph_lr_opposite_5/camera_images/1624829755.056862.jpg
Cat1,20mph,lr,opposite,5,1624829755.0901954,/media/batool/MULTIMODAL_DATA/Multimodal_Data/Cat1/opposite/bag_files/Cat1_20mph_lr_opposite_5/camera_images/1624829755.0901954.jpg
Cat1,20mph,lr,opposite,5,1624829755.1235287,/media/batool/MULTIMODAL_DATA/Multimodal_Data/Cat1/opposite/bag_files/Cat1_20mph_lr_opposite_5/camera_images/1624829755.1235287.jpg
Cat1,20mph,lr,opposite,5,1624829755.156862,/media/batool/MULTIMODAL_DATA/Multimodal_Data/Cat1/opposite/bag_files/Cat1_20mph_lr_opposite_5/camera_images/1624829755.156862.jpg
Cat1,20mph,lr,opposite,5,1624829755.1901953,/media/batool/MULTIMODAL_DATA/Multimodal_Data/Cat1/opposite/bag_files/Cat1_20mph_lr_opposite_5/camera_images/1624829755.1901953.jpg
Cat1,20mph,lr,opposite,5,1624829755.2235286,/media/batool/MULTIMODAL_DATA/Multimodal_Data/Cat1/opposite/bag_files/Cat1_20mph_lr_opposite_5/camera_images/1624829755.2235286.jpg
Cat1,20mph,lr,opposite,5,1624829755.256862,/media/batool/MULTIMODAL_DATA/Multimodal_Data/Cat1/opposite/bag_files/Cat1_20mph_lr_opposite_5/camera_images/1624829755.256862.jpg
Cat1,20mph,lr,opposite,5,1624829755.2901952,/media/batool/MULTIMODAL_DATA/Multimodal_Data/Cat1/opposite/bag_files/Cat1_20mph_lr_opposite_5/camera_images/1624829755.2901952.jpg
Cat1,20mph,lr,opposite,5,1624829755.3235285,/media/batool/MULTIMODAL_DATA/Multimodal_Data/Cat1/opposite/bag_files/Cat1_20mph_lr_opposite_5/camera_images/1624829755.3235285.jpg
Cat1,20mph,lr,opposite,5,1624829755.3901951,/media/batool/MULTIMODAL_DATA/Multimodal_Data/Cat1/opposite/bag_files/Cat1_20mph_lr_opposite_5/camera_images/1624829755.3901951.jpg
Cat1,20mph,lr,opposite,5,1624829755.4235284,/media/batool/MULTIMODAL_DATA/Multimodal_Data/Cat1/opposite/bag_files/Cat1_20mph_lr_opposite_5/camera_images/1624829755.4235284.jpg
Cat1,20mph,lr,opposite,5,1624829755.4568617,/media/batool/MULTIMODAL_DATA/Multimodal_Data/Cat1/opposite/bag_files/Cat1_20mph_lr_opposite_5/camera_images/1624829755.4568617.jpg
Cat1,20mph,lr,opposite,5,1624829755.490195,/media/batool/MULTIMODAL_DATA/Multimodal_Data/Cat1/opposite/bag_files/Cat1_20mph_lr_opposite_5/camera_images/1624829755.490195.jpg
Cat1,20mph,lr,opposite,5,1624829755.5235283,/media/batool/MULTIMODAL_DATA/Multimodal_Data/Cat1/opposite/bag_files/Cat1_20mph_lr_opposite_5/camera_images/1624829755.5235283.jpg
Cat1,20mph,lr,opposite,5,1624829755.5568616,/media/batool/MULTIMODAL_DATA/Multimodal_Data/Cat1/opposite/bag_files/Cat1_20mph_lr_opposite_5/camera_images/1624829755.5568616.jpg
Cat1,20mph,lr,opposite,5,1624829755.590195,/media/batool/MULTIMODAL_DATA/Multimodal_Data/Cat1/opposite/bag_files/Cat1_20mph_lr_opposite_5/camera_images/1624829755.590195.jpg
Cat1,20mph,lr,opposite,5,1624829755.6235282,/media/batool/MULTIMODAL_DATA/Multimodal_Data/Cat1/opposite/bag_files/Cat1_20mph_lr_opposite_5/camera_images/1624829755.6235282.jpg
Cat1,20mph,lr,opposite,5,1624829755.6568615,/media/batool/MULTIMODAL_DATA/Multimodal_Data/Cat1/opposite/bag_files/Cat1_20mph_lr_opposite_5/camera_images/1624829755.6568615.jpg
Cat1,20mph,lr,opposite,5,1624829755.6901948,/media/batool/MULTIMODAL_DATA/Multimodal_Data/Cat1/opposite/bag_files/Cat1_20mph_lr_opposite_5/camera_images/1624829755.6901948.jpg
Cat1,20mph,lr,opposite,5,1624829755.7235281,/media/batool/MULTIMODAL_DATA/Multimodal_Data/Cat1/opposite/bag_files/Cat1_20mph_lr_opposite_5/camera_images/1624829755.7235281.jpg
Cat1,20mph,lr,opposite,5,1624829755.7568614,/media/batool/MULTIMODAL_DATA/Multimodal_Data/Cat1/opposite/bag_files/Cat1_20mph_lr_opposite_5/camera_images/1624829755.7568614.jpg
Cat1,20mph,lr,opposite,5,1624829755.7901947,/media/batool/MULTIMODAL_DATA/Multimodal_Data/Cat1/opposite/bag_files/Cat1_20mph_lr_opposite_5/camera_images/1624829755.7901947.jpg
Cat1,20mph,lr,opposite,5,1624829755.823528,/media/batool/MULTIMODAL_DATA/Multimodal_Data/Cat1/opposite/bag_files/Cat1_20mph_lr_opposite_5/camera_images/1624829755.823528.jpg
Cat1,20mph,lr,opposite,5,1624829755.8568614,/media/batool/MULTIMODAL_DATA/Multimodal_Data/Cat1/opposite/bag_files/Cat1_20mph_lr_opposite_5/camera_images/1624829755.8568614.jpg
Cat1,20mph,lr,opposite,5,1624829755.923528,/media/batool/MULTIMODAL_DATA/Multimodal_Data/Cat1/opposite/bag_files/Cat1_20mph_lr_opposite_5/camera_images/1624829755.923528.jpg
Cat1,20mph,lr,opposite,5,1624829755.9568613,/media/batool/MULTIMODAL_DATA/Multimodal_Data/Cat1/opposite/bag_files/Cat1_20mph_lr_opposite_5/camera_images/1624829755.9568613.jpg
Cat1,20mph,lr,opposite,5,1624829755.9901946,/media/batool/MULTIMODAL_DATA/Multimodal_Data/Cat1/opposite/bag_files/Cat1_20mph_lr_opposite_5/camera_images/1624829755.9901946.jpg
Cat1,20mph,lr,opposite,5,1624829756.0235279,/media/batool/MULTIMODAL_DATA/Multimodal_Data/Cat1/opposite/bag_files/Cat1_20mph_lr_opposite_5/camera_images/1624829756.0235279.jpg
Cat1,20mph,lr,opposite,5,1624829756.0568612,/media/batool/MULTIMODAL_DATA/Multimodal_Data/Cat1/opposite/bag_files/Cat1_20mph_lr_opposite_5/camera_images/1624829756.0568612.jpg
Cat1,20mph,lr,opposite,5,1624829756.0901945,/media/batool/MULTIMODAL_DATA/Multimodal_Data/Cat1/opposite/bag_files/Cat1_20mph_lr_opposite_5/camera_images/1624829756.0901945.jpg
Cat1,20mph,lr,opposite,5,1624829756.1235278,/media/batool/MULTIMODAL_DATA/Multimodal_Data/Cat1/opposite/bag_files/Cat1_20mph_lr_opposite_5/camera_images/1624829756.1235278.jpg
Cat1,20mph,lr,opposite,5,1624829756.156861,/media/batool/MULTIMODAL_DATA/Multimodal_Data/Cat1/opposite/bag_files/Cat1_20mph_lr_opposite_5/camera_images/1624829756.156861.jpg
Cat1,20mph,lr,opposite,5,1624829756.1901944,/media/batool/MULTIMODAL_DATA/Multimodal_Data/Cat1/opposite/bag_files/Cat1_20mph_lr_opposite_5/camera_images/1624829756.1901944.jpg
Cat1,20mph,lr,opposite,5,1624829756.2235277,/media/batool/MULTIMODAL_DATA/Multimodal_Data/Cat1/opposite/bag_files/Cat1_20mph_lr_opposite_5/camera_images/1624829756.2235277.jpg
Cat1,20mph,lr,opposite,5,1624829756.256861,/media/batool/MULTIMODAL_DATA/Multimodal_Data/Cat1/opposite/bag_files/Cat1_20mph_lr_opposite_5/camera_images/1624829756.256861.jpg
Cat1,20mph,lr,opposite,5,1624829756.2901943,/media/batool/MULTIMODAL_DATA/Multimodal_Data/Cat1/opposite/bag_files/Cat1_20mph_lr_opposite_5/camera_images/1624829756.2901943.jpg
Cat1,20mph,lr,opposite,5,1624829756.3235276,/media/batool/MULTIMODAL_DATA/Multimodal_Data/Cat1/opposite/bag_files/Cat1_20mph_lr_opposite_5/camera_images/1624829756.3235276.jpg
Cat1,20mph,lr,opposite,5,1624829756.3568609,/media/batool/MULTIMODAL_DATA/Multimodal_Data/Cat1/opposite/bag_files/Cat1_20mph_lr_opposite_5/camera_images/1624829756.3568609.jpg
Cat1,20mph,lr,opposite,5,1624829756.3901942,/media/batool/MULTIMODAL_DATA/Multimodal_Data/Cat1/opposite/bag_files/Cat1_20mph_lr_opposite_5/camera_images/1624829756.3901942.jpg
Cat1,20mph,lr,opposite,5,1624829756.4568608,/media/batool/MULTIMODAL_DATA/Multimodal_Data/Cat1/opposite/bag_files/Cat1_20mph_lr_opposite_5/camera_images/1624829756.4568608.jpg
Cat1,20mph,lr,opposite,5,1624829756.490194,/media/batool/MULTIMODAL_DATA/Multimodal_Data/Cat1/opposite/bag_files/Cat1_20mph_lr_opposite_5/camera_images/1624829756.490194.jpg
Cat1,20mph,lr,opposite,5,1624829756.5235274,/media/batool/MULTIMODAL_DATA/Multimodal_Data/Cat1/opposite/bag_files/Cat1_20mph_lr_opposite_5/camera_images/1624829756.5235274.jpg
Cat1,20mph,lr,opposite,5,1624829756.5568607,/media/batool/MULTIMODAL_DATA/Multimodal_Data/Cat1/opposite/bag_files/Cat1_20mph_lr_opposite_5/camera_images/1624829756.5568607.jpg
Cat1,20mph,lr,opposite,5,1624829756.590194,/media/batool/MULTIMODAL_DATA/Multimodal_Data/Cat1/opposite/bag_files/Cat1_20mph_lr_opposite_5/camera_images/1624829756.590194.jpg
Cat1,20mph,lr,opposite,5,1624829756.6235273,/media/batool/MULTIMODAL_DATA/Multimodal_Data/Cat1/opposite/bag_files/Cat1_20mph_lr_opposite_5/camera_images/1624829756.6235273.jpg
Cat1,20mph,lr,opposite,5,1624829756.6568606,/media/batool/MULTIMODAL_DATA/Multimodal_Data/Cat1/opposite/bag_files/Cat1_20mph_lr_opposite_5/camera_images/1624829756.6568606.jpg
Cat1,20mph,lr,opposite,5,1624829756.690194,/media/batool/MULTIMODAL_DATA/Multimodal_Data/Cat1/opposite/bag_files/Cat1_20mph_lr_opposite_5/camera_images/1624829756.690194.jpg
Cat1,20mph,lr,opposite,5,1624829756.7235272,/media/batool/MULTIMODAL_DATA/Multimodal_Data/Cat1/opposite/bag_files/Cat1_20mph_lr_opposite_5/camera_images/1624829756.7235272.jpg
Cat1,20mph,lr,opposite,5,1624829756.7568605,/media/batool/MULTIMODAL_DATA/Multimodal_Data/Cat1/opposite/bag_files/Cat1_20mph_lr_opposite_5/camera_images/1624829756.7568605.jpg
Cat1,20mph,lr,opposite,5,1624829756.7901938,/media/batool/MULTIMODAL_DATA/Multimodal_Data/Cat1/opposite/bag_files/Cat1_20mph_lr_opposite_5/camera_images/1624829756.7901938.jpg
Cat1,20mph,lr,opposite,5,1624829756.823527,/media/batool/MULTIMODAL_DATA/Multimodal_Data/Cat1/opposite/bag_files/Cat1_20mph_lr_opposite_5/camera_images/1624829756.823527.jpg
Cat1,20mph,lr,opposite,5,1624829756.8568604,/media/batool/MULTIMODAL_DATA/Multimodal_Data/Cat1/opposite/bag_files/Cat1_20mph_lr_opposite_5/camera_images/1624829756.8568604.jpg
Cat1,20mph,lr,opposite,5,1624829756.8901937,/media/batool/MULTIMODAL_DATA/Multimodal_Data/Cat1/opposite/bag_files/Cat1_20mph_lr_opposite_5/camera_images/1624829756.8901937.jpg
Cat1,20mph,lr,opposite,5,1624829756.923527,/media/batool/MULTIMODAL_DATA/Multimodal_Data/Cat1/opposite/bag_files/Cat1_20mph_lr_opposite_5/camera_images/1624829756.923527.jpg
Cat1,20mph,lr,opposite,5,1624829756.9901936,/media/batool/MULTIMODAL_DATA/Multimodal_Data/Cat1/opposite/bag_files/Cat1_20mph_lr_opposite_5/camera_images/1624829756.9901936.jpg
Cat1,20mph,lr,opposite,5,1624829757.023527,/media/batool/MULTIMODAL_DATA/Multimodal_Data/Cat1/opposite/bag_files/Cat1_20mph_lr_opposite_5/camera_images/1624829757.023527.jpg
Cat1,20mph,lr,opposite,5,1624829757.0568602,/media/batool/MULTIMODAL_DATA/Multimodal_Data/Cat1/opposite/bag_files/Cat1_20mph_lr_opposite_5/camera_images/1624829757.0568602.jpg
Cat1,20mph,lr,opposite,5,1624829757.0901935,/media/batool/MULTIMODAL_DATA/Multimodal_Data/Cat1/opposite/bag_files/Cat1_20mph_lr_opposite_5/camera_images/1624829757.0901935.jpg
Cat1,20mph,lr,opposite,5,1624829757.1235268,/media/batool/MULTIMODAL_DATA/Multimodal_Data/Cat1/opposite/bag_files/Cat1_20mph_lr_opposite_5/camera_images/1624829757.1235268.jpg
Cat1,20mph,lr,opposite,5,1624829757.15686,/media/batool/MULTIMODAL_DATA/Multimodal_Data/Cat1/opposite/bag_files/Cat1_20mph_lr_opposite_5/camera_images/1624829757.15686.jpg
Cat1,20mph,lr,opposite,5,1624829757.1901934,/media/batool/MULTIMODAL_DATA/Multimodal_Data/Cat1/opposite/bag_files/Cat1_20mph_lr_opposite_5/camera_images/1624829757.1901934.jpg
Cat1,20mph,lr,opposite,5,1624829757.2235267,/media/batool/MULTIMODAL_DATA/Multimodal_Data/Cat1/opposite/bag_files/Cat1_20mph_lr_opposite_5/camera_images/1624829757.2235267.jpg
Cat1,20mph,lr,opposite,5,1624829757.25686,/media/batool/MULTIMODAL_DATA/Multimodal_Data/Cat1/opposite/bag_files/Cat1_20mph_lr_opposite_5/camera_images/1624829757.25686.jpg
Cat1,20mph,lr,opposite,5,1624829757.2901933,/media/batool/MULTIMODAL_DATA/Multimodal_Data/Cat1/opposite/bag_files/Cat1_20mph_lr_opposite_5/camera_images/1624829757.2901933.jpg
Cat1,20mph,lr,opposite,5,1624829757.3235266,/media/batool/MULTIMODAL_DATA/Multimodal_Data/Cat1/opposite/bag_files/Cat1_20mph_lr_opposite_5/camera_images/1624829757.3235266.jpg
Cat1,20mph,lr,opposite,5,1624829757.35686,/media/batool/MULTIMODAL_DATA/Multimodal_Data/Cat1/opposite/bag_files/Cat1_20mph_lr_opposite_5/camera_images/1624829757.35686.jpg
Cat1,20mph,lr,opposite,5,1624829757.3901932,/media/batool/MULTIMODAL_DATA/Multimodal_Data/Cat1/opposite/bag_files/Cat1_20mph_lr_opposite_5/camera_images/1624829757.3901932.jpg
Cat1,20mph,lr,opposite,5,1624829757.4235265,/media/batool/MULTIMODAL_DATA/Multimodal_Data/Cat1/opposite/bag_files/Cat1_20mph_lr_opposite_5/camera_images/1624829757.4235265.jpg
Cat1,20mph,lr,opposite,5,1624829757.4568598,/media/batool/MULTIMODAL_DATA/Multimodal_Data/Cat1/opposite/bag_files/Cat1_20mph_lr_opposite_5/camera_images/1624829757.4568598.jpg
Cat1,20mph,lr,opposite,5,1624829757.5235264,/media/batool/MULTIMODAL_DATA/Multimodal_Data/Cat1/opposite/bag_files/Cat1_20mph_lr_opposite_5/camera_images/1624829757.5235264.jpg
Cat1,20mph,lr,opposite,5,1624829757.5568597,/media/batool/MULTIMODAL_DATA/Multimodal_Data/Cat1/opposite/bag_files/Cat1_20mph_lr_opposite_5/camera_images/1624829757.5568597.jpg
Cat1,20mph,lr,opposite,5,1624829757.590193,/media/batool/MULTIMODAL_DATA/Multimodal_Data/Cat1/opposite/bag_files/Cat1_20mph_lr_opposite_5/camera_images/1624829757.590193.jpg
Cat1,20mph,lr,opposite,5,1624829757.6235263,/media/batool/MULTIMODAL_DATA/Multimodal_Data/Cat1/opposite/bag_files/Cat1_20mph_lr_opposite_5/camera_images/1624829757.6235263.jpg
Cat1,20mph,lr,opposite,5,1624829757.6568596,/media/batool/MULTIMODAL_DATA/Multimodal_Data/Cat1/opposite/bag_files/Cat1_20mph_lr_opposite_5/camera_images/1624829757.6568596.jpg
Cat1,20mph,lr,opposite,5,1624829757.690193,/media/batool/MULTIMODAL_DATA/Multimodal_Data/Cat1/opposite/bag_files/Cat1_20mph_lr_opposite_5/camera_images/1624829757.690193.jpg
Cat1,20mph,lr,opposite,5,1624829757.7235262,/media/batool/MULTIMODAL_DATA/Multimodal_Data/Cat1/opposite/bag_files/Cat1_20mph_lr_opposite_5/camera_images/1624829757.7235262.jpg
Cat1,20mph,lr,opposite,5,1624829757.7568595,/media/batool/MULTIMODAL_DATA/Multimodal_Data/Cat1/opposite/bag_files/Cat1_20mph_lr_opposite_5/camera_images/1624829757.7568595.jpg
Cat1,20mph,lr,opposite,5,1624829757.7901928,/media/batool/MULTIMODAL_DATA/Multimodal_Data/Cat1/opposite/bag_files/Cat1_20mph_lr_opposite_5/camera_images/1624829757.7901928.jpg
Cat1,20mph,lr,opposite,5,1624829757.8235261,/media/batool/MULTIMODAL_DATA/Multimodal_Data/Cat1/opposite/bag_files/Cat1_20mph_lr_opposite_5/camera_images/1624829757.8235261.jpg
Cat1,20mph,lr,opposite,5,1624829757.8568594,/media/batool/MULTIMODAL_DATA/Multimodal_Data/Cat1/opposite/bag_files/Cat1_20mph_lr_opposite_5/camera_images/1624829757.8568594.jpg
Cat1,20mph,lr,opposite,5,1624829757.8901927,/media/batool/MULTIMODAL_DATA/Multimodal_Data/Cat1/opposite/bag_files/Cat1_20mph_lr_opposite_5/camera_images/1624829757.8901927.jpg
Cat1,20mph,lr,opposite,5,1624829757.923526,/media/batool/MULTIMODAL_DATA/Multimodal_Data/Cat1/opposite/bag_files/Cat1_20mph_lr_opposite_5/camera_images/1624829757.923526.jpg
Cat1,20mph,lr,opposite,5,1624829757.9568594,/media/batool/MULTIMODAL_DATA/Multimodal_Data/Cat1/opposite/bag_files/Cat1_20mph_lr_opposite_5/camera_images/1624829757.9568594.jpg
Cat1,20mph,lr,opposite,5,1624829757.9901927,/media/batool/MULTIMODAL_DATA/Multimodal_Data/Cat1/opposite/bag_files/Cat1_20mph_lr_opposite_5/camera_images/1624829757.9901927.jpg
Cat1,20mph,lr,opposite,5,1624829758.0568593,/media/batool/MULTIMODAL_DATA/Multimodal_Data/Cat1/opposite/bag_files/Cat1_20mph_lr_opposite_5/camera_images/1624829758.0568593.jpg
Cat1,20mph,lr,opposite,5,1624829758.0901926,/media/batool/MULTIMODAL_DATA/Multimodal_Data/Cat1/opposite/bag_files/Cat1_20mph_lr_opposite_5/camera_images/1624829758.0901926.jpg
Cat1,20mph,lr,opposite,5,1624829758.1235259,/media/batool/MULTIMODAL_DATA/Multimodal_Data/Cat1/opposite/bag_files/Cat1_20mph_lr_opposite_5/camera_images/1624829758.1235259.jpg
Cat1,20mph,lr,opposite,5,1624829758.1568592,/media/batool/MULTIMODAL_DATA/Multimodal_Data/Cat1/opposite/bag_files/Cat1_20mph_lr_opposite_5/camera_images/1624829758.1568592.jpg
Cat1,20mph,lr,opposite,5,1624829758.1901925,/media/batool/MULTIMODAL_DATA/Multimodal_Data/Cat1/opposite/bag_files/Cat1_20mph_lr_opposite_5/camera_images/1624829758.1901925.jpg
Cat1,20mph,lr,opposite,5,1624829758.2235258,/media/batool/MULTIMODAL_DATA/Multimodal_Data/Cat1/opposite/bag_files/Cat1_20mph_lr_opposite_5/camera_images/1624829758.2235258.jpg
Cat1,20mph,lr,opposite,5,1624829758.256859,/media/batool/MULTIMODAL_DATA/Multimodal_Data/Cat1/opposite/bag_files/Cat1_20mph_lr_opposite_5/camera_images/1624829758.256859.jpg
Cat1,20mph,lr,opposite,5,1624829758.2901924,/media/batool/MULTIMODAL_DATA/Multimodal_Data/Cat1/opposite/bag_files/Cat1_20mph_lr_opposite_5/camera_images/1624829758.2901924.jpg
Cat1,20mph,lr,opposite,5,1624829758.3235257,/media/batool/MULTIMODAL_DATA/Multimodal_Data/Cat1/opposite/bag_files/Cat1_20mph_lr_opposite_5/camera_images/1624829758.3235257.jpg
Cat1,20mph,lr,opposite,5,1624829758.356859,/media/batool/MULTIMODAL_DATA/Multimodal_Data/Cat1/opposite/bag_files/Cat1_20mph_lr_opposite_5/camera_images/1624829758.356859.jpg
Cat1,20mph,lr,opposite,5,1624829758.3901923,/media/batool/MULTIMODAL_DATA/Multimodal_Data/Cat1/opposite/bag_files/Cat1_20mph_lr_opposite_5/camera_images/1624829758.3901923.jpg
Cat1,20mph,lr,opposite,5,1624829758.4235256,/media/batool/MULTIMODAL_DATA/Multimodal_Data/Cat1/opposite/bag_files/Cat1_20mph_lr_opposite_5/camera_images/1624829758.4235256.jpg
Cat1,20mph,lr,opposite,5,1624829758.4568589,/media/batool/MULTIMODAL_DATA/Multimodal_Data/Cat1/opposite/bag_files/Cat1_20mph_lr_opposite_5/camera_images/1624829758.4568589.jpg
Cat1,20mph,lr,opposite,5,1624829758.4901922,/media/batool/MULTIMODAL_DATA/Multimodal_Data/Cat1/opposite/bag_files/Cat1_20mph_lr_opposite_5/camera_images/1624829758.4901922.jpg
Cat1,20mph,lr,opposite,5,1624829758.5235255,/media/batool/MULTIMODAL_DATA/Multimodal_Data/Cat1/opposite/bag_files/Cat1_20mph_lr_opposite_5/camera_images/1624829758.5235255.jpg
Cat1,20mph,lr,opposite,5,1624829758.590192,/media/batool/MULTIMODAL_DATA/Multimodal_Data/Cat1/opposite/bag_files/Cat1_20mph_lr_opposite_5/camera_images/1624829758.590192.jpg
Cat1,20mph,lr,opposite,5,1624829758.6235254,/media/batool/MULTIMODAL_DATA/Multimodal_Data/Cat1/opposite/bag_files/Cat1_20mph_lr_opposite_5/camera_images/1624829758.6235254.jpg
Cat1,20mph,lr,opposite,5,1624829758.6568587,/media/batool/MULTIMODAL_DATA/Multimodal_Data/Cat1/opposite/bag_files/Cat1_20mph_lr_opposite_5/camera_images/1624829758.6568587.jpg
Cat1,20mph,lr,opposite,5,1624829758.690192,/media/batool/MULTIMODAL_DATA/Multimodal_Data/Cat1/opposite/bag_files/Cat1_20mph_lr_opposite_5/camera_images/1624829758.690192.jpg
Cat1,20mph,lr,opposite,5,1624829758.7235253,/media/batool/MULTIMODAL_DATA/Multimodal_Data/Cat1/opposite/bag_files/Cat1_20mph_lr_opposite_5/camera_images/1624829758.7235253.jpg
Cat1,20mph,lr,opposite,5,1624829758.7568586,/media/batool/MULTIMODAL_DATA/Multimodal_Data/Cat1/opposite/bag_files/Cat1_20mph_lr_opposite_5/camera_images/1624829758.7568586.jpg
Cat1,20mph,lr,opposite,5,1624829758.790192,/media/batool/MULTIMODAL_DATA/Multimodal_Data/Cat1/opposite/bag_files/Cat1_20mph_lr_opposite_5/camera_images/1624829758.790192.jpg
Cat1,20mph,lr,opposite,5,1624829758.8235252,/media/batool/MULTIMODAL_DATA/Multimodal_Data/Cat1/opposite/bag_files/Cat1_20mph_lr_opposite_5/camera_images/1624829758.8235252.jpg
Cat1,20mph,lr,opposite,5,1624829758.8568585,/media/batool/MULTIMODAL_DATA/Multimodal_Data/Cat1/opposite/bag_files/Cat1_20mph_lr_opposite_5/camera_images/1624829758.8568585.jpg
Cat1,20mph,lr,opposite,5,1624829758.8901918,/media/batool/MULTIMODAL_DATA/Multimodal_Data/Cat1/opposite/bag_files/Cat1_20mph_lr_opposite_5/camera_images/1624829758.8901918.jpg
Cat1,20mph,lr,opposite,5,1624829758.923525,/media/batool/MULTIMODAL_DATA/Multimodal_Data/Cat1/opposite/bag_files/Cat1_20mph_lr_opposite_5/camera_images/1624829758.923525.jpg
Cat1,20mph,lr,opposite,5,1624829758.9568584,/media/batool/MULTIMODAL_DATA/Multimodal_Data/Cat1/opposite/bag_files/Cat1_20mph_lr_opposite_5/camera_images/1624829758.9568584.jpg
Cat1,20mph,lr,opposite,5,1624829758.9901917,/media/batool/MULTIMODAL_DATA/Multimodal_Data/Cat1/opposite/bag_files/Cat1_20mph_lr_opposite_5/camera_images/1624829758.9901917.jpg
Cat1,20mph,lr,opposite,5,1624829759.023525,/media/batool/MULTIMODAL_DATA/Multimodal_Data/Cat1/opposite/bag_files/Cat1_20mph_lr_opposite_5/camera_images/1624829759.023525.jpg
Cat1,20mph,lr,opposite,5,1624829759.0568583,/media/batool/MULTIMODAL_DATA/Multimodal_Data/Cat1/opposite/bag_files/Cat1_20mph_lr_opposite_5/camera_images/1624829759.0568583.jpg
Cat1,20mph,lr,opposite,5,1624829759.123525,/media/batool/MULTIMODAL_DATA/Multimodal_Data/Cat1/opposite/bag_files/Cat1_20mph_lr_opposite_5/camera_images/1624829759.123525.jpg
Cat1,20mph,lr,opposite,5,1624829759.1568582,/media/batool/MULTIMODAL_DATA/Multimodal_Data/Cat1/opposite/bag_files/Cat1_20mph_lr_opposite_5/camera_images/1624829759.1568582.jpg
Cat1,20mph,lr,opposite,5,1624829759.1901915,/media/batool/MULTIMODAL_DATA/Multimodal_Data/Cat1/opposite/bag_files/Cat1_20mph_lr_opposite_5/camera_images/1624829759.1901915.jpg
Cat1,20mph,lr,opposite,5,1624829759.2235248,/media/batool/MULTIMODAL_DATA/Multimodal_Data/Cat1/opposite/bag_files/Cat1_20mph_lr_opposite_5/camera_images/1624829759.2235248.jpg
Cat1,20mph,lr,opposite,5,1624829759.256858,/media/batool/MULTIMODAL_DATA/Multimodal_Data/Cat1/opposite/bag_files/Cat1_20mph_lr_opposite_5/camera_images/1624829759.256858.jpg
Cat1,20mph,lr,opposite,5,1624829759.2901914,/media/batool/MULTIMODAL_DATA/Multimodal_Data/Cat1/opposite/bag_files/Cat1_20mph_lr_opposite_5/camera_images/1624829759.2901914.jpg
Cat1,20mph,lr,opposite,5,1624829759.3235247,/media/batool/MULTIMODAL_DATA/Multimodal_Data/Cat1/opposite/bag_files/Cat1_20mph_lr_opposite_5/camera_images/1624829759.3235247.jpg
Cat1,20mph,lr,opposite,5,1624829759.356858,/media/batool/MULTIMODAL_DATA/Multimodal_Data/Cat1/opposite/bag_files/Cat1_20mph_lr_opposite_5/camera_images/1624829759.356858.jpg
Cat1,20mph,lr,opposite,5,1624829759.3901913,/media/batool/MULTIMODAL_DATA/Multimodal_Data/Cat1/opposite/bag_files/Cat1_20mph_lr_opposite_5/camera_images/1624829759.3901913.jpg
Cat1,20mph,lr,opposite,5,1624829759.4235246,/media/batool/MULTIMODAL_DATA/Multimodal_Data/Cat1/opposite/bag_files/Cat1_20mph_lr_opposite_5/camera_images/1624829759.4235246.jpg
Cat1,20mph,lr,opposite,5,1624829759.456858,/media/batool/MULTIMODAL_DATA/Multimodal_Data/Cat1/opposite/bag_files/Cat1_20mph_lr_opposite_5/camera_images/1624829759.456858.jpg
Cat1,20mph,lr,opposite,5,1624829759.4901912,/media/batool/MULTIMODAL_DATA/Multimodal_Data/Cat1/opposite/bag_files/Cat1_20mph_lr_opposite_5/camera_images/1624829759.4901912.jpg
Cat1,20mph,lr,opposite,5,1624829759.5235245,/media/batool/MULTIMODAL_DATA/Multimodal_Data/Cat1/opposite/bag_files/Cat1_20mph_lr_opposite_5/camera_images/1624829759.5235245.jpg
Cat1,20mph,lr,opposite,5,1624829759.5568578,/media/batool/MULTIMODAL_DATA/Multimodal_Data/Cat1/opposite/bag_files/Cat1_20mph_lr_opposite_5/camera_images/1624829759.5568578.jpg
Cat1,20mph,lr,opposite,5,1624829759.5901911,/media/batool/MULTIMODAL_DATA/Multimodal_Data/Cat1/opposite/bag_files/Cat1_20mph_lr_opposite_5/camera_images/1624829759.5901911.jpg
Cat1,20mph,lr,opposite,5,1624829759.6568577,/media/batool/MULTIMODAL_DATA/Multimodal_Data/Cat1/opposite/bag_files/Cat1_20mph_lr_opposite_5/camera_images/1624829759.6568577.jpg
Cat1,20mph,lr,opposite,5,1624829759.690191,/media/batool/MULTIMODAL_DATA/Multimodal_Data/Cat1/opposite/bag_files/Cat1_20mph_lr_opposite_5/camera_images/1624829759.690191.jpg
Cat1,20mph,lr,opposite,5,1624829759.7235243,/media/batool/MULTIMODAL_DATA/Multimodal_Data/Cat1/opposite/bag_files/Cat1_20mph_lr_opposite_5/camera_images/1624829759.7235243.jpg
Cat1,20mph,lr,opposite,5,1624829759.7568576,/media/batool/MULTIMODAL_DATA/Multimodal_Data/Cat1/opposite/bag_files/Cat1_20mph_lr_opposite_5/camera_images/1624829759.7568576.jpg
Cat1,20mph,lr,opposite,5,1624829759.790191,/media/batool/MULTIMODAL_DATA/Multimodal_Data/Cat1/opposite/bag_files/Cat1_20mph_lr_opposite_5/camera_images/1624829759.790191.jpg
Cat1,20mph,lr,opposite,5,1624829759.8235242,/media/batool/MULTIMODAL_DATA/Multimodal_Data/Cat1/opposite/bag_files/Cat1_20mph_lr_opposite_5/camera_images/1624829759.8235242.jpg
Cat1,20mph,lr,opposite,5,1624829759.8568575,/media/batool/MULTIMODAL_DATA/Multimodal_Data/Cat1/opposite/bag_files/Cat1_20mph_lr_opposite_5/camera_images/1624829759.8568575.jpg
Cat1,20mph,lr,opposite,5,1624829759.8901908,/media/batool/MULTIMODAL_DATA/Multimodal_Data/Cat1/opposite/bag_files/Cat1_20mph_lr_opposite_5/camera_images/1624829759.8901908.jpg
Cat1,20mph,lr,opposite,5,1624829759.9235241,/media/batool/MULTIMODAL_DATA/Multimodal_Data/Cat1/opposite/bag_files/Cat1_20mph_lr_opposite_5/camera_images/1624829759.9235241.jpg
Cat1,20mph,lr,opposite,5,1624829759.9568574,/media/batool/MULTIMODAL_DATA/Multimodal_Data/Cat1/opposite/bag_files/Cat1_20mph_lr_opposite_5/camera_images/1624829759.9568574.jpg
Cat1,20mph,lr,opposite,5,1624829759.9901907,/media/batool/MULTIMODAL_DATA/Multimodal_Data/Cat1/opposite/bag_files/Cat1_20mph_lr_opposite_5/camera_images/1624829759.9901907.jpg
Cat1,20mph,lr,opposite,5,1624829760.023524,/media/batool/MULTIMODAL_DATA/Multimodal_Data/Cat1/opposite/bag_files/Cat1_20mph_lr_opposite_5/camera_images/1624829760.023524.jpg
Cat1,20mph,lr,opposite,5,1624829760.0568573,/media/batool/MULTIMODAL_DATA/Multimodal_Data/Cat1/opposite/bag_files/Cat1_20mph_lr_opposite_5/camera_images/1624829760.0568573.jpg
Cat1,20mph,lr,opposite,5,1624829760.0901906,/media/batool/MULTIMODAL_DATA/Multimodal_Data/Cat1/opposite/bag_files/Cat1_20mph_lr_opposite_5/camera_images/1624829760.0901906.jpg
Cat1,20mph,lr,opposite,5,1624829760.123524,/media/batool/MULTIMODAL_DATA/Multimodal_Data/Cat1/opposite/bag_files/Cat1_20mph_lr_opposite_5/camera_images/1624829760.123524.jpg
Cat1,20mph,lr,opposite,5,1624829760.1901906,/media/batool/MULTIMODAL_DATA/Multimodal_Data/Cat1/opposite/bag_files/Cat1_20mph_lr_opposite_5/camera_images/1624829760.1901906.jpg
Cat1,20mph,lr,opposite,5,1624829760.2235239,/media/batool/MULTIMODAL_DATA/Multimodal_Data/Cat1/opposite/bag_files/Cat1_20mph_lr_opposite_5/camera_images/1624829760.2235239.jpg
Cat1,20mph,lr,opposite,5,1624829760.2568572,/media/batool/MULTIMODAL_DATA/Multimodal_Data/Cat1/opposite/bag_files/Cat1_20mph_lr_opposite_5/camera_images/1624829760.2568572.jpg
Cat1,20mph,lr,opposite,5,1624829760.2901905,/media/batool/MULTIMODAL_DATA/Multimodal_Data/Cat1/opposite/bag_files/Cat1_20mph_lr_opposite_5/camera_images/1624829760.2901905.jpg
Cat1,20mph,lr,opposite,5,1624829760.3235238,/media/batool/MULTIMODAL_DATA/Multimodal_Data/Cat1/opposite/bag_files/Cat1_20mph_lr_opposite_5/camera_images/1624829760.3235238.jpg
Cat1,20mph,lr,opposite,5,1624829760.356857,/media/batool/MULTIMODAL_DATA/Multimodal_Data/Cat1/opposite/bag_files/Cat1_20mph_lr_opposite_5/camera_images/1624829760.356857.jpg
Cat1,20mph,lr,opposite,5,1624829760.3901904,/media/batool/MULTIMODAL_DATA/Multimodal_Data/Cat1/opposite/bag_files/Cat1_20mph_lr_opposite_5/camera_images/1624829760.3901904.jpg
Cat1,20mph,lr,opposite,5,1624829760.4235237,/media/batool/MULTIMODAL_DATA/Multimodal_Data/Cat1/opposite/bag_files/Cat1_20mph_lr_opposite_5/camera_images/1624829760.4235237.jpg
Cat1,20mph,lr,opposite,5,1624829760.456857,/media/batool/MULTIMODAL_DATA/Multimodal_Data/Cat1/opposite/bag_files/Cat1_20mph_lr_opposite_5/camera_images/1624829760.456857.jpg
Cat1,20mph,lr,opposite,5,1624829760.4901903,/media/batool/MULTIMODAL_DATA/Multimodal_Data/Cat1/opposite/bag_files/Cat1_20mph_lr_opposite_5/camera_images/1624829760.4901903.jpg
Cat1,20mph,lr,opposite,5,1624829760.5235236,/media/batool/MULTIMODAL_DATA/Multimodal_Data/Cat1/opposite/bag_files/Cat1_20mph_lr_opposite_5/camera_images/1624829760.5235236.jpg
Cat1,20mph,lr,opposite,5,1624829760.5568569,/media/batool/MULTIMODAL_DATA/Multimodal_Data/Cat1/opposite/bag_files/Cat1_20mph_lr_opposite_5/camera_images/1624829760.5568569.jpg
Cat1,20mph,lr,opposite,5,1624829760.5901902,/media/batool/MULTIMODAL_DATA/Multimodal_Data/Cat1/opposite/bag_files/Cat1_20mph_lr_opposite_5/camera_images/1624829760.5901902.jpg
Cat1,20mph,lr,opposite,5,1624829760.6235235,/media/batool/MULTIMODAL_DATA/Multimodal_Data/Cat1/opposite/bag_files/Cat1_20mph_lr_opposite_5/camera_images/1624829760.6235235.jpg
Cat1,20mph,lr,opposite,5,1624829760.6568568,/media/batool/MULTIMODAL_DATA/Multimodal_Data/Cat1/opposite/bag_files/Cat1_20mph_lr_opposite_5/camera_images/1624829760.6568568.jpg
Cat1,20mph,lr,opposite,5,1624829760.7235234,/media/batool/MULTIMODAL_DATA/Multimodal_Data/Cat1/opposite/bag_files/Cat1_20mph_lr_opposite_5/camera_images/1624829760.7235234.jpg
Cat1,20mph,lr,opposite,5,1624829760.7568567,/media/batool/MULTIMODAL_DATA/Multimodal_Data/Cat1/opposite/bag_files/Cat1_20mph_lr_opposite_5/camera_images/1624829760.7568567.jpg
Cat1,20mph,lr,opposite,5,1624829760.79019,/media/batool/MULTIMODAL_DATA/Multimodal_Data/Cat1/opposite/bag_files/Cat1_20mph_lr_opposite_5/camera_images/1624829760.79019.jpg
Cat1,20mph,lr,opposite,5,1624829760.8235233,/media/batool/MULTIMODAL_DATA/Multimodal_Data/Cat1/opposite/bag_files/Cat1_20mph_lr_opposite_5/camera_images/1624829760.8235233.jpg
Cat1,20mph,lr,opposite,5,1624829760.8568566,/media/batool/MULTIMODAL_DATA/Multimodal_Data/Cat1/opposite/bag_files/Cat1_20mph_lr_opposite_5/camera_images/1624829760.8568566.jpg
Cat1,20mph,lr,opposite,5,1624829760.89019,/media/batool/MULTIMODAL_DATA/Multimodal_Data/Cat1/opposite/bag_files/Cat1_20mph_lr_opposite_5/camera_images/1624829760.89019.jpg
Cat1,20mph,lr,opposite,5,1624829760.9235232,/media/batool/MULTIMODAL_DATA/Multimodal_Data/Cat1/opposite/bag_files/Cat1_20mph_lr_opposite_5/camera_images/1624829760.9235232.jpg
Cat1,20mph,lr,opposite,5,1624829760.9568565,/media/batool/MULTIMODAL_DATA/Multimodal_Data/Cat1/opposite/bag_files/Cat1_20mph_lr_opposite_5/camera_images/1624829760.9568565.jpg
Cat1,20mph,lr,opposite,5,1624829760.9901898,/media/batool/MULTIMODAL_DATA/Multimodal_Data/Cat1/opposite/bag_files/Cat1_20mph_lr_opposite_5/camera_images/1624829760.9901898.jpg
Cat1,20mph,lr,opposite,5,1624829761.023523,/media/batool/MULTIMODAL_DATA/Multimodal_Data/Cat1/opposite/bag_files/Cat1_20mph_lr_opposite_5/camera_images/1624829761.023523.jpg
Cat1,20mph,lr,opposite,5,1624829761.0568564,/media/batool/MULTIMODAL_DATA/Multimodal_Data/Cat1/opposite/bag_files/Cat1_20mph_lr_opposite_5/camera_images/1624829761.0568564.jpg
Cat1,20mph,lr,opposite,5,1624829761.0901897,/media/batool/MULTIMODAL_DATA/Multimodal_Data/Cat1/opposite/bag_files/Cat1_20mph_lr_opposite_5/camera_images/1624829761.0901897.jpg
Cat1,20mph,lr,opposite,5,1624829761.123523,/media/batool/MULTIMODAL_DATA/Multimodal_Data/Cat1/opposite/bag_files/Cat1_20mph_lr_opposite_5/camera_images/1624829761.123523.jpg
Cat1,20mph,lr,opposite,5,1624829761.1568563,/media/batool/MULTIMODAL_DATA/Multimodal_Data/Cat1/opposite/bag_files/Cat1_20mph_lr_opposite_5/camera_images/1624829761.1568563.jpg
Cat1,20mph,lr,opposite,5,1624829761.1901896,/media/batool/MULTIMODAL_DATA/Multimodal_Data/Cat1/opposite/bag_files/Cat1_20mph_lr_opposite_5/camera_images/1624829761.1901896.jpg
Cat1,20mph,lr,opposite,5,1624829761.2568562,/media/batool/MULTIMODAL_DATA/Multimodal_Data/Cat1/opposite/bag_files/Cat1_20mph_lr_opposite_5/camera_images/1624829761.2568562.jpg
Cat1,20mph,lr,opposite,5,1624829761.2901895,/media/batool/MULTIMODAL_DATA/Multimodal_Data/Cat1/opposite/bag_files/Cat1_20mph_lr_opposite_5/camera_images/1624829761.2901895.jpg
Cat1,20mph,lr,opposite,5,1624829761.3235228,/media/batool/MULTIMODAL_DATA/Multimodal_Data/Cat1/opposite/bag_files/Cat1_20mph_lr_opposite_5/camera_images/1624829761.3235228.jpg
Cat1,20mph,lr,opposite,5,1624829761.356856,/media/batool/MULTIMODAL_DATA/Multimodal_Data/Cat1/opposite/bag_files/Cat1_20mph_lr_opposite_5/camera_images/1624829761.356856.jpg
Cat1,20mph,lr,opposite,5,1624829761.3901894,/media/batool/MULTIMODAL_DATA/Multimodal_Data/Cat1/opposite/bag_files/Cat1_20mph_lr_opposite_5/camera_images/1624829761.3901894.jpg
Cat1,20mph,lr,opposite,5,1624829761.4235227,/media/batool/MULTIMODAL_DATA/Multimodal_Data/Cat1/opposite/bag_files/Cat1_20mph_lr_opposite_5/camera_images/1624829761.4235227.jpg
Cat1,20mph,lr,opposite,5,1624829761.456856,/media/batool/MULTIMODAL_DATA/Multimodal_Data/Cat1/opposite/bag_files/Cat1_20mph_lr_opposite_5/camera_images/1624829761.456856.jpg
Cat1,20mph,lr,opposite,5,1624829761.4901893,/media/batool/MULTIMODAL_DATA/Multimodal_Data/Cat1/opposite/bag_files/Cat1_20mph_lr_opposite_5/camera_images/1624829761.4901893.jpg
Cat1,20mph,lr,opposite,5,1624829761.5235226,/media/batool/MULTIMODAL_DATA/Multimodal_Data/Cat1/opposite/bag_files/Cat1_20mph_lr_opposite_5/camera_images/1624829761.5235226.jpg
Cat1,20mph,lr,opposite,5,1624829761.556856,/media/batool/MULTIMODAL_DATA/Multimodal_Data/Cat1/opposite/bag_files/Cat1_20mph_lr_opposite_5/camera_images/1624829761.556856.jpg
Cat1,20mph,lr,opposite,5,1624829761.5901892,/media/batool/MULTIMODAL_DATA/Multimodal_Data/Cat1/opposite/bag_files/Cat1_20mph_lr_opposite_5/camera_images/1624829761.5901892.jpg
Cat1,20mph,lr,opposite,5,1624829761.6235225,/media/batool/MULTIMODAL_DATA/Multimodal_Data/Cat1/opposite/bag_files/Cat1_20mph_lr_opposite_5/camera_images/1624829761.6235225.jpg
Cat1,20mph,lr,opposite,5,1624829761.6568558,/media/batool/MULTIMODAL_DATA/Multimodal_Data/Cat1/opposite/bag_files/Cat1_20mph_lr_opposite_5/camera_images/1624829761.6568558.jpg
Cat1,20mph,lr,opposite,5,1624829761.6901891,/media/batool/MULTIMODAL_DATA/Multimodal_Data/Cat1/opposite/bag_files/Cat1_20mph_lr_opposite_5/camera_images/1624829761.6901891.jpg
Cat1,20mph,lr,opposite,5,1624829761.7235224,/media/batool/MULTIMODAL_DATA/Multimodal_Data/Cat1/opposite/bag_files/Cat1_20mph_lr_opposite_5/camera_images/1624829761.7235224.jpg
Cat1,20mph,lr,opposite,5,1624829761.790189,/media/batool/MULTIMODAL_DATA/Multimodal_Data/Cat1/opposite/bag_files/Cat1_20mph_lr_opposite_5/camera_images/1624829761.790189.jpg
Cat1,20mph,lr,opposite,5,1624829761.8235223,/media/batool/MULTIMODAL_DATA/Multimodal_Data/Cat1/opposite/bag_files/Cat1_20mph_lr_opposite_5/camera_images/1624829761.8235223.jpg
Cat1,20mph,lr,opposite,5,1624829761.8568556,/media/batool/MULTIMODAL_DATA/Multimodal_Data/Cat1/opposite/bag_files/Cat1_20mph_lr_opposite_5/camera_images/1624829761.8568556.jpg
Cat1,20mph,lr,opposite,5,1624829761.890189,/media/batool/MULTIMODAL_DATA/Multimodal_Data/Cat1/opposite/bag_files/Cat1_20mph_lr_opposite_5/camera_images/1624829761.890189.jpg
Cat1,20mph,lr,opposite,5,1624829761.9235222,/media/batool/MULTIMODAL_DATA/Multimodal_Data/Cat1/opposite/bag_files/Cat1_20mph_lr_opposite_5/camera_images/1624829761.9235222.jpg
Cat1,20mph,lr,opposite,5,1624829761.9568555,/media/batool/MULTIMODAL_DATA/Multimodal_Data/Cat1/opposite/bag_files/Cat1_20mph_lr_opposite_5/camera_images/1624829761.9568555.jpg
Cat1,20mph,lr,opposite,5,1624829761.9901888,/media/batool/MULTIMODAL_DATA/Multimodal_Data/Cat1/opposite/bag_files/Cat1_20mph_lr_opposite_5/camera_images/1624829761.9901888.jpg
Cat1,20mph,lr,opposite,5,1624829762.0235221,/media/batool/MULTIMODAL_DATA/Multimodal_Data/Cat1/opposite/bag_files/Cat1_20mph_lr_opposite_5/camera_images/1624829762.0235221.jpg
Cat1,20mph,lr,opposite,5,1624829762.0568554,/media/batool/MULTIMODAL_DATA/Multimodal_Data/Cat1/opposite/bag_files/Cat1_20mph_lr_opposite_5/camera_images/1624829762.0568554.jpg
Cat1,20mph,lr,opposite,5,1624829762.0901887,/media/batool/MULTIMODAL_DATA/Multimodal_Data/Cat1/opposite/bag_files/Cat1_20mph_lr_opposite_5/camera_images/1624829762.0901887.jpg
Cat1,20mph,lr,opposite,5,1624829762.123522,/media/batool/MULTIMODAL_DATA/Multimodal_Data/Cat1/opposite/bag_files/Cat1_20mph_lr_opposite_5/camera_images/1624829762.123522.jpg
Cat1,20mph,lr,opposite,5,1624829762.1568553,/media/batool/MULTIMODAL_DATA/Multimodal_Data/Cat1/opposite/bag_files/Cat1_20mph_lr_opposite_5/camera_images/1624829762.1568553.jpg
Cat1,20mph,lr,opposite,5,1624829762.1901886,/media/batool/MULTIMODAL_DATA/Multimodal_Data/Cat1/opposite/bag_files/Cat1_20mph_lr_opposite_5/camera_images/1624829762.1901886.jpg
Cat1,20mph,lr,opposite,5,1624829762.223522,/media/batool/MULTIMODAL_DATA/Multimodal_Data/Cat1/opposite/bag_files/Cat1_20mph_lr_opposite_5/camera_images/1624829762.223522.jpg
Cat1,20mph,lr,opposite,5,1624829762.2568552,/media/batool/MULTIMODAL_DATA/Multimodal_Data/Cat1/opposite/bag_files/Cat1_20mph_lr_opposite_5/camera_images/1624829762.2568552.jpg
Cat1,20mph,lr,opposite,5,1624829762.2901886,/media/batool/MULTIMODAL_DATA/Multimodal_Data/Cat1/opposite/bag_files/Cat1_20mph_lr_opposite_5/camera_images/1624829762.2901886.jpg
Cat1,20mph,lr,opposite,5,1624829762.3235219,/media/batool/MULTIMODAL_DATA/Multimodal_Data/Cat1/opposite/bag_files/Cat1_20mph_lr_opposite_5/camera_images/1624829762.3235219.jpg
Cat1,20mph,lr,opposite,5,1624829762.3568552,/media/batool/MULTIMODAL_DATA/Multimodal_Data/Cat1/opposite/bag_files/Cat1_20mph_lr_opposite_5/camera_images/1624829762.3568552.jpg
Cat1,20mph,lr,opposite,5,1624829762.3901885,/media/batool/MULTIMODAL_DATA/Multimodal_Data/Cat1/opposite/bag_files/Cat1_20mph_lr_opposite_5/camera_images/1624829762.3901885.jpg
Cat1,20mph,lr,opposite,5,1624829762.4235218,/media/batool/MULTIMODAL_DATA/Multimodal_Data/Cat1/opposite/bag_files/Cat1_20mph_lr_opposite_5/camera_images/1624829762.4235218.jpg
Cat1,20mph,lr,opposite,5,1624829762.456855,/media/batool/MULTIMODAL_DATA/Multimodal_Data/Cat1/opposite/bag_files/Cat1_20mph_lr_opposite_5/camera_images/1624829762.456855.jpg
Cat1,20mph,lr,opposite,5,1624829762.4901884,/media/batool/MULTIMODAL_DATA/Multimodal_Data/Cat1/opposite/bag_files/Cat1_20mph_lr_opposite_5/camera_images/1624829762.4901884.jpg
Cat1,20mph,lr,opposite,5,1624829762.5235217,/media/batool/MULTIMODAL_DATA/Multimodal_Data/Cat1/opposite/bag_files/Cat1_20mph_lr_opposite_5/camera_images/1624829762.5235217.jpg
Cat1,20mph,lr,opposite,5,1624829762.556855,/media/batool/MULTIMODAL_DATA/Multimodal_Data/Cat1/opposite/bag_files/Cat1_20mph_lr_opposite_5/camera_images/1624829762.556855.jpg
