Category,speed,direction,lane,episode,Time header,lidar number,path to the file
Cat1,20mph,lr,opposite,5,1624829746.636430000,ns1,/media/batool/MULTIMODAL_DATA/Multimodal_Data/Cat1/opposite/bag_files/Cat1_20mph_lr_opposite_5/lidar_pcd/ns1/velodyne_points/1624829746.636430000.pcd
Cat1,20mph,lr,opposite,5,1624829746.737267000,ns1,/media/batool/MULTIMODAL_DATA/Multimodal_Data/Cat1/opposite/bag_files/Cat1_20mph_lr_opposite_5/lidar_pcd/ns1/velodyne_points/1624829746.737267000.pcd
Cat1,20mph,lr,opposite,5,1624829746.838157000,ns1,/media/batool/MULTIMODAL_DATA/Multimodal_Data/Cat1/opposite/bag_files/Cat1_20mph_lr_opposite_5/lidar_pcd/ns1/velodyne_points/1624829746.838157000.pcd
Cat1,20mph,lr,opposite,5,1624829746.939020000,ns1,/media/batool/MULTIMODAL_DATA/Multimodal_Data/Cat1/opposite/bag_files/Cat1_20mph_lr_opposite_5/lidar_pcd/ns1/velodyne_points/1624829746.939020000.pcd
Cat1,20mph,lr,opposite,5,1624829747.039835000,ns1,/media/batool/MULTIMODAL_DATA/Multimodal_Data/Cat1/opposite/bag_files/Cat1_20mph_lr_opposite_5/lidar_pcd/ns1/velodyne_points/1624829747.039835000.pcd
Cat1,20mph,lr,opposite,5,1624829747.140722000,ns1,/media/batool/MULTIMODAL_DATA/Multimodal_Data/Cat1/opposite/bag_files/Cat1_20mph_lr_opposite_5/lidar_pcd/ns1/velodyne_points/1624829747.140722000.pcd
Cat1,20mph,lr,opposite,5,1624829747.241589000,ns1,/media/batool/MULTIMODAL_DATA/Multimodal_Data/Cat1/opposite/bag_files/Cat1_20mph_lr_opposite_5/lidar_pcd/ns1/velodyne_points/1624829747.241589000.pcd
Cat1,20mph,lr,opposite,5,1624829747.342442000,ns1,/media/batool/MULTIMODAL_DATA/Multimodal_Data/Cat1/opposite/bag_files/Cat1_20mph_lr_opposite_5/lidar_pcd/ns1/velodyne_points/1624829747.342442000.pcd
Cat1,20mph,lr,opposite,5,1624829747.443293000,ns1,/media/batool/MULTIMODAL_DATA/Multimodal_Data/Cat1/opposite/bag_files/Cat1_20mph_lr_opposite_5/lidar_pcd/ns1/velodyne_points/1624829747.443293000.pcd
Cat1,20mph,lr,opposite,5,1624829747.544156000,ns1,/media/batool/MULTIMODAL_DATA/Multimodal_Data/Cat1/opposite/bag_files/Cat1_20mph_lr_opposite_5/lidar_pcd/ns1/velodyne_points/1624829747.544156000.pcd
Cat1,20mph,lr,opposite,5,1624829747.644991000,ns1,/media/batool/MULTIMODAL_DATA/Multimodal_Data/Cat1/opposite/bag_files/Cat1_20mph_lr_opposite_5/lidar_pcd/ns1/velodyne_points/1624829747.644991000.pcd
Cat1,20mph,lr,opposite,5,1624829747.745828000,ns1,/media/batool/MULTIMODAL_DATA/Multimodal_Data/Cat1/opposite/bag_files/Cat1_20mph_lr_opposite_5/lidar_pcd/ns1/velodyne_points/1624829747.745828000.pcd
Cat1,20mph,lr,opposite,5,1624829747.846682000,ns1,/media/batool/MULTIMODAL_DATA/Multimodal_Data/Cat1/opposite/bag_files/Cat1_20mph_lr_opposite_5/lidar_pcd/ns1/velodyne_points/1624829747.846682000.pcd
Cat1,20mph,lr,opposite,5,1624829747.947537000,ns1,/media/batool/MULTIMODAL_DATA/Multimodal_Data/Cat1/opposite/bag_files/Cat1_20mph_lr_opposite_5/lidar_pcd/ns1/velodyne_points/1624829747.947537000.pcd
Cat1,20mph,lr,opposite,5,1624829748.149271000,ns1,/media/batool/MULTIMODAL_DATA/Multimodal_Data/Cat1/opposite/bag_files/Cat1_20mph_lr_opposite_5/lidar_pcd/ns1/velodyne_points/1624829748.149271000.pcd
Cat1,20mph,lr,opposite,5,1624829748.250182000,ns1,/media/batool/MULTIMODAL_DATA/Multimodal_Data/Cat1/opposite/bag_files/Cat1_20mph_lr_opposite_5/lidar_pcd/ns1/velodyne_points/1624829748.250182000.pcd
Cat1,20mph,lr,opposite,5,1624829748.350989000,ns1,/media/batool/MULTIMODAL_DATA/Multimodal_Data/Cat1/opposite/bag_files/Cat1_20mph_lr_opposite_5/lidar_pcd/ns1/velodyne_points/1624829748.350989000.pcd
Cat1,20mph,lr,opposite,5,1624829748.451824000,ns1,/media/batool/MULTIMODAL_DATA/Multimodal_Data/Cat1/opposite/bag_files/Cat1_20mph_lr_opposite_5/lidar_pcd/ns1/velodyne_points/1624829748.451824000.pcd
Cat1,20mph,lr,opposite,5,1624829748.552699000,ns1,/media/batool/MULTIMODAL_DATA/Multimodal_Data/Cat1/opposite/bag_files/Cat1_20mph_lr_opposite_5/lidar_pcd/ns1/velodyne_points/1624829748.552699000.pcd
Cat1,20mph,lr,opposite,5,1624829748.653553000,ns1,/media/batool/MULTIMODAL_DATA/Multimodal_Data/Cat1/opposite/bag_files/Cat1_20mph_lr_opposite_5/lidar_pcd/ns1/velodyne_points/1624829748.653553000.pcd
Cat1,20mph,lr,opposite,5,1624829748.754427000,ns1,/media/batool/MULTIMODAL_DATA/Multimodal_Data/Cat1/opposite/bag_files/Cat1_20mph_lr_opposite_5/lidar_pcd/ns1/velodyne_points/1624829748.754427000.pcd
Cat1,20mph,lr,opposite,5,1624829748.855292000,ns1,/media/batool/MULTIMODAL_DATA/Multimodal_Data/Cat1/opposite/bag_files/Cat1_20mph_lr_opposite_5/lidar_pcd/ns1/velodyne_points/1624829748.855292000.pcd
Cat1,20mph,lr,opposite,5,1624829748.956150000,ns1,/media/batool/MULTIMODAL_DATA/Multimodal_Data/Cat1/opposite/bag_files/Cat1_20mph_lr_opposite_5/lidar_pcd/ns1/velodyne_points/1624829748.956150000.pcd
Cat1,20mph,lr,opposite,5,1624829749.056988000,ns1,/media/batool/MULTIMODAL_DATA/Multimodal_Data/Cat1/opposite/bag_files/Cat1_20mph_lr_opposite_5/lidar_pcd/ns1/velodyne_points/1624829749.056988000.pcd
Cat1,20mph,lr,opposite,5,1624829749.157891000,ns1,/media/batool/MULTIMODAL_DATA/Multimodal_Data/Cat1/opposite/bag_files/Cat1_20mph_lr_opposite_5/lidar_pcd/ns1/velodyne_points/1624829749.157891000.pcd
Cat1,20mph,lr,opposite,5,1624829749.258725000,ns1,/media/batool/MULTIMODAL_DATA/Multimodal_Data/Cat1/opposite/bag_files/Cat1_20mph_lr_opposite_5/lidar_pcd/ns1/velodyne_points/1624829749.258725000.pcd
Cat1,20mph,lr,opposite,5,1624829749.359557000,ns1,/media/batool/MULTIMODAL_DATA/Multimodal_Data/Cat1/opposite/bag_files/Cat1_20mph_lr_opposite_5/lidar_pcd/ns1/velodyne_points/1624829749.359557000.pcd
Cat1,20mph,lr,opposite,5,1624829749.460413000,ns1,/media/batool/MULTIMODAL_DATA/Multimodal_Data/Cat1/opposite/bag_files/Cat1_20mph_lr_opposite_5/lidar_pcd/ns1/velodyne_points/1624829749.460413000.pcd
Cat1,20mph,lr,opposite,5,1624829749.662111000,ns1,/media/batool/MULTIMODAL_DATA/Multimodal_Data/Cat1/opposite/bag_files/Cat1_20mph_lr_opposite_5/lidar_pcd/ns1/velodyne_points/1624829749.662111000.pcd
Cat1,20mph,lr,opposite,5,1624829749.762989000,ns1,/media/batool/MULTIMODAL_DATA/Multimodal_Data/Cat1/opposite/bag_files/Cat1_20mph_lr_opposite_5/lidar_pcd/ns1/velodyne_points/1624829749.762989000.pcd
Cat1,20mph,lr,opposite,5,1624829749.863852000,ns1,/media/batool/MULTIMODAL_DATA/Multimodal_Data/Cat1/opposite/bag_files/Cat1_20mph_lr_opposite_5/lidar_pcd/ns1/velodyne_points/1624829749.863852000.pcd
Cat1,20mph,lr,opposite,5,1624829749.964704000,ns1,/media/batool/MULTIMODAL_DATA/Multimodal_Data/Cat1/opposite/bag_files/Cat1_20mph_lr_opposite_5/lidar_pcd/ns1/velodyne_points/1624829749.964704000.pcd
Cat1,20mph,lr,opposite,5,1624829750.065582000,ns1,/media/batool/MULTIMODAL_DATA/Multimodal_Data/Cat1/opposite/bag_files/Cat1_20mph_lr_opposite_5/lidar_pcd/ns1/velodyne_points/1624829750.065582000.pcd
Cat1,20mph,lr,opposite,5,1624829750.166451000,ns1,/media/batool/MULTIMODAL_DATA/Multimodal_Data/Cat1/opposite/bag_files/Cat1_20mph_lr_opposite_5/lidar_pcd/ns1/velodyne_points/1624829750.166451000.pcd
Cat1,20mph,lr,opposite,5,1624829750.267303000,ns1,/media/batool/MULTIMODAL_DATA/Multimodal_Data/Cat1/opposite/bag_files/Cat1_20mph_lr_opposite_5/lidar_pcd/ns1/velodyne_points/1624829750.267303000.pcd
Cat1,20mph,lr,opposite,5,1624829750.368131000,ns1,/media/batool/MULTIMODAL_DATA/Multimodal_Data/Cat1/opposite/bag_files/Cat1_20mph_lr_opposite_5/lidar_pcd/ns1/velodyne_points/1624829750.368131000.pcd
Cat1,20mph,lr,opposite,5,1624829750.469003000,ns1,/media/batool/MULTIMODAL_DATA/Multimodal_Data/Cat1/opposite/bag_files/Cat1_20mph_lr_opposite_5/lidar_pcd/ns1/velodyne_points/1624829750.469003000.pcd
Cat1,20mph,lr,opposite,5,1624829750.569842000,ns1,/media/batool/MULTIMODAL_DATA/Multimodal_Data/Cat1/opposite/bag_files/Cat1_20mph_lr_opposite_5/lidar_pcd/ns1/velodyne_points/1624829750.569842000.pcd
Cat1,20mph,lr,opposite,5,1624829750.670735000,ns1,/media/batool/MULTIMODAL_DATA/Multimodal_Data/Cat1/opposite/bag_files/Cat1_20mph_lr_opposite_5/lidar_pcd/ns1/velodyne_points/1624829750.670735000.pcd
Cat1,20mph,lr,opposite,5,1624829750.771547000,ns1,/media/batool/MULTIMODAL_DATA/Multimodal_Data/Cat1/opposite/bag_files/Cat1_20mph_lr_opposite_5/lidar_pcd/ns1/velodyne_points/1624829750.771547000.pcd
Cat1,20mph,lr,opposite,5,1624829750.872385000,ns1,/media/batool/MULTIMODAL_DATA/Multimodal_Data/Cat1/opposite/bag_files/Cat1_20mph_lr_opposite_5/lidar_pcd/ns1/velodyne_points/1624829750.872385000.pcd
Cat1,20mph,lr,opposite,5,1624829750.973278000,ns1,/media/batool/MULTIMODAL_DATA/Multimodal_Data/Cat1/opposite/bag_files/Cat1_20mph_lr_opposite_5/lidar_pcd/ns1/velodyne_points/1624829750.973278000.pcd
Cat1,20mph,lr,opposite,5,1624829751.175002000,ns1,/media/batool/MULTIMODAL_DATA/Multimodal_Data/Cat1/opposite/bag_files/Cat1_20mph_lr_opposite_5/lidar_pcd/ns1/velodyne_points/1624829751.175002000.pcd
Cat1,20mph,lr,opposite,5,1624829751.275828000,ns1,/media/batool/MULTIMODAL_DATA/Multimodal_Data/Cat1/opposite/bag_files/Cat1_20mph_lr_opposite_5/lidar_pcd/ns1/velodyne_points/1624829751.275828000.pcd
Cat1,20mph,lr,opposite,5,1624829751.376714000,ns1,/media/batool/MULTIMODAL_DATA/Multimodal_Data/Cat1/opposite/bag_files/Cat1_20mph_lr_opposite_5/lidar_pcd/ns1/velodyne_points/1624829751.376714000.pcd
Cat1,20mph,lr,opposite,5,1624829751.477570000,ns1,/media/batool/MULTIMODAL_DATA/Multimodal_Data/Cat1/opposite/bag_files/Cat1_20mph_lr_opposite_5/lidar_pcd/ns1/velodyne_points/1624829751.477570000.pcd
Cat1,20mph,lr,opposite,5,1624829751.578424000,ns1,/media/batool/MULTIMODAL_DATA/Multimodal_Data/Cat1/opposite/bag_files/Cat1_20mph_lr_opposite_5/lidar_pcd/ns1/velodyne_points/1624829751.578424000.pcd
Cat1,20mph,lr,opposite,5,1624829751.679250000,ns1,/media/batool/MULTIMODAL_DATA/Multimodal_Data/Cat1/opposite/bag_files/Cat1_20mph_lr_opposite_5/lidar_pcd/ns1/velodyne_points/1624829751.679250000.pcd
Cat1,20mph,lr,opposite,5,1624829751.780119000,ns1,/media/batool/MULTIMODAL_DATA/Multimodal_Data/Cat1/opposite/bag_files/Cat1_20mph_lr_opposite_5/lidar_pcd/ns1/velodyne_points/1624829751.780119000.pcd
Cat1,20mph,lr,opposite,5,1624829751.880990000,ns1,/media/batool/MULTIMODAL_DATA/Multimodal_Data/Cat1/opposite/bag_files/Cat1_20mph_lr_opposite_5/lidar_pcd/ns1/velodyne_points/1624829751.880990000.pcd
Cat1,20mph,lr,opposite,5,1624829751.981858000,ns1,/media/batool/MULTIMODAL_DATA/Multimodal_Data/Cat1/opposite/bag_files/Cat1_20mph_lr_opposite_5/lidar_pcd/ns1/velodyne_points/1624829751.981858000.pcd
Cat1,20mph,lr,opposite,5,1624829752.082698000,ns1,/media/batool/MULTIMODAL_DATA/Multimodal_Data/Cat1/opposite/bag_files/Cat1_20mph_lr_opposite_5/lidar_pcd/ns1/velodyne_points/1624829752.082698000.pcd
Cat1,20mph,lr,opposite,5,1624829752.183537000,ns1,/media/batool/MULTIMODAL_DATA/Multimodal_Data/Cat1/opposite/bag_files/Cat1_20mph_lr_opposite_5/lidar_pcd/ns1/velodyne_points/1624829752.183537000.pcd
Cat1,20mph,lr,opposite,5,1624829752.284427000,ns1,/media/batool/MULTIMODAL_DATA/Multimodal_Data/Cat1/opposite/bag_files/Cat1_20mph_lr_opposite_5/lidar_pcd/ns1/velodyne_points/1624829752.284427000.pcd
Cat1,20mph,lr,opposite,5,1624829752.385262000,ns1,/media/batool/MULTIMODAL_DATA/Multimodal_Data/Cat1/opposite/bag_files/Cat1_20mph_lr_opposite_5/lidar_pcd/ns1/velodyne_points/1624829752.385262000.pcd
Cat1,20mph,lr,opposite,5,1624829752.486142000,ns1,/media/batool/MULTIMODAL_DATA/Multimodal_Data/Cat1/opposite/bag_files/Cat1_20mph_lr_opposite_5/lidar_pcd/ns1/velodyne_points/1624829752.486142000.pcd
Cat1,20mph,lr,opposite,5,1624829748.048404000,ns1,/media/batool/MULTIMODAL_DATA/Multimodal_Data/Cat1/opposite/bag_files/Cat1_20mph_lr_opposite_5/lidar_pcd/ns1/velodyne_points/1624829748.048404000.pcd
Cat1,20mph,lr,opposite,5,1624829749.561273000,ns1,/media/batool/MULTIMODAL_DATA/Multimodal_Data/Cat1/opposite/bag_files/Cat1_20mph_lr_opposite_5/lidar_pcd/ns1/velodyne_points/1624829749.561273000.pcd
Cat1,20mph,lr,opposite,5,1624829751.074099000,ns1,/media/batool/MULTIMODAL_DATA/Multimodal_Data/Cat1/opposite/bag_files/Cat1_20mph_lr_opposite_5/lidar_pcd/ns1/velodyne_points/1624829751.074099000.pcd
Cat1,20mph,lr,opposite,5,1624829752.587004000,ns1,/media/batool/MULTIMODAL_DATA/Multimodal_Data/Cat1/opposite/bag_files/Cat1_20mph_lr_opposite_5/lidar_pcd/ns1/velodyne_points/1624829752.587004000.pcd
Cat1,20mph,lr,opposite,5,1624829754.099869000,ns1,/media/batool/MULTIMODAL_DATA/Multimodal_Data/Cat1/opposite/bag_files/Cat1_20mph_lr_opposite_5/lidar_pcd/ns1/velodyne_points/1624829754.099869000.pcd
Cat1,20mph,lr,opposite,5,1624829755.612686000,ns1,/media/batool/MULTIMODAL_DATA/Multimodal_Data/Cat1/opposite/bag_files/Cat1_20mph_lr_opposite_5/lidar_pcd/ns1/velodyne_points/1624829755.612686000.pcd
Cat1,20mph,lr,opposite,5,1624829757.125549000,ns1,/media/batool/MULTIMODAL_DATA/Multimodal_Data/Cat1/opposite/bag_files/Cat1_20mph_lr_opposite_5/lidar_pcd/ns1/velodyne_points/1624829757.125549000.pcd
Cat1,20mph,lr,opposite,5,1624829758.638390000,ns1,/media/batool/MULTIMODAL_DATA/Multimodal_Data/Cat1/opposite/bag_files/Cat1_20mph_lr_opposite_5/lidar_pcd/ns1/velodyne_points/1624829758.638390000.pcd
Cat1,20mph,lr,opposite,5,1624829760.151257000,ns1,/media/batool/MULTIMODAL_DATA/Multimodal_Data/Cat1/opposite/bag_files/Cat1_20mph_lr_opposite_5/lidar_pcd/ns1/velodyne_points/1624829760.151257000.pcd
Cat1,20mph,lr,opposite,5,1624829761.664071000,ns1,/media/batool/MULTIMODAL_DATA/Multimodal_Data/Cat1/opposite/bag_files/Cat1_20mph_lr_opposite_5/lidar_pcd/ns1/velodyne_points/1624829761.664071000.pcd
Cat1,20mph,lr,opposite,5,1624829763.176957000,ns1,/media/batool/MULTIMODAL_DATA/Multimodal_Data/Cat1/opposite/bag_files/Cat1_20mph_lr_opposite_5/lidar_pcd/ns1/velodyne_points/1624829763.176957000.pcd
Cat1,20mph,lr,opposite,5,1624829764.689818000,ns1,/media/batool/MULTIMODAL_DATA/Multimodal_Data/Cat1/opposite/bag_files/Cat1_20mph_lr_opposite_5/lidar_pcd/ns1/velodyne_points/1624829764.689818000.pcd
Cat1,20mph,lr,opposite,5,1624829766.202670000,ns1,/media/batool/MULTIMODAL_DATA/Multimodal_Data/Cat1/opposite/bag_files/Cat1_20mph_lr_opposite_5/lidar_pcd/ns1/velodyne_points/1624829766.202670000.pcd
Cat1,20mph,lr,opposite,5,1624829752.687861000,ns1,/media/batool/MULTIMODAL_DATA/Multimodal_Data/Cat1/opposite/bag_files/Cat1_20mph_lr_opposite_5/lidar_pcd/ns1/velodyne_points/1624829752.687861000.pcd
Cat1,20mph,lr,opposite,5,1624829752.788701000,ns1,/media/batool/MULTIMODAL_DATA/Multimodal_Data/Cat1/opposite/bag_files/Cat1_20mph_lr_opposite_5/lidar_pcd/ns1/velodyne_points/1624829752.788701000.pcd
Cat1,20mph,lr,opposite,5,1624829752.889566000,ns1,/media/batool/MULTIMODAL_DATA/Multimodal_Data/Cat1/opposite/bag_files/Cat1_20mph_lr_opposite_5/lidar_pcd/ns1/velodyne_points/1624829752.889566000.pcd
Cat1,20mph,lr,opposite,5,1624829752.990413000,ns1,/media/batool/MULTIMODAL_DATA/Multimodal_Data/Cat1/opposite/bag_files/Cat1_20mph_lr_opposite_5/lidar_pcd/ns1/velodyne_points/1624829752.990413000.pcd
Cat1,20mph,lr,opposite,5,1624829753.091259000,ns1,/media/batool/MULTIMODAL_DATA/Multimodal_Data/Cat1/opposite/bag_files/Cat1_20mph_lr_opposite_5/lidar_pcd/ns1/velodyne_points/1624829753.091259000.pcd
Cat1,20mph,lr,opposite,5,1624829753.192116000,ns1,/media/batool/MULTIMODAL_DATA/Multimodal_Data/Cat1/opposite/bag_files/Cat1_20mph_lr_opposite_5/lidar_pcd/ns1/velodyne_points/1624829753.192116000.pcd
Cat1,20mph,lr,opposite,5,1624829753.292979000,ns1,/media/batool/MULTIMODAL_DATA/Multimodal_Data/Cat1/opposite/bag_files/Cat1_20mph_lr_opposite_5/lidar_pcd/ns1/velodyne_points/1624829753.292979000.pcd
Cat1,20mph,lr,opposite,5,1624829753.393831000,ns1,/media/batool/MULTIMODAL_DATA/Multimodal_Data/Cat1/opposite/bag_files/Cat1_20mph_lr_opposite_5/lidar_pcd/ns1/velodyne_points/1624829753.393831000.pcd
Cat1,20mph,lr,opposite,5,1624829753.494708000,ns1,/media/batool/MULTIMODAL_DATA/Multimodal_Data/Cat1/opposite/bag_files/Cat1_20mph_lr_opposite_5/lidar_pcd/ns1/velodyne_points/1624829753.494708000.pcd
Cat1,20mph,lr,opposite,5,1624829753.595551000,ns1,/media/batool/MULTIMODAL_DATA/Multimodal_Data/Cat1/opposite/bag_files/Cat1_20mph_lr_opposite_5/lidar_pcd/ns1/velodyne_points/1624829753.595551000.pcd
Cat1,20mph,lr,opposite,5,1624829753.696412000,ns1,/media/batool/MULTIMODAL_DATA/Multimodal_Data/Cat1/opposite/bag_files/Cat1_20mph_lr_opposite_5/lidar_pcd/ns1/velodyne_points/1624829753.696412000.pcd
Cat1,20mph,lr,opposite,5,1624829753.797262000,ns1,/media/batool/MULTIMODAL_DATA/Multimodal_Data/Cat1/opposite/bag_files/Cat1_20mph_lr_opposite_5/lidar_pcd/ns1/velodyne_points/1624829753.797262000.pcd
Cat1,20mph,lr,opposite,5,1624829753.898140000,ns1,/media/batool/MULTIMODAL_DATA/Multimodal_Data/Cat1/opposite/bag_files/Cat1_20mph_lr_opposite_5/lidar_pcd/ns1/velodyne_points/1624829753.898140000.pcd
Cat1,20mph,lr,opposite,5,1624829753.998991000,ns1,/media/batool/MULTIMODAL_DATA/Multimodal_Data/Cat1/opposite/bag_files/Cat1_20mph_lr_opposite_5/lidar_pcd/ns1/velodyne_points/1624829753.998991000.pcd
Cat1,20mph,lr,opposite,5,1624829754.200707000,ns1,/media/batool/MULTIMODAL_DATA/Multimodal_Data/Cat1/opposite/bag_files/Cat1_20mph_lr_opposite_5/lidar_pcd/ns1/velodyne_points/1624829754.200707000.pcd
Cat1,20mph,lr,opposite,5,1624829754.301547000,ns1,/media/batool/MULTIMODAL_DATA/Multimodal_Data/Cat1/opposite/bag_files/Cat1_20mph_lr_opposite_5/lidar_pcd/ns1/velodyne_points/1624829754.301547000.pcd
Cat1,20mph,lr,opposite,5,1624829754.402419000,ns1,/media/batool/MULTIMODAL_DATA/Multimodal_Data/Cat1/opposite/bag_files/Cat1_20mph_lr_opposite_5/lidar_pcd/ns1/velodyne_points/1624829754.402419000.pcd
Cat1,20mph,lr,opposite,5,1624829754.503283000,ns1,/media/batool/MULTIMODAL_DATA/Multimodal_Data/Cat1/opposite/bag_files/Cat1_20mph_lr_opposite_5/lidar_pcd/ns1/velodyne_points/1624829754.503283000.pcd
Cat1,20mph,lr,opposite,5,1624829754.604121000,ns1,/media/batool/MULTIMODAL_DATA/Multimodal_Data/Cat1/opposite/bag_files/Cat1_20mph_lr_opposite_5/lidar_pcd/ns1/velodyne_points/1624829754.604121000.pcd
Cat1,20mph,lr,opposite,5,1624829754.704950000,ns1,/media/batool/MULTIMODAL_DATA/Multimodal_Data/Cat1/opposite/bag_files/Cat1_20mph_lr_opposite_5/lidar_pcd/ns1/velodyne_points/1624829754.704950000.pcd
Cat1,20mph,lr,opposite,5,1624829754.805828000,ns1,/media/batool/MULTIMODAL_DATA/Multimodal_Data/Cat1/opposite/bag_files/Cat1_20mph_lr_opposite_5/lidar_pcd/ns1/velodyne_points/1624829754.805828000.pcd
Cat1,20mph,lr,opposite,5,1624829754.906689000,ns1,/media/batool/MULTIMODAL_DATA/Multimodal_Data/Cat1/opposite/bag_files/Cat1_20mph_lr_opposite_5/lidar_pcd/ns1/velodyne_points/1624829754.906689000.pcd
Cat1,20mph,lr,opposite,5,1624829755.007511000,ns1,/media/batool/MULTIMODAL_DATA/Multimodal_Data/Cat1/opposite/bag_files/Cat1_20mph_lr_opposite_5/lidar_pcd/ns1/velodyne_points/1624829755.007511000.pcd
Cat1,20mph,lr,opposite,5,1624829755.108411000,ns1,/media/batool/MULTIMODAL_DATA/Multimodal_Data/Cat1/opposite/bag_files/Cat1_20mph_lr_opposite_5/lidar_pcd/ns1/velodyne_points/1624829755.108411000.pcd
Cat1,20mph,lr,opposite,5,1624829755.209249000,ns1,/media/batool/MULTIMODAL_DATA/Multimodal_Data/Cat1/opposite/bag_files/Cat1_20mph_lr_opposite_5/lidar_pcd/ns1/velodyne_points/1624829755.209249000.pcd
Cat1,20mph,lr,opposite,5,1624829755.310121000,ns1,/media/batool/MULTIMODAL_DATA/Multimodal_Data/Cat1/opposite/bag_files/Cat1_20mph_lr_opposite_5/lidar_pcd/ns1/velodyne_points/1624829755.310121000.pcd
Cat1,20mph,lr,opposite,5,1624829755.410959000,ns1,/media/batool/MULTIMODAL_DATA/Multimodal_Data/Cat1/opposite/bag_files/Cat1_20mph_lr_opposite_5/lidar_pcd/ns1/velodyne_points/1624829755.410959000.pcd
Cat1,20mph,lr,opposite,5,1624829755.511852000,ns1,/media/batool/MULTIMODAL_DATA/Multimodal_Data/Cat1/opposite/bag_files/Cat1_20mph_lr_opposite_5/lidar_pcd/ns1/velodyne_points/1624829755.511852000.pcd
Cat1,20mph,lr,opposite,5,1624829755.713555000,ns1,/media/batool/MULTIMODAL_DATA/Multimodal_Data/Cat1/opposite/bag_files/Cat1_20mph_lr_opposite_5/lidar_pcd/ns1/velodyne_points/1624829755.713555000.pcd
Cat1,20mph,lr,opposite,5,1624829755.814404000,ns1,/media/batool/MULTIMODAL_DATA/Multimodal_Data/Cat1/opposite/bag_files/Cat1_20mph_lr_opposite_5/lidar_pcd/ns1/velodyne_points/1624829755.814404000.pcd
Cat1,20mph,lr,opposite,5,1624829755.915271000,ns1,/media/batool/MULTIMODAL_DATA/Multimodal_Data/Cat1/opposite/bag_files/Cat1_20mph_lr_opposite_5/lidar_pcd/ns1/velodyne_points/1624829755.915271000.pcd
Cat1,20mph,lr,opposite,5,1624829756.016089000,ns1,/media/batool/MULTIMODAL_DATA/Multimodal_Data/Cat1/opposite/bag_files/Cat1_20mph_lr_opposite_5/lidar_pcd/ns1/velodyne_points/1624829756.016089000.pcd
Cat1,20mph,lr,opposite,5,1624829756.116974000,ns1,/media/batool/MULTIMODAL_DATA/Multimodal_Data/Cat1/opposite/bag_files/Cat1_20mph_lr_opposite_5/lidar_pcd/ns1/velodyne_points/1624829756.116974000.pcd
Cat1,20mph,lr,opposite,5,1624829756.217854000,ns1,/media/batool/MULTIMODAL_DATA/Multimodal_Data/Cat1/opposite/bag_files/Cat1_20mph_lr_opposite_5/lidar_pcd/ns1/velodyne_points/1624829756.217854000.pcd
Cat1,20mph,lr,opposite,5,1624829756.318703000,ns1,/media/batool/MULTIMODAL_DATA/Multimodal_Data/Cat1/opposite/bag_files/Cat1_20mph_lr_opposite_5/lidar_pcd/ns1/velodyne_points/1624829756.318703000.pcd
Cat1,20mph,lr,opposite,5,1624829756.419551000,ns1,/media/batool/MULTIMODAL_DATA/Multimodal_Data/Cat1/opposite/bag_files/Cat1_20mph_lr_opposite_5/lidar_pcd/ns1/velodyne_points/1624829756.419551000.pcd
Cat1,20mph,lr,opposite,5,1624829756.520410000,ns1,/media/batool/MULTIMODAL_DATA/Multimodal_Data/Cat1/opposite/bag_files/Cat1_20mph_lr_opposite_5/lidar_pcd/ns1/velodyne_points/1624829756.520410000.pcd
Cat1,20mph,lr,opposite,5,1624829756.621248000,ns1,/media/batool/MULTIMODAL_DATA/Multimodal_Data/Cat1/opposite/bag_files/Cat1_20mph_lr_opposite_5/lidar_pcd/ns1/velodyne_points/1624829756.621248000.pcd
Cat1,20mph,lr,opposite,5,1624829756.722110000,ns1,/media/batool/MULTIMODAL_DATA/Multimodal_Data/Cat1/opposite/bag_files/Cat1_20mph_lr_opposite_5/lidar_pcd/ns1/velodyne_points/1624829756.722110000.pcd
Cat1,20mph,lr,opposite,5,1624829756.822986000,ns1,/media/batool/MULTIMODAL_DATA/Multimodal_Data/Cat1/opposite/bag_files/Cat1_20mph_lr_opposite_5/lidar_pcd/ns1/velodyne_points/1624829756.822986000.pcd
Cat1,20mph,lr,opposite,5,1624829756.923804000,ns1,/media/batool/MULTIMODAL_DATA/Multimodal_Data/Cat1/opposite/bag_files/Cat1_20mph_lr_opposite_5/lidar_pcd/ns1/velodyne_points/1624829756.923804000.pcd
Cat1,20mph,lr,opposite,5,1624829757.024697000,ns1,/media/batool/MULTIMODAL_DATA/Multimodal_Data/Cat1/opposite/bag_files/Cat1_20mph_lr_opposite_5/lidar_pcd/ns1/velodyne_points/1624829757.024697000.pcd
Cat1,20mph,lr,opposite,5,1624829757.226382000,ns1,/media/batool/MULTIMODAL_DATA/Multimodal_Data/Cat1/opposite/bag_files/Cat1_20mph_lr_opposite_5/lidar_pcd/ns1/velodyne_points/1624829757.226382000.pcd
Cat1,20mph,lr,opposite,5,1624829757.327270000,ns1,/media/batool/MULTIMODAL_DATA/Multimodal_Data/Cat1/opposite/bag_files/Cat1_20mph_lr_opposite_5/lidar_pcd/ns1/velodyne_points/1624829757.327270000.pcd
Cat1,20mph,lr,opposite,5,1624829757.428112000,ns1,/media/batool/MULTIMODAL_DATA/Multimodal_Data/Cat1/opposite/bag_files/Cat1_20mph_lr_opposite_5/lidar_pcd/ns1/velodyne_points/1624829757.428112000.pcd
Cat1,20mph,lr,opposite,5,1624829757.528973000,ns1,/media/batool/MULTIMODAL_DATA/Multimodal_Data/Cat1/opposite/bag_files/Cat1_20mph_lr_opposite_5/lidar_pcd/ns1/velodyne_points/1624829757.528973000.pcd
Cat1,20mph,lr,opposite,5,1624829757.629802000,ns1,/media/batool/MULTIMODAL_DATA/Multimodal_Data/Cat1/opposite/bag_files/Cat1_20mph_lr_opposite_5/lidar_pcd/ns1/velodyne_points/1624829757.629802000.pcd
Cat1,20mph,lr,opposite,5,1624829757.730671000,ns1,/media/batool/MULTIMODAL_DATA/Multimodal_Data/Cat1/opposite/bag_files/Cat1_20mph_lr_opposite_5/lidar_pcd/ns1/velodyne_points/1624829757.730671000.pcd
Cat1,20mph,lr,opposite,5,1624829757.831514000,ns1,/media/batool/MULTIMODAL_DATA/Multimodal_Data/Cat1/opposite/bag_files/Cat1_20mph_lr_opposite_5/lidar_pcd/ns1/velodyne_points/1624829757.831514000.pcd
Cat1,20mph,lr,opposite,5,1624829757.932387000,ns1,/media/batool/MULTIMODAL_DATA/Multimodal_Data/Cat1/opposite/bag_files/Cat1_20mph_lr_opposite_5/lidar_pcd/ns1/velodyne_points/1624829757.932387000.pcd
Cat1,20mph,lr,opposite,5,1624829758.033237000,ns1,/media/batool/MULTIMODAL_DATA/Multimodal_Data/Cat1/opposite/bag_files/Cat1_20mph_lr_opposite_5/lidar_pcd/ns1/velodyne_points/1624829758.033237000.pcd
Cat1,20mph,lr,opposite,5,1624829758.134121000,ns1,/media/batool/MULTIMODAL_DATA/Multimodal_Data/Cat1/opposite/bag_files/Cat1_20mph_lr_opposite_5/lidar_pcd/ns1/velodyne_points/1624829758.134121000.pcd
Cat1,20mph,lr,opposite,5,1624829758.234976000,ns1,/media/batool/MULTIMODAL_DATA/Multimodal_Data/Cat1/opposite/bag_files/Cat1_20mph_lr_opposite_5/lidar_pcd/ns1/velodyne_points/1624829758.234976000.pcd
Cat1,20mph,lr,opposite,5,1624829758.335828000,ns1,/media/batool/MULTIMODAL_DATA/Multimodal_Data/Cat1/opposite/bag_files/Cat1_20mph_lr_opposite_5/lidar_pcd/ns1/velodyne_points/1624829758.335828000.pcd
Cat1,20mph,lr,opposite,5,1624829758.436703000,ns1,/media/batool/MULTIMODAL_DATA/Multimodal_Data/Cat1/opposite/bag_files/Cat1_20mph_lr_opposite_5/lidar_pcd/ns1/velodyne_points/1624829758.436703000.pcd
Cat1,20mph,lr,opposite,5,1624829758.537564000,ns1,/media/batool/MULTIMODAL_DATA/Multimodal_Data/Cat1/opposite/bag_files/Cat1_20mph_lr_opposite_5/lidar_pcd/ns1/velodyne_points/1624829758.537564000.pcd
Cat1,20mph,lr,opposite,5,1624829758.739262000,ns1,/media/batool/MULTIMODAL_DATA/Multimodal_Data/Cat1/opposite/bag_files/Cat1_20mph_lr_opposite_5/lidar_pcd/ns1/velodyne_points/1624829758.739262000.pcd
Cat1,20mph,lr,opposite,5,1624829758.840073000,ns1,/media/batool/MULTIMODAL_DATA/Multimodal_Data/Cat1/opposite/bag_files/Cat1_20mph_lr_opposite_5/lidar_pcd/ns1/velodyne_points/1624829758.840073000.pcd
Cat1,20mph,lr,opposite,5,1624829758.940975000,ns1,/media/batool/MULTIMODAL_DATA/Multimodal_Data/Cat1/opposite/bag_files/Cat1_20mph_lr_opposite_5/lidar_pcd/ns1/velodyne_points/1624829758.940975000.pcd
Cat1,20mph,lr,opposite,5,1624829759.041831000,ns1,/media/batool/MULTIMODAL_DATA/Multimodal_Data/Cat1/opposite/bag_files/Cat1_20mph_lr_opposite_5/lidar_pcd/ns1/velodyne_points/1624829759.041831000.pcd
Cat1,20mph,lr,opposite,5,1624829759.142690000,ns1,/media/batool/MULTIMODAL_DATA/Multimodal_Data/Cat1/opposite/bag_files/Cat1_20mph_lr_opposite_5/lidar_pcd/ns1/velodyne_points/1624829759.142690000.pcd
Cat1,20mph,lr,opposite,5,1624829759.243561000,ns1,/media/batool/MULTIMODAL_DATA/Multimodal_Data/Cat1/opposite/bag_files/Cat1_20mph_lr_opposite_5/lidar_pcd/ns1/velodyne_points/1624829759.243561000.pcd
Cat1,20mph,lr,opposite,5,1624829759.344392000,ns1,/media/batool/MULTIMODAL_DATA/Multimodal_Data/Cat1/opposite/bag_files/Cat1_20mph_lr_opposite_5/lidar_pcd/ns1/velodyne_points/1624829759.344392000.pcd
Cat1,20mph,lr,opposite,5,1624829759.445225000,ns1,/media/batool/MULTIMODAL_DATA/Multimodal_Data/Cat1/opposite/bag_files/Cat1_20mph_lr_opposite_5/lidar_pcd/ns1/velodyne_points/1624829759.445225000.pcd
Cat1,20mph,lr,opposite,5,1624829759.546108000,ns1,/media/batool/MULTIMODAL_DATA/Multimodal_Data/Cat1/opposite/bag_files/Cat1_20mph_lr_opposite_5/lidar_pcd/ns1/velodyne_points/1624829759.546108000.pcd
Cat1,20mph,lr,opposite,5,1624829759.646944000,ns1,/media/batool/MULTIMODAL_DATA/Multimodal_Data/Cat1/opposite/bag_files/Cat1_20mph_lr_opposite_5/lidar_pcd/ns1/velodyne_points/1624829759.646944000.pcd
Cat1,20mph,lr,opposite,5,1624829759.747828000,ns1,/media/batool/MULTIMODAL_DATA/Multimodal_Data/Cat1/opposite/bag_files/Cat1_20mph_lr_opposite_5/lidar_pcd/ns1/velodyne_points/1624829759.747828000.pcd
Cat1,20mph,lr,opposite,5,1624829759.848639000,ns1,/media/batool/MULTIMODAL_DATA/Multimodal_Data/Cat1/opposite/bag_files/Cat1_20mph_lr_opposite_5/lidar_pcd/ns1/velodyne_points/1624829759.848639000.pcd
Cat1,20mph,lr,opposite,5,1624829759.949497000,ns1,/media/batool/MULTIMODAL_DATA/Multimodal_Data/Cat1/opposite/bag_files/Cat1_20mph_lr_opposite_5/lidar_pcd/ns1/velodyne_points/1624829759.949497000.pcd
Cat1,20mph,lr,opposite,5,1624829760.050386000,ns1,/media/batool/MULTIMODAL_DATA/Multimodal_Data/Cat1/opposite/bag_files/Cat1_20mph_lr_opposite_5/lidar_pcd/ns1/velodyne_points/1624829760.050386000.pcd
Cat1,20mph,lr,opposite,5,1624829760.252097000,ns1,/media/batool/MULTIMODAL_DATA/Multimodal_Data/Cat1/opposite/bag_files/Cat1_20mph_lr_opposite_5/lidar_pcd/ns1/velodyne_points/1624829760.252097000.pcd
Cat1,20mph,lr,opposite,5,1624829760.352934000,ns1,/media/batool/MULTIMODAL_DATA/Multimodal_Data/Cat1/opposite/bag_files/Cat1_20mph_lr_opposite_5/lidar_pcd/ns1/velodyne_points/1624829760.352934000.pcd
Cat1,20mph,lr,opposite,5,1624829760.453806000,ns1,/media/batool/MULTIMODAL_DATA/Multimodal_Data/Cat1/opposite/bag_files/Cat1_20mph_lr_opposite_5/lidar_pcd/ns1/velodyne_points/1624829760.453806000.pcd
Cat1,20mph,lr,opposite,5,1624829760.554684000,ns1,/media/batool/MULTIMODAL_DATA/Multimodal_Data/Cat1/opposite/bag_files/Cat1_20mph_lr_opposite_5/lidar_pcd/ns1/velodyne_points/1624829760.554684000.pcd
Cat1,20mph,lr,opposite,5,1624829760.655541000,ns1,/media/batool/MULTIMODAL_DATA/Multimodal_Data/Cat1/opposite/bag_files/Cat1_20mph_lr_opposite_5/lidar_pcd/ns1/velodyne_points/1624829760.655541000.pcd
Cat1,20mph,lr,opposite,5,1624829760.756383000,ns1,/media/batool/MULTIMODAL_DATA/Multimodal_Data/Cat1/opposite/bag_files/Cat1_20mph_lr_opposite_5/lidar_pcd/ns1/velodyne_points/1624829760.756383000.pcd
Cat1,20mph,lr,opposite,5,1624829760.857240000,ns1,/media/batool/MULTIMODAL_DATA/Multimodal_Data/Cat1/opposite/bag_files/Cat1_20mph_lr_opposite_5/lidar_pcd/ns1/velodyne_points/1624829760.857240000.pcd
Cat1,20mph,lr,opposite,5,1624829760.958097000,ns1,/media/batool/MULTIMODAL_DATA/Multimodal_Data/Cat1/opposite/bag_files/Cat1_20mph_lr_opposite_5/lidar_pcd/ns1/velodyne_points/1624829760.958097000.pcd
Cat1,20mph,lr,opposite,5,1624829761.058912000,ns1,/media/batool/MULTIMODAL_DATA/Multimodal_Data/Cat1/opposite/bag_files/Cat1_20mph_lr_opposite_5/lidar_pcd/ns1/velodyne_points/1624829761.058912000.pcd
Cat1,20mph,lr,opposite,5,1624829761.159782000,ns1,/media/batool/MULTIMODAL_DATA/Multimodal_Data/Cat1/opposite/bag_files/Cat1_20mph_lr_opposite_5/lidar_pcd/ns1/velodyne_points/1624829761.159782000.pcd
Cat1,20mph,lr,opposite,5,1624829761.260678000,ns1,/media/batool/MULTIMODAL_DATA/Multimodal_Data/Cat1/opposite/bag_files/Cat1_20mph_lr_opposite_5/lidar_pcd/ns1/velodyne_points/1624829761.260678000.pcd
Cat1,20mph,lr,opposite,5,1624829761.361537000,ns1,/media/batool/MULTIMODAL_DATA/Multimodal_Data/Cat1/opposite/bag_files/Cat1_20mph_lr_opposite_5/lidar_pcd/ns1/velodyne_points/1624829761.361537000.pcd
Cat1,20mph,lr,opposite,5,1624829761.462388000,ns1,/media/batool/MULTIMODAL_DATA/Multimodal_Data/Cat1/opposite/bag_files/Cat1_20mph_lr_opposite_5/lidar_pcd/ns1/velodyne_points/1624829761.462388000.pcd
Cat1,20mph,lr,opposite,5,1624829761.563262000,ns1,/media/batool/MULTIMODAL_DATA/Multimodal_Data/Cat1/opposite/bag_files/Cat1_20mph_lr_opposite_5/lidar_pcd/ns1/velodyne_points/1624829761.563262000.pcd
Cat1,20mph,lr,opposite,5,1624829761.764954000,ns1,/media/batool/MULTIMODAL_DATA/Multimodal_Data/Cat1/opposite/bag_files/Cat1_20mph_lr_opposite_5/lidar_pcd/ns1/velodyne_points/1624829761.764954000.pcd
Cat1,20mph,lr,opposite,5,1624829761.865824000,ns1,/media/batool/MULTIMODAL_DATA/Multimodal_Data/Cat1/opposite/bag_files/Cat1_20mph_lr_opposite_5/lidar_pcd/ns1/velodyne_points/1624829761.865824000.pcd
Cat1,20mph,lr,opposite,5,1624829761.966689000,ns1,/media/batool/MULTIMODAL_DATA/Multimodal_Data/Cat1/opposite/bag_files/Cat1_20mph_lr_opposite_5/lidar_pcd/ns1/velodyne_points/1624829761.966689000.pcd
Cat1,20mph,lr,opposite,5,1624829762.067539000,ns1,/media/batool/MULTIMODAL_DATA/Multimodal_Data/Cat1/opposite/bag_files/Cat1_20mph_lr_opposite_5/lidar_pcd/ns1/velodyne_points/1624829762.067539000.pcd
Cat1,20mph,lr,opposite,5,1624829762.168343000,ns1,/media/batool/MULTIMODAL_DATA/Multimodal_Data/Cat1/opposite/bag_files/Cat1_20mph_lr_opposite_5/lidar_pcd/ns1/velodyne_points/1624829762.168343000.pcd
Cat1,20mph,lr,opposite,5,1624829762.269225000,ns1,/media/batool/MULTIMODAL_DATA/Multimodal_Data/Cat1/opposite/bag_files/Cat1_20mph_lr_opposite_5/lidar_pcd/ns1/velodyne_points/1624829762.269225000.pcd
Cat1,20mph,lr,opposite,5,1624829762.370112000,ns1,/media/batool/MULTIMODAL_DATA/Multimodal_Data/Cat1/opposite/bag_files/Cat1_20mph_lr_opposite_5/lidar_pcd/ns1/velodyne_points/1624829762.370112000.pcd
Cat1,20mph,lr,opposite,5,1624829762.470965000,ns1,/media/batool/MULTIMODAL_DATA/Multimodal_Data/Cat1/opposite/bag_files/Cat1_20mph_lr_opposite_5/lidar_pcd/ns1/velodyne_points/1624829762.470965000.pcd
Cat1,20mph,lr,opposite,5,1624829762.571805000,ns1,/media/batool/MULTIMODAL_DATA/Multimodal_Data/Cat1/opposite/bag_files/Cat1_20mph_lr_opposite_5/lidar_pcd/ns1/velodyne_points/1624829762.571805000.pcd
Cat1,20mph,lr,opposite,5,1624829762.672666000,ns1,/media/batool/MULTIMODAL_DATA/Multimodal_Data/Cat1/opposite/bag_files/Cat1_20mph_lr_opposite_5/lidar_pcd/ns1/velodyne_points/1624829762.672666000.pcd
Cat1,20mph,lr,opposite,5,1624829762.773539000,ns1,/media/batool/MULTIMODAL_DATA/Multimodal_Data/Cat1/opposite/bag_files/Cat1_20mph_lr_opposite_5/lidar_pcd/ns1/velodyne_points/1624829762.773539000.pcd
Cat1,20mph,lr,opposite,5,1624829762.874362000,ns1,/media/batool/MULTIMODAL_DATA/Multimodal_Data/Cat1/opposite/bag_files/Cat1_20mph_lr_opposite_5/lidar_pcd/ns1/velodyne_points/1624829762.874362000.pcd
Cat1,20mph,lr,opposite,5,1624829762.975232000,ns1,/media/batool/MULTIMODAL_DATA/Multimodal_Data/Cat1/opposite/bag_files/Cat1_20mph_lr_opposite_5/lidar_pcd/ns1/velodyne_points/1624829762.975232000.pcd
Cat1,20mph,lr,opposite,5,1624829763.076088000,ns1,/media/batool/MULTIMODAL_DATA/Multimodal_Data/Cat1/opposite/bag_files/Cat1_20mph_lr_opposite_5/lidar_pcd/ns1/velodyne_points/1624829763.076088000.pcd
Cat1,20mph,lr,opposite,5,1624829763.277816000,ns1,/media/batool/MULTIMODAL_DATA/Multimodal_Data/Cat1/opposite/bag_files/Cat1_20mph_lr_opposite_5/lidar_pcd/ns1/velodyne_points/1624829763.277816000.pcd
Cat1,20mph,lr,opposite,5,1624829763.378677000,ns1,/media/batool/MULTIMODAL_DATA/Multimodal_Data/Cat1/opposite/bag_files/Cat1_20mph_lr_opposite_5/lidar_pcd/ns1/velodyne_points/1624829763.378677000.pcd
Cat1,20mph,lr,opposite,5,1624829763.479539000,ns1,/media/batool/MULTIMODAL_DATA/Multimodal_Data/Cat1/opposite/bag_files/Cat1_20mph_lr_opposite_5/lidar_pcd/ns1/velodyne_points/1624829763.479539000.pcd
Cat1,20mph,lr,opposite,5,1624829763.580375000,ns1,/media/batool/MULTIMODAL_DATA/Multimodal_Data/Cat1/opposite/bag_files/Cat1_20mph_lr_opposite_5/lidar_pcd/ns1/velodyne_points/1624829763.580375000.pcd
Cat1,20mph,lr,opposite,5,1624829763.681233000,ns1,/media/batool/MULTIMODAL_DATA/Multimodal_Data/Cat1/opposite/bag_files/Cat1_20mph_lr_opposite_5/lidar_pcd/ns1/velodyne_points/1624829763.681233000.pcd
Cat1,20mph,lr,opposite,5,1624829763.782090000,ns1,/media/batool/MULTIMODAL_DATA/Multimodal_Data/Cat1/opposite/bag_files/Cat1_20mph_lr_opposite_5/lidar_pcd/ns1/velodyne_points/1624829763.782090000.pcd
Cat1,20mph,lr,opposite,5,1624829763.882953000,ns1,/media/batool/MULTIMODAL_DATA/Multimodal_Data/Cat1/opposite/bag_files/Cat1_20mph_lr_opposite_5/lidar_pcd/ns1/velodyne_points/1624829763.882953000.pcd
Cat1,20mph,lr,opposite,5,1624829763.983813000,ns1,/media/batool/MULTIMODAL_DATA/Multimodal_Data/Cat1/opposite/bag_files/Cat1_20mph_lr_opposite_5/lidar_pcd/ns1/velodyne_points/1624829763.983813000.pcd
Cat1,20mph,lr,opposite,5,1624829764.084658000,ns1,/media/batool/MULTIMODAL_DATA/Multimodal_Data/Cat1/opposite/bag_files/Cat1_20mph_lr_opposite_5/lidar_pcd/ns1/velodyne_points/1624829764.084658000.pcd
Cat1,20mph,lr,opposite,5,1624829764.185519000,ns1,/media/batool/MULTIMODAL_DATA/Multimodal_Data/Cat1/opposite/bag_files/Cat1_20mph_lr_opposite_5/lidar_pcd/ns1/velodyne_points/1624829764.185519000.pcd
Cat1,20mph,lr,opposite,5,1624829764.286389000,ns1,/media/batool/MULTIMODAL_DATA/Multimodal_Data/Cat1/opposite/bag_files/Cat1_20mph_lr_opposite_5/lidar_pcd/ns1/velodyne_points/1624829764.286389000.pcd
Cat1,20mph,lr,opposite,5,1624829764.387208000,ns1,/media/batool/MULTIMODAL_DATA/Multimodal_Data/Cat1/opposite/bag_files/Cat1_20mph_lr_opposite_5/lidar_pcd/ns1/velodyne_points/1624829764.387208000.pcd
Cat1,20mph,lr,opposite,5,1624829764.488076000,ns1,/media/batool/MULTIMODAL_DATA/Multimodal_Data/Cat1/opposite/bag_files/Cat1_20mph_lr_opposite_5/lidar_pcd/ns1/velodyne_points/1624829764.488076000.pcd
Cat1,20mph,lr,opposite,5,1624829764.588912000,ns1,/media/batool/MULTIMODAL_DATA/Multimodal_Data/Cat1/opposite/bag_files/Cat1_20mph_lr_opposite_5/lidar_pcd/ns1/velodyne_points/1624829764.588912000.pcd
Cat1,20mph,lr,opposite,5,1624829764.790636000,ns1,/media/batool/MULTIMODAL_DATA/Multimodal_Data/Cat1/opposite/bag_files/Cat1_20mph_lr_opposite_5/lidar_pcd/ns1/velodyne_points/1624829764.790636000.pcd
Cat1,20mph,lr,opposite,5,1624829764.891514000,ns1,/media/batool/MULTIMODAL_DATA/Multimodal_Data/Cat1/opposite/bag_files/Cat1_20mph_lr_opposite_5/lidar_pcd/ns1/velodyne_points/1624829764.891514000.pcd
Cat1,20mph,lr,opposite,5,1624829764.992350000,ns1,/media/batool/MULTIMODAL_DATA/Multimodal_Data/Cat1/opposite/bag_files/Cat1_20mph_lr_opposite_5/lidar_pcd/ns1/velodyne_points/1624829764.992350000.pcd
Cat1,20mph,lr,opposite,5,1624829765.093199000,ns1,/media/batool/MULTIMODAL_DATA/Multimodal_Data/Cat1/opposite/bag_files/Cat1_20mph_lr_opposite_5/lidar_pcd/ns1/velodyne_points/1624829765.093199000.pcd
Cat1,20mph,lr,opposite,5,1624829765.194040000,ns1,/media/batool/MULTIMODAL_DATA/Multimodal_Data/Cat1/opposite/bag_files/Cat1_20mph_lr_opposite_5/lidar_pcd/ns1/velodyne_points/1624829765.194040000.pcd
Cat1,20mph,lr,opposite,5,1624829765.294963000,ns1,/media/batool/MULTIMODAL_DATA/Multimodal_Data/Cat1/opposite/bag_files/Cat1_20mph_lr_opposite_5/lidar_pcd/ns1/velodyne_points/1624829765.294963000.pcd
Cat1,20mph,lr,opposite,5,1624829765.395800000,ns1,/media/batool/MULTIMODAL_DATA/Multimodal_Data/Cat1/opposite/bag_files/Cat1_20mph_lr_opposite_5/lidar_pcd/ns1/velodyne_points/1624829765.395800000.pcd
Cat1,20mph,lr,opposite,5,1624829765.496671000,ns1,/media/batool/MULTIMODAL_DATA/Multimodal_Data/Cat1/opposite/bag_files/Cat1_20mph_lr_opposite_5/lidar_pcd/ns1/velodyne_points/1624829765.496671000.pcd
Cat1,20mph,lr,opposite,5,1624829765.597514000,ns1,/media/batool/MULTIMODAL_DATA/Multimodal_Data/Cat1/opposite/bag_files/Cat1_20mph_lr_opposite_5/lidar_pcd/ns1/velodyne_points/1624829765.597514000.pcd
Cat1,20mph,lr,opposite,5,1624829765.698348000,ns1,/media/batool/MULTIMODAL_DATA/Multimodal_Data/Cat1/opposite/bag_files/Cat1_20mph_lr_opposite_5/lidar_pcd/ns1/velodyne_points/1624829765.698348000.pcd
Cat1,20mph,lr,opposite,5,1624829765.799193000,ns1,/media/batool/MULTIMODAL_DATA/Multimodal_Data/Cat1/opposite/bag_files/Cat1_20mph_lr_opposite_5/lidar_pcd/ns1/velodyne_points/1624829765.799193000.pcd
Cat1,20mph,lr,opposite,5,1624829765.900072000,ns1,/media/batool/MULTIMODAL_DATA/Multimodal_Data/Cat1/opposite/bag_files/Cat1_20mph_lr_opposite_5/lidar_pcd/ns1/velodyne_points/1624829765.900072000.pcd
Cat1,20mph,lr,opposite,5,1624829766.000946000,ns1,/media/batool/MULTIMODAL_DATA/Multimodal_Data/Cat1/opposite/bag_files/Cat1_20mph_lr_opposite_5/lidar_pcd/ns1/velodyne_points/1624829766.000946000.pcd
Cat1,20mph,lr,opposite,5,1624829766.101790000,ns1,/media/batool/MULTIMODAL_DATA/Multimodal_Data/Cat1/opposite/bag_files/Cat1_20mph_lr_opposite_5/lidar_pcd/ns1/velodyne_points/1624829766.101790000.pcd
Cat1,20mph,lr,opposite,5,1624829766.303489000,ns1,/media/batool/MULTIMODAL_DATA/Multimodal_Data/Cat1/opposite/bag_files/Cat1_20mph_lr_opposite_5/lidar_pcd/ns1/velodyne_points/1624829766.303489000.pcd
Cat1,20mph,lr,opposite,5,1624829766.404378000,ns1,/media/batool/MULTIMODAL_DATA/Multimodal_Data/Cat1/opposite/bag_files/Cat1_20mph_lr_opposite_5/lidar_pcd/ns1/velodyne_points/1624829766.404378000.pcd
Cat1,20mph,lr,opposite,5,1624829766.505240000,ns1,/media/batool/MULTIMODAL_DATA/Multimodal_Data/Cat1/opposite/bag_files/Cat1_20mph_lr_opposite_5/lidar_pcd/ns1/velodyne_points/1624829766.505240000.pcd
Cat1,20mph,lr,opposite,5,1624829766.606075000,ns1,/media/batool/MULTIMODAL_DATA/Multimodal_Data/Cat1/opposite/bag_files/Cat1_20mph_lr_opposite_5/lidar_pcd/ns1/velodyne_points/1624829766.606075000.pcd
Cat1,20mph,lr,opposite,5,1624829766.706938000,ns1,/media/batool/MULTIMODAL_DATA/Multimodal_Data/Cat1/opposite/bag_files/Cat1_20mph_lr_opposite_5/lidar_pcd/ns1/velodyne_points/1624829766.706938000.pcd
Cat1,20mph,lr,opposite,5,1624829766.807781000,ns1,/media/batool/MULTIMODAL_DATA/Multimodal_Data/Cat1/opposite/bag_files/Cat1_20mph_lr_opposite_5/lidar_pcd/ns1/velodyne_points/1624829766.807781000.pcd
Cat1,20mph,lr,opposite,5,1624829766.908643000,ns1,/media/batool/MULTIMODAL_DATA/Multimodal_Data/Cat1/opposite/bag_files/Cat1_20mph_lr_opposite_5/lidar_pcd/ns1/velodyne_points/1624829766.908643000.pcd
Cat1,20mph,lr,opposite,5,1624829767.009521000,ns1,/media/batool/MULTIMODAL_DATA/Multimodal_Data/Cat1/opposite/bag_files/Cat1_20mph_lr_opposite_5/lidar_pcd/ns1/velodyne_points/1624829767.009521000.pcd
Cat1,20mph,lr,opposite,5,1624829767.110341000,ns1,/media/batool/MULTIMODAL_DATA/Multimodal_Data/Cat1/opposite/bag_files/Cat1_20mph_lr_opposite_5/lidar_pcd/ns1/velodyne_points/1624829767.110341000.pcd
Cat1,20mph,lr,opposite,5,1624829767.211220000,ns1,/media/batool/MULTIMODAL_DATA/Multimodal_Data/Cat1/opposite/bag_files/Cat1_20mph_lr_opposite_5/lidar_pcd/ns1/velodyne_points/1624829767.211220000.pcd
Cat1,20mph,lr,opposite,5,1624829767.312061000,ns1,/media/batool/MULTIMODAL_DATA/Multimodal_Data/Cat1/opposite/bag_files/Cat1_20mph_lr_opposite_5/lidar_pcd/ns1/velodyne_points/1624829767.312061000.pcd
Cat1,20mph,lr,opposite,5,1624829767.412950000,ns1,/media/batool/MULTIMODAL_DATA/Multimodal_Data/Cat1/opposite/bag_files/Cat1_20mph_lr_opposite_5/lidar_pcd/ns1/velodyne_points/1624829767.412950000.pcd
Cat1,20mph,lr,opposite,5,1624829767.513808000,ns1,/media/batool/MULTIMODAL_DATA/Multimodal_Data/Cat1/opposite/bag_files/Cat1_20mph_lr_opposite_5/lidar_pcd/ns1/velodyne_points/1624829767.513808000.pcd
Cat1,20mph,lr,opposite,5,1624829767.614663000,ns1,/media/batool/MULTIMODAL_DATA/Multimodal_Data/Cat1/opposite/bag_files/Cat1_20mph_lr_opposite_5/lidar_pcd/ns1/velodyne_points/1624829767.614663000.pcd
Cat1,20mph,lr,opposite,5,1624829767.715528000,ns1,/media/batool/MULTIMODAL_DATA/Multimodal_Data/Cat1/opposite/bag_files/Cat1_20mph_lr_opposite_5/lidar_pcd/ns1/velodyne_points/1624829767.715528000.pcd
Cat1,20mph,lr,opposite,5,1624829767.816373000,ns1,/media/batool/MULTIMODAL_DATA/Multimodal_Data/Cat1/opposite/bag_files/Cat1_20mph_lr_opposite_5/lidar_pcd/ns1/velodyne_points/1624829767.816373000.pcd
Cat1,20mph,lr,opposite,5,1624829767.917180000,ns1,/media/batool/MULTIMODAL_DATA/Multimodal_Data/Cat1/opposite/bag_files/Cat1_20mph_lr_opposite_5/lidar_pcd/ns1/velodyne_points/1624829767.917180000.pcd
Cat1,20mph,lr,opposite,5,1624829768.018032000,ns1,/media/batool/MULTIMODAL_DATA/Multimodal_Data/Cat1/opposite/bag_files/Cat1_20mph_lr_opposite_5/lidar_pcd/ns1/velodyne_points/1624829768.018032000.pcd
Cat1,20mph,lr,opposite,5,1624829768.118892000,ns1,/media/batool/MULTIMODAL_DATA/Multimodal_Data/Cat1/opposite/bag_files/Cat1_20mph_lr_opposite_5/lidar_pcd/ns1/velodyne_points/1624829768.118892000.pcd
Cat1,20mph,lr,opposite,5,1624829768.219787000,ns1,/media/batool/MULTIMODAL_DATA/Multimodal_Data/Cat1/opposite/bag_files/Cat1_20mph_lr_opposite_5/lidar_pcd/ns1/velodyne_points/1624829768.219787000.pcd
Cat1,20mph,lr,opposite,5,1624829768.320624000,ns1,/media/batool/MULTIMODAL_DATA/Multimodal_Data/Cat1/opposite/bag_files/Cat1_20mph_lr_opposite_5/lidar_pcd/ns1/velodyne_points/1624829768.320624000.pcd
Cat1,20mph,lr,opposite,5,1624829768.421509000,ns1,/media/batool/MULTIMODAL_DATA/Multimodal_Data/Cat1/opposite/bag_files/Cat1_20mph_lr_opposite_5/lidar_pcd/ns1/velodyne_points/1624829768.421509000.pcd
Cat1,20mph,lr,opposite,5,1624829768.522358000,ns1,/media/batool/MULTIMODAL_DATA/Multimodal_Data/Cat1/opposite/bag_files/Cat1_20mph_lr_opposite_5/lidar_pcd/ns1/velodyne_points/1624829768.522358000.pcd
Cat1,20mph,lr,opposite,5,1624829768.623197000,ns1,/media/batool/MULTIMODAL_DATA/Multimodal_Data/Cat1/opposite/bag_files/Cat1_20mph_lr_opposite_5/lidar_pcd/ns1/velodyne_points/1624829768.623197000.pcd
