Category,speed,direction,lane,episode,Time header,Image_path
Cat1,20mph,lr,opposite,2,1624829434.7831213,/media/batool/MULTIMODAL_DATA/Multimodal_Data/Cat1/opposite/bag_files/Cat1_20mph_lr_opposite_2/camera_images/1624829434.7831213.jpg
Cat1,20mph,lr,opposite,2,1624829434.8164546,/media/batool/MULTIMODAL_DATA/Multimodal_Data/Cat1/opposite/bag_files/Cat1_20mph_lr_opposite_2/camera_images/1624829434.8164546.jpg
Cat1,20mph,lr,opposite,2,1624829434.849788,/media/batool/MULTIMODAL_DATA/Multimodal_Data/Cat1/opposite/bag_files/Cat1_20mph_lr_opposite_2/camera_images/1624829434.849788.jpg
Cat1,20mph,lr,opposite,2,1624829434.8831213,/media/batool/MULTIMODAL_DATA/Multimodal_Data/Cat1/opposite/bag_files/Cat1_20mph_lr_opposite_2/camera_images/1624829434.8831213.jpg
Cat1,20mph,lr,opposite,2,1624829434.9164546,/media/batool/MULTIMODAL_DATA/Multimodal_Data/Cat1/opposite/bag_files/Cat1_20mph_lr_opposite_2/camera_images/1624829434.9164546.jpg
Cat1,20mph,lr,opposite,2,1624829434.9497879,/media/batool/MULTIMODAL_DATA/Multimodal_Data/Cat1/opposite/bag_files/Cat1_20mph_lr_opposite_2/camera_images/1624829434.9497879.jpg
Cat1,20mph,lr,opposite,2,1624829434.9831212,/media/batool/MULTIMODAL_DATA/Multimodal_Data/Cat1/opposite/bag_files/Cat1_20mph_lr_opposite_2/camera_images/1624829434.9831212.jpg
Cat1,20mph,lr,opposite,2,1624829435.0164545,/media/batool/MULTIMODAL_DATA/Multimodal_Data/Cat1/opposite/bag_files/Cat1_20mph_lr_opposite_2/camera_images/1624829435.0164545.jpg
Cat1,20mph,lr,opposite,2,1624829435.0497878,/media/batool/MULTIMODAL_DATA/Multimodal_Data/Cat1/opposite/bag_files/Cat1_20mph_lr_opposite_2/camera_images/1624829435.0497878.jpg
Cat1,20mph,lr,opposite,2,1624829435.083121,/media/batool/MULTIMODAL_DATA/Multimodal_Data/Cat1/opposite/bag_files/Cat1_20mph_lr_opposite_2/camera_images/1624829435.083121.jpg
Cat1,20mph,lr,opposite,2,1624829435.1164544,/media/batool/MULTIMODAL_DATA/Multimodal_Data/Cat1/opposite/bag_files/Cat1_20mph_lr_opposite_2/camera_images/1624829435.1164544.jpg
Cat1,20mph,lr,opposite,2,1624829435.1497877,/media/batool/MULTIMODAL_DATA/Multimodal_Data/Cat1/opposite/bag_files/Cat1_20mph_lr_opposite_2/camera_images/1624829435.1497877.jpg
Cat1,20mph,lr,opposite,2,1624829435.183121,/media/batool/MULTIMODAL_DATA/Multimodal_Data/Cat1/opposite/bag_files/Cat1_20mph_lr_opposite_2/camera_images/1624829435.183121.jpg
Cat1,20mph,lr,opposite,2,1624829435.2164543,/media/batool/MULTIMODAL_DATA/Multimodal_Data/Cat1/opposite/bag_files/Cat1_20mph_lr_opposite_2/camera_images/1624829435.2164543.jpg
Cat1,20mph,lr,opposite,2,1624829435.2497876,/media/batool/MULTIMODAL_DATA/Multimodal_Data/Cat1/opposite/bag_files/Cat1_20mph_lr_opposite_2/camera_images/1624829435.2497876.jpg
Cat1,20mph,lr,opposite,2,1624829435.3164542,/media/batool/MULTIMODAL_DATA/Multimodal_Data/Cat1/opposite/bag_files/Cat1_20mph_lr_opposite_2/camera_images/1624829435.3164542.jpg
Cat1,20mph,lr,opposite,2,1624829435.3497875,/media/batool/MULTIMODAL_DATA/Multimodal_Data/Cat1/opposite/bag_files/Cat1_20mph_lr_opposite_2/camera_images/1624829435.3497875.jpg
Cat1,20mph,lr,opposite,2,1624829435.3831208,/media/batool/MULTIMODAL_DATA/Multimodal_Data/Cat1/opposite/bag_files/Cat1_20mph_lr_opposite_2/camera_images/1624829435.3831208.jpg
Cat1,20mph,lr,opposite,2,1624829435.416454,/media/batool/MULTIMODAL_DATA/Multimodal_Data/Cat1/opposite/bag_files/Cat1_20mph_lr_opposite_2/camera_images/1624829435.416454.jpg
Cat1,20mph,lr,opposite,2,1624829435.4497874,/media/batool/MULTIMODAL_DATA/Multimodal_Data/Cat1/opposite/bag_files/Cat1_20mph_lr_opposite_2/camera_images/1624829435.4497874.jpg
Cat1,20mph,lr,opposite,2,1624829435.4831207,/media/batool/MULTIMODAL_DATA/Multimodal_Data/Cat1/opposite/bag_files/Cat1_20mph_lr_opposite_2/camera_images/1624829435.4831207.jpg
Cat1,20mph,lr,opposite,2,1624829435.516454,/media/batool/MULTIMODAL_DATA/Multimodal_Data/Cat1/opposite/bag_files/Cat1_20mph_lr_opposite_2/camera_images/1624829435.516454.jpg
Cat1,20mph,lr,opposite,2,1624829435.5497873,/media/batool/MULTIMODAL_DATA/Multimodal_Data/Cat1/opposite/bag_files/Cat1_20mph_lr_opposite_2/camera_images/1624829435.5497873.jpg
Cat1,20mph,lr,opposite,2,1624829435.5831206,/media/batool/MULTIMODAL_DATA/Multimodal_Data/Cat1/opposite/bag_files/Cat1_20mph_lr_opposite_2/camera_images/1624829435.5831206.jpg
Cat1,20mph,lr,opposite,2,1624829435.616454,/media/batool/MULTIMODAL_DATA/Multimodal_Data/Cat1/opposite/bag_files/Cat1_20mph_lr_opposite_2/camera_images/1624829435.616454.jpg
Cat1,20mph,lr,opposite,2,1624829435.6497872,/media/batool/MULTIMODAL_DATA/Multimodal_Data/Cat1/opposite/bag_files/Cat1_20mph_lr_opposite_2/camera_images/1624829435.6497872.jpg
Cat1,20mph,lr,opposite,2,1624829435.6831205,/media/batool/MULTIMODAL_DATA/Multimodal_Data/Cat1/opposite/bag_files/Cat1_20mph_lr_opposite_2/camera_images/1624829435.6831205.jpg
Cat1,20mph,lr,opposite,2,1624829435.7164538,/media/batool/MULTIMODAL_DATA/Multimodal_Data/Cat1/opposite/bag_files/Cat1_20mph_lr_opposite_2/camera_images/1624829435.7164538.jpg
Cat1,20mph,lr,opposite,2,1624829435.749787,/media/batool/MULTIMODAL_DATA/Multimodal_Data/Cat1/opposite/bag_files/Cat1_20mph_lr_opposite_2/camera_images/1624829435.749787.jpg
Cat1,20mph,lr,opposite,2,1624829435.7831204,/media/batool/MULTIMODAL_DATA/Multimodal_Data/Cat1/opposite/bag_files/Cat1_20mph_lr_opposite_2/camera_images/1624829435.7831204.jpg
Cat1,20mph,lr,opposite,2,1624829435.849787,/media/batool/MULTIMODAL_DATA/Multimodal_Data/Cat1/opposite/bag_files/Cat1_20mph_lr_opposite_2/camera_images/1624829435.849787.jpg
Cat1,20mph,lr,opposite,2,1624829435.8831203,/media/batool/MULTIMODAL_DATA/Multimodal_Data/Cat1/opposite/bag_files/Cat1_20mph_lr_opposite_2/camera_images/1624829435.8831203.jpg
Cat1,20mph,lr,opposite,2,1624829435.9164536,/media/batool/MULTIMODAL_DATA/Multimodal_Data/Cat1/opposite/bag_files/Cat1_20mph_lr_opposite_2/camera_images/1624829435.9164536.jpg
Cat1,20mph,lr,opposite,2,1624829435.949787,/media/batool/MULTIMODAL_DATA/Multimodal_Data/Cat1/opposite/bag_files/Cat1_20mph_lr_opposite_2/camera_images/1624829435.949787.jpg
Cat1,20mph,lr,opposite,2,1624829435.9831202,/media/batool/MULTIMODAL_DATA/Multimodal_Data/Cat1/opposite/bag_files/Cat1_20mph_lr_opposite_2/camera_images/1624829435.9831202.jpg
Cat1,20mph,lr,opposite,2,1624829436.0164535,/media/batool/MULTIMODAL_DATA/Multimodal_Data/Cat1/opposite/bag_files/Cat1_20mph_lr_opposite_2/camera_images/1624829436.0164535.jpg
Cat1,20mph,lr,opposite,2,1624829436.0497868,/media/batool/MULTIMODAL_DATA/Multimodal_Data/Cat1/opposite/bag_files/Cat1_20mph_lr_opposite_2/camera_images/1624829436.0497868.jpg
Cat1,20mph,lr,opposite,2,1624829436.08312,/media/batool/MULTIMODAL_DATA/Multimodal_Data/Cat1/opposite/bag_files/Cat1_20mph_lr_opposite_2/camera_images/1624829436.08312.jpg
Cat1,20mph,lr,opposite,2,1624829436.1164534,/media/batool/MULTIMODAL_DATA/Multimodal_Data/Cat1/opposite/bag_files/Cat1_20mph_lr_opposite_2/camera_images/1624829436.1164534.jpg
Cat1,20mph,lr,opposite,2,1624829436.1497867,/media/batool/MULTIMODAL_DATA/Multimodal_Data/Cat1/opposite/bag_files/Cat1_20mph_lr_opposite_2/camera_images/1624829436.1497867.jpg
Cat1,20mph,lr,opposite,2,1624829436.18312,/media/batool/MULTIMODAL_DATA/Multimodal_Data/Cat1/opposite/bag_files/Cat1_20mph_lr_opposite_2/camera_images/1624829436.18312.jpg
Cat1,20mph,lr,opposite,2,1624829436.2164533,/media/batool/MULTIMODAL_DATA/Multimodal_Data/Cat1/opposite/bag_files/Cat1_20mph_lr_opposite_2/camera_images/1624829436.2164533.jpg
Cat1,20mph,lr,opposite,2,1624829436.2497866,/media/batool/MULTIMODAL_DATA/Multimodal_Data/Cat1/opposite/bag_files/Cat1_20mph_lr_opposite_2/camera_images/1624829436.2497866.jpg
Cat1,20mph,lr,opposite,2,1624829436.28312,/media/batool/MULTIMODAL_DATA/Multimodal_Data/Cat1/opposite/bag_files/Cat1_20mph_lr_opposite_2/camera_images/1624829436.28312.jpg
Cat1,20mph,lr,opposite,2,1624829436.3164532,/media/batool/MULTIMODAL_DATA/Multimodal_Data/Cat1/opposite/bag_files/Cat1_20mph_lr_opposite_2/camera_images/1624829436.3164532.jpg
Cat1,20mph,lr,opposite,2,1624829436.3831198,/media/batool/MULTIMODAL_DATA/Multimodal_Data/Cat1/opposite/bag_files/Cat1_20mph_lr_opposite_2/camera_images/1624829436.3831198.jpg
Cat1,20mph,lr,opposite,2,1624829436.4164531,/media/batool/MULTIMODAL_DATA/Multimodal_Data/Cat1/opposite/bag_files/Cat1_20mph_lr_opposite_2/camera_images/1624829436.4164531.jpg
Cat1,20mph,lr,opposite,2,1624829436.4497864,/media/batool/MULTIMODAL_DATA/Multimodal_Data/Cat1/opposite/bag_files/Cat1_20mph_lr_opposite_2/camera_images/1624829436.4497864.jpg
Cat1,20mph,lr,opposite,2,1624829436.4831197,/media/batool/MULTIMODAL_DATA/Multimodal_Data/Cat1/opposite/bag_files/Cat1_20mph_lr_opposite_2/camera_images/1624829436.4831197.jpg
Cat1,20mph,lr,opposite,2,1624829436.516453,/media/batool/MULTIMODAL_DATA/Multimodal_Data/Cat1/opposite/bag_files/Cat1_20mph_lr_opposite_2/camera_images/1624829436.516453.jpg
Cat1,20mph,lr,opposite,2,1624829436.5497863,/media/batool/MULTIMODAL_DATA/Multimodal_Data/Cat1/opposite/bag_files/Cat1_20mph_lr_opposite_2/camera_images/1624829436.5497863.jpg
Cat1,20mph,lr,opposite,2,1624829436.5831196,/media/batool/MULTIMODAL_DATA/Multimodal_Data/Cat1/opposite/bag_files/Cat1_20mph_lr_opposite_2/camera_images/1624829436.5831196.jpg
Cat1,20mph,lr,opposite,2,1624829436.616453,/media/batool/MULTIMODAL_DATA/Multimodal_Data/Cat1/opposite/bag_files/Cat1_20mph_lr_opposite_2/camera_images/1624829436.616453.jpg
Cat1,20mph,lr,opposite,2,1624829436.6497862,/media/batool/MULTIMODAL_DATA/Multimodal_Data/Cat1/opposite/bag_files/Cat1_20mph_lr_opposite_2/camera_images/1624829436.6497862.jpg
Cat1,20mph,lr,opposite,2,1624829436.6831195,/media/batool/MULTIMODAL_DATA/Multimodal_Data/Cat1/opposite/bag_files/Cat1_20mph_lr_opposite_2/camera_images/1624829436.6831195.jpg
Cat1,20mph,lr,opposite,2,1624829436.7164528,/media/batool/MULTIMODAL_DATA/Multimodal_Data/Cat1/opposite/bag_files/Cat1_20mph_lr_opposite_2/camera_images/1624829436.7164528.jpg
Cat1,20mph,lr,opposite,2,1624829436.7497861,/media/batool/MULTIMODAL_DATA/Multimodal_Data/Cat1/opposite/bag_files/Cat1_20mph_lr_opposite_2/camera_images/1624829436.7497861.jpg
Cat1,20mph,lr,opposite,2,1624829436.7831194,/media/batool/MULTIMODAL_DATA/Multimodal_Data/Cat1/opposite/bag_files/Cat1_20mph_lr_opposite_2/camera_images/1624829436.7831194.jpg
Cat1,20mph,lr,opposite,2,1624829436.8164527,/media/batool/MULTIMODAL_DATA/Multimodal_Data/Cat1/opposite/bag_files/Cat1_20mph_lr_opposite_2/camera_images/1624829436.8164527.jpg
Cat1,20mph,lr,opposite,2,1624829436.849786,/media/batool/MULTIMODAL_DATA/Multimodal_Data/Cat1/opposite/bag_files/Cat1_20mph_lr_opposite_2/camera_images/1624829436.849786.jpg
Cat1,20mph,lr,opposite,2,1624829435.2831209,/media/batool/MULTIMODAL_DATA/Multimodal_Data/Cat1/opposite/bag_files/Cat1_20mph_lr_opposite_2/camera_images/1624829435.2831209.jpg
Cat1,20mph,lr,opposite,2,1624829435.8164537,/media/batool/MULTIMODAL_DATA/Multimodal_Data/Cat1/opposite/bag_files/Cat1_20mph_lr_opposite_2/camera_images/1624829435.8164537.jpg
Cat1,20mph,lr,opposite,2,1624829436.3497865,/media/batool/MULTIMODAL_DATA/Multimodal_Data/Cat1/opposite/bag_files/Cat1_20mph_lr_opposite_2/camera_images/1624829436.3497865.jpg
Cat1,20mph,lr,opposite,2,1624829436.8831193,/media/batool/MULTIMODAL_DATA/Multimodal_Data/Cat1/opposite/bag_files/Cat1_20mph_lr_opposite_2/camera_images/1624829436.8831193.jpg
Cat1,20mph,lr,opposite,2,1624829437.4164522,/media/batool/MULTIMODAL_DATA/Multimodal_Data/Cat1/opposite/bag_files/Cat1_20mph_lr_opposite_2/camera_images/1624829437.4164522.jpg
Cat1,20mph,lr,opposite,2,1624829437.949785,/media/batool/MULTIMODAL_DATA/Multimodal_Data/Cat1/opposite/bag_files/Cat1_20mph_lr_opposite_2/camera_images/1624829437.949785.jpg
Cat1,20mph,lr,opposite,2,1624829438.4831178,/media/batool/MULTIMODAL_DATA/Multimodal_Data/Cat1/opposite/bag_files/Cat1_20mph_lr_opposite_2/camera_images/1624829438.4831178.jpg
Cat1,20mph,lr,opposite,2,1624829439.0164506,/media/batool/MULTIMODAL_DATA/Multimodal_Data/Cat1/opposite/bag_files/Cat1_20mph_lr_opposite_2/camera_images/1624829439.0164506.jpg
Cat1,20mph,lr,opposite,2,1624829439.5497835,/media/batool/MULTIMODAL_DATA/Multimodal_Data/Cat1/opposite/bag_files/Cat1_20mph_lr_opposite_2/camera_images/1624829439.5497835.jpg
Cat1,20mph,lr,opposite,2,1624829440.0831163,/media/batool/MULTIMODAL_DATA/Multimodal_Data/Cat1/opposite/bag_files/Cat1_20mph_lr_opposite_2/camera_images/1624829440.0831163.jpg
Cat1,20mph,lr,opposite,2,1624829440.616449,/media/batool/MULTIMODAL_DATA/Multimodal_Data/Cat1/opposite/bag_files/Cat1_20mph_lr_opposite_2/camera_images/1624829440.616449.jpg
Cat1,20mph,lr,opposite,2,1624829441.149782,/media/batool/MULTIMODAL_DATA/Multimodal_Data/Cat1/opposite/bag_files/Cat1_20mph_lr_opposite_2/camera_images/1624829441.149782.jpg
Cat1,20mph,lr,opposite,2,1624829441.6831148,/media/batool/MULTIMODAL_DATA/Multimodal_Data/Cat1/opposite/bag_files/Cat1_20mph_lr_opposite_2/camera_images/1624829441.6831148.jpg
Cat1,20mph,lr,opposite,2,1624829442.2164476,/media/batool/MULTIMODAL_DATA/Multimodal_Data/Cat1/opposite/bag_files/Cat1_20mph_lr_opposite_2/camera_images/1624829442.2164476.jpg
Cat1,20mph,lr,opposite,2,1624829442.7497804,/media/batool/MULTIMODAL_DATA/Multimodal_Data/Cat1/opposite/bag_files/Cat1_20mph_lr_opposite_2/camera_images/1624829442.7497804.jpg
Cat1,20mph,lr,opposite,2,1624829443.2831132,/media/batool/MULTIMODAL_DATA/Multimodal_Data/Cat1/opposite/bag_files/Cat1_20mph_lr_opposite_2/camera_images/1624829443.2831132.jpg
Cat1,20mph,lr,opposite,2,1624829443.816446,/media/batool/MULTIMODAL_DATA/Multimodal_Data/Cat1/opposite/bag_files/Cat1_20mph_lr_opposite_2/camera_images/1624829443.816446.jpg
Cat1,20mph,lr,opposite,2,1624829444.349779,/media/batool/MULTIMODAL_DATA/Multimodal_Data/Cat1/opposite/bag_files/Cat1_20mph_lr_opposite_2/camera_images/1624829444.349779.jpg
Cat1,20mph,lr,opposite,2,1624829444.8831117,/media/batool/MULTIMODAL_DATA/Multimodal_Data/Cat1/opposite/bag_files/Cat1_20mph_lr_opposite_2/camera_images/1624829444.8831117.jpg
Cat1,20mph,lr,opposite,2,1624829445.4164445,/media/batool/MULTIMODAL_DATA/Multimodal_Data/Cat1/opposite/bag_files/Cat1_20mph_lr_opposite_2/camera_images/1624829445.4164445.jpg
Cat1,20mph,lr,opposite,2,1624829445.9497774,/media/batool/MULTIMODAL_DATA/Multimodal_Data/Cat1/opposite/bag_files/Cat1_20mph_lr_opposite_2/camera_images/1624829445.9497774.jpg
Cat1,20mph,lr,opposite,2,1624829446.4831102,/media/batool/MULTIMODAL_DATA/Multimodal_Data/Cat1/opposite/bag_files/Cat1_20mph_lr_opposite_2/camera_images/1624829446.4831102.jpg
Cat1,20mph,lr,opposite,2,1624829447.016443,/media/batool/MULTIMODAL_DATA/Multimodal_Data/Cat1/opposite/bag_files/Cat1_20mph_lr_opposite_2/camera_images/1624829447.016443.jpg
Cat1,20mph,lr,opposite,2,1624829447.5497758,/media/batool/MULTIMODAL_DATA/Multimodal_Data/Cat1/opposite/bag_files/Cat1_20mph_lr_opposite_2/camera_images/1624829447.5497758.jpg
Cat1,20mph,lr,opposite,2,1624829448.0831087,/media/batool/MULTIMODAL_DATA/Multimodal_Data/Cat1/opposite/bag_files/Cat1_20mph_lr_opposite_2/camera_images/1624829448.0831087.jpg
Cat1,20mph,lr,opposite,2,1624829448.6164415,/media/batool/MULTIMODAL_DATA/Multimodal_Data/Cat1/opposite/bag_files/Cat1_20mph_lr_opposite_2/camera_images/1624829448.6164415.jpg
Cat1,20mph,lr,opposite,2,1624829449.1497743,/media/batool/MULTIMODAL_DATA/Multimodal_Data/Cat1/opposite/bag_files/Cat1_20mph_lr_opposite_2/camera_images/1624829449.1497743.jpg
Cat1,20mph,lr,opposite,2,1624829436.9164526,/media/batool/MULTIMODAL_DATA/Multimodal_Data/Cat1/opposite/bag_files/Cat1_20mph_lr_opposite_2/camera_images/1624829436.9164526.jpg
Cat1,20mph,lr,opposite,2,1624829436.949786,/media/batool/MULTIMODAL_DATA/Multimodal_Data/Cat1/opposite/bag_files/Cat1_20mph_lr_opposite_2/camera_images/1624829436.949786.jpg
Cat1,20mph,lr,opposite,2,1624829436.9831192,/media/batool/MULTIMODAL_DATA/Multimodal_Data/Cat1/opposite/bag_files/Cat1_20mph_lr_opposite_2/camera_images/1624829436.9831192.jpg
Cat1,20mph,lr,opposite,2,1624829437.0164526,/media/batool/MULTIMODAL_DATA/Multimodal_Data/Cat1/opposite/bag_files/Cat1_20mph_lr_opposite_2/camera_images/1624829437.0164526.jpg
Cat1,20mph,lr,opposite,2,1624829437.0497859,/media/batool/MULTIMODAL_DATA/Multimodal_Data/Cat1/opposite/bag_files/Cat1_20mph_lr_opposite_2/camera_images/1624829437.0497859.jpg
Cat1,20mph,lr,opposite,2,1624829437.0831192,/media/batool/MULTIMODAL_DATA/Multimodal_Data/Cat1/opposite/bag_files/Cat1_20mph_lr_opposite_2/camera_images/1624829437.0831192.jpg
Cat1,20mph,lr,opposite,2,1624829437.1164525,/media/batool/MULTIMODAL_DATA/Multimodal_Data/Cat1/opposite/bag_files/Cat1_20mph_lr_opposite_2/camera_images/1624829437.1164525.jpg
Cat1,20mph,lr,opposite,2,1624829437.1497858,/media/batool/MULTIMODAL_DATA/Multimodal_Data/Cat1/opposite/bag_files/Cat1_20mph_lr_opposite_2/camera_images/1624829437.1497858.jpg
Cat1,20mph,lr,opposite,2,1624829437.183119,/media/batool/MULTIMODAL_DATA/Multimodal_Data/Cat1/opposite/bag_files/Cat1_20mph_lr_opposite_2/camera_images/1624829437.183119.jpg
Cat1,20mph,lr,opposite,2,1624829437.2164524,/media/batool/MULTIMODAL_DATA/Multimodal_Data/Cat1/opposite/bag_files/Cat1_20mph_lr_opposite_2/camera_images/1624829437.2164524.jpg
Cat1,20mph,lr,opposite,2,1624829437.2497857,/media/batool/MULTIMODAL_DATA/Multimodal_Data/Cat1/opposite/bag_files/Cat1_20mph_lr_opposite_2/camera_images/1624829437.2497857.jpg
Cat1,20mph,lr,opposite,2,1624829437.283119,/media/batool/MULTIMODAL_DATA/Multimodal_Data/Cat1/opposite/bag_files/Cat1_20mph_lr_opposite_2/camera_images/1624829437.283119.jpg
Cat1,20mph,lr,opposite,2,1624829437.3164523,/media/batool/MULTIMODAL_DATA/Multimodal_Data/Cat1/opposite/bag_files/Cat1_20mph_lr_opposite_2/camera_images/1624829437.3164523.jpg
Cat1,20mph,lr,opposite,2,1624829437.3497856,/media/batool/MULTIMODAL_DATA/Multimodal_Data/Cat1/opposite/bag_files/Cat1_20mph_lr_opposite_2/camera_images/1624829437.3497856.jpg
Cat1,20mph,lr,opposite,2,1624829437.3831189,/media/batool/MULTIMODAL_DATA/Multimodal_Data/Cat1/opposite/bag_files/Cat1_20mph_lr_opposite_2/camera_images/1624829437.3831189.jpg
Cat1,20mph,lr,opposite,2,1624829437.4497855,/media/batool/MULTIMODAL_DATA/Multimodal_Data/Cat1/opposite/bag_files/Cat1_20mph_lr_opposite_2/camera_images/1624829437.4497855.jpg
Cat1,20mph,lr,opposite,2,1624829437.4831188,/media/batool/MULTIMODAL_DATA/Multimodal_Data/Cat1/opposite/bag_files/Cat1_20mph_lr_opposite_2/camera_images/1624829437.4831188.jpg
Cat1,20mph,lr,opposite,2,1624829437.516452,/media/batool/MULTIMODAL_DATA/Multimodal_Data/Cat1/opposite/bag_files/Cat1_20mph_lr_opposite_2/camera_images/1624829437.516452.jpg
Cat1,20mph,lr,opposite,2,1624829437.5497854,/media/batool/MULTIMODAL_DATA/Multimodal_Data/Cat1/opposite/bag_files/Cat1_20mph_lr_opposite_2/camera_images/1624829437.5497854.jpg
Cat1,20mph,lr,opposite,2,1624829437.5831187,/media/batool/MULTIMODAL_DATA/Multimodal_Data/Cat1/opposite/bag_files/Cat1_20mph_lr_opposite_2/camera_images/1624829437.5831187.jpg
Cat1,20mph,lr,opposite,2,1624829437.616452,/media/batool/MULTIMODAL_DATA/Multimodal_Data/Cat1/opposite/bag_files/Cat1_20mph_lr_opposite_2/camera_images/1624829437.616452.jpg
Cat1,20mph,lr,opposite,2,1624829437.6497853,/media/batool/MULTIMODAL_DATA/Multimodal_Data/Cat1/opposite/bag_files/Cat1_20mph_lr_opposite_2/camera_images/1624829437.6497853.jpg
Cat1,20mph,lr,opposite,2,1624829437.6831186,/media/batool/MULTIMODAL_DATA/Multimodal_Data/Cat1/opposite/bag_files/Cat1_20mph_lr_opposite_2/camera_images/1624829437.6831186.jpg
Cat1,20mph,lr,opposite,2,1624829437.716452,/media/batool/MULTIMODAL_DATA/Multimodal_Data/Cat1/opposite/bag_files/Cat1_20mph_lr_opposite_2/camera_images/1624829437.716452.jpg
Cat1,20mph,lr,opposite,2,1624829437.7497852,/media/batool/MULTIMODAL_DATA/Multimodal_Data/Cat1/opposite/bag_files/Cat1_20mph_lr_opposite_2/camera_images/1624829437.7497852.jpg
Cat1,20mph,lr,opposite,2,1624829437.7831185,/media/batool/MULTIMODAL_DATA/Multimodal_Data/Cat1/opposite/bag_files/Cat1_20mph_lr_opposite_2/camera_images/1624829437.7831185.jpg
Cat1,20mph,lr,opposite,2,1624829437.8164518,/media/batool/MULTIMODAL_DATA/Multimodal_Data/Cat1/opposite/bag_files/Cat1_20mph_lr_opposite_2/camera_images/1624829437.8164518.jpg
Cat1,20mph,lr,opposite,2,1624829437.849785,/media/batool/MULTIMODAL_DATA/Multimodal_Data/Cat1/opposite/bag_files/Cat1_20mph_lr_opposite_2/camera_images/1624829437.849785.jpg
Cat1,20mph,lr,opposite,2,1624829437.8831184,/media/batool/MULTIMODAL_DATA/Multimodal_Data/Cat1/opposite/bag_files/Cat1_20mph_lr_opposite_2/camera_images/1624829437.8831184.jpg
Cat1,20mph,lr,opposite,2,1624829437.9164517,/media/batool/MULTIMODAL_DATA/Multimodal_Data/Cat1/opposite/bag_files/Cat1_20mph_lr_opposite_2/camera_images/1624829437.9164517.jpg
Cat1,20mph,lr,opposite,2,1624829437.9831183,/media/batool/MULTIMODAL_DATA/Multimodal_Data/Cat1/opposite/bag_files/Cat1_20mph_lr_opposite_2/camera_images/1624829437.9831183.jpg
Cat1,20mph,lr,opposite,2,1624829438.0164516,/media/batool/MULTIMODAL_DATA/Multimodal_Data/Cat1/opposite/bag_files/Cat1_20mph_lr_opposite_2/camera_images/1624829438.0164516.jpg
Cat1,20mph,lr,opposite,2,1624829438.049785,/media/batool/MULTIMODAL_DATA/Multimodal_Data/Cat1/opposite/bag_files/Cat1_20mph_lr_opposite_2/camera_images/1624829438.049785.jpg
Cat1,20mph,lr,opposite,2,1624829438.0831182,/media/batool/MULTIMODAL_DATA/Multimodal_Data/Cat1/opposite/bag_files/Cat1_20mph_lr_opposite_2/camera_images/1624829438.0831182.jpg
Cat1,20mph,lr,opposite,2,1624829438.1164515,/media/batool/MULTIMODAL_DATA/Multimodal_Data/Cat1/opposite/bag_files/Cat1_20mph_lr_opposite_2/camera_images/1624829438.1164515.jpg
Cat1,20mph,lr,opposite,2,1624829438.1497848,/media/batool/MULTIMODAL_DATA/Multimodal_Data/Cat1/opposite/bag_files/Cat1_20mph_lr_opposite_2/camera_images/1624829438.1497848.jpg
Cat1,20mph,lr,opposite,2,1624829438.183118,/media/batool/MULTIMODAL_DATA/Multimodal_Data/Cat1/opposite/bag_files/Cat1_20mph_lr_opposite_2/camera_images/1624829438.183118.jpg
Cat1,20mph,lr,opposite,2,1624829438.2164514,/media/batool/MULTIMODAL_DATA/Multimodal_Data/Cat1/opposite/bag_files/Cat1_20mph_lr_opposite_2/camera_images/1624829438.2164514.jpg
Cat1,20mph,lr,opposite,2,1624829438.2497847,/media/batool/MULTIMODAL_DATA/Multimodal_Data/Cat1/opposite/bag_files/Cat1_20mph_lr_opposite_2/camera_images/1624829438.2497847.jpg
Cat1,20mph,lr,opposite,2,1624829438.283118,/media/batool/MULTIMODAL_DATA/Multimodal_Data/Cat1/opposite/bag_files/Cat1_20mph_lr_opposite_2/camera_images/1624829438.283118.jpg
Cat1,20mph,lr,opposite,2,1624829438.3164513,/media/batool/MULTIMODAL_DATA/Multimodal_Data/Cat1/opposite/bag_files/Cat1_20mph_lr_opposite_2/camera_images/1624829438.3164513.jpg
Cat1,20mph,lr,opposite,2,1624829438.3497846,/media/batool/MULTIMODAL_DATA/Multimodal_Data/Cat1/opposite/bag_files/Cat1_20mph_lr_opposite_2/camera_images/1624829438.3497846.jpg
Cat1,20mph,lr,opposite,2,1624829438.383118,/media/batool/MULTIMODAL_DATA/Multimodal_Data/Cat1/opposite/bag_files/Cat1_20mph_lr_opposite_2/camera_images/1624829438.383118.jpg
Cat1,20mph,lr,opposite,2,1624829438.4164512,/media/batool/MULTIMODAL_DATA/Multimodal_Data/Cat1/opposite/bag_files/Cat1_20mph_lr_opposite_2/camera_images/1624829438.4164512.jpg
Cat1,20mph,lr,opposite,2,1624829438.4497845,/media/batool/MULTIMODAL_DATA/Multimodal_Data/Cat1/opposite/bag_files/Cat1_20mph_lr_opposite_2/camera_images/1624829438.4497845.jpg
Cat1,20mph,lr,opposite,2,1624829438.5164511,/media/batool/MULTIMODAL_DATA/Multimodal_Data/Cat1/opposite/bag_files/Cat1_20mph_lr_opposite_2/camera_images/1624829438.5164511.jpg
Cat1,20mph,lr,opposite,2,1624829438.5497844,/media/batool/MULTIMODAL_DATA/Multimodal_Data/Cat1/opposite/bag_files/Cat1_20mph_lr_opposite_2/camera_images/1624829438.5497844.jpg
Cat1,20mph,lr,opposite,2,1624829438.5831177,/media/batool/MULTIMODAL_DATA/Multimodal_Data/Cat1/opposite/bag_files/Cat1_20mph_lr_opposite_2/camera_images/1624829438.5831177.jpg
Cat1,20mph,lr,opposite,2,1624829438.616451,/media/batool/MULTIMODAL_DATA/Multimodal_Data/Cat1/opposite/bag_files/Cat1_20mph_lr_opposite_2/camera_images/1624829438.616451.jpg
Cat1,20mph,lr,opposite,2,1624829438.6497843,/media/batool/MULTIMODAL_DATA/Multimodal_Data/Cat1/opposite/bag_files/Cat1_20mph_lr_opposite_2/camera_images/1624829438.6497843.jpg
Cat1,20mph,lr,opposite,2,1624829438.6831176,/media/batool/MULTIMODAL_DATA/Multimodal_Data/Cat1/opposite/bag_files/Cat1_20mph_lr_opposite_2/camera_images/1624829438.6831176.jpg
Cat1,20mph,lr,opposite,2,1624829438.716451,/media/batool/MULTIMODAL_DATA/Multimodal_Data/Cat1/opposite/bag_files/Cat1_20mph_lr_opposite_2/camera_images/1624829438.716451.jpg
Cat1,20mph,lr,opposite,2,1624829438.7497842,/media/batool/MULTIMODAL_DATA/Multimodal_Data/Cat1/opposite/bag_files/Cat1_20mph_lr_opposite_2/camera_images/1624829438.7497842.jpg
Cat1,20mph,lr,opposite,2,1624829438.7831175,/media/batool/MULTIMODAL_DATA/Multimodal_Data/Cat1/opposite/bag_files/Cat1_20mph_lr_opposite_2/camera_images/1624829438.7831175.jpg
Cat1,20mph,lr,opposite,2,1624829438.8164508,/media/batool/MULTIMODAL_DATA/Multimodal_Data/Cat1/opposite/bag_files/Cat1_20mph_lr_opposite_2/camera_images/1624829438.8164508.jpg
Cat1,20mph,lr,opposite,2,1624829438.8497841,/media/batool/MULTIMODAL_DATA/Multimodal_Data/Cat1/opposite/bag_files/Cat1_20mph_lr_opposite_2/camera_images/1624829438.8497841.jpg
Cat1,20mph,lr,opposite,2,1624829438.8831174,/media/batool/MULTIMODAL_DATA/Multimodal_Data/Cat1/opposite/bag_files/Cat1_20mph_lr_opposite_2/camera_images/1624829438.8831174.jpg
Cat1,20mph,lr,opposite,2,1624829438.9164507,/media/batool/MULTIMODAL_DATA/Multimodal_Data/Cat1/opposite/bag_files/Cat1_20mph_lr_opposite_2/camera_images/1624829438.9164507.jpg
Cat1,20mph,lr,opposite,2,1624829438.949784,/media/batool/MULTIMODAL_DATA/Multimodal_Data/Cat1/opposite/bag_files/Cat1_20mph_lr_opposite_2/camera_images/1624829438.949784.jpg
Cat1,20mph,lr,opposite,2,1624829438.9831173,/media/batool/MULTIMODAL_DATA/Multimodal_Data/Cat1/opposite/bag_files/Cat1_20mph_lr_opposite_2/camera_images/1624829438.9831173.jpg
Cat1,20mph,lr,opposite,2,1624829439.049784,/media/batool/MULTIMODAL_DATA/Multimodal_Data/Cat1/opposite/bag_files/Cat1_20mph_lr_opposite_2/camera_images/1624829439.049784.jpg
Cat1,20mph,lr,opposite,2,1624829439.0831172,/media/batool/MULTIMODAL_DATA/Multimodal_Data/Cat1/opposite/bag_files/Cat1_20mph_lr_opposite_2/camera_images/1624829439.0831172.jpg
Cat1,20mph,lr,opposite,2,1624829439.1164505,/media/batool/MULTIMODAL_DATA/Multimodal_Data/Cat1/opposite/bag_files/Cat1_20mph_lr_opposite_2/camera_images/1624829439.1164505.jpg
Cat1,20mph,lr,opposite,2,1624829439.1497838,/media/batool/MULTIMODAL_DATA/Multimodal_Data/Cat1/opposite/bag_files/Cat1_20mph_lr_opposite_2/camera_images/1624829439.1497838.jpg
Cat1,20mph,lr,opposite,2,1624829439.1831172,/media/batool/MULTIMODAL_DATA/Multimodal_Data/Cat1/opposite/bag_files/Cat1_20mph_lr_opposite_2/camera_images/1624829439.1831172.jpg
Cat1,20mph,lr,opposite,2,1624829439.2164505,/media/batool/MULTIMODAL_DATA/Multimodal_Data/Cat1/opposite/bag_files/Cat1_20mph_lr_opposite_2/camera_images/1624829439.2164505.jpg
Cat1,20mph,lr,opposite,2,1624829439.2497838,/media/batool/MULTIMODAL_DATA/Multimodal_Data/Cat1/opposite/bag_files/Cat1_20mph_lr_opposite_2/camera_images/1624829439.2497838.jpg
Cat1,20mph,lr,opposite,2,1624829439.283117,/media/batool/MULTIMODAL_DATA/Multimodal_Data/Cat1/opposite/bag_files/Cat1_20mph_lr_opposite_2/camera_images/1624829439.283117.jpg
Cat1,20mph,lr,opposite,2,1624829439.3164504,/media/batool/MULTIMODAL_DATA/Multimodal_Data/Cat1/opposite/bag_files/Cat1_20mph_lr_opposite_2/camera_images/1624829439.3164504.jpg
Cat1,20mph,lr,opposite,2,1624829439.3497837,/media/batool/MULTIMODAL_DATA/Multimodal_Data/Cat1/opposite/bag_files/Cat1_20mph_lr_opposite_2/camera_images/1624829439.3497837.jpg
Cat1,20mph,lr,opposite,2,1624829439.383117,/media/batool/MULTIMODAL_DATA/Multimodal_Data/Cat1/opposite/bag_files/Cat1_20mph_lr_opposite_2/camera_images/1624829439.383117.jpg
Cat1,20mph,lr,opposite,2,1624829439.4164503,/media/batool/MULTIMODAL_DATA/Multimodal_Data/Cat1/opposite/bag_files/Cat1_20mph_lr_opposite_2/camera_images/1624829439.4164503.jpg
Cat1,20mph,lr,opposite,2,1624829439.4497836,/media/batool/MULTIMODAL_DATA/Multimodal_Data/Cat1/opposite/bag_files/Cat1_20mph_lr_opposite_2/camera_images/1624829439.4497836.jpg
Cat1,20mph,lr,opposite,2,1624829439.4831169,/media/batool/MULTIMODAL_DATA/Multimodal_Data/Cat1/opposite/bag_files/Cat1_20mph_lr_opposite_2/camera_images/1624829439.4831169.jpg
Cat1,20mph,lr,opposite,2,1624829439.5164502,/media/batool/MULTIMODAL_DATA/Multimodal_Data/Cat1/opposite/bag_files/Cat1_20mph_lr_opposite_2/camera_images/1624829439.5164502.jpg
Cat1,20mph,lr,opposite,2,1624829439.5831168,/media/batool/MULTIMODAL_DATA/Multimodal_Data/Cat1/opposite/bag_files/Cat1_20mph_lr_opposite_2/camera_images/1624829439.5831168.jpg
Cat1,20mph,lr,opposite,2,1624829439.61645,/media/batool/MULTIMODAL_DATA/Multimodal_Data/Cat1/opposite/bag_files/Cat1_20mph_lr_opposite_2/camera_images/1624829439.61645.jpg
Cat1,20mph,lr,opposite,2,1624829439.6497834,/media/batool/MULTIMODAL_DATA/Multimodal_Data/Cat1/opposite/bag_files/Cat1_20mph_lr_opposite_2/camera_images/1624829439.6497834.jpg
Cat1,20mph,lr,opposite,2,1624829439.6831167,/media/batool/MULTIMODAL_DATA/Multimodal_Data/Cat1/opposite/bag_files/Cat1_20mph_lr_opposite_2/camera_images/1624829439.6831167.jpg
Cat1,20mph,lr,opposite,2,1624829439.71645,/media/batool/MULTIMODAL_DATA/Multimodal_Data/Cat1/opposite/bag_files/Cat1_20mph_lr_opposite_2/camera_images/1624829439.71645.jpg
Cat1,20mph,lr,opposite,2,1624829439.7497833,/media/batool/MULTIMODAL_DATA/Multimodal_Data/Cat1/opposite/bag_files/Cat1_20mph_lr_opposite_2/camera_images/1624829439.7497833.jpg
Cat1,20mph,lr,opposite,2,1624829439.7831166,/media/batool/MULTIMODAL_DATA/Multimodal_Data/Cat1/opposite/bag_files/Cat1_20mph_lr_opposite_2/camera_images/1624829439.7831166.jpg
Cat1,20mph,lr,opposite,2,1624829439.8164499,/media/batool/MULTIMODAL_DATA/Multimodal_Data/Cat1/opposite/bag_files/Cat1_20mph_lr_opposite_2/camera_images/1624829439.8164499.jpg
Cat1,20mph,lr,opposite,2,1624829439.8497832,/media/batool/MULTIMODAL_DATA/Multimodal_Data/Cat1/opposite/bag_files/Cat1_20mph_lr_opposite_2/camera_images/1624829439.8497832.jpg
Cat1,20mph,lr,opposite,2,1624829439.8831165,/media/batool/MULTIMODAL_DATA/Multimodal_Data/Cat1/opposite/bag_files/Cat1_20mph_lr_opposite_2/camera_images/1624829439.8831165.jpg
Cat1,20mph,lr,opposite,2,1624829439.9164498,/media/batool/MULTIMODAL_DATA/Multimodal_Data/Cat1/opposite/bag_files/Cat1_20mph_lr_opposite_2/camera_images/1624829439.9164498.jpg
Cat1,20mph,lr,opposite,2,1624829439.949783,/media/batool/MULTIMODAL_DATA/Multimodal_Data/Cat1/opposite/bag_files/Cat1_20mph_lr_opposite_2/camera_images/1624829439.949783.jpg
Cat1,20mph,lr,opposite,2,1624829439.9831164,/media/batool/MULTIMODAL_DATA/Multimodal_Data/Cat1/opposite/bag_files/Cat1_20mph_lr_opposite_2/camera_images/1624829439.9831164.jpg
Cat1,20mph,lr,opposite,2,1624829440.0164497,/media/batool/MULTIMODAL_DATA/Multimodal_Data/Cat1/opposite/bag_files/Cat1_20mph_lr_opposite_2/camera_images/1624829440.0164497.jpg
Cat1,20mph,lr,opposite,2,1624829440.049783,/media/batool/MULTIMODAL_DATA/Multimodal_Data/Cat1/opposite/bag_files/Cat1_20mph_lr_opposite_2/camera_images/1624829440.049783.jpg
Cat1,20mph,lr,opposite,2,1624829440.1164496,/media/batool/MULTIMODAL_DATA/Multimodal_Data/Cat1/opposite/bag_files/Cat1_20mph_lr_opposite_2/camera_images/1624829440.1164496.jpg
Cat1,20mph,lr,opposite,2,1624829440.149783,/media/batool/MULTIMODAL_DATA/Multimodal_Data/Cat1/opposite/bag_files/Cat1_20mph_lr_opposite_2/camera_images/1624829440.149783.jpg
Cat1,20mph,lr,opposite,2,1624829440.1831162,/media/batool/MULTIMODAL_DATA/Multimodal_Data/Cat1/opposite/bag_files/Cat1_20mph_lr_opposite_2/camera_images/1624829440.1831162.jpg
Cat1,20mph,lr,opposite,2,1624829440.2164495,/media/batool/MULTIMODAL_DATA/Multimodal_Data/Cat1/opposite/bag_files/Cat1_20mph_lr_opposite_2/camera_images/1624829440.2164495.jpg
Cat1,20mph,lr,opposite,2,1624829440.2497828,/media/batool/MULTIMODAL_DATA/Multimodal_Data/Cat1/opposite/bag_files/Cat1_20mph_lr_opposite_2/camera_images/1624829440.2497828.jpg
Cat1,20mph,lr,opposite,2,1624829440.283116,/media/batool/MULTIMODAL_DATA/Multimodal_Data/Cat1/opposite/bag_files/Cat1_20mph_lr_opposite_2/camera_images/1624829440.283116.jpg
Cat1,20mph,lr,opposite,2,1624829440.3164494,/media/batool/MULTIMODAL_DATA/Multimodal_Data/Cat1/opposite/bag_files/Cat1_20mph_lr_opposite_2/camera_images/1624829440.3164494.jpg
Cat1,20mph,lr,opposite,2,1624829440.3497827,/media/batool/MULTIMODAL_DATA/Multimodal_Data/Cat1/opposite/bag_files/Cat1_20mph_lr_opposite_2/camera_images/1624829440.3497827.jpg
Cat1,20mph,lr,opposite,2,1624829440.383116,/media/batool/MULTIMODAL_DATA/Multimodal_Data/Cat1/opposite/bag_files/Cat1_20mph_lr_opposite_2/camera_images/1624829440.383116.jpg
Cat1,20mph,lr,opposite,2,1624829440.4164493,/media/batool/MULTIMODAL_DATA/Multimodal_Data/Cat1/opposite/bag_files/Cat1_20mph_lr_opposite_2/camera_images/1624829440.4164493.jpg
Cat1,20mph,lr,opposite,2,1624829440.4497826,/media/batool/MULTIMODAL_DATA/Multimodal_Data/Cat1/opposite/bag_files/Cat1_20mph_lr_opposite_2/camera_images/1624829440.4497826.jpg
Cat1,20mph,lr,opposite,2,1624829440.483116,/media/batool/MULTIMODAL_DATA/Multimodal_Data/Cat1/opposite/bag_files/Cat1_20mph_lr_opposite_2/camera_images/1624829440.483116.jpg
Cat1,20mph,lr,opposite,2,1624829440.5164492,/media/batool/MULTIMODAL_DATA/Multimodal_Data/Cat1/opposite/bag_files/Cat1_20mph_lr_opposite_2/camera_images/1624829440.5164492.jpg
Cat1,20mph,lr,opposite,2,1624829440.5497825,/media/batool/MULTIMODAL_DATA/Multimodal_Data/Cat1/opposite/bag_files/Cat1_20mph_lr_opposite_2/camera_images/1624829440.5497825.jpg
Cat1,20mph,lr,opposite,2,1624829440.5831158,/media/batool/MULTIMODAL_DATA/Multimodal_Data/Cat1/opposite/bag_files/Cat1_20mph_lr_opposite_2/camera_images/1624829440.5831158.jpg
Cat1,20mph,lr,opposite,2,1624829440.6497824,/media/batool/MULTIMODAL_DATA/Multimodal_Data/Cat1/opposite/bag_files/Cat1_20mph_lr_opposite_2/camera_images/1624829440.6497824.jpg
Cat1,20mph,lr,opposite,2,1624829440.6831157,/media/batool/MULTIMODAL_DATA/Multimodal_Data/Cat1/opposite/bag_files/Cat1_20mph_lr_opposite_2/camera_images/1624829440.6831157.jpg
Cat1,20mph,lr,opposite,2,1624829440.716449,/media/batool/MULTIMODAL_DATA/Multimodal_Data/Cat1/opposite/bag_files/Cat1_20mph_lr_opposite_2/camera_images/1624829440.716449.jpg
Cat1,20mph,lr,opposite,2,1624829440.7497823,/media/batool/MULTIMODAL_DATA/Multimodal_Data/Cat1/opposite/bag_files/Cat1_20mph_lr_opposite_2/camera_images/1624829440.7497823.jpg
Cat1,20mph,lr,opposite,2,1624829440.7831156,/media/batool/MULTIMODAL_DATA/Multimodal_Data/Cat1/opposite/bag_files/Cat1_20mph_lr_opposite_2/camera_images/1624829440.7831156.jpg
Cat1,20mph,lr,opposite,2,1624829440.816449,/media/batool/MULTIMODAL_DATA/Multimodal_Data/Cat1/opposite/bag_files/Cat1_20mph_lr_opposite_2/camera_images/1624829440.816449.jpg
Cat1,20mph,lr,opposite,2,1624829440.8497822,/media/batool/MULTIMODAL_DATA/Multimodal_Data/Cat1/opposite/bag_files/Cat1_20mph_lr_opposite_2/camera_images/1624829440.8497822.jpg
Cat1,20mph,lr,opposite,2,1624829440.8831155,/media/batool/MULTIMODAL_DATA/Multimodal_Data/Cat1/opposite/bag_files/Cat1_20mph_lr_opposite_2/camera_images/1624829440.8831155.jpg
Cat1,20mph,lr,opposite,2,1624829440.9164488,/media/batool/MULTIMODAL_DATA/Multimodal_Data/Cat1/opposite/bag_files/Cat1_20mph_lr_opposite_2/camera_images/1624829440.9164488.jpg
Cat1,20mph,lr,opposite,2,1624829440.9497821,/media/batool/MULTIMODAL_DATA/Multimodal_Data/Cat1/opposite/bag_files/Cat1_20mph_lr_opposite_2/camera_images/1624829440.9497821.jpg
Cat1,20mph,lr,opposite,2,1624829440.9831154,/media/batool/MULTIMODAL_DATA/Multimodal_Data/Cat1/opposite/bag_files/Cat1_20mph_lr_opposite_2/camera_images/1624829440.9831154.jpg
Cat1,20mph,lr,opposite,2,1624829441.0164487,/media/batool/MULTIMODAL_DATA/Multimodal_Data/Cat1/opposite/bag_files/Cat1_20mph_lr_opposite_2/camera_images/1624829441.0164487.jpg
Cat1,20mph,lr,opposite,2,1624829441.049782,/media/batool/MULTIMODAL_DATA/Multimodal_Data/Cat1/opposite/bag_files/Cat1_20mph_lr_opposite_2/camera_images/1624829441.049782.jpg
Cat1,20mph,lr,opposite,2,1624829441.0831153,/media/batool/MULTIMODAL_DATA/Multimodal_Data/Cat1/opposite/bag_files/Cat1_20mph_lr_opposite_2/camera_images/1624829441.0831153.jpg
Cat1,20mph,lr,opposite,2,1624829441.1164486,/media/batool/MULTIMODAL_DATA/Multimodal_Data/Cat1/opposite/bag_files/Cat1_20mph_lr_opposite_2/camera_images/1624829441.1164486.jpg
Cat1,20mph,lr,opposite,2,1624829441.1831152,/media/batool/MULTIMODAL_DATA/Multimodal_Data/Cat1/opposite/bag_files/Cat1_20mph_lr_opposite_2/camera_images/1624829441.1831152.jpg
Cat1,20mph,lr,opposite,2,1624829441.2164485,/media/batool/MULTIMODAL_DATA/Multimodal_Data/Cat1/opposite/bag_files/Cat1_20mph_lr_opposite_2/camera_images/1624829441.2164485.jpg
Cat1,20mph,lr,opposite,2,1624829441.2497818,/media/batool/MULTIMODAL_DATA/Multimodal_Data/Cat1/opposite/bag_files/Cat1_20mph_lr_opposite_2/camera_images/1624829441.2497818.jpg
Cat1,20mph,lr,opposite,2,1624829441.2831151,/media/batool/MULTIMODAL_DATA/Multimodal_Data/Cat1/opposite/bag_files/Cat1_20mph_lr_opposite_2/camera_images/1624829441.2831151.jpg
Cat1,20mph,lr,opposite,2,1624829441.3164485,/media/batool/MULTIMODAL_DATA/Multimodal_Data/Cat1/opposite/bag_files/Cat1_20mph_lr_opposite_2/camera_images/1624829441.3164485.jpg
Cat1,20mph,lr,opposite,2,1624829441.3497818,/media/batool/MULTIMODAL_DATA/Multimodal_Data/Cat1/opposite/bag_files/Cat1_20mph_lr_opposite_2/camera_images/1624829441.3497818.jpg
Cat1,20mph,lr,opposite,2,1624829441.383115,/media/batool/MULTIMODAL_DATA/Multimodal_Data/Cat1/opposite/bag_files/Cat1_20mph_lr_opposite_2/camera_images/1624829441.383115.jpg
Cat1,20mph,lr,opposite,2,1624829441.4164484,/media/batool/MULTIMODAL_DATA/Multimodal_Data/Cat1/opposite/bag_files/Cat1_20mph_lr_opposite_2/camera_images/1624829441.4164484.jpg
Cat1,20mph,lr,opposite,2,1624829441.4497817,/media/batool/MULTIMODAL_DATA/Multimodal_Data/Cat1/opposite/bag_files/Cat1_20mph_lr_opposite_2/camera_images/1624829441.4497817.jpg
Cat1,20mph,lr,opposite,2,1624829441.483115,/media/batool/MULTIMODAL_DATA/Multimodal_Data/Cat1/opposite/bag_files/Cat1_20mph_lr_opposite_2/camera_images/1624829441.483115.jpg
Cat1,20mph,lr,opposite,2,1624829441.5164483,/media/batool/MULTIMODAL_DATA/Multimodal_Data/Cat1/opposite/bag_files/Cat1_20mph_lr_opposite_2/camera_images/1624829441.5164483.jpg
Cat1,20mph,lr,opposite,2,1624829441.5497816,/media/batool/MULTIMODAL_DATA/Multimodal_Data/Cat1/opposite/bag_files/Cat1_20mph_lr_opposite_2/camera_images/1624829441.5497816.jpg
Cat1,20mph,lr,opposite,2,1624829441.5831149,/media/batool/MULTIMODAL_DATA/Multimodal_Data/Cat1/opposite/bag_files/Cat1_20mph_lr_opposite_2/camera_images/1624829441.5831149.jpg
Cat1,20mph,lr,opposite,2,1624829441.6164482,/media/batool/MULTIMODAL_DATA/Multimodal_Data/Cat1/opposite/bag_files/Cat1_20mph_lr_opposite_2/camera_images/1624829441.6164482.jpg
Cat1,20mph,lr,opposite,2,1624829441.6497815,/media/batool/MULTIMODAL_DATA/Multimodal_Data/Cat1/opposite/bag_files/Cat1_20mph_lr_opposite_2/camera_images/1624829441.6497815.jpg
Cat1,20mph,lr,opposite,2,1624829441.716448,/media/batool/MULTIMODAL_DATA/Multimodal_Data/Cat1/opposite/bag_files/Cat1_20mph_lr_opposite_2/camera_images/1624829441.716448.jpg
Cat1,20mph,lr,opposite,2,1624829441.7497814,/media/batool/MULTIMODAL_DATA/Multimodal_Data/Cat1/opposite/bag_files/Cat1_20mph_lr_opposite_2/camera_images/1624829441.7497814.jpg
Cat1,20mph,lr,opposite,2,1624829441.7831147,/media/batool/MULTIMODAL_DATA/Multimodal_Data/Cat1/opposite/bag_files/Cat1_20mph_lr_opposite_2/camera_images/1624829441.7831147.jpg
Cat1,20mph,lr,opposite,2,1624829441.816448,/media/batool/MULTIMODAL_DATA/Multimodal_Data/Cat1/opposite/bag_files/Cat1_20mph_lr_opposite_2/camera_images/1624829441.816448.jpg
Cat1,20mph,lr,opposite,2,1624829441.8497813,/media/batool/MULTIMODAL_DATA/Multimodal_Data/Cat1/opposite/bag_files/Cat1_20mph_lr_opposite_2/camera_images/1624829441.8497813.jpg
Cat1,20mph,lr,opposite,2,1624829441.8831146,/media/batool/MULTIMODAL_DATA/Multimodal_Data/Cat1/opposite/bag_files/Cat1_20mph_lr_opposite_2/camera_images/1624829441.8831146.jpg
Cat1,20mph,lr,opposite,2,1624829441.9164479,/media/batool/MULTIMODAL_DATA/Multimodal_Data/Cat1/opposite/bag_files/Cat1_20mph_lr_opposite_2/camera_images/1624829441.9164479.jpg
Cat1,20mph,lr,opposite,2,1624829441.9497812,/media/batool/MULTIMODAL_DATA/Multimodal_Data/Cat1/opposite/bag_files/Cat1_20mph_lr_opposite_2/camera_images/1624829441.9497812.jpg
Cat1,20mph,lr,opposite,2,1624829441.9831145,/media/batool/MULTIMODAL_DATA/Multimodal_Data/Cat1/opposite/bag_files/Cat1_20mph_lr_opposite_2/camera_images/1624829441.9831145.jpg
Cat1,20mph,lr,opposite,2,1624829442.0164478,/media/batool/MULTIMODAL_DATA/Multimodal_Data/Cat1/opposite/bag_files/Cat1_20mph_lr_opposite_2/camera_images/1624829442.0164478.jpg
Cat1,20mph,lr,opposite,2,1624829442.049781,/media/batool/MULTIMODAL_DATA/Multimodal_Data/Cat1/opposite/bag_files/Cat1_20mph_lr_opposite_2/camera_images/1624829442.049781.jpg
Cat1,20mph,lr,opposite,2,1624829442.0831144,/media/batool/MULTIMODAL_DATA/Multimodal_Data/Cat1/opposite/bag_files/Cat1_20mph_lr_opposite_2/camera_images/1624829442.0831144.jpg
Cat1,20mph,lr,opposite,2,1624829442.1164477,/media/batool/MULTIMODAL_DATA/Multimodal_Data/Cat1/opposite/bag_files/Cat1_20mph_lr_opposite_2/camera_images/1624829442.1164477.jpg
Cat1,20mph,lr,opposite,2,1624829442.149781,/media/batool/MULTIMODAL_DATA/Multimodal_Data/Cat1/opposite/bag_files/Cat1_20mph_lr_opposite_2/camera_images/1624829442.149781.jpg
Cat1,20mph,lr,opposite,2,1624829442.1831143,/media/batool/MULTIMODAL_DATA/Multimodal_Data/Cat1/opposite/bag_files/Cat1_20mph_lr_opposite_2/camera_images/1624829442.1831143.jpg
Cat1,20mph,lr,opposite,2,1624829442.249781,/media/batool/MULTIMODAL_DATA/Multimodal_Data/Cat1/opposite/bag_files/Cat1_20mph_lr_opposite_2/camera_images/1624829442.249781.jpg
Cat1,20mph,lr,opposite,2,1624829442.2831142,/media/batool/MULTIMODAL_DATA/Multimodal_Data/Cat1/opposite/bag_files/Cat1_20mph_lr_opposite_2/camera_images/1624829442.2831142.jpg
Cat1,20mph,lr,opposite,2,1624829442.3164475,/media/batool/MULTIMODAL_DATA/Multimodal_Data/Cat1/opposite/bag_files/Cat1_20mph_lr_opposite_2/camera_images/1624829442.3164475.jpg
Cat1,20mph,lr,opposite,2,1624829442.3497808,/media/batool/MULTIMODAL_DATA/Multimodal_Data/Cat1/opposite/bag_files/Cat1_20mph_lr_opposite_2/camera_images/1624829442.3497808.jpg
Cat1,20mph,lr,opposite,2,1624829442.383114,/media/batool/MULTIMODAL_DATA/Multimodal_Data/Cat1/opposite/bag_files/Cat1_20mph_lr_opposite_2/camera_images/1624829442.383114.jpg
Cat1,20mph,lr,opposite,2,1624829442.4164474,/media/batool/MULTIMODAL_DATA/Multimodal_Data/Cat1/opposite/bag_files/Cat1_20mph_lr_opposite_2/camera_images/1624829442.4164474.jpg
Cat1,20mph,lr,opposite,2,1624829442.4497807,/media/batool/MULTIMODAL_DATA/Multimodal_Data/Cat1/opposite/bag_files/Cat1_20mph_lr_opposite_2/camera_images/1624829442.4497807.jpg
Cat1,20mph,lr,opposite,2,1624829442.483114,/media/batool/MULTIMODAL_DATA/Multimodal_Data/Cat1/opposite/bag_files/Cat1_20mph_lr_opposite_2/camera_images/1624829442.483114.jpg
Cat1,20mph,lr,opposite,2,1624829442.5164473,/media/batool/MULTIMODAL_DATA/Multimodal_Data/Cat1/opposite/bag_files/Cat1_20mph_lr_opposite_2/camera_images/1624829442.5164473.jpg
Cat1,20mph,lr,opposite,2,1624829442.5497806,/media/batool/MULTIMODAL_DATA/Multimodal_Data/Cat1/opposite/bag_files/Cat1_20mph_lr_opposite_2/camera_images/1624829442.5497806.jpg
Cat1,20mph,lr,opposite,2,1624829442.583114,/media/batool/MULTIMODAL_DATA/Multimodal_Data/Cat1/opposite/bag_files/Cat1_20mph_lr_opposite_2/camera_images/1624829442.583114.jpg
Cat1,20mph,lr,opposite,2,1624829442.6164472,/media/batool/MULTIMODAL_DATA/Multimodal_Data/Cat1/opposite/bag_files/Cat1_20mph_lr_opposite_2/camera_images/1624829442.6164472.jpg
Cat1,20mph,lr,opposite,2,1624829442.6497805,/media/batool/MULTIMODAL_DATA/Multimodal_Data/Cat1/opposite/bag_files/Cat1_20mph_lr_opposite_2/camera_images/1624829442.6497805.jpg
Cat1,20mph,lr,opposite,2,1624829442.6831138,/media/batool/MULTIMODAL_DATA/Multimodal_Data/Cat1/opposite/bag_files/Cat1_20mph_lr_opposite_2/camera_images/1624829442.6831138.jpg
Cat1,20mph,lr,opposite,2,1624829442.716447,/media/batool/MULTIMODAL_DATA/Multimodal_Data/Cat1/opposite/bag_files/Cat1_20mph_lr_opposite_2/camera_images/1624829442.716447.jpg
Cat1,20mph,lr,opposite,2,1624829442.7831137,/media/batool/MULTIMODAL_DATA/Multimodal_Data/Cat1/opposite/bag_files/Cat1_20mph_lr_opposite_2/camera_images/1624829442.7831137.jpg
Cat1,20mph,lr,opposite,2,1624829442.816447,/media/batool/MULTIMODAL_DATA/Multimodal_Data/Cat1/opposite/bag_files/Cat1_20mph_lr_opposite_2/camera_images/1624829442.816447.jpg
Cat1,20mph,lr,opposite,2,1624829442.8497803,/media/batool/MULTIMODAL_DATA/Multimodal_Data/Cat1/opposite/bag_files/Cat1_20mph_lr_opposite_2/camera_images/1624829442.8497803.jpg
Cat1,20mph,lr,opposite,2,1624829442.8831136,/media/batool/MULTIMODAL_DATA/Multimodal_Data/Cat1/opposite/bag_files/Cat1_20mph_lr_opposite_2/camera_images/1624829442.8831136.jpg
Cat1,20mph,lr,opposite,2,1624829442.916447,/media/batool/MULTIMODAL_DATA/Multimodal_Data/Cat1/opposite/bag_files/Cat1_20mph_lr_opposite_2/camera_images/1624829442.916447.jpg
Cat1,20mph,lr,opposite,2,1624829442.9497802,/media/batool/MULTIMODAL_DATA/Multimodal_Data/Cat1/opposite/bag_files/Cat1_20mph_lr_opposite_2/camera_images/1624829442.9497802.jpg
Cat1,20mph,lr,opposite,2,1624829442.9831135,/media/batool/MULTIMODAL_DATA/Multimodal_Data/Cat1/opposite/bag_files/Cat1_20mph_lr_opposite_2/camera_images/1624829442.9831135.jpg
Cat1,20mph,lr,opposite,2,1624829443.0164468,/media/batool/MULTIMODAL_DATA/Multimodal_Data/Cat1/opposite/bag_files/Cat1_20mph_lr_opposite_2/camera_images/1624829443.0164468.jpg
Cat1,20mph,lr,opposite,2,1624829443.0497801,/media/batool/MULTIMODAL_DATA/Multimodal_Data/Cat1/opposite/bag_files/Cat1_20mph_lr_opposite_2/camera_images/1624829443.0497801.jpg
Cat1,20mph,lr,opposite,2,1624829443.0831134,/media/batool/MULTIMODAL_DATA/Multimodal_Data/Cat1/opposite/bag_files/Cat1_20mph_lr_opposite_2/camera_images/1624829443.0831134.jpg
Cat1,20mph,lr,opposite,2,1624829443.1164467,/media/batool/MULTIMODAL_DATA/Multimodal_Data/Cat1/opposite/bag_files/Cat1_20mph_lr_opposite_2/camera_images/1624829443.1164467.jpg
Cat1,20mph,lr,opposite,2,1624829443.14978,/media/batool/MULTIMODAL_DATA/Multimodal_Data/Cat1/opposite/bag_files/Cat1_20mph_lr_opposite_2/camera_images/1624829443.14978.jpg
Cat1,20mph,lr,opposite,2,1624829443.1831133,/media/batool/MULTIMODAL_DATA/Multimodal_Data/Cat1/opposite/bag_files/Cat1_20mph_lr_opposite_2/camera_images/1624829443.1831133.jpg
Cat1,20mph,lr,opposite,2,1624829443.2164466,/media/batool/MULTIMODAL_DATA/Multimodal_Data/Cat1/opposite/bag_files/Cat1_20mph_lr_opposite_2/camera_images/1624829443.2164466.jpg
Cat1,20mph,lr,opposite,2,1624829443.24978,/media/batool/MULTIMODAL_DATA/Multimodal_Data/Cat1/opposite/bag_files/Cat1_20mph_lr_opposite_2/camera_images/1624829443.24978.jpg
Cat1,20mph,lr,opposite,2,1624829443.3164465,/media/batool/MULTIMODAL_DATA/Multimodal_Data/Cat1/opposite/bag_files/Cat1_20mph_lr_opposite_2/camera_images/1624829443.3164465.jpg
Cat1,20mph,lr,opposite,2,1624829443.3497798,/media/batool/MULTIMODAL_DATA/Multimodal_Data/Cat1/opposite/bag_files/Cat1_20mph_lr_opposite_2/camera_images/1624829443.3497798.jpg
Cat1,20mph,lr,opposite,2,1624829443.3831131,/media/batool/MULTIMODAL_DATA/Multimodal_Data/Cat1/opposite/bag_files/Cat1_20mph_lr_opposite_2/camera_images/1624829443.3831131.jpg
Cat1,20mph,lr,opposite,2,1624829443.4164464,/media/batool/MULTIMODAL_DATA/Multimodal_Data/Cat1/opposite/bag_files/Cat1_20mph_lr_opposite_2/camera_images/1624829443.4164464.jpg
Cat1,20mph,lr,opposite,2,1624829443.4497797,/media/batool/MULTIMODAL_DATA/Multimodal_Data/Cat1/opposite/bag_files/Cat1_20mph_lr_opposite_2/camera_images/1624829443.4497797.jpg
Cat1,20mph,lr,opposite,2,1624829443.483113,/media/batool/MULTIMODAL_DATA/Multimodal_Data/Cat1/opposite/bag_files/Cat1_20mph_lr_opposite_2/camera_images/1624829443.483113.jpg
Cat1,20mph,lr,opposite,2,1624829443.5164464,/media/batool/MULTIMODAL_DATA/Multimodal_Data/Cat1/opposite/bag_files/Cat1_20mph_lr_opposite_2/camera_images/1624829443.5164464.jpg
Cat1,20mph,lr,opposite,2,1624829443.5497797,/media/batool/MULTIMODAL_DATA/Multimodal_Data/Cat1/opposite/bag_files/Cat1_20mph_lr_opposite_2/camera_images/1624829443.5497797.jpg
Cat1,20mph,lr,opposite,2,1624829443.583113,/media/batool/MULTIMODAL_DATA/Multimodal_Data/Cat1/opposite/bag_files/Cat1_20mph_lr_opposite_2/camera_images/1624829443.583113.jpg
Cat1,20mph,lr,opposite,2,1624829443.6164463,/media/batool/MULTIMODAL_DATA/Multimodal_Data/Cat1/opposite/bag_files/Cat1_20mph_lr_opposite_2/camera_images/1624829443.6164463.jpg
Cat1,20mph,lr,opposite,2,1624829443.6497796,/media/batool/MULTIMODAL_DATA/Multimodal_Data/Cat1/opposite/bag_files/Cat1_20mph_lr_opposite_2/camera_images/1624829443.6497796.jpg
Cat1,20mph,lr,opposite,2,1624829443.6831129,/media/batool/MULTIMODAL_DATA/Multimodal_Data/Cat1/opposite/bag_files/Cat1_20mph_lr_opposite_2/camera_images/1624829443.6831129.jpg
Cat1,20mph,lr,opposite,2,1624829443.7164462,/media/batool/MULTIMODAL_DATA/Multimodal_Data/Cat1/opposite/bag_files/Cat1_20mph_lr_opposite_2/camera_images/1624829443.7164462.jpg
Cat1,20mph,lr,opposite,2,1624829443.7497795,/media/batool/MULTIMODAL_DATA/Multimodal_Data/Cat1/opposite/bag_files/Cat1_20mph_lr_opposite_2/camera_images/1624829443.7497795.jpg
Cat1,20mph,lr,opposite,2,1624829443.7831128,/media/batool/MULTIMODAL_DATA/Multimodal_Data/Cat1/opposite/bag_files/Cat1_20mph_lr_opposite_2/camera_images/1624829443.7831128.jpg
Cat1,20mph,lr,opposite,2,1624829443.8497794,/media/batool/MULTIMODAL_DATA/Multimodal_Data/Cat1/opposite/bag_files/Cat1_20mph_lr_opposite_2/camera_images/1624829443.8497794.jpg
Cat1,20mph,lr,opposite,2,1624829443.8831127,/media/batool/MULTIMODAL_DATA/Multimodal_Data/Cat1/opposite/bag_files/Cat1_20mph_lr_opposite_2/camera_images/1624829443.8831127.jpg
Cat1,20mph,lr,opposite,2,1624829443.916446,/media/batool/MULTIMODAL_DATA/Multimodal_Data/Cat1/opposite/bag_files/Cat1_20mph_lr_opposite_2/camera_images/1624829443.916446.jpg
Cat1,20mph,lr,opposite,2,1624829443.9497793,/media/batool/MULTIMODAL_DATA/Multimodal_Data/Cat1/opposite/bag_files/Cat1_20mph_lr_opposite_2/camera_images/1624829443.9497793.jpg
Cat1,20mph,lr,opposite,2,1624829443.9831126,/media/batool/MULTIMODAL_DATA/Multimodal_Data/Cat1/opposite/bag_files/Cat1_20mph_lr_opposite_2/camera_images/1624829443.9831126.jpg
Cat1,20mph,lr,opposite,2,1624829444.0164459,/media/batool/MULTIMODAL_DATA/Multimodal_Data/Cat1/opposite/bag_files/Cat1_20mph_lr_opposite_2/camera_images/1624829444.0164459.jpg
Cat1,20mph,lr,opposite,2,1624829444.0497792,/media/batool/MULTIMODAL_DATA/Multimodal_Data/Cat1/opposite/bag_files/Cat1_20mph_lr_opposite_2/camera_images/1624829444.0497792.jpg
Cat1,20mph,lr,opposite,2,1624829444.0831125,/media/batool/MULTIMODAL_DATA/Multimodal_Data/Cat1/opposite/bag_files/Cat1_20mph_lr_opposite_2/camera_images/1624829444.0831125.jpg
Cat1,20mph,lr,opposite,2,1624829444.1164458,/media/batool/MULTIMODAL_DATA/Multimodal_Data/Cat1/opposite/bag_files/Cat1_20mph_lr_opposite_2/camera_images/1624829444.1164458.jpg
Cat1,20mph,lr,opposite,2,1624829444.149779,/media/batool/MULTIMODAL_DATA/Multimodal_Data/Cat1/opposite/bag_files/Cat1_20mph_lr_opposite_2/camera_images/1624829444.149779.jpg
Cat1,20mph,lr,opposite,2,1624829444.1831124,/media/batool/MULTIMODAL_DATA/Multimodal_Data/Cat1/opposite/bag_files/Cat1_20mph_lr_opposite_2/camera_images/1624829444.1831124.jpg
Cat1,20mph,lr,opposite,2,1624829444.2164457,/media/batool/MULTIMODAL_DATA/Multimodal_Data/Cat1/opposite/bag_files/Cat1_20mph_lr_opposite_2/camera_images/1624829444.2164457.jpg
Cat1,20mph,lr,opposite,2,1624829444.249779,/media/batool/MULTIMODAL_DATA/Multimodal_Data/Cat1/opposite/bag_files/Cat1_20mph_lr_opposite_2/camera_images/1624829444.249779.jpg
Cat1,20mph,lr,opposite,2,1624829444.2831123,/media/batool/MULTIMODAL_DATA/Multimodal_Data/Cat1/opposite/bag_files/Cat1_20mph_lr_opposite_2/camera_images/1624829444.2831123.jpg
Cat1,20mph,lr,opposite,2,1624829444.3164456,/media/batool/MULTIMODAL_DATA/Multimodal_Data/Cat1/opposite/bag_files/Cat1_20mph_lr_opposite_2/camera_images/1624829444.3164456.jpg
Cat1,20mph,lr,opposite,2,1624829444.3831122,/media/batool/MULTIMODAL_DATA/Multimodal_Data/Cat1/opposite/bag_files/Cat1_20mph_lr_opposite_2/camera_images/1624829444.3831122.jpg
Cat1,20mph,lr,opposite,2,1624829444.4164455,/media/batool/MULTIMODAL_DATA/Multimodal_Data/Cat1/opposite/bag_files/Cat1_20mph_lr_opposite_2/camera_images/1624829444.4164455.jpg
Cat1,20mph,lr,opposite,2,1624829444.4497788,/media/batool/MULTIMODAL_DATA/Multimodal_Data/Cat1/opposite/bag_files/Cat1_20mph_lr_opposite_2/camera_images/1624829444.4497788.jpg
Cat1,20mph,lr,opposite,2,1624829444.483112,/media/batool/MULTIMODAL_DATA/Multimodal_Data/Cat1/opposite/bag_files/Cat1_20mph_lr_opposite_2/camera_images/1624829444.483112.jpg
Cat1,20mph,lr,opposite,2,1624829444.5164454,/media/batool/MULTIMODAL_DATA/Multimodal_Data/Cat1/opposite/bag_files/Cat1_20mph_lr_opposite_2/camera_images/1624829444.5164454.jpg
Cat1,20mph,lr,opposite,2,1624829444.5497787,/media/batool/MULTIMODAL_DATA/Multimodal_Data/Cat1/opposite/bag_files/Cat1_20mph_lr_opposite_2/camera_images/1624829444.5497787.jpg
Cat1,20mph,lr,opposite,2,1624829444.583112,/media/batool/MULTIMODAL_DATA/Multimodal_Data/Cat1/opposite/bag_files/Cat1_20mph_lr_opposite_2/camera_images/1624829444.583112.jpg
Cat1,20mph,lr,opposite,2,1624829444.6164453,/media/batool/MULTIMODAL_DATA/Multimodal_Data/Cat1/opposite/bag_files/Cat1_20mph_lr_opposite_2/camera_images/1624829444.6164453.jpg
Cat1,20mph,lr,opposite,2,1624829444.6497786,/media/batool/MULTIMODAL_DATA/Multimodal_Data/Cat1/opposite/bag_files/Cat1_20mph_lr_opposite_2/camera_images/1624829444.6497786.jpg
Cat1,20mph,lr,opposite,2,1624829444.683112,/media/batool/MULTIMODAL_DATA/Multimodal_Data/Cat1/opposite/bag_files/Cat1_20mph_lr_opposite_2/camera_images/1624829444.683112.jpg
Cat1,20mph,lr,opposite,2,1624829444.7164452,/media/batool/MULTIMODAL_DATA/Multimodal_Data/Cat1/opposite/bag_files/Cat1_20mph_lr_opposite_2/camera_images/1624829444.7164452.jpg
Cat1,20mph,lr,opposite,2,1624829444.7497785,/media/batool/MULTIMODAL_DATA/Multimodal_Data/Cat1/opposite/bag_files/Cat1_20mph_lr_opposite_2/camera_images/1624829444.7497785.jpg
Cat1,20mph,lr,opposite,2,1624829444.7831118,/media/batool/MULTIMODAL_DATA/Multimodal_Data/Cat1/opposite/bag_files/Cat1_20mph_lr_opposite_2/camera_images/1624829444.7831118.jpg
Cat1,20mph,lr,opposite,2,1624829444.816445,/media/batool/MULTIMODAL_DATA/Multimodal_Data/Cat1/opposite/bag_files/Cat1_20mph_lr_opposite_2/camera_images/1624829444.816445.jpg
Cat1,20mph,lr,opposite,2,1624829444.8497784,/media/batool/MULTIMODAL_DATA/Multimodal_Data/Cat1/opposite/bag_files/Cat1_20mph_lr_opposite_2/camera_images/1624829444.8497784.jpg
Cat1,20mph,lr,opposite,2,1624829444.916445,/media/batool/MULTIMODAL_DATA/Multimodal_Data/Cat1/opposite/bag_files/Cat1_20mph_lr_opposite_2/camera_images/1624829444.916445.jpg
Cat1,20mph,lr,opposite,2,1624829444.9497783,/media/batool/MULTIMODAL_DATA/Multimodal_Data/Cat1/opposite/bag_files/Cat1_20mph_lr_opposite_2/camera_images/1624829444.9497783.jpg
Cat1,20mph,lr,opposite,2,1624829444.9831116,/media/batool/MULTIMODAL_DATA/Multimodal_Data/Cat1/opposite/bag_files/Cat1_20mph_lr_opposite_2/camera_images/1624829444.9831116.jpg
Cat1,20mph,lr,opposite,2,1624829445.016445,/media/batool/MULTIMODAL_DATA/Multimodal_Data/Cat1/opposite/bag_files/Cat1_20mph_lr_opposite_2/camera_images/1624829445.016445.jpg
Cat1,20mph,lr,opposite,2,1624829445.0497782,/media/batool/MULTIMODAL_DATA/Multimodal_Data/Cat1/opposite/bag_files/Cat1_20mph_lr_opposite_2/camera_images/1624829445.0497782.jpg
Cat1,20mph,lr,opposite,2,1624829445.0831115,/media/batool/MULTIMODAL_DATA/Multimodal_Data/Cat1/opposite/bag_files/Cat1_20mph_lr_opposite_2/camera_images/1624829445.0831115.jpg
Cat1,20mph,lr,opposite,2,1624829445.1164448,/media/batool/MULTIMODAL_DATA/Multimodal_Data/Cat1/opposite/bag_files/Cat1_20mph_lr_opposite_2/camera_images/1624829445.1164448.jpg
Cat1,20mph,lr,opposite,2,1624829445.1497781,/media/batool/MULTIMODAL_DATA/Multimodal_Data/Cat1/opposite/bag_files/Cat1_20mph_lr_opposite_2/camera_images/1624829445.1497781.jpg
Cat1,20mph,lr,opposite,2,1624829445.1831114,/media/batool/MULTIMODAL_DATA/Multimodal_Data/Cat1/opposite/bag_files/Cat1_20mph_lr_opposite_2/camera_images/1624829445.1831114.jpg
Cat1,20mph,lr,opposite,2,1624829445.2164447,/media/batool/MULTIMODAL_DATA/Multimodal_Data/Cat1/opposite/bag_files/Cat1_20mph_lr_opposite_2/camera_images/1624829445.2164447.jpg
Cat1,20mph,lr,opposite,2,1624829445.249778,/media/batool/MULTIMODAL_DATA/Multimodal_Data/Cat1/opposite/bag_files/Cat1_20mph_lr_opposite_2/camera_images/1624829445.249778.jpg
Cat1,20mph,lr,opposite,2,1624829445.2831113,/media/batool/MULTIMODAL_DATA/Multimodal_Data/Cat1/opposite/bag_files/Cat1_20mph_lr_opposite_2/camera_images/1624829445.2831113.jpg
Cat1,20mph,lr,opposite,2,1624829445.3164446,/media/batool/MULTIMODAL_DATA/Multimodal_Data/Cat1/opposite/bag_files/Cat1_20mph_lr_opposite_2/camera_images/1624829445.3164446.jpg
Cat1,20mph,lr,opposite,2,1624829445.349778,/media/batool/MULTIMODAL_DATA/Multimodal_Data/Cat1/opposite/bag_files/Cat1_20mph_lr_opposite_2/camera_images/1624829445.349778.jpg
Cat1,20mph,lr,opposite,2,1624829445.3831112,/media/batool/MULTIMODAL_DATA/Multimodal_Data/Cat1/opposite/bag_files/Cat1_20mph_lr_opposite_2/camera_images/1624829445.3831112.jpg
Cat1,20mph,lr,opposite,2,1624829445.4497778,/media/batool/MULTIMODAL_DATA/Multimodal_Data/Cat1/opposite/bag_files/Cat1_20mph_lr_opposite_2/camera_images/1624829445.4497778.jpg
Cat1,20mph,lr,opposite,2,1624829445.4831111,/media/batool/MULTIMODAL_DATA/Multimodal_Data/Cat1/opposite/bag_files/Cat1_20mph_lr_opposite_2/camera_images/1624829445.4831111.jpg
Cat1,20mph,lr,opposite,2,1624829445.5164444,/media/batool/MULTIMODAL_DATA/Multimodal_Data/Cat1/opposite/bag_files/Cat1_20mph_lr_opposite_2/camera_images/1624829445.5164444.jpg
Cat1,20mph,lr,opposite,2,1624829445.5497777,/media/batool/MULTIMODAL_DATA/Multimodal_Data/Cat1/opposite/bag_files/Cat1_20mph_lr_opposite_2/camera_images/1624829445.5497777.jpg
Cat1,20mph,lr,opposite,2,1624829445.583111,/media/batool/MULTIMODAL_DATA/Multimodal_Data/Cat1/opposite/bag_files/Cat1_20mph_lr_opposite_2/camera_images/1624829445.583111.jpg
Cat1,20mph,lr,opposite,2,1624829445.6164443,/media/batool/MULTIMODAL_DATA/Multimodal_Data/Cat1/opposite/bag_files/Cat1_20mph_lr_opposite_2/camera_images/1624829445.6164443.jpg
Cat1,20mph,lr,opposite,2,1624829445.6497777,/media/batool/MULTIMODAL_DATA/Multimodal_Data/Cat1/opposite/bag_files/Cat1_20mph_lr_opposite_2/camera_images/1624829445.6497777.jpg
Cat1,20mph,lr,opposite,2,1624829445.683111,/media/batool/MULTIMODAL_DATA/Multimodal_Data/Cat1/opposite/bag_files/Cat1_20mph_lr_opposite_2/camera_images/1624829445.683111.jpg
Cat1,20mph,lr,opposite,2,1624829445.7164443,/media/batool/MULTIMODAL_DATA/Multimodal_Data/Cat1/opposite/bag_files/Cat1_20mph_lr_opposite_2/camera_images/1624829445.7164443.jpg
Cat1,20mph,lr,opposite,2,1624829445.7497776,/media/batool/MULTIMODAL_DATA/Multimodal_Data/Cat1/opposite/bag_files/Cat1_20mph_lr_opposite_2/camera_images/1624829445.7497776.jpg
Cat1,20mph,lr,opposite,2,1624829445.7831109,/media/batool/MULTIMODAL_DATA/Multimodal_Data/Cat1/opposite/bag_files/Cat1_20mph_lr_opposite_2/camera_images/1624829445.7831109.jpg
Cat1,20mph,lr,opposite,2,1624829445.8164442,/media/batool/MULTIMODAL_DATA/Multimodal_Data/Cat1/opposite/bag_files/Cat1_20mph_lr_opposite_2/camera_images/1624829445.8164442.jpg
Cat1,20mph,lr,opposite,2,1624829445.8497775,/media/batool/MULTIMODAL_DATA/Multimodal_Data/Cat1/opposite/bag_files/Cat1_20mph_lr_opposite_2/camera_images/1624829445.8497775.jpg
Cat1,20mph,lr,opposite,2,1624829445.8831108,/media/batool/MULTIMODAL_DATA/Multimodal_Data/Cat1/opposite/bag_files/Cat1_20mph_lr_opposite_2/camera_images/1624829445.8831108.jpg
Cat1,20mph,lr,opposite,2,1624829445.916444,/media/batool/MULTIMODAL_DATA/Multimodal_Data/Cat1/opposite/bag_files/Cat1_20mph_lr_opposite_2/camera_images/1624829445.916444.jpg
Cat1,20mph,lr,opposite,2,1624829445.9831107,/media/batool/MULTIMODAL_DATA/Multimodal_Data/Cat1/opposite/bag_files/Cat1_20mph_lr_opposite_2/camera_images/1624829445.9831107.jpg
Cat1,20mph,lr,opposite,2,1624829446.016444,/media/batool/MULTIMODAL_DATA/Multimodal_Data/Cat1/opposite/bag_files/Cat1_20mph_lr_opposite_2/camera_images/1624829446.016444.jpg
Cat1,20mph,lr,opposite,2,1624829446.0497773,/media/batool/MULTIMODAL_DATA/Multimodal_Data/Cat1/opposite/bag_files/Cat1_20mph_lr_opposite_2/camera_images/1624829446.0497773.jpg
Cat1,20mph,lr,opposite,2,1624829446.0831106,/media/batool/MULTIMODAL_DATA/Multimodal_Data/Cat1/opposite/bag_files/Cat1_20mph_lr_opposite_2/camera_images/1624829446.0831106.jpg
Cat1,20mph,lr,opposite,2,1624829446.1164439,/media/batool/MULTIMODAL_DATA/Multimodal_Data/Cat1/opposite/bag_files/Cat1_20mph_lr_opposite_2/camera_images/1624829446.1164439.jpg
Cat1,20mph,lr,opposite,2,1624829446.1497772,/media/batool/MULTIMODAL_DATA/Multimodal_Data/Cat1/opposite/bag_files/Cat1_20mph_lr_opposite_2/camera_images/1624829446.1497772.jpg
Cat1,20mph,lr,opposite,2,1624829446.1831105,/media/batool/MULTIMODAL_DATA/Multimodal_Data/Cat1/opposite/bag_files/Cat1_20mph_lr_opposite_2/camera_images/1624829446.1831105.jpg
Cat1,20mph,lr,opposite,2,1624829446.2164438,/media/batool/MULTIMODAL_DATA/Multimodal_Data/Cat1/opposite/bag_files/Cat1_20mph_lr_opposite_2/camera_images/1624829446.2164438.jpg
Cat1,20mph,lr,opposite,2,1624829446.249777,/media/batool/MULTIMODAL_DATA/Multimodal_Data/Cat1/opposite/bag_files/Cat1_20mph_lr_opposite_2/camera_images/1624829446.249777.jpg
Cat1,20mph,lr,opposite,2,1624829446.2831104,/media/batool/MULTIMODAL_DATA/Multimodal_Data/Cat1/opposite/bag_files/Cat1_20mph_lr_opposite_2/camera_images/1624829446.2831104.jpg
Cat1,20mph,lr,opposite,2,1624829446.3164437,/media/batool/MULTIMODAL_DATA/Multimodal_Data/Cat1/opposite/bag_files/Cat1_20mph_lr_opposite_2/camera_images/1624829446.3164437.jpg
Cat1,20mph,lr,opposite,2,1624829446.349777,/media/batool/MULTIMODAL_DATA/Multimodal_Data/Cat1/opposite/bag_files/Cat1_20mph_lr_opposite_2/camera_images/1624829446.349777.jpg
Cat1,20mph,lr,opposite,2,1624829446.3831103,/media/batool/MULTIMODAL_DATA/Multimodal_Data/Cat1/opposite/bag_files/Cat1_20mph_lr_opposite_2/camera_images/1624829446.3831103.jpg
Cat1,20mph,lr,opposite,2,1624829446.4164436,/media/batool/MULTIMODAL_DATA/Multimodal_Data/Cat1/opposite/bag_files/Cat1_20mph_lr_opposite_2/camera_images/1624829446.4164436.jpg
Cat1,20mph,lr,opposite,2,1624829446.449777,/media/batool/MULTIMODAL_DATA/Multimodal_Data/Cat1/opposite/bag_files/Cat1_20mph_lr_opposite_2/camera_images/1624829446.449777.jpg
Cat1,20mph,lr,opposite,2,1624829446.5164435,/media/batool/MULTIMODAL_DATA/Multimodal_Data/Cat1/opposite/bag_files/Cat1_20mph_lr_opposite_2/camera_images/1624829446.5164435.jpg
Cat1,20mph,lr,opposite,2,1624829446.5497768,/media/batool/MULTIMODAL_DATA/Multimodal_Data/Cat1/opposite/bag_files/Cat1_20mph_lr_opposite_2/camera_images/1624829446.5497768.jpg
Cat1,20mph,lr,opposite,2,1624829446.58311,/media/batool/MULTIMODAL_DATA/Multimodal_Data/Cat1/opposite/bag_files/Cat1_20mph_lr_opposite_2/camera_images/1624829446.58311.jpg
Cat1,20mph,lr,opposite,2,1624829446.6164434,/media/batool/MULTIMODAL_DATA/Multimodal_Data/Cat1/opposite/bag_files/Cat1_20mph_lr_opposite_2/camera_images/1624829446.6164434.jpg
Cat1,20mph,lr,opposite,2,1624829446.6497767,/media/batool/MULTIMODAL_DATA/Multimodal_Data/Cat1/opposite/bag_files/Cat1_20mph_lr_opposite_2/camera_images/1624829446.6497767.jpg
Cat1,20mph,lr,opposite,2,1624829446.68311,/media/batool/MULTIMODAL_DATA/Multimodal_Data/Cat1/opposite/bag_files/Cat1_20mph_lr_opposite_2/camera_images/1624829446.68311.jpg
Cat1,20mph,lr,opposite,2,1624829446.7164433,/media/batool/MULTIMODAL_DATA/Multimodal_Data/Cat1/opposite/bag_files/Cat1_20mph_lr_opposite_2/camera_images/1624829446.7164433.jpg
Cat1,20mph,lr,opposite,2,1624829446.7497766,/media/batool/MULTIMODAL_DATA/Multimodal_Data/Cat1/opposite/bag_files/Cat1_20mph_lr_opposite_2/camera_images/1624829446.7497766.jpg
Cat1,20mph,lr,opposite,2,1624829446.78311,/media/batool/MULTIMODAL_DATA/Multimodal_Data/Cat1/opposite/bag_files/Cat1_20mph_lr_opposite_2/camera_images/1624829446.78311.jpg
Cat1,20mph,lr,opposite,2,1624829446.8164432,/media/batool/MULTIMODAL_DATA/Multimodal_Data/Cat1/opposite/bag_files/Cat1_20mph_lr_opposite_2/camera_images/1624829446.8164432.jpg
Cat1,20mph,lr,opposite,2,1624829446.8497765,/media/batool/MULTIMODAL_DATA/Multimodal_Data/Cat1/opposite/bag_files/Cat1_20mph_lr_opposite_2/camera_images/1624829446.8497765.jpg
Cat1,20mph,lr,opposite,2,1624829446.8831098,/media/batool/MULTIMODAL_DATA/Multimodal_Data/Cat1/opposite/bag_files/Cat1_20mph_lr_opposite_2/camera_images/1624829446.8831098.jpg
Cat1,20mph,lr,opposite,2,1624829446.916443,/media/batool/MULTIMODAL_DATA/Multimodal_Data/Cat1/opposite/bag_files/Cat1_20mph_lr_opposite_2/camera_images/1624829446.916443.jpg
Cat1,20mph,lr,opposite,2,1624829446.9497764,/media/batool/MULTIMODAL_DATA/Multimodal_Data/Cat1/opposite/bag_files/Cat1_20mph_lr_opposite_2/camera_images/1624829446.9497764.jpg
Cat1,20mph,lr,opposite,2,1624829446.9831097,/media/batool/MULTIMODAL_DATA/Multimodal_Data/Cat1/opposite/bag_files/Cat1_20mph_lr_opposite_2/camera_images/1624829446.9831097.jpg
Cat1,20mph,lr,opposite,2,1624829447.0497763,/media/batool/MULTIMODAL_DATA/Multimodal_Data/Cat1/opposite/bag_files/Cat1_20mph_lr_opposite_2/camera_images/1624829447.0497763.jpg
Cat1,20mph,lr,opposite,2,1624829447.0831096,/media/batool/MULTIMODAL_DATA/Multimodal_Data/Cat1/opposite/bag_files/Cat1_20mph_lr_opposite_2/camera_images/1624829447.0831096.jpg
Cat1,20mph,lr,opposite,2,1624829447.116443,/media/batool/MULTIMODAL_DATA/Multimodal_Data/Cat1/opposite/bag_files/Cat1_20mph_lr_opposite_2/camera_images/1624829447.116443.jpg
Cat1,20mph,lr,opposite,2,1624829447.1497762,/media/batool/MULTIMODAL_DATA/Multimodal_Data/Cat1/opposite/bag_files/Cat1_20mph_lr_opposite_2/camera_images/1624829447.1497762.jpg
Cat1,20mph,lr,opposite,2,1624829447.1831095,/media/batool/MULTIMODAL_DATA/Multimodal_Data/Cat1/opposite/bag_files/Cat1_20mph_lr_opposite_2/camera_images/1624829447.1831095.jpg
Cat1,20mph,lr,opposite,2,1624829447.2164428,/media/batool/MULTIMODAL_DATA/Multimodal_Data/Cat1/opposite/bag_files/Cat1_20mph_lr_opposite_2/camera_images/1624829447.2164428.jpg
Cat1,20mph,lr,opposite,2,1624829447.2497761,/media/batool/MULTIMODAL_DATA/Multimodal_Data/Cat1/opposite/bag_files/Cat1_20mph_lr_opposite_2/camera_images/1624829447.2497761.jpg
Cat1,20mph,lr,opposite,2,1624829447.2831094,/media/batool/MULTIMODAL_DATA/Multimodal_Data/Cat1/opposite/bag_files/Cat1_20mph_lr_opposite_2/camera_images/1624829447.2831094.jpg
Cat1,20mph,lr,opposite,2,1624829447.3164427,/media/batool/MULTIMODAL_DATA/Multimodal_Data/Cat1/opposite/bag_files/Cat1_20mph_lr_opposite_2/camera_images/1624829447.3164427.jpg
Cat1,20mph,lr,opposite,2,1624829447.349776,/media/batool/MULTIMODAL_DATA/Multimodal_Data/Cat1/opposite/bag_files/Cat1_20mph_lr_opposite_2/camera_images/1624829447.349776.jpg
Cat1,20mph,lr,opposite,2,1624829447.3831093,/media/batool/MULTIMODAL_DATA/Multimodal_Data/Cat1/opposite/bag_files/Cat1_20mph_lr_opposite_2/camera_images/1624829447.3831093.jpg
Cat1,20mph,lr,opposite,2,1624829447.4164426,/media/batool/MULTIMODAL_DATA/Multimodal_Data/Cat1/opposite/bag_files/Cat1_20mph_lr_opposite_2/camera_images/1624829447.4164426.jpg
Cat1,20mph,lr,opposite,2,1624829447.449776,/media/batool/MULTIMODAL_DATA/Multimodal_Data/Cat1/opposite/bag_files/Cat1_20mph_lr_opposite_2/camera_images/1624829447.449776.jpg
Cat1,20mph,lr,opposite,2,1624829447.4831092,/media/batool/MULTIMODAL_DATA/Multimodal_Data/Cat1/opposite/bag_files/Cat1_20mph_lr_opposite_2/camera_images/1624829447.4831092.jpg
Cat1,20mph,lr,opposite,2,1624829447.5164425,/media/batool/MULTIMODAL_DATA/Multimodal_Data/Cat1/opposite/bag_files/Cat1_20mph_lr_opposite_2/camera_images/1624829447.5164425.jpg
Cat1,20mph,lr,opposite,2,1624829447.5831091,/media/batool/MULTIMODAL_DATA/Multimodal_Data/Cat1/opposite/bag_files/Cat1_20mph_lr_opposite_2/camera_images/1624829447.5831091.jpg
Cat1,20mph,lr,opposite,2,1624829447.6164424,/media/batool/MULTIMODAL_DATA/Multimodal_Data/Cat1/opposite/bag_files/Cat1_20mph_lr_opposite_2/camera_images/1624829447.6164424.jpg
Cat1,20mph,lr,opposite,2,1624829447.6497757,/media/batool/MULTIMODAL_DATA/Multimodal_Data/Cat1/opposite/bag_files/Cat1_20mph_lr_opposite_2/camera_images/1624829447.6497757.jpg
Cat1,20mph,lr,opposite,2,1624829447.683109,/media/batool/MULTIMODAL_DATA/Multimodal_Data/Cat1/opposite/bag_files/Cat1_20mph_lr_opposite_2/camera_images/1624829447.683109.jpg
Cat1,20mph,lr,opposite,2,1624829447.7164423,/media/batool/MULTIMODAL_DATA/Multimodal_Data/Cat1/opposite/bag_files/Cat1_20mph_lr_opposite_2/camera_images/1624829447.7164423.jpg
Cat1,20mph,lr,opposite,2,1624829447.7497756,/media/batool/MULTIMODAL_DATA/Multimodal_Data/Cat1/opposite/bag_files/Cat1_20mph_lr_opposite_2/camera_images/1624829447.7497756.jpg
Cat1,20mph,lr,opposite,2,1624829447.783109,/media/batool/MULTIMODAL_DATA/Multimodal_Data/Cat1/opposite/bag_files/Cat1_20mph_lr_opposite_2/camera_images/1624829447.783109.jpg
Cat1,20mph,lr,opposite,2,1624829447.8164423,/media/batool/MULTIMODAL_DATA/Multimodal_Data/Cat1/opposite/bag_files/Cat1_20mph_lr_opposite_2/camera_images/1624829447.8164423.jpg
Cat1,20mph,lr,opposite,2,1624829447.8497756,/media/batool/MULTIMODAL_DATA/Multimodal_Data/Cat1/opposite/bag_files/Cat1_20mph_lr_opposite_2/camera_images/1624829447.8497756.jpg
Cat1,20mph,lr,opposite,2,1624829447.8831089,/media/batool/MULTIMODAL_DATA/Multimodal_Data/Cat1/opposite/bag_files/Cat1_20mph_lr_opposite_2/camera_images/1624829447.8831089.jpg
Cat1,20mph,lr,opposite,2,1624829447.9164422,/media/batool/MULTIMODAL_DATA/Multimodal_Data/Cat1/opposite/bag_files/Cat1_20mph_lr_opposite_2/camera_images/1624829447.9164422.jpg
Cat1,20mph,lr,opposite,2,1624829447.9497755,/media/batool/MULTIMODAL_DATA/Multimodal_Data/Cat1/opposite/bag_files/Cat1_20mph_lr_opposite_2/camera_images/1624829447.9497755.jpg
Cat1,20mph,lr,opposite,2,1624829447.9831088,/media/batool/MULTIMODAL_DATA/Multimodal_Data/Cat1/opposite/bag_files/Cat1_20mph_lr_opposite_2/camera_images/1624829447.9831088.jpg
Cat1,20mph,lr,opposite,2,1624829448.016442,/media/batool/MULTIMODAL_DATA/Multimodal_Data/Cat1/opposite/bag_files/Cat1_20mph_lr_opposite_2/camera_images/1624829448.016442.jpg
Cat1,20mph,lr,opposite,2,1624829448.0497754,/media/batool/MULTIMODAL_DATA/Multimodal_Data/Cat1/opposite/bag_files/Cat1_20mph_lr_opposite_2/camera_images/1624829448.0497754.jpg
Cat1,20mph,lr,opposite,2,1624829448.116442,/media/batool/MULTIMODAL_DATA/Multimodal_Data/Cat1/opposite/bag_files/Cat1_20mph_lr_opposite_2/camera_images/1624829448.116442.jpg
Cat1,20mph,lr,opposite,2,1624829448.1497753,/media/batool/MULTIMODAL_DATA/Multimodal_Data/Cat1/opposite/bag_files/Cat1_20mph_lr_opposite_2/camera_images/1624829448.1497753.jpg
Cat1,20mph,lr,opposite,2,1624829448.1831086,/media/batool/MULTIMODAL_DATA/Multimodal_Data/Cat1/opposite/bag_files/Cat1_20mph_lr_opposite_2/camera_images/1624829448.1831086.jpg
Cat1,20mph,lr,opposite,2,1624829448.2164419,/media/batool/MULTIMODAL_DATA/Multimodal_Data/Cat1/opposite/bag_files/Cat1_20mph_lr_opposite_2/camera_images/1624829448.2164419.jpg
Cat1,20mph,lr,opposite,2,1624829448.2497752,/media/batool/MULTIMODAL_DATA/Multimodal_Data/Cat1/opposite/bag_files/Cat1_20mph_lr_opposite_2/camera_images/1624829448.2497752.jpg
Cat1,20mph,lr,opposite,2,1624829448.2831085,/media/batool/MULTIMODAL_DATA/Multimodal_Data/Cat1/opposite/bag_files/Cat1_20mph_lr_opposite_2/camera_images/1624829448.2831085.jpg
Cat1,20mph,lr,opposite,2,1624829448.3164418,/media/batool/MULTIMODAL_DATA/Multimodal_Data/Cat1/opposite/bag_files/Cat1_20mph_lr_opposite_2/camera_images/1624829448.3164418.jpg
Cat1,20mph,lr,opposite,2,1624829448.349775,/media/batool/MULTIMODAL_DATA/Multimodal_Data/Cat1/opposite/bag_files/Cat1_20mph_lr_opposite_2/camera_images/1624829448.349775.jpg
Cat1,20mph,lr,opposite,2,1624829448.3831084,/media/batool/MULTIMODAL_DATA/Multimodal_Data/Cat1/opposite/bag_files/Cat1_20mph_lr_opposite_2/camera_images/1624829448.3831084.jpg
Cat1,20mph,lr,opposite,2,1624829448.4164417,/media/batool/MULTIMODAL_DATA/Multimodal_Data/Cat1/opposite/bag_files/Cat1_20mph_lr_opposite_2/camera_images/1624829448.4164417.jpg
Cat1,20mph,lr,opposite,2,1624829448.449775,/media/batool/MULTIMODAL_DATA/Multimodal_Data/Cat1/opposite/bag_files/Cat1_20mph_lr_opposite_2/camera_images/1624829448.449775.jpg
Cat1,20mph,lr,opposite,2,1624829448.4831083,/media/batool/MULTIMODAL_DATA/Multimodal_Data/Cat1/opposite/bag_files/Cat1_20mph_lr_opposite_2/camera_images/1624829448.4831083.jpg
Cat1,20mph,lr,opposite,2,1624829448.5164416,/media/batool/MULTIMODAL_DATA/Multimodal_Data/Cat1/opposite/bag_files/Cat1_20mph_lr_opposite_2/camera_images/1624829448.5164416.jpg
Cat1,20mph,lr,opposite,2,1624829448.549775,/media/batool/MULTIMODAL_DATA/Multimodal_Data/Cat1/opposite/bag_files/Cat1_20mph_lr_opposite_2/camera_images/1624829448.549775.jpg
Cat1,20mph,lr,opposite,2,1624829448.5831082,/media/batool/MULTIMODAL_DATA/Multimodal_Data/Cat1/opposite/bag_files/Cat1_20mph_lr_opposite_2/camera_images/1624829448.5831082.jpg
Cat1,20mph,lr,opposite,2,1624829448.6497748,/media/batool/MULTIMODAL_DATA/Multimodal_Data/Cat1/opposite/bag_files/Cat1_20mph_lr_opposite_2/camera_images/1624829448.6497748.jpg
Cat1,20mph,lr,opposite,2,1624829448.683108,/media/batool/MULTIMODAL_DATA/Multimodal_Data/Cat1/opposite/bag_files/Cat1_20mph_lr_opposite_2/camera_images/1624829448.683108.jpg
Cat1,20mph,lr,opposite,2,1624829448.7164414,/media/batool/MULTIMODAL_DATA/Multimodal_Data/Cat1/opposite/bag_files/Cat1_20mph_lr_opposite_2/camera_images/1624829448.7164414.jpg
Cat1,20mph,lr,opposite,2,1624829448.7497747,/media/batool/MULTIMODAL_DATA/Multimodal_Data/Cat1/opposite/bag_files/Cat1_20mph_lr_opposite_2/camera_images/1624829448.7497747.jpg
Cat1,20mph,lr,opposite,2,1624829448.783108,/media/batool/MULTIMODAL_DATA/Multimodal_Data/Cat1/opposite/bag_files/Cat1_20mph_lr_opposite_2/camera_images/1624829448.783108.jpg
Cat1,20mph,lr,opposite,2,1624829448.8164413,/media/batool/MULTIMODAL_DATA/Multimodal_Data/Cat1/opposite/bag_files/Cat1_20mph_lr_opposite_2/camera_images/1624829448.8164413.jpg
Cat1,20mph,lr,opposite,2,1624829448.8497746,/media/batool/MULTIMODAL_DATA/Multimodal_Data/Cat1/opposite/bag_files/Cat1_20mph_lr_opposite_2/camera_images/1624829448.8497746.jpg
Cat1,20mph,lr,opposite,2,1624829448.883108,/media/batool/MULTIMODAL_DATA/Multimodal_Data/Cat1/opposite/bag_files/Cat1_20mph_lr_opposite_2/camera_images/1624829448.883108.jpg
Cat1,20mph,lr,opposite,2,1624829448.9164412,/media/batool/MULTIMODAL_DATA/Multimodal_Data/Cat1/opposite/bag_files/Cat1_20mph_lr_opposite_2/camera_images/1624829448.9164412.jpg
Cat1,20mph,lr,opposite,2,1624829448.9497745,/media/batool/MULTIMODAL_DATA/Multimodal_Data/Cat1/opposite/bag_files/Cat1_20mph_lr_opposite_2/camera_images/1624829448.9497745.jpg
Cat1,20mph,lr,opposite,2,1624829448.9831078,/media/batool/MULTIMODAL_DATA/Multimodal_Data/Cat1/opposite/bag_files/Cat1_20mph_lr_opposite_2/camera_images/1624829448.9831078.jpg
Cat1,20mph,lr,opposite,2,1624829449.016441,/media/batool/MULTIMODAL_DATA/Multimodal_Data/Cat1/opposite/bag_files/Cat1_20mph_lr_opposite_2/camera_images/1624829449.016441.jpg
Cat1,20mph,lr,opposite,2,1624829449.0497744,/media/batool/MULTIMODAL_DATA/Multimodal_Data/Cat1/opposite/bag_files/Cat1_20mph_lr_opposite_2/camera_images/1624829449.0497744.jpg
Cat1,20mph,lr,opposite,2,1624829449.0831077,/media/batool/MULTIMODAL_DATA/Multimodal_Data/Cat1/opposite/bag_files/Cat1_20mph_lr_opposite_2/camera_images/1624829449.0831077.jpg
Cat1,20mph,lr,opposite,2,1624829449.116441,/media/batool/MULTIMODAL_DATA/Multimodal_Data/Cat1/opposite/bag_files/Cat1_20mph_lr_opposite_2/camera_images/1624829449.116441.jpg
Cat1,20mph,lr,opposite,2,1624829449.1831076,/media/batool/MULTIMODAL_DATA/Multimodal_Data/Cat1/opposite/bag_files/Cat1_20mph_lr_opposite_2/camera_images/1624829449.1831076.jpg
Cat1,20mph,lr,opposite,2,1624829449.216441,/media/batool/MULTIMODAL_DATA/Multimodal_Data/Cat1/opposite/bag_files/Cat1_20mph_lr_opposite_2/camera_images/1624829449.216441.jpg
Cat1,20mph,lr,opposite,2,1624829449.2497742,/media/batool/MULTIMODAL_DATA/Multimodal_Data/Cat1/opposite/bag_files/Cat1_20mph_lr_opposite_2/camera_images/1624829449.2497742.jpg
Cat1,20mph,lr,opposite,2,1624829449.2831075,/media/batool/MULTIMODAL_DATA/Multimodal_Data/Cat1/opposite/bag_files/Cat1_20mph_lr_opposite_2/camera_images/1624829449.2831075.jpg
Cat1,20mph,lr,opposite,2,1624829449.3164408,/media/batool/MULTIMODAL_DATA/Multimodal_Data/Cat1/opposite/bag_files/Cat1_20mph_lr_opposite_2/camera_images/1624829449.3164408.jpg
Cat1,20mph,lr,opposite,2,1624829449.3497741,/media/batool/MULTIMODAL_DATA/Multimodal_Data/Cat1/opposite/bag_files/Cat1_20mph_lr_opposite_2/camera_images/1624829449.3497741.jpg
Cat1,20mph,lr,opposite,2,1624829449.3831074,/media/batool/MULTIMODAL_DATA/Multimodal_Data/Cat1/opposite/bag_files/Cat1_20mph_lr_opposite_2/camera_images/1624829449.3831074.jpg
Cat1,20mph,lr,opposite,2,1624829449.4164407,/media/batool/MULTIMODAL_DATA/Multimodal_Data/Cat1/opposite/bag_files/Cat1_20mph_lr_opposite_2/camera_images/1624829449.4164407.jpg
Cat1,20mph,lr,opposite,2,1624829449.449774,/media/batool/MULTIMODAL_DATA/Multimodal_Data/Cat1/opposite/bag_files/Cat1_20mph_lr_opposite_2/camera_images/1624829449.449774.jpg
Cat1,20mph,lr,opposite,2,1624829449.4831073,/media/batool/MULTIMODAL_DATA/Multimodal_Data/Cat1/opposite/bag_files/Cat1_20mph_lr_opposite_2/camera_images/1624829449.4831073.jpg
Cat1,20mph,lr,opposite,2,1624829449.5164406,/media/batool/MULTIMODAL_DATA/Multimodal_Data/Cat1/opposite/bag_files/Cat1_20mph_lr_opposite_2/camera_images/1624829449.5164406.jpg
Cat1,20mph,lr,opposite,2,1624829449.549774,/media/batool/MULTIMODAL_DATA/Multimodal_Data/Cat1/opposite/bag_files/Cat1_20mph_lr_opposite_2/camera_images/1624829449.549774.jpg
Cat1,20mph,lr,opposite,2,1624829449.5831072,/media/batool/MULTIMODAL_DATA/Multimodal_Data/Cat1/opposite/bag_files/Cat1_20mph_lr_opposite_2/camera_images/1624829449.5831072.jpg
Cat1,20mph,lr,opposite,2,1624829449.6164405,/media/batool/MULTIMODAL_DATA/Multimodal_Data/Cat1/opposite/bag_files/Cat1_20mph_lr_opposite_2/camera_images/1624829449.6164405.jpg
Cat1,20mph,lr,opposite,2,1624829449.6497738,/media/batool/MULTIMODAL_DATA/Multimodal_Data/Cat1/opposite/bag_files/Cat1_20mph_lr_opposite_2/camera_images/1624829449.6497738.jpg
Cat1,20mph,lr,opposite,2,1624829449.6831071,/media/batool/MULTIMODAL_DATA/Multimodal_Data/Cat1/opposite/bag_files/Cat1_20mph_lr_opposite_2/camera_images/1624829449.6831071.jpg
Cat1,20mph,lr,opposite,2,1624829449.7164404,/media/batool/MULTIMODAL_DATA/Multimodal_Data/Cat1/opposite/bag_files/Cat1_20mph_lr_opposite_2/camera_images/1624829449.7164404.jpg
Cat1,20mph,lr,opposite,2,1624829449.7497737,/media/batool/MULTIMODAL_DATA/Multimodal_Data/Cat1/opposite/bag_files/Cat1_20mph_lr_opposite_2/camera_images/1624829449.7497737.jpg
Cat1,20mph,lr,opposite,2,1624829449.783107,/media/batool/MULTIMODAL_DATA/Multimodal_Data/Cat1/opposite/bag_files/Cat1_20mph_lr_opposite_2/camera_images/1624829449.783107.jpg
Cat1,20mph,lr,opposite,2,1624829449.8164403,/media/batool/MULTIMODAL_DATA/Multimodal_Data/Cat1/opposite/bag_files/Cat1_20mph_lr_opposite_2/camera_images/1624829449.8164403.jpg
Cat1,20mph,lr,opposite,2,1624829449.8497736,/media/batool/MULTIMODAL_DATA/Multimodal_Data/Cat1/opposite/bag_files/Cat1_20mph_lr_opposite_2/camera_images/1624829449.8497736.jpg
Cat1,20mph,lr,opposite,2,1624829449.883107,/media/batool/MULTIMODAL_DATA/Multimodal_Data/Cat1/opposite/bag_files/Cat1_20mph_lr_opposite_2/camera_images/1624829449.883107.jpg
