Category,speed,direction,lane,episode,Time header,Image_path
Cat3,15mph,lr,opposite,4,1625003868.313933,/media/batool/MULTIMODAL_DATA/Multimodal_Data/Cat3/static_in_front/bag_files/Cat3_15mph_lr_opposite_4/camera_images/1625003868.313933.jpg
Cat3,15mph,lr,opposite,4,1625003868.3472662,/media/batool/MULTIMODAL_DATA/Multimodal_Data/Cat3/static_in_front/bag_files/Cat3_15mph_lr_opposite_4/camera_images/1625003868.3472662.jpg
Cat3,15mph,lr,opposite,4,1625003868.3805995,/media/batool/MULTIMODAL_DATA/Multimodal_Data/Cat3/static_in_front/bag_files/Cat3_15mph_lr_opposite_4/camera_images/1625003868.3805995.jpg
Cat3,15mph,lr,opposite,4,1625003868.4139328,/media/batool/MULTIMODAL_DATA/Multimodal_Data/Cat3/static_in_front/bag_files/Cat3_15mph_lr_opposite_4/camera_images/1625003868.4139328.jpg
Cat3,15mph,lr,opposite,4,1625003868.447266,/media/batool/MULTIMODAL_DATA/Multimodal_Data/Cat3/static_in_front/bag_files/Cat3_15mph_lr_opposite_4/camera_images/1625003868.447266.jpg
Cat3,15mph,lr,opposite,4,1625003868.4805994,/media/batool/MULTIMODAL_DATA/Multimodal_Data/Cat3/static_in_front/bag_files/Cat3_15mph_lr_opposite_4/camera_images/1625003868.4805994.jpg
Cat3,15mph,lr,opposite,4,1625003868.5139327,/media/batool/MULTIMODAL_DATA/Multimodal_Data/Cat3/static_in_front/bag_files/Cat3_15mph_lr_opposite_4/camera_images/1625003868.5139327.jpg
Cat3,15mph,lr,opposite,4,1625003868.547266,/media/batool/MULTIMODAL_DATA/Multimodal_Data/Cat3/static_in_front/bag_files/Cat3_15mph_lr_opposite_4/camera_images/1625003868.547266.jpg
Cat3,15mph,lr,opposite,4,1625003868.5805993,/media/batool/MULTIMODAL_DATA/Multimodal_Data/Cat3/static_in_front/bag_files/Cat3_15mph_lr_opposite_4/camera_images/1625003868.5805993.jpg
Cat3,15mph,lr,opposite,4,1625003868.6139326,/media/batool/MULTIMODAL_DATA/Multimodal_Data/Cat3/static_in_front/bag_files/Cat3_15mph_lr_opposite_4/camera_images/1625003868.6139326.jpg
Cat3,15mph,lr,opposite,4,1625003868.647266,/media/batool/MULTIMODAL_DATA/Multimodal_Data/Cat3/static_in_front/bag_files/Cat3_15mph_lr_opposite_4/camera_images/1625003868.647266.jpg
Cat3,15mph,lr,opposite,4,1625003868.6805992,/media/batool/MULTIMODAL_DATA/Multimodal_Data/Cat3/static_in_front/bag_files/Cat3_15mph_lr_opposite_4/camera_images/1625003868.6805992.jpg
Cat3,15mph,lr,opposite,4,1625003868.7139325,/media/batool/MULTIMODAL_DATA/Multimodal_Data/Cat3/static_in_front/bag_files/Cat3_15mph_lr_opposite_4/camera_images/1625003868.7139325.jpg
Cat3,15mph,lr,opposite,4,1625003868.7472658,/media/batool/MULTIMODAL_DATA/Multimodal_Data/Cat3/static_in_front/bag_files/Cat3_15mph_lr_opposite_4/camera_images/1625003868.7472658.jpg
Cat3,15mph,lr,opposite,4,1625003868.780599,/media/batool/MULTIMODAL_DATA/Multimodal_Data/Cat3/static_in_front/bag_files/Cat3_15mph_lr_opposite_4/camera_images/1625003868.780599.jpg
Cat3,15mph,lr,opposite,4,1625003868.8472657,/media/batool/MULTIMODAL_DATA/Multimodal_Data/Cat3/static_in_front/bag_files/Cat3_15mph_lr_opposite_4/camera_images/1625003868.8472657.jpg
Cat3,15mph,lr,opposite,4,1625003868.880599,/media/batool/MULTIMODAL_DATA/Multimodal_Data/Cat3/static_in_front/bag_files/Cat3_15mph_lr_opposite_4/camera_images/1625003868.880599.jpg
Cat3,15mph,lr,opposite,4,1625003868.9139323,/media/batool/MULTIMODAL_DATA/Multimodal_Data/Cat3/static_in_front/bag_files/Cat3_15mph_lr_opposite_4/camera_images/1625003868.9139323.jpg
Cat3,15mph,lr,opposite,4,1625003868.9472656,/media/batool/MULTIMODAL_DATA/Multimodal_Data/Cat3/static_in_front/bag_files/Cat3_15mph_lr_opposite_4/camera_images/1625003868.9472656.jpg
Cat3,15mph,lr,opposite,4,1625003868.980599,/media/batool/MULTIMODAL_DATA/Multimodal_Data/Cat3/static_in_front/bag_files/Cat3_15mph_lr_opposite_4/camera_images/1625003868.980599.jpg
Cat3,15mph,lr,opposite,4,1625003869.0139322,/media/batool/MULTIMODAL_DATA/Multimodal_Data/Cat3/static_in_front/bag_files/Cat3_15mph_lr_opposite_4/camera_images/1625003869.0139322.jpg
Cat3,15mph,lr,opposite,4,1625003869.0472655,/media/batool/MULTIMODAL_DATA/Multimodal_Data/Cat3/static_in_front/bag_files/Cat3_15mph_lr_opposite_4/camera_images/1625003869.0472655.jpg
Cat3,15mph,lr,opposite,4,1625003869.0805988,/media/batool/MULTIMODAL_DATA/Multimodal_Data/Cat3/static_in_front/bag_files/Cat3_15mph_lr_opposite_4/camera_images/1625003869.0805988.jpg
Cat3,15mph,lr,opposite,4,1625003869.1139321,/media/batool/MULTIMODAL_DATA/Multimodal_Data/Cat3/static_in_front/bag_files/Cat3_15mph_lr_opposite_4/camera_images/1625003869.1139321.jpg
Cat3,15mph,lr,opposite,4,1625003869.1472654,/media/batool/MULTIMODAL_DATA/Multimodal_Data/Cat3/static_in_front/bag_files/Cat3_15mph_lr_opposite_4/camera_images/1625003869.1472654.jpg
Cat3,15mph,lr,opposite,4,1625003869.1805987,/media/batool/MULTIMODAL_DATA/Multimodal_Data/Cat3/static_in_front/bag_files/Cat3_15mph_lr_opposite_4/camera_images/1625003869.1805987.jpg
Cat3,15mph,lr,opposite,4,1625003869.213932,/media/batool/MULTIMODAL_DATA/Multimodal_Data/Cat3/static_in_front/bag_files/Cat3_15mph_lr_opposite_4/camera_images/1625003869.213932.jpg
Cat3,15mph,lr,opposite,4,1625003869.2472653,/media/batool/MULTIMODAL_DATA/Multimodal_Data/Cat3/static_in_front/bag_files/Cat3_15mph_lr_opposite_4/camera_images/1625003869.2472653.jpg
Cat3,15mph,lr,opposite,4,1625003869.2805986,/media/batool/MULTIMODAL_DATA/Multimodal_Data/Cat3/static_in_front/bag_files/Cat3_15mph_lr_opposite_4/camera_images/1625003869.2805986.jpg
Cat3,15mph,lr,opposite,4,1625003869.313932,/media/batool/MULTIMODAL_DATA/Multimodal_Data/Cat3/static_in_front/bag_files/Cat3_15mph_lr_opposite_4/camera_images/1625003869.313932.jpg
Cat3,15mph,lr,opposite,4,1625003869.3805985,/media/batool/MULTIMODAL_DATA/Multimodal_Data/Cat3/static_in_front/bag_files/Cat3_15mph_lr_opposite_4/camera_images/1625003869.3805985.jpg
Cat3,15mph,lr,opposite,4,1625003869.4139318,/media/batool/MULTIMODAL_DATA/Multimodal_Data/Cat3/static_in_front/bag_files/Cat3_15mph_lr_opposite_4/camera_images/1625003869.4139318.jpg
Cat3,15mph,lr,opposite,4,1625003869.4472651,/media/batool/MULTIMODAL_DATA/Multimodal_Data/Cat3/static_in_front/bag_files/Cat3_15mph_lr_opposite_4/camera_images/1625003869.4472651.jpg
Cat3,15mph,lr,opposite,4,1625003869.4805984,/media/batool/MULTIMODAL_DATA/Multimodal_Data/Cat3/static_in_front/bag_files/Cat3_15mph_lr_opposite_4/camera_images/1625003869.4805984.jpg
Cat3,15mph,lr,opposite,4,1625003869.5139318,/media/batool/MULTIMODAL_DATA/Multimodal_Data/Cat3/static_in_front/bag_files/Cat3_15mph_lr_opposite_4/camera_images/1625003869.5139318.jpg
Cat3,15mph,lr,opposite,4,1625003869.547265,/media/batool/MULTIMODAL_DATA/Multimodal_Data/Cat3/static_in_front/bag_files/Cat3_15mph_lr_opposite_4/camera_images/1625003869.547265.jpg
Cat3,15mph,lr,opposite,4,1625003869.5805984,/media/batool/MULTIMODAL_DATA/Multimodal_Data/Cat3/static_in_front/bag_files/Cat3_15mph_lr_opposite_4/camera_images/1625003869.5805984.jpg
Cat3,15mph,lr,opposite,4,1625003869.6139317,/media/batool/MULTIMODAL_DATA/Multimodal_Data/Cat3/static_in_front/bag_files/Cat3_15mph_lr_opposite_4/camera_images/1625003869.6139317.jpg
Cat3,15mph,lr,opposite,4,1625003869.647265,/media/batool/MULTIMODAL_DATA/Multimodal_Data/Cat3/static_in_front/bag_files/Cat3_15mph_lr_opposite_4/camera_images/1625003869.647265.jpg
Cat3,15mph,lr,opposite,4,1625003869.6805983,/media/batool/MULTIMODAL_DATA/Multimodal_Data/Cat3/static_in_front/bag_files/Cat3_15mph_lr_opposite_4/camera_images/1625003869.6805983.jpg
Cat3,15mph,lr,opposite,4,1625003869.7139316,/media/batool/MULTIMODAL_DATA/Multimodal_Data/Cat3/static_in_front/bag_files/Cat3_15mph_lr_opposite_4/camera_images/1625003869.7139316.jpg
Cat3,15mph,lr,opposite,4,1625003869.7472649,/media/batool/MULTIMODAL_DATA/Multimodal_Data/Cat3/static_in_front/bag_files/Cat3_15mph_lr_opposite_4/camera_images/1625003869.7472649.jpg
Cat3,15mph,lr,opposite,4,1625003869.7805982,/media/batool/MULTIMODAL_DATA/Multimodal_Data/Cat3/static_in_front/bag_files/Cat3_15mph_lr_opposite_4/camera_images/1625003869.7805982.jpg
Cat3,15mph,lr,opposite,4,1625003869.8139315,/media/batool/MULTIMODAL_DATA/Multimodal_Data/Cat3/static_in_front/bag_files/Cat3_15mph_lr_opposite_4/camera_images/1625003869.8139315.jpg
Cat3,15mph,lr,opposite,4,1625003869.8472648,/media/batool/MULTIMODAL_DATA/Multimodal_Data/Cat3/static_in_front/bag_files/Cat3_15mph_lr_opposite_4/camera_images/1625003869.8472648.jpg
Cat3,15mph,lr,opposite,4,1625003869.9139314,/media/batool/MULTIMODAL_DATA/Multimodal_Data/Cat3/static_in_front/bag_files/Cat3_15mph_lr_opposite_4/camera_images/1625003869.9139314.jpg
Cat3,15mph,lr,opposite,4,1625003869.9472647,/media/batool/MULTIMODAL_DATA/Multimodal_Data/Cat3/static_in_front/bag_files/Cat3_15mph_lr_opposite_4/camera_images/1625003869.9472647.jpg
Cat3,15mph,lr,opposite,4,1625003869.980598,/media/batool/MULTIMODAL_DATA/Multimodal_Data/Cat3/static_in_front/bag_files/Cat3_15mph_lr_opposite_4/camera_images/1625003869.980598.jpg
Cat3,15mph,lr,opposite,4,1625003870.0139313,/media/batool/MULTIMODAL_DATA/Multimodal_Data/Cat3/static_in_front/bag_files/Cat3_15mph_lr_opposite_4/camera_images/1625003870.0139313.jpg
Cat3,15mph,lr,opposite,4,1625003870.0472646,/media/batool/MULTIMODAL_DATA/Multimodal_Data/Cat3/static_in_front/bag_files/Cat3_15mph_lr_opposite_4/camera_images/1625003870.0472646.jpg
Cat3,15mph,lr,opposite,4,1625003870.0805979,/media/batool/MULTIMODAL_DATA/Multimodal_Data/Cat3/static_in_front/bag_files/Cat3_15mph_lr_opposite_4/camera_images/1625003870.0805979.jpg
Cat3,15mph,lr,opposite,4,1625003870.1139312,/media/batool/MULTIMODAL_DATA/Multimodal_Data/Cat3/static_in_front/bag_files/Cat3_15mph_lr_opposite_4/camera_images/1625003870.1139312.jpg
Cat3,15mph,lr,opposite,4,1625003870.1472645,/media/batool/MULTIMODAL_DATA/Multimodal_Data/Cat3/static_in_front/bag_files/Cat3_15mph_lr_opposite_4/camera_images/1625003870.1472645.jpg
Cat3,15mph,lr,opposite,4,1625003870.1805978,/media/batool/MULTIMODAL_DATA/Multimodal_Data/Cat3/static_in_front/bag_files/Cat3_15mph_lr_opposite_4/camera_images/1625003870.1805978.jpg
Cat3,15mph,lr,opposite,4,1625003870.213931,/media/batool/MULTIMODAL_DATA/Multimodal_Data/Cat3/static_in_front/bag_files/Cat3_15mph_lr_opposite_4/camera_images/1625003870.213931.jpg
Cat3,15mph,lr,opposite,4,1625003870.2472644,/media/batool/MULTIMODAL_DATA/Multimodal_Data/Cat3/static_in_front/bag_files/Cat3_15mph_lr_opposite_4/camera_images/1625003870.2472644.jpg
Cat3,15mph,lr,opposite,4,1625003870.2805977,/media/batool/MULTIMODAL_DATA/Multimodal_Data/Cat3/static_in_front/bag_files/Cat3_15mph_lr_opposite_4/camera_images/1625003870.2805977.jpg
Cat3,15mph,lr,opposite,4,1625003870.313931,/media/batool/MULTIMODAL_DATA/Multimodal_Data/Cat3/static_in_front/bag_files/Cat3_15mph_lr_opposite_4/camera_images/1625003870.313931.jpg
Cat3,15mph,lr,opposite,4,1625003870.3472643,/media/batool/MULTIMODAL_DATA/Multimodal_Data/Cat3/static_in_front/bag_files/Cat3_15mph_lr_opposite_4/camera_images/1625003870.3472643.jpg
Cat3,15mph,lr,opposite,4,1625003870.3805976,/media/batool/MULTIMODAL_DATA/Multimodal_Data/Cat3/static_in_front/bag_files/Cat3_15mph_lr_opposite_4/camera_images/1625003870.3805976.jpg
Cat3,15mph,lr,opposite,4,1625003868.8139324,/media/batool/MULTIMODAL_DATA/Multimodal_Data/Cat3/static_in_front/bag_files/Cat3_15mph_lr_opposite_4/camera_images/1625003868.8139324.jpg
Cat3,15mph,lr,opposite,4,1625003869.3472652,/media/batool/MULTIMODAL_DATA/Multimodal_Data/Cat3/static_in_front/bag_files/Cat3_15mph_lr_opposite_4/camera_images/1625003869.3472652.jpg
Cat3,15mph,lr,opposite,4,1625003869.880598,/media/batool/MULTIMODAL_DATA/Multimodal_Data/Cat3/static_in_front/bag_files/Cat3_15mph_lr_opposite_4/camera_images/1625003869.880598.jpg
Cat3,15mph,lr,opposite,4,1625003870.413931,/media/batool/MULTIMODAL_DATA/Multimodal_Data/Cat3/static_in_front/bag_files/Cat3_15mph_lr_opposite_4/camera_images/1625003870.413931.jpg
Cat3,15mph,lr,opposite,4,1625003870.9472637,/media/batool/MULTIMODAL_DATA/Multimodal_Data/Cat3/static_in_front/bag_files/Cat3_15mph_lr_opposite_4/camera_images/1625003870.9472637.jpg
Cat3,15mph,lr,opposite,4,1625003871.4805965,/media/batool/MULTIMODAL_DATA/Multimodal_Data/Cat3/static_in_front/bag_files/Cat3_15mph_lr_opposite_4/camera_images/1625003871.4805965.jpg
Cat3,15mph,lr,opposite,4,1625003872.0139294,/media/batool/MULTIMODAL_DATA/Multimodal_Data/Cat3/static_in_front/bag_files/Cat3_15mph_lr_opposite_4/camera_images/1625003872.0139294.jpg
Cat3,15mph,lr,opposite,4,1625003872.5472622,/media/batool/MULTIMODAL_DATA/Multimodal_Data/Cat3/static_in_front/bag_files/Cat3_15mph_lr_opposite_4/camera_images/1625003872.5472622.jpg
Cat3,15mph,lr,opposite,4,1625003873.080595,/media/batool/MULTIMODAL_DATA/Multimodal_Data/Cat3/static_in_front/bag_files/Cat3_15mph_lr_opposite_4/camera_images/1625003873.080595.jpg
Cat3,15mph,lr,opposite,4,1625003873.6139278,/media/batool/MULTIMODAL_DATA/Multimodal_Data/Cat3/static_in_front/bag_files/Cat3_15mph_lr_opposite_4/camera_images/1625003873.6139278.jpg
Cat3,15mph,lr,opposite,4,1625003874.1472607,/media/batool/MULTIMODAL_DATA/Multimodal_Data/Cat3/static_in_front/bag_files/Cat3_15mph_lr_opposite_4/camera_images/1625003874.1472607.jpg
Cat3,15mph,lr,opposite,4,1625003874.6805935,/media/batool/MULTIMODAL_DATA/Multimodal_Data/Cat3/static_in_front/bag_files/Cat3_15mph_lr_opposite_4/camera_images/1625003874.6805935.jpg
Cat3,15mph,lr,opposite,4,1625003875.2139263,/media/batool/MULTIMODAL_DATA/Multimodal_Data/Cat3/static_in_front/bag_files/Cat3_15mph_lr_opposite_4/camera_images/1625003875.2139263.jpg
Cat3,15mph,lr,opposite,4,1625003875.7472591,/media/batool/MULTIMODAL_DATA/Multimodal_Data/Cat3/static_in_front/bag_files/Cat3_15mph_lr_opposite_4/camera_images/1625003875.7472591.jpg
Cat3,15mph,lr,opposite,4,1625003876.280592,/media/batool/MULTIMODAL_DATA/Multimodal_Data/Cat3/static_in_front/bag_files/Cat3_15mph_lr_opposite_4/camera_images/1625003876.280592.jpg
Cat3,15mph,lr,opposite,4,1625003876.8139248,/media/batool/MULTIMODAL_DATA/Multimodal_Data/Cat3/static_in_front/bag_files/Cat3_15mph_lr_opposite_4/camera_images/1625003876.8139248.jpg
Cat3,15mph,lr,opposite,4,1625003877.3472576,/media/batool/MULTIMODAL_DATA/Multimodal_Data/Cat3/static_in_front/bag_files/Cat3_15mph_lr_opposite_4/camera_images/1625003877.3472576.jpg
Cat3,15mph,lr,opposite,4,1625003877.8805904,/media/batool/MULTIMODAL_DATA/Multimodal_Data/Cat3/static_in_front/bag_files/Cat3_15mph_lr_opposite_4/camera_images/1625003877.8805904.jpg
Cat3,15mph,lr,opposite,4,1625003878.4139233,/media/batool/MULTIMODAL_DATA/Multimodal_Data/Cat3/static_in_front/bag_files/Cat3_15mph_lr_opposite_4/camera_images/1625003878.4139233.jpg
Cat3,15mph,lr,opposite,4,1625003878.947256,/media/batool/MULTIMODAL_DATA/Multimodal_Data/Cat3/static_in_front/bag_files/Cat3_15mph_lr_opposite_4/camera_images/1625003878.947256.jpg
Cat3,15mph,lr,opposite,4,1625003879.480589,/media/batool/MULTIMODAL_DATA/Multimodal_Data/Cat3/static_in_front/bag_files/Cat3_15mph_lr_opposite_4/camera_images/1625003879.480589.jpg
Cat3,15mph,lr,opposite,4,1625003880.0139217,/media/batool/MULTIMODAL_DATA/Multimodal_Data/Cat3/static_in_front/bag_files/Cat3_15mph_lr_opposite_4/camera_images/1625003880.0139217.jpg
Cat3,15mph,lr,opposite,4,1625003880.5472546,/media/batool/MULTIMODAL_DATA/Multimodal_Data/Cat3/static_in_front/bag_files/Cat3_15mph_lr_opposite_4/camera_images/1625003880.5472546.jpg
Cat3,15mph,lr,opposite,4,1625003881.0805874,/media/batool/MULTIMODAL_DATA/Multimodal_Data/Cat3/static_in_front/bag_files/Cat3_15mph_lr_opposite_4/camera_images/1625003881.0805874.jpg
Cat3,15mph,lr,opposite,4,1625003881.6139202,/media/batool/MULTIMODAL_DATA/Multimodal_Data/Cat3/static_in_front/bag_files/Cat3_15mph_lr_opposite_4/camera_images/1625003881.6139202.jpg
Cat3,15mph,lr,opposite,4,1625003882.147253,/media/batool/MULTIMODAL_DATA/Multimodal_Data/Cat3/static_in_front/bag_files/Cat3_15mph_lr_opposite_4/camera_images/1625003882.147253.jpg
Cat3,15mph,lr,opposite,4,1625003882.6805859,/media/batool/MULTIMODAL_DATA/Multimodal_Data/Cat3/static_in_front/bag_files/Cat3_15mph_lr_opposite_4/camera_images/1625003882.6805859.jpg
Cat3,15mph,lr,opposite,4,1625003870.4472642,/media/batool/MULTIMODAL_DATA/Multimodal_Data/Cat3/static_in_front/bag_files/Cat3_15mph_lr_opposite_4/camera_images/1625003870.4472642.jpg
Cat3,15mph,lr,opposite,4,1625003870.4805975,/media/batool/MULTIMODAL_DATA/Multimodal_Data/Cat3/static_in_front/bag_files/Cat3_15mph_lr_opposite_4/camera_images/1625003870.4805975.jpg
Cat3,15mph,lr,opposite,4,1625003870.5139308,/media/batool/MULTIMODAL_DATA/Multimodal_Data/Cat3/static_in_front/bag_files/Cat3_15mph_lr_opposite_4/camera_images/1625003870.5139308.jpg
Cat3,15mph,lr,opposite,4,1625003870.547264,/media/batool/MULTIMODAL_DATA/Multimodal_Data/Cat3/static_in_front/bag_files/Cat3_15mph_lr_opposite_4/camera_images/1625003870.547264.jpg
Cat3,15mph,lr,opposite,4,1625003870.5805974,/media/batool/MULTIMODAL_DATA/Multimodal_Data/Cat3/static_in_front/bag_files/Cat3_15mph_lr_opposite_4/camera_images/1625003870.5805974.jpg
Cat3,15mph,lr,opposite,4,1625003870.6139307,/media/batool/MULTIMODAL_DATA/Multimodal_Data/Cat3/static_in_front/bag_files/Cat3_15mph_lr_opposite_4/camera_images/1625003870.6139307.jpg
Cat3,15mph,lr,opposite,4,1625003870.647264,/media/batool/MULTIMODAL_DATA/Multimodal_Data/Cat3/static_in_front/bag_files/Cat3_15mph_lr_opposite_4/camera_images/1625003870.647264.jpg
Cat3,15mph,lr,opposite,4,1625003870.6805973,/media/batool/MULTIMODAL_DATA/Multimodal_Data/Cat3/static_in_front/bag_files/Cat3_15mph_lr_opposite_4/camera_images/1625003870.6805973.jpg
Cat3,15mph,lr,opposite,4,1625003870.7139306,/media/batool/MULTIMODAL_DATA/Multimodal_Data/Cat3/static_in_front/bag_files/Cat3_15mph_lr_opposite_4/camera_images/1625003870.7139306.jpg
Cat3,15mph,lr,opposite,4,1625003870.747264,/media/batool/MULTIMODAL_DATA/Multimodal_Data/Cat3/static_in_front/bag_files/Cat3_15mph_lr_opposite_4/camera_images/1625003870.747264.jpg
Cat3,15mph,lr,opposite,4,1625003870.7805972,/media/batool/MULTIMODAL_DATA/Multimodal_Data/Cat3/static_in_front/bag_files/Cat3_15mph_lr_opposite_4/camera_images/1625003870.7805972.jpg
Cat3,15mph,lr,opposite,4,1625003870.8139305,/media/batool/MULTIMODAL_DATA/Multimodal_Data/Cat3/static_in_front/bag_files/Cat3_15mph_lr_opposite_4/camera_images/1625003870.8139305.jpg
Cat3,15mph,lr,opposite,4,1625003870.8472638,/media/batool/MULTIMODAL_DATA/Multimodal_Data/Cat3/static_in_front/bag_files/Cat3_15mph_lr_opposite_4/camera_images/1625003870.8472638.jpg
Cat3,15mph,lr,opposite,4,1625003870.880597,/media/batool/MULTIMODAL_DATA/Multimodal_Data/Cat3/static_in_front/bag_files/Cat3_15mph_lr_opposite_4/camera_images/1625003870.880597.jpg
Cat3,15mph,lr,opposite,4,1625003870.9139304,/media/batool/MULTIMODAL_DATA/Multimodal_Data/Cat3/static_in_front/bag_files/Cat3_15mph_lr_opposite_4/camera_images/1625003870.9139304.jpg
Cat3,15mph,lr,opposite,4,1625003870.980597,/media/batool/MULTIMODAL_DATA/Multimodal_Data/Cat3/static_in_front/bag_files/Cat3_15mph_lr_opposite_4/camera_images/1625003870.980597.jpg
Cat3,15mph,lr,opposite,4,1625003871.0139303,/media/batool/MULTIMODAL_DATA/Multimodal_Data/Cat3/static_in_front/bag_files/Cat3_15mph_lr_opposite_4/camera_images/1625003871.0139303.jpg
Cat3,15mph,lr,opposite,4,1625003871.0472636,/media/batool/MULTIMODAL_DATA/Multimodal_Data/Cat3/static_in_front/bag_files/Cat3_15mph_lr_opposite_4/camera_images/1625003871.0472636.jpg
Cat3,15mph,lr,opposite,4,1625003871.080597,/media/batool/MULTIMODAL_DATA/Multimodal_Data/Cat3/static_in_front/bag_files/Cat3_15mph_lr_opposite_4/camera_images/1625003871.080597.jpg
Cat3,15mph,lr,opposite,4,1625003871.1139302,/media/batool/MULTIMODAL_DATA/Multimodal_Data/Cat3/static_in_front/bag_files/Cat3_15mph_lr_opposite_4/camera_images/1625003871.1139302.jpg
Cat3,15mph,lr,opposite,4,1625003871.1472635,/media/batool/MULTIMODAL_DATA/Multimodal_Data/Cat3/static_in_front/bag_files/Cat3_15mph_lr_opposite_4/camera_images/1625003871.1472635.jpg
Cat3,15mph,lr,opposite,4,1625003871.1805968,/media/batool/MULTIMODAL_DATA/Multimodal_Data/Cat3/static_in_front/bag_files/Cat3_15mph_lr_opposite_4/camera_images/1625003871.1805968.jpg
Cat3,15mph,lr,opposite,4,1625003871.2139301,/media/batool/MULTIMODAL_DATA/Multimodal_Data/Cat3/static_in_front/bag_files/Cat3_15mph_lr_opposite_4/camera_images/1625003871.2139301.jpg
Cat3,15mph,lr,opposite,4,1625003871.2472634,/media/batool/MULTIMODAL_DATA/Multimodal_Data/Cat3/static_in_front/bag_files/Cat3_15mph_lr_opposite_4/camera_images/1625003871.2472634.jpg
Cat3,15mph,lr,opposite,4,1625003871.2805967,/media/batool/MULTIMODAL_DATA/Multimodal_Data/Cat3/static_in_front/bag_files/Cat3_15mph_lr_opposite_4/camera_images/1625003871.2805967.jpg
Cat3,15mph,lr,opposite,4,1625003871.31393,/media/batool/MULTIMODAL_DATA/Multimodal_Data/Cat3/static_in_front/bag_files/Cat3_15mph_lr_opposite_4/camera_images/1625003871.31393.jpg
Cat3,15mph,lr,opposite,4,1625003871.3472633,/media/batool/MULTIMODAL_DATA/Multimodal_Data/Cat3/static_in_front/bag_files/Cat3_15mph_lr_opposite_4/camera_images/1625003871.3472633.jpg
Cat3,15mph,lr,opposite,4,1625003871.3805966,/media/batool/MULTIMODAL_DATA/Multimodal_Data/Cat3/static_in_front/bag_files/Cat3_15mph_lr_opposite_4/camera_images/1625003871.3805966.jpg
Cat3,15mph,lr,opposite,4,1625003871.41393,/media/batool/MULTIMODAL_DATA/Multimodal_Data/Cat3/static_in_front/bag_files/Cat3_15mph_lr_opposite_4/camera_images/1625003871.41393.jpg
Cat3,15mph,lr,opposite,4,1625003871.4472632,/media/batool/MULTIMODAL_DATA/Multimodal_Data/Cat3/static_in_front/bag_files/Cat3_15mph_lr_opposite_4/camera_images/1625003871.4472632.jpg
Cat3,15mph,lr,opposite,4,1625003871.5139298,/media/batool/MULTIMODAL_DATA/Multimodal_Data/Cat3/static_in_front/bag_files/Cat3_15mph_lr_opposite_4/camera_images/1625003871.5139298.jpg
Cat3,15mph,lr,opposite,4,1625003871.5472631,/media/batool/MULTIMODAL_DATA/Multimodal_Data/Cat3/static_in_front/bag_files/Cat3_15mph_lr_opposite_4/camera_images/1625003871.5472631.jpg
Cat3,15mph,lr,opposite,4,1625003871.5805964,/media/batool/MULTIMODAL_DATA/Multimodal_Data/Cat3/static_in_front/bag_files/Cat3_15mph_lr_opposite_4/camera_images/1625003871.5805964.jpg
Cat3,15mph,lr,opposite,4,1625003871.6139297,/media/batool/MULTIMODAL_DATA/Multimodal_Data/Cat3/static_in_front/bag_files/Cat3_15mph_lr_opposite_4/camera_images/1625003871.6139297.jpg
Cat3,15mph,lr,opposite,4,1625003871.647263,/media/batool/MULTIMODAL_DATA/Multimodal_Data/Cat3/static_in_front/bag_files/Cat3_15mph_lr_opposite_4/camera_images/1625003871.647263.jpg
Cat3,15mph,lr,opposite,4,1625003871.6805964,/media/batool/MULTIMODAL_DATA/Multimodal_Data/Cat3/static_in_front/bag_files/Cat3_15mph_lr_opposite_4/camera_images/1625003871.6805964.jpg
Cat3,15mph,lr,opposite,4,1625003871.7139297,/media/batool/MULTIMODAL_DATA/Multimodal_Data/Cat3/static_in_front/bag_files/Cat3_15mph_lr_opposite_4/camera_images/1625003871.7139297.jpg
Cat3,15mph,lr,opposite,4,1625003871.747263,/media/batool/MULTIMODAL_DATA/Multimodal_Data/Cat3/static_in_front/bag_files/Cat3_15mph_lr_opposite_4/camera_images/1625003871.747263.jpg
Cat3,15mph,lr,opposite,4,1625003871.7805963,/media/batool/MULTIMODAL_DATA/Multimodal_Data/Cat3/static_in_front/bag_files/Cat3_15mph_lr_opposite_4/camera_images/1625003871.7805963.jpg
Cat3,15mph,lr,opposite,4,1625003871.8139296,/media/batool/MULTIMODAL_DATA/Multimodal_Data/Cat3/static_in_front/bag_files/Cat3_15mph_lr_opposite_4/camera_images/1625003871.8139296.jpg
Cat3,15mph,lr,opposite,4,1625003871.8472629,/media/batool/MULTIMODAL_DATA/Multimodal_Data/Cat3/static_in_front/bag_files/Cat3_15mph_lr_opposite_4/camera_images/1625003871.8472629.jpg
Cat3,15mph,lr,opposite,4,1625003871.8805962,/media/batool/MULTIMODAL_DATA/Multimodal_Data/Cat3/static_in_front/bag_files/Cat3_15mph_lr_opposite_4/camera_images/1625003871.8805962.jpg
Cat3,15mph,lr,opposite,4,1625003871.9139295,/media/batool/MULTIMODAL_DATA/Multimodal_Data/Cat3/static_in_front/bag_files/Cat3_15mph_lr_opposite_4/camera_images/1625003871.9139295.jpg
Cat3,15mph,lr,opposite,4,1625003871.9472628,/media/batool/MULTIMODAL_DATA/Multimodal_Data/Cat3/static_in_front/bag_files/Cat3_15mph_lr_opposite_4/camera_images/1625003871.9472628.jpg
Cat3,15mph,lr,opposite,4,1625003871.980596,/media/batool/MULTIMODAL_DATA/Multimodal_Data/Cat3/static_in_front/bag_files/Cat3_15mph_lr_opposite_4/camera_images/1625003871.980596.jpg
Cat3,15mph,lr,opposite,4,1625003872.0472627,/media/batool/MULTIMODAL_DATA/Multimodal_Data/Cat3/static_in_front/bag_files/Cat3_15mph_lr_opposite_4/camera_images/1625003872.0472627.jpg
Cat3,15mph,lr,opposite,4,1625003872.080596,/media/batool/MULTIMODAL_DATA/Multimodal_Data/Cat3/static_in_front/bag_files/Cat3_15mph_lr_opposite_4/camera_images/1625003872.080596.jpg
Cat3,15mph,lr,opposite,4,1625003872.1139293,/media/batool/MULTIMODAL_DATA/Multimodal_Data/Cat3/static_in_front/bag_files/Cat3_15mph_lr_opposite_4/camera_images/1625003872.1139293.jpg
Cat3,15mph,lr,opposite,4,1625003872.1472626,/media/batool/MULTIMODAL_DATA/Multimodal_Data/Cat3/static_in_front/bag_files/Cat3_15mph_lr_opposite_4/camera_images/1625003872.1472626.jpg
Cat3,15mph,lr,opposite,4,1625003872.1805959,/media/batool/MULTIMODAL_DATA/Multimodal_Data/Cat3/static_in_front/bag_files/Cat3_15mph_lr_opposite_4/camera_images/1625003872.1805959.jpg
Cat3,15mph,lr,opposite,4,1625003872.2139292,/media/batool/MULTIMODAL_DATA/Multimodal_Data/Cat3/static_in_front/bag_files/Cat3_15mph_lr_opposite_4/camera_images/1625003872.2139292.jpg
Cat3,15mph,lr,opposite,4,1625003872.2472625,/media/batool/MULTIMODAL_DATA/Multimodal_Data/Cat3/static_in_front/bag_files/Cat3_15mph_lr_opposite_4/camera_images/1625003872.2472625.jpg
Cat3,15mph,lr,opposite,4,1625003872.2805958,/media/batool/MULTIMODAL_DATA/Multimodal_Data/Cat3/static_in_front/bag_files/Cat3_15mph_lr_opposite_4/camera_images/1625003872.2805958.jpg
Cat3,15mph,lr,opposite,4,1625003872.313929,/media/batool/MULTIMODAL_DATA/Multimodal_Data/Cat3/static_in_front/bag_files/Cat3_15mph_lr_opposite_4/camera_images/1625003872.313929.jpg
Cat3,15mph,lr,opposite,4,1625003872.3472624,/media/batool/MULTIMODAL_DATA/Multimodal_Data/Cat3/static_in_front/bag_files/Cat3_15mph_lr_opposite_4/camera_images/1625003872.3472624.jpg
Cat3,15mph,lr,opposite,4,1625003872.3805957,/media/batool/MULTIMODAL_DATA/Multimodal_Data/Cat3/static_in_front/bag_files/Cat3_15mph_lr_opposite_4/camera_images/1625003872.3805957.jpg
Cat3,15mph,lr,opposite,4,1625003872.413929,/media/batool/MULTIMODAL_DATA/Multimodal_Data/Cat3/static_in_front/bag_files/Cat3_15mph_lr_opposite_4/camera_images/1625003872.413929.jpg
Cat3,15mph,lr,opposite,4,1625003872.4472623,/media/batool/MULTIMODAL_DATA/Multimodal_Data/Cat3/static_in_front/bag_files/Cat3_15mph_lr_opposite_4/camera_images/1625003872.4472623.jpg
Cat3,15mph,lr,opposite,4,1625003872.4805956,/media/batool/MULTIMODAL_DATA/Multimodal_Data/Cat3/static_in_front/bag_files/Cat3_15mph_lr_opposite_4/camera_images/1625003872.4805956.jpg
Cat3,15mph,lr,opposite,4,1625003872.513929,/media/batool/MULTIMODAL_DATA/Multimodal_Data/Cat3/static_in_front/bag_files/Cat3_15mph_lr_opposite_4/camera_images/1625003872.513929.jpg
Cat3,15mph,lr,opposite,4,1625003872.5805955,/media/batool/MULTIMODAL_DATA/Multimodal_Data/Cat3/static_in_front/bag_files/Cat3_15mph_lr_opposite_4/camera_images/1625003872.5805955.jpg
Cat3,15mph,lr,opposite,4,1625003872.6139288,/media/batool/MULTIMODAL_DATA/Multimodal_Data/Cat3/static_in_front/bag_files/Cat3_15mph_lr_opposite_4/camera_images/1625003872.6139288.jpg
Cat3,15mph,lr,opposite,4,1625003872.647262,/media/batool/MULTIMODAL_DATA/Multimodal_Data/Cat3/static_in_front/bag_files/Cat3_15mph_lr_opposite_4/camera_images/1625003872.647262.jpg
Cat3,15mph,lr,opposite,4,1625003872.6805954,/media/batool/MULTIMODAL_DATA/Multimodal_Data/Cat3/static_in_front/bag_files/Cat3_15mph_lr_opposite_4/camera_images/1625003872.6805954.jpg
Cat3,15mph,lr,opposite,4,1625003872.7139287,/media/batool/MULTIMODAL_DATA/Multimodal_Data/Cat3/static_in_front/bag_files/Cat3_15mph_lr_opposite_4/camera_images/1625003872.7139287.jpg
Cat3,15mph,lr,opposite,4,1625003872.747262,/media/batool/MULTIMODAL_DATA/Multimodal_Data/Cat3/static_in_front/bag_files/Cat3_15mph_lr_opposite_4/camera_images/1625003872.747262.jpg
Cat3,15mph,lr,opposite,4,1625003872.7805953,/media/batool/MULTIMODAL_DATA/Multimodal_Data/Cat3/static_in_front/bag_files/Cat3_15mph_lr_opposite_4/camera_images/1625003872.7805953.jpg
Cat3,15mph,lr,opposite,4,1625003872.8139286,/media/batool/MULTIMODAL_DATA/Multimodal_Data/Cat3/static_in_front/bag_files/Cat3_15mph_lr_opposite_4/camera_images/1625003872.8139286.jpg
Cat3,15mph,lr,opposite,4,1625003872.847262,/media/batool/MULTIMODAL_DATA/Multimodal_Data/Cat3/static_in_front/bag_files/Cat3_15mph_lr_opposite_4/camera_images/1625003872.847262.jpg
Cat3,15mph,lr,opposite,4,1625003872.8805952,/media/batool/MULTIMODAL_DATA/Multimodal_Data/Cat3/static_in_front/bag_files/Cat3_15mph_lr_opposite_4/camera_images/1625003872.8805952.jpg
Cat3,15mph,lr,opposite,4,1625003872.9139285,/media/batool/MULTIMODAL_DATA/Multimodal_Data/Cat3/static_in_front/bag_files/Cat3_15mph_lr_opposite_4/camera_images/1625003872.9139285.jpg
Cat3,15mph,lr,opposite,4,1625003872.9472618,/media/batool/MULTIMODAL_DATA/Multimodal_Data/Cat3/static_in_front/bag_files/Cat3_15mph_lr_opposite_4/camera_images/1625003872.9472618.jpg
Cat3,15mph,lr,opposite,4,1625003872.980595,/media/batool/MULTIMODAL_DATA/Multimodal_Data/Cat3/static_in_front/bag_files/Cat3_15mph_lr_opposite_4/camera_images/1625003872.980595.jpg
Cat3,15mph,lr,opposite,4,1625003873.0139284,/media/batool/MULTIMODAL_DATA/Multimodal_Data/Cat3/static_in_front/bag_files/Cat3_15mph_lr_opposite_4/camera_images/1625003873.0139284.jpg
Cat3,15mph,lr,opposite,4,1625003873.0472617,/media/batool/MULTIMODAL_DATA/Multimodal_Data/Cat3/static_in_front/bag_files/Cat3_15mph_lr_opposite_4/camera_images/1625003873.0472617.jpg
Cat3,15mph,lr,opposite,4,1625003873.1139283,/media/batool/MULTIMODAL_DATA/Multimodal_Data/Cat3/static_in_front/bag_files/Cat3_15mph_lr_opposite_4/camera_images/1625003873.1139283.jpg
Cat3,15mph,lr,opposite,4,1625003873.1472616,/media/batool/MULTIMODAL_DATA/Multimodal_Data/Cat3/static_in_front/bag_files/Cat3_15mph_lr_opposite_4/camera_images/1625003873.1472616.jpg
Cat3,15mph,lr,opposite,4,1625003873.180595,/media/batool/MULTIMODAL_DATA/Multimodal_Data/Cat3/static_in_front/bag_files/Cat3_15mph_lr_opposite_4/camera_images/1625003873.180595.jpg
Cat3,15mph,lr,opposite,4,1625003873.2139282,/media/batool/MULTIMODAL_DATA/Multimodal_Data/Cat3/static_in_front/bag_files/Cat3_15mph_lr_opposite_4/camera_images/1625003873.2139282.jpg
Cat3,15mph,lr,opposite,4,1625003873.2472615,/media/batool/MULTIMODAL_DATA/Multimodal_Data/Cat3/static_in_front/bag_files/Cat3_15mph_lr_opposite_4/camera_images/1625003873.2472615.jpg
Cat3,15mph,lr,opposite,4,1625003873.2805948,/media/batool/MULTIMODAL_DATA/Multimodal_Data/Cat3/static_in_front/bag_files/Cat3_15mph_lr_opposite_4/camera_images/1625003873.2805948.jpg
Cat3,15mph,lr,opposite,4,1625003873.3139281,/media/batool/MULTIMODAL_DATA/Multimodal_Data/Cat3/static_in_front/bag_files/Cat3_15mph_lr_opposite_4/camera_images/1625003873.3139281.jpg
Cat3,15mph,lr,opposite,4,1625003873.3472614,/media/batool/MULTIMODAL_DATA/Multimodal_Data/Cat3/static_in_front/bag_files/Cat3_15mph_lr_opposite_4/camera_images/1625003873.3472614.jpg
Cat3,15mph,lr,opposite,4,1625003873.3805947,/media/batool/MULTIMODAL_DATA/Multimodal_Data/Cat3/static_in_front/bag_files/Cat3_15mph_lr_opposite_4/camera_images/1625003873.3805947.jpg
Cat3,15mph,lr,opposite,4,1625003873.413928,/media/batool/MULTIMODAL_DATA/Multimodal_Data/Cat3/static_in_front/bag_files/Cat3_15mph_lr_opposite_4/camera_images/1625003873.413928.jpg
Cat3,15mph,lr,opposite,4,1625003873.4472613,/media/batool/MULTIMODAL_DATA/Multimodal_Data/Cat3/static_in_front/bag_files/Cat3_15mph_lr_opposite_4/camera_images/1625003873.4472613.jpg
Cat3,15mph,lr,opposite,4,1625003873.4805946,/media/batool/MULTIMODAL_DATA/Multimodal_Data/Cat3/static_in_front/bag_files/Cat3_15mph_lr_opposite_4/camera_images/1625003873.4805946.jpg
Cat3,15mph,lr,opposite,4,1625003873.513928,/media/batool/MULTIMODAL_DATA/Multimodal_Data/Cat3/static_in_front/bag_files/Cat3_15mph_lr_opposite_4/camera_images/1625003873.513928.jpg
Cat3,15mph,lr,opposite,4,1625003873.5472612,/media/batool/MULTIMODAL_DATA/Multimodal_Data/Cat3/static_in_front/bag_files/Cat3_15mph_lr_opposite_4/camera_images/1625003873.5472612.jpg
Cat3,15mph,lr,opposite,4,1625003873.5805945,/media/batool/MULTIMODAL_DATA/Multimodal_Data/Cat3/static_in_front/bag_files/Cat3_15mph_lr_opposite_4/camera_images/1625003873.5805945.jpg
Cat3,15mph,lr,opposite,4,1625003873.6472611,/media/batool/MULTIMODAL_DATA/Multimodal_Data/Cat3/static_in_front/bag_files/Cat3_15mph_lr_opposite_4/camera_images/1625003873.6472611.jpg
Cat3,15mph,lr,opposite,4,1625003873.6805944,/media/batool/MULTIMODAL_DATA/Multimodal_Data/Cat3/static_in_front/bag_files/Cat3_15mph_lr_opposite_4/camera_images/1625003873.6805944.jpg
Cat3,15mph,lr,opposite,4,1625003873.7139277,/media/batool/MULTIMODAL_DATA/Multimodal_Data/Cat3/static_in_front/bag_files/Cat3_15mph_lr_opposite_4/camera_images/1625003873.7139277.jpg
Cat3,15mph,lr,opposite,4,1625003873.747261,/media/batool/MULTIMODAL_DATA/Multimodal_Data/Cat3/static_in_front/bag_files/Cat3_15mph_lr_opposite_4/camera_images/1625003873.747261.jpg
Cat3,15mph,lr,opposite,4,1625003873.7805943,/media/batool/MULTIMODAL_DATA/Multimodal_Data/Cat3/static_in_front/bag_files/Cat3_15mph_lr_opposite_4/camera_images/1625003873.7805943.jpg
Cat3,15mph,lr,opposite,4,1625003873.8139277,/media/batool/MULTIMODAL_DATA/Multimodal_Data/Cat3/static_in_front/bag_files/Cat3_15mph_lr_opposite_4/camera_images/1625003873.8139277.jpg
Cat3,15mph,lr,opposite,4,1625003873.847261,/media/batool/MULTIMODAL_DATA/Multimodal_Data/Cat3/static_in_front/bag_files/Cat3_15mph_lr_opposite_4/camera_images/1625003873.847261.jpg
Cat3,15mph,lr,opposite,4,1625003873.8805943,/media/batool/MULTIMODAL_DATA/Multimodal_Data/Cat3/static_in_front/bag_files/Cat3_15mph_lr_opposite_4/camera_images/1625003873.8805943.jpg
Cat3,15mph,lr,opposite,4,1625003873.9139276,/media/batool/MULTIMODAL_DATA/Multimodal_Data/Cat3/static_in_front/bag_files/Cat3_15mph_lr_opposite_4/camera_images/1625003873.9139276.jpg
Cat3,15mph,lr,opposite,4,1625003873.9472609,/media/batool/MULTIMODAL_DATA/Multimodal_Data/Cat3/static_in_front/bag_files/Cat3_15mph_lr_opposite_4/camera_images/1625003873.9472609.jpg
Cat3,15mph,lr,opposite,4,1625003873.9805942,/media/batool/MULTIMODAL_DATA/Multimodal_Data/Cat3/static_in_front/bag_files/Cat3_15mph_lr_opposite_4/camera_images/1625003873.9805942.jpg
Cat3,15mph,lr,opposite,4,1625003874.0139275,/media/batool/MULTIMODAL_DATA/Multimodal_Data/Cat3/static_in_front/bag_files/Cat3_15mph_lr_opposite_4/camera_images/1625003874.0139275.jpg
Cat3,15mph,lr,opposite,4,1625003874.0472608,/media/batool/MULTIMODAL_DATA/Multimodal_Data/Cat3/static_in_front/bag_files/Cat3_15mph_lr_opposite_4/camera_images/1625003874.0472608.jpg
Cat3,15mph,lr,opposite,4,1625003874.080594,/media/batool/MULTIMODAL_DATA/Multimodal_Data/Cat3/static_in_front/bag_files/Cat3_15mph_lr_opposite_4/camera_images/1625003874.080594.jpg
Cat3,15mph,lr,opposite,4,1625003874.1139274,/media/batool/MULTIMODAL_DATA/Multimodal_Data/Cat3/static_in_front/bag_files/Cat3_15mph_lr_opposite_4/camera_images/1625003874.1139274.jpg
Cat3,15mph,lr,opposite,4,1625003874.180594,/media/batool/MULTIMODAL_DATA/Multimodal_Data/Cat3/static_in_front/bag_files/Cat3_15mph_lr_opposite_4/camera_images/1625003874.180594.jpg
Cat3,15mph,lr,opposite,4,1625003874.2139273,/media/batool/MULTIMODAL_DATA/Multimodal_Data/Cat3/static_in_front/bag_files/Cat3_15mph_lr_opposite_4/camera_images/1625003874.2139273.jpg
Cat3,15mph,lr,opposite,4,1625003874.2472606,/media/batool/MULTIMODAL_DATA/Multimodal_Data/Cat3/static_in_front/bag_files/Cat3_15mph_lr_opposite_4/camera_images/1625003874.2472606.jpg
Cat3,15mph,lr,opposite,4,1625003874.2805939,/media/batool/MULTIMODAL_DATA/Multimodal_Data/Cat3/static_in_front/bag_files/Cat3_15mph_lr_opposite_4/camera_images/1625003874.2805939.jpg
Cat3,15mph,lr,opposite,4,1625003874.3139272,/media/batool/MULTIMODAL_DATA/Multimodal_Data/Cat3/static_in_front/bag_files/Cat3_15mph_lr_opposite_4/camera_images/1625003874.3139272.jpg
Cat3,15mph,lr,opposite,4,1625003874.3472605,/media/batool/MULTIMODAL_DATA/Multimodal_Data/Cat3/static_in_front/bag_files/Cat3_15mph_lr_opposite_4/camera_images/1625003874.3472605.jpg
Cat3,15mph,lr,opposite,4,1625003874.3805938,/media/batool/MULTIMODAL_DATA/Multimodal_Data/Cat3/static_in_front/bag_files/Cat3_15mph_lr_opposite_4/camera_images/1625003874.3805938.jpg
Cat3,15mph,lr,opposite,4,1625003874.413927,/media/batool/MULTIMODAL_DATA/Multimodal_Data/Cat3/static_in_front/bag_files/Cat3_15mph_lr_opposite_4/camera_images/1625003874.413927.jpg
Cat3,15mph,lr,opposite,4,1625003874.4472604,/media/batool/MULTIMODAL_DATA/Multimodal_Data/Cat3/static_in_front/bag_files/Cat3_15mph_lr_opposite_4/camera_images/1625003874.4472604.jpg
Cat3,15mph,lr,opposite,4,1625003874.4805937,/media/batool/MULTIMODAL_DATA/Multimodal_Data/Cat3/static_in_front/bag_files/Cat3_15mph_lr_opposite_4/camera_images/1625003874.4805937.jpg
Cat3,15mph,lr,opposite,4,1625003874.513927,/media/batool/MULTIMODAL_DATA/Multimodal_Data/Cat3/static_in_front/bag_files/Cat3_15mph_lr_opposite_4/camera_images/1625003874.513927.jpg
Cat3,15mph,lr,opposite,4,1625003874.5472603,/media/batool/MULTIMODAL_DATA/Multimodal_Data/Cat3/static_in_front/bag_files/Cat3_15mph_lr_opposite_4/camera_images/1625003874.5472603.jpg
Cat3,15mph,lr,opposite,4,1625003874.5805936,/media/batool/MULTIMODAL_DATA/Multimodal_Data/Cat3/static_in_front/bag_files/Cat3_15mph_lr_opposite_4/camera_images/1625003874.5805936.jpg
Cat3,15mph,lr,opposite,4,1625003874.613927,/media/batool/MULTIMODAL_DATA/Multimodal_Data/Cat3/static_in_front/bag_files/Cat3_15mph_lr_opposite_4/camera_images/1625003874.613927.jpg
Cat3,15mph,lr,opposite,4,1625003874.6472602,/media/batool/MULTIMODAL_DATA/Multimodal_Data/Cat3/static_in_front/bag_files/Cat3_15mph_lr_opposite_4/camera_images/1625003874.6472602.jpg
Cat3,15mph,lr,opposite,4,1625003874.7139268,/media/batool/MULTIMODAL_DATA/Multimodal_Data/Cat3/static_in_front/bag_files/Cat3_15mph_lr_opposite_4/camera_images/1625003874.7139268.jpg
Cat3,15mph,lr,opposite,4,1625003874.74726,/media/batool/MULTIMODAL_DATA/Multimodal_Data/Cat3/static_in_front/bag_files/Cat3_15mph_lr_opposite_4/camera_images/1625003874.74726.jpg
Cat3,15mph,lr,opposite,4,1625003874.7805934,/media/batool/MULTIMODAL_DATA/Multimodal_Data/Cat3/static_in_front/bag_files/Cat3_15mph_lr_opposite_4/camera_images/1625003874.7805934.jpg
Cat3,15mph,lr,opposite,4,1625003874.8139267,/media/batool/MULTIMODAL_DATA/Multimodal_Data/Cat3/static_in_front/bag_files/Cat3_15mph_lr_opposite_4/camera_images/1625003874.8139267.jpg
Cat3,15mph,lr,opposite,4,1625003874.84726,/media/batool/MULTIMODAL_DATA/Multimodal_Data/Cat3/static_in_front/bag_files/Cat3_15mph_lr_opposite_4/camera_images/1625003874.84726.jpg
Cat3,15mph,lr,opposite,4,1625003874.8805933,/media/batool/MULTIMODAL_DATA/Multimodal_Data/Cat3/static_in_front/bag_files/Cat3_15mph_lr_opposite_4/camera_images/1625003874.8805933.jpg
Cat3,15mph,lr,opposite,4,1625003874.9139266,/media/batool/MULTIMODAL_DATA/Multimodal_Data/Cat3/static_in_front/bag_files/Cat3_15mph_lr_opposite_4/camera_images/1625003874.9139266.jpg
Cat3,15mph,lr,opposite,4,1625003874.94726,/media/batool/MULTIMODAL_DATA/Multimodal_Data/Cat3/static_in_front/bag_files/Cat3_15mph_lr_opposite_4/camera_images/1625003874.94726.jpg
Cat3,15mph,lr,opposite,4,1625003874.9805932,/media/batool/MULTIMODAL_DATA/Multimodal_Data/Cat3/static_in_front/bag_files/Cat3_15mph_lr_opposite_4/camera_images/1625003874.9805932.jpg
Cat3,15mph,lr,opposite,4,1625003875.0139265,/media/batool/MULTIMODAL_DATA/Multimodal_Data/Cat3/static_in_front/bag_files/Cat3_15mph_lr_opposite_4/camera_images/1625003875.0139265.jpg
Cat3,15mph,lr,opposite,4,1625003875.0472598,/media/batool/MULTIMODAL_DATA/Multimodal_Data/Cat3/static_in_front/bag_files/Cat3_15mph_lr_opposite_4/camera_images/1625003875.0472598.jpg
Cat3,15mph,lr,opposite,4,1625003875.080593,/media/batool/MULTIMODAL_DATA/Multimodal_Data/Cat3/static_in_front/bag_files/Cat3_15mph_lr_opposite_4/camera_images/1625003875.080593.jpg
Cat3,15mph,lr,opposite,4,1625003875.1139264,/media/batool/MULTIMODAL_DATA/Multimodal_Data/Cat3/static_in_front/bag_files/Cat3_15mph_lr_opposite_4/camera_images/1625003875.1139264.jpg
Cat3,15mph,lr,opposite,4,1625003875.1472597,/media/batool/MULTIMODAL_DATA/Multimodal_Data/Cat3/static_in_front/bag_files/Cat3_15mph_lr_opposite_4/camera_images/1625003875.1472597.jpg
Cat3,15mph,lr,opposite,4,1625003875.180593,/media/batool/MULTIMODAL_DATA/Multimodal_Data/Cat3/static_in_front/bag_files/Cat3_15mph_lr_opposite_4/camera_images/1625003875.180593.jpg
Cat3,15mph,lr,opposite,4,1625003875.2472596,/media/batool/MULTIMODAL_DATA/Multimodal_Data/Cat3/static_in_front/bag_files/Cat3_15mph_lr_opposite_4/camera_images/1625003875.2472596.jpg
Cat3,15mph,lr,opposite,4,1625003875.280593,/media/batool/MULTIMODAL_DATA/Multimodal_Data/Cat3/static_in_front/bag_files/Cat3_15mph_lr_opposite_4/camera_images/1625003875.280593.jpg
Cat3,15mph,lr,opposite,4,1625003875.3139262,/media/batool/MULTIMODAL_DATA/Multimodal_Data/Cat3/static_in_front/bag_files/Cat3_15mph_lr_opposite_4/camera_images/1625003875.3139262.jpg
Cat3,15mph,lr,opposite,4,1625003875.3472595,/media/batool/MULTIMODAL_DATA/Multimodal_Data/Cat3/static_in_front/bag_files/Cat3_15mph_lr_opposite_4/camera_images/1625003875.3472595.jpg
Cat3,15mph,lr,opposite,4,1625003875.3805928,/media/batool/MULTIMODAL_DATA/Multimodal_Data/Cat3/static_in_front/bag_files/Cat3_15mph_lr_opposite_4/camera_images/1625003875.3805928.jpg
Cat3,15mph,lr,opposite,4,1625003875.4139261,/media/batool/MULTIMODAL_DATA/Multimodal_Data/Cat3/static_in_front/bag_files/Cat3_15mph_lr_opposite_4/camera_images/1625003875.4139261.jpg
Cat3,15mph,lr,opposite,4,1625003875.4472594,/media/batool/MULTIMODAL_DATA/Multimodal_Data/Cat3/static_in_front/bag_files/Cat3_15mph_lr_opposite_4/camera_images/1625003875.4472594.jpg
Cat3,15mph,lr,opposite,4,1625003875.4805927,/media/batool/MULTIMODAL_DATA/Multimodal_Data/Cat3/static_in_front/bag_files/Cat3_15mph_lr_opposite_4/camera_images/1625003875.4805927.jpg
Cat3,15mph,lr,opposite,4,1625003875.513926,/media/batool/MULTIMODAL_DATA/Multimodal_Data/Cat3/static_in_front/bag_files/Cat3_15mph_lr_opposite_4/camera_images/1625003875.513926.jpg
Cat3,15mph,lr,opposite,4,1625003875.5472593,/media/batool/MULTIMODAL_DATA/Multimodal_Data/Cat3/static_in_front/bag_files/Cat3_15mph_lr_opposite_4/camera_images/1625003875.5472593.jpg
Cat3,15mph,lr,opposite,4,1625003875.5805926,/media/batool/MULTIMODAL_DATA/Multimodal_Data/Cat3/static_in_front/bag_files/Cat3_15mph_lr_opposite_4/camera_images/1625003875.5805926.jpg
Cat3,15mph,lr,opposite,4,1625003875.613926,/media/batool/MULTIMODAL_DATA/Multimodal_Data/Cat3/static_in_front/bag_files/Cat3_15mph_lr_opposite_4/camera_images/1625003875.613926.jpg
Cat3,15mph,lr,opposite,4,1625003875.6472592,/media/batool/MULTIMODAL_DATA/Multimodal_Data/Cat3/static_in_front/bag_files/Cat3_15mph_lr_opposite_4/camera_images/1625003875.6472592.jpg
Cat3,15mph,lr,opposite,4,1625003875.6805925,/media/batool/MULTIMODAL_DATA/Multimodal_Data/Cat3/static_in_front/bag_files/Cat3_15mph_lr_opposite_4/camera_images/1625003875.6805925.jpg
Cat3,15mph,lr,opposite,4,1625003875.7139258,/media/batool/MULTIMODAL_DATA/Multimodal_Data/Cat3/static_in_front/bag_files/Cat3_15mph_lr_opposite_4/camera_images/1625003875.7139258.jpg
Cat3,15mph,lr,opposite,4,1625003875.7805924,/media/batool/MULTIMODAL_DATA/Multimodal_Data/Cat3/static_in_front/bag_files/Cat3_15mph_lr_opposite_4/camera_images/1625003875.7805924.jpg
Cat3,15mph,lr,opposite,4,1625003875.8139257,/media/batool/MULTIMODAL_DATA/Multimodal_Data/Cat3/static_in_front/bag_files/Cat3_15mph_lr_opposite_4/camera_images/1625003875.8139257.jpg
Cat3,15mph,lr,opposite,4,1625003875.847259,/media/batool/MULTIMODAL_DATA/Multimodal_Data/Cat3/static_in_front/bag_files/Cat3_15mph_lr_opposite_4/camera_images/1625003875.847259.jpg
Cat3,15mph,lr,opposite,4,1625003875.8805923,/media/batool/MULTIMODAL_DATA/Multimodal_Data/Cat3/static_in_front/bag_files/Cat3_15mph_lr_opposite_4/camera_images/1625003875.8805923.jpg
Cat3,15mph,lr,opposite,4,1625003875.9139256,/media/batool/MULTIMODAL_DATA/Multimodal_Data/Cat3/static_in_front/bag_files/Cat3_15mph_lr_opposite_4/camera_images/1625003875.9139256.jpg
Cat3,15mph,lr,opposite,4,1625003875.947259,/media/batool/MULTIMODAL_DATA/Multimodal_Data/Cat3/static_in_front/bag_files/Cat3_15mph_lr_opposite_4/camera_images/1625003875.947259.jpg
Cat3,15mph,lr,opposite,4,1625003875.9805923,/media/batool/MULTIMODAL_DATA/Multimodal_Data/Cat3/static_in_front/bag_files/Cat3_15mph_lr_opposite_4/camera_images/1625003875.9805923.jpg
Cat3,15mph,lr,opposite,4,1625003876.0139256,/media/batool/MULTIMODAL_DATA/Multimodal_Data/Cat3/static_in_front/bag_files/Cat3_15mph_lr_opposite_4/camera_images/1625003876.0139256.jpg
Cat3,15mph,lr,opposite,4,1625003876.0472589,/media/batool/MULTIMODAL_DATA/Multimodal_Data/Cat3/static_in_front/bag_files/Cat3_15mph_lr_opposite_4/camera_images/1625003876.0472589.jpg
Cat3,15mph,lr,opposite,4,1625003876.0805922,/media/batool/MULTIMODAL_DATA/Multimodal_Data/Cat3/static_in_front/bag_files/Cat3_15mph_lr_opposite_4/camera_images/1625003876.0805922.jpg
Cat3,15mph,lr,opposite,4,1625003876.1139255,/media/batool/MULTIMODAL_DATA/Multimodal_Data/Cat3/static_in_front/bag_files/Cat3_15mph_lr_opposite_4/camera_images/1625003876.1139255.jpg
Cat3,15mph,lr,opposite,4,1625003876.1472588,/media/batool/MULTIMODAL_DATA/Multimodal_Data/Cat3/static_in_front/bag_files/Cat3_15mph_lr_opposite_4/camera_images/1625003876.1472588.jpg
Cat3,15mph,lr,opposite,4,1625003876.180592,/media/batool/MULTIMODAL_DATA/Multimodal_Data/Cat3/static_in_front/bag_files/Cat3_15mph_lr_opposite_4/camera_images/1625003876.180592.jpg
Cat3,15mph,lr,opposite,4,1625003876.2139254,/media/batool/MULTIMODAL_DATA/Multimodal_Data/Cat3/static_in_front/bag_files/Cat3_15mph_lr_opposite_4/camera_images/1625003876.2139254.jpg
Cat3,15mph,lr,opposite,4,1625003876.2472587,/media/batool/MULTIMODAL_DATA/Multimodal_Data/Cat3/static_in_front/bag_files/Cat3_15mph_lr_opposite_4/camera_images/1625003876.2472587.jpg
Cat3,15mph,lr,opposite,4,1625003876.3139253,/media/batool/MULTIMODAL_DATA/Multimodal_Data/Cat3/static_in_front/bag_files/Cat3_15mph_lr_opposite_4/camera_images/1625003876.3139253.jpg
Cat3,15mph,lr,opposite,4,1625003876.3472586,/media/batool/MULTIMODAL_DATA/Multimodal_Data/Cat3/static_in_front/bag_files/Cat3_15mph_lr_opposite_4/camera_images/1625003876.3472586.jpg
Cat3,15mph,lr,opposite,4,1625003876.3805919,/media/batool/MULTIMODAL_DATA/Multimodal_Data/Cat3/static_in_front/bag_files/Cat3_15mph_lr_opposite_4/camera_images/1625003876.3805919.jpg
Cat3,15mph,lr,opposite,4,1625003876.4139252,/media/batool/MULTIMODAL_DATA/Multimodal_Data/Cat3/static_in_front/bag_files/Cat3_15mph_lr_opposite_4/camera_images/1625003876.4139252.jpg
Cat3,15mph,lr,opposite,4,1625003876.4472585,/media/batool/MULTIMODAL_DATA/Multimodal_Data/Cat3/static_in_front/bag_files/Cat3_15mph_lr_opposite_4/camera_images/1625003876.4472585.jpg
Cat3,15mph,lr,opposite,4,1625003876.4805918,/media/batool/MULTIMODAL_DATA/Multimodal_Data/Cat3/static_in_front/bag_files/Cat3_15mph_lr_opposite_4/camera_images/1625003876.4805918.jpg
Cat3,15mph,lr,opposite,4,1625003876.513925,/media/batool/MULTIMODAL_DATA/Multimodal_Data/Cat3/static_in_front/bag_files/Cat3_15mph_lr_opposite_4/camera_images/1625003876.513925.jpg
Cat3,15mph,lr,opposite,4,1625003876.5472584,/media/batool/MULTIMODAL_DATA/Multimodal_Data/Cat3/static_in_front/bag_files/Cat3_15mph_lr_opposite_4/camera_images/1625003876.5472584.jpg
Cat3,15mph,lr,opposite,4,1625003876.5805917,/media/batool/MULTIMODAL_DATA/Multimodal_Data/Cat3/static_in_front/bag_files/Cat3_15mph_lr_opposite_4/camera_images/1625003876.5805917.jpg
Cat3,15mph,lr,opposite,4,1625003876.613925,/media/batool/MULTIMODAL_DATA/Multimodal_Data/Cat3/static_in_front/bag_files/Cat3_15mph_lr_opposite_4/camera_images/1625003876.613925.jpg
Cat3,15mph,lr,opposite,4,1625003876.6472583,/media/batool/MULTIMODAL_DATA/Multimodal_Data/Cat3/static_in_front/bag_files/Cat3_15mph_lr_opposite_4/camera_images/1625003876.6472583.jpg
Cat3,15mph,lr,opposite,4,1625003876.6805916,/media/batool/MULTIMODAL_DATA/Multimodal_Data/Cat3/static_in_front/bag_files/Cat3_15mph_lr_opposite_4/camera_images/1625003876.6805916.jpg
Cat3,15mph,lr,opposite,4,1625003876.713925,/media/batool/MULTIMODAL_DATA/Multimodal_Data/Cat3/static_in_front/bag_files/Cat3_15mph_lr_opposite_4/camera_images/1625003876.713925.jpg
Cat3,15mph,lr,opposite,4,1625003876.7472582,/media/batool/MULTIMODAL_DATA/Multimodal_Data/Cat3/static_in_front/bag_files/Cat3_15mph_lr_opposite_4/camera_images/1625003876.7472582.jpg
Cat3,15mph,lr,opposite,4,1625003876.7805915,/media/batool/MULTIMODAL_DATA/Multimodal_Data/Cat3/static_in_front/bag_files/Cat3_15mph_lr_opposite_4/camera_images/1625003876.7805915.jpg
Cat3,15mph,lr,opposite,4,1625003876.847258,/media/batool/MULTIMODAL_DATA/Multimodal_Data/Cat3/static_in_front/bag_files/Cat3_15mph_lr_opposite_4/camera_images/1625003876.847258.jpg
Cat3,15mph,lr,opposite,4,1625003876.8805914,/media/batool/MULTIMODAL_DATA/Multimodal_Data/Cat3/static_in_front/bag_files/Cat3_15mph_lr_opposite_4/camera_images/1625003876.8805914.jpg
Cat3,15mph,lr,opposite,4,1625003876.9139247,/media/batool/MULTIMODAL_DATA/Multimodal_Data/Cat3/static_in_front/bag_files/Cat3_15mph_lr_opposite_4/camera_images/1625003876.9139247.jpg
Cat3,15mph,lr,opposite,4,1625003876.947258,/media/batool/MULTIMODAL_DATA/Multimodal_Data/Cat3/static_in_front/bag_files/Cat3_15mph_lr_opposite_4/camera_images/1625003876.947258.jpg
Cat3,15mph,lr,opposite,4,1625003876.9805913,/media/batool/MULTIMODAL_DATA/Multimodal_Data/Cat3/static_in_front/bag_files/Cat3_15mph_lr_opposite_4/camera_images/1625003876.9805913.jpg
Cat3,15mph,lr,opposite,4,1625003877.0139246,/media/batool/MULTIMODAL_DATA/Multimodal_Data/Cat3/static_in_front/bag_files/Cat3_15mph_lr_opposite_4/camera_images/1625003877.0139246.jpg
Cat3,15mph,lr,opposite,4,1625003877.047258,/media/batool/MULTIMODAL_DATA/Multimodal_Data/Cat3/static_in_front/bag_files/Cat3_15mph_lr_opposite_4/camera_images/1625003877.047258.jpg
Cat3,15mph,lr,opposite,4,1625003877.0805912,/media/batool/MULTIMODAL_DATA/Multimodal_Data/Cat3/static_in_front/bag_files/Cat3_15mph_lr_opposite_4/camera_images/1625003877.0805912.jpg
Cat3,15mph,lr,opposite,4,1625003877.1139245,/media/batool/MULTIMODAL_DATA/Multimodal_Data/Cat3/static_in_front/bag_files/Cat3_15mph_lr_opposite_4/camera_images/1625003877.1139245.jpg
Cat3,15mph,lr,opposite,4,1625003877.1472578,/media/batool/MULTIMODAL_DATA/Multimodal_Data/Cat3/static_in_front/bag_files/Cat3_15mph_lr_opposite_4/camera_images/1625003877.1472578.jpg
Cat3,15mph,lr,opposite,4,1625003877.180591,/media/batool/MULTIMODAL_DATA/Multimodal_Data/Cat3/static_in_front/bag_files/Cat3_15mph_lr_opposite_4/camera_images/1625003877.180591.jpg
Cat3,15mph,lr,opposite,4,1625003877.2139244,/media/batool/MULTIMODAL_DATA/Multimodal_Data/Cat3/static_in_front/bag_files/Cat3_15mph_lr_opposite_4/camera_images/1625003877.2139244.jpg
Cat3,15mph,lr,opposite,4,1625003877.2472577,/media/batool/MULTIMODAL_DATA/Multimodal_Data/Cat3/static_in_front/bag_files/Cat3_15mph_lr_opposite_4/camera_images/1625003877.2472577.jpg
Cat3,15mph,lr,opposite,4,1625003877.280591,/media/batool/MULTIMODAL_DATA/Multimodal_Data/Cat3/static_in_front/bag_files/Cat3_15mph_lr_opposite_4/camera_images/1625003877.280591.jpg
Cat3,15mph,lr,opposite,4,1625003877.3139243,/media/batool/MULTIMODAL_DATA/Multimodal_Data/Cat3/static_in_front/bag_files/Cat3_15mph_lr_opposite_4/camera_images/1625003877.3139243.jpg
Cat3,15mph,lr,opposite,4,1625003877.380591,/media/batool/MULTIMODAL_DATA/Multimodal_Data/Cat3/static_in_front/bag_files/Cat3_15mph_lr_opposite_4/camera_images/1625003877.380591.jpg
Cat3,15mph,lr,opposite,4,1625003877.4139242,/media/batool/MULTIMODAL_DATA/Multimodal_Data/Cat3/static_in_front/bag_files/Cat3_15mph_lr_opposite_4/camera_images/1625003877.4139242.jpg
Cat3,15mph,lr,opposite,4,1625003877.4472575,/media/batool/MULTIMODAL_DATA/Multimodal_Data/Cat3/static_in_front/bag_files/Cat3_15mph_lr_opposite_4/camera_images/1625003877.4472575.jpg
Cat3,15mph,lr,opposite,4,1625003877.4805908,/media/batool/MULTIMODAL_DATA/Multimodal_Data/Cat3/static_in_front/bag_files/Cat3_15mph_lr_opposite_4/camera_images/1625003877.4805908.jpg
Cat3,15mph,lr,opposite,4,1625003877.5139241,/media/batool/MULTIMODAL_DATA/Multimodal_Data/Cat3/static_in_front/bag_files/Cat3_15mph_lr_opposite_4/camera_images/1625003877.5139241.jpg
Cat3,15mph,lr,opposite,4,1625003877.5472574,/media/batool/MULTIMODAL_DATA/Multimodal_Data/Cat3/static_in_front/bag_files/Cat3_15mph_lr_opposite_4/camera_images/1625003877.5472574.jpg
Cat3,15mph,lr,opposite,4,1625003877.5805907,/media/batool/MULTIMODAL_DATA/Multimodal_Data/Cat3/static_in_front/bag_files/Cat3_15mph_lr_opposite_4/camera_images/1625003877.5805907.jpg
Cat3,15mph,lr,opposite,4,1625003877.613924,/media/batool/MULTIMODAL_DATA/Multimodal_Data/Cat3/static_in_front/bag_files/Cat3_15mph_lr_opposite_4/camera_images/1625003877.613924.jpg
Cat3,15mph,lr,opposite,4,1625003877.6472573,/media/batool/MULTIMODAL_DATA/Multimodal_Data/Cat3/static_in_front/bag_files/Cat3_15mph_lr_opposite_4/camera_images/1625003877.6472573.jpg
Cat3,15mph,lr,opposite,4,1625003877.6805906,/media/batool/MULTIMODAL_DATA/Multimodal_Data/Cat3/static_in_front/bag_files/Cat3_15mph_lr_opposite_4/camera_images/1625003877.6805906.jpg
Cat3,15mph,lr,opposite,4,1625003877.713924,/media/batool/MULTIMODAL_DATA/Multimodal_Data/Cat3/static_in_front/bag_files/Cat3_15mph_lr_opposite_4/camera_images/1625003877.713924.jpg
Cat3,15mph,lr,opposite,4,1625003877.7472572,/media/batool/MULTIMODAL_DATA/Multimodal_Data/Cat3/static_in_front/bag_files/Cat3_15mph_lr_opposite_4/camera_images/1625003877.7472572.jpg
Cat3,15mph,lr,opposite,4,1625003877.7805905,/media/batool/MULTIMODAL_DATA/Multimodal_Data/Cat3/static_in_front/bag_files/Cat3_15mph_lr_opposite_4/camera_images/1625003877.7805905.jpg
Cat3,15mph,lr,opposite,4,1625003877.8139238,/media/batool/MULTIMODAL_DATA/Multimodal_Data/Cat3/static_in_front/bag_files/Cat3_15mph_lr_opposite_4/camera_images/1625003877.8139238.jpg
Cat3,15mph,lr,opposite,4,1625003877.8472571,/media/batool/MULTIMODAL_DATA/Multimodal_Data/Cat3/static_in_front/bag_files/Cat3_15mph_lr_opposite_4/camera_images/1625003877.8472571.jpg
Cat3,15mph,lr,opposite,4,1625003877.9139237,/media/batool/MULTIMODAL_DATA/Multimodal_Data/Cat3/static_in_front/bag_files/Cat3_15mph_lr_opposite_4/camera_images/1625003877.9139237.jpg
Cat3,15mph,lr,opposite,4,1625003877.947257,/media/batool/MULTIMODAL_DATA/Multimodal_Data/Cat3/static_in_front/bag_files/Cat3_15mph_lr_opposite_4/camera_images/1625003877.947257.jpg
Cat3,15mph,lr,opposite,4,1625003877.9805903,/media/batool/MULTIMODAL_DATA/Multimodal_Data/Cat3/static_in_front/bag_files/Cat3_15mph_lr_opposite_4/camera_images/1625003877.9805903.jpg
Cat3,15mph,lr,opposite,4,1625003878.0139236,/media/batool/MULTIMODAL_DATA/Multimodal_Data/Cat3/static_in_front/bag_files/Cat3_15mph_lr_opposite_4/camera_images/1625003878.0139236.jpg
Cat3,15mph,lr,opposite,4,1625003878.047257,/media/batool/MULTIMODAL_DATA/Multimodal_Data/Cat3/static_in_front/bag_files/Cat3_15mph_lr_opposite_4/camera_images/1625003878.047257.jpg
Cat3,15mph,lr,opposite,4,1625003878.0805902,/media/batool/MULTIMODAL_DATA/Multimodal_Data/Cat3/static_in_front/bag_files/Cat3_15mph_lr_opposite_4/camera_images/1625003878.0805902.jpg
Cat3,15mph,lr,opposite,4,1625003878.1139235,/media/batool/MULTIMODAL_DATA/Multimodal_Data/Cat3/static_in_front/bag_files/Cat3_15mph_lr_opposite_4/camera_images/1625003878.1139235.jpg
Cat3,15mph,lr,opposite,4,1625003878.1472569,/media/batool/MULTIMODAL_DATA/Multimodal_Data/Cat3/static_in_front/bag_files/Cat3_15mph_lr_opposite_4/camera_images/1625003878.1472569.jpg
Cat3,15mph,lr,opposite,4,1625003878.1805902,/media/batool/MULTIMODAL_DATA/Multimodal_Data/Cat3/static_in_front/bag_files/Cat3_15mph_lr_opposite_4/camera_images/1625003878.1805902.jpg
Cat3,15mph,lr,opposite,4,1625003878.2139235,/media/batool/MULTIMODAL_DATA/Multimodal_Data/Cat3/static_in_front/bag_files/Cat3_15mph_lr_opposite_4/camera_images/1625003878.2139235.jpg
Cat3,15mph,lr,opposite,4,1625003878.2472568,/media/batool/MULTIMODAL_DATA/Multimodal_Data/Cat3/static_in_front/bag_files/Cat3_15mph_lr_opposite_4/camera_images/1625003878.2472568.jpg
Cat3,15mph,lr,opposite,4,1625003878.28059,/media/batool/MULTIMODAL_DATA/Multimodal_Data/Cat3/static_in_front/bag_files/Cat3_15mph_lr_opposite_4/camera_images/1625003878.28059.jpg
Cat3,15mph,lr,opposite,4,1625003878.3139234,/media/batool/MULTIMODAL_DATA/Multimodal_Data/Cat3/static_in_front/bag_files/Cat3_15mph_lr_opposite_4/camera_images/1625003878.3139234.jpg
Cat3,15mph,lr,opposite,4,1625003878.3472567,/media/batool/MULTIMODAL_DATA/Multimodal_Data/Cat3/static_in_front/bag_files/Cat3_15mph_lr_opposite_4/camera_images/1625003878.3472567.jpg
Cat3,15mph,lr,opposite,4,1625003878.38059,/media/batool/MULTIMODAL_DATA/Multimodal_Data/Cat3/static_in_front/bag_files/Cat3_15mph_lr_opposite_4/camera_images/1625003878.38059.jpg
Cat3,15mph,lr,opposite,4,1625003878.4472566,/media/batool/MULTIMODAL_DATA/Multimodal_Data/Cat3/static_in_front/bag_files/Cat3_15mph_lr_opposite_4/camera_images/1625003878.4472566.jpg
Cat3,15mph,lr,opposite,4,1625003878.4805899,/media/batool/MULTIMODAL_DATA/Multimodal_Data/Cat3/static_in_front/bag_files/Cat3_15mph_lr_opposite_4/camera_images/1625003878.4805899.jpg
Cat3,15mph,lr,opposite,4,1625003878.5139232,/media/batool/MULTIMODAL_DATA/Multimodal_Data/Cat3/static_in_front/bag_files/Cat3_15mph_lr_opposite_4/camera_images/1625003878.5139232.jpg
Cat3,15mph,lr,opposite,4,1625003878.5472565,/media/batool/MULTIMODAL_DATA/Multimodal_Data/Cat3/static_in_front/bag_files/Cat3_15mph_lr_opposite_4/camera_images/1625003878.5472565.jpg
Cat3,15mph,lr,opposite,4,1625003878.5805898,/media/batool/MULTIMODAL_DATA/Multimodal_Data/Cat3/static_in_front/bag_files/Cat3_15mph_lr_opposite_4/camera_images/1625003878.5805898.jpg
Cat3,15mph,lr,opposite,4,1625003878.613923,/media/batool/MULTIMODAL_DATA/Multimodal_Data/Cat3/static_in_front/bag_files/Cat3_15mph_lr_opposite_4/camera_images/1625003878.613923.jpg
Cat3,15mph,lr,opposite,4,1625003878.6472564,/media/batool/MULTIMODAL_DATA/Multimodal_Data/Cat3/static_in_front/bag_files/Cat3_15mph_lr_opposite_4/camera_images/1625003878.6472564.jpg
Cat3,15mph,lr,opposite,4,1625003878.6805897,/media/batool/MULTIMODAL_DATA/Multimodal_Data/Cat3/static_in_front/bag_files/Cat3_15mph_lr_opposite_4/camera_images/1625003878.6805897.jpg
Cat3,15mph,lr,opposite,4,1625003878.713923,/media/batool/MULTIMODAL_DATA/Multimodal_Data/Cat3/static_in_front/bag_files/Cat3_15mph_lr_opposite_4/camera_images/1625003878.713923.jpg
Cat3,15mph,lr,opposite,4,1625003878.7472563,/media/batool/MULTIMODAL_DATA/Multimodal_Data/Cat3/static_in_front/bag_files/Cat3_15mph_lr_opposite_4/camera_images/1625003878.7472563.jpg
Cat3,15mph,lr,opposite,4,1625003878.7805896,/media/batool/MULTIMODAL_DATA/Multimodal_Data/Cat3/static_in_front/bag_files/Cat3_15mph_lr_opposite_4/camera_images/1625003878.7805896.jpg
Cat3,15mph,lr,opposite,4,1625003878.813923,/media/batool/MULTIMODAL_DATA/Multimodal_Data/Cat3/static_in_front/bag_files/Cat3_15mph_lr_opposite_4/camera_images/1625003878.813923.jpg
Cat3,15mph,lr,opposite,4,1625003878.8472562,/media/batool/MULTIMODAL_DATA/Multimodal_Data/Cat3/static_in_front/bag_files/Cat3_15mph_lr_opposite_4/camera_images/1625003878.8472562.jpg
Cat3,15mph,lr,opposite,4,1625003878.8805895,/media/batool/MULTIMODAL_DATA/Multimodal_Data/Cat3/static_in_front/bag_files/Cat3_15mph_lr_opposite_4/camera_images/1625003878.8805895.jpg
Cat3,15mph,lr,opposite,4,1625003878.9139228,/media/batool/MULTIMODAL_DATA/Multimodal_Data/Cat3/static_in_front/bag_files/Cat3_15mph_lr_opposite_4/camera_images/1625003878.9139228.jpg
Cat3,15mph,lr,opposite,4,1625003878.9805894,/media/batool/MULTIMODAL_DATA/Multimodal_Data/Cat3/static_in_front/bag_files/Cat3_15mph_lr_opposite_4/camera_images/1625003878.9805894.jpg
Cat3,15mph,lr,opposite,4,1625003879.0139227,/media/batool/MULTIMODAL_DATA/Multimodal_Data/Cat3/static_in_front/bag_files/Cat3_15mph_lr_opposite_4/camera_images/1625003879.0139227.jpg
Cat3,15mph,lr,opposite,4,1625003879.047256,/media/batool/MULTIMODAL_DATA/Multimodal_Data/Cat3/static_in_front/bag_files/Cat3_15mph_lr_opposite_4/camera_images/1625003879.047256.jpg
Cat3,15mph,lr,opposite,4,1625003879.0805893,/media/batool/MULTIMODAL_DATA/Multimodal_Data/Cat3/static_in_front/bag_files/Cat3_15mph_lr_opposite_4/camera_images/1625003879.0805893.jpg
Cat3,15mph,lr,opposite,4,1625003879.1139226,/media/batool/MULTIMODAL_DATA/Multimodal_Data/Cat3/static_in_front/bag_files/Cat3_15mph_lr_opposite_4/camera_images/1625003879.1139226.jpg
Cat3,15mph,lr,opposite,4,1625003879.147256,/media/batool/MULTIMODAL_DATA/Multimodal_Data/Cat3/static_in_front/bag_files/Cat3_15mph_lr_opposite_4/camera_images/1625003879.147256.jpg
Cat3,15mph,lr,opposite,4,1625003879.1805892,/media/batool/MULTIMODAL_DATA/Multimodal_Data/Cat3/static_in_front/bag_files/Cat3_15mph_lr_opposite_4/camera_images/1625003879.1805892.jpg
Cat3,15mph,lr,opposite,4,1625003879.2139225,/media/batool/MULTIMODAL_DATA/Multimodal_Data/Cat3/static_in_front/bag_files/Cat3_15mph_lr_opposite_4/camera_images/1625003879.2139225.jpg
Cat3,15mph,lr,opposite,4,1625003879.2472558,/media/batool/MULTIMODAL_DATA/Multimodal_Data/Cat3/static_in_front/bag_files/Cat3_15mph_lr_opposite_4/camera_images/1625003879.2472558.jpg
Cat3,15mph,lr,opposite,4,1625003879.280589,/media/batool/MULTIMODAL_DATA/Multimodal_Data/Cat3/static_in_front/bag_files/Cat3_15mph_lr_opposite_4/camera_images/1625003879.280589.jpg
Cat3,15mph,lr,opposite,4,1625003879.3139224,/media/batool/MULTIMODAL_DATA/Multimodal_Data/Cat3/static_in_front/bag_files/Cat3_15mph_lr_opposite_4/camera_images/1625003879.3139224.jpg
Cat3,15mph,lr,opposite,4,1625003879.3472557,/media/batool/MULTIMODAL_DATA/Multimodal_Data/Cat3/static_in_front/bag_files/Cat3_15mph_lr_opposite_4/camera_images/1625003879.3472557.jpg
Cat3,15mph,lr,opposite,4,1625003879.380589,/media/batool/MULTIMODAL_DATA/Multimodal_Data/Cat3/static_in_front/bag_files/Cat3_15mph_lr_opposite_4/camera_images/1625003879.380589.jpg
Cat3,15mph,lr,opposite,4,1625003879.4139223,/media/batool/MULTIMODAL_DATA/Multimodal_Data/Cat3/static_in_front/bag_files/Cat3_15mph_lr_opposite_4/camera_images/1625003879.4139223.jpg
Cat3,15mph,lr,opposite,4,1625003879.4472556,/media/batool/MULTIMODAL_DATA/Multimodal_Data/Cat3/static_in_front/bag_files/Cat3_15mph_lr_opposite_4/camera_images/1625003879.4472556.jpg
Cat3,15mph,lr,opposite,4,1625003879.5139222,/media/batool/MULTIMODAL_DATA/Multimodal_Data/Cat3/static_in_front/bag_files/Cat3_15mph_lr_opposite_4/camera_images/1625003879.5139222.jpg
Cat3,15mph,lr,opposite,4,1625003879.5472555,/media/batool/MULTIMODAL_DATA/Multimodal_Data/Cat3/static_in_front/bag_files/Cat3_15mph_lr_opposite_4/camera_images/1625003879.5472555.jpg
Cat3,15mph,lr,opposite,4,1625003879.5805888,/media/batool/MULTIMODAL_DATA/Multimodal_Data/Cat3/static_in_front/bag_files/Cat3_15mph_lr_opposite_4/camera_images/1625003879.5805888.jpg
Cat3,15mph,lr,opposite,4,1625003879.613922,/media/batool/MULTIMODAL_DATA/Multimodal_Data/Cat3/static_in_front/bag_files/Cat3_15mph_lr_opposite_4/camera_images/1625003879.613922.jpg
Cat3,15mph,lr,opposite,4,1625003879.6472554,/media/batool/MULTIMODAL_DATA/Multimodal_Data/Cat3/static_in_front/bag_files/Cat3_15mph_lr_opposite_4/camera_images/1625003879.6472554.jpg
Cat3,15mph,lr,opposite,4,1625003879.6805887,/media/batool/MULTIMODAL_DATA/Multimodal_Data/Cat3/static_in_front/bag_files/Cat3_15mph_lr_opposite_4/camera_images/1625003879.6805887.jpg
Cat3,15mph,lr,opposite,4,1625003879.713922,/media/batool/MULTIMODAL_DATA/Multimodal_Data/Cat3/static_in_front/bag_files/Cat3_15mph_lr_opposite_4/camera_images/1625003879.713922.jpg
Cat3,15mph,lr,opposite,4,1625003879.7472553,/media/batool/MULTIMODAL_DATA/Multimodal_Data/Cat3/static_in_front/bag_files/Cat3_15mph_lr_opposite_4/camera_images/1625003879.7472553.jpg
Cat3,15mph,lr,opposite,4,1625003879.7805886,/media/batool/MULTIMODAL_DATA/Multimodal_Data/Cat3/static_in_front/bag_files/Cat3_15mph_lr_opposite_4/camera_images/1625003879.7805886.jpg
Cat3,15mph,lr,opposite,4,1625003879.813922,/media/batool/MULTIMODAL_DATA/Multimodal_Data/Cat3/static_in_front/bag_files/Cat3_15mph_lr_opposite_4/camera_images/1625003879.813922.jpg
Cat3,15mph,lr,opposite,4,1625003879.8472552,/media/batool/MULTIMODAL_DATA/Multimodal_Data/Cat3/static_in_front/bag_files/Cat3_15mph_lr_opposite_4/camera_images/1625003879.8472552.jpg
Cat3,15mph,lr,opposite,4,1625003879.8805885,/media/batool/MULTIMODAL_DATA/Multimodal_Data/Cat3/static_in_front/bag_files/Cat3_15mph_lr_opposite_4/camera_images/1625003879.8805885.jpg
Cat3,15mph,lr,opposite,4,1625003879.9139218,/media/batool/MULTIMODAL_DATA/Multimodal_Data/Cat3/static_in_front/bag_files/Cat3_15mph_lr_opposite_4/camera_images/1625003879.9139218.jpg
Cat3,15mph,lr,opposite,4,1625003879.9472551,/media/batool/MULTIMODAL_DATA/Multimodal_Data/Cat3/static_in_front/bag_files/Cat3_15mph_lr_opposite_4/camera_images/1625003879.9472551.jpg
Cat3,15mph,lr,opposite,4,1625003879.9805884,/media/batool/MULTIMODAL_DATA/Multimodal_Data/Cat3/static_in_front/bag_files/Cat3_15mph_lr_opposite_4/camera_images/1625003879.9805884.jpg
Cat3,15mph,lr,opposite,4,1625003880.047255,/media/batool/MULTIMODAL_DATA/Multimodal_Data/Cat3/static_in_front/bag_files/Cat3_15mph_lr_opposite_4/camera_images/1625003880.047255.jpg
Cat3,15mph,lr,opposite,4,1625003880.0805883,/media/batool/MULTIMODAL_DATA/Multimodal_Data/Cat3/static_in_front/bag_files/Cat3_15mph_lr_opposite_4/camera_images/1625003880.0805883.jpg
Cat3,15mph,lr,opposite,4,1625003880.1139216,/media/batool/MULTIMODAL_DATA/Multimodal_Data/Cat3/static_in_front/bag_files/Cat3_15mph_lr_opposite_4/camera_images/1625003880.1139216.jpg
Cat3,15mph,lr,opposite,4,1625003880.147255,/media/batool/MULTIMODAL_DATA/Multimodal_Data/Cat3/static_in_front/bag_files/Cat3_15mph_lr_opposite_4/camera_images/1625003880.147255.jpg
Cat3,15mph,lr,opposite,4,1625003880.1805882,/media/batool/MULTIMODAL_DATA/Multimodal_Data/Cat3/static_in_front/bag_files/Cat3_15mph_lr_opposite_4/camera_images/1625003880.1805882.jpg
Cat3,15mph,lr,opposite,4,1625003880.2139215,/media/batool/MULTIMODAL_DATA/Multimodal_Data/Cat3/static_in_front/bag_files/Cat3_15mph_lr_opposite_4/camera_images/1625003880.2139215.jpg
Cat3,15mph,lr,opposite,4,1625003880.2472548,/media/batool/MULTIMODAL_DATA/Multimodal_Data/Cat3/static_in_front/bag_files/Cat3_15mph_lr_opposite_4/camera_images/1625003880.2472548.jpg
Cat3,15mph,lr,opposite,4,1625003880.2805882,/media/batool/MULTIMODAL_DATA/Multimodal_Data/Cat3/static_in_front/bag_files/Cat3_15mph_lr_opposite_4/camera_images/1625003880.2805882.jpg
Cat3,15mph,lr,opposite,4,1625003880.3139215,/media/batool/MULTIMODAL_DATA/Multimodal_Data/Cat3/static_in_front/bag_files/Cat3_15mph_lr_opposite_4/camera_images/1625003880.3139215.jpg
Cat3,15mph,lr,opposite,4,1625003880.3472548,/media/batool/MULTIMODAL_DATA/Multimodal_Data/Cat3/static_in_front/bag_files/Cat3_15mph_lr_opposite_4/camera_images/1625003880.3472548.jpg
Cat3,15mph,lr,opposite,4,1625003880.380588,/media/batool/MULTIMODAL_DATA/Multimodal_Data/Cat3/static_in_front/bag_files/Cat3_15mph_lr_opposite_4/camera_images/1625003880.380588.jpg
Cat3,15mph,lr,opposite,4,1625003880.4139214,/media/batool/MULTIMODAL_DATA/Multimodal_Data/Cat3/static_in_front/bag_files/Cat3_15mph_lr_opposite_4/camera_images/1625003880.4139214.jpg
Cat3,15mph,lr,opposite,4,1625003880.4472547,/media/batool/MULTIMODAL_DATA/Multimodal_Data/Cat3/static_in_front/bag_files/Cat3_15mph_lr_opposite_4/camera_images/1625003880.4472547.jpg
Cat3,15mph,lr,opposite,4,1625003880.480588,/media/batool/MULTIMODAL_DATA/Multimodal_Data/Cat3/static_in_front/bag_files/Cat3_15mph_lr_opposite_4/camera_images/1625003880.480588.jpg
Cat3,15mph,lr,opposite,4,1625003880.5139213,/media/batool/MULTIMODAL_DATA/Multimodal_Data/Cat3/static_in_front/bag_files/Cat3_15mph_lr_opposite_4/camera_images/1625003880.5139213.jpg
Cat3,15mph,lr,opposite,4,1625003880.5805879,/media/batool/MULTIMODAL_DATA/Multimodal_Data/Cat3/static_in_front/bag_files/Cat3_15mph_lr_opposite_4/camera_images/1625003880.5805879.jpg
Cat3,15mph,lr,opposite,4,1625003880.6139212,/media/batool/MULTIMODAL_DATA/Multimodal_Data/Cat3/static_in_front/bag_files/Cat3_15mph_lr_opposite_4/camera_images/1625003880.6139212.jpg
Cat3,15mph,lr,opposite,4,1625003880.6472545,/media/batool/MULTIMODAL_DATA/Multimodal_Data/Cat3/static_in_front/bag_files/Cat3_15mph_lr_opposite_4/camera_images/1625003880.6472545.jpg
Cat3,15mph,lr,opposite,4,1625003880.6805878,/media/batool/MULTIMODAL_DATA/Multimodal_Data/Cat3/static_in_front/bag_files/Cat3_15mph_lr_opposite_4/camera_images/1625003880.6805878.jpg
Cat3,15mph,lr,opposite,4,1625003880.713921,/media/batool/MULTIMODAL_DATA/Multimodal_Data/Cat3/static_in_front/bag_files/Cat3_15mph_lr_opposite_4/camera_images/1625003880.713921.jpg
Cat3,15mph,lr,opposite,4,1625003880.7472544,/media/batool/MULTIMODAL_DATA/Multimodal_Data/Cat3/static_in_front/bag_files/Cat3_15mph_lr_opposite_4/camera_images/1625003880.7472544.jpg
Cat3,15mph,lr,opposite,4,1625003880.7805877,/media/batool/MULTIMODAL_DATA/Multimodal_Data/Cat3/static_in_front/bag_files/Cat3_15mph_lr_opposite_4/camera_images/1625003880.7805877.jpg
Cat3,15mph,lr,opposite,4,1625003880.813921,/media/batool/MULTIMODAL_DATA/Multimodal_Data/Cat3/static_in_front/bag_files/Cat3_15mph_lr_opposite_4/camera_images/1625003880.813921.jpg
Cat3,15mph,lr,opposite,4,1625003880.8472543,/media/batool/MULTIMODAL_DATA/Multimodal_Data/Cat3/static_in_front/bag_files/Cat3_15mph_lr_opposite_4/camera_images/1625003880.8472543.jpg
Cat3,15mph,lr,opposite,4,1625003880.8805876,/media/batool/MULTIMODAL_DATA/Multimodal_Data/Cat3/static_in_front/bag_files/Cat3_15mph_lr_opposite_4/camera_images/1625003880.8805876.jpg
Cat3,15mph,lr,opposite,4,1625003880.9139209,/media/batool/MULTIMODAL_DATA/Multimodal_Data/Cat3/static_in_front/bag_files/Cat3_15mph_lr_opposite_4/camera_images/1625003880.9139209.jpg
Cat3,15mph,lr,opposite,4,1625003880.9472542,/media/batool/MULTIMODAL_DATA/Multimodal_Data/Cat3/static_in_front/bag_files/Cat3_15mph_lr_opposite_4/camera_images/1625003880.9472542.jpg
Cat3,15mph,lr,opposite,4,1625003880.9805875,/media/batool/MULTIMODAL_DATA/Multimodal_Data/Cat3/static_in_front/bag_files/Cat3_15mph_lr_opposite_4/camera_images/1625003880.9805875.jpg
Cat3,15mph,lr,opposite,4,1625003881.0139208,/media/batool/MULTIMODAL_DATA/Multimodal_Data/Cat3/static_in_front/bag_files/Cat3_15mph_lr_opposite_4/camera_images/1625003881.0139208.jpg
Cat3,15mph,lr,opposite,4,1625003881.047254,/media/batool/MULTIMODAL_DATA/Multimodal_Data/Cat3/static_in_front/bag_files/Cat3_15mph_lr_opposite_4/camera_images/1625003881.047254.jpg
Cat3,15mph,lr,opposite,4,1625003881.1139207,/media/batool/MULTIMODAL_DATA/Multimodal_Data/Cat3/static_in_front/bag_files/Cat3_15mph_lr_opposite_4/camera_images/1625003881.1139207.jpg
Cat3,15mph,lr,opposite,4,1625003881.147254,/media/batool/MULTIMODAL_DATA/Multimodal_Data/Cat3/static_in_front/bag_files/Cat3_15mph_lr_opposite_4/camera_images/1625003881.147254.jpg
Cat3,15mph,lr,opposite,4,1625003881.1805873,/media/batool/MULTIMODAL_DATA/Multimodal_Data/Cat3/static_in_front/bag_files/Cat3_15mph_lr_opposite_4/camera_images/1625003881.1805873.jpg
Cat3,15mph,lr,opposite,4,1625003881.2139206,/media/batool/MULTIMODAL_DATA/Multimodal_Data/Cat3/static_in_front/bag_files/Cat3_15mph_lr_opposite_4/camera_images/1625003881.2139206.jpg
Cat3,15mph,lr,opposite,4,1625003881.247254,/media/batool/MULTIMODAL_DATA/Multimodal_Data/Cat3/static_in_front/bag_files/Cat3_15mph_lr_opposite_4/camera_images/1625003881.247254.jpg
Cat3,15mph,lr,opposite,4,1625003881.2805872,/media/batool/MULTIMODAL_DATA/Multimodal_Data/Cat3/static_in_front/bag_files/Cat3_15mph_lr_opposite_4/camera_images/1625003881.2805872.jpg
Cat3,15mph,lr,opposite,4,1625003881.3139205,/media/batool/MULTIMODAL_DATA/Multimodal_Data/Cat3/static_in_front/bag_files/Cat3_15mph_lr_opposite_4/camera_images/1625003881.3139205.jpg
Cat3,15mph,lr,opposite,4,1625003881.3472538,/media/batool/MULTIMODAL_DATA/Multimodal_Data/Cat3/static_in_front/bag_files/Cat3_15mph_lr_opposite_4/camera_images/1625003881.3472538.jpg
Cat3,15mph,lr,opposite,4,1625003881.380587,/media/batool/MULTIMODAL_DATA/Multimodal_Data/Cat3/static_in_front/bag_files/Cat3_15mph_lr_opposite_4/camera_images/1625003881.380587.jpg
Cat3,15mph,lr,opposite,4,1625003881.4139204,/media/batool/MULTIMODAL_DATA/Multimodal_Data/Cat3/static_in_front/bag_files/Cat3_15mph_lr_opposite_4/camera_images/1625003881.4139204.jpg
Cat3,15mph,lr,opposite,4,1625003881.4472537,/media/batool/MULTIMODAL_DATA/Multimodal_Data/Cat3/static_in_front/bag_files/Cat3_15mph_lr_opposite_4/camera_images/1625003881.4472537.jpg
Cat3,15mph,lr,opposite,4,1625003881.480587,/media/batool/MULTIMODAL_DATA/Multimodal_Data/Cat3/static_in_front/bag_files/Cat3_15mph_lr_opposite_4/camera_images/1625003881.480587.jpg
Cat3,15mph,lr,opposite,4,1625003881.5139203,/media/batool/MULTIMODAL_DATA/Multimodal_Data/Cat3/static_in_front/bag_files/Cat3_15mph_lr_opposite_4/camera_images/1625003881.5139203.jpg
Cat3,15mph,lr,opposite,4,1625003881.5472536,/media/batool/MULTIMODAL_DATA/Multimodal_Data/Cat3/static_in_front/bag_files/Cat3_15mph_lr_opposite_4/camera_images/1625003881.5472536.jpg
Cat3,15mph,lr,opposite,4,1625003881.580587,/media/batool/MULTIMODAL_DATA/Multimodal_Data/Cat3/static_in_front/bag_files/Cat3_15mph_lr_opposite_4/camera_images/1625003881.580587.jpg
Cat3,15mph,lr,opposite,4,1625003881.6472535,/media/batool/MULTIMODAL_DATA/Multimodal_Data/Cat3/static_in_front/bag_files/Cat3_15mph_lr_opposite_4/camera_images/1625003881.6472535.jpg
Cat3,15mph,lr,opposite,4,1625003881.6805868,/media/batool/MULTIMODAL_DATA/Multimodal_Data/Cat3/static_in_front/bag_files/Cat3_15mph_lr_opposite_4/camera_images/1625003881.6805868.jpg
Cat3,15mph,lr,opposite,4,1625003881.71392,/media/batool/MULTIMODAL_DATA/Multimodal_Data/Cat3/static_in_front/bag_files/Cat3_15mph_lr_opposite_4/camera_images/1625003881.71392.jpg
Cat3,15mph,lr,opposite,4,1625003881.7472534,/media/batool/MULTIMODAL_DATA/Multimodal_Data/Cat3/static_in_front/bag_files/Cat3_15mph_lr_opposite_4/camera_images/1625003881.7472534.jpg
Cat3,15mph,lr,opposite,4,1625003881.7805867,/media/batool/MULTIMODAL_DATA/Multimodal_Data/Cat3/static_in_front/bag_files/Cat3_15mph_lr_opposite_4/camera_images/1625003881.7805867.jpg
Cat3,15mph,lr,opposite,4,1625003881.81392,/media/batool/MULTIMODAL_DATA/Multimodal_Data/Cat3/static_in_front/bag_files/Cat3_15mph_lr_opposite_4/camera_images/1625003881.81392.jpg
Cat3,15mph,lr,opposite,4,1625003881.8472533,/media/batool/MULTIMODAL_DATA/Multimodal_Data/Cat3/static_in_front/bag_files/Cat3_15mph_lr_opposite_4/camera_images/1625003881.8472533.jpg
Cat3,15mph,lr,opposite,4,1625003881.8805866,/media/batool/MULTIMODAL_DATA/Multimodal_Data/Cat3/static_in_front/bag_files/Cat3_15mph_lr_opposite_4/camera_images/1625003881.8805866.jpg
Cat3,15mph,lr,opposite,4,1625003881.91392,/media/batool/MULTIMODAL_DATA/Multimodal_Data/Cat3/static_in_front/bag_files/Cat3_15mph_lr_opposite_4/camera_images/1625003881.91392.jpg
Cat3,15mph,lr,opposite,4,1625003881.9472532,/media/batool/MULTIMODAL_DATA/Multimodal_Data/Cat3/static_in_front/bag_files/Cat3_15mph_lr_opposite_4/camera_images/1625003881.9472532.jpg
Cat3,15mph,lr,opposite,4,1625003881.9805865,/media/batool/MULTIMODAL_DATA/Multimodal_Data/Cat3/static_in_front/bag_files/Cat3_15mph_lr_opposite_4/camera_images/1625003881.9805865.jpg
Cat3,15mph,lr,opposite,4,1625003882.0139198,/media/batool/MULTIMODAL_DATA/Multimodal_Data/Cat3/static_in_front/bag_files/Cat3_15mph_lr_opposite_4/camera_images/1625003882.0139198.jpg
Cat3,15mph,lr,opposite,4,1625003882.0472531,/media/batool/MULTIMODAL_DATA/Multimodal_Data/Cat3/static_in_front/bag_files/Cat3_15mph_lr_opposite_4/camera_images/1625003882.0472531.jpg
Cat3,15mph,lr,opposite,4,1625003882.0805864,/media/batool/MULTIMODAL_DATA/Multimodal_Data/Cat3/static_in_front/bag_files/Cat3_15mph_lr_opposite_4/camera_images/1625003882.0805864.jpg
Cat3,15mph,lr,opposite,4,1625003882.1139197,/media/batool/MULTIMODAL_DATA/Multimodal_Data/Cat3/static_in_front/bag_files/Cat3_15mph_lr_opposite_4/camera_images/1625003882.1139197.jpg
Cat3,15mph,lr,opposite,4,1625003882.1805863,/media/batool/MULTIMODAL_DATA/Multimodal_Data/Cat3/static_in_front/bag_files/Cat3_15mph_lr_opposite_4/camera_images/1625003882.1805863.jpg
Cat3,15mph,lr,opposite,4,1625003882.2139196,/media/batool/MULTIMODAL_DATA/Multimodal_Data/Cat3/static_in_front/bag_files/Cat3_15mph_lr_opposite_4/camera_images/1625003882.2139196.jpg
Cat3,15mph,lr,opposite,4,1625003882.247253,/media/batool/MULTIMODAL_DATA/Multimodal_Data/Cat3/static_in_front/bag_files/Cat3_15mph_lr_opposite_4/camera_images/1625003882.247253.jpg
Cat3,15mph,lr,opposite,4,1625003882.2805862,/media/batool/MULTIMODAL_DATA/Multimodal_Data/Cat3/static_in_front/bag_files/Cat3_15mph_lr_opposite_4/camera_images/1625003882.2805862.jpg
Cat3,15mph,lr,opposite,4,1625003882.3139195,/media/batool/MULTIMODAL_DATA/Multimodal_Data/Cat3/static_in_front/bag_files/Cat3_15mph_lr_opposite_4/camera_images/1625003882.3139195.jpg
Cat3,15mph,lr,opposite,4,1625003882.3472528,/media/batool/MULTIMODAL_DATA/Multimodal_Data/Cat3/static_in_front/bag_files/Cat3_15mph_lr_opposite_4/camera_images/1625003882.3472528.jpg
Cat3,15mph,lr,opposite,4,1625003882.3805861,/media/batool/MULTIMODAL_DATA/Multimodal_Data/Cat3/static_in_front/bag_files/Cat3_15mph_lr_opposite_4/camera_images/1625003882.3805861.jpg
Cat3,15mph,lr,opposite,4,1625003882.4139194,/media/batool/MULTIMODAL_DATA/Multimodal_Data/Cat3/static_in_front/bag_files/Cat3_15mph_lr_opposite_4/camera_images/1625003882.4139194.jpg
Cat3,15mph,lr,opposite,4,1625003882.4472528,/media/batool/MULTIMODAL_DATA/Multimodal_Data/Cat3/static_in_front/bag_files/Cat3_15mph_lr_opposite_4/camera_images/1625003882.4472528.jpg
Cat3,15mph,lr,opposite,4,1625003882.480586,/media/batool/MULTIMODAL_DATA/Multimodal_Data/Cat3/static_in_front/bag_files/Cat3_15mph_lr_opposite_4/camera_images/1625003882.480586.jpg
Cat3,15mph,lr,opposite,4,1625003882.5139194,/media/batool/MULTIMODAL_DATA/Multimodal_Data/Cat3/static_in_front/bag_files/Cat3_15mph_lr_opposite_4/camera_images/1625003882.5139194.jpg
Cat3,15mph,lr,opposite,4,1625003882.5472527,/media/batool/MULTIMODAL_DATA/Multimodal_Data/Cat3/static_in_front/bag_files/Cat3_15mph_lr_opposite_4/camera_images/1625003882.5472527.jpg
Cat3,15mph,lr,opposite,4,1625003882.580586,/media/batool/MULTIMODAL_DATA/Multimodal_Data/Cat3/static_in_front/bag_files/Cat3_15mph_lr_opposite_4/camera_images/1625003882.580586.jpg
Cat3,15mph,lr,opposite,4,1625003882.6139193,/media/batool/MULTIMODAL_DATA/Multimodal_Data/Cat3/static_in_front/bag_files/Cat3_15mph_lr_opposite_4/camera_images/1625003882.6139193.jpg
Cat3,15mph,lr,opposite,4,1625003882.6472526,/media/batool/MULTIMODAL_DATA/Multimodal_Data/Cat3/static_in_front/bag_files/Cat3_15mph_lr_opposite_4/camera_images/1625003882.6472526.jpg
Cat3,15mph,lr,opposite,4,1625003882.7139192,/media/batool/MULTIMODAL_DATA/Multimodal_Data/Cat3/static_in_front/bag_files/Cat3_15mph_lr_opposite_4/camera_images/1625003882.7139192.jpg
Cat3,15mph,lr,opposite,4,1625003882.7472525,/media/batool/MULTIMODAL_DATA/Multimodal_Data/Cat3/static_in_front/bag_files/Cat3_15mph_lr_opposite_4/camera_images/1625003882.7472525.jpg
Cat3,15mph,lr,opposite,4,1625003882.7805858,/media/batool/MULTIMODAL_DATA/Multimodal_Data/Cat3/static_in_front/bag_files/Cat3_15mph_lr_opposite_4/camera_images/1625003882.7805858.jpg
Cat3,15mph,lr,opposite,4,1625003882.813919,/media/batool/MULTIMODAL_DATA/Multimodal_Data/Cat3/static_in_front/bag_files/Cat3_15mph_lr_opposite_4/camera_images/1625003882.813919.jpg
Cat3,15mph,lr,opposite,4,1625003882.8472524,/media/batool/MULTIMODAL_DATA/Multimodal_Data/Cat3/static_in_front/bag_files/Cat3_15mph_lr_opposite_4/camera_images/1625003882.8472524.jpg
Cat3,15mph,lr,opposite,4,1625003882.8805857,/media/batool/MULTIMODAL_DATA/Multimodal_Data/Cat3/static_in_front/bag_files/Cat3_15mph_lr_opposite_4/camera_images/1625003882.8805857.jpg
Cat3,15mph,lr,opposite,4,1625003882.913919,/media/batool/MULTIMODAL_DATA/Multimodal_Data/Cat3/static_in_front/bag_files/Cat3_15mph_lr_opposite_4/camera_images/1625003882.913919.jpg
Cat3,15mph,lr,opposite,4,1625003882.9472523,/media/batool/MULTIMODAL_DATA/Multimodal_Data/Cat3/static_in_front/bag_files/Cat3_15mph_lr_opposite_4/camera_images/1625003882.9472523.jpg
Cat3,15mph,lr,opposite,4,1625003882.9805856,/media/batool/MULTIMODAL_DATA/Multimodal_Data/Cat3/static_in_front/bag_files/Cat3_15mph_lr_opposite_4/camera_images/1625003882.9805856.jpg
Cat3,15mph,lr,opposite,4,1625003883.0139189,/media/batool/MULTIMODAL_DATA/Multimodal_Data/Cat3/static_in_front/bag_files/Cat3_15mph_lr_opposite_4/camera_images/1625003883.0139189.jpg
Cat3,15mph,lr,opposite,4,1625003883.0472522,/media/batool/MULTIMODAL_DATA/Multimodal_Data/Cat3/static_in_front/bag_files/Cat3_15mph_lr_opposite_4/camera_images/1625003883.0472522.jpg
Cat3,15mph,lr,opposite,4,1625003883.0805855,/media/batool/MULTIMODAL_DATA/Multimodal_Data/Cat3/static_in_front/bag_files/Cat3_15mph_lr_opposite_4/camera_images/1625003883.0805855.jpg
Cat3,15mph,lr,opposite,4,1625003883.1139188,/media/batool/MULTIMODAL_DATA/Multimodal_Data/Cat3/static_in_front/bag_files/Cat3_15mph_lr_opposite_4/camera_images/1625003883.1139188.jpg
Cat3,15mph,lr,opposite,4,1625003883.147252,/media/batool/MULTIMODAL_DATA/Multimodal_Data/Cat3/static_in_front/bag_files/Cat3_15mph_lr_opposite_4/camera_images/1625003883.147252.jpg
Cat3,15mph,lr,opposite,4,1625003883.1805854,/media/batool/MULTIMODAL_DATA/Multimodal_Data/Cat3/static_in_front/bag_files/Cat3_15mph_lr_opposite_4/camera_images/1625003883.1805854.jpg
Cat3,15mph,lr,opposite,4,1625003883.2139187,/media/batool/MULTIMODAL_DATA/Multimodal_Data/Cat3/static_in_front/bag_files/Cat3_15mph_lr_opposite_4/camera_images/1625003883.2139187.jpg
Cat3,15mph,lr,opposite,4,1625003883.247252,/media/batool/MULTIMODAL_DATA/Multimodal_Data/Cat3/static_in_front/bag_files/Cat3_15mph_lr_opposite_4/camera_images/1625003883.247252.jpg
Cat3,15mph,lr,opposite,4,1625003883.2805853,/media/batool/MULTIMODAL_DATA/Multimodal_Data/Cat3/static_in_front/bag_files/Cat3_15mph_lr_opposite_4/camera_images/1625003883.2805853.jpg
Cat3,15mph,lr,opposite,4,1625003883.3139186,/media/batool/MULTIMODAL_DATA/Multimodal_Data/Cat3/static_in_front/bag_files/Cat3_15mph_lr_opposite_4/camera_images/1625003883.3139186.jpg
Cat3,15mph,lr,opposite,4,1625003883.347252,/media/batool/MULTIMODAL_DATA/Multimodal_Data/Cat3/static_in_front/bag_files/Cat3_15mph_lr_opposite_4/camera_images/1625003883.347252.jpg
Cat3,15mph,lr,opposite,4,1625003883.3805852,/media/batool/MULTIMODAL_DATA/Multimodal_Data/Cat3/static_in_front/bag_files/Cat3_15mph_lr_opposite_4/camera_images/1625003883.3805852.jpg
