Category,speed,direction,lane,episode,Time header,lidar number,path to the file
Cat3,15mph,lr,opposite,4,1625003867.722881000,ns1,/media/batool/MULTIMODAL_DATA/Multimodal_Data/Cat3/static_in_front/bag_files/Cat3_15mph_lr_opposite_4/lidar_pcd/ns1/velodyne_points/1625003867.722881000.pcd
Cat3,15mph,lr,opposite,4,1625003867.823756000,ns1,/media/batool/MULTIMODAL_DATA/Multimodal_Data/Cat3/static_in_front/bag_files/Cat3_15mph_lr_opposite_4/lidar_pcd/ns1/velodyne_points/1625003867.823756000.pcd
Cat3,15mph,lr,opposite,4,1625003867.924585000,ns1,/media/batool/MULTIMODAL_DATA/Multimodal_Data/Cat3/static_in_front/bag_files/Cat3_15mph_lr_opposite_4/lidar_pcd/ns1/velodyne_points/1625003867.924585000.pcd
Cat3,15mph,lr,opposite,4,1625003868.025488000,ns1,/media/batool/MULTIMODAL_DATA/Multimodal_Data/Cat3/static_in_front/bag_files/Cat3_15mph_lr_opposite_4/lidar_pcd/ns1/velodyne_points/1625003868.025488000.pcd
Cat3,15mph,lr,opposite,4,1625003868.126317000,ns1,/media/batool/MULTIMODAL_DATA/Multimodal_Data/Cat3/static_in_front/bag_files/Cat3_15mph_lr_opposite_4/lidar_pcd/ns1/velodyne_points/1625003868.126317000.pcd
Cat3,15mph,lr,opposite,4,1625003868.227197000,ns1,/media/batool/MULTIMODAL_DATA/Multimodal_Data/Cat3/static_in_front/bag_files/Cat3_15mph_lr_opposite_4/lidar_pcd/ns1/velodyne_points/1625003868.227197000.pcd
Cat3,15mph,lr,opposite,4,1625003868.328039000,ns1,/media/batool/MULTIMODAL_DATA/Multimodal_Data/Cat3/static_in_front/bag_files/Cat3_15mph_lr_opposite_4/lidar_pcd/ns1/velodyne_points/1625003868.328039000.pcd
Cat3,15mph,lr,opposite,4,1625003868.428908000,ns1,/media/batool/MULTIMODAL_DATA/Multimodal_Data/Cat3/static_in_front/bag_files/Cat3_15mph_lr_opposite_4/lidar_pcd/ns1/velodyne_points/1625003868.428908000.pcd
Cat3,15mph,lr,opposite,4,1625003868.529761000,ns1,/media/batool/MULTIMODAL_DATA/Multimodal_Data/Cat3/static_in_front/bag_files/Cat3_15mph_lr_opposite_4/lidar_pcd/ns1/velodyne_points/1625003868.529761000.pcd
Cat3,15mph,lr,opposite,4,1625003868.630629000,ns1,/media/batool/MULTIMODAL_DATA/Multimodal_Data/Cat3/static_in_front/bag_files/Cat3_15mph_lr_opposite_4/lidar_pcd/ns1/velodyne_points/1625003868.630629000.pcd
Cat3,15mph,lr,opposite,4,1625003868.731461000,ns1,/media/batool/MULTIMODAL_DATA/Multimodal_Data/Cat3/static_in_front/bag_files/Cat3_15mph_lr_opposite_4/lidar_pcd/ns1/velodyne_points/1625003868.731461000.pcd
Cat3,15mph,lr,opposite,4,1625003868.832295000,ns1,/media/batool/MULTIMODAL_DATA/Multimodal_Data/Cat3/static_in_front/bag_files/Cat3_15mph_lr_opposite_4/lidar_pcd/ns1/velodyne_points/1625003868.832295000.pcd
Cat3,15mph,lr,opposite,4,1625003868.933259000,ns1,/media/batool/MULTIMODAL_DATA/Multimodal_Data/Cat3/static_in_front/bag_files/Cat3_15mph_lr_opposite_4/lidar_pcd/ns1/velodyne_points/1625003868.933259000.pcd
Cat3,15mph,lr,opposite,4,1625003869.034058000,ns1,/media/batool/MULTIMODAL_DATA/Multimodal_Data/Cat3/static_in_front/bag_files/Cat3_15mph_lr_opposite_4/lidar_pcd/ns1/velodyne_points/1625003869.034058000.pcd
Cat3,15mph,lr,opposite,4,1625003869.235770000,ns1,/media/batool/MULTIMODAL_DATA/Multimodal_Data/Cat3/static_in_front/bag_files/Cat3_15mph_lr_opposite_4/lidar_pcd/ns1/velodyne_points/1625003869.235770000.pcd
Cat3,15mph,lr,opposite,4,1625003869.336641000,ns1,/media/batool/MULTIMODAL_DATA/Multimodal_Data/Cat3/static_in_front/bag_files/Cat3_15mph_lr_opposite_4/lidar_pcd/ns1/velodyne_points/1625003869.336641000.pcd
Cat3,15mph,lr,opposite,4,1625003869.437478000,ns1,/media/batool/MULTIMODAL_DATA/Multimodal_Data/Cat3/static_in_front/bag_files/Cat3_15mph_lr_opposite_4/lidar_pcd/ns1/velodyne_points/1625003869.437478000.pcd
Cat3,15mph,lr,opposite,4,1625003869.538327000,ns1,/media/batool/MULTIMODAL_DATA/Multimodal_Data/Cat3/static_in_front/bag_files/Cat3_15mph_lr_opposite_4/lidar_pcd/ns1/velodyne_points/1625003869.538327000.pcd
Cat3,15mph,lr,opposite,4,1625003869.639183000,ns1,/media/batool/MULTIMODAL_DATA/Multimodal_Data/Cat3/static_in_front/bag_files/Cat3_15mph_lr_opposite_4/lidar_pcd/ns1/velodyne_points/1625003869.639183000.pcd
Cat3,15mph,lr,opposite,4,1625003869.740019000,ns1,/media/batool/MULTIMODAL_DATA/Multimodal_Data/Cat3/static_in_front/bag_files/Cat3_15mph_lr_opposite_4/lidar_pcd/ns1/velodyne_points/1625003869.740019000.pcd
Cat3,15mph,lr,opposite,4,1625003869.840888000,ns1,/media/batool/MULTIMODAL_DATA/Multimodal_Data/Cat3/static_in_front/bag_files/Cat3_15mph_lr_opposite_4/lidar_pcd/ns1/velodyne_points/1625003869.840888000.pcd
Cat3,15mph,lr,opposite,4,1625003869.941754000,ns1,/media/batool/MULTIMODAL_DATA/Multimodal_Data/Cat3/static_in_front/bag_files/Cat3_15mph_lr_opposite_4/lidar_pcd/ns1/velodyne_points/1625003869.941754000.pcd
Cat3,15mph,lr,opposite,4,1625003870.042627000,ns1,/media/batool/MULTIMODAL_DATA/Multimodal_Data/Cat3/static_in_front/bag_files/Cat3_15mph_lr_opposite_4/lidar_pcd/ns1/velodyne_points/1625003870.042627000.pcd
Cat3,15mph,lr,opposite,4,1625003870.143468000,ns1,/media/batool/MULTIMODAL_DATA/Multimodal_Data/Cat3/static_in_front/bag_files/Cat3_15mph_lr_opposite_4/lidar_pcd/ns1/velodyne_points/1625003870.143468000.pcd
Cat3,15mph,lr,opposite,4,1625003870.244338000,ns1,/media/batool/MULTIMODAL_DATA/Multimodal_Data/Cat3/static_in_front/bag_files/Cat3_15mph_lr_opposite_4/lidar_pcd/ns1/velodyne_points/1625003870.244338000.pcd
Cat3,15mph,lr,opposite,4,1625003870.345209000,ns1,/media/batool/MULTIMODAL_DATA/Multimodal_Data/Cat3/static_in_front/bag_files/Cat3_15mph_lr_opposite_4/lidar_pcd/ns1/velodyne_points/1625003870.345209000.pcd
Cat3,15mph,lr,opposite,4,1625003870.446033000,ns1,/media/batool/MULTIMODAL_DATA/Multimodal_Data/Cat3/static_in_front/bag_files/Cat3_15mph_lr_opposite_4/lidar_pcd/ns1/velodyne_points/1625003870.446033000.pcd
Cat3,15mph,lr,opposite,4,1625003870.546908000,ns1,/media/batool/MULTIMODAL_DATA/Multimodal_Data/Cat3/static_in_front/bag_files/Cat3_15mph_lr_opposite_4/lidar_pcd/ns1/velodyne_points/1625003870.546908000.pcd
Cat3,15mph,lr,opposite,4,1625003870.748624000,ns1,/media/batool/MULTIMODAL_DATA/Multimodal_Data/Cat3/static_in_front/bag_files/Cat3_15mph_lr_opposite_4/lidar_pcd/ns1/velodyne_points/1625003870.748624000.pcd
Cat3,15mph,lr,opposite,4,1625003870.849466000,ns1,/media/batool/MULTIMODAL_DATA/Multimodal_Data/Cat3/static_in_front/bag_files/Cat3_15mph_lr_opposite_4/lidar_pcd/ns1/velodyne_points/1625003870.849466000.pcd
Cat3,15mph,lr,opposite,4,1625003870.950344000,ns1,/media/batool/MULTIMODAL_DATA/Multimodal_Data/Cat3/static_in_front/bag_files/Cat3_15mph_lr_opposite_4/lidar_pcd/ns1/velodyne_points/1625003870.950344000.pcd
Cat3,15mph,lr,opposite,4,1625003871.051167000,ns1,/media/batool/MULTIMODAL_DATA/Multimodal_Data/Cat3/static_in_front/bag_files/Cat3_15mph_lr_opposite_4/lidar_pcd/ns1/velodyne_points/1625003871.051167000.pcd
Cat3,15mph,lr,opposite,4,1625003871.152050000,ns1,/media/batool/MULTIMODAL_DATA/Multimodal_Data/Cat3/static_in_front/bag_files/Cat3_15mph_lr_opposite_4/lidar_pcd/ns1/velodyne_points/1625003871.152050000.pcd
Cat3,15mph,lr,opposite,4,1625003871.252908000,ns1,/media/batool/MULTIMODAL_DATA/Multimodal_Data/Cat3/static_in_front/bag_files/Cat3_15mph_lr_opposite_4/lidar_pcd/ns1/velodyne_points/1625003871.252908000.pcd
Cat3,15mph,lr,opposite,4,1625003871.353754000,ns1,/media/batool/MULTIMODAL_DATA/Multimodal_Data/Cat3/static_in_front/bag_files/Cat3_15mph_lr_opposite_4/lidar_pcd/ns1/velodyne_points/1625003871.353754000.pcd
Cat3,15mph,lr,opposite,4,1625003871.454600000,ns1,/media/batool/MULTIMODAL_DATA/Multimodal_Data/Cat3/static_in_front/bag_files/Cat3_15mph_lr_opposite_4/lidar_pcd/ns1/velodyne_points/1625003871.454600000.pcd
Cat3,15mph,lr,opposite,4,1625003871.555467000,ns1,/media/batool/MULTIMODAL_DATA/Multimodal_Data/Cat3/static_in_front/bag_files/Cat3_15mph_lr_opposite_4/lidar_pcd/ns1/velodyne_points/1625003871.555467000.pcd
Cat3,15mph,lr,opposite,4,1625003871.656311000,ns1,/media/batool/MULTIMODAL_DATA/Multimodal_Data/Cat3/static_in_front/bag_files/Cat3_15mph_lr_opposite_4/lidar_pcd/ns1/velodyne_points/1625003871.656311000.pcd
Cat3,15mph,lr,opposite,4,1625003871.757140000,ns1,/media/batool/MULTIMODAL_DATA/Multimodal_Data/Cat3/static_in_front/bag_files/Cat3_15mph_lr_opposite_4/lidar_pcd/ns1/velodyne_points/1625003871.757140000.pcd
Cat3,15mph,lr,opposite,4,1625003871.858011000,ns1,/media/batool/MULTIMODAL_DATA/Multimodal_Data/Cat3/static_in_front/bag_files/Cat3_15mph_lr_opposite_4/lidar_pcd/ns1/velodyne_points/1625003871.858011000.pcd
Cat3,15mph,lr,opposite,4,1625003871.958901000,ns1,/media/batool/MULTIMODAL_DATA/Multimodal_Data/Cat3/static_in_front/bag_files/Cat3_15mph_lr_opposite_4/lidar_pcd/ns1/velodyne_points/1625003871.958901000.pcd
Cat3,15mph,lr,opposite,4,1625003872.059743000,ns1,/media/batool/MULTIMODAL_DATA/Multimodal_Data/Cat3/static_in_front/bag_files/Cat3_15mph_lr_opposite_4/lidar_pcd/ns1/velodyne_points/1625003872.059743000.pcd
Cat3,15mph,lr,opposite,4,1625003872.261473000,ns1,/media/batool/MULTIMODAL_DATA/Multimodal_Data/Cat3/static_in_front/bag_files/Cat3_15mph_lr_opposite_4/lidar_pcd/ns1/velodyne_points/1625003872.261473000.pcd
Cat3,15mph,lr,opposite,4,1625003872.362302000,ns1,/media/batool/MULTIMODAL_DATA/Multimodal_Data/Cat3/static_in_front/bag_files/Cat3_15mph_lr_opposite_4/lidar_pcd/ns1/velodyne_points/1625003872.362302000.pcd
Cat3,15mph,lr,opposite,4,1625003872.463184000,ns1,/media/batool/MULTIMODAL_DATA/Multimodal_Data/Cat3/static_in_front/bag_files/Cat3_15mph_lr_opposite_4/lidar_pcd/ns1/velodyne_points/1625003872.463184000.pcd
Cat3,15mph,lr,opposite,4,1625003872.564043000,ns1,/media/batool/MULTIMODAL_DATA/Multimodal_Data/Cat3/static_in_front/bag_files/Cat3_15mph_lr_opposite_4/lidar_pcd/ns1/velodyne_points/1625003872.564043000.pcd
Cat3,15mph,lr,opposite,4,1625003872.664876000,ns1,/media/batool/MULTIMODAL_DATA/Multimodal_Data/Cat3/static_in_front/bag_files/Cat3_15mph_lr_opposite_4/lidar_pcd/ns1/velodyne_points/1625003872.664876000.pcd
Cat3,15mph,lr,opposite,4,1625003872.765754000,ns1,/media/batool/MULTIMODAL_DATA/Multimodal_Data/Cat3/static_in_front/bag_files/Cat3_15mph_lr_opposite_4/lidar_pcd/ns1/velodyne_points/1625003872.765754000.pcd
Cat3,15mph,lr,opposite,4,1625003872.866600000,ns1,/media/batool/MULTIMODAL_DATA/Multimodal_Data/Cat3/static_in_front/bag_files/Cat3_15mph_lr_opposite_4/lidar_pcd/ns1/velodyne_points/1625003872.866600000.pcd
Cat3,15mph,lr,opposite,4,1625003872.967425000,ns1,/media/batool/MULTIMODAL_DATA/Multimodal_Data/Cat3/static_in_front/bag_files/Cat3_15mph_lr_opposite_4/lidar_pcd/ns1/velodyne_points/1625003872.967425000.pcd
Cat3,15mph,lr,opposite,4,1625003873.068313000,ns1,/media/batool/MULTIMODAL_DATA/Multimodal_Data/Cat3/static_in_front/bag_files/Cat3_15mph_lr_opposite_4/lidar_pcd/ns1/velodyne_points/1625003873.068313000.pcd
Cat3,15mph,lr,opposite,4,1625003873.169165000,ns1,/media/batool/MULTIMODAL_DATA/Multimodal_Data/Cat3/static_in_front/bag_files/Cat3_15mph_lr_opposite_4/lidar_pcd/ns1/velodyne_points/1625003873.169165000.pcd
Cat3,15mph,lr,opposite,4,1625003873.270020000,ns1,/media/batool/MULTIMODAL_DATA/Multimodal_Data/Cat3/static_in_front/bag_files/Cat3_15mph_lr_opposite_4/lidar_pcd/ns1/velodyne_points/1625003873.270020000.pcd
Cat3,15mph,lr,opposite,4,1625003873.370879000,ns1,/media/batool/MULTIMODAL_DATA/Multimodal_Data/Cat3/static_in_front/bag_files/Cat3_15mph_lr_opposite_4/lidar_pcd/ns1/velodyne_points/1625003873.370879000.pcd
Cat3,15mph,lr,opposite,4,1625003873.471739000,ns1,/media/batool/MULTIMODAL_DATA/Multimodal_Data/Cat3/static_in_front/bag_files/Cat3_15mph_lr_opposite_4/lidar_pcd/ns1/velodyne_points/1625003873.471739000.pcd
Cat3,15mph,lr,opposite,4,1625003873.572574000,ns1,/media/batool/MULTIMODAL_DATA/Multimodal_Data/Cat3/static_in_front/bag_files/Cat3_15mph_lr_opposite_4/lidar_pcd/ns1/velodyne_points/1625003873.572574000.pcd
Cat3,15mph,lr,opposite,4,1625003869.134877000,ns1,/media/batool/MULTIMODAL_DATA/Multimodal_Data/Cat3/static_in_front/bag_files/Cat3_15mph_lr_opposite_4/lidar_pcd/ns1/velodyne_points/1625003869.134877000.pcd
Cat3,15mph,lr,opposite,4,1625003870.647751000,ns1,/media/batool/MULTIMODAL_DATA/Multimodal_Data/Cat3/static_in_front/bag_files/Cat3_15mph_lr_opposite_4/lidar_pcd/ns1/velodyne_points/1625003870.647751000.pcd
Cat3,15mph,lr,opposite,4,1625003872.160601000,ns1,/media/batool/MULTIMODAL_DATA/Multimodal_Data/Cat3/static_in_front/bag_files/Cat3_15mph_lr_opposite_4/lidar_pcd/ns1/velodyne_points/1625003872.160601000.pcd
Cat3,15mph,lr,opposite,4,1625003873.673464000,ns1,/media/batool/MULTIMODAL_DATA/Multimodal_Data/Cat3/static_in_front/bag_files/Cat3_15mph_lr_opposite_4/lidar_pcd/ns1/velodyne_points/1625003873.673464000.pcd
Cat3,15mph,lr,opposite,4,1625003875.186301000,ns1,/media/batool/MULTIMODAL_DATA/Multimodal_Data/Cat3/static_in_front/bag_files/Cat3_15mph_lr_opposite_4/lidar_pcd/ns1/velodyne_points/1625003875.186301000.pcd
Cat3,15mph,lr,opposite,4,1625003876.699170000,ns1,/media/batool/MULTIMODAL_DATA/Multimodal_Data/Cat3/static_in_front/bag_files/Cat3_15mph_lr_opposite_4/lidar_pcd/ns1/velodyne_points/1625003876.699170000.pcd
Cat3,15mph,lr,opposite,4,1625003878.211997000,ns1,/media/batool/MULTIMODAL_DATA/Multimodal_Data/Cat3/static_in_front/bag_files/Cat3_15mph_lr_opposite_4/lidar_pcd/ns1/velodyne_points/1625003878.211997000.pcd
Cat3,15mph,lr,opposite,4,1625003879.724877000,ns1,/media/batool/MULTIMODAL_DATA/Multimodal_Data/Cat3/static_in_front/bag_files/Cat3_15mph_lr_opposite_4/lidar_pcd/ns1/velodyne_points/1625003879.724877000.pcd
Cat3,15mph,lr,opposite,4,1625003881.439414000,ns1,/media/batool/MULTIMODAL_DATA/Multimodal_Data/Cat3/static_in_front/bag_files/Cat3_15mph_lr_opposite_4/lidar_pcd/ns1/velodyne_points/1625003881.439414000.pcd
Cat3,15mph,lr,opposite,4,1625003882.952252000,ns1,/media/batool/MULTIMODAL_DATA/Multimodal_Data/Cat3/static_in_front/bag_files/Cat3_15mph_lr_opposite_4/lidar_pcd/ns1/velodyne_points/1625003882.952252000.pcd
Cat3,15mph,lr,opposite,4,1625003884.465118000,ns1,/media/batool/MULTIMODAL_DATA/Multimodal_Data/Cat3/static_in_front/bag_files/Cat3_15mph_lr_opposite_4/lidar_pcd/ns1/velodyne_points/1625003884.465118000.pcd
Cat3,15mph,lr,opposite,4,1625003885.977987000,ns1,/media/batool/MULTIMODAL_DATA/Multimodal_Data/Cat3/static_in_front/bag_files/Cat3_15mph_lr_opposite_4/lidar_pcd/ns1/velodyne_points/1625003885.977987000.pcd
Cat3,15mph,lr,opposite,4,1625003887.490815000,ns1,/media/batool/MULTIMODAL_DATA/Multimodal_Data/Cat3/static_in_front/bag_files/Cat3_15mph_lr_opposite_4/lidar_pcd/ns1/velodyne_points/1625003887.490815000.pcd
Cat3,15mph,lr,opposite,4,1625003889.003677000,ns1,/media/batool/MULTIMODAL_DATA/Multimodal_Data/Cat3/static_in_front/bag_files/Cat3_15mph_lr_opposite_4/lidar_pcd/ns1/velodyne_points/1625003889.003677000.pcd
Cat3,15mph,lr,opposite,4,1625003890.516523000,ns1,/media/batool/MULTIMODAL_DATA/Multimodal_Data/Cat3/static_in_front/bag_files/Cat3_15mph_lr_opposite_4/lidar_pcd/ns1/velodyne_points/1625003890.516523000.pcd
Cat3,15mph,lr,opposite,4,1625003873.774328000,ns1,/media/batool/MULTIMODAL_DATA/Multimodal_Data/Cat3/static_in_front/bag_files/Cat3_15mph_lr_opposite_4/lidar_pcd/ns1/velodyne_points/1625003873.774328000.pcd
Cat3,15mph,lr,opposite,4,1625003873.875177000,ns1,/media/batool/MULTIMODAL_DATA/Multimodal_Data/Cat3/static_in_front/bag_files/Cat3_15mph_lr_opposite_4/lidar_pcd/ns1/velodyne_points/1625003873.875177000.pcd
Cat3,15mph,lr,opposite,4,1625003873.976003000,ns1,/media/batool/MULTIMODAL_DATA/Multimodal_Data/Cat3/static_in_front/bag_files/Cat3_15mph_lr_opposite_4/lidar_pcd/ns1/velodyne_points/1625003873.976003000.pcd
Cat3,15mph,lr,opposite,4,1625003874.076881000,ns1,/media/batool/MULTIMODAL_DATA/Multimodal_Data/Cat3/static_in_front/bag_files/Cat3_15mph_lr_opposite_4/lidar_pcd/ns1/velodyne_points/1625003874.076881000.pcd
Cat3,15mph,lr,opposite,4,1625003874.177703000,ns1,/media/batool/MULTIMODAL_DATA/Multimodal_Data/Cat3/static_in_front/bag_files/Cat3_15mph_lr_opposite_4/lidar_pcd/ns1/velodyne_points/1625003874.177703000.pcd
Cat3,15mph,lr,opposite,4,1625003874.278588000,ns1,/media/batool/MULTIMODAL_DATA/Multimodal_Data/Cat3/static_in_front/bag_files/Cat3_15mph_lr_opposite_4/lidar_pcd/ns1/velodyne_points/1625003874.278588000.pcd
Cat3,15mph,lr,opposite,4,1625003874.379470000,ns1,/media/batool/MULTIMODAL_DATA/Multimodal_Data/Cat3/static_in_front/bag_files/Cat3_15mph_lr_opposite_4/lidar_pcd/ns1/velodyne_points/1625003874.379470000.pcd
Cat3,15mph,lr,opposite,4,1625003874.480288000,ns1,/media/batool/MULTIMODAL_DATA/Multimodal_Data/Cat3/static_in_front/bag_files/Cat3_15mph_lr_opposite_4/lidar_pcd/ns1/velodyne_points/1625003874.480288000.pcd
Cat3,15mph,lr,opposite,4,1625003874.581165000,ns1,/media/batool/MULTIMODAL_DATA/Multimodal_Data/Cat3/static_in_front/bag_files/Cat3_15mph_lr_opposite_4/lidar_pcd/ns1/velodyne_points/1625003874.581165000.pcd
Cat3,15mph,lr,opposite,4,1625003874.682000000,ns1,/media/batool/MULTIMODAL_DATA/Multimodal_Data/Cat3/static_in_front/bag_files/Cat3_15mph_lr_opposite_4/lidar_pcd/ns1/velodyne_points/1625003874.682000000.pcd
Cat3,15mph,lr,opposite,4,1625003874.782889000,ns1,/media/batool/MULTIMODAL_DATA/Multimodal_Data/Cat3/static_in_front/bag_files/Cat3_15mph_lr_opposite_4/lidar_pcd/ns1/velodyne_points/1625003874.782889000.pcd
Cat3,15mph,lr,opposite,4,1625003874.883718000,ns1,/media/batool/MULTIMODAL_DATA/Multimodal_Data/Cat3/static_in_front/bag_files/Cat3_15mph_lr_opposite_4/lidar_pcd/ns1/velodyne_points/1625003874.883718000.pcd
Cat3,15mph,lr,opposite,4,1625003874.984612000,ns1,/media/batool/MULTIMODAL_DATA/Multimodal_Data/Cat3/static_in_front/bag_files/Cat3_15mph_lr_opposite_4/lidar_pcd/ns1/velodyne_points/1625003874.984612000.pcd
Cat3,15mph,lr,opposite,4,1625003875.085460000,ns1,/media/batool/MULTIMODAL_DATA/Multimodal_Data/Cat3/static_in_front/bag_files/Cat3_15mph_lr_opposite_4/lidar_pcd/ns1/velodyne_points/1625003875.085460000.pcd
Cat3,15mph,lr,opposite,4,1625003875.287158000,ns1,/media/batool/MULTIMODAL_DATA/Multimodal_Data/Cat3/static_in_front/bag_files/Cat3_15mph_lr_opposite_4/lidar_pcd/ns1/velodyne_points/1625003875.287158000.pcd
Cat3,15mph,lr,opposite,4,1625003875.388080000,ns1,/media/batool/MULTIMODAL_DATA/Multimodal_Data/Cat3/static_in_front/bag_files/Cat3_15mph_lr_opposite_4/lidar_pcd/ns1/velodyne_points/1625003875.388080000.pcd
Cat3,15mph,lr,opposite,4,1625003875.488876000,ns1,/media/batool/MULTIMODAL_DATA/Multimodal_Data/Cat3/static_in_front/bag_files/Cat3_15mph_lr_opposite_4/lidar_pcd/ns1/velodyne_points/1625003875.488876000.pcd
Cat3,15mph,lr,opposite,4,1625003875.589732000,ns1,/media/batool/MULTIMODAL_DATA/Multimodal_Data/Cat3/static_in_front/bag_files/Cat3_15mph_lr_opposite_4/lidar_pcd/ns1/velodyne_points/1625003875.589732000.pcd
Cat3,15mph,lr,opposite,4,1625003875.690561000,ns1,/media/batool/MULTIMODAL_DATA/Multimodal_Data/Cat3/static_in_front/bag_files/Cat3_15mph_lr_opposite_4/lidar_pcd/ns1/velodyne_points/1625003875.690561000.pcd
Cat3,15mph,lr,opposite,4,1625003875.791440000,ns1,/media/batool/MULTIMODAL_DATA/Multimodal_Data/Cat3/static_in_front/bag_files/Cat3_15mph_lr_opposite_4/lidar_pcd/ns1/velodyne_points/1625003875.791440000.pcd
Cat3,15mph,lr,opposite,4,1625003875.892285000,ns1,/media/batool/MULTIMODAL_DATA/Multimodal_Data/Cat3/static_in_front/bag_files/Cat3_15mph_lr_opposite_4/lidar_pcd/ns1/velodyne_points/1625003875.892285000.pcd
Cat3,15mph,lr,opposite,4,1625003875.993147000,ns1,/media/batool/MULTIMODAL_DATA/Multimodal_Data/Cat3/static_in_front/bag_files/Cat3_15mph_lr_opposite_4/lidar_pcd/ns1/velodyne_points/1625003875.993147000.pcd
Cat3,15mph,lr,opposite,4,1625003876.094015000,ns1,/media/batool/MULTIMODAL_DATA/Multimodal_Data/Cat3/static_in_front/bag_files/Cat3_15mph_lr_opposite_4/lidar_pcd/ns1/velodyne_points/1625003876.094015000.pcd
Cat3,15mph,lr,opposite,4,1625003876.194870000,ns1,/media/batool/MULTIMODAL_DATA/Multimodal_Data/Cat3/static_in_front/bag_files/Cat3_15mph_lr_opposite_4/lidar_pcd/ns1/velodyne_points/1625003876.194870000.pcd
Cat3,15mph,lr,opposite,4,1625003876.295738000,ns1,/media/batool/MULTIMODAL_DATA/Multimodal_Data/Cat3/static_in_front/bag_files/Cat3_15mph_lr_opposite_4/lidar_pcd/ns1/velodyne_points/1625003876.295738000.pcd
Cat3,15mph,lr,opposite,4,1625003876.396602000,ns1,/media/batool/MULTIMODAL_DATA/Multimodal_Data/Cat3/static_in_front/bag_files/Cat3_15mph_lr_opposite_4/lidar_pcd/ns1/velodyne_points/1625003876.396602000.pcd
Cat3,15mph,lr,opposite,4,1625003876.497455000,ns1,/media/batool/MULTIMODAL_DATA/Multimodal_Data/Cat3/static_in_front/bag_files/Cat3_15mph_lr_opposite_4/lidar_pcd/ns1/velodyne_points/1625003876.497455000.pcd
Cat3,15mph,lr,opposite,4,1625003876.598318000,ns1,/media/batool/MULTIMODAL_DATA/Multimodal_Data/Cat3/static_in_front/bag_files/Cat3_15mph_lr_opposite_4/lidar_pcd/ns1/velodyne_points/1625003876.598318000.pcd
Cat3,15mph,lr,opposite,4,1625003876.800010000,ns1,/media/batool/MULTIMODAL_DATA/Multimodal_Data/Cat3/static_in_front/bag_files/Cat3_15mph_lr_opposite_4/lidar_pcd/ns1/velodyne_points/1625003876.800010000.pcd
Cat3,15mph,lr,opposite,4,1625003876.900865000,ns1,/media/batool/MULTIMODAL_DATA/Multimodal_Data/Cat3/static_in_front/bag_files/Cat3_15mph_lr_opposite_4/lidar_pcd/ns1/velodyne_points/1625003876.900865000.pcd
Cat3,15mph,lr,opposite,4,1625003877.001745000,ns1,/media/batool/MULTIMODAL_DATA/Multimodal_Data/Cat3/static_in_front/bag_files/Cat3_15mph_lr_opposite_4/lidar_pcd/ns1/velodyne_points/1625003877.001745000.pcd
Cat3,15mph,lr,opposite,4,1625003877.102581000,ns1,/media/batool/MULTIMODAL_DATA/Multimodal_Data/Cat3/static_in_front/bag_files/Cat3_15mph_lr_opposite_4/lidar_pcd/ns1/velodyne_points/1625003877.102581000.pcd
Cat3,15mph,lr,opposite,4,1625003877.203441000,ns1,/media/batool/MULTIMODAL_DATA/Multimodal_Data/Cat3/static_in_front/bag_files/Cat3_15mph_lr_opposite_4/lidar_pcd/ns1/velodyne_points/1625003877.203441000.pcd
Cat3,15mph,lr,opposite,4,1625003877.304286000,ns1,/media/batool/MULTIMODAL_DATA/Multimodal_Data/Cat3/static_in_front/bag_files/Cat3_15mph_lr_opposite_4/lidar_pcd/ns1/velodyne_points/1625003877.304286000.pcd
Cat3,15mph,lr,opposite,4,1625003877.405130000,ns1,/media/batool/MULTIMODAL_DATA/Multimodal_Data/Cat3/static_in_front/bag_files/Cat3_15mph_lr_opposite_4/lidar_pcd/ns1/velodyne_points/1625003877.405130000.pcd
Cat3,15mph,lr,opposite,4,1625003877.506022000,ns1,/media/batool/MULTIMODAL_DATA/Multimodal_Data/Cat3/static_in_front/bag_files/Cat3_15mph_lr_opposite_4/lidar_pcd/ns1/velodyne_points/1625003877.506022000.pcd
Cat3,15mph,lr,opposite,4,1625003877.606864000,ns1,/media/batool/MULTIMODAL_DATA/Multimodal_Data/Cat3/static_in_front/bag_files/Cat3_15mph_lr_opposite_4/lidar_pcd/ns1/velodyne_points/1625003877.606864000.pcd
Cat3,15mph,lr,opposite,4,1625003877.707733000,ns1,/media/batool/MULTIMODAL_DATA/Multimodal_Data/Cat3/static_in_front/bag_files/Cat3_15mph_lr_opposite_4/lidar_pcd/ns1/velodyne_points/1625003877.707733000.pcd
Cat3,15mph,lr,opposite,4,1625003877.808569000,ns1,/media/batool/MULTIMODAL_DATA/Multimodal_Data/Cat3/static_in_front/bag_files/Cat3_15mph_lr_opposite_4/lidar_pcd/ns1/velodyne_points/1625003877.808569000.pcd
Cat3,15mph,lr,opposite,4,1625003877.909428000,ns1,/media/batool/MULTIMODAL_DATA/Multimodal_Data/Cat3/static_in_front/bag_files/Cat3_15mph_lr_opposite_4/lidar_pcd/ns1/velodyne_points/1625003877.909428000.pcd
Cat3,15mph,lr,opposite,4,1625003878.010283000,ns1,/media/batool/MULTIMODAL_DATA/Multimodal_Data/Cat3/static_in_front/bag_files/Cat3_15mph_lr_opposite_4/lidar_pcd/ns1/velodyne_points/1625003878.010283000.pcd
Cat3,15mph,lr,opposite,4,1625003878.111151000,ns1,/media/batool/MULTIMODAL_DATA/Multimodal_Data/Cat3/static_in_front/bag_files/Cat3_15mph_lr_opposite_4/lidar_pcd/ns1/velodyne_points/1625003878.111151000.pcd
Cat3,15mph,lr,opposite,4,1625003878.312867000,ns1,/media/batool/MULTIMODAL_DATA/Multimodal_Data/Cat3/static_in_front/bag_files/Cat3_15mph_lr_opposite_4/lidar_pcd/ns1/velodyne_points/1625003878.312867000.pcd
Cat3,15mph,lr,opposite,4,1625003878.413694000,ns1,/media/batool/MULTIMODAL_DATA/Multimodal_Data/Cat3/static_in_front/bag_files/Cat3_15mph_lr_opposite_4/lidar_pcd/ns1/velodyne_points/1625003878.413694000.pcd
Cat3,15mph,lr,opposite,4,1625003878.514553000,ns1,/media/batool/MULTIMODAL_DATA/Multimodal_Data/Cat3/static_in_front/bag_files/Cat3_15mph_lr_opposite_4/lidar_pcd/ns1/velodyne_points/1625003878.514553000.pcd
Cat3,15mph,lr,opposite,4,1625003878.615450000,ns1,/media/batool/MULTIMODAL_DATA/Multimodal_Data/Cat3/static_in_front/bag_files/Cat3_15mph_lr_opposite_4/lidar_pcd/ns1/velodyne_points/1625003878.615450000.pcd
Cat3,15mph,lr,opposite,4,1625003878.716293000,ns1,/media/batool/MULTIMODAL_DATA/Multimodal_Data/Cat3/static_in_front/bag_files/Cat3_15mph_lr_opposite_4/lidar_pcd/ns1/velodyne_points/1625003878.716293000.pcd
Cat3,15mph,lr,opposite,4,1625003878.817143000,ns1,/media/batool/MULTIMODAL_DATA/Multimodal_Data/Cat3/static_in_front/bag_files/Cat3_15mph_lr_opposite_4/lidar_pcd/ns1/velodyne_points/1625003878.817143000.pcd
Cat3,15mph,lr,opposite,4,1625003878.917997000,ns1,/media/batool/MULTIMODAL_DATA/Multimodal_Data/Cat3/static_in_front/bag_files/Cat3_15mph_lr_opposite_4/lidar_pcd/ns1/velodyne_points/1625003878.917997000.pcd
Cat3,15mph,lr,opposite,4,1625003879.018857000,ns1,/media/batool/MULTIMODAL_DATA/Multimodal_Data/Cat3/static_in_front/bag_files/Cat3_15mph_lr_opposite_4/lidar_pcd/ns1/velodyne_points/1625003879.018857000.pcd
Cat3,15mph,lr,opposite,4,1625003879.119673000,ns1,/media/batool/MULTIMODAL_DATA/Multimodal_Data/Cat3/static_in_front/bag_files/Cat3_15mph_lr_opposite_4/lidar_pcd/ns1/velodyne_points/1625003879.119673000.pcd
Cat3,15mph,lr,opposite,4,1625003879.220578000,ns1,/media/batool/MULTIMODAL_DATA/Multimodal_Data/Cat3/static_in_front/bag_files/Cat3_15mph_lr_opposite_4/lidar_pcd/ns1/velodyne_points/1625003879.220578000.pcd
Cat3,15mph,lr,opposite,4,1625003879.321424000,ns1,/media/batool/MULTIMODAL_DATA/Multimodal_Data/Cat3/static_in_front/bag_files/Cat3_15mph_lr_opposite_4/lidar_pcd/ns1/velodyne_points/1625003879.321424000.pcd
Cat3,15mph,lr,opposite,4,1625003879.422295000,ns1,/media/batool/MULTIMODAL_DATA/Multimodal_Data/Cat3/static_in_front/bag_files/Cat3_15mph_lr_opposite_4/lidar_pcd/ns1/velodyne_points/1625003879.422295000.pcd
Cat3,15mph,lr,opposite,4,1625003879.523156000,ns1,/media/batool/MULTIMODAL_DATA/Multimodal_Data/Cat3/static_in_front/bag_files/Cat3_15mph_lr_opposite_4/lidar_pcd/ns1/velodyne_points/1625003879.523156000.pcd
Cat3,15mph,lr,opposite,4,1625003879.624009000,ns1,/media/batool/MULTIMODAL_DATA/Multimodal_Data/Cat3/static_in_front/bag_files/Cat3_15mph_lr_opposite_4/lidar_pcd/ns1/velodyne_points/1625003879.624009000.pcd
Cat3,15mph,lr,opposite,4,1625003879.825711000,ns1,/media/batool/MULTIMODAL_DATA/Multimodal_Data/Cat3/static_in_front/bag_files/Cat3_15mph_lr_opposite_4/lidar_pcd/ns1/velodyne_points/1625003879.825711000.pcd
Cat3,15mph,lr,opposite,4,1625003879.926525000,ns1,/media/batool/MULTIMODAL_DATA/Multimodal_Data/Cat3/static_in_front/bag_files/Cat3_15mph_lr_opposite_4/lidar_pcd/ns1/velodyne_points/1625003879.926525000.pcd
Cat3,15mph,lr,opposite,4,1625003880.027446000,ns1,/media/batool/MULTIMODAL_DATA/Multimodal_Data/Cat3/static_in_front/bag_files/Cat3_15mph_lr_opposite_4/lidar_pcd/ns1/velodyne_points/1625003880.027446000.pcd
Cat3,15mph,lr,opposite,4,1625003880.128278000,ns1,/media/batool/MULTIMODAL_DATA/Multimodal_Data/Cat3/static_in_front/bag_files/Cat3_15mph_lr_opposite_4/lidar_pcd/ns1/velodyne_points/1625003880.128278000.pcd
Cat3,15mph,lr,opposite,4,1625003880.430858000,ns1,/media/batool/MULTIMODAL_DATA/Multimodal_Data/Cat3/static_in_front/bag_files/Cat3_15mph_lr_opposite_4/lidar_pcd/ns1/velodyne_points/1625003880.430858000.pcd
Cat3,15mph,lr,opposite,4,1625003880.531729000,ns1,/media/batool/MULTIMODAL_DATA/Multimodal_Data/Cat3/static_in_front/bag_files/Cat3_15mph_lr_opposite_4/lidar_pcd/ns1/velodyne_points/1625003880.531729000.pcd
Cat3,15mph,lr,opposite,4,1625003880.632564000,ns1,/media/batool/MULTIMODAL_DATA/Multimodal_Data/Cat3/static_in_front/bag_files/Cat3_15mph_lr_opposite_4/lidar_pcd/ns1/velodyne_points/1625003880.632564000.pcd
Cat3,15mph,lr,opposite,4,1625003880.733428000,ns1,/media/batool/MULTIMODAL_DATA/Multimodal_Data/Cat3/static_in_front/bag_files/Cat3_15mph_lr_opposite_4/lidar_pcd/ns1/velodyne_points/1625003880.733428000.pcd
Cat3,15mph,lr,opposite,4,1625003880.834313000,ns1,/media/batool/MULTIMODAL_DATA/Multimodal_Data/Cat3/static_in_front/bag_files/Cat3_15mph_lr_opposite_4/lidar_pcd/ns1/velodyne_points/1625003880.834313000.pcd
Cat3,15mph,lr,opposite,4,1625003880.935134000,ns1,/media/batool/MULTIMODAL_DATA/Multimodal_Data/Cat3/static_in_front/bag_files/Cat3_15mph_lr_opposite_4/lidar_pcd/ns1/velodyne_points/1625003880.935134000.pcd
Cat3,15mph,lr,opposite,4,1625003881.036013000,ns1,/media/batool/MULTIMODAL_DATA/Multimodal_Data/Cat3/static_in_front/bag_files/Cat3_15mph_lr_opposite_4/lidar_pcd/ns1/velodyne_points/1625003881.036013000.pcd
Cat3,15mph,lr,opposite,4,1625003881.136858000,ns1,/media/batool/MULTIMODAL_DATA/Multimodal_Data/Cat3/static_in_front/bag_files/Cat3_15mph_lr_opposite_4/lidar_pcd/ns1/velodyne_points/1625003881.136858000.pcd
Cat3,15mph,lr,opposite,4,1625003881.237734000,ns1,/media/batool/MULTIMODAL_DATA/Multimodal_Data/Cat3/static_in_front/bag_files/Cat3_15mph_lr_opposite_4/lidar_pcd/ns1/velodyne_points/1625003881.237734000.pcd
Cat3,15mph,lr,opposite,4,1625003881.338569000,ns1,/media/batool/MULTIMODAL_DATA/Multimodal_Data/Cat3/static_in_front/bag_files/Cat3_15mph_lr_opposite_4/lidar_pcd/ns1/velodyne_points/1625003881.338569000.pcd
Cat3,15mph,lr,opposite,4,1625003881.540303000,ns1,/media/batool/MULTIMODAL_DATA/Multimodal_Data/Cat3/static_in_front/bag_files/Cat3_15mph_lr_opposite_4/lidar_pcd/ns1/velodyne_points/1625003881.540303000.pcd
Cat3,15mph,lr,opposite,4,1625003881.641157000,ns1,/media/batool/MULTIMODAL_DATA/Multimodal_Data/Cat3/static_in_front/bag_files/Cat3_15mph_lr_opposite_4/lidar_pcd/ns1/velodyne_points/1625003881.641157000.pcd
Cat3,15mph,lr,opposite,4,1625003881.742000000,ns1,/media/batool/MULTIMODAL_DATA/Multimodal_Data/Cat3/static_in_front/bag_files/Cat3_15mph_lr_opposite_4/lidar_pcd/ns1/velodyne_points/1625003881.742000000.pcd
Cat3,15mph,lr,opposite,4,1625003881.842875000,ns1,/media/batool/MULTIMODAL_DATA/Multimodal_Data/Cat3/static_in_front/bag_files/Cat3_15mph_lr_opposite_4/lidar_pcd/ns1/velodyne_points/1625003881.842875000.pcd
Cat3,15mph,lr,opposite,4,1625003881.943710000,ns1,/media/batool/MULTIMODAL_DATA/Multimodal_Data/Cat3/static_in_front/bag_files/Cat3_15mph_lr_opposite_4/lidar_pcd/ns1/velodyne_points/1625003881.943710000.pcd
Cat3,15mph,lr,opposite,4,1625003882.044551000,ns1,/media/batool/MULTIMODAL_DATA/Multimodal_Data/Cat3/static_in_front/bag_files/Cat3_15mph_lr_opposite_4/lidar_pcd/ns1/velodyne_points/1625003882.044551000.pcd
Cat3,15mph,lr,opposite,4,1625003882.145426000,ns1,/media/batool/MULTIMODAL_DATA/Multimodal_Data/Cat3/static_in_front/bag_files/Cat3_15mph_lr_opposite_4/lidar_pcd/ns1/velodyne_points/1625003882.145426000.pcd
Cat3,15mph,lr,opposite,4,1625003882.246288000,ns1,/media/batool/MULTIMODAL_DATA/Multimodal_Data/Cat3/static_in_front/bag_files/Cat3_15mph_lr_opposite_4/lidar_pcd/ns1/velodyne_points/1625003882.246288000.pcd
Cat3,15mph,lr,opposite,4,1625003882.347157000,ns1,/media/batool/MULTIMODAL_DATA/Multimodal_Data/Cat3/static_in_front/bag_files/Cat3_15mph_lr_opposite_4/lidar_pcd/ns1/velodyne_points/1625003882.347157000.pcd
Cat3,15mph,lr,opposite,4,1625003882.447990000,ns1,/media/batool/MULTIMODAL_DATA/Multimodal_Data/Cat3/static_in_front/bag_files/Cat3_15mph_lr_opposite_4/lidar_pcd/ns1/velodyne_points/1625003882.447990000.pcd
Cat3,15mph,lr,opposite,4,1625003882.548867000,ns1,/media/batool/MULTIMODAL_DATA/Multimodal_Data/Cat3/static_in_front/bag_files/Cat3_15mph_lr_opposite_4/lidar_pcd/ns1/velodyne_points/1625003882.548867000.pcd
Cat3,15mph,lr,opposite,4,1625003882.649696000,ns1,/media/batool/MULTIMODAL_DATA/Multimodal_Data/Cat3/static_in_front/bag_files/Cat3_15mph_lr_opposite_4/lidar_pcd/ns1/velodyne_points/1625003882.649696000.pcd
Cat3,15mph,lr,opposite,4,1625003882.750566000,ns1,/media/batool/MULTIMODAL_DATA/Multimodal_Data/Cat3/static_in_front/bag_files/Cat3_15mph_lr_opposite_4/lidar_pcd/ns1/velodyne_points/1625003882.750566000.pcd
Cat3,15mph,lr,opposite,4,1625003882.851392000,ns1,/media/batool/MULTIMODAL_DATA/Multimodal_Data/Cat3/static_in_front/bag_files/Cat3_15mph_lr_opposite_4/lidar_pcd/ns1/velodyne_points/1625003882.851392000.pcd
Cat3,15mph,lr,opposite,4,1625003883.053135000,ns1,/media/batool/MULTIMODAL_DATA/Multimodal_Data/Cat3/static_in_front/bag_files/Cat3_15mph_lr_opposite_4/lidar_pcd/ns1/velodyne_points/1625003883.053135000.pcd
Cat3,15mph,lr,opposite,4,1625003883.154021000,ns1,/media/batool/MULTIMODAL_DATA/Multimodal_Data/Cat3/static_in_front/bag_files/Cat3_15mph_lr_opposite_4/lidar_pcd/ns1/velodyne_points/1625003883.154021000.pcd
Cat3,15mph,lr,opposite,4,1625003883.254856000,ns1,/media/batool/MULTIMODAL_DATA/Multimodal_Data/Cat3/static_in_front/bag_files/Cat3_15mph_lr_opposite_4/lidar_pcd/ns1/velodyne_points/1625003883.254856000.pcd
Cat3,15mph,lr,opposite,4,1625003883.355666000,ns1,/media/batool/MULTIMODAL_DATA/Multimodal_Data/Cat3/static_in_front/bag_files/Cat3_15mph_lr_opposite_4/lidar_pcd/ns1/velodyne_points/1625003883.355666000.pcd
Cat3,15mph,lr,opposite,4,1625003883.456571000,ns1,/media/batool/MULTIMODAL_DATA/Multimodal_Data/Cat3/static_in_front/bag_files/Cat3_15mph_lr_opposite_4/lidar_pcd/ns1/velodyne_points/1625003883.456571000.pcd
Cat3,15mph,lr,opposite,4,1625003883.557413000,ns1,/media/batool/MULTIMODAL_DATA/Multimodal_Data/Cat3/static_in_front/bag_files/Cat3_15mph_lr_opposite_4/lidar_pcd/ns1/velodyne_points/1625003883.557413000.pcd
Cat3,15mph,lr,opposite,4,1625003883.658304000,ns1,/media/batool/MULTIMODAL_DATA/Multimodal_Data/Cat3/static_in_front/bag_files/Cat3_15mph_lr_opposite_4/lidar_pcd/ns1/velodyne_points/1625003883.658304000.pcd
Cat3,15mph,lr,opposite,4,1625003883.759118000,ns1,/media/batool/MULTIMODAL_DATA/Multimodal_Data/Cat3/static_in_front/bag_files/Cat3_15mph_lr_opposite_4/lidar_pcd/ns1/velodyne_points/1625003883.759118000.pcd
Cat3,15mph,lr,opposite,4,1625003883.859963000,ns1,/media/batool/MULTIMODAL_DATA/Multimodal_Data/Cat3/static_in_front/bag_files/Cat3_15mph_lr_opposite_4/lidar_pcd/ns1/velodyne_points/1625003883.859963000.pcd
Cat3,15mph,lr,opposite,4,1625003883.960856000,ns1,/media/batool/MULTIMODAL_DATA/Multimodal_Data/Cat3/static_in_front/bag_files/Cat3_15mph_lr_opposite_4/lidar_pcd/ns1/velodyne_points/1625003883.960856000.pcd
Cat3,15mph,lr,opposite,4,1625003884.061712000,ns1,/media/batool/MULTIMODAL_DATA/Multimodal_Data/Cat3/static_in_front/bag_files/Cat3_15mph_lr_opposite_4/lidar_pcd/ns1/velodyne_points/1625003884.061712000.pcd
Cat3,15mph,lr,opposite,4,1625003884.162544000,ns1,/media/batool/MULTIMODAL_DATA/Multimodal_Data/Cat3/static_in_front/bag_files/Cat3_15mph_lr_opposite_4/lidar_pcd/ns1/velodyne_points/1625003884.162544000.pcd
Cat3,15mph,lr,opposite,4,1625003884.263409000,ns1,/media/batool/MULTIMODAL_DATA/Multimodal_Data/Cat3/static_in_front/bag_files/Cat3_15mph_lr_opposite_4/lidar_pcd/ns1/velodyne_points/1625003884.263409000.pcd
Cat3,15mph,lr,opposite,4,1625003884.364276000,ns1,/media/batool/MULTIMODAL_DATA/Multimodal_Data/Cat3/static_in_front/bag_files/Cat3_15mph_lr_opposite_4/lidar_pcd/ns1/velodyne_points/1625003884.364276000.pcd
Cat3,15mph,lr,opposite,4,1625003884.566005000,ns1,/media/batool/MULTIMODAL_DATA/Multimodal_Data/Cat3/static_in_front/bag_files/Cat3_15mph_lr_opposite_4/lidar_pcd/ns1/velodyne_points/1625003884.566005000.pcd
Cat3,15mph,lr,opposite,4,1625003884.666825000,ns1,/media/batool/MULTIMODAL_DATA/Multimodal_Data/Cat3/static_in_front/bag_files/Cat3_15mph_lr_opposite_4/lidar_pcd/ns1/velodyne_points/1625003884.666825000.pcd
Cat3,15mph,lr,opposite,4,1625003884.767698000,ns1,/media/batool/MULTIMODAL_DATA/Multimodal_Data/Cat3/static_in_front/bag_files/Cat3_15mph_lr_opposite_4/lidar_pcd/ns1/velodyne_points/1625003884.767698000.pcd
Cat3,15mph,lr,opposite,4,1625003884.868549000,ns1,/media/batool/MULTIMODAL_DATA/Multimodal_Data/Cat3/static_in_front/bag_files/Cat3_15mph_lr_opposite_4/lidar_pcd/ns1/velodyne_points/1625003884.868549000.pcd
Cat3,15mph,lr,opposite,4,1625003884.969429000,ns1,/media/batool/MULTIMODAL_DATA/Multimodal_Data/Cat3/static_in_front/bag_files/Cat3_15mph_lr_opposite_4/lidar_pcd/ns1/velodyne_points/1625003884.969429000.pcd
Cat3,15mph,lr,opposite,4,1625003885.070297000,ns1,/media/batool/MULTIMODAL_DATA/Multimodal_Data/Cat3/static_in_front/bag_files/Cat3_15mph_lr_opposite_4/lidar_pcd/ns1/velodyne_points/1625003885.070297000.pcd
Cat3,15mph,lr,opposite,4,1625003885.171144000,ns1,/media/batool/MULTIMODAL_DATA/Multimodal_Data/Cat3/static_in_front/bag_files/Cat3_15mph_lr_opposite_4/lidar_pcd/ns1/velodyne_points/1625003885.171144000.pcd
Cat3,15mph,lr,opposite,4,1625003885.271972000,ns1,/media/batool/MULTIMODAL_DATA/Multimodal_Data/Cat3/static_in_front/bag_files/Cat3_15mph_lr_opposite_4/lidar_pcd/ns1/velodyne_points/1625003885.271972000.pcd
Cat3,15mph,lr,opposite,4,1625003885.372806000,ns1,/media/batool/MULTIMODAL_DATA/Multimodal_Data/Cat3/static_in_front/bag_files/Cat3_15mph_lr_opposite_4/lidar_pcd/ns1/velodyne_points/1625003885.372806000.pcd
Cat3,15mph,lr,opposite,4,1625003885.473663000,ns1,/media/batool/MULTIMODAL_DATA/Multimodal_Data/Cat3/static_in_front/bag_files/Cat3_15mph_lr_opposite_4/lidar_pcd/ns1/velodyne_points/1625003885.473663000.pcd
Cat3,15mph,lr,opposite,4,1625003885.574520000,ns1,/media/batool/MULTIMODAL_DATA/Multimodal_Data/Cat3/static_in_front/bag_files/Cat3_15mph_lr_opposite_4/lidar_pcd/ns1/velodyne_points/1625003885.574520000.pcd
Cat3,15mph,lr,opposite,4,1625003885.675379000,ns1,/media/batool/MULTIMODAL_DATA/Multimodal_Data/Cat3/static_in_front/bag_files/Cat3_15mph_lr_opposite_4/lidar_pcd/ns1/velodyne_points/1625003885.675379000.pcd
Cat3,15mph,lr,opposite,4,1625003885.776270000,ns1,/media/batool/MULTIMODAL_DATA/Multimodal_Data/Cat3/static_in_front/bag_files/Cat3_15mph_lr_opposite_4/lidar_pcd/ns1/velodyne_points/1625003885.776270000.pcd
Cat3,15mph,lr,opposite,4,1625003885.877113000,ns1,/media/batool/MULTIMODAL_DATA/Multimodal_Data/Cat3/static_in_front/bag_files/Cat3_15mph_lr_opposite_4/lidar_pcd/ns1/velodyne_points/1625003885.877113000.pcd
Cat3,15mph,lr,opposite,4,1625003886.078833000,ns1,/media/batool/MULTIMODAL_DATA/Multimodal_Data/Cat3/static_in_front/bag_files/Cat3_15mph_lr_opposite_4/lidar_pcd/ns1/velodyne_points/1625003886.078833000.pcd
Cat3,15mph,lr,opposite,4,1625003886.179683000,ns1,/media/batool/MULTIMODAL_DATA/Multimodal_Data/Cat3/static_in_front/bag_files/Cat3_15mph_lr_opposite_4/lidar_pcd/ns1/velodyne_points/1625003886.179683000.pcd
Cat3,15mph,lr,opposite,4,1625003886.280537000,ns1,/media/batool/MULTIMODAL_DATA/Multimodal_Data/Cat3/static_in_front/bag_files/Cat3_15mph_lr_opposite_4/lidar_pcd/ns1/velodyne_points/1625003886.280537000.pcd
Cat3,15mph,lr,opposite,4,1625003886.381422000,ns1,/media/batool/MULTIMODAL_DATA/Multimodal_Data/Cat3/static_in_front/bag_files/Cat3_15mph_lr_opposite_4/lidar_pcd/ns1/velodyne_points/1625003886.381422000.pcd
Cat3,15mph,lr,opposite,4,1625003886.482286000,ns1,/media/batool/MULTIMODAL_DATA/Multimodal_Data/Cat3/static_in_front/bag_files/Cat3_15mph_lr_opposite_4/lidar_pcd/ns1/velodyne_points/1625003886.482286000.pcd
Cat3,15mph,lr,opposite,4,1625003886.583132000,ns1,/media/batool/MULTIMODAL_DATA/Multimodal_Data/Cat3/static_in_front/bag_files/Cat3_15mph_lr_opposite_4/lidar_pcd/ns1/velodyne_points/1625003886.583132000.pcd
Cat3,15mph,lr,opposite,4,1625003886.683998000,ns1,/media/batool/MULTIMODAL_DATA/Multimodal_Data/Cat3/static_in_front/bag_files/Cat3_15mph_lr_opposite_4/lidar_pcd/ns1/velodyne_points/1625003886.683998000.pcd
Cat3,15mph,lr,opposite,4,1625003886.784829000,ns1,/media/batool/MULTIMODAL_DATA/Multimodal_Data/Cat3/static_in_front/bag_files/Cat3_15mph_lr_opposite_4/lidar_pcd/ns1/velodyne_points/1625003886.784829000.pcd
Cat3,15mph,lr,opposite,4,1625003886.885667000,ns1,/media/batool/MULTIMODAL_DATA/Multimodal_Data/Cat3/static_in_front/bag_files/Cat3_15mph_lr_opposite_4/lidar_pcd/ns1/velodyne_points/1625003886.885667000.pcd
Cat3,15mph,lr,opposite,4,1625003886.986530000,ns1,/media/batool/MULTIMODAL_DATA/Multimodal_Data/Cat3/static_in_front/bag_files/Cat3_15mph_lr_opposite_4/lidar_pcd/ns1/velodyne_points/1625003886.986530000.pcd
Cat3,15mph,lr,opposite,4,1625003887.087381000,ns1,/media/batool/MULTIMODAL_DATA/Multimodal_Data/Cat3/static_in_front/bag_files/Cat3_15mph_lr_opposite_4/lidar_pcd/ns1/velodyne_points/1625003887.087381000.pcd
Cat3,15mph,lr,opposite,4,1625003887.188234000,ns1,/media/batool/MULTIMODAL_DATA/Multimodal_Data/Cat3/static_in_front/bag_files/Cat3_15mph_lr_opposite_4/lidar_pcd/ns1/velodyne_points/1625003887.188234000.pcd
Cat3,15mph,lr,opposite,4,1625003887.289085000,ns1,/media/batool/MULTIMODAL_DATA/Multimodal_Data/Cat3/static_in_front/bag_files/Cat3_15mph_lr_opposite_4/lidar_pcd/ns1/velodyne_points/1625003887.289085000.pcd
Cat3,15mph,lr,opposite,4,1625003887.389950000,ns1,/media/batool/MULTIMODAL_DATA/Multimodal_Data/Cat3/static_in_front/bag_files/Cat3_15mph_lr_opposite_4/lidar_pcd/ns1/velodyne_points/1625003887.389950000.pcd
Cat3,15mph,lr,opposite,4,1625003887.591690000,ns1,/media/batool/MULTIMODAL_DATA/Multimodal_Data/Cat3/static_in_front/bag_files/Cat3_15mph_lr_opposite_4/lidar_pcd/ns1/velodyne_points/1625003887.591690000.pcd
Cat3,15mph,lr,opposite,4,1625003887.692520000,ns1,/media/batool/MULTIMODAL_DATA/Multimodal_Data/Cat3/static_in_front/bag_files/Cat3_15mph_lr_opposite_4/lidar_pcd/ns1/velodyne_points/1625003887.692520000.pcd
Cat3,15mph,lr,opposite,4,1625003887.793373000,ns1,/media/batool/MULTIMODAL_DATA/Multimodal_Data/Cat3/static_in_front/bag_files/Cat3_15mph_lr_opposite_4/lidar_pcd/ns1/velodyne_points/1625003887.793373000.pcd
Cat3,15mph,lr,opposite,4,1625003887.894236000,ns1,/media/batool/MULTIMODAL_DATA/Multimodal_Data/Cat3/static_in_front/bag_files/Cat3_15mph_lr_opposite_4/lidar_pcd/ns1/velodyne_points/1625003887.894236000.pcd
Cat3,15mph,lr,opposite,4,1625003887.995122000,ns1,/media/batool/MULTIMODAL_DATA/Multimodal_Data/Cat3/static_in_front/bag_files/Cat3_15mph_lr_opposite_4/lidar_pcd/ns1/velodyne_points/1625003887.995122000.pcd
Cat3,15mph,lr,opposite,4,1625003888.095987000,ns1,/media/batool/MULTIMODAL_DATA/Multimodal_Data/Cat3/static_in_front/bag_files/Cat3_15mph_lr_opposite_4/lidar_pcd/ns1/velodyne_points/1625003888.095987000.pcd
Cat3,15mph,lr,opposite,4,1625003888.196844000,ns1,/media/batool/MULTIMODAL_DATA/Multimodal_Data/Cat3/static_in_front/bag_files/Cat3_15mph_lr_opposite_4/lidar_pcd/ns1/velodyne_points/1625003888.196844000.pcd
Cat3,15mph,lr,opposite,4,1625003888.297701000,ns1,/media/batool/MULTIMODAL_DATA/Multimodal_Data/Cat3/static_in_front/bag_files/Cat3_15mph_lr_opposite_4/lidar_pcd/ns1/velodyne_points/1625003888.297701000.pcd
Cat3,15mph,lr,opposite,4,1625003888.398535000,ns1,/media/batool/MULTIMODAL_DATA/Multimodal_Data/Cat3/static_in_front/bag_files/Cat3_15mph_lr_opposite_4/lidar_pcd/ns1/velodyne_points/1625003888.398535000.pcd
Cat3,15mph,lr,opposite,4,1625003888.499424000,ns1,/media/batool/MULTIMODAL_DATA/Multimodal_Data/Cat3/static_in_front/bag_files/Cat3_15mph_lr_opposite_4/lidar_pcd/ns1/velodyne_points/1625003888.499424000.pcd
Cat3,15mph,lr,opposite,4,1625003888.600245000,ns1,/media/batool/MULTIMODAL_DATA/Multimodal_Data/Cat3/static_in_front/bag_files/Cat3_15mph_lr_opposite_4/lidar_pcd/ns1/velodyne_points/1625003888.600245000.pcd
Cat3,15mph,lr,opposite,4,1625003888.701100000,ns1,/media/batool/MULTIMODAL_DATA/Multimodal_Data/Cat3/static_in_front/bag_files/Cat3_15mph_lr_opposite_4/lidar_pcd/ns1/velodyne_points/1625003888.701100000.pcd
Cat3,15mph,lr,opposite,4,1625003888.801955000,ns1,/media/batool/MULTIMODAL_DATA/Multimodal_Data/Cat3/static_in_front/bag_files/Cat3_15mph_lr_opposite_4/lidar_pcd/ns1/velodyne_points/1625003888.801955000.pcd
Cat3,15mph,lr,opposite,4,1625003888.902831000,ns1,/media/batool/MULTIMODAL_DATA/Multimodal_Data/Cat3/static_in_front/bag_files/Cat3_15mph_lr_opposite_4/lidar_pcd/ns1/velodyne_points/1625003888.902831000.pcd
Cat3,15mph,lr,opposite,4,1625003889.104623000,ns1,/media/batool/MULTIMODAL_DATA/Multimodal_Data/Cat3/static_in_front/bag_files/Cat3_15mph_lr_opposite_4/lidar_pcd/ns1/velodyne_points/1625003889.104623000.pcd
Cat3,15mph,lr,opposite,4,1625003889.205409000,ns1,/media/batool/MULTIMODAL_DATA/Multimodal_Data/Cat3/static_in_front/bag_files/Cat3_15mph_lr_opposite_4/lidar_pcd/ns1/velodyne_points/1625003889.205409000.pcd
Cat3,15mph,lr,opposite,4,1625003889.306267000,ns1,/media/batool/MULTIMODAL_DATA/Multimodal_Data/Cat3/static_in_front/bag_files/Cat3_15mph_lr_opposite_4/lidar_pcd/ns1/velodyne_points/1625003889.306267000.pcd
Cat3,15mph,lr,opposite,4,1625003889.407109000,ns1,/media/batool/MULTIMODAL_DATA/Multimodal_Data/Cat3/static_in_front/bag_files/Cat3_15mph_lr_opposite_4/lidar_pcd/ns1/velodyne_points/1625003889.407109000.pcd
Cat3,15mph,lr,opposite,4,1625003889.507937000,ns1,/media/batool/MULTIMODAL_DATA/Multimodal_Data/Cat3/static_in_front/bag_files/Cat3_15mph_lr_opposite_4/lidar_pcd/ns1/velodyne_points/1625003889.507937000.pcd
Cat3,15mph,lr,opposite,4,1625003889.608827000,ns1,/media/batool/MULTIMODAL_DATA/Multimodal_Data/Cat3/static_in_front/bag_files/Cat3_15mph_lr_opposite_4/lidar_pcd/ns1/velodyne_points/1625003889.608827000.pcd
Cat3,15mph,lr,opposite,4,1625003889.709661000,ns1,/media/batool/MULTIMODAL_DATA/Multimodal_Data/Cat3/static_in_front/bag_files/Cat3_15mph_lr_opposite_4/lidar_pcd/ns1/velodyne_points/1625003889.709661000.pcd
Cat3,15mph,lr,opposite,4,1625003889.810535000,ns1,/media/batool/MULTIMODAL_DATA/Multimodal_Data/Cat3/static_in_front/bag_files/Cat3_15mph_lr_opposite_4/lidar_pcd/ns1/velodyne_points/1625003889.810535000.pcd
Cat3,15mph,lr,opposite,4,1625003889.911393000,ns1,/media/batool/MULTIMODAL_DATA/Multimodal_Data/Cat3/static_in_front/bag_files/Cat3_15mph_lr_opposite_4/lidar_pcd/ns1/velodyne_points/1625003889.911393000.pcd
Cat3,15mph,lr,opposite,4,1625003890.012229000,ns1,/media/batool/MULTIMODAL_DATA/Multimodal_Data/Cat3/static_in_front/bag_files/Cat3_15mph_lr_opposite_4/lidar_pcd/ns1/velodyne_points/1625003890.012229000.pcd
Cat3,15mph,lr,opposite,4,1625003890.113092000,ns1,/media/batool/MULTIMODAL_DATA/Multimodal_Data/Cat3/static_in_front/bag_files/Cat3_15mph_lr_opposite_4/lidar_pcd/ns1/velodyne_points/1625003890.113092000.pcd
Cat3,15mph,lr,opposite,4,1625003890.213950000,ns1,/media/batool/MULTIMODAL_DATA/Multimodal_Data/Cat3/static_in_front/bag_files/Cat3_15mph_lr_opposite_4/lidar_pcd/ns1/velodyne_points/1625003890.213950000.pcd
Cat3,15mph,lr,opposite,4,1625003890.314834000,ns1,/media/batool/MULTIMODAL_DATA/Multimodal_Data/Cat3/static_in_front/bag_files/Cat3_15mph_lr_opposite_4/lidar_pcd/ns1/velodyne_points/1625003890.314834000.pcd
Cat3,15mph,lr,opposite,4,1625003890.415695000,ns1,/media/batool/MULTIMODAL_DATA/Multimodal_Data/Cat3/static_in_front/bag_files/Cat3_15mph_lr_opposite_4/lidar_pcd/ns1/velodyne_points/1625003890.415695000.pcd
Cat3,15mph,lr,opposite,4,1625003890.617413000,ns1,/media/batool/MULTIMODAL_DATA/Multimodal_Data/Cat3/static_in_front/bag_files/Cat3_15mph_lr_opposite_4/lidar_pcd/ns1/velodyne_points/1625003890.617413000.pcd
Cat3,15mph,lr,opposite,4,1625003890.718246000,ns1,/media/batool/MULTIMODAL_DATA/Multimodal_Data/Cat3/static_in_front/bag_files/Cat3_15mph_lr_opposite_4/lidar_pcd/ns1/velodyne_points/1625003890.718246000.pcd
Cat3,15mph,lr,opposite,4,1625003890.819106000,ns1,/media/batool/MULTIMODAL_DATA/Multimodal_Data/Cat3/static_in_front/bag_files/Cat3_15mph_lr_opposite_4/lidar_pcd/ns1/velodyne_points/1625003890.819106000.pcd
Cat3,15mph,lr,opposite,4,1625003890.919980000,ns1,/media/batool/MULTIMODAL_DATA/Multimodal_Data/Cat3/static_in_front/bag_files/Cat3_15mph_lr_opposite_4/lidar_pcd/ns1/velodyne_points/1625003890.919980000.pcd
Cat3,15mph,lr,opposite,4,1625003891.020822000,ns1,/media/batool/MULTIMODAL_DATA/Multimodal_Data/Cat3/static_in_front/bag_files/Cat3_15mph_lr_opposite_4/lidar_pcd/ns1/velodyne_points/1625003891.020822000.pcd
Cat3,15mph,lr,opposite,4,1625003891.121692000,ns1,/media/batool/MULTIMODAL_DATA/Multimodal_Data/Cat3/static_in_front/bag_files/Cat3_15mph_lr_opposite_4/lidar_pcd/ns1/velodyne_points/1625003891.121692000.pcd
Cat3,15mph,lr,opposite,4,1625003891.222524000,ns1,/media/batool/MULTIMODAL_DATA/Multimodal_Data/Cat3/static_in_front/bag_files/Cat3_15mph_lr_opposite_4/lidar_pcd/ns1/velodyne_points/1625003891.222524000.pcd
Cat3,15mph,lr,opposite,4,1625003891.323414000,ns1,/media/batool/MULTIMODAL_DATA/Multimodal_Data/Cat3/static_in_front/bag_files/Cat3_15mph_lr_opposite_4/lidar_pcd/ns1/velodyne_points/1625003891.323414000.pcd
Cat3,15mph,lr,opposite,4,1625003891.424229000,ns1,/media/batool/MULTIMODAL_DATA/Multimodal_Data/Cat3/static_in_front/bag_files/Cat3_15mph_lr_opposite_4/lidar_pcd/ns1/velodyne_points/1625003891.424229000.pcd
Cat3,15mph,lr,opposite,4,1625003891.525086000,ns1,/media/batool/MULTIMODAL_DATA/Multimodal_Data/Cat3/static_in_front/bag_files/Cat3_15mph_lr_opposite_4/lidar_pcd/ns1/velodyne_points/1625003891.525086000.pcd
Cat3,15mph,lr,opposite,4,1625003891.625961000,ns1,/media/batool/MULTIMODAL_DATA/Multimodal_Data/Cat3/static_in_front/bag_files/Cat3_15mph_lr_opposite_4/lidar_pcd/ns1/velodyne_points/1625003891.625961000.pcd
Cat3,15mph,lr,opposite,4,1625003891.726819000,ns1,/media/batool/MULTIMODAL_DATA/Multimodal_Data/Cat3/static_in_front/bag_files/Cat3_15mph_lr_opposite_4/lidar_pcd/ns1/velodyne_points/1625003891.726819000.pcd
Cat3,15mph,lr,opposite,4,1625003891.827657000,ns1,/media/batool/MULTIMODAL_DATA/Multimodal_Data/Cat3/static_in_front/bag_files/Cat3_15mph_lr_opposite_4/lidar_pcd/ns1/velodyne_points/1625003891.827657000.pcd
Cat3,15mph,lr,opposite,4,1625003891.928538000,ns1,/media/batool/MULTIMODAL_DATA/Multimodal_Data/Cat3/static_in_front/bag_files/Cat3_15mph_lr_opposite_4/lidar_pcd/ns1/velodyne_points/1625003891.928538000.pcd
Cat3,15mph,lr,opposite,4,1625003892.029377000,ns1,/media/batool/MULTIMODAL_DATA/Multimodal_Data/Cat3/static_in_front/bag_files/Cat3_15mph_lr_opposite_4/lidar_pcd/ns1/velodyne_points/1625003892.029377000.pcd
Cat3,15mph,lr,opposite,4,1625003892.130213000,ns1,/media/batool/MULTIMODAL_DATA/Multimodal_Data/Cat3/static_in_front/bag_files/Cat3_15mph_lr_opposite_4/lidar_pcd/ns1/velodyne_points/1625003892.130213000.pcd
Cat3,15mph,lr,opposite,4,1625003892.231074000,ns1,/media/batool/MULTIMODAL_DATA/Multimodal_Data/Cat3/static_in_front/bag_files/Cat3_15mph_lr_opposite_4/lidar_pcd/ns1/velodyne_points/1625003892.231074000.pcd
Cat3,15mph,lr,opposite,4,1625003892.331961000,ns1,/media/batool/MULTIMODAL_DATA/Multimodal_Data/Cat3/static_in_front/bag_files/Cat3_15mph_lr_opposite_4/lidar_pcd/ns1/velodyne_points/1625003892.331961000.pcd
