Category,speed,direction,lane,episode,Time header,Image_path
Cat1,20mph,lr,opposite,9,1624830056.6072779,/media/batool/MULTIMODAL_DATA/Multimodal_Data/Cat1/opposite/bag_files/Cat1_20mph_lr_opposite_9/camera_images/1624830056.6072779.jpg
Cat1,20mph,lr,opposite,9,1624830056.6406112,/media/batool/MULTIMODAL_DATA/Multimodal_Data/Cat1/opposite/bag_files/Cat1_20mph_lr_opposite_9/camera_images/1624830056.6406112.jpg
Cat1,20mph,lr,opposite,9,1624830056.6739445,/media/batool/MULTIMODAL_DATA/Multimodal_Data/Cat1/opposite/bag_files/Cat1_20mph_lr_opposite_9/camera_images/1624830056.6739445.jpg
Cat1,20mph,lr,opposite,9,1624830056.7072778,/media/batool/MULTIMODAL_DATA/Multimodal_Data/Cat1/opposite/bag_files/Cat1_20mph_lr_opposite_9/camera_images/1624830056.7072778.jpg
Cat1,20mph,lr,opposite,9,1624830056.740611,/media/batool/MULTIMODAL_DATA/Multimodal_Data/Cat1/opposite/bag_files/Cat1_20mph_lr_opposite_9/camera_images/1624830056.740611.jpg
Cat1,20mph,lr,opposite,9,1624830056.7739444,/media/batool/MULTIMODAL_DATA/Multimodal_Data/Cat1/opposite/bag_files/Cat1_20mph_lr_opposite_9/camera_images/1624830056.7739444.jpg
Cat1,20mph,lr,opposite,9,1624830056.8072777,/media/batool/MULTIMODAL_DATA/Multimodal_Data/Cat1/opposite/bag_files/Cat1_20mph_lr_opposite_9/camera_images/1624830056.8072777.jpg
Cat1,20mph,lr,opposite,9,1624830056.840611,/media/batool/MULTIMODAL_DATA/Multimodal_Data/Cat1/opposite/bag_files/Cat1_20mph_lr_opposite_9/camera_images/1624830056.840611.jpg
Cat1,20mph,lr,opposite,9,1624830056.8739443,/media/batool/MULTIMODAL_DATA/Multimodal_Data/Cat1/opposite/bag_files/Cat1_20mph_lr_opposite_9/camera_images/1624830056.8739443.jpg
Cat1,20mph,lr,opposite,9,1624830056.9072776,/media/batool/MULTIMODAL_DATA/Multimodal_Data/Cat1/opposite/bag_files/Cat1_20mph_lr_opposite_9/camera_images/1624830056.9072776.jpg
Cat1,20mph,lr,opposite,9,1624830056.940611,/media/batool/MULTIMODAL_DATA/Multimodal_Data/Cat1/opposite/bag_files/Cat1_20mph_lr_opposite_9/camera_images/1624830056.940611.jpg
Cat1,20mph,lr,opposite,9,1624830056.9739442,/media/batool/MULTIMODAL_DATA/Multimodal_Data/Cat1/opposite/bag_files/Cat1_20mph_lr_opposite_9/camera_images/1624830056.9739442.jpg
Cat1,20mph,lr,opposite,9,1624830057.0072775,/media/batool/MULTIMODAL_DATA/Multimodal_Data/Cat1/opposite/bag_files/Cat1_20mph_lr_opposite_9/camera_images/1624830057.0072775.jpg
Cat1,20mph,lr,opposite,9,1624830057.0406108,/media/batool/MULTIMODAL_DATA/Multimodal_Data/Cat1/opposite/bag_files/Cat1_20mph_lr_opposite_9/camera_images/1624830057.0406108.jpg
Cat1,20mph,lr,opposite,9,1624830057.073944,/media/batool/MULTIMODAL_DATA/Multimodal_Data/Cat1/opposite/bag_files/Cat1_20mph_lr_opposite_9/camera_images/1624830057.073944.jpg
Cat1,20mph,lr,opposite,9,1624830057.1406107,/media/batool/MULTIMODAL_DATA/Multimodal_Data/Cat1/opposite/bag_files/Cat1_20mph_lr_opposite_9/camera_images/1624830057.1406107.jpg
Cat1,20mph,lr,opposite,9,1624830057.173944,/media/batool/MULTIMODAL_DATA/Multimodal_Data/Cat1/opposite/bag_files/Cat1_20mph_lr_opposite_9/camera_images/1624830057.173944.jpg
Cat1,20mph,lr,opposite,9,1624830057.2072773,/media/batool/MULTIMODAL_DATA/Multimodal_Data/Cat1/opposite/bag_files/Cat1_20mph_lr_opposite_9/camera_images/1624830057.2072773.jpg
Cat1,20mph,lr,opposite,9,1624830057.2406106,/media/batool/MULTIMODAL_DATA/Multimodal_Data/Cat1/opposite/bag_files/Cat1_20mph_lr_opposite_9/camera_images/1624830057.2406106.jpg
Cat1,20mph,lr,opposite,9,1624830057.273944,/media/batool/MULTIMODAL_DATA/Multimodal_Data/Cat1/opposite/bag_files/Cat1_20mph_lr_opposite_9/camera_images/1624830057.273944.jpg
Cat1,20mph,lr,opposite,9,1624830057.3072772,/media/batool/MULTIMODAL_DATA/Multimodal_Data/Cat1/opposite/bag_files/Cat1_20mph_lr_opposite_9/camera_images/1624830057.3072772.jpg
Cat1,20mph,lr,opposite,9,1624830057.3406105,/media/batool/MULTIMODAL_DATA/Multimodal_Data/Cat1/opposite/bag_files/Cat1_20mph_lr_opposite_9/camera_images/1624830057.3406105.jpg
Cat1,20mph,lr,opposite,9,1624830057.3739438,/media/batool/MULTIMODAL_DATA/Multimodal_Data/Cat1/opposite/bag_files/Cat1_20mph_lr_opposite_9/camera_images/1624830057.3739438.jpg
Cat1,20mph,lr,opposite,9,1624830057.407277,/media/batool/MULTIMODAL_DATA/Multimodal_Data/Cat1/opposite/bag_files/Cat1_20mph_lr_opposite_9/camera_images/1624830057.407277.jpg
Cat1,20mph,lr,opposite,9,1624830057.4406104,/media/batool/MULTIMODAL_DATA/Multimodal_Data/Cat1/opposite/bag_files/Cat1_20mph_lr_opposite_9/camera_images/1624830057.4406104.jpg
Cat1,20mph,lr,opposite,9,1624830057.4739437,/media/batool/MULTIMODAL_DATA/Multimodal_Data/Cat1/opposite/bag_files/Cat1_20mph_lr_opposite_9/camera_images/1624830057.4739437.jpg
Cat1,20mph,lr,opposite,9,1624830057.507277,/media/batool/MULTIMODAL_DATA/Multimodal_Data/Cat1/opposite/bag_files/Cat1_20mph_lr_opposite_9/camera_images/1624830057.507277.jpg
Cat1,20mph,lr,opposite,9,1624830057.5406103,/media/batool/MULTIMODAL_DATA/Multimodal_Data/Cat1/opposite/bag_files/Cat1_20mph_lr_opposite_9/camera_images/1624830057.5406103.jpg
Cat1,20mph,lr,opposite,9,1624830057.5739436,/media/batool/MULTIMODAL_DATA/Multimodal_Data/Cat1/opposite/bag_files/Cat1_20mph_lr_opposite_9/camera_images/1624830057.5739436.jpg
Cat1,20mph,lr,opposite,9,1624830057.607277,/media/batool/MULTIMODAL_DATA/Multimodal_Data/Cat1/opposite/bag_files/Cat1_20mph_lr_opposite_9/camera_images/1624830057.607277.jpg
Cat1,20mph,lr,opposite,9,1624830057.6739435,/media/batool/MULTIMODAL_DATA/Multimodal_Data/Cat1/opposite/bag_files/Cat1_20mph_lr_opposite_9/camera_images/1624830057.6739435.jpg
Cat1,20mph,lr,opposite,9,1624830057.7072768,/media/batool/MULTIMODAL_DATA/Multimodal_Data/Cat1/opposite/bag_files/Cat1_20mph_lr_opposite_9/camera_images/1624830057.7072768.jpg
Cat1,20mph,lr,opposite,9,1624830057.7406101,/media/batool/MULTIMODAL_DATA/Multimodal_Data/Cat1/opposite/bag_files/Cat1_20mph_lr_opposite_9/camera_images/1624830057.7406101.jpg
Cat1,20mph,lr,opposite,9,1624830057.7739434,/media/batool/MULTIMODAL_DATA/Multimodal_Data/Cat1/opposite/bag_files/Cat1_20mph_lr_opposite_9/camera_images/1624830057.7739434.jpg
Cat1,20mph,lr,opposite,9,1624830057.8072767,/media/batool/MULTIMODAL_DATA/Multimodal_Data/Cat1/opposite/bag_files/Cat1_20mph_lr_opposite_9/camera_images/1624830057.8072767.jpg
Cat1,20mph,lr,opposite,9,1624830057.84061,/media/batool/MULTIMODAL_DATA/Multimodal_Data/Cat1/opposite/bag_files/Cat1_20mph_lr_opposite_9/camera_images/1624830057.84061.jpg
Cat1,20mph,lr,opposite,9,1624830057.8739433,/media/batool/MULTIMODAL_DATA/Multimodal_Data/Cat1/opposite/bag_files/Cat1_20mph_lr_opposite_9/camera_images/1624830057.8739433.jpg
Cat1,20mph,lr,opposite,9,1624830057.9072766,/media/batool/MULTIMODAL_DATA/Multimodal_Data/Cat1/opposite/bag_files/Cat1_20mph_lr_opposite_9/camera_images/1624830057.9072766.jpg
Cat1,20mph,lr,opposite,9,1624830057.94061,/media/batool/MULTIMODAL_DATA/Multimodal_Data/Cat1/opposite/bag_files/Cat1_20mph_lr_opposite_9/camera_images/1624830057.94061.jpg
Cat1,20mph,lr,opposite,9,1624830057.9739432,/media/batool/MULTIMODAL_DATA/Multimodal_Data/Cat1/opposite/bag_files/Cat1_20mph_lr_opposite_9/camera_images/1624830057.9739432.jpg
Cat1,20mph,lr,opposite,9,1624830058.0072765,/media/batool/MULTIMODAL_DATA/Multimodal_Data/Cat1/opposite/bag_files/Cat1_20mph_lr_opposite_9/camera_images/1624830058.0072765.jpg
Cat1,20mph,lr,opposite,9,1624830058.0406098,/media/batool/MULTIMODAL_DATA/Multimodal_Data/Cat1/opposite/bag_files/Cat1_20mph_lr_opposite_9/camera_images/1624830058.0406098.jpg
Cat1,20mph,lr,opposite,9,1624830058.0739431,/media/batool/MULTIMODAL_DATA/Multimodal_Data/Cat1/opposite/bag_files/Cat1_20mph_lr_opposite_9/camera_images/1624830058.0739431.jpg
Cat1,20mph,lr,opposite,9,1624830058.1072764,/media/batool/MULTIMODAL_DATA/Multimodal_Data/Cat1/opposite/bag_files/Cat1_20mph_lr_opposite_9/camera_images/1624830058.1072764.jpg
Cat1,20mph,lr,opposite,9,1624830058.1406097,/media/batool/MULTIMODAL_DATA/Multimodal_Data/Cat1/opposite/bag_files/Cat1_20mph_lr_opposite_9/camera_images/1624830058.1406097.jpg
Cat1,20mph,lr,opposite,9,1624830058.2072763,/media/batool/MULTIMODAL_DATA/Multimodal_Data/Cat1/opposite/bag_files/Cat1_20mph_lr_opposite_9/camera_images/1624830058.2072763.jpg
Cat1,20mph,lr,opposite,9,1624830058.2406096,/media/batool/MULTIMODAL_DATA/Multimodal_Data/Cat1/opposite/bag_files/Cat1_20mph_lr_opposite_9/camera_images/1624830058.2406096.jpg
Cat1,20mph,lr,opposite,9,1624830058.273943,/media/batool/MULTIMODAL_DATA/Multimodal_Data/Cat1/opposite/bag_files/Cat1_20mph_lr_opposite_9/camera_images/1624830058.273943.jpg
Cat1,20mph,lr,opposite,9,1624830058.3072762,/media/batool/MULTIMODAL_DATA/Multimodal_Data/Cat1/opposite/bag_files/Cat1_20mph_lr_opposite_9/camera_images/1624830058.3072762.jpg
Cat1,20mph,lr,opposite,9,1624830058.3406096,/media/batool/MULTIMODAL_DATA/Multimodal_Data/Cat1/opposite/bag_files/Cat1_20mph_lr_opposite_9/camera_images/1624830058.3406096.jpg
Cat1,20mph,lr,opposite,9,1624830058.3739429,/media/batool/MULTIMODAL_DATA/Multimodal_Data/Cat1/opposite/bag_files/Cat1_20mph_lr_opposite_9/camera_images/1624830058.3739429.jpg
Cat1,20mph,lr,opposite,9,1624830058.4072762,/media/batool/MULTIMODAL_DATA/Multimodal_Data/Cat1/opposite/bag_files/Cat1_20mph_lr_opposite_9/camera_images/1624830058.4072762.jpg
Cat1,20mph,lr,opposite,9,1624830058.4406095,/media/batool/MULTIMODAL_DATA/Multimodal_Data/Cat1/opposite/bag_files/Cat1_20mph_lr_opposite_9/camera_images/1624830058.4406095.jpg
Cat1,20mph,lr,opposite,9,1624830058.4739428,/media/batool/MULTIMODAL_DATA/Multimodal_Data/Cat1/opposite/bag_files/Cat1_20mph_lr_opposite_9/camera_images/1624830058.4739428.jpg
Cat1,20mph,lr,opposite,9,1624830058.507276,/media/batool/MULTIMODAL_DATA/Multimodal_Data/Cat1/opposite/bag_files/Cat1_20mph_lr_opposite_9/camera_images/1624830058.507276.jpg
Cat1,20mph,lr,opposite,9,1624830058.5406094,/media/batool/MULTIMODAL_DATA/Multimodal_Data/Cat1/opposite/bag_files/Cat1_20mph_lr_opposite_9/camera_images/1624830058.5406094.jpg
Cat1,20mph,lr,opposite,9,1624830058.5739427,/media/batool/MULTIMODAL_DATA/Multimodal_Data/Cat1/opposite/bag_files/Cat1_20mph_lr_opposite_9/camera_images/1624830058.5739427.jpg
Cat1,20mph,lr,opposite,9,1624830058.607276,/media/batool/MULTIMODAL_DATA/Multimodal_Data/Cat1/opposite/bag_files/Cat1_20mph_lr_opposite_9/camera_images/1624830058.607276.jpg
Cat1,20mph,lr,opposite,9,1624830058.6406093,/media/batool/MULTIMODAL_DATA/Multimodal_Data/Cat1/opposite/bag_files/Cat1_20mph_lr_opposite_9/camera_images/1624830058.6406093.jpg
Cat1,20mph,lr,opposite,9,1624830058.6739426,/media/batool/MULTIMODAL_DATA/Multimodal_Data/Cat1/opposite/bag_files/Cat1_20mph_lr_opposite_9/camera_images/1624830058.6739426.jpg
Cat1,20mph,lr,opposite,9,1624830057.1072774,/media/batool/MULTIMODAL_DATA/Multimodal_Data/Cat1/opposite/bag_files/Cat1_20mph_lr_opposite_9/camera_images/1624830057.1072774.jpg
Cat1,20mph,lr,opposite,9,1624830057.6406102,/media/batool/MULTIMODAL_DATA/Multimodal_Data/Cat1/opposite/bag_files/Cat1_20mph_lr_opposite_9/camera_images/1624830057.6406102.jpg
Cat1,20mph,lr,opposite,9,1624830058.173943,/media/batool/MULTIMODAL_DATA/Multimodal_Data/Cat1/opposite/bag_files/Cat1_20mph_lr_opposite_9/camera_images/1624830058.173943.jpg
Cat1,20mph,lr,opposite,9,1624830058.7072759,/media/batool/MULTIMODAL_DATA/Multimodal_Data/Cat1/opposite/bag_files/Cat1_20mph_lr_opposite_9/camera_images/1624830058.7072759.jpg
Cat1,20mph,lr,opposite,9,1624830059.2406087,/media/batool/MULTIMODAL_DATA/Multimodal_Data/Cat1/opposite/bag_files/Cat1_20mph_lr_opposite_9/camera_images/1624830059.2406087.jpg
Cat1,20mph,lr,opposite,9,1624830059.7739415,/media/batool/MULTIMODAL_DATA/Multimodal_Data/Cat1/opposite/bag_files/Cat1_20mph_lr_opposite_9/camera_images/1624830059.7739415.jpg
Cat1,20mph,lr,opposite,9,1624830060.3072743,/media/batool/MULTIMODAL_DATA/Multimodal_Data/Cat1/opposite/bag_files/Cat1_20mph_lr_opposite_9/camera_images/1624830060.3072743.jpg
Cat1,20mph,lr,opposite,9,1624830060.8406072,/media/batool/MULTIMODAL_DATA/Multimodal_Data/Cat1/opposite/bag_files/Cat1_20mph_lr_opposite_9/camera_images/1624830060.8406072.jpg
Cat1,20mph,lr,opposite,9,1624830061.37394,/media/batool/MULTIMODAL_DATA/Multimodal_Data/Cat1/opposite/bag_files/Cat1_20mph_lr_opposite_9/camera_images/1624830061.37394.jpg
Cat1,20mph,lr,opposite,9,1624830061.9072728,/media/batool/MULTIMODAL_DATA/Multimodal_Data/Cat1/opposite/bag_files/Cat1_20mph_lr_opposite_9/camera_images/1624830061.9072728.jpg
Cat1,20mph,lr,opposite,9,1624830062.4406056,/media/batool/MULTIMODAL_DATA/Multimodal_Data/Cat1/opposite/bag_files/Cat1_20mph_lr_opposite_9/camera_images/1624830062.4406056.jpg
Cat1,20mph,lr,opposite,9,1624830062.9739385,/media/batool/MULTIMODAL_DATA/Multimodal_Data/Cat1/opposite/bag_files/Cat1_20mph_lr_opposite_9/camera_images/1624830062.9739385.jpg
Cat1,20mph,lr,opposite,9,1624830063.5072713,/media/batool/MULTIMODAL_DATA/Multimodal_Data/Cat1/opposite/bag_files/Cat1_20mph_lr_opposite_9/camera_images/1624830063.5072713.jpg
Cat1,20mph,lr,opposite,9,1624830064.040604,/media/batool/MULTIMODAL_DATA/Multimodal_Data/Cat1/opposite/bag_files/Cat1_20mph_lr_opposite_9/camera_images/1624830064.040604.jpg
Cat1,20mph,lr,opposite,9,1624830064.573937,/media/batool/MULTIMODAL_DATA/Multimodal_Data/Cat1/opposite/bag_files/Cat1_20mph_lr_opposite_9/camera_images/1624830064.573937.jpg
Cat1,20mph,lr,opposite,9,1624830065.1072698,/media/batool/MULTIMODAL_DATA/Multimodal_Data/Cat1/opposite/bag_files/Cat1_20mph_lr_opposite_9/camera_images/1624830065.1072698.jpg
Cat1,20mph,lr,opposite,9,1624830065.6406026,/media/batool/MULTIMODAL_DATA/Multimodal_Data/Cat1/opposite/bag_files/Cat1_20mph_lr_opposite_9/camera_images/1624830065.6406026.jpg
Cat1,20mph,lr,opposite,9,1624830066.1739354,/media/batool/MULTIMODAL_DATA/Multimodal_Data/Cat1/opposite/bag_files/Cat1_20mph_lr_opposite_9/camera_images/1624830066.1739354.jpg
Cat1,20mph,lr,opposite,9,1624830066.7072682,/media/batool/MULTIMODAL_DATA/Multimodal_Data/Cat1/opposite/bag_files/Cat1_20mph_lr_opposite_9/camera_images/1624830066.7072682.jpg
Cat1,20mph,lr,opposite,9,1624830067.240601,/media/batool/MULTIMODAL_DATA/Multimodal_Data/Cat1/opposite/bag_files/Cat1_20mph_lr_opposite_9/camera_images/1624830067.240601.jpg
Cat1,20mph,lr,opposite,9,1624830067.773934,/media/batool/MULTIMODAL_DATA/Multimodal_Data/Cat1/opposite/bag_files/Cat1_20mph_lr_opposite_9/camera_images/1624830067.773934.jpg
Cat1,20mph,lr,opposite,9,1624830068.3072667,/media/batool/MULTIMODAL_DATA/Multimodal_Data/Cat1/opposite/bag_files/Cat1_20mph_lr_opposite_9/camera_images/1624830068.3072667.jpg
Cat1,20mph,lr,opposite,9,1624830068.8405995,/media/batool/MULTIMODAL_DATA/Multimodal_Data/Cat1/opposite/bag_files/Cat1_20mph_lr_opposite_9/camera_images/1624830068.8405995.jpg
Cat1,20mph,lr,opposite,9,1624830069.3739324,/media/batool/MULTIMODAL_DATA/Multimodal_Data/Cat1/opposite/bag_files/Cat1_20mph_lr_opposite_9/camera_images/1624830069.3739324.jpg
Cat1,20mph,lr,opposite,9,1624830069.9072652,/media/batool/MULTIMODAL_DATA/Multimodal_Data/Cat1/opposite/bag_files/Cat1_20mph_lr_opposite_9/camera_images/1624830069.9072652.jpg
Cat1,20mph,lr,opposite,9,1624830070.440598,/media/batool/MULTIMODAL_DATA/Multimodal_Data/Cat1/opposite/bag_files/Cat1_20mph_lr_opposite_9/camera_images/1624830070.440598.jpg
Cat1,20mph,lr,opposite,9,1624830070.9739308,/media/batool/MULTIMODAL_DATA/Multimodal_Data/Cat1/opposite/bag_files/Cat1_20mph_lr_opposite_9/camera_images/1624830070.9739308.jpg
Cat1,20mph,lr,opposite,9,1624830058.7406092,/media/batool/MULTIMODAL_DATA/Multimodal_Data/Cat1/opposite/bag_files/Cat1_20mph_lr_opposite_9/camera_images/1624830058.7406092.jpg
Cat1,20mph,lr,opposite,9,1624830058.7739425,/media/batool/MULTIMODAL_DATA/Multimodal_Data/Cat1/opposite/bag_files/Cat1_20mph_lr_opposite_9/camera_images/1624830058.7739425.jpg
Cat1,20mph,lr,opposite,9,1624830058.8072758,/media/batool/MULTIMODAL_DATA/Multimodal_Data/Cat1/opposite/bag_files/Cat1_20mph_lr_opposite_9/camera_images/1624830058.8072758.jpg
Cat1,20mph,lr,opposite,9,1624830058.840609,/media/batool/MULTIMODAL_DATA/Multimodal_Data/Cat1/opposite/bag_files/Cat1_20mph_lr_opposite_9/camera_images/1624830058.840609.jpg
Cat1,20mph,lr,opposite,9,1624830058.8739424,/media/batool/MULTIMODAL_DATA/Multimodal_Data/Cat1/opposite/bag_files/Cat1_20mph_lr_opposite_9/camera_images/1624830058.8739424.jpg
Cat1,20mph,lr,opposite,9,1624830058.9072757,/media/batool/MULTIMODAL_DATA/Multimodal_Data/Cat1/opposite/bag_files/Cat1_20mph_lr_opposite_9/camera_images/1624830058.9072757.jpg
Cat1,20mph,lr,opposite,9,1624830058.940609,/media/batool/MULTIMODAL_DATA/Multimodal_Data/Cat1/opposite/bag_files/Cat1_20mph_lr_opposite_9/camera_images/1624830058.940609.jpg
Cat1,20mph,lr,opposite,9,1624830058.9739423,/media/batool/MULTIMODAL_DATA/Multimodal_Data/Cat1/opposite/bag_files/Cat1_20mph_lr_opposite_9/camera_images/1624830058.9739423.jpg
Cat1,20mph,lr,opposite,9,1624830059.0072756,/media/batool/MULTIMODAL_DATA/Multimodal_Data/Cat1/opposite/bag_files/Cat1_20mph_lr_opposite_9/camera_images/1624830059.0072756.jpg
Cat1,20mph,lr,opposite,9,1624830059.040609,/media/batool/MULTIMODAL_DATA/Multimodal_Data/Cat1/opposite/bag_files/Cat1_20mph_lr_opposite_9/camera_images/1624830059.040609.jpg
Cat1,20mph,lr,opposite,9,1624830059.0739422,/media/batool/MULTIMODAL_DATA/Multimodal_Data/Cat1/opposite/bag_files/Cat1_20mph_lr_opposite_9/camera_images/1624830059.0739422.jpg
Cat1,20mph,lr,opposite,9,1624830059.1072755,/media/batool/MULTIMODAL_DATA/Multimodal_Data/Cat1/opposite/bag_files/Cat1_20mph_lr_opposite_9/camera_images/1624830059.1072755.jpg
Cat1,20mph,lr,opposite,9,1624830059.1406088,/media/batool/MULTIMODAL_DATA/Multimodal_Data/Cat1/opposite/bag_files/Cat1_20mph_lr_opposite_9/camera_images/1624830059.1406088.jpg
Cat1,20mph,lr,opposite,9,1624830059.173942,/media/batool/MULTIMODAL_DATA/Multimodal_Data/Cat1/opposite/bag_files/Cat1_20mph_lr_opposite_9/camera_images/1624830059.173942.jpg
Cat1,20mph,lr,opposite,9,1624830059.2072754,/media/batool/MULTIMODAL_DATA/Multimodal_Data/Cat1/opposite/bag_files/Cat1_20mph_lr_opposite_9/camera_images/1624830059.2072754.jpg
Cat1,20mph,lr,opposite,9,1624830059.273942,/media/batool/MULTIMODAL_DATA/Multimodal_Data/Cat1/opposite/bag_files/Cat1_20mph_lr_opposite_9/camera_images/1624830059.273942.jpg
Cat1,20mph,lr,opposite,9,1624830059.3072753,/media/batool/MULTIMODAL_DATA/Multimodal_Data/Cat1/opposite/bag_files/Cat1_20mph_lr_opposite_9/camera_images/1624830059.3072753.jpg
Cat1,20mph,lr,opposite,9,1624830059.3406086,/media/batool/MULTIMODAL_DATA/Multimodal_Data/Cat1/opposite/bag_files/Cat1_20mph_lr_opposite_9/camera_images/1624830059.3406086.jpg
Cat1,20mph,lr,opposite,9,1624830059.373942,/media/batool/MULTIMODAL_DATA/Multimodal_Data/Cat1/opposite/bag_files/Cat1_20mph_lr_opposite_9/camera_images/1624830059.373942.jpg
Cat1,20mph,lr,opposite,9,1624830059.4072752,/media/batool/MULTIMODAL_DATA/Multimodal_Data/Cat1/opposite/bag_files/Cat1_20mph_lr_opposite_9/camera_images/1624830059.4072752.jpg
Cat1,20mph,lr,opposite,9,1624830059.4406085,/media/batool/MULTIMODAL_DATA/Multimodal_Data/Cat1/opposite/bag_files/Cat1_20mph_lr_opposite_9/camera_images/1624830059.4406085.jpg
Cat1,20mph,lr,opposite,9,1624830059.4739418,/media/batool/MULTIMODAL_DATA/Multimodal_Data/Cat1/opposite/bag_files/Cat1_20mph_lr_opposite_9/camera_images/1624830059.4739418.jpg
Cat1,20mph,lr,opposite,9,1624830059.507275,/media/batool/MULTIMODAL_DATA/Multimodal_Data/Cat1/opposite/bag_files/Cat1_20mph_lr_opposite_9/camera_images/1624830059.507275.jpg
Cat1,20mph,lr,opposite,9,1624830059.5406084,/media/batool/MULTIMODAL_DATA/Multimodal_Data/Cat1/opposite/bag_files/Cat1_20mph_lr_opposite_9/camera_images/1624830059.5406084.jpg
Cat1,20mph,lr,opposite,9,1624830059.5739417,/media/batool/MULTIMODAL_DATA/Multimodal_Data/Cat1/opposite/bag_files/Cat1_20mph_lr_opposite_9/camera_images/1624830059.5739417.jpg
Cat1,20mph,lr,opposite,9,1624830059.607275,/media/batool/MULTIMODAL_DATA/Multimodal_Data/Cat1/opposite/bag_files/Cat1_20mph_lr_opposite_9/camera_images/1624830059.607275.jpg
Cat1,20mph,lr,opposite,9,1624830059.6406083,/media/batool/MULTIMODAL_DATA/Multimodal_Data/Cat1/opposite/bag_files/Cat1_20mph_lr_opposite_9/camera_images/1624830059.6406083.jpg
Cat1,20mph,lr,opposite,9,1624830059.6739416,/media/batool/MULTIMODAL_DATA/Multimodal_Data/Cat1/opposite/bag_files/Cat1_20mph_lr_opposite_9/camera_images/1624830059.6739416.jpg
Cat1,20mph,lr,opposite,9,1624830059.707275,/media/batool/MULTIMODAL_DATA/Multimodal_Data/Cat1/opposite/bag_files/Cat1_20mph_lr_opposite_9/camera_images/1624830059.707275.jpg
Cat1,20mph,lr,opposite,9,1624830059.7406082,/media/batool/MULTIMODAL_DATA/Multimodal_Data/Cat1/opposite/bag_files/Cat1_20mph_lr_opposite_9/camera_images/1624830059.7406082.jpg
Cat1,20mph,lr,opposite,9,1624830059.8072748,/media/batool/MULTIMODAL_DATA/Multimodal_Data/Cat1/opposite/bag_files/Cat1_20mph_lr_opposite_9/camera_images/1624830059.8072748.jpg
Cat1,20mph,lr,opposite,9,1624830059.8406081,/media/batool/MULTIMODAL_DATA/Multimodal_Data/Cat1/opposite/bag_files/Cat1_20mph_lr_opposite_9/camera_images/1624830059.8406081.jpg
Cat1,20mph,lr,opposite,9,1624830059.8739414,/media/batool/MULTIMODAL_DATA/Multimodal_Data/Cat1/opposite/bag_files/Cat1_20mph_lr_opposite_9/camera_images/1624830059.8739414.jpg
Cat1,20mph,lr,opposite,9,1624830059.9072747,/media/batool/MULTIMODAL_DATA/Multimodal_Data/Cat1/opposite/bag_files/Cat1_20mph_lr_opposite_9/camera_images/1624830059.9072747.jpg
Cat1,20mph,lr,opposite,9,1624830059.940608,/media/batool/MULTIMODAL_DATA/Multimodal_Data/Cat1/opposite/bag_files/Cat1_20mph_lr_opposite_9/camera_images/1624830059.940608.jpg
Cat1,20mph,lr,opposite,9,1624830059.9739413,/media/batool/MULTIMODAL_DATA/Multimodal_Data/Cat1/opposite/bag_files/Cat1_20mph_lr_opposite_9/camera_images/1624830059.9739413.jpg
Cat1,20mph,lr,opposite,9,1624830060.0072746,/media/batool/MULTIMODAL_DATA/Multimodal_Data/Cat1/opposite/bag_files/Cat1_20mph_lr_opposite_9/camera_images/1624830060.0072746.jpg
Cat1,20mph,lr,opposite,9,1624830060.040608,/media/batool/MULTIMODAL_DATA/Multimodal_Data/Cat1/opposite/bag_files/Cat1_20mph_lr_opposite_9/camera_images/1624830060.040608.jpg
Cat1,20mph,lr,opposite,9,1624830060.0739412,/media/batool/MULTIMODAL_DATA/Multimodal_Data/Cat1/opposite/bag_files/Cat1_20mph_lr_opposite_9/camera_images/1624830060.0739412.jpg
Cat1,20mph,lr,opposite,9,1624830060.1072745,/media/batool/MULTIMODAL_DATA/Multimodal_Data/Cat1/opposite/bag_files/Cat1_20mph_lr_opposite_9/camera_images/1624830060.1072745.jpg
Cat1,20mph,lr,opposite,9,1624830060.1406078,/media/batool/MULTIMODAL_DATA/Multimodal_Data/Cat1/opposite/bag_files/Cat1_20mph_lr_opposite_9/camera_images/1624830060.1406078.jpg
Cat1,20mph,lr,opposite,9,1624830060.1739411,/media/batool/MULTIMODAL_DATA/Multimodal_Data/Cat1/opposite/bag_files/Cat1_20mph_lr_opposite_9/camera_images/1624830060.1739411.jpg
Cat1,20mph,lr,opposite,9,1624830060.2072744,/media/batool/MULTIMODAL_DATA/Multimodal_Data/Cat1/opposite/bag_files/Cat1_20mph_lr_opposite_9/camera_images/1624830060.2072744.jpg
Cat1,20mph,lr,opposite,9,1624830060.2406077,/media/batool/MULTIMODAL_DATA/Multimodal_Data/Cat1/opposite/bag_files/Cat1_20mph_lr_opposite_9/camera_images/1624830060.2406077.jpg
Cat1,20mph,lr,opposite,9,1624830060.273941,/media/batool/MULTIMODAL_DATA/Multimodal_Data/Cat1/opposite/bag_files/Cat1_20mph_lr_opposite_9/camera_images/1624830060.273941.jpg
Cat1,20mph,lr,opposite,9,1624830060.3406076,/media/batool/MULTIMODAL_DATA/Multimodal_Data/Cat1/opposite/bag_files/Cat1_20mph_lr_opposite_9/camera_images/1624830060.3406076.jpg
Cat1,20mph,lr,opposite,9,1624830060.373941,/media/batool/MULTIMODAL_DATA/Multimodal_Data/Cat1/opposite/bag_files/Cat1_20mph_lr_opposite_9/camera_images/1624830060.373941.jpg
Cat1,20mph,lr,opposite,9,1624830060.4072742,/media/batool/MULTIMODAL_DATA/Multimodal_Data/Cat1/opposite/bag_files/Cat1_20mph_lr_opposite_9/camera_images/1624830060.4072742.jpg
Cat1,20mph,lr,opposite,9,1624830060.4406075,/media/batool/MULTIMODAL_DATA/Multimodal_Data/Cat1/opposite/bag_files/Cat1_20mph_lr_opposite_9/camera_images/1624830060.4406075.jpg
Cat1,20mph,lr,opposite,9,1624830060.4739408,/media/batool/MULTIMODAL_DATA/Multimodal_Data/Cat1/opposite/bag_files/Cat1_20mph_lr_opposite_9/camera_images/1624830060.4739408.jpg
Cat1,20mph,lr,opposite,9,1624830060.5072742,/media/batool/MULTIMODAL_DATA/Multimodal_Data/Cat1/opposite/bag_files/Cat1_20mph_lr_opposite_9/camera_images/1624830060.5072742.jpg
Cat1,20mph,lr,opposite,9,1624830060.5406075,/media/batool/MULTIMODAL_DATA/Multimodal_Data/Cat1/opposite/bag_files/Cat1_20mph_lr_opposite_9/camera_images/1624830060.5406075.jpg
Cat1,20mph,lr,opposite,9,1624830060.5739408,/media/batool/MULTIMODAL_DATA/Multimodal_Data/Cat1/opposite/bag_files/Cat1_20mph_lr_opposite_9/camera_images/1624830060.5739408.jpg
Cat1,20mph,lr,opposite,9,1624830060.607274,/media/batool/MULTIMODAL_DATA/Multimodal_Data/Cat1/opposite/bag_files/Cat1_20mph_lr_opposite_9/camera_images/1624830060.607274.jpg
Cat1,20mph,lr,opposite,9,1624830060.6406074,/media/batool/MULTIMODAL_DATA/Multimodal_Data/Cat1/opposite/bag_files/Cat1_20mph_lr_opposite_9/camera_images/1624830060.6406074.jpg
Cat1,20mph,lr,opposite,9,1624830060.6739407,/media/batool/MULTIMODAL_DATA/Multimodal_Data/Cat1/opposite/bag_files/Cat1_20mph_lr_opposite_9/camera_images/1624830060.6739407.jpg
Cat1,20mph,lr,opposite,9,1624830060.707274,/media/batool/MULTIMODAL_DATA/Multimodal_Data/Cat1/opposite/bag_files/Cat1_20mph_lr_opposite_9/camera_images/1624830060.707274.jpg
Cat1,20mph,lr,opposite,9,1624830060.7406073,/media/batool/MULTIMODAL_DATA/Multimodal_Data/Cat1/opposite/bag_files/Cat1_20mph_lr_opposite_9/camera_images/1624830060.7406073.jpg
Cat1,20mph,lr,opposite,9,1624830060.7739406,/media/batool/MULTIMODAL_DATA/Multimodal_Data/Cat1/opposite/bag_files/Cat1_20mph_lr_opposite_9/camera_images/1624830060.7739406.jpg
Cat1,20mph,lr,opposite,9,1624830060.8072739,/media/batool/MULTIMODAL_DATA/Multimodal_Data/Cat1/opposite/bag_files/Cat1_20mph_lr_opposite_9/camera_images/1624830060.8072739.jpg
Cat1,20mph,lr,opposite,9,1624830060.8739405,/media/batool/MULTIMODAL_DATA/Multimodal_Data/Cat1/opposite/bag_files/Cat1_20mph_lr_opposite_9/camera_images/1624830060.8739405.jpg
Cat1,20mph,lr,opposite,9,1624830060.9072738,/media/batool/MULTIMODAL_DATA/Multimodal_Data/Cat1/opposite/bag_files/Cat1_20mph_lr_opposite_9/camera_images/1624830060.9072738.jpg
Cat1,20mph,lr,opposite,9,1624830060.940607,/media/batool/MULTIMODAL_DATA/Multimodal_Data/Cat1/opposite/bag_files/Cat1_20mph_lr_opposite_9/camera_images/1624830060.940607.jpg
Cat1,20mph,lr,opposite,9,1624830060.9739404,/media/batool/MULTIMODAL_DATA/Multimodal_Data/Cat1/opposite/bag_files/Cat1_20mph_lr_opposite_9/camera_images/1624830060.9739404.jpg
Cat1,20mph,lr,opposite,9,1624830061.0072737,/media/batool/MULTIMODAL_DATA/Multimodal_Data/Cat1/opposite/bag_files/Cat1_20mph_lr_opposite_9/camera_images/1624830061.0072737.jpg
Cat1,20mph,lr,opposite,9,1624830061.040607,/media/batool/MULTIMODAL_DATA/Multimodal_Data/Cat1/opposite/bag_files/Cat1_20mph_lr_opposite_9/camera_images/1624830061.040607.jpg
Cat1,20mph,lr,opposite,9,1624830061.0739403,/media/batool/MULTIMODAL_DATA/Multimodal_Data/Cat1/opposite/bag_files/Cat1_20mph_lr_opposite_9/camera_images/1624830061.0739403.jpg
Cat1,20mph,lr,opposite,9,1624830061.1072736,/media/batool/MULTIMODAL_DATA/Multimodal_Data/Cat1/opposite/bag_files/Cat1_20mph_lr_opposite_9/camera_images/1624830061.1072736.jpg
Cat1,20mph,lr,opposite,9,1624830061.1406069,/media/batool/MULTIMODAL_DATA/Multimodal_Data/Cat1/opposite/bag_files/Cat1_20mph_lr_opposite_9/camera_images/1624830061.1406069.jpg
Cat1,20mph,lr,opposite,9,1624830061.1739402,/media/batool/MULTIMODAL_DATA/Multimodal_Data/Cat1/opposite/bag_files/Cat1_20mph_lr_opposite_9/camera_images/1624830061.1739402.jpg
Cat1,20mph,lr,opposite,9,1624830061.2072735,/media/batool/MULTIMODAL_DATA/Multimodal_Data/Cat1/opposite/bag_files/Cat1_20mph_lr_opposite_9/camera_images/1624830061.2072735.jpg
Cat1,20mph,lr,opposite,9,1624830061.2406068,/media/batool/MULTIMODAL_DATA/Multimodal_Data/Cat1/opposite/bag_files/Cat1_20mph_lr_opposite_9/camera_images/1624830061.2406068.jpg
Cat1,20mph,lr,opposite,9,1624830061.27394,/media/batool/MULTIMODAL_DATA/Multimodal_Data/Cat1/opposite/bag_files/Cat1_20mph_lr_opposite_9/camera_images/1624830061.27394.jpg
Cat1,20mph,lr,opposite,9,1624830061.3072734,/media/batool/MULTIMODAL_DATA/Multimodal_Data/Cat1/opposite/bag_files/Cat1_20mph_lr_opposite_9/camera_images/1624830061.3072734.jpg
Cat1,20mph,lr,opposite,9,1624830061.3406067,/media/batool/MULTIMODAL_DATA/Multimodal_Data/Cat1/opposite/bag_files/Cat1_20mph_lr_opposite_9/camera_images/1624830061.3406067.jpg
Cat1,20mph,lr,opposite,9,1624830061.4072733,/media/batool/MULTIMODAL_DATA/Multimodal_Data/Cat1/opposite/bag_files/Cat1_20mph_lr_opposite_9/camera_images/1624830061.4072733.jpg
Cat1,20mph,lr,opposite,9,1624830061.4406066,/media/batool/MULTIMODAL_DATA/Multimodal_Data/Cat1/opposite/bag_files/Cat1_20mph_lr_opposite_9/camera_images/1624830061.4406066.jpg
Cat1,20mph,lr,opposite,9,1624830061.47394,/media/batool/MULTIMODAL_DATA/Multimodal_Data/Cat1/opposite/bag_files/Cat1_20mph_lr_opposite_9/camera_images/1624830061.47394.jpg
Cat1,20mph,lr,opposite,9,1624830061.5072732,/media/batool/MULTIMODAL_DATA/Multimodal_Data/Cat1/opposite/bag_files/Cat1_20mph_lr_opposite_9/camera_images/1624830061.5072732.jpg
Cat1,20mph,lr,opposite,9,1624830061.5406065,/media/batool/MULTIMODAL_DATA/Multimodal_Data/Cat1/opposite/bag_files/Cat1_20mph_lr_opposite_9/camera_images/1624830061.5406065.jpg
Cat1,20mph,lr,opposite,9,1624830061.5739398,/media/batool/MULTIMODAL_DATA/Multimodal_Data/Cat1/opposite/bag_files/Cat1_20mph_lr_opposite_9/camera_images/1624830061.5739398.jpg
Cat1,20mph,lr,opposite,9,1624830061.607273,/media/batool/MULTIMODAL_DATA/Multimodal_Data/Cat1/opposite/bag_files/Cat1_20mph_lr_opposite_9/camera_images/1624830061.607273.jpg
Cat1,20mph,lr,opposite,9,1624830061.6406064,/media/batool/MULTIMODAL_DATA/Multimodal_Data/Cat1/opposite/bag_files/Cat1_20mph_lr_opposite_9/camera_images/1624830061.6406064.jpg
Cat1,20mph,lr,opposite,9,1624830061.6739397,/media/batool/MULTIMODAL_DATA/Multimodal_Data/Cat1/opposite/bag_files/Cat1_20mph_lr_opposite_9/camera_images/1624830061.6739397.jpg
Cat1,20mph,lr,opposite,9,1624830061.707273,/media/batool/MULTIMODAL_DATA/Multimodal_Data/Cat1/opposite/bag_files/Cat1_20mph_lr_opposite_9/camera_images/1624830061.707273.jpg
Cat1,20mph,lr,opposite,9,1624830061.7406063,/media/batool/MULTIMODAL_DATA/Multimodal_Data/Cat1/opposite/bag_files/Cat1_20mph_lr_opposite_9/camera_images/1624830061.7406063.jpg
Cat1,20mph,lr,opposite,9,1624830061.7739396,/media/batool/MULTIMODAL_DATA/Multimodal_Data/Cat1/opposite/bag_files/Cat1_20mph_lr_opposite_9/camera_images/1624830061.7739396.jpg
Cat1,20mph,lr,opposite,9,1624830061.807273,/media/batool/MULTIMODAL_DATA/Multimodal_Data/Cat1/opposite/bag_files/Cat1_20mph_lr_opposite_9/camera_images/1624830061.807273.jpg
Cat1,20mph,lr,opposite,9,1624830061.8406062,/media/batool/MULTIMODAL_DATA/Multimodal_Data/Cat1/opposite/bag_files/Cat1_20mph_lr_opposite_9/camera_images/1624830061.8406062.jpg
Cat1,20mph,lr,opposite,9,1624830061.8739395,/media/batool/MULTIMODAL_DATA/Multimodal_Data/Cat1/opposite/bag_files/Cat1_20mph_lr_opposite_9/camera_images/1624830061.8739395.jpg
Cat1,20mph,lr,opposite,9,1624830061.940606,/media/batool/MULTIMODAL_DATA/Multimodal_Data/Cat1/opposite/bag_files/Cat1_20mph_lr_opposite_9/camera_images/1624830061.940606.jpg
Cat1,20mph,lr,opposite,9,1624830061.9739394,/media/batool/MULTIMODAL_DATA/Multimodal_Data/Cat1/opposite/bag_files/Cat1_20mph_lr_opposite_9/camera_images/1624830061.9739394.jpg
Cat1,20mph,lr,opposite,9,1624830062.0072727,/media/batool/MULTIMODAL_DATA/Multimodal_Data/Cat1/opposite/bag_files/Cat1_20mph_lr_opposite_9/camera_images/1624830062.0072727.jpg
Cat1,20mph,lr,opposite,9,1624830062.040606,/media/batool/MULTIMODAL_DATA/Multimodal_Data/Cat1/opposite/bag_files/Cat1_20mph_lr_opposite_9/camera_images/1624830062.040606.jpg
Cat1,20mph,lr,opposite,9,1624830062.0739393,/media/batool/MULTIMODAL_DATA/Multimodal_Data/Cat1/opposite/bag_files/Cat1_20mph_lr_opposite_9/camera_images/1624830062.0739393.jpg
Cat1,20mph,lr,opposite,9,1624830062.1072726,/media/batool/MULTIMODAL_DATA/Multimodal_Data/Cat1/opposite/bag_files/Cat1_20mph_lr_opposite_9/camera_images/1624830062.1072726.jpg
Cat1,20mph,lr,opposite,9,1624830062.140606,/media/batool/MULTIMODAL_DATA/Multimodal_Data/Cat1/opposite/bag_files/Cat1_20mph_lr_opposite_9/camera_images/1624830062.140606.jpg
Cat1,20mph,lr,opposite,9,1624830062.1739392,/media/batool/MULTIMODAL_DATA/Multimodal_Data/Cat1/opposite/bag_files/Cat1_20mph_lr_opposite_9/camera_images/1624830062.1739392.jpg
Cat1,20mph,lr,opposite,9,1624830062.2072725,/media/batool/MULTIMODAL_DATA/Multimodal_Data/Cat1/opposite/bag_files/Cat1_20mph_lr_opposite_9/camera_images/1624830062.2072725.jpg
Cat1,20mph,lr,opposite,9,1624830062.2406058,/media/batool/MULTIMODAL_DATA/Multimodal_Data/Cat1/opposite/bag_files/Cat1_20mph_lr_opposite_9/camera_images/1624830062.2406058.jpg
Cat1,20mph,lr,opposite,9,1624830062.2739391,/media/batool/MULTIMODAL_DATA/Multimodal_Data/Cat1/opposite/bag_files/Cat1_20mph_lr_opposite_9/camera_images/1624830062.2739391.jpg
Cat1,20mph,lr,opposite,9,1624830062.3072724,/media/batool/MULTIMODAL_DATA/Multimodal_Data/Cat1/opposite/bag_files/Cat1_20mph_lr_opposite_9/camera_images/1624830062.3072724.jpg
Cat1,20mph,lr,opposite,9,1624830062.3406057,/media/batool/MULTIMODAL_DATA/Multimodal_Data/Cat1/opposite/bag_files/Cat1_20mph_lr_opposite_9/camera_images/1624830062.3406057.jpg
Cat1,20mph,lr,opposite,9,1624830062.373939,/media/batool/MULTIMODAL_DATA/Multimodal_Data/Cat1/opposite/bag_files/Cat1_20mph_lr_opposite_9/camera_images/1624830062.373939.jpg
Cat1,20mph,lr,opposite,9,1624830062.4072723,/media/batool/MULTIMODAL_DATA/Multimodal_Data/Cat1/opposite/bag_files/Cat1_20mph_lr_opposite_9/camera_images/1624830062.4072723.jpg
Cat1,20mph,lr,opposite,9,1624830062.473939,/media/batool/MULTIMODAL_DATA/Multimodal_Data/Cat1/opposite/bag_files/Cat1_20mph_lr_opposite_9/camera_images/1624830062.473939.jpg
Cat1,20mph,lr,opposite,9,1624830062.5072722,/media/batool/MULTIMODAL_DATA/Multimodal_Data/Cat1/opposite/bag_files/Cat1_20mph_lr_opposite_9/camera_images/1624830062.5072722.jpg
Cat1,20mph,lr,opposite,9,1624830062.5406055,/media/batool/MULTIMODAL_DATA/Multimodal_Data/Cat1/opposite/bag_files/Cat1_20mph_lr_opposite_9/camera_images/1624830062.5406055.jpg
Cat1,20mph,lr,opposite,9,1624830062.5739388,/media/batool/MULTIMODAL_DATA/Multimodal_Data/Cat1/opposite/bag_files/Cat1_20mph_lr_opposite_9/camera_images/1624830062.5739388.jpg
Cat1,20mph,lr,opposite,9,1624830062.6072721,/media/batool/MULTIMODAL_DATA/Multimodal_Data/Cat1/opposite/bag_files/Cat1_20mph_lr_opposite_9/camera_images/1624830062.6072721.jpg
Cat1,20mph,lr,opposite,9,1624830062.6406054,/media/batool/MULTIMODAL_DATA/Multimodal_Data/Cat1/opposite/bag_files/Cat1_20mph_lr_opposite_9/camera_images/1624830062.6406054.jpg
Cat1,20mph,lr,opposite,9,1624830062.6739388,/media/batool/MULTIMODAL_DATA/Multimodal_Data/Cat1/opposite/bag_files/Cat1_20mph_lr_opposite_9/camera_images/1624830062.6739388.jpg
Cat1,20mph,lr,opposite,9,1624830062.707272,/media/batool/MULTIMODAL_DATA/Multimodal_Data/Cat1/opposite/bag_files/Cat1_20mph_lr_opposite_9/camera_images/1624830062.707272.jpg
Cat1,20mph,lr,opposite,9,1624830062.7406054,/media/batool/MULTIMODAL_DATA/Multimodal_Data/Cat1/opposite/bag_files/Cat1_20mph_lr_opposite_9/camera_images/1624830062.7406054.jpg
Cat1,20mph,lr,opposite,9,1624830062.7739387,/media/batool/MULTIMODAL_DATA/Multimodal_Data/Cat1/opposite/bag_files/Cat1_20mph_lr_opposite_9/camera_images/1624830062.7739387.jpg
Cat1,20mph,lr,opposite,9,1624830062.807272,/media/batool/MULTIMODAL_DATA/Multimodal_Data/Cat1/opposite/bag_files/Cat1_20mph_lr_opposite_9/camera_images/1624830062.807272.jpg
Cat1,20mph,lr,opposite,9,1624830062.8406053,/media/batool/MULTIMODAL_DATA/Multimodal_Data/Cat1/opposite/bag_files/Cat1_20mph_lr_opposite_9/camera_images/1624830062.8406053.jpg
Cat1,20mph,lr,opposite,9,1624830062.8739386,/media/batool/MULTIMODAL_DATA/Multimodal_Data/Cat1/opposite/bag_files/Cat1_20mph_lr_opposite_9/camera_images/1624830062.8739386.jpg
Cat1,20mph,lr,opposite,9,1624830062.9072719,/media/batool/MULTIMODAL_DATA/Multimodal_Data/Cat1/opposite/bag_files/Cat1_20mph_lr_opposite_9/camera_images/1624830062.9072719.jpg
Cat1,20mph,lr,opposite,9,1624830062.9406052,/media/batool/MULTIMODAL_DATA/Multimodal_Data/Cat1/opposite/bag_files/Cat1_20mph_lr_opposite_9/camera_images/1624830062.9406052.jpg
Cat1,20mph,lr,opposite,9,1624830063.0072718,/media/batool/MULTIMODAL_DATA/Multimodal_Data/Cat1/opposite/bag_files/Cat1_20mph_lr_opposite_9/camera_images/1624830063.0072718.jpg
Cat1,20mph,lr,opposite,9,1624830063.040605,/media/batool/MULTIMODAL_DATA/Multimodal_Data/Cat1/opposite/bag_files/Cat1_20mph_lr_opposite_9/camera_images/1624830063.040605.jpg
Cat1,20mph,lr,opposite,9,1624830063.0739384,/media/batool/MULTIMODAL_DATA/Multimodal_Data/Cat1/opposite/bag_files/Cat1_20mph_lr_opposite_9/camera_images/1624830063.0739384.jpg
Cat1,20mph,lr,opposite,9,1624830063.1072717,/media/batool/MULTIMODAL_DATA/Multimodal_Data/Cat1/opposite/bag_files/Cat1_20mph_lr_opposite_9/camera_images/1624830063.1072717.jpg
Cat1,20mph,lr,opposite,9,1624830063.140605,/media/batool/MULTIMODAL_DATA/Multimodal_Data/Cat1/opposite/bag_files/Cat1_20mph_lr_opposite_9/camera_images/1624830063.140605.jpg
Cat1,20mph,lr,opposite,9,1624830063.1739383,/media/batool/MULTIMODAL_DATA/Multimodal_Data/Cat1/opposite/bag_files/Cat1_20mph_lr_opposite_9/camera_images/1624830063.1739383.jpg
Cat1,20mph,lr,opposite,9,1624830063.2072716,/media/batool/MULTIMODAL_DATA/Multimodal_Data/Cat1/opposite/bag_files/Cat1_20mph_lr_opposite_9/camera_images/1624830063.2072716.jpg
Cat1,20mph,lr,opposite,9,1624830063.2406049,/media/batool/MULTIMODAL_DATA/Multimodal_Data/Cat1/opposite/bag_files/Cat1_20mph_lr_opposite_9/camera_images/1624830063.2406049.jpg
Cat1,20mph,lr,opposite,9,1624830063.2739382,/media/batool/MULTIMODAL_DATA/Multimodal_Data/Cat1/opposite/bag_files/Cat1_20mph_lr_opposite_9/camera_images/1624830063.2739382.jpg
Cat1,20mph,lr,opposite,9,1624830063.3072715,/media/batool/MULTIMODAL_DATA/Multimodal_Data/Cat1/opposite/bag_files/Cat1_20mph_lr_opposite_9/camera_images/1624830063.3072715.jpg
Cat1,20mph,lr,opposite,9,1624830063.3406048,/media/batool/MULTIMODAL_DATA/Multimodal_Data/Cat1/opposite/bag_files/Cat1_20mph_lr_opposite_9/camera_images/1624830063.3406048.jpg
Cat1,20mph,lr,opposite,9,1624830063.373938,/media/batool/MULTIMODAL_DATA/Multimodal_Data/Cat1/opposite/bag_files/Cat1_20mph_lr_opposite_9/camera_images/1624830063.373938.jpg
Cat1,20mph,lr,opposite,9,1624830063.4072714,/media/batool/MULTIMODAL_DATA/Multimodal_Data/Cat1/opposite/bag_files/Cat1_20mph_lr_opposite_9/camera_images/1624830063.4072714.jpg
Cat1,20mph,lr,opposite,9,1624830063.4406047,/media/batool/MULTIMODAL_DATA/Multimodal_Data/Cat1/opposite/bag_files/Cat1_20mph_lr_opposite_9/camera_images/1624830063.4406047.jpg
Cat1,20mph,lr,opposite,9,1624830063.473938,/media/batool/MULTIMODAL_DATA/Multimodal_Data/Cat1/opposite/bag_files/Cat1_20mph_lr_opposite_9/camera_images/1624830063.473938.jpg
Cat1,20mph,lr,opposite,9,1624830063.5406046,/media/batool/MULTIMODAL_DATA/Multimodal_Data/Cat1/opposite/bag_files/Cat1_20mph_lr_opposite_9/camera_images/1624830063.5406046.jpg
Cat1,20mph,lr,opposite,9,1624830063.573938,/media/batool/MULTIMODAL_DATA/Multimodal_Data/Cat1/opposite/bag_files/Cat1_20mph_lr_opposite_9/camera_images/1624830063.573938.jpg
Cat1,20mph,lr,opposite,9,1624830063.6072712,/media/batool/MULTIMODAL_DATA/Multimodal_Data/Cat1/opposite/bag_files/Cat1_20mph_lr_opposite_9/camera_images/1624830063.6072712.jpg
Cat1,20mph,lr,opposite,9,1624830063.6406045,/media/batool/MULTIMODAL_DATA/Multimodal_Data/Cat1/opposite/bag_files/Cat1_20mph_lr_opposite_9/camera_images/1624830063.6406045.jpg
Cat1,20mph,lr,opposite,9,1624830063.6739378,/media/batool/MULTIMODAL_DATA/Multimodal_Data/Cat1/opposite/bag_files/Cat1_20mph_lr_opposite_9/camera_images/1624830063.6739378.jpg
Cat1,20mph,lr,opposite,9,1624830063.707271,/media/batool/MULTIMODAL_DATA/Multimodal_Data/Cat1/opposite/bag_files/Cat1_20mph_lr_opposite_9/camera_images/1624830063.707271.jpg
Cat1,20mph,lr,opposite,9,1624830063.7406044,/media/batool/MULTIMODAL_DATA/Multimodal_Data/Cat1/opposite/bag_files/Cat1_20mph_lr_opposite_9/camera_images/1624830063.7406044.jpg
Cat1,20mph,lr,opposite,9,1624830063.7739377,/media/batool/MULTIMODAL_DATA/Multimodal_Data/Cat1/opposite/bag_files/Cat1_20mph_lr_opposite_9/camera_images/1624830063.7739377.jpg
Cat1,20mph,lr,opposite,9,1624830063.807271,/media/batool/MULTIMODAL_DATA/Multimodal_Data/Cat1/opposite/bag_files/Cat1_20mph_lr_opposite_9/camera_images/1624830063.807271.jpg
Cat1,20mph,lr,opposite,9,1624830063.8406043,/media/batool/MULTIMODAL_DATA/Multimodal_Data/Cat1/opposite/bag_files/Cat1_20mph_lr_opposite_9/camera_images/1624830063.8406043.jpg
Cat1,20mph,lr,opposite,9,1624830063.8739376,/media/batool/MULTIMODAL_DATA/Multimodal_Data/Cat1/opposite/bag_files/Cat1_20mph_lr_opposite_9/camera_images/1624830063.8739376.jpg
Cat1,20mph,lr,opposite,9,1624830063.907271,/media/batool/MULTIMODAL_DATA/Multimodal_Data/Cat1/opposite/bag_files/Cat1_20mph_lr_opposite_9/camera_images/1624830063.907271.jpg
Cat1,20mph,lr,opposite,9,1624830063.9406042,/media/batool/MULTIMODAL_DATA/Multimodal_Data/Cat1/opposite/bag_files/Cat1_20mph_lr_opposite_9/camera_images/1624830063.9406042.jpg
Cat1,20mph,lr,opposite,9,1624830063.9739375,/media/batool/MULTIMODAL_DATA/Multimodal_Data/Cat1/opposite/bag_files/Cat1_20mph_lr_opposite_9/camera_images/1624830063.9739375.jpg
Cat1,20mph,lr,opposite,9,1624830064.0072708,/media/batool/MULTIMODAL_DATA/Multimodal_Data/Cat1/opposite/bag_files/Cat1_20mph_lr_opposite_9/camera_images/1624830064.0072708.jpg
Cat1,20mph,lr,opposite,9,1624830064.0739374,/media/batool/MULTIMODAL_DATA/Multimodal_Data/Cat1/opposite/bag_files/Cat1_20mph_lr_opposite_9/camera_images/1624830064.0739374.jpg
Cat1,20mph,lr,opposite,9,1624830064.1072707,/media/batool/MULTIMODAL_DATA/Multimodal_Data/Cat1/opposite/bag_files/Cat1_20mph_lr_opposite_9/camera_images/1624830064.1072707.jpg
Cat1,20mph,lr,opposite,9,1624830064.140604,/media/batool/MULTIMODAL_DATA/Multimodal_Data/Cat1/opposite/bag_files/Cat1_20mph_lr_opposite_9/camera_images/1624830064.140604.jpg
Cat1,20mph,lr,opposite,9,1624830064.1739373,/media/batool/MULTIMODAL_DATA/Multimodal_Data/Cat1/opposite/bag_files/Cat1_20mph_lr_opposite_9/camera_images/1624830064.1739373.jpg
Cat1,20mph,lr,opposite,9,1624830064.2072706,/media/batool/MULTIMODAL_DATA/Multimodal_Data/Cat1/opposite/bag_files/Cat1_20mph_lr_opposite_9/camera_images/1624830064.2072706.jpg
Cat1,20mph,lr,opposite,9,1624830064.240604,/media/batool/MULTIMODAL_DATA/Multimodal_Data/Cat1/opposite/bag_files/Cat1_20mph_lr_opposite_9/camera_images/1624830064.240604.jpg
Cat1,20mph,lr,opposite,9,1624830064.2739372,/media/batool/MULTIMODAL_DATA/Multimodal_Data/Cat1/opposite/bag_files/Cat1_20mph_lr_opposite_9/camera_images/1624830064.2739372.jpg
Cat1,20mph,lr,opposite,9,1624830064.3072705,/media/batool/MULTIMODAL_DATA/Multimodal_Data/Cat1/opposite/bag_files/Cat1_20mph_lr_opposite_9/camera_images/1624830064.3072705.jpg
Cat1,20mph,lr,opposite,9,1624830064.3406038,/media/batool/MULTIMODAL_DATA/Multimodal_Data/Cat1/opposite/bag_files/Cat1_20mph_lr_opposite_9/camera_images/1624830064.3406038.jpg
Cat1,20mph,lr,opposite,9,1624830064.3739371,/media/batool/MULTIMODAL_DATA/Multimodal_Data/Cat1/opposite/bag_files/Cat1_20mph_lr_opposite_9/camera_images/1624830064.3739371.jpg
Cat1,20mph,lr,opposite,9,1624830064.4072704,/media/batool/MULTIMODAL_DATA/Multimodal_Data/Cat1/opposite/bag_files/Cat1_20mph_lr_opposite_9/camera_images/1624830064.4072704.jpg
Cat1,20mph,lr,opposite,9,1624830064.4406037,/media/batool/MULTIMODAL_DATA/Multimodal_Data/Cat1/opposite/bag_files/Cat1_20mph_lr_opposite_9/camera_images/1624830064.4406037.jpg
Cat1,20mph,lr,opposite,9,1624830064.473937,/media/batool/MULTIMODAL_DATA/Multimodal_Data/Cat1/opposite/bag_files/Cat1_20mph_lr_opposite_9/camera_images/1624830064.473937.jpg
Cat1,20mph,lr,opposite,9,1624830064.5072703,/media/batool/MULTIMODAL_DATA/Multimodal_Data/Cat1/opposite/bag_files/Cat1_20mph_lr_opposite_9/camera_images/1624830064.5072703.jpg
Cat1,20mph,lr,opposite,9,1624830064.5406036,/media/batool/MULTIMODAL_DATA/Multimodal_Data/Cat1/opposite/bag_files/Cat1_20mph_lr_opposite_9/camera_images/1624830064.5406036.jpg
Cat1,20mph,lr,opposite,9,1624830064.6072702,/media/batool/MULTIMODAL_DATA/Multimodal_Data/Cat1/opposite/bag_files/Cat1_20mph_lr_opposite_9/camera_images/1624830064.6072702.jpg
Cat1,20mph,lr,opposite,9,1624830064.6406035,/media/batool/MULTIMODAL_DATA/Multimodal_Data/Cat1/opposite/bag_files/Cat1_20mph_lr_opposite_9/camera_images/1624830064.6406035.jpg
Cat1,20mph,lr,opposite,9,1624830064.6739368,/media/batool/MULTIMODAL_DATA/Multimodal_Data/Cat1/opposite/bag_files/Cat1_20mph_lr_opposite_9/camera_images/1624830064.6739368.jpg
Cat1,20mph,lr,opposite,9,1624830064.7072701,/media/batool/MULTIMODAL_DATA/Multimodal_Data/Cat1/opposite/bag_files/Cat1_20mph_lr_opposite_9/camera_images/1624830064.7072701.jpg
Cat1,20mph,lr,opposite,9,1624830064.7406034,/media/batool/MULTIMODAL_DATA/Multimodal_Data/Cat1/opposite/bag_files/Cat1_20mph_lr_opposite_9/camera_images/1624830064.7406034.jpg
Cat1,20mph,lr,opposite,9,1624830064.7739367,/media/batool/MULTIMODAL_DATA/Multimodal_Data/Cat1/opposite/bag_files/Cat1_20mph_lr_opposite_9/camera_images/1624830064.7739367.jpg
Cat1,20mph,lr,opposite,9,1624830064.80727,/media/batool/MULTIMODAL_DATA/Multimodal_Data/Cat1/opposite/bag_files/Cat1_20mph_lr_opposite_9/camera_images/1624830064.80727.jpg
Cat1,20mph,lr,opposite,9,1624830064.8406034,/media/batool/MULTIMODAL_DATA/Multimodal_Data/Cat1/opposite/bag_files/Cat1_20mph_lr_opposite_9/camera_images/1624830064.8406034.jpg
Cat1,20mph,lr,opposite,9,1624830064.8739367,/media/batool/MULTIMODAL_DATA/Multimodal_Data/Cat1/opposite/bag_files/Cat1_20mph_lr_opposite_9/camera_images/1624830064.8739367.jpg
Cat1,20mph,lr,opposite,9,1624830064.90727,/media/batool/MULTIMODAL_DATA/Multimodal_Data/Cat1/opposite/bag_files/Cat1_20mph_lr_opposite_9/camera_images/1624830064.90727.jpg
Cat1,20mph,lr,opposite,9,1624830064.9406033,/media/batool/MULTIMODAL_DATA/Multimodal_Data/Cat1/opposite/bag_files/Cat1_20mph_lr_opposite_9/camera_images/1624830064.9406033.jpg
Cat1,20mph,lr,opposite,9,1624830064.9739366,/media/batool/MULTIMODAL_DATA/Multimodal_Data/Cat1/opposite/bag_files/Cat1_20mph_lr_opposite_9/camera_images/1624830064.9739366.jpg
Cat1,20mph,lr,opposite,9,1624830065.0072699,/media/batool/MULTIMODAL_DATA/Multimodal_Data/Cat1/opposite/bag_files/Cat1_20mph_lr_opposite_9/camera_images/1624830065.0072699.jpg
Cat1,20mph,lr,opposite,9,1624830065.0406032,/media/batool/MULTIMODAL_DATA/Multimodal_Data/Cat1/opposite/bag_files/Cat1_20mph_lr_opposite_9/camera_images/1624830065.0406032.jpg
Cat1,20mph,lr,opposite,9,1624830065.0739365,/media/batool/MULTIMODAL_DATA/Multimodal_Data/Cat1/opposite/bag_files/Cat1_20mph_lr_opposite_9/camera_images/1624830065.0739365.jpg
Cat1,20mph,lr,opposite,9,1624830065.140603,/media/batool/MULTIMODAL_DATA/Multimodal_Data/Cat1/opposite/bag_files/Cat1_20mph_lr_opposite_9/camera_images/1624830065.140603.jpg
Cat1,20mph,lr,opposite,9,1624830065.1739364,/media/batool/MULTIMODAL_DATA/Multimodal_Data/Cat1/opposite/bag_files/Cat1_20mph_lr_opposite_9/camera_images/1624830065.1739364.jpg
Cat1,20mph,lr,opposite,9,1624830065.2072697,/media/batool/MULTIMODAL_DATA/Multimodal_Data/Cat1/opposite/bag_files/Cat1_20mph_lr_opposite_9/camera_images/1624830065.2072697.jpg
Cat1,20mph,lr,opposite,9,1624830065.240603,/media/batool/MULTIMODAL_DATA/Multimodal_Data/Cat1/opposite/bag_files/Cat1_20mph_lr_opposite_9/camera_images/1624830065.240603.jpg
Cat1,20mph,lr,opposite,9,1624830065.2739363,/media/batool/MULTIMODAL_DATA/Multimodal_Data/Cat1/opposite/bag_files/Cat1_20mph_lr_opposite_9/camera_images/1624830065.2739363.jpg
Cat1,20mph,lr,opposite,9,1624830065.3072696,/media/batool/MULTIMODAL_DATA/Multimodal_Data/Cat1/opposite/bag_files/Cat1_20mph_lr_opposite_9/camera_images/1624830065.3072696.jpg
Cat1,20mph,lr,opposite,9,1624830065.3406029,/media/batool/MULTIMODAL_DATA/Multimodal_Data/Cat1/opposite/bag_files/Cat1_20mph_lr_opposite_9/camera_images/1624830065.3406029.jpg
Cat1,20mph,lr,opposite,9,1624830065.3739362,/media/batool/MULTIMODAL_DATA/Multimodal_Data/Cat1/opposite/bag_files/Cat1_20mph_lr_opposite_9/camera_images/1624830065.3739362.jpg
Cat1,20mph,lr,opposite,9,1624830065.4072695,/media/batool/MULTIMODAL_DATA/Multimodal_Data/Cat1/opposite/bag_files/Cat1_20mph_lr_opposite_9/camera_images/1624830065.4072695.jpg
Cat1,20mph,lr,opposite,9,1624830065.4406028,/media/batool/MULTIMODAL_DATA/Multimodal_Data/Cat1/opposite/bag_files/Cat1_20mph_lr_opposite_9/camera_images/1624830065.4406028.jpg
Cat1,20mph,lr,opposite,9,1624830065.473936,/media/batool/MULTIMODAL_DATA/Multimodal_Data/Cat1/opposite/bag_files/Cat1_20mph_lr_opposite_9/camera_images/1624830065.473936.jpg
Cat1,20mph,lr,opposite,9,1624830065.5072694,/media/batool/MULTIMODAL_DATA/Multimodal_Data/Cat1/opposite/bag_files/Cat1_20mph_lr_opposite_9/camera_images/1624830065.5072694.jpg
Cat1,20mph,lr,opposite,9,1624830065.5406027,/media/batool/MULTIMODAL_DATA/Multimodal_Data/Cat1/opposite/bag_files/Cat1_20mph_lr_opposite_9/camera_images/1624830065.5406027.jpg
Cat1,20mph,lr,opposite,9,1624830065.573936,/media/batool/MULTIMODAL_DATA/Multimodal_Data/Cat1/opposite/bag_files/Cat1_20mph_lr_opposite_9/camera_images/1624830065.573936.jpg
Cat1,20mph,lr,opposite,9,1624830065.6072693,/media/batool/MULTIMODAL_DATA/Multimodal_Data/Cat1/opposite/bag_files/Cat1_20mph_lr_opposite_9/camera_images/1624830065.6072693.jpg
Cat1,20mph,lr,opposite,9,1624830065.673936,/media/batool/MULTIMODAL_DATA/Multimodal_Data/Cat1/opposite/bag_files/Cat1_20mph_lr_opposite_9/camera_images/1624830065.673936.jpg
Cat1,20mph,lr,opposite,9,1624830065.7072692,/media/batool/MULTIMODAL_DATA/Multimodal_Data/Cat1/opposite/bag_files/Cat1_20mph_lr_opposite_9/camera_images/1624830065.7072692.jpg
Cat1,20mph,lr,opposite,9,1624830065.7406025,/media/batool/MULTIMODAL_DATA/Multimodal_Data/Cat1/opposite/bag_files/Cat1_20mph_lr_opposite_9/camera_images/1624830065.7406025.jpg
Cat1,20mph,lr,opposite,9,1624830065.7739358,/media/batool/MULTIMODAL_DATA/Multimodal_Data/Cat1/opposite/bag_files/Cat1_20mph_lr_opposite_9/camera_images/1624830065.7739358.jpg
Cat1,20mph,lr,opposite,9,1624830065.807269,/media/batool/MULTIMODAL_DATA/Multimodal_Data/Cat1/opposite/bag_files/Cat1_20mph_lr_opposite_9/camera_images/1624830065.807269.jpg
Cat1,20mph,lr,opposite,9,1624830065.8406024,/media/batool/MULTIMODAL_DATA/Multimodal_Data/Cat1/opposite/bag_files/Cat1_20mph_lr_opposite_9/camera_images/1624830065.8406024.jpg
Cat1,20mph,lr,opposite,9,1624830065.8739357,/media/batool/MULTIMODAL_DATA/Multimodal_Data/Cat1/opposite/bag_files/Cat1_20mph_lr_opposite_9/camera_images/1624830065.8739357.jpg
Cat1,20mph,lr,opposite,9,1624830065.907269,/media/batool/MULTIMODAL_DATA/Multimodal_Data/Cat1/opposite/bag_files/Cat1_20mph_lr_opposite_9/camera_images/1624830065.907269.jpg
Cat1,20mph,lr,opposite,9,1624830065.9406023,/media/batool/MULTIMODAL_DATA/Multimodal_Data/Cat1/opposite/bag_files/Cat1_20mph_lr_opposite_9/camera_images/1624830065.9406023.jpg
Cat1,20mph,lr,opposite,9,1624830065.9739356,/media/batool/MULTIMODAL_DATA/Multimodal_Data/Cat1/opposite/bag_files/Cat1_20mph_lr_opposite_9/camera_images/1624830065.9739356.jpg
Cat1,20mph,lr,opposite,9,1624830066.007269,/media/batool/MULTIMODAL_DATA/Multimodal_Data/Cat1/opposite/bag_files/Cat1_20mph_lr_opposite_9/camera_images/1624830066.007269.jpg
Cat1,20mph,lr,opposite,9,1624830066.0406022,/media/batool/MULTIMODAL_DATA/Multimodal_Data/Cat1/opposite/bag_files/Cat1_20mph_lr_opposite_9/camera_images/1624830066.0406022.jpg
Cat1,20mph,lr,opposite,9,1624830066.0739355,/media/batool/MULTIMODAL_DATA/Multimodal_Data/Cat1/opposite/bag_files/Cat1_20mph_lr_opposite_9/camera_images/1624830066.0739355.jpg
Cat1,20mph,lr,opposite,9,1624830066.1072688,/media/batool/MULTIMODAL_DATA/Multimodal_Data/Cat1/opposite/bag_files/Cat1_20mph_lr_opposite_9/camera_images/1624830066.1072688.jpg
Cat1,20mph,lr,opposite,9,1624830066.140602,/media/batool/MULTIMODAL_DATA/Multimodal_Data/Cat1/opposite/bag_files/Cat1_20mph_lr_opposite_9/camera_images/1624830066.140602.jpg
Cat1,20mph,lr,opposite,9,1624830066.2072687,/media/batool/MULTIMODAL_DATA/Multimodal_Data/Cat1/opposite/bag_files/Cat1_20mph_lr_opposite_9/camera_images/1624830066.2072687.jpg
Cat1,20mph,lr,opposite,9,1624830066.240602,/media/batool/MULTIMODAL_DATA/Multimodal_Data/Cat1/opposite/bag_files/Cat1_20mph_lr_opposite_9/camera_images/1624830066.240602.jpg
Cat1,20mph,lr,opposite,9,1624830066.2739353,/media/batool/MULTIMODAL_DATA/Multimodal_Data/Cat1/opposite/bag_files/Cat1_20mph_lr_opposite_9/camera_images/1624830066.2739353.jpg
Cat1,20mph,lr,opposite,9,1624830066.3072686,/media/batool/MULTIMODAL_DATA/Multimodal_Data/Cat1/opposite/bag_files/Cat1_20mph_lr_opposite_9/camera_images/1624830066.3072686.jpg
Cat1,20mph,lr,opposite,9,1624830066.340602,/media/batool/MULTIMODAL_DATA/Multimodal_Data/Cat1/opposite/bag_files/Cat1_20mph_lr_opposite_9/camera_images/1624830066.340602.jpg
Cat1,20mph,lr,opposite,9,1624830066.3739352,/media/batool/MULTIMODAL_DATA/Multimodal_Data/Cat1/opposite/bag_files/Cat1_20mph_lr_opposite_9/camera_images/1624830066.3739352.jpg
Cat1,20mph,lr,opposite,9,1624830066.4072685,/media/batool/MULTIMODAL_DATA/Multimodal_Data/Cat1/opposite/bag_files/Cat1_20mph_lr_opposite_9/camera_images/1624830066.4072685.jpg
Cat1,20mph,lr,opposite,9,1624830066.4406018,/media/batool/MULTIMODAL_DATA/Multimodal_Data/Cat1/opposite/bag_files/Cat1_20mph_lr_opposite_9/camera_images/1624830066.4406018.jpg
Cat1,20mph,lr,opposite,9,1624830066.4739351,/media/batool/MULTIMODAL_DATA/Multimodal_Data/Cat1/opposite/bag_files/Cat1_20mph_lr_opposite_9/camera_images/1624830066.4739351.jpg
Cat1,20mph,lr,opposite,9,1624830066.5072684,/media/batool/MULTIMODAL_DATA/Multimodal_Data/Cat1/opposite/bag_files/Cat1_20mph_lr_opposite_9/camera_images/1624830066.5072684.jpg
Cat1,20mph,lr,opposite,9,1624830066.5406017,/media/batool/MULTIMODAL_DATA/Multimodal_Data/Cat1/opposite/bag_files/Cat1_20mph_lr_opposite_9/camera_images/1624830066.5406017.jpg
Cat1,20mph,lr,opposite,9,1624830066.573935,/media/batool/MULTIMODAL_DATA/Multimodal_Data/Cat1/opposite/bag_files/Cat1_20mph_lr_opposite_9/camera_images/1624830066.573935.jpg
Cat1,20mph,lr,opposite,9,1624830066.6072683,/media/batool/MULTIMODAL_DATA/Multimodal_Data/Cat1/opposite/bag_files/Cat1_20mph_lr_opposite_9/camera_images/1624830066.6072683.jpg
Cat1,20mph,lr,opposite,9,1624830066.6406016,/media/batool/MULTIMODAL_DATA/Multimodal_Data/Cat1/opposite/bag_files/Cat1_20mph_lr_opposite_9/camera_images/1624830066.6406016.jpg
Cat1,20mph,lr,opposite,9,1624830066.673935,/media/batool/MULTIMODAL_DATA/Multimodal_Data/Cat1/opposite/bag_files/Cat1_20mph_lr_opposite_9/camera_images/1624830066.673935.jpg
Cat1,20mph,lr,opposite,9,1624830066.7406015,/media/batool/MULTIMODAL_DATA/Multimodal_Data/Cat1/opposite/bag_files/Cat1_20mph_lr_opposite_9/camera_images/1624830066.7406015.jpg
Cat1,20mph,lr,opposite,9,1624830066.7739348,/media/batool/MULTIMODAL_DATA/Multimodal_Data/Cat1/opposite/bag_files/Cat1_20mph_lr_opposite_9/camera_images/1624830066.7739348.jpg
Cat1,20mph,lr,opposite,9,1624830066.8072681,/media/batool/MULTIMODAL_DATA/Multimodal_Data/Cat1/opposite/bag_files/Cat1_20mph_lr_opposite_9/camera_images/1624830066.8072681.jpg
Cat1,20mph,lr,opposite,9,1624830066.8406014,/media/batool/MULTIMODAL_DATA/Multimodal_Data/Cat1/opposite/bag_files/Cat1_20mph_lr_opposite_9/camera_images/1624830066.8406014.jpg
Cat1,20mph,lr,opposite,9,1624830066.8739347,/media/batool/MULTIMODAL_DATA/Multimodal_Data/Cat1/opposite/bag_files/Cat1_20mph_lr_opposite_9/camera_images/1624830066.8739347.jpg
Cat1,20mph,lr,opposite,9,1624830066.907268,/media/batool/MULTIMODAL_DATA/Multimodal_Data/Cat1/opposite/bag_files/Cat1_20mph_lr_opposite_9/camera_images/1624830066.907268.jpg
Cat1,20mph,lr,opposite,9,1624830066.9406013,/media/batool/MULTIMODAL_DATA/Multimodal_Data/Cat1/opposite/bag_files/Cat1_20mph_lr_opposite_9/camera_images/1624830066.9406013.jpg
Cat1,20mph,lr,opposite,9,1624830066.9739347,/media/batool/MULTIMODAL_DATA/Multimodal_Data/Cat1/opposite/bag_files/Cat1_20mph_lr_opposite_9/camera_images/1624830066.9739347.jpg
Cat1,20mph,lr,opposite,9,1624830067.007268,/media/batool/MULTIMODAL_DATA/Multimodal_Data/Cat1/opposite/bag_files/Cat1_20mph_lr_opposite_9/camera_images/1624830067.007268.jpg
Cat1,20mph,lr,opposite,9,1624830067.0406013,/media/batool/MULTIMODAL_DATA/Multimodal_Data/Cat1/opposite/bag_files/Cat1_20mph_lr_opposite_9/camera_images/1624830067.0406013.jpg
Cat1,20mph,lr,opposite,9,1624830067.0739346,/media/batool/MULTIMODAL_DATA/Multimodal_Data/Cat1/opposite/bag_files/Cat1_20mph_lr_opposite_9/camera_images/1624830067.0739346.jpg
Cat1,20mph,lr,opposite,9,1624830067.1072679,/media/batool/MULTIMODAL_DATA/Multimodal_Data/Cat1/opposite/bag_files/Cat1_20mph_lr_opposite_9/camera_images/1624830067.1072679.jpg
Cat1,20mph,lr,opposite,9,1624830067.1406012,/media/batool/MULTIMODAL_DATA/Multimodal_Data/Cat1/opposite/bag_files/Cat1_20mph_lr_opposite_9/camera_images/1624830067.1406012.jpg
Cat1,20mph,lr,opposite,9,1624830067.1739345,/media/batool/MULTIMODAL_DATA/Multimodal_Data/Cat1/opposite/bag_files/Cat1_20mph_lr_opposite_9/camera_images/1624830067.1739345.jpg
Cat1,20mph,lr,opposite,9,1624830067.2072678,/media/batool/MULTIMODAL_DATA/Multimodal_Data/Cat1/opposite/bag_files/Cat1_20mph_lr_opposite_9/camera_images/1624830067.2072678.jpg
Cat1,20mph,lr,opposite,9,1624830067.2739344,/media/batool/MULTIMODAL_DATA/Multimodal_Data/Cat1/opposite/bag_files/Cat1_20mph_lr_opposite_9/camera_images/1624830067.2739344.jpg
Cat1,20mph,lr,opposite,9,1624830067.3072677,/media/batool/MULTIMODAL_DATA/Multimodal_Data/Cat1/opposite/bag_files/Cat1_20mph_lr_opposite_9/camera_images/1624830067.3072677.jpg
Cat1,20mph,lr,opposite,9,1624830067.340601,/media/batool/MULTIMODAL_DATA/Multimodal_Data/Cat1/opposite/bag_files/Cat1_20mph_lr_opposite_9/camera_images/1624830067.340601.jpg
Cat1,20mph,lr,opposite,9,1624830067.3739343,/media/batool/MULTIMODAL_DATA/Multimodal_Data/Cat1/opposite/bag_files/Cat1_20mph_lr_opposite_9/camera_images/1624830067.3739343.jpg
Cat1,20mph,lr,opposite,9,1624830067.4072676,/media/batool/MULTIMODAL_DATA/Multimodal_Data/Cat1/opposite/bag_files/Cat1_20mph_lr_opposite_9/camera_images/1624830067.4072676.jpg
Cat1,20mph,lr,opposite,9,1624830067.4406009,/media/batool/MULTIMODAL_DATA/Multimodal_Data/Cat1/opposite/bag_files/Cat1_20mph_lr_opposite_9/camera_images/1624830067.4406009.jpg
Cat1,20mph,lr,opposite,9,1624830067.4739342,/media/batool/MULTIMODAL_DATA/Multimodal_Data/Cat1/opposite/bag_files/Cat1_20mph_lr_opposite_9/camera_images/1624830067.4739342.jpg
Cat1,20mph,lr,opposite,9,1624830067.5072675,/media/batool/MULTIMODAL_DATA/Multimodal_Data/Cat1/opposite/bag_files/Cat1_20mph_lr_opposite_9/camera_images/1624830067.5072675.jpg
Cat1,20mph,lr,opposite,9,1624830067.5406008,/media/batool/MULTIMODAL_DATA/Multimodal_Data/Cat1/opposite/bag_files/Cat1_20mph_lr_opposite_9/camera_images/1624830067.5406008.jpg
Cat1,20mph,lr,opposite,9,1624830067.573934,/media/batool/MULTIMODAL_DATA/Multimodal_Data/Cat1/opposite/bag_files/Cat1_20mph_lr_opposite_9/camera_images/1624830067.573934.jpg
Cat1,20mph,lr,opposite,9,1624830067.6072674,/media/batool/MULTIMODAL_DATA/Multimodal_Data/Cat1/opposite/bag_files/Cat1_20mph_lr_opposite_9/camera_images/1624830067.6072674.jpg
Cat1,20mph,lr,opposite,9,1624830067.6406007,/media/batool/MULTIMODAL_DATA/Multimodal_Data/Cat1/opposite/bag_files/Cat1_20mph_lr_opposite_9/camera_images/1624830067.6406007.jpg
Cat1,20mph,lr,opposite,9,1624830067.673934,/media/batool/MULTIMODAL_DATA/Multimodal_Data/Cat1/opposite/bag_files/Cat1_20mph_lr_opposite_9/camera_images/1624830067.673934.jpg
Cat1,20mph,lr,opposite,9,1624830067.7072673,/media/batool/MULTIMODAL_DATA/Multimodal_Data/Cat1/opposite/bag_files/Cat1_20mph_lr_opposite_9/camera_images/1624830067.7072673.jpg
Cat1,20mph,lr,opposite,9,1624830067.7406006,/media/batool/MULTIMODAL_DATA/Multimodal_Data/Cat1/opposite/bag_files/Cat1_20mph_lr_opposite_9/camera_images/1624830067.7406006.jpg
Cat1,20mph,lr,opposite,9,1624830067.8072672,/media/batool/MULTIMODAL_DATA/Multimodal_Data/Cat1/opposite/bag_files/Cat1_20mph_lr_opposite_9/camera_images/1624830067.8072672.jpg
Cat1,20mph,lr,opposite,9,1624830067.8406005,/media/batool/MULTIMODAL_DATA/Multimodal_Data/Cat1/opposite/bag_files/Cat1_20mph_lr_opposite_9/camera_images/1624830067.8406005.jpg
Cat1,20mph,lr,opposite,9,1624830067.8739338,/media/batool/MULTIMODAL_DATA/Multimodal_Data/Cat1/opposite/bag_files/Cat1_20mph_lr_opposite_9/camera_images/1624830067.8739338.jpg
Cat1,20mph,lr,opposite,9,1624830067.907267,/media/batool/MULTIMODAL_DATA/Multimodal_Data/Cat1/opposite/bag_files/Cat1_20mph_lr_opposite_9/camera_images/1624830067.907267.jpg
Cat1,20mph,lr,opposite,9,1624830067.9406004,/media/batool/MULTIMODAL_DATA/Multimodal_Data/Cat1/opposite/bag_files/Cat1_20mph_lr_opposite_9/camera_images/1624830067.9406004.jpg
Cat1,20mph,lr,opposite,9,1624830067.9739337,/media/batool/MULTIMODAL_DATA/Multimodal_Data/Cat1/opposite/bag_files/Cat1_20mph_lr_opposite_9/camera_images/1624830067.9739337.jpg
Cat1,20mph,lr,opposite,9,1624830068.007267,/media/batool/MULTIMODAL_DATA/Multimodal_Data/Cat1/opposite/bag_files/Cat1_20mph_lr_opposite_9/camera_images/1624830068.007267.jpg
Cat1,20mph,lr,opposite,9,1624830068.0406003,/media/batool/MULTIMODAL_DATA/Multimodal_Data/Cat1/opposite/bag_files/Cat1_20mph_lr_opposite_9/camera_images/1624830068.0406003.jpg
Cat1,20mph,lr,opposite,9,1624830068.0739336,/media/batool/MULTIMODAL_DATA/Multimodal_Data/Cat1/opposite/bag_files/Cat1_20mph_lr_opposite_9/camera_images/1624830068.0739336.jpg
Cat1,20mph,lr,opposite,9,1624830068.107267,/media/batool/MULTIMODAL_DATA/Multimodal_Data/Cat1/opposite/bag_files/Cat1_20mph_lr_opposite_9/camera_images/1624830068.107267.jpg
Cat1,20mph,lr,opposite,9,1624830068.1406002,/media/batool/MULTIMODAL_DATA/Multimodal_Data/Cat1/opposite/bag_files/Cat1_20mph_lr_opposite_9/camera_images/1624830068.1406002.jpg
Cat1,20mph,lr,opposite,9,1624830068.1739335,/media/batool/MULTIMODAL_DATA/Multimodal_Data/Cat1/opposite/bag_files/Cat1_20mph_lr_opposite_9/camera_images/1624830068.1739335.jpg
Cat1,20mph,lr,opposite,9,1624830068.2072668,/media/batool/MULTIMODAL_DATA/Multimodal_Data/Cat1/opposite/bag_files/Cat1_20mph_lr_opposite_9/camera_images/1624830068.2072668.jpg
Cat1,20mph,lr,opposite,9,1624830068.2406,/media/batool/MULTIMODAL_DATA/Multimodal_Data/Cat1/opposite/bag_files/Cat1_20mph_lr_opposite_9/camera_images/1624830068.2406.jpg
Cat1,20mph,lr,opposite,9,1624830068.2739334,/media/batool/MULTIMODAL_DATA/Multimodal_Data/Cat1/opposite/bag_files/Cat1_20mph_lr_opposite_9/camera_images/1624830068.2739334.jpg
Cat1,20mph,lr,opposite,9,1624830068.3406,/media/batool/MULTIMODAL_DATA/Multimodal_Data/Cat1/opposite/bag_files/Cat1_20mph_lr_opposite_9/camera_images/1624830068.3406.jpg
Cat1,20mph,lr,opposite,9,1624830068.3739333,/media/batool/MULTIMODAL_DATA/Multimodal_Data/Cat1/opposite/bag_files/Cat1_20mph_lr_opposite_9/camera_images/1624830068.3739333.jpg
Cat1,20mph,lr,opposite,9,1624830068.4072666,/media/batool/MULTIMODAL_DATA/Multimodal_Data/Cat1/opposite/bag_files/Cat1_20mph_lr_opposite_9/camera_images/1624830068.4072666.jpg
Cat1,20mph,lr,opposite,9,1624830068.4406,/media/batool/MULTIMODAL_DATA/Multimodal_Data/Cat1/opposite/bag_files/Cat1_20mph_lr_opposite_9/camera_images/1624830068.4406.jpg
Cat1,20mph,lr,opposite,9,1624830068.4739332,/media/batool/MULTIMODAL_DATA/Multimodal_Data/Cat1/opposite/bag_files/Cat1_20mph_lr_opposite_9/camera_images/1624830068.4739332.jpg
Cat1,20mph,lr,opposite,9,1624830068.5072665,/media/batool/MULTIMODAL_DATA/Multimodal_Data/Cat1/opposite/bag_files/Cat1_20mph_lr_opposite_9/camera_images/1624830068.5072665.jpg
Cat1,20mph,lr,opposite,9,1624830068.5405998,/media/batool/MULTIMODAL_DATA/Multimodal_Data/Cat1/opposite/bag_files/Cat1_20mph_lr_opposite_9/camera_images/1624830068.5405998.jpg
Cat1,20mph,lr,opposite,9,1624830068.5739331,/media/batool/MULTIMODAL_DATA/Multimodal_Data/Cat1/opposite/bag_files/Cat1_20mph_lr_opposite_9/camera_images/1624830068.5739331.jpg
Cat1,20mph,lr,opposite,9,1624830068.6072664,/media/batool/MULTIMODAL_DATA/Multimodal_Data/Cat1/opposite/bag_files/Cat1_20mph_lr_opposite_9/camera_images/1624830068.6072664.jpg
Cat1,20mph,lr,opposite,9,1624830068.6405997,/media/batool/MULTIMODAL_DATA/Multimodal_Data/Cat1/opposite/bag_files/Cat1_20mph_lr_opposite_9/camera_images/1624830068.6405997.jpg
Cat1,20mph,lr,opposite,9,1624830068.673933,/media/batool/MULTIMODAL_DATA/Multimodal_Data/Cat1/opposite/bag_files/Cat1_20mph_lr_opposite_9/camera_images/1624830068.673933.jpg
Cat1,20mph,lr,opposite,9,1624830068.7072663,/media/batool/MULTIMODAL_DATA/Multimodal_Data/Cat1/opposite/bag_files/Cat1_20mph_lr_opposite_9/camera_images/1624830068.7072663.jpg
Cat1,20mph,lr,opposite,9,1624830068.7405996,/media/batool/MULTIMODAL_DATA/Multimodal_Data/Cat1/opposite/bag_files/Cat1_20mph_lr_opposite_9/camera_images/1624830068.7405996.jpg
Cat1,20mph,lr,opposite,9,1624830068.773933,/media/batool/MULTIMODAL_DATA/Multimodal_Data/Cat1/opposite/bag_files/Cat1_20mph_lr_opposite_9/camera_images/1624830068.773933.jpg
Cat1,20mph,lr,opposite,9,1624830068.8072662,/media/batool/MULTIMODAL_DATA/Multimodal_Data/Cat1/opposite/bag_files/Cat1_20mph_lr_opposite_9/camera_images/1624830068.8072662.jpg
Cat1,20mph,lr,opposite,9,1624830068.8739328,/media/batool/MULTIMODAL_DATA/Multimodal_Data/Cat1/opposite/bag_files/Cat1_20mph_lr_opposite_9/camera_images/1624830068.8739328.jpg
Cat1,20mph,lr,opposite,9,1624830068.9072661,/media/batool/MULTIMODAL_DATA/Multimodal_Data/Cat1/opposite/bag_files/Cat1_20mph_lr_opposite_9/camera_images/1624830068.9072661.jpg
Cat1,20mph,lr,opposite,9,1624830068.9405994,/media/batool/MULTIMODAL_DATA/Multimodal_Data/Cat1/opposite/bag_files/Cat1_20mph_lr_opposite_9/camera_images/1624830068.9405994.jpg
Cat1,20mph,lr,opposite,9,1624830068.9739327,/media/batool/MULTIMODAL_DATA/Multimodal_Data/Cat1/opposite/bag_files/Cat1_20mph_lr_opposite_9/camera_images/1624830068.9739327.jpg
Cat1,20mph,lr,opposite,9,1624830069.007266,/media/batool/MULTIMODAL_DATA/Multimodal_Data/Cat1/opposite/bag_files/Cat1_20mph_lr_opposite_9/camera_images/1624830069.007266.jpg
Cat1,20mph,lr,opposite,9,1624830069.0405993,/media/batool/MULTIMODAL_DATA/Multimodal_Data/Cat1/opposite/bag_files/Cat1_20mph_lr_opposite_9/camera_images/1624830069.0405993.jpg
Cat1,20mph,lr,opposite,9,1624830069.0739326,/media/batool/MULTIMODAL_DATA/Multimodal_Data/Cat1/opposite/bag_files/Cat1_20mph_lr_opposite_9/camera_images/1624830069.0739326.jpg
Cat1,20mph,lr,opposite,9,1624830069.107266,/media/batool/MULTIMODAL_DATA/Multimodal_Data/Cat1/opposite/bag_files/Cat1_20mph_lr_opposite_9/camera_images/1624830069.107266.jpg
Cat1,20mph,lr,opposite,9,1624830069.1405993,/media/batool/MULTIMODAL_DATA/Multimodal_Data/Cat1/opposite/bag_files/Cat1_20mph_lr_opposite_9/camera_images/1624830069.1405993.jpg
Cat1,20mph,lr,opposite,9,1624830069.1739326,/media/batool/MULTIMODAL_DATA/Multimodal_Data/Cat1/opposite/bag_files/Cat1_20mph_lr_opposite_9/camera_images/1624830069.1739326.jpg
Cat1,20mph,lr,opposite,9,1624830069.2072659,/media/batool/MULTIMODAL_DATA/Multimodal_Data/Cat1/opposite/bag_files/Cat1_20mph_lr_opposite_9/camera_images/1624830069.2072659.jpg
Cat1,20mph,lr,opposite,9,1624830069.2405992,/media/batool/MULTIMODAL_DATA/Multimodal_Data/Cat1/opposite/bag_files/Cat1_20mph_lr_opposite_9/camera_images/1624830069.2405992.jpg
Cat1,20mph,lr,opposite,9,1624830069.2739325,/media/batool/MULTIMODAL_DATA/Multimodal_Data/Cat1/opposite/bag_files/Cat1_20mph_lr_opposite_9/camera_images/1624830069.2739325.jpg
Cat1,20mph,lr,opposite,9,1624830069.3072658,/media/batool/MULTIMODAL_DATA/Multimodal_Data/Cat1/opposite/bag_files/Cat1_20mph_lr_opposite_9/camera_images/1624830069.3072658.jpg
Cat1,20mph,lr,opposite,9,1624830069.340599,/media/batool/MULTIMODAL_DATA/Multimodal_Data/Cat1/opposite/bag_files/Cat1_20mph_lr_opposite_9/camera_images/1624830069.340599.jpg
Cat1,20mph,lr,opposite,9,1624830069.4072657,/media/batool/MULTIMODAL_DATA/Multimodal_Data/Cat1/opposite/bag_files/Cat1_20mph_lr_opposite_9/camera_images/1624830069.4072657.jpg
Cat1,20mph,lr,opposite,9,1624830069.440599,/media/batool/MULTIMODAL_DATA/Multimodal_Data/Cat1/opposite/bag_files/Cat1_20mph_lr_opposite_9/camera_images/1624830069.440599.jpg
Cat1,20mph,lr,opposite,9,1624830069.4739323,/media/batool/MULTIMODAL_DATA/Multimodal_Data/Cat1/opposite/bag_files/Cat1_20mph_lr_opposite_9/camera_images/1624830069.4739323.jpg
Cat1,20mph,lr,opposite,9,1624830069.5072656,/media/batool/MULTIMODAL_DATA/Multimodal_Data/Cat1/opposite/bag_files/Cat1_20mph_lr_opposite_9/camera_images/1624830069.5072656.jpg
Cat1,20mph,lr,opposite,9,1624830069.5405989,/media/batool/MULTIMODAL_DATA/Multimodal_Data/Cat1/opposite/bag_files/Cat1_20mph_lr_opposite_9/camera_images/1624830069.5405989.jpg
Cat1,20mph,lr,opposite,9,1624830069.5739322,/media/batool/MULTIMODAL_DATA/Multimodal_Data/Cat1/opposite/bag_files/Cat1_20mph_lr_opposite_9/camera_images/1624830069.5739322.jpg
Cat1,20mph,lr,opposite,9,1624830069.6072655,/media/batool/MULTIMODAL_DATA/Multimodal_Data/Cat1/opposite/bag_files/Cat1_20mph_lr_opposite_9/camera_images/1624830069.6072655.jpg
Cat1,20mph,lr,opposite,9,1624830069.6405988,/media/batool/MULTIMODAL_DATA/Multimodal_Data/Cat1/opposite/bag_files/Cat1_20mph_lr_opposite_9/camera_images/1624830069.6405988.jpg
Cat1,20mph,lr,opposite,9,1624830069.673932,/media/batool/MULTIMODAL_DATA/Multimodal_Data/Cat1/opposite/bag_files/Cat1_20mph_lr_opposite_9/camera_images/1624830069.673932.jpg
Cat1,20mph,lr,opposite,9,1624830069.7072654,/media/batool/MULTIMODAL_DATA/Multimodal_Data/Cat1/opposite/bag_files/Cat1_20mph_lr_opposite_9/camera_images/1624830069.7072654.jpg
Cat1,20mph,lr,opposite,9,1624830069.7405987,/media/batool/MULTIMODAL_DATA/Multimodal_Data/Cat1/opposite/bag_files/Cat1_20mph_lr_opposite_9/camera_images/1624830069.7405987.jpg
Cat1,20mph,lr,opposite,9,1624830069.773932,/media/batool/MULTIMODAL_DATA/Multimodal_Data/Cat1/opposite/bag_files/Cat1_20mph_lr_opposite_9/camera_images/1624830069.773932.jpg
Cat1,20mph,lr,opposite,9,1624830069.8072653,/media/batool/MULTIMODAL_DATA/Multimodal_Data/Cat1/opposite/bag_files/Cat1_20mph_lr_opposite_9/camera_images/1624830069.8072653.jpg
Cat1,20mph,lr,opposite,9,1624830069.8405986,/media/batool/MULTIMODAL_DATA/Multimodal_Data/Cat1/opposite/bag_files/Cat1_20mph_lr_opposite_9/camera_images/1624830069.8405986.jpg
Cat1,20mph,lr,opposite,9,1624830069.873932,/media/batool/MULTIMODAL_DATA/Multimodal_Data/Cat1/opposite/bag_files/Cat1_20mph_lr_opposite_9/camera_images/1624830069.873932.jpg
Cat1,20mph,lr,opposite,9,1624830069.9405985,/media/batool/MULTIMODAL_DATA/Multimodal_Data/Cat1/opposite/bag_files/Cat1_20mph_lr_opposite_9/camera_images/1624830069.9405985.jpg
Cat1,20mph,lr,opposite,9,1624830069.9739318,/media/batool/MULTIMODAL_DATA/Multimodal_Data/Cat1/opposite/bag_files/Cat1_20mph_lr_opposite_9/camera_images/1624830069.9739318.jpg
Cat1,20mph,lr,opposite,9,1624830070.007265,/media/batool/MULTIMODAL_DATA/Multimodal_Data/Cat1/opposite/bag_files/Cat1_20mph_lr_opposite_9/camera_images/1624830070.007265.jpg
Cat1,20mph,lr,opposite,9,1624830070.0405984,/media/batool/MULTIMODAL_DATA/Multimodal_Data/Cat1/opposite/bag_files/Cat1_20mph_lr_opposite_9/camera_images/1624830070.0405984.jpg
Cat1,20mph,lr,opposite,9,1624830070.0739317,/media/batool/MULTIMODAL_DATA/Multimodal_Data/Cat1/opposite/bag_files/Cat1_20mph_lr_opposite_9/camera_images/1624830070.0739317.jpg
Cat1,20mph,lr,opposite,9,1624830070.107265,/media/batool/MULTIMODAL_DATA/Multimodal_Data/Cat1/opposite/bag_files/Cat1_20mph_lr_opposite_9/camera_images/1624830070.107265.jpg
Cat1,20mph,lr,opposite,9,1624830070.1405983,/media/batool/MULTIMODAL_DATA/Multimodal_Data/Cat1/opposite/bag_files/Cat1_20mph_lr_opposite_9/camera_images/1624830070.1405983.jpg
Cat1,20mph,lr,opposite,9,1624830070.1739316,/media/batool/MULTIMODAL_DATA/Multimodal_Data/Cat1/opposite/bag_files/Cat1_20mph_lr_opposite_9/camera_images/1624830070.1739316.jpg
Cat1,20mph,lr,opposite,9,1624830070.207265,/media/batool/MULTIMODAL_DATA/Multimodal_Data/Cat1/opposite/bag_files/Cat1_20mph_lr_opposite_9/camera_images/1624830070.207265.jpg
Cat1,20mph,lr,opposite,9,1624830070.2405982,/media/batool/MULTIMODAL_DATA/Multimodal_Data/Cat1/opposite/bag_files/Cat1_20mph_lr_opposite_9/camera_images/1624830070.2405982.jpg
Cat1,20mph,lr,opposite,9,1624830070.2739315,/media/batool/MULTIMODAL_DATA/Multimodal_Data/Cat1/opposite/bag_files/Cat1_20mph_lr_opposite_9/camera_images/1624830070.2739315.jpg
Cat1,20mph,lr,opposite,9,1624830070.3072648,/media/batool/MULTIMODAL_DATA/Multimodal_Data/Cat1/opposite/bag_files/Cat1_20mph_lr_opposite_9/camera_images/1624830070.3072648.jpg
Cat1,20mph,lr,opposite,9,1624830070.340598,/media/batool/MULTIMODAL_DATA/Multimodal_Data/Cat1/opposite/bag_files/Cat1_20mph_lr_opposite_9/camera_images/1624830070.340598.jpg
Cat1,20mph,lr,opposite,9,1624830070.3739314,/media/batool/MULTIMODAL_DATA/Multimodal_Data/Cat1/opposite/bag_files/Cat1_20mph_lr_opposite_9/camera_images/1624830070.3739314.jpg
Cat1,20mph,lr,opposite,9,1624830070.4072647,/media/batool/MULTIMODAL_DATA/Multimodal_Data/Cat1/opposite/bag_files/Cat1_20mph_lr_opposite_9/camera_images/1624830070.4072647.jpg
Cat1,20mph,lr,opposite,9,1624830070.4739313,/media/batool/MULTIMODAL_DATA/Multimodal_Data/Cat1/opposite/bag_files/Cat1_20mph_lr_opposite_9/camera_images/1624830070.4739313.jpg
Cat1,20mph,lr,opposite,9,1624830070.5072646,/media/batool/MULTIMODAL_DATA/Multimodal_Data/Cat1/opposite/bag_files/Cat1_20mph_lr_opposite_9/camera_images/1624830070.5072646.jpg
Cat1,20mph,lr,opposite,9,1624830070.540598,/media/batool/MULTIMODAL_DATA/Multimodal_Data/Cat1/opposite/bag_files/Cat1_20mph_lr_opposite_9/camera_images/1624830070.540598.jpg
Cat1,20mph,lr,opposite,9,1624830070.5739312,/media/batool/MULTIMODAL_DATA/Multimodal_Data/Cat1/opposite/bag_files/Cat1_20mph_lr_opposite_9/camera_images/1624830070.5739312.jpg
Cat1,20mph,lr,opposite,9,1624830070.6072645,/media/batool/MULTIMODAL_DATA/Multimodal_Data/Cat1/opposite/bag_files/Cat1_20mph_lr_opposite_9/camera_images/1624830070.6072645.jpg
Cat1,20mph,lr,opposite,9,1624830070.6405978,/media/batool/MULTIMODAL_DATA/Multimodal_Data/Cat1/opposite/bag_files/Cat1_20mph_lr_opposite_9/camera_images/1624830070.6405978.jpg
Cat1,20mph,lr,opposite,9,1624830070.6739311,/media/batool/MULTIMODAL_DATA/Multimodal_Data/Cat1/opposite/bag_files/Cat1_20mph_lr_opposite_9/camera_images/1624830070.6739311.jpg
Cat1,20mph,lr,opposite,9,1624830070.7072644,/media/batool/MULTIMODAL_DATA/Multimodal_Data/Cat1/opposite/bag_files/Cat1_20mph_lr_opposite_9/camera_images/1624830070.7072644.jpg
Cat1,20mph,lr,opposite,9,1624830070.7405977,/media/batool/MULTIMODAL_DATA/Multimodal_Data/Cat1/opposite/bag_files/Cat1_20mph_lr_opposite_9/camera_images/1624830070.7405977.jpg
Cat1,20mph,lr,opposite,9,1624830070.773931,/media/batool/MULTIMODAL_DATA/Multimodal_Data/Cat1/opposite/bag_files/Cat1_20mph_lr_opposite_9/camera_images/1624830070.773931.jpg
Cat1,20mph,lr,opposite,9,1624830070.8072643,/media/batool/MULTIMODAL_DATA/Multimodal_Data/Cat1/opposite/bag_files/Cat1_20mph_lr_opposite_9/camera_images/1624830070.8072643.jpg
Cat1,20mph,lr,opposite,9,1624830070.8405976,/media/batool/MULTIMODAL_DATA/Multimodal_Data/Cat1/opposite/bag_files/Cat1_20mph_lr_opposite_9/camera_images/1624830070.8405976.jpg
Cat1,20mph,lr,opposite,9,1624830070.873931,/media/batool/MULTIMODAL_DATA/Multimodal_Data/Cat1/opposite/bag_files/Cat1_20mph_lr_opposite_9/camera_images/1624830070.873931.jpg
Cat1,20mph,lr,opposite,9,1624830070.9072642,/media/batool/MULTIMODAL_DATA/Multimodal_Data/Cat1/opposite/bag_files/Cat1_20mph_lr_opposite_9/camera_images/1624830070.9072642.jpg
Cat1,20mph,lr,opposite,9,1624830070.9405975,/media/batool/MULTIMODAL_DATA/Multimodal_Data/Cat1/opposite/bag_files/Cat1_20mph_lr_opposite_9/camera_images/1624830070.9405975.jpg
Cat1,20mph,lr,opposite,9,1624830071.0072641,/media/batool/MULTIMODAL_DATA/Multimodal_Data/Cat1/opposite/bag_files/Cat1_20mph_lr_opposite_9/camera_images/1624830071.0072641.jpg
Cat1,20mph,lr,opposite,9,1624830071.0405974,/media/batool/MULTIMODAL_DATA/Multimodal_Data/Cat1/opposite/bag_files/Cat1_20mph_lr_opposite_9/camera_images/1624830071.0405974.jpg
Cat1,20mph,lr,opposite,9,1624830071.0739307,/media/batool/MULTIMODAL_DATA/Multimodal_Data/Cat1/opposite/bag_files/Cat1_20mph_lr_opposite_9/camera_images/1624830071.0739307.jpg
Cat1,20mph,lr,opposite,9,1624830071.107264,/media/batool/MULTIMODAL_DATA/Multimodal_Data/Cat1/opposite/bag_files/Cat1_20mph_lr_opposite_9/camera_images/1624830071.107264.jpg
Cat1,20mph,lr,opposite,9,1624830071.1405973,/media/batool/MULTIMODAL_DATA/Multimodal_Data/Cat1/opposite/bag_files/Cat1_20mph_lr_opposite_9/camera_images/1624830071.1405973.jpg
Cat1,20mph,lr,opposite,9,1624830071.1739306,/media/batool/MULTIMODAL_DATA/Multimodal_Data/Cat1/opposite/bag_files/Cat1_20mph_lr_opposite_9/camera_images/1624830071.1739306.jpg
Cat1,20mph,lr,opposite,9,1624830071.207264,/media/batool/MULTIMODAL_DATA/Multimodal_Data/Cat1/opposite/bag_files/Cat1_20mph_lr_opposite_9/camera_images/1624830071.207264.jpg
Cat1,20mph,lr,opposite,9,1624830071.2405972,/media/batool/MULTIMODAL_DATA/Multimodal_Data/Cat1/opposite/bag_files/Cat1_20mph_lr_opposite_9/camera_images/1624830071.2405972.jpg
Cat1,20mph,lr,opposite,9,1624830071.2739305,/media/batool/MULTIMODAL_DATA/Multimodal_Data/Cat1/opposite/bag_files/Cat1_20mph_lr_opposite_9/camera_images/1624830071.2739305.jpg
Cat1,20mph,lr,opposite,9,1624830071.3072639,/media/batool/MULTIMODAL_DATA/Multimodal_Data/Cat1/opposite/bag_files/Cat1_20mph_lr_opposite_9/camera_images/1624830071.3072639.jpg
Cat1,20mph,lr,opposite,9,1624830071.3405972,/media/batool/MULTIMODAL_DATA/Multimodal_Data/Cat1/opposite/bag_files/Cat1_20mph_lr_opposite_9/camera_images/1624830071.3405972.jpg
Cat1,20mph,lr,opposite,9,1624830071.3739305,/media/batool/MULTIMODAL_DATA/Multimodal_Data/Cat1/opposite/bag_files/Cat1_20mph_lr_opposite_9/camera_images/1624830071.3739305.jpg
Cat1,20mph,lr,opposite,9,1624830071.4072638,/media/batool/MULTIMODAL_DATA/Multimodal_Data/Cat1/opposite/bag_files/Cat1_20mph_lr_opposite_9/camera_images/1624830071.4072638.jpg
Cat1,20mph,lr,opposite,9,1624830071.440597,/media/batool/MULTIMODAL_DATA/Multimodal_Data/Cat1/opposite/bag_files/Cat1_20mph_lr_opposite_9/camera_images/1624830071.440597.jpg
Cat1,20mph,lr,opposite,9,1624830071.4739304,/media/batool/MULTIMODAL_DATA/Multimodal_Data/Cat1/opposite/bag_files/Cat1_20mph_lr_opposite_9/camera_images/1624830071.4739304.jpg
Cat1,20mph,lr,opposite,9,1624830071.5072637,/media/batool/MULTIMODAL_DATA/Multimodal_Data/Cat1/opposite/bag_files/Cat1_20mph_lr_opposite_9/camera_images/1624830071.5072637.jpg
Cat1,20mph,lr,opposite,9,1624830071.540597,/media/batool/MULTIMODAL_DATA/Multimodal_Data/Cat1/opposite/bag_files/Cat1_20mph_lr_opposite_9/camera_images/1624830071.540597.jpg
Cat1,20mph,lr,opposite,9,1624830071.5739303,/media/batool/MULTIMODAL_DATA/Multimodal_Data/Cat1/opposite/bag_files/Cat1_20mph_lr_opposite_9/camera_images/1624830071.5739303.jpg
Cat1,20mph,lr,opposite,9,1624830071.6072636,/media/batool/MULTIMODAL_DATA/Multimodal_Data/Cat1/opposite/bag_files/Cat1_20mph_lr_opposite_9/camera_images/1624830071.6072636.jpg
Cat1,20mph,lr,opposite,9,1624830071.6405969,/media/batool/MULTIMODAL_DATA/Multimodal_Data/Cat1/opposite/bag_files/Cat1_20mph_lr_opposite_9/camera_images/1624830071.6405969.jpg
Cat1,20mph,lr,opposite,9,1624830071.6739302,/media/batool/MULTIMODAL_DATA/Multimodal_Data/Cat1/opposite/bag_files/Cat1_20mph_lr_opposite_9/camera_images/1624830071.6739302.jpg
Cat1,20mph,lr,opposite,9,1624830071.7072635,/media/batool/MULTIMODAL_DATA/Multimodal_Data/Cat1/opposite/bag_files/Cat1_20mph_lr_opposite_9/camera_images/1624830071.7072635.jpg
Cat1,20mph,lr,opposite,9,1624830071.7405968,/media/batool/MULTIMODAL_DATA/Multimodal_Data/Cat1/opposite/bag_files/Cat1_20mph_lr_opposite_9/camera_images/1624830071.7405968.jpg
Cat1,20mph,lr,opposite,9,1624830071.77393,/media/batool/MULTIMODAL_DATA/Multimodal_Data/Cat1/opposite/bag_files/Cat1_20mph_lr_opposite_9/camera_images/1624830071.77393.jpg
Cat1,20mph,lr,opposite,9,1624830071.8072634,/media/batool/MULTIMODAL_DATA/Multimodal_Data/Cat1/opposite/bag_files/Cat1_20mph_lr_opposite_9/camera_images/1624830071.8072634.jpg
