Category,speed,direction,lane,episode,Time header,lidar number,path to the file
Cat1,20mph,lr,opposite,9,1624830055.762566000,ns1,/media/batool/MULTIMODAL_DATA/Multimodal_Data/Cat1/opposite/bag_files/Cat1_20mph_lr_opposite_9/lidar_pcd/ns1/velodyne_points/1624830055.762566000.pcd
Cat1,20mph,lr,opposite,9,1624830055.863440000,ns1,/media/batool/MULTIMODAL_DATA/Multimodal_Data/Cat1/opposite/bag_files/Cat1_20mph_lr_opposite_9/lidar_pcd/ns1/velodyne_points/1624830055.863440000.pcd
Cat1,20mph,lr,opposite,9,1624830055.964299000,ns1,/media/batool/MULTIMODAL_DATA/Multimodal_Data/Cat1/opposite/bag_files/Cat1_20mph_lr_opposite_9/lidar_pcd/ns1/velodyne_points/1624830055.964299000.pcd
Cat1,20mph,lr,opposite,9,1624830056.065165000,ns1,/media/batool/MULTIMODAL_DATA/Multimodal_Data/Cat1/opposite/bag_files/Cat1_20mph_lr_opposite_9/lidar_pcd/ns1/velodyne_points/1624830056.065165000.pcd
Cat1,20mph,lr,opposite,9,1624830056.166002000,ns1,/media/batool/MULTIMODAL_DATA/Multimodal_Data/Cat1/opposite/bag_files/Cat1_20mph_lr_opposite_9/lidar_pcd/ns1/velodyne_points/1624830056.166002000.pcd
Cat1,20mph,lr,opposite,9,1624830056.266851000,ns1,/media/batool/MULTIMODAL_DATA/Multimodal_Data/Cat1/opposite/bag_files/Cat1_20mph_lr_opposite_9/lidar_pcd/ns1/velodyne_points/1624830056.266851000.pcd
Cat1,20mph,lr,opposite,9,1624830056.367724000,ns1,/media/batool/MULTIMODAL_DATA/Multimodal_Data/Cat1/opposite/bag_files/Cat1_20mph_lr_opposite_9/lidar_pcd/ns1/velodyne_points/1624830056.367724000.pcd
Cat1,20mph,lr,opposite,9,1624830056.468584000,ns1,/media/batool/MULTIMODAL_DATA/Multimodal_Data/Cat1/opposite/bag_files/Cat1_20mph_lr_opposite_9/lidar_pcd/ns1/velodyne_points/1624830056.468584000.pcd
Cat1,20mph,lr,opposite,9,1624830056.569444000,ns1,/media/batool/MULTIMODAL_DATA/Multimodal_Data/Cat1/opposite/bag_files/Cat1_20mph_lr_opposite_9/lidar_pcd/ns1/velodyne_points/1624830056.569444000.pcd
Cat1,20mph,lr,opposite,9,1624830056.670295000,ns1,/media/batool/MULTIMODAL_DATA/Multimodal_Data/Cat1/opposite/bag_files/Cat1_20mph_lr_opposite_9/lidar_pcd/ns1/velodyne_points/1624830056.670295000.pcd
Cat1,20mph,lr,opposite,9,1624830056.771153000,ns1,/media/batool/MULTIMODAL_DATA/Multimodal_Data/Cat1/opposite/bag_files/Cat1_20mph_lr_opposite_9/lidar_pcd/ns1/velodyne_points/1624830056.771153000.pcd
Cat1,20mph,lr,opposite,9,1624830056.871995000,ns1,/media/batool/MULTIMODAL_DATA/Multimodal_Data/Cat1/opposite/bag_files/Cat1_20mph_lr_opposite_9/lidar_pcd/ns1/velodyne_points/1624830056.871995000.pcd
Cat1,20mph,lr,opposite,9,1624830056.972825000,ns1,/media/batool/MULTIMODAL_DATA/Multimodal_Data/Cat1/opposite/bag_files/Cat1_20mph_lr_opposite_9/lidar_pcd/ns1/velodyne_points/1624830056.972825000.pcd
Cat1,20mph,lr,opposite,9,1624830057.073693000,ns1,/media/batool/MULTIMODAL_DATA/Multimodal_Data/Cat1/opposite/bag_files/Cat1_20mph_lr_opposite_9/lidar_pcd/ns1/velodyne_points/1624830057.073693000.pcd
Cat1,20mph,lr,opposite,9,1624830057.275470000,ns1,/media/batool/MULTIMODAL_DATA/Multimodal_Data/Cat1/opposite/bag_files/Cat1_20mph_lr_opposite_9/lidar_pcd/ns1/velodyne_points/1624830057.275470000.pcd
Cat1,20mph,lr,opposite,9,1624830057.376301000,ns1,/media/batool/MULTIMODAL_DATA/Multimodal_Data/Cat1/opposite/bag_files/Cat1_20mph_lr_opposite_9/lidar_pcd/ns1/velodyne_points/1624830057.376301000.pcd
Cat1,20mph,lr,opposite,9,1624830057.477145000,ns1,/media/batool/MULTIMODAL_DATA/Multimodal_Data/Cat1/opposite/bag_files/Cat1_20mph_lr_opposite_9/lidar_pcd/ns1/velodyne_points/1624830057.477145000.pcd
Cat1,20mph,lr,opposite,9,1624830057.578008000,ns1,/media/batool/MULTIMODAL_DATA/Multimodal_Data/Cat1/opposite/bag_files/Cat1_20mph_lr_opposite_9/lidar_pcd/ns1/velodyne_points/1624830057.578008000.pcd
Cat1,20mph,lr,opposite,9,1624830057.678869000,ns1,/media/batool/MULTIMODAL_DATA/Multimodal_Data/Cat1/opposite/bag_files/Cat1_20mph_lr_opposite_9/lidar_pcd/ns1/velodyne_points/1624830057.678869000.pcd
Cat1,20mph,lr,opposite,9,1624830057.779733000,ns1,/media/batool/MULTIMODAL_DATA/Multimodal_Data/Cat1/opposite/bag_files/Cat1_20mph_lr_opposite_9/lidar_pcd/ns1/velodyne_points/1624830057.779733000.pcd
Cat1,20mph,lr,opposite,9,1624830057.880559000,ns1,/media/batool/MULTIMODAL_DATA/Multimodal_Data/Cat1/opposite/bag_files/Cat1_20mph_lr_opposite_9/lidar_pcd/ns1/velodyne_points/1624830057.880559000.pcd
Cat1,20mph,lr,opposite,9,1624830057.981438000,ns1,/media/batool/MULTIMODAL_DATA/Multimodal_Data/Cat1/opposite/bag_files/Cat1_20mph_lr_opposite_9/lidar_pcd/ns1/velodyne_points/1624830057.981438000.pcd
Cat1,20mph,lr,opposite,9,1624830058.082290000,ns1,/media/batool/MULTIMODAL_DATA/Multimodal_Data/Cat1/opposite/bag_files/Cat1_20mph_lr_opposite_9/lidar_pcd/ns1/velodyne_points/1624830058.082290000.pcd
Cat1,20mph,lr,opposite,9,1624830058.183104000,ns1,/media/batool/MULTIMODAL_DATA/Multimodal_Data/Cat1/opposite/bag_files/Cat1_20mph_lr_opposite_9/lidar_pcd/ns1/velodyne_points/1624830058.183104000.pcd
Cat1,20mph,lr,opposite,9,1624830058.283962000,ns1,/media/batool/MULTIMODAL_DATA/Multimodal_Data/Cat1/opposite/bag_files/Cat1_20mph_lr_opposite_9/lidar_pcd/ns1/velodyne_points/1624830058.283962000.pcd
Cat1,20mph,lr,opposite,9,1624830058.384819000,ns1,/media/batool/MULTIMODAL_DATA/Multimodal_Data/Cat1/opposite/bag_files/Cat1_20mph_lr_opposite_9/lidar_pcd/ns1/velodyne_points/1624830058.384819000.pcd
Cat1,20mph,lr,opposite,9,1624830058.485661000,ns1,/media/batool/MULTIMODAL_DATA/Multimodal_Data/Cat1/opposite/bag_files/Cat1_20mph_lr_opposite_9/lidar_pcd/ns1/velodyne_points/1624830058.485661000.pcd
Cat1,20mph,lr,opposite,9,1624830058.586520000,ns1,/media/batool/MULTIMODAL_DATA/Multimodal_Data/Cat1/opposite/bag_files/Cat1_20mph_lr_opposite_9/lidar_pcd/ns1/velodyne_points/1624830058.586520000.pcd
Cat1,20mph,lr,opposite,9,1624830058.788292000,ns1,/media/batool/MULTIMODAL_DATA/Multimodal_Data/Cat1/opposite/bag_files/Cat1_20mph_lr_opposite_9/lidar_pcd/ns1/velodyne_points/1624830058.788292000.pcd
Cat1,20mph,lr,opposite,9,1624830058.889139000,ns1,/media/batool/MULTIMODAL_DATA/Multimodal_Data/Cat1/opposite/bag_files/Cat1_20mph_lr_opposite_9/lidar_pcd/ns1/velodyne_points/1624830058.889139000.pcd
Cat1,20mph,lr,opposite,9,1624830058.989982000,ns1,/media/batool/MULTIMODAL_DATA/Multimodal_Data/Cat1/opposite/bag_files/Cat1_20mph_lr_opposite_9/lidar_pcd/ns1/velodyne_points/1624830058.989982000.pcd
Cat1,20mph,lr,opposite,9,1624830059.090822000,ns1,/media/batool/MULTIMODAL_DATA/Multimodal_Data/Cat1/opposite/bag_files/Cat1_20mph_lr_opposite_9/lidar_pcd/ns1/velodyne_points/1624830059.090822000.pcd
Cat1,20mph,lr,opposite,9,1624830059.191687000,ns1,/media/batool/MULTIMODAL_DATA/Multimodal_Data/Cat1/opposite/bag_files/Cat1_20mph_lr_opposite_9/lidar_pcd/ns1/velodyne_points/1624830059.191687000.pcd
Cat1,20mph,lr,opposite,9,1624830059.292580000,ns1,/media/batool/MULTIMODAL_DATA/Multimodal_Data/Cat1/opposite/bag_files/Cat1_20mph_lr_opposite_9/lidar_pcd/ns1/velodyne_points/1624830059.292580000.pcd
Cat1,20mph,lr,opposite,9,1624830059.393413000,ns1,/media/batool/MULTIMODAL_DATA/Multimodal_Data/Cat1/opposite/bag_files/Cat1_20mph_lr_opposite_9/lidar_pcd/ns1/velodyne_points/1624830059.393413000.pcd
Cat1,20mph,lr,opposite,9,1624830059.494281000,ns1,/media/batool/MULTIMODAL_DATA/Multimodal_Data/Cat1/opposite/bag_files/Cat1_20mph_lr_opposite_9/lidar_pcd/ns1/velodyne_points/1624830059.494281000.pcd
Cat1,20mph,lr,opposite,9,1624830059.595111000,ns1,/media/batool/MULTIMODAL_DATA/Multimodal_Data/Cat1/opposite/bag_files/Cat1_20mph_lr_opposite_9/lidar_pcd/ns1/velodyne_points/1624830059.595111000.pcd
Cat1,20mph,lr,opposite,9,1624830059.695974000,ns1,/media/batool/MULTIMODAL_DATA/Multimodal_Data/Cat1/opposite/bag_files/Cat1_20mph_lr_opposite_9/lidar_pcd/ns1/velodyne_points/1624830059.695974000.pcd
Cat1,20mph,lr,opposite,9,1624830059.796861000,ns1,/media/batool/MULTIMODAL_DATA/Multimodal_Data/Cat1/opposite/bag_files/Cat1_20mph_lr_opposite_9/lidar_pcd/ns1/velodyne_points/1624830059.796861000.pcd
Cat1,20mph,lr,opposite,9,1624830059.897716000,ns1,/media/batool/MULTIMODAL_DATA/Multimodal_Data/Cat1/opposite/bag_files/Cat1_20mph_lr_opposite_9/lidar_pcd/ns1/velodyne_points/1624830059.897716000.pcd
Cat1,20mph,lr,opposite,9,1624830059.998579000,ns1,/media/batool/MULTIMODAL_DATA/Multimodal_Data/Cat1/opposite/bag_files/Cat1_20mph_lr_opposite_9/lidar_pcd/ns1/velodyne_points/1624830059.998579000.pcd
Cat1,20mph,lr,opposite,9,1624830060.099407000,ns1,/media/batool/MULTIMODAL_DATA/Multimodal_Data/Cat1/opposite/bag_files/Cat1_20mph_lr_opposite_9/lidar_pcd/ns1/velodyne_points/1624830060.099407000.pcd
Cat1,20mph,lr,opposite,9,1624830060.301088000,ns1,/media/batool/MULTIMODAL_DATA/Multimodal_Data/Cat1/opposite/bag_files/Cat1_20mph_lr_opposite_9/lidar_pcd/ns1/velodyne_points/1624830060.301088000.pcd
Cat1,20mph,lr,opposite,9,1624830060.401976000,ns1,/media/batool/MULTIMODAL_DATA/Multimodal_Data/Cat1/opposite/bag_files/Cat1_20mph_lr_opposite_9/lidar_pcd/ns1/velodyne_points/1624830060.401976000.pcd
Cat1,20mph,lr,opposite,9,1624830060.502855000,ns1,/media/batool/MULTIMODAL_DATA/Multimodal_Data/Cat1/opposite/bag_files/Cat1_20mph_lr_opposite_9/lidar_pcd/ns1/velodyne_points/1624830060.502855000.pcd
Cat1,20mph,lr,opposite,9,1624830060.603703000,ns1,/media/batool/MULTIMODAL_DATA/Multimodal_Data/Cat1/opposite/bag_files/Cat1_20mph_lr_opposite_9/lidar_pcd/ns1/velodyne_points/1624830060.603703000.pcd
Cat1,20mph,lr,opposite,9,1624830060.704544000,ns1,/media/batool/MULTIMODAL_DATA/Multimodal_Data/Cat1/opposite/bag_files/Cat1_20mph_lr_opposite_9/lidar_pcd/ns1/velodyne_points/1624830060.704544000.pcd
Cat1,20mph,lr,opposite,9,1624830060.805382000,ns1,/media/batool/MULTIMODAL_DATA/Multimodal_Data/Cat1/opposite/bag_files/Cat1_20mph_lr_opposite_9/lidar_pcd/ns1/velodyne_points/1624830060.805382000.pcd
Cat1,20mph,lr,opposite,9,1624830060.906273000,ns1,/media/batool/MULTIMODAL_DATA/Multimodal_Data/Cat1/opposite/bag_files/Cat1_20mph_lr_opposite_9/lidar_pcd/ns1/velodyne_points/1624830060.906273000.pcd
Cat1,20mph,lr,opposite,9,1624830061.007124000,ns1,/media/batool/MULTIMODAL_DATA/Multimodal_Data/Cat1/opposite/bag_files/Cat1_20mph_lr_opposite_9/lidar_pcd/ns1/velodyne_points/1624830061.007124000.pcd
Cat1,20mph,lr,opposite,9,1624830061.107964000,ns1,/media/batool/MULTIMODAL_DATA/Multimodal_Data/Cat1/opposite/bag_files/Cat1_20mph_lr_opposite_9/lidar_pcd/ns1/velodyne_points/1624830061.107964000.pcd
Cat1,20mph,lr,opposite,9,1624830061.208862000,ns1,/media/batool/MULTIMODAL_DATA/Multimodal_Data/Cat1/opposite/bag_files/Cat1_20mph_lr_opposite_9/lidar_pcd/ns1/velodyne_points/1624830061.208862000.pcd
Cat1,20mph,lr,opposite,9,1624830061.309693000,ns1,/media/batool/MULTIMODAL_DATA/Multimodal_Data/Cat1/opposite/bag_files/Cat1_20mph_lr_opposite_9/lidar_pcd/ns1/velodyne_points/1624830061.309693000.pcd
Cat1,20mph,lr,opposite,9,1624830061.410569000,ns1,/media/batool/MULTIMODAL_DATA/Multimodal_Data/Cat1/opposite/bag_files/Cat1_20mph_lr_opposite_9/lidar_pcd/ns1/velodyne_points/1624830061.410569000.pcd
Cat1,20mph,lr,opposite,9,1624830061.511429000,ns1,/media/batool/MULTIMODAL_DATA/Multimodal_Data/Cat1/opposite/bag_files/Cat1_20mph_lr_opposite_9/lidar_pcd/ns1/velodyne_points/1624830061.511429000.pcd
Cat1,20mph,lr,opposite,9,1624830061.612282000,ns1,/media/batool/MULTIMODAL_DATA/Multimodal_Data/Cat1/opposite/bag_files/Cat1_20mph_lr_opposite_9/lidar_pcd/ns1/velodyne_points/1624830061.612282000.pcd
Cat1,20mph,lr,opposite,9,1624830057.174599000,ns1,/media/batool/MULTIMODAL_DATA/Multimodal_Data/Cat1/opposite/bag_files/Cat1_20mph_lr_opposite_9/lidar_pcd/ns1/velodyne_points/1624830057.174599000.pcd
Cat1,20mph,lr,opposite,9,1624830058.687389000,ns1,/media/batool/MULTIMODAL_DATA/Multimodal_Data/Cat1/opposite/bag_files/Cat1_20mph_lr_opposite_9/lidar_pcd/ns1/velodyne_points/1624830058.687389000.pcd
Cat1,20mph,lr,opposite,9,1624830060.200257000,ns1,/media/batool/MULTIMODAL_DATA/Multimodal_Data/Cat1/opposite/bag_files/Cat1_20mph_lr_opposite_9/lidar_pcd/ns1/velodyne_points/1624830060.200257000.pcd
Cat1,20mph,lr,opposite,9,1624830061.713134000,ns1,/media/batool/MULTIMODAL_DATA/Multimodal_Data/Cat1/opposite/bag_files/Cat1_20mph_lr_opposite_9/lidar_pcd/ns1/velodyne_points/1624830061.713134000.pcd
Cat1,20mph,lr,opposite,9,1624830063.225973000,ns1,/media/batool/MULTIMODAL_DATA/Multimodal_Data/Cat1/opposite/bag_files/Cat1_20mph_lr_opposite_9/lidar_pcd/ns1/velodyne_points/1624830063.225973000.pcd
Cat1,20mph,lr,opposite,9,1624830064.738841000,ns1,/media/batool/MULTIMODAL_DATA/Multimodal_Data/Cat1/opposite/bag_files/Cat1_20mph_lr_opposite_9/lidar_pcd/ns1/velodyne_points/1624830064.738841000.pcd
Cat1,20mph,lr,opposite,9,1624830066.251692000,ns1,/media/batool/MULTIMODAL_DATA/Multimodal_Data/Cat1/opposite/bag_files/Cat1_20mph_lr_opposite_9/lidar_pcd/ns1/velodyne_points/1624830066.251692000.pcd
Cat1,20mph,lr,opposite,9,1624830067.764561000,ns1,/media/batool/MULTIMODAL_DATA/Multimodal_Data/Cat1/opposite/bag_files/Cat1_20mph_lr_opposite_9/lidar_pcd/ns1/velodyne_points/1624830067.764561000.pcd
Cat1,20mph,lr,opposite,9,1624830069.277382000,ns1,/media/batool/MULTIMODAL_DATA/Multimodal_Data/Cat1/opposite/bag_files/Cat1_20mph_lr_opposite_9/lidar_pcd/ns1/velodyne_points/1624830069.277382000.pcd
Cat1,20mph,lr,opposite,9,1624830070.790216000,ns1,/media/batool/MULTIMODAL_DATA/Multimodal_Data/Cat1/opposite/bag_files/Cat1_20mph_lr_opposite_9/lidar_pcd/ns1/velodyne_points/1624830070.790216000.pcd
Cat1,20mph,lr,opposite,9,1624830072.303103000,ns1,/media/batool/MULTIMODAL_DATA/Multimodal_Data/Cat1/opposite/bag_files/Cat1_20mph_lr_opposite_9/lidar_pcd/ns1/velodyne_points/1624830072.303103000.pcd
Cat1,20mph,lr,opposite,9,1624830073.815938000,ns1,/media/batool/MULTIMODAL_DATA/Multimodal_Data/Cat1/opposite/bag_files/Cat1_20mph_lr_opposite_9/lidar_pcd/ns1/velodyne_points/1624830073.815938000.pcd
Cat1,20mph,lr,opposite,9,1624830075.328765000,ns1,/media/batool/MULTIMODAL_DATA/Multimodal_Data/Cat1/opposite/bag_files/Cat1_20mph_lr_opposite_9/lidar_pcd/ns1/velodyne_points/1624830075.328765000.pcd
Cat1,20mph,lr,opposite,9,1624830061.813995000,ns1,/media/batool/MULTIMODAL_DATA/Multimodal_Data/Cat1/opposite/bag_files/Cat1_20mph_lr_opposite_9/lidar_pcd/ns1/velodyne_points/1624830061.813995000.pcd
Cat1,20mph,lr,opposite,9,1624830061.914830000,ns1,/media/batool/MULTIMODAL_DATA/Multimodal_Data/Cat1/opposite/bag_files/Cat1_20mph_lr_opposite_9/lidar_pcd/ns1/velodyne_points/1624830061.914830000.pcd
Cat1,20mph,lr,opposite,9,1624830062.015686000,ns1,/media/batool/MULTIMODAL_DATA/Multimodal_Data/Cat1/opposite/bag_files/Cat1_20mph_lr_opposite_9/lidar_pcd/ns1/velodyne_points/1624830062.015686000.pcd
Cat1,20mph,lr,opposite,9,1624830062.116543000,ns1,/media/batool/MULTIMODAL_DATA/Multimodal_Data/Cat1/opposite/bag_files/Cat1_20mph_lr_opposite_9/lidar_pcd/ns1/velodyne_points/1624830062.116543000.pcd
Cat1,20mph,lr,opposite,9,1624830062.217371000,ns1,/media/batool/MULTIMODAL_DATA/Multimodal_Data/Cat1/opposite/bag_files/Cat1_20mph_lr_opposite_9/lidar_pcd/ns1/velodyne_points/1624830062.217371000.pcd
Cat1,20mph,lr,opposite,9,1624830062.318281000,ns1,/media/batool/MULTIMODAL_DATA/Multimodal_Data/Cat1/opposite/bag_files/Cat1_20mph_lr_opposite_9/lidar_pcd/ns1/velodyne_points/1624830062.318281000.pcd
Cat1,20mph,lr,opposite,9,1624830062.419126000,ns1,/media/batool/MULTIMODAL_DATA/Multimodal_Data/Cat1/opposite/bag_files/Cat1_20mph_lr_opposite_9/lidar_pcd/ns1/velodyne_points/1624830062.419126000.pcd
Cat1,20mph,lr,opposite,9,1624830062.519953000,ns1,/media/batool/MULTIMODAL_DATA/Multimodal_Data/Cat1/opposite/bag_files/Cat1_20mph_lr_opposite_9/lidar_pcd/ns1/velodyne_points/1624830062.519953000.pcd
Cat1,20mph,lr,opposite,9,1624830062.620831000,ns1,/media/batool/MULTIMODAL_DATA/Multimodal_Data/Cat1/opposite/bag_files/Cat1_20mph_lr_opposite_9/lidar_pcd/ns1/velodyne_points/1624830062.620831000.pcd
Cat1,20mph,lr,opposite,9,1624830062.721705000,ns1,/media/batool/MULTIMODAL_DATA/Multimodal_Data/Cat1/opposite/bag_files/Cat1_20mph_lr_opposite_9/lidar_pcd/ns1/velodyne_points/1624830062.721705000.pcd
Cat1,20mph,lr,opposite,9,1624830062.822568000,ns1,/media/batool/MULTIMODAL_DATA/Multimodal_Data/Cat1/opposite/bag_files/Cat1_20mph_lr_opposite_9/lidar_pcd/ns1/velodyne_points/1624830062.822568000.pcd
Cat1,20mph,lr,opposite,9,1624830062.923418000,ns1,/media/batool/MULTIMODAL_DATA/Multimodal_Data/Cat1/opposite/bag_files/Cat1_20mph_lr_opposite_9/lidar_pcd/ns1/velodyne_points/1624830062.923418000.pcd
Cat1,20mph,lr,opposite,9,1624830063.024263000,ns1,/media/batool/MULTIMODAL_DATA/Multimodal_Data/Cat1/opposite/bag_files/Cat1_20mph_lr_opposite_9/lidar_pcd/ns1/velodyne_points/1624830063.024263000.pcd
Cat1,20mph,lr,opposite,9,1624830063.125142000,ns1,/media/batool/MULTIMODAL_DATA/Multimodal_Data/Cat1/opposite/bag_files/Cat1_20mph_lr_opposite_9/lidar_pcd/ns1/velodyne_points/1624830063.125142000.pcd
Cat1,20mph,lr,opposite,9,1624830063.326816000,ns1,/media/batool/MULTIMODAL_DATA/Multimodal_Data/Cat1/opposite/bag_files/Cat1_20mph_lr_opposite_9/lidar_pcd/ns1/velodyne_points/1624830063.326816000.pcd
Cat1,20mph,lr,opposite,9,1624830063.427707000,ns1,/media/batool/MULTIMODAL_DATA/Multimodal_Data/Cat1/opposite/bag_files/Cat1_20mph_lr_opposite_9/lidar_pcd/ns1/velodyne_points/1624830063.427707000.pcd
Cat1,20mph,lr,opposite,9,1624830063.528526000,ns1,/media/batool/MULTIMODAL_DATA/Multimodal_Data/Cat1/opposite/bag_files/Cat1_20mph_lr_opposite_9/lidar_pcd/ns1/velodyne_points/1624830063.528526000.pcd
Cat1,20mph,lr,opposite,9,1624830063.629380000,ns1,/media/batool/MULTIMODAL_DATA/Multimodal_Data/Cat1/opposite/bag_files/Cat1_20mph_lr_opposite_9/lidar_pcd/ns1/velodyne_points/1624830063.629380000.pcd
Cat1,20mph,lr,opposite,9,1624830063.730273000,ns1,/media/batool/MULTIMODAL_DATA/Multimodal_Data/Cat1/opposite/bag_files/Cat1_20mph_lr_opposite_9/lidar_pcd/ns1/velodyne_points/1624830063.730273000.pcd
Cat1,20mph,lr,opposite,9,1624830063.831119000,ns1,/media/batool/MULTIMODAL_DATA/Multimodal_Data/Cat1/opposite/bag_files/Cat1_20mph_lr_opposite_9/lidar_pcd/ns1/velodyne_points/1624830063.831119000.pcd
Cat1,20mph,lr,opposite,9,1624830063.931971000,ns1,/media/batool/MULTIMODAL_DATA/Multimodal_Data/Cat1/opposite/bag_files/Cat1_20mph_lr_opposite_9/lidar_pcd/ns1/velodyne_points/1624830063.931971000.pcd
Cat1,20mph,lr,opposite,9,1624830064.032845000,ns1,/media/batool/MULTIMODAL_DATA/Multimodal_Data/Cat1/opposite/bag_files/Cat1_20mph_lr_opposite_9/lidar_pcd/ns1/velodyne_points/1624830064.032845000.pcd
Cat1,20mph,lr,opposite,9,1624830064.133685000,ns1,/media/batool/MULTIMODAL_DATA/Multimodal_Data/Cat1/opposite/bag_files/Cat1_20mph_lr_opposite_9/lidar_pcd/ns1/velodyne_points/1624830064.133685000.pcd
Cat1,20mph,lr,opposite,9,1624830064.234562000,ns1,/media/batool/MULTIMODAL_DATA/Multimodal_Data/Cat1/opposite/bag_files/Cat1_20mph_lr_opposite_9/lidar_pcd/ns1/velodyne_points/1624830064.234562000.pcd
Cat1,20mph,lr,opposite,9,1624830064.335412000,ns1,/media/batool/MULTIMODAL_DATA/Multimodal_Data/Cat1/opposite/bag_files/Cat1_20mph_lr_opposite_9/lidar_pcd/ns1/velodyne_points/1624830064.335412000.pcd
Cat1,20mph,lr,opposite,9,1624830064.436272000,ns1,/media/batool/MULTIMODAL_DATA/Multimodal_Data/Cat1/opposite/bag_files/Cat1_20mph_lr_opposite_9/lidar_pcd/ns1/velodyne_points/1624830064.436272000.pcd
Cat1,20mph,lr,opposite,9,1624830064.537109000,ns1,/media/batool/MULTIMODAL_DATA/Multimodal_Data/Cat1/opposite/bag_files/Cat1_20mph_lr_opposite_9/lidar_pcd/ns1/velodyne_points/1624830064.537109000.pcd
Cat1,20mph,lr,opposite,9,1624830064.637970000,ns1,/media/batool/MULTIMODAL_DATA/Multimodal_Data/Cat1/opposite/bag_files/Cat1_20mph_lr_opposite_9/lidar_pcd/ns1/velodyne_points/1624830064.637970000.pcd
Cat1,20mph,lr,opposite,9,1624830064.839677000,ns1,/media/batool/MULTIMODAL_DATA/Multimodal_Data/Cat1/opposite/bag_files/Cat1_20mph_lr_opposite_9/lidar_pcd/ns1/velodyne_points/1624830064.839677000.pcd
Cat1,20mph,lr,opposite,9,1624830064.940555000,ns1,/media/batool/MULTIMODAL_DATA/Multimodal_Data/Cat1/opposite/bag_files/Cat1_20mph_lr_opposite_9/lidar_pcd/ns1/velodyne_points/1624830064.940555000.pcd
Cat1,20mph,lr,opposite,9,1624830065.041400000,ns1,/media/batool/MULTIMODAL_DATA/Multimodal_Data/Cat1/opposite/bag_files/Cat1_20mph_lr_opposite_9/lidar_pcd/ns1/velodyne_points/1624830065.041400000.pcd
Cat1,20mph,lr,opposite,9,1624830065.142273000,ns1,/media/batool/MULTIMODAL_DATA/Multimodal_Data/Cat1/opposite/bag_files/Cat1_20mph_lr_opposite_9/lidar_pcd/ns1/velodyne_points/1624830065.142273000.pcd
Cat1,20mph,lr,opposite,9,1624830065.243101000,ns1,/media/batool/MULTIMODAL_DATA/Multimodal_Data/Cat1/opposite/bag_files/Cat1_20mph_lr_opposite_9/lidar_pcd/ns1/velodyne_points/1624830065.243101000.pcd
Cat1,20mph,lr,opposite,9,1624830065.343966000,ns1,/media/batool/MULTIMODAL_DATA/Multimodal_Data/Cat1/opposite/bag_files/Cat1_20mph_lr_opposite_9/lidar_pcd/ns1/velodyne_points/1624830065.343966000.pcd
Cat1,20mph,lr,opposite,9,1624830065.444818000,ns1,/media/batool/MULTIMODAL_DATA/Multimodal_Data/Cat1/opposite/bag_files/Cat1_20mph_lr_opposite_9/lidar_pcd/ns1/velodyne_points/1624830065.444818000.pcd
Cat1,20mph,lr,opposite,9,1624830065.545648000,ns1,/media/batool/MULTIMODAL_DATA/Multimodal_Data/Cat1/opposite/bag_files/Cat1_20mph_lr_opposite_9/lidar_pcd/ns1/velodyne_points/1624830065.545648000.pcd
Cat1,20mph,lr,opposite,9,1624830065.646539000,ns1,/media/batool/MULTIMODAL_DATA/Multimodal_Data/Cat1/opposite/bag_files/Cat1_20mph_lr_opposite_9/lidar_pcd/ns1/velodyne_points/1624830065.646539000.pcd
Cat1,20mph,lr,opposite,9,1624830065.747392000,ns1,/media/batool/MULTIMODAL_DATA/Multimodal_Data/Cat1/opposite/bag_files/Cat1_20mph_lr_opposite_9/lidar_pcd/ns1/velodyne_points/1624830065.747392000.pcd
Cat1,20mph,lr,opposite,9,1624830065.848243000,ns1,/media/batool/MULTIMODAL_DATA/Multimodal_Data/Cat1/opposite/bag_files/Cat1_20mph_lr_opposite_9/lidar_pcd/ns1/velodyne_points/1624830065.848243000.pcd
Cat1,20mph,lr,opposite,9,1624830065.949086000,ns1,/media/batool/MULTIMODAL_DATA/Multimodal_Data/Cat1/opposite/bag_files/Cat1_20mph_lr_opposite_9/lidar_pcd/ns1/velodyne_points/1624830065.949086000.pcd
Cat1,20mph,lr,opposite,9,1624830066.049973000,ns1,/media/batool/MULTIMODAL_DATA/Multimodal_Data/Cat1/opposite/bag_files/Cat1_20mph_lr_opposite_9/lidar_pcd/ns1/velodyne_points/1624830066.049973000.pcd
Cat1,20mph,lr,opposite,9,1624830066.150841000,ns1,/media/batool/MULTIMODAL_DATA/Multimodal_Data/Cat1/opposite/bag_files/Cat1_20mph_lr_opposite_9/lidar_pcd/ns1/velodyne_points/1624830066.150841000.pcd
Cat1,20mph,lr,opposite,9,1624830066.352527000,ns1,/media/batool/MULTIMODAL_DATA/Multimodal_Data/Cat1/opposite/bag_files/Cat1_20mph_lr_opposite_9/lidar_pcd/ns1/velodyne_points/1624830066.352527000.pcd
Cat1,20mph,lr,opposite,9,1624830066.453383000,ns1,/media/batool/MULTIMODAL_DATA/Multimodal_Data/Cat1/opposite/bag_files/Cat1_20mph_lr_opposite_9/lidar_pcd/ns1/velodyne_points/1624830066.453383000.pcd
Cat1,20mph,lr,opposite,9,1624830066.554248000,ns1,/media/batool/MULTIMODAL_DATA/Multimodal_Data/Cat1/opposite/bag_files/Cat1_20mph_lr_opposite_9/lidar_pcd/ns1/velodyne_points/1624830066.554248000.pcd
Cat1,20mph,lr,opposite,9,1624830066.655123000,ns1,/media/batool/MULTIMODAL_DATA/Multimodal_Data/Cat1/opposite/bag_files/Cat1_20mph_lr_opposite_9/lidar_pcd/ns1/velodyne_points/1624830066.655123000.pcd
Cat1,20mph,lr,opposite,9,1624830066.755977000,ns1,/media/batool/MULTIMODAL_DATA/Multimodal_Data/Cat1/opposite/bag_files/Cat1_20mph_lr_opposite_9/lidar_pcd/ns1/velodyne_points/1624830066.755977000.pcd
Cat1,20mph,lr,opposite,9,1624830066.856867000,ns1,/media/batool/MULTIMODAL_DATA/Multimodal_Data/Cat1/opposite/bag_files/Cat1_20mph_lr_opposite_9/lidar_pcd/ns1/velodyne_points/1624830066.856867000.pcd
Cat1,20mph,lr,opposite,9,1624830066.957681000,ns1,/media/batool/MULTIMODAL_DATA/Multimodal_Data/Cat1/opposite/bag_files/Cat1_20mph_lr_opposite_9/lidar_pcd/ns1/velodyne_points/1624830066.957681000.pcd
Cat1,20mph,lr,opposite,9,1624830067.058544000,ns1,/media/batool/MULTIMODAL_DATA/Multimodal_Data/Cat1/opposite/bag_files/Cat1_20mph_lr_opposite_9/lidar_pcd/ns1/velodyne_points/1624830067.058544000.pcd
Cat1,20mph,lr,opposite,9,1624830067.159382000,ns1,/media/batool/MULTIMODAL_DATA/Multimodal_Data/Cat1/opposite/bag_files/Cat1_20mph_lr_opposite_9/lidar_pcd/ns1/velodyne_points/1624830067.159382000.pcd
Cat1,20mph,lr,opposite,9,1624830067.260210000,ns1,/media/batool/MULTIMODAL_DATA/Multimodal_Data/Cat1/opposite/bag_files/Cat1_20mph_lr_opposite_9/lidar_pcd/ns1/velodyne_points/1624830067.260210000.pcd
Cat1,20mph,lr,opposite,9,1624830067.361119000,ns1,/media/batool/MULTIMODAL_DATA/Multimodal_Data/Cat1/opposite/bag_files/Cat1_20mph_lr_opposite_9/lidar_pcd/ns1/velodyne_points/1624830067.361119000.pcd
Cat1,20mph,lr,opposite,9,1624830067.461983000,ns1,/media/batool/MULTIMODAL_DATA/Multimodal_Data/Cat1/opposite/bag_files/Cat1_20mph_lr_opposite_9/lidar_pcd/ns1/velodyne_points/1624830067.461983000.pcd
Cat1,20mph,lr,opposite,9,1624830067.562799000,ns1,/media/batool/MULTIMODAL_DATA/Multimodal_Data/Cat1/opposite/bag_files/Cat1_20mph_lr_opposite_9/lidar_pcd/ns1/velodyne_points/1624830067.562799000.pcd
Cat1,20mph,lr,opposite,9,1624830067.663694000,ns1,/media/batool/MULTIMODAL_DATA/Multimodal_Data/Cat1/opposite/bag_files/Cat1_20mph_lr_opposite_9/lidar_pcd/ns1/velodyne_points/1624830067.663694000.pcd
Cat1,20mph,lr,opposite,9,1624830067.865356000,ns1,/media/batool/MULTIMODAL_DATA/Multimodal_Data/Cat1/opposite/bag_files/Cat1_20mph_lr_opposite_9/lidar_pcd/ns1/velodyne_points/1624830067.865356000.pcd
Cat1,20mph,lr,opposite,9,1624830067.966259000,ns1,/media/batool/MULTIMODAL_DATA/Multimodal_Data/Cat1/opposite/bag_files/Cat1_20mph_lr_opposite_9/lidar_pcd/ns1/velodyne_points/1624830067.966259000.pcd
Cat1,20mph,lr,opposite,9,1624830068.067117000,ns1,/media/batool/MULTIMODAL_DATA/Multimodal_Data/Cat1/opposite/bag_files/Cat1_20mph_lr_opposite_9/lidar_pcd/ns1/velodyne_points/1624830068.067117000.pcd
Cat1,20mph,lr,opposite,9,1624830068.167950000,ns1,/media/batool/MULTIMODAL_DATA/Multimodal_Data/Cat1/opposite/bag_files/Cat1_20mph_lr_opposite_9/lidar_pcd/ns1/velodyne_points/1624830068.167950000.pcd
Cat1,20mph,lr,opposite,9,1624830068.268809000,ns1,/media/batool/MULTIMODAL_DATA/Multimodal_Data/Cat1/opposite/bag_files/Cat1_20mph_lr_opposite_9/lidar_pcd/ns1/velodyne_points/1624830068.268809000.pcd
Cat1,20mph,lr,opposite,9,1624830068.369644000,ns1,/media/batool/MULTIMODAL_DATA/Multimodal_Data/Cat1/opposite/bag_files/Cat1_20mph_lr_opposite_9/lidar_pcd/ns1/velodyne_points/1624830068.369644000.pcd
Cat1,20mph,lr,opposite,9,1624830068.470545000,ns1,/media/batool/MULTIMODAL_DATA/Multimodal_Data/Cat1/opposite/bag_files/Cat1_20mph_lr_opposite_9/lidar_pcd/ns1/velodyne_points/1624830068.470545000.pcd
Cat1,20mph,lr,opposite,9,1624830068.571401000,ns1,/media/batool/MULTIMODAL_DATA/Multimodal_Data/Cat1/opposite/bag_files/Cat1_20mph_lr_opposite_9/lidar_pcd/ns1/velodyne_points/1624830068.571401000.pcd
Cat1,20mph,lr,opposite,9,1624830068.672198000,ns1,/media/batool/MULTIMODAL_DATA/Multimodal_Data/Cat1/opposite/bag_files/Cat1_20mph_lr_opposite_9/lidar_pcd/ns1/velodyne_points/1624830068.672198000.pcd
Cat1,20mph,lr,opposite,9,1624830068.773088000,ns1,/media/batool/MULTIMODAL_DATA/Multimodal_Data/Cat1/opposite/bag_files/Cat1_20mph_lr_opposite_9/lidar_pcd/ns1/velodyne_points/1624830068.773088000.pcd
Cat1,20mph,lr,opposite,9,1624830068.873970000,ns1,/media/batool/MULTIMODAL_DATA/Multimodal_Data/Cat1/opposite/bag_files/Cat1_20mph_lr_opposite_9/lidar_pcd/ns1/velodyne_points/1624830068.873970000.pcd
Cat1,20mph,lr,opposite,9,1624830068.974801000,ns1,/media/batool/MULTIMODAL_DATA/Multimodal_Data/Cat1/opposite/bag_files/Cat1_20mph_lr_opposite_9/lidar_pcd/ns1/velodyne_points/1624830068.974801000.pcd
Cat1,20mph,lr,opposite,9,1624830069.075671000,ns1,/media/batool/MULTIMODAL_DATA/Multimodal_Data/Cat1/opposite/bag_files/Cat1_20mph_lr_opposite_9/lidar_pcd/ns1/velodyne_points/1624830069.075671000.pcd
Cat1,20mph,lr,opposite,9,1624830069.176518000,ns1,/media/batool/MULTIMODAL_DATA/Multimodal_Data/Cat1/opposite/bag_files/Cat1_20mph_lr_opposite_9/lidar_pcd/ns1/velodyne_points/1624830069.176518000.pcd
Cat1,20mph,lr,opposite,9,1624830069.378256000,ns1,/media/batool/MULTIMODAL_DATA/Multimodal_Data/Cat1/opposite/bag_files/Cat1_20mph_lr_opposite_9/lidar_pcd/ns1/velodyne_points/1624830069.378256000.pcd
Cat1,20mph,lr,opposite,9,1624830069.479098000,ns1,/media/batool/MULTIMODAL_DATA/Multimodal_Data/Cat1/opposite/bag_files/Cat1_20mph_lr_opposite_9/lidar_pcd/ns1/velodyne_points/1624830069.479098000.pcd
Cat1,20mph,lr,opposite,9,1624830069.579937000,ns1,/media/batool/MULTIMODAL_DATA/Multimodal_Data/Cat1/opposite/bag_files/Cat1_20mph_lr_opposite_9/lidar_pcd/ns1/velodyne_points/1624830069.579937000.pcd
Cat1,20mph,lr,opposite,9,1624830069.680814000,ns1,/media/batool/MULTIMODAL_DATA/Multimodal_Data/Cat1/opposite/bag_files/Cat1_20mph_lr_opposite_9/lidar_pcd/ns1/velodyne_points/1624830069.680814000.pcd
Cat1,20mph,lr,opposite,9,1624830069.781656000,ns1,/media/batool/MULTIMODAL_DATA/Multimodal_Data/Cat1/opposite/bag_files/Cat1_20mph_lr_opposite_9/lidar_pcd/ns1/velodyne_points/1624830069.781656000.pcd
Cat1,20mph,lr,opposite,9,1624830069.882535000,ns1,/media/batool/MULTIMODAL_DATA/Multimodal_Data/Cat1/opposite/bag_files/Cat1_20mph_lr_opposite_9/lidar_pcd/ns1/velodyne_points/1624830069.882535000.pcd
Cat1,20mph,lr,opposite,9,1624830069.983382000,ns1,/media/batool/MULTIMODAL_DATA/Multimodal_Data/Cat1/opposite/bag_files/Cat1_20mph_lr_opposite_9/lidar_pcd/ns1/velodyne_points/1624830069.983382000.pcd
Cat1,20mph,lr,opposite,9,1624830070.084252000,ns1,/media/batool/MULTIMODAL_DATA/Multimodal_Data/Cat1/opposite/bag_files/Cat1_20mph_lr_opposite_9/lidar_pcd/ns1/velodyne_points/1624830070.084252000.pcd
Cat1,20mph,lr,opposite,9,1624830070.185068000,ns1,/media/batool/MULTIMODAL_DATA/Multimodal_Data/Cat1/opposite/bag_files/Cat1_20mph_lr_opposite_9/lidar_pcd/ns1/velodyne_points/1624830070.185068000.pcd
Cat1,20mph,lr,opposite,9,1624830070.285910000,ns1,/media/batool/MULTIMODAL_DATA/Multimodal_Data/Cat1/opposite/bag_files/Cat1_20mph_lr_opposite_9/lidar_pcd/ns1/velodyne_points/1624830070.285910000.pcd
Cat1,20mph,lr,opposite,9,1624830070.386807000,ns1,/media/batool/MULTIMODAL_DATA/Multimodal_Data/Cat1/opposite/bag_files/Cat1_20mph_lr_opposite_9/lidar_pcd/ns1/velodyne_points/1624830070.386807000.pcd
Cat1,20mph,lr,opposite,9,1624830070.487648000,ns1,/media/batool/MULTIMODAL_DATA/Multimodal_Data/Cat1/opposite/bag_files/Cat1_20mph_lr_opposite_9/lidar_pcd/ns1/velodyne_points/1624830070.487648000.pcd
Cat1,20mph,lr,opposite,9,1624830070.588494000,ns1,/media/batool/MULTIMODAL_DATA/Multimodal_Data/Cat1/opposite/bag_files/Cat1_20mph_lr_opposite_9/lidar_pcd/ns1/velodyne_points/1624830070.588494000.pcd
Cat1,20mph,lr,opposite,9,1624830070.689380000,ns1,/media/batool/MULTIMODAL_DATA/Multimodal_Data/Cat1/opposite/bag_files/Cat1_20mph_lr_opposite_9/lidar_pcd/ns1/velodyne_points/1624830070.689380000.pcd
Cat1,20mph,lr,opposite,9,1624830070.891107000,ns1,/media/batool/MULTIMODAL_DATA/Multimodal_Data/Cat1/opposite/bag_files/Cat1_20mph_lr_opposite_9/lidar_pcd/ns1/velodyne_points/1624830070.891107000.pcd
Cat1,20mph,lr,opposite,9,1624830070.991915000,ns1,/media/batool/MULTIMODAL_DATA/Multimodal_Data/Cat1/opposite/bag_files/Cat1_20mph_lr_opposite_9/lidar_pcd/ns1/velodyne_points/1624830070.991915000.pcd
Cat1,20mph,lr,opposite,9,1624830071.092828000,ns1,/media/batool/MULTIMODAL_DATA/Multimodal_Data/Cat1/opposite/bag_files/Cat1_20mph_lr_opposite_9/lidar_pcd/ns1/velodyne_points/1624830071.092828000.pcd
Cat1,20mph,lr,opposite,9,1624830071.193666000,ns1,/media/batool/MULTIMODAL_DATA/Multimodal_Data/Cat1/opposite/bag_files/Cat1_20mph_lr_opposite_9/lidar_pcd/ns1/velodyne_points/1624830071.193666000.pcd
Cat1,20mph,lr,opposite,9,1624830071.294535000,ns1,/media/batool/MULTIMODAL_DATA/Multimodal_Data/Cat1/opposite/bag_files/Cat1_20mph_lr_opposite_9/lidar_pcd/ns1/velodyne_points/1624830071.294535000.pcd
Cat1,20mph,lr,opposite,9,1624830071.395369000,ns1,/media/batool/MULTIMODAL_DATA/Multimodal_Data/Cat1/opposite/bag_files/Cat1_20mph_lr_opposite_9/lidar_pcd/ns1/velodyne_points/1624830071.395369000.pcd
Cat1,20mph,lr,opposite,9,1624830071.496210000,ns1,/media/batool/MULTIMODAL_DATA/Multimodal_Data/Cat1/opposite/bag_files/Cat1_20mph_lr_opposite_9/lidar_pcd/ns1/velodyne_points/1624830071.496210000.pcd
Cat1,20mph,lr,opposite,9,1624830071.597107000,ns1,/media/batool/MULTIMODAL_DATA/Multimodal_Data/Cat1/opposite/bag_files/Cat1_20mph_lr_opposite_9/lidar_pcd/ns1/velodyne_points/1624830071.597107000.pcd
Cat1,20mph,lr,opposite,9,1624830071.697946000,ns1,/media/batool/MULTIMODAL_DATA/Multimodal_Data/Cat1/opposite/bag_files/Cat1_20mph_lr_opposite_9/lidar_pcd/ns1/velodyne_points/1624830071.697946000.pcd
Cat1,20mph,lr,opposite,9,1624830071.798791000,ns1,/media/batool/MULTIMODAL_DATA/Multimodal_Data/Cat1/opposite/bag_files/Cat1_20mph_lr_opposite_9/lidar_pcd/ns1/velodyne_points/1624830071.798791000.pcd
Cat1,20mph,lr,opposite,9,1624830071.899699000,ns1,/media/batool/MULTIMODAL_DATA/Multimodal_Data/Cat1/opposite/bag_files/Cat1_20mph_lr_opposite_9/lidar_pcd/ns1/velodyne_points/1624830071.899699000.pcd
Cat1,20mph,lr,opposite,9,1624830072.000532000,ns1,/media/batool/MULTIMODAL_DATA/Multimodal_Data/Cat1/opposite/bag_files/Cat1_20mph_lr_opposite_9/lidar_pcd/ns1/velodyne_points/1624830072.000532000.pcd
Cat1,20mph,lr,opposite,9,1624830072.101363000,ns1,/media/batool/MULTIMODAL_DATA/Multimodal_Data/Cat1/opposite/bag_files/Cat1_20mph_lr_opposite_9/lidar_pcd/ns1/velodyne_points/1624830072.101363000.pcd
Cat1,20mph,lr,opposite,9,1624830072.202251000,ns1,/media/batool/MULTIMODAL_DATA/Multimodal_Data/Cat1/opposite/bag_files/Cat1_20mph_lr_opposite_9/lidar_pcd/ns1/velodyne_points/1624830072.202251000.pcd
Cat1,20mph,lr,opposite,9,1624830072.403947000,ns1,/media/batool/MULTIMODAL_DATA/Multimodal_Data/Cat1/opposite/bag_files/Cat1_20mph_lr_opposite_9/lidar_pcd/ns1/velodyne_points/1624830072.403947000.pcd
Cat1,20mph,lr,opposite,9,1624830072.504786000,ns1,/media/batool/MULTIMODAL_DATA/Multimodal_Data/Cat1/opposite/bag_files/Cat1_20mph_lr_opposite_9/lidar_pcd/ns1/velodyne_points/1624830072.504786000.pcd
Cat1,20mph,lr,opposite,9,1624830072.605654000,ns1,/media/batool/MULTIMODAL_DATA/Multimodal_Data/Cat1/opposite/bag_files/Cat1_20mph_lr_opposite_9/lidar_pcd/ns1/velodyne_points/1624830072.605654000.pcd
Cat1,20mph,lr,opposite,9,1624830072.706518000,ns1,/media/batool/MULTIMODAL_DATA/Multimodal_Data/Cat1/opposite/bag_files/Cat1_20mph_lr_opposite_9/lidar_pcd/ns1/velodyne_points/1624830072.706518000.pcd
Cat1,20mph,lr,opposite,9,1624830072.807384000,ns1,/media/batool/MULTIMODAL_DATA/Multimodal_Data/Cat1/opposite/bag_files/Cat1_20mph_lr_opposite_9/lidar_pcd/ns1/velodyne_points/1624830072.807384000.pcd
Cat1,20mph,lr,opposite,9,1624830072.908265000,ns1,/media/batool/MULTIMODAL_DATA/Multimodal_Data/Cat1/opposite/bag_files/Cat1_20mph_lr_opposite_9/lidar_pcd/ns1/velodyne_points/1624830072.908265000.pcd
Cat1,20mph,lr,opposite,9,1624830073.009102000,ns1,/media/batool/MULTIMODAL_DATA/Multimodal_Data/Cat1/opposite/bag_files/Cat1_20mph_lr_opposite_9/lidar_pcd/ns1/velodyne_points/1624830073.009102000.pcd
Cat1,20mph,lr,opposite,9,1624830073.109939000,ns1,/media/batool/MULTIMODAL_DATA/Multimodal_Data/Cat1/opposite/bag_files/Cat1_20mph_lr_opposite_9/lidar_pcd/ns1/velodyne_points/1624830073.109939000.pcd
Cat1,20mph,lr,opposite,9,1624830073.210820000,ns1,/media/batool/MULTIMODAL_DATA/Multimodal_Data/Cat1/opposite/bag_files/Cat1_20mph_lr_opposite_9/lidar_pcd/ns1/velodyne_points/1624830073.210820000.pcd
Cat1,20mph,lr,opposite,9,1624830073.311670000,ns1,/media/batool/MULTIMODAL_DATA/Multimodal_Data/Cat1/opposite/bag_files/Cat1_20mph_lr_opposite_9/lidar_pcd/ns1/velodyne_points/1624830073.311670000.pcd
Cat1,20mph,lr,opposite,9,1624830073.412499000,ns1,/media/batool/MULTIMODAL_DATA/Multimodal_Data/Cat1/opposite/bag_files/Cat1_20mph_lr_opposite_9/lidar_pcd/ns1/velodyne_points/1624830073.412499000.pcd
Cat1,20mph,lr,opposite,9,1624830073.513377000,ns1,/media/batool/MULTIMODAL_DATA/Multimodal_Data/Cat1/opposite/bag_files/Cat1_20mph_lr_opposite_9/lidar_pcd/ns1/velodyne_points/1624830073.513377000.pcd
Cat1,20mph,lr,opposite,9,1624830073.614206000,ns1,/media/batool/MULTIMODAL_DATA/Multimodal_Data/Cat1/opposite/bag_files/Cat1_20mph_lr_opposite_9/lidar_pcd/ns1/velodyne_points/1624830073.614206000.pcd
Cat1,20mph,lr,opposite,9,1624830073.715085000,ns1,/media/batool/MULTIMODAL_DATA/Multimodal_Data/Cat1/opposite/bag_files/Cat1_20mph_lr_opposite_9/lidar_pcd/ns1/velodyne_points/1624830073.715085000.pcd
Cat1,20mph,lr,opposite,9,1624830073.916823000,ns1,/media/batool/MULTIMODAL_DATA/Multimodal_Data/Cat1/opposite/bag_files/Cat1_20mph_lr_opposite_9/lidar_pcd/ns1/velodyne_points/1624830073.916823000.pcd
Cat1,20mph,lr,opposite,9,1624830074.017658000,ns1,/media/batool/MULTIMODAL_DATA/Multimodal_Data/Cat1/opposite/bag_files/Cat1_20mph_lr_opposite_9/lidar_pcd/ns1/velodyne_points/1624830074.017658000.pcd
Cat1,20mph,lr,opposite,9,1624830074.118510000,ns1,/media/batool/MULTIMODAL_DATA/Multimodal_Data/Cat1/opposite/bag_files/Cat1_20mph_lr_opposite_9/lidar_pcd/ns1/velodyne_points/1624830074.118510000.pcd
Cat1,20mph,lr,opposite,9,1624830074.219329000,ns1,/media/batool/MULTIMODAL_DATA/Multimodal_Data/Cat1/opposite/bag_files/Cat1_20mph_lr_opposite_9/lidar_pcd/ns1/velodyne_points/1624830074.219329000.pcd
Cat1,20mph,lr,opposite,9,1624830074.320240000,ns1,/media/batool/MULTIMODAL_DATA/Multimodal_Data/Cat1/opposite/bag_files/Cat1_20mph_lr_opposite_9/lidar_pcd/ns1/velodyne_points/1624830074.320240000.pcd
Cat1,20mph,lr,opposite,9,1624830074.421096000,ns1,/media/batool/MULTIMODAL_DATA/Multimodal_Data/Cat1/opposite/bag_files/Cat1_20mph_lr_opposite_9/lidar_pcd/ns1/velodyne_points/1624830074.421096000.pcd
Cat1,20mph,lr,opposite,9,1624830074.521960000,ns1,/media/batool/MULTIMODAL_DATA/Multimodal_Data/Cat1/opposite/bag_files/Cat1_20mph_lr_opposite_9/lidar_pcd/ns1/velodyne_points/1624830074.521960000.pcd
Cat1,20mph,lr,opposite,9,1624830074.622777000,ns1,/media/batool/MULTIMODAL_DATA/Multimodal_Data/Cat1/opposite/bag_files/Cat1_20mph_lr_opposite_9/lidar_pcd/ns1/velodyne_points/1624830074.622777000.pcd
Cat1,20mph,lr,opposite,9,1624830074.723658000,ns1,/media/batool/MULTIMODAL_DATA/Multimodal_Data/Cat1/opposite/bag_files/Cat1_20mph_lr_opposite_9/lidar_pcd/ns1/velodyne_points/1624830074.723658000.pcd
Cat1,20mph,lr,opposite,9,1624830074.824527000,ns1,/media/batool/MULTIMODAL_DATA/Multimodal_Data/Cat1/opposite/bag_files/Cat1_20mph_lr_opposite_9/lidar_pcd/ns1/velodyne_points/1624830074.824527000.pcd
Cat1,20mph,lr,opposite,9,1624830074.925370000,ns1,/media/batool/MULTIMODAL_DATA/Multimodal_Data/Cat1/opposite/bag_files/Cat1_20mph_lr_opposite_9/lidar_pcd/ns1/velodyne_points/1624830074.925370000.pcd
Cat1,20mph,lr,opposite,9,1624830075.026249000,ns1,/media/batool/MULTIMODAL_DATA/Multimodal_Data/Cat1/opposite/bag_files/Cat1_20mph_lr_opposite_9/lidar_pcd/ns1/velodyne_points/1624830075.026249000.pcd
Cat1,20mph,lr,opposite,9,1624830075.127088000,ns1,/media/batool/MULTIMODAL_DATA/Multimodal_Data/Cat1/opposite/bag_files/Cat1_20mph_lr_opposite_9/lidar_pcd/ns1/velodyne_points/1624830075.127088000.pcd
Cat1,20mph,lr,opposite,9,1624830075.227916000,ns1,/media/batool/MULTIMODAL_DATA/Multimodal_Data/Cat1/opposite/bag_files/Cat1_20mph_lr_opposite_9/lidar_pcd/ns1/velodyne_points/1624830075.227916000.pcd
Cat1,20mph,lr,opposite,9,1624830075.429613000,ns1,/media/batool/MULTIMODAL_DATA/Multimodal_Data/Cat1/opposite/bag_files/Cat1_20mph_lr_opposite_9/lidar_pcd/ns1/velodyne_points/1624830075.429613000.pcd
Cat1,20mph,lr,opposite,9,1624830075.530495000,ns1,/media/batool/MULTIMODAL_DATA/Multimodal_Data/Cat1/opposite/bag_files/Cat1_20mph_lr_opposite_9/lidar_pcd/ns1/velodyne_points/1624830075.530495000.pcd
Cat1,20mph,lr,opposite,9,1624830075.631342000,ns1,/media/batool/MULTIMODAL_DATA/Multimodal_Data/Cat1/opposite/bag_files/Cat1_20mph_lr_opposite_9/lidar_pcd/ns1/velodyne_points/1624830075.631342000.pcd
Cat1,20mph,lr,opposite,9,1624830075.732176000,ns1,/media/batool/MULTIMODAL_DATA/Multimodal_Data/Cat1/opposite/bag_files/Cat1_20mph_lr_opposite_9/lidar_pcd/ns1/velodyne_points/1624830075.732176000.pcd
Cat1,20mph,lr,opposite,9,1624830075.833073000,ns1,/media/batool/MULTIMODAL_DATA/Multimodal_Data/Cat1/opposite/bag_files/Cat1_20mph_lr_opposite_9/lidar_pcd/ns1/velodyne_points/1624830075.833073000.pcd
Cat1,20mph,lr,opposite,9,1624830075.933890000,ns1,/media/batool/MULTIMODAL_DATA/Multimodal_Data/Cat1/opposite/bag_files/Cat1_20mph_lr_opposite_9/lidar_pcd/ns1/velodyne_points/1624830075.933890000.pcd
Cat1,20mph,lr,opposite,9,1624830076.034767000,ns1,/media/batool/MULTIMODAL_DATA/Multimodal_Data/Cat1/opposite/bag_files/Cat1_20mph_lr_opposite_9/lidar_pcd/ns1/velodyne_points/1624830076.034767000.pcd
Cat1,20mph,lr,opposite,9,1624830076.135648000,ns1,/media/batool/MULTIMODAL_DATA/Multimodal_Data/Cat1/opposite/bag_files/Cat1_20mph_lr_opposite_9/lidar_pcd/ns1/velodyne_points/1624830076.135648000.pcd
Cat1,20mph,lr,opposite,9,1624830076.236516000,ns1,/media/batool/MULTIMODAL_DATA/Multimodal_Data/Cat1/opposite/bag_files/Cat1_20mph_lr_opposite_9/lidar_pcd/ns1/velodyne_points/1624830076.236516000.pcd
Cat1,20mph,lr,opposite,9,1624830076.337360000,ns1,/media/batool/MULTIMODAL_DATA/Multimodal_Data/Cat1/opposite/bag_files/Cat1_20mph_lr_opposite_9/lidar_pcd/ns1/velodyne_points/1624830076.337360000.pcd
Cat1,20mph,lr,opposite,9,1624830076.438230000,ns1,/media/batool/MULTIMODAL_DATA/Multimodal_Data/Cat1/opposite/bag_files/Cat1_20mph_lr_opposite_9/lidar_pcd/ns1/velodyne_points/1624830076.438230000.pcd
Cat1,20mph,lr,opposite,9,1624830076.539089000,ns1,/media/batool/MULTIMODAL_DATA/Multimodal_Data/Cat1/opposite/bag_files/Cat1_20mph_lr_opposite_9/lidar_pcd/ns1/velodyne_points/1624830076.539089000.pcd
Cat1,20mph,lr,opposite,9,1624830076.639932000,ns1,/media/batool/MULTIMODAL_DATA/Multimodal_Data/Cat1/opposite/bag_files/Cat1_20mph_lr_opposite_9/lidar_pcd/ns1/velodyne_points/1624830076.639932000.pcd
Cat1,20mph,lr,opposite,9,1624830076.740798000,ns1,/media/batool/MULTIMODAL_DATA/Multimodal_Data/Cat1/opposite/bag_files/Cat1_20mph_lr_opposite_9/lidar_pcd/ns1/velodyne_points/1624830076.740798000.pcd
Cat1,20mph,lr,opposite,9,1624830076.841627000,ns1,/media/batool/MULTIMODAL_DATA/Multimodal_Data/Cat1/opposite/bag_files/Cat1_20mph_lr_opposite_9/lidar_pcd/ns1/velodyne_points/1624830076.841627000.pcd
Cat1,20mph,lr,opposite,9,1624830076.942476000,ns1,/media/batool/MULTIMODAL_DATA/Multimodal_Data/Cat1/opposite/bag_files/Cat1_20mph_lr_opposite_9/lidar_pcd/ns1/velodyne_points/1624830076.942476000.pcd
Cat1,20mph,lr,opposite,9,1624830077.043360000,ns1,/media/batool/MULTIMODAL_DATA/Multimodal_Data/Cat1/opposite/bag_files/Cat1_20mph_lr_opposite_9/lidar_pcd/ns1/velodyne_points/1624830077.043360000.pcd
Cat1,20mph,lr,opposite,9,1624830077.144215000,ns1,/media/batool/MULTIMODAL_DATA/Multimodal_Data/Cat1/opposite/bag_files/Cat1_20mph_lr_opposite_9/lidar_pcd/ns1/velodyne_points/1624830077.144215000.pcd
Cat1,20mph,lr,opposite,9,1624830077.245062000,ns1,/media/batool/MULTIMODAL_DATA/Multimodal_Data/Cat1/opposite/bag_files/Cat1_20mph_lr_opposite_9/lidar_pcd/ns1/velodyne_points/1624830077.245062000.pcd
Cat1,20mph,lr,opposite,9,1624830077.345922000,ns1,/media/batool/MULTIMODAL_DATA/Multimodal_Data/Cat1/opposite/bag_files/Cat1_20mph_lr_opposite_9/lidar_pcd/ns1/velodyne_points/1624830077.345922000.pcd
Cat1,20mph,lr,opposite,9,1624830077.446809000,ns1,/media/batool/MULTIMODAL_DATA/Multimodal_Data/Cat1/opposite/bag_files/Cat1_20mph_lr_opposite_9/lidar_pcd/ns1/velodyne_points/1624830077.446809000.pcd
Cat1,20mph,lr,opposite,9,1624830077.547676000,ns1,/media/batool/MULTIMODAL_DATA/Multimodal_Data/Cat1/opposite/bag_files/Cat1_20mph_lr_opposite_9/lidar_pcd/ns1/velodyne_points/1624830077.547676000.pcd
Cat1,20mph,lr,opposite,9,1624830077.648515000,ns1,/media/batool/MULTIMODAL_DATA/Multimodal_Data/Cat1/opposite/bag_files/Cat1_20mph_lr_opposite_9/lidar_pcd/ns1/velodyne_points/1624830077.648515000.pcd
Cat1,20mph,lr,opposite,9,1624830077.749337000,ns1,/media/batool/MULTIMODAL_DATA/Multimodal_Data/Cat1/opposite/bag_files/Cat1_20mph_lr_opposite_9/lidar_pcd/ns1/velodyne_points/1624830077.749337000.pcd
Cat1,20mph,lr,opposite,9,1624830077.850242000,ns1,/media/batool/MULTIMODAL_DATA/Multimodal_Data/Cat1/opposite/bag_files/Cat1_20mph_lr_opposite_9/lidar_pcd/ns1/velodyne_points/1624830077.850242000.pcd
Cat1,20mph,lr,opposite,9,1624830077.951088000,ns1,/media/batool/MULTIMODAL_DATA/Multimodal_Data/Cat1/opposite/bag_files/Cat1_20mph_lr_opposite_9/lidar_pcd/ns1/velodyne_points/1624830077.951088000.pcd
Cat1,20mph,lr,opposite,9,1624830078.051890000,ns1,/media/batool/MULTIMODAL_DATA/Multimodal_Data/Cat1/opposite/bag_files/Cat1_20mph_lr_opposite_9/lidar_pcd/ns1/velodyne_points/1624830078.051890000.pcd
Cat1,20mph,lr,opposite,9,1624830078.152796000,ns1,/media/batool/MULTIMODAL_DATA/Multimodal_Data/Cat1/opposite/bag_files/Cat1_20mph_lr_opposite_9/lidar_pcd/ns1/velodyne_points/1624830078.152796000.pcd
