Category,speed,direction,lane,episode,Time header,lidar number,path to the file
Cat1,10mph,lr,opposite,5,1624824502.580382000,ns1,/media/batool/MULTIMODAL_DATA/Multimodal_Data/Cat1/opposite/bag_files/Cat1_10mph_lr_opposite_5/lidar_pcd/ns1/velodyne_points/1624824502.580382000.pcd
Cat1,10mph,lr,opposite,5,1624824502.681225000,ns1,/media/batool/MULTIMODAL_DATA/Multimodal_Data/Cat1/opposite/bag_files/Cat1_10mph_lr_opposite_5/lidar_pcd/ns1/velodyne_points/1624824502.681225000.pcd
Cat1,10mph,lr,opposite,5,1624824502.782109000,ns1,/media/batool/MULTIMODAL_DATA/Multimodal_Data/Cat1/opposite/bag_files/Cat1_10mph_lr_opposite_5/lidar_pcd/ns1/velodyne_points/1624824502.782109000.pcd
Cat1,10mph,lr,opposite,5,1624824502.882946000,ns1,/media/batool/MULTIMODAL_DATA/Multimodal_Data/Cat1/opposite/bag_files/Cat1_10mph_lr_opposite_5/lidar_pcd/ns1/velodyne_points/1624824502.882946000.pcd
Cat1,10mph,lr,opposite,5,1624824502.983797000,ns1,/media/batool/MULTIMODAL_DATA/Multimodal_Data/Cat1/opposite/bag_files/Cat1_10mph_lr_opposite_5/lidar_pcd/ns1/velodyne_points/1624824502.983797000.pcd
Cat1,10mph,lr,opposite,5,1624824503.084638000,ns1,/media/batool/MULTIMODAL_DATA/Multimodal_Data/Cat1/opposite/bag_files/Cat1_10mph_lr_opposite_5/lidar_pcd/ns1/velodyne_points/1624824503.084638000.pcd
Cat1,10mph,lr,opposite,5,1624824503.185531000,ns1,/media/batool/MULTIMODAL_DATA/Multimodal_Data/Cat1/opposite/bag_files/Cat1_10mph_lr_opposite_5/lidar_pcd/ns1/velodyne_points/1624824503.185531000.pcd
Cat1,10mph,lr,opposite,5,1624824503.286380000,ns1,/media/batool/MULTIMODAL_DATA/Multimodal_Data/Cat1/opposite/bag_files/Cat1_10mph_lr_opposite_5/lidar_pcd/ns1/velodyne_points/1624824503.286380000.pcd
Cat1,10mph,lr,opposite,5,1624824503.387232000,ns1,/media/batool/MULTIMODAL_DATA/Multimodal_Data/Cat1/opposite/bag_files/Cat1_10mph_lr_opposite_5/lidar_pcd/ns1/velodyne_points/1624824503.387232000.pcd
Cat1,10mph,lr,opposite,5,1624824503.488079000,ns1,/media/batool/MULTIMODAL_DATA/Multimodal_Data/Cat1/opposite/bag_files/Cat1_10mph_lr_opposite_5/lidar_pcd/ns1/velodyne_points/1624824503.488079000.pcd
Cat1,10mph,lr,opposite,5,1624824503.588953000,ns1,/media/batool/MULTIMODAL_DATA/Multimodal_Data/Cat1/opposite/bag_files/Cat1_10mph_lr_opposite_5/lidar_pcd/ns1/velodyne_points/1624824503.588953000.pcd
Cat1,10mph,lr,opposite,5,1624824503.689815000,ns1,/media/batool/MULTIMODAL_DATA/Multimodal_Data/Cat1/opposite/bag_files/Cat1_10mph_lr_opposite_5/lidar_pcd/ns1/velodyne_points/1624824503.689815000.pcd
Cat1,10mph,lr,opposite,5,1624824503.790733000,ns1,/media/batool/MULTIMODAL_DATA/Multimodal_Data/Cat1/opposite/bag_files/Cat1_10mph_lr_opposite_5/lidar_pcd/ns1/velodyne_points/1624824503.790733000.pcd
Cat1,10mph,lr,opposite,5,1624824503.891531000,ns1,/media/batool/MULTIMODAL_DATA/Multimodal_Data/Cat1/opposite/bag_files/Cat1_10mph_lr_opposite_5/lidar_pcd/ns1/velodyne_points/1624824503.891531000.pcd
Cat1,10mph,lr,opposite,5,1624824504.093218000,ns1,/media/batool/MULTIMODAL_DATA/Multimodal_Data/Cat1/opposite/bag_files/Cat1_10mph_lr_opposite_5/lidar_pcd/ns1/velodyne_points/1624824504.093218000.pcd
Cat1,10mph,lr,opposite,5,1624824504.194082000,ns1,/media/batool/MULTIMODAL_DATA/Multimodal_Data/Cat1/opposite/bag_files/Cat1_10mph_lr_opposite_5/lidar_pcd/ns1/velodyne_points/1624824504.194082000.pcd
Cat1,10mph,lr,opposite,5,1624824504.294957000,ns1,/media/batool/MULTIMODAL_DATA/Multimodal_Data/Cat1/opposite/bag_files/Cat1_10mph_lr_opposite_5/lidar_pcd/ns1/velodyne_points/1624824504.294957000.pcd
Cat1,10mph,lr,opposite,5,1624824504.395847000,ns1,/media/batool/MULTIMODAL_DATA/Multimodal_Data/Cat1/opposite/bag_files/Cat1_10mph_lr_opposite_5/lidar_pcd/ns1/velodyne_points/1624824504.395847000.pcd
Cat1,10mph,lr,opposite,5,1624824504.496659000,ns1,/media/batool/MULTIMODAL_DATA/Multimodal_Data/Cat1/opposite/bag_files/Cat1_10mph_lr_opposite_5/lidar_pcd/ns1/velodyne_points/1624824504.496659000.pcd
Cat1,10mph,lr,opposite,5,1624824504.597515000,ns1,/media/batool/MULTIMODAL_DATA/Multimodal_Data/Cat1/opposite/bag_files/Cat1_10mph_lr_opposite_5/lidar_pcd/ns1/velodyne_points/1624824504.597515000.pcd
Cat1,10mph,lr,opposite,5,1624824504.698339000,ns1,/media/batool/MULTIMODAL_DATA/Multimodal_Data/Cat1/opposite/bag_files/Cat1_10mph_lr_opposite_5/lidar_pcd/ns1/velodyne_points/1624824504.698339000.pcd
Cat1,10mph,lr,opposite,5,1624824504.799247000,ns1,/media/batool/MULTIMODAL_DATA/Multimodal_Data/Cat1/opposite/bag_files/Cat1_10mph_lr_opposite_5/lidar_pcd/ns1/velodyne_points/1624824504.799247000.pcd
Cat1,10mph,lr,opposite,5,1624824504.900102000,ns1,/media/batool/MULTIMODAL_DATA/Multimodal_Data/Cat1/opposite/bag_files/Cat1_10mph_lr_opposite_5/lidar_pcd/ns1/velodyne_points/1624824504.900102000.pcd
Cat1,10mph,lr,opposite,5,1624824505.000989000,ns1,/media/batool/MULTIMODAL_DATA/Multimodal_Data/Cat1/opposite/bag_files/Cat1_10mph_lr_opposite_5/lidar_pcd/ns1/velodyne_points/1624824505.000989000.pcd
Cat1,10mph,lr,opposite,5,1624824505.101802000,ns1,/media/batool/MULTIMODAL_DATA/Multimodal_Data/Cat1/opposite/bag_files/Cat1_10mph_lr_opposite_5/lidar_pcd/ns1/velodyne_points/1624824505.101802000.pcd
Cat1,10mph,lr,opposite,5,1624824505.202684000,ns1,/media/batool/MULTIMODAL_DATA/Multimodal_Data/Cat1/opposite/bag_files/Cat1_10mph_lr_opposite_5/lidar_pcd/ns1/velodyne_points/1624824505.202684000.pcd
Cat1,10mph,lr,opposite,5,1624824505.303560000,ns1,/media/batool/MULTIMODAL_DATA/Multimodal_Data/Cat1/opposite/bag_files/Cat1_10mph_lr_opposite_5/lidar_pcd/ns1/velodyne_points/1624824505.303560000.pcd
Cat1,10mph,lr,opposite,5,1624824505.404424000,ns1,/media/batool/MULTIMODAL_DATA/Multimodal_Data/Cat1/opposite/bag_files/Cat1_10mph_lr_opposite_5/lidar_pcd/ns1/velodyne_points/1624824505.404424000.pcd
Cat1,10mph,lr,opposite,5,1624824505.606079000,ns1,/media/batool/MULTIMODAL_DATA/Multimodal_Data/Cat1/opposite/bag_files/Cat1_10mph_lr_opposite_5/lidar_pcd/ns1/velodyne_points/1624824505.606079000.pcd
Cat1,10mph,lr,opposite,5,1624824505.706929000,ns1,/media/batool/MULTIMODAL_DATA/Multimodal_Data/Cat1/opposite/bag_files/Cat1_10mph_lr_opposite_5/lidar_pcd/ns1/velodyne_points/1624824505.706929000.pcd
Cat1,10mph,lr,opposite,5,1624824505.807796000,ns1,/media/batool/MULTIMODAL_DATA/Multimodal_Data/Cat1/opposite/bag_files/Cat1_10mph_lr_opposite_5/lidar_pcd/ns1/velodyne_points/1624824505.807796000.pcd
Cat1,10mph,lr,opposite,5,1624824505.908628000,ns1,/media/batool/MULTIMODAL_DATA/Multimodal_Data/Cat1/opposite/bag_files/Cat1_10mph_lr_opposite_5/lidar_pcd/ns1/velodyne_points/1624824505.908628000.pcd
Cat1,10mph,lr,opposite,5,1624824506.009501000,ns1,/media/batool/MULTIMODAL_DATA/Multimodal_Data/Cat1/opposite/bag_files/Cat1_10mph_lr_opposite_5/lidar_pcd/ns1/velodyne_points/1624824506.009501000.pcd
Cat1,10mph,lr,opposite,5,1624824506.110372000,ns1,/media/batool/MULTIMODAL_DATA/Multimodal_Data/Cat1/opposite/bag_files/Cat1_10mph_lr_opposite_5/lidar_pcd/ns1/velodyne_points/1624824506.110372000.pcd
Cat1,10mph,lr,opposite,5,1624824506.211304000,ns1,/media/batool/MULTIMODAL_DATA/Multimodal_Data/Cat1/opposite/bag_files/Cat1_10mph_lr_opposite_5/lidar_pcd/ns1/velodyne_points/1624824506.211304000.pcd
Cat1,10mph,lr,opposite,5,1624824506.312071000,ns1,/media/batool/MULTIMODAL_DATA/Multimodal_Data/Cat1/opposite/bag_files/Cat1_10mph_lr_opposite_5/lidar_pcd/ns1/velodyne_points/1624824506.312071000.pcd
Cat1,10mph,lr,opposite,5,1624824506.412965000,ns1,/media/batool/MULTIMODAL_DATA/Multimodal_Data/Cat1/opposite/bag_files/Cat1_10mph_lr_opposite_5/lidar_pcd/ns1/velodyne_points/1624824506.412965000.pcd
Cat1,10mph,lr,opposite,5,1624824506.513762000,ns1,/media/batool/MULTIMODAL_DATA/Multimodal_Data/Cat1/opposite/bag_files/Cat1_10mph_lr_opposite_5/lidar_pcd/ns1/velodyne_points/1624824506.513762000.pcd
Cat1,10mph,lr,opposite,5,1624824506.614631000,ns1,/media/batool/MULTIMODAL_DATA/Multimodal_Data/Cat1/opposite/bag_files/Cat1_10mph_lr_opposite_5/lidar_pcd/ns1/velodyne_points/1624824506.614631000.pcd
Cat1,10mph,lr,opposite,5,1624824506.715524000,ns1,/media/batool/MULTIMODAL_DATA/Multimodal_Data/Cat1/opposite/bag_files/Cat1_10mph_lr_opposite_5/lidar_pcd/ns1/velodyne_points/1624824506.715524000.pcd
Cat1,10mph,lr,opposite,5,1624824506.816390000,ns1,/media/batool/MULTIMODAL_DATA/Multimodal_Data/Cat1/opposite/bag_files/Cat1_10mph_lr_opposite_5/lidar_pcd/ns1/velodyne_points/1624824506.816390000.pcd
Cat1,10mph,lr,opposite,5,1624824506.917238000,ns1,/media/batool/MULTIMODAL_DATA/Multimodal_Data/Cat1/opposite/bag_files/Cat1_10mph_lr_opposite_5/lidar_pcd/ns1/velodyne_points/1624824506.917238000.pcd
Cat1,10mph,lr,opposite,5,1624824507.118944000,ns1,/media/batool/MULTIMODAL_DATA/Multimodal_Data/Cat1/opposite/bag_files/Cat1_10mph_lr_opposite_5/lidar_pcd/ns1/velodyne_points/1624824507.118944000.pcd
Cat1,10mph,lr,opposite,5,1624824507.219764000,ns1,/media/batool/MULTIMODAL_DATA/Multimodal_Data/Cat1/opposite/bag_files/Cat1_10mph_lr_opposite_5/lidar_pcd/ns1/velodyne_points/1624824507.219764000.pcd
Cat1,10mph,lr,opposite,5,1624824507.320635000,ns1,/media/batool/MULTIMODAL_DATA/Multimodal_Data/Cat1/opposite/bag_files/Cat1_10mph_lr_opposite_5/lidar_pcd/ns1/velodyne_points/1624824507.320635000.pcd
Cat1,10mph,lr,opposite,5,1624824507.421547000,ns1,/media/batool/MULTIMODAL_DATA/Multimodal_Data/Cat1/opposite/bag_files/Cat1_10mph_lr_opposite_5/lidar_pcd/ns1/velodyne_points/1624824507.421547000.pcd
Cat1,10mph,lr,opposite,5,1624824507.522334000,ns1,/media/batool/MULTIMODAL_DATA/Multimodal_Data/Cat1/opposite/bag_files/Cat1_10mph_lr_opposite_5/lidar_pcd/ns1/velodyne_points/1624824507.522334000.pcd
Cat1,10mph,lr,opposite,5,1624824507.623210000,ns1,/media/batool/MULTIMODAL_DATA/Multimodal_Data/Cat1/opposite/bag_files/Cat1_10mph_lr_opposite_5/lidar_pcd/ns1/velodyne_points/1624824507.623210000.pcd
Cat1,10mph,lr,opposite,5,1624824507.724053000,ns1,/media/batool/MULTIMODAL_DATA/Multimodal_Data/Cat1/opposite/bag_files/Cat1_10mph_lr_opposite_5/lidar_pcd/ns1/velodyne_points/1624824507.724053000.pcd
Cat1,10mph,lr,opposite,5,1624824507.824944000,ns1,/media/batool/MULTIMODAL_DATA/Multimodal_Data/Cat1/opposite/bag_files/Cat1_10mph_lr_opposite_5/lidar_pcd/ns1/velodyne_points/1624824507.824944000.pcd
Cat1,10mph,lr,opposite,5,1624824507.925803000,ns1,/media/batool/MULTIMODAL_DATA/Multimodal_Data/Cat1/opposite/bag_files/Cat1_10mph_lr_opposite_5/lidar_pcd/ns1/velodyne_points/1624824507.925803000.pcd
Cat1,10mph,lr,opposite,5,1624824508.026605000,ns1,/media/batool/MULTIMODAL_DATA/Multimodal_Data/Cat1/opposite/bag_files/Cat1_10mph_lr_opposite_5/lidar_pcd/ns1/velodyne_points/1624824508.026605000.pcd
Cat1,10mph,lr,opposite,5,1624824508.127516000,ns1,/media/batool/MULTIMODAL_DATA/Multimodal_Data/Cat1/opposite/bag_files/Cat1_10mph_lr_opposite_5/lidar_pcd/ns1/velodyne_points/1624824508.127516000.pcd
Cat1,10mph,lr,opposite,5,1624824508.228334000,ns1,/media/batool/MULTIMODAL_DATA/Multimodal_Data/Cat1/opposite/bag_files/Cat1_10mph_lr_opposite_5/lidar_pcd/ns1/velodyne_points/1624824508.228334000.pcd
Cat1,10mph,lr,opposite,5,1624824508.329214000,ns1,/media/batool/MULTIMODAL_DATA/Multimodal_Data/Cat1/opposite/bag_files/Cat1_10mph_lr_opposite_5/lidar_pcd/ns1/velodyne_points/1624824508.329214000.pcd
Cat1,10mph,lr,opposite,5,1624824508.430088000,ns1,/media/batool/MULTIMODAL_DATA/Multimodal_Data/Cat1/opposite/bag_files/Cat1_10mph_lr_opposite_5/lidar_pcd/ns1/velodyne_points/1624824508.430088000.pcd
Cat1,10mph,lr,opposite,5,1624824503.992369000,ns1,/media/batool/MULTIMODAL_DATA/Multimodal_Data/Cat1/opposite/bag_files/Cat1_10mph_lr_opposite_5/lidar_pcd/ns1/velodyne_points/1624824503.992369000.pcd
Cat1,10mph,lr,opposite,5,1624824505.505233000,ns1,/media/batool/MULTIMODAL_DATA/Multimodal_Data/Cat1/opposite/bag_files/Cat1_10mph_lr_opposite_5/lidar_pcd/ns1/velodyne_points/1624824505.505233000.pcd
Cat1,10mph,lr,opposite,5,1624824507.018099000,ns1,/media/batool/MULTIMODAL_DATA/Multimodal_Data/Cat1/opposite/bag_files/Cat1_10mph_lr_opposite_5/lidar_pcd/ns1/velodyne_points/1624824507.018099000.pcd
Cat1,10mph,lr,opposite,5,1624824508.530975000,ns1,/media/batool/MULTIMODAL_DATA/Multimodal_Data/Cat1/opposite/bag_files/Cat1_10mph_lr_opposite_5/lidar_pcd/ns1/velodyne_points/1624824508.530975000.pcd
Cat1,10mph,lr,opposite,5,1624824510.043752000,ns1,/media/batool/MULTIMODAL_DATA/Multimodal_Data/Cat1/opposite/bag_files/Cat1_10mph_lr_opposite_5/lidar_pcd/ns1/velodyne_points/1624824510.043752000.pcd
Cat1,10mph,lr,opposite,5,1624824511.556630000,ns1,/media/batool/MULTIMODAL_DATA/Multimodal_Data/Cat1/opposite/bag_files/Cat1_10mph_lr_opposite_5/lidar_pcd/ns1/velodyne_points/1624824511.556630000.pcd
Cat1,10mph,lr,opposite,5,1624824513.069563000,ns1,/media/batool/MULTIMODAL_DATA/Multimodal_Data/Cat1/opposite/bag_files/Cat1_10mph_lr_opposite_5/lidar_pcd/ns1/velodyne_points/1624824513.069563000.pcd
Cat1,10mph,lr,opposite,5,1624824514.582322000,ns1,/media/batool/MULTIMODAL_DATA/Multimodal_Data/Cat1/opposite/bag_files/Cat1_10mph_lr_opposite_5/lidar_pcd/ns1/velodyne_points/1624824514.582322000.pcd
Cat1,10mph,lr,opposite,5,1624824516.095193000,ns1,/media/batool/MULTIMODAL_DATA/Multimodal_Data/Cat1/opposite/bag_files/Cat1_10mph_lr_opposite_5/lidar_pcd/ns1/velodyne_points/1624824516.095193000.pcd
Cat1,10mph,lr,opposite,5,1624824517.608012000,ns1,/media/batool/MULTIMODAL_DATA/Multimodal_Data/Cat1/opposite/bag_files/Cat1_10mph_lr_opposite_5/lidar_pcd/ns1/velodyne_points/1624824517.608012000.pcd
Cat1,10mph,lr,opposite,5,1624824519.120875000,ns1,/media/batool/MULTIMODAL_DATA/Multimodal_Data/Cat1/opposite/bag_files/Cat1_10mph_lr_opposite_5/lidar_pcd/ns1/velodyne_points/1624824519.120875000.pcd
Cat1,10mph,lr,opposite,5,1624824520.633730000,ns1,/media/batool/MULTIMODAL_DATA/Multimodal_Data/Cat1/opposite/bag_files/Cat1_10mph_lr_opposite_5/lidar_pcd/ns1/velodyne_points/1624824520.633730000.pcd
Cat1,10mph,lr,opposite,5,1624824522.146606000,ns1,/media/batool/MULTIMODAL_DATA/Multimodal_Data/Cat1/opposite/bag_files/Cat1_10mph_lr_opposite_5/lidar_pcd/ns1/velodyne_points/1624824522.146606000.pcd
Cat1,10mph,lr,opposite,5,1624824523.659417000,ns1,/media/batool/MULTIMODAL_DATA/Multimodal_Data/Cat1/opposite/bag_files/Cat1_10mph_lr_opposite_5/lidar_pcd/ns1/velodyne_points/1624824523.659417000.pcd
Cat1,10mph,lr,opposite,5,1624824525.172312000,ns1,/media/batool/MULTIMODAL_DATA/Multimodal_Data/Cat1/opposite/bag_files/Cat1_10mph_lr_opposite_5/lidar_pcd/ns1/velodyne_points/1624824525.172312000.pcd
Cat1,10mph,lr,opposite,5,1624824526.685129000,ns1,/media/batool/MULTIMODAL_DATA/Multimodal_Data/Cat1/opposite/bag_files/Cat1_10mph_lr_opposite_5/lidar_pcd/ns1/velodyne_points/1624824526.685129000.pcd
Cat1,10mph,lr,opposite,5,1624824528.197965000,ns1,/media/batool/MULTIMODAL_DATA/Multimodal_Data/Cat1/opposite/bag_files/Cat1_10mph_lr_opposite_5/lidar_pcd/ns1/velodyne_points/1624824528.197965000.pcd
Cat1,10mph,lr,opposite,5,1624824508.631790000,ns1,/media/batool/MULTIMODAL_DATA/Multimodal_Data/Cat1/opposite/bag_files/Cat1_10mph_lr_opposite_5/lidar_pcd/ns1/velodyne_points/1624824508.631790000.pcd
Cat1,10mph,lr,opposite,5,1624824508.732643000,ns1,/media/batool/MULTIMODAL_DATA/Multimodal_Data/Cat1/opposite/bag_files/Cat1_10mph_lr_opposite_5/lidar_pcd/ns1/velodyne_points/1624824508.732643000.pcd
Cat1,10mph,lr,opposite,5,1624824508.833474000,ns1,/media/batool/MULTIMODAL_DATA/Multimodal_Data/Cat1/opposite/bag_files/Cat1_10mph_lr_opposite_5/lidar_pcd/ns1/velodyne_points/1624824508.833474000.pcd
Cat1,10mph,lr,opposite,5,1624824508.934353000,ns1,/media/batool/MULTIMODAL_DATA/Multimodal_Data/Cat1/opposite/bag_files/Cat1_10mph_lr_opposite_5/lidar_pcd/ns1/velodyne_points/1624824508.934353000.pcd
Cat1,10mph,lr,opposite,5,1624824509.035205000,ns1,/media/batool/MULTIMODAL_DATA/Multimodal_Data/Cat1/opposite/bag_files/Cat1_10mph_lr_opposite_5/lidar_pcd/ns1/velodyne_points/1624824509.035205000.pcd
Cat1,10mph,lr,opposite,5,1624824509.136060000,ns1,/media/batool/MULTIMODAL_DATA/Multimodal_Data/Cat1/opposite/bag_files/Cat1_10mph_lr_opposite_5/lidar_pcd/ns1/velodyne_points/1624824509.136060000.pcd
Cat1,10mph,lr,opposite,5,1624824509.236918000,ns1,/media/batool/MULTIMODAL_DATA/Multimodal_Data/Cat1/opposite/bag_files/Cat1_10mph_lr_opposite_5/lidar_pcd/ns1/velodyne_points/1624824509.236918000.pcd
Cat1,10mph,lr,opposite,5,1624824509.337796000,ns1,/media/batool/MULTIMODAL_DATA/Multimodal_Data/Cat1/opposite/bag_files/Cat1_10mph_lr_opposite_5/lidar_pcd/ns1/velodyne_points/1624824509.337796000.pcd
Cat1,10mph,lr,opposite,5,1624824509.438673000,ns1,/media/batool/MULTIMODAL_DATA/Multimodal_Data/Cat1/opposite/bag_files/Cat1_10mph_lr_opposite_5/lidar_pcd/ns1/velodyne_points/1624824509.438673000.pcd
Cat1,10mph,lr,opposite,5,1624824509.539492000,ns1,/media/batool/MULTIMODAL_DATA/Multimodal_Data/Cat1/opposite/bag_files/Cat1_10mph_lr_opposite_5/lidar_pcd/ns1/velodyne_points/1624824509.539492000.pcd
Cat1,10mph,lr,opposite,5,1624824509.640333000,ns1,/media/batool/MULTIMODAL_DATA/Multimodal_Data/Cat1/opposite/bag_files/Cat1_10mph_lr_opposite_5/lidar_pcd/ns1/velodyne_points/1624824509.640333000.pcd
Cat1,10mph,lr,opposite,5,1624824509.741184000,ns1,/media/batool/MULTIMODAL_DATA/Multimodal_Data/Cat1/opposite/bag_files/Cat1_10mph_lr_opposite_5/lidar_pcd/ns1/velodyne_points/1624824509.741184000.pcd
Cat1,10mph,lr,opposite,5,1624824509.842059000,ns1,/media/batool/MULTIMODAL_DATA/Multimodal_Data/Cat1/opposite/bag_files/Cat1_10mph_lr_opposite_5/lidar_pcd/ns1/velodyne_points/1624824509.842059000.pcd
Cat1,10mph,lr,opposite,5,1624824509.942920000,ns1,/media/batool/MULTIMODAL_DATA/Multimodal_Data/Cat1/opposite/bag_files/Cat1_10mph_lr_opposite_5/lidar_pcd/ns1/velodyne_points/1624824509.942920000.pcd
Cat1,10mph,lr,opposite,5,1624824510.144625000,ns1,/media/batool/MULTIMODAL_DATA/Multimodal_Data/Cat1/opposite/bag_files/Cat1_10mph_lr_opposite_5/lidar_pcd/ns1/velodyne_points/1624824510.144625000.pcd
Cat1,10mph,lr,opposite,5,1624824510.245507000,ns1,/media/batool/MULTIMODAL_DATA/Multimodal_Data/Cat1/opposite/bag_files/Cat1_10mph_lr_opposite_5/lidar_pcd/ns1/velodyne_points/1624824510.245507000.pcd
Cat1,10mph,lr,opposite,5,1624824510.346311000,ns1,/media/batool/MULTIMODAL_DATA/Multimodal_Data/Cat1/opposite/bag_files/Cat1_10mph_lr_opposite_5/lidar_pcd/ns1/velodyne_points/1624824510.346311000.pcd
Cat1,10mph,lr,opposite,5,1624824510.447191000,ns1,/media/batool/MULTIMODAL_DATA/Multimodal_Data/Cat1/opposite/bag_files/Cat1_10mph_lr_opposite_5/lidar_pcd/ns1/velodyne_points/1624824510.447191000.pcd
Cat1,10mph,lr,opposite,5,1624824510.548093000,ns1,/media/batool/MULTIMODAL_DATA/Multimodal_Data/Cat1/opposite/bag_files/Cat1_10mph_lr_opposite_5/lidar_pcd/ns1/velodyne_points/1624824510.548093000.pcd
Cat1,10mph,lr,opposite,5,1624824510.648930000,ns1,/media/batool/MULTIMODAL_DATA/Multimodal_Data/Cat1/opposite/bag_files/Cat1_10mph_lr_opposite_5/lidar_pcd/ns1/velodyne_points/1624824510.648930000.pcd
Cat1,10mph,lr,opposite,5,1624824510.749774000,ns1,/media/batool/MULTIMODAL_DATA/Multimodal_Data/Cat1/opposite/bag_files/Cat1_10mph_lr_opposite_5/lidar_pcd/ns1/velodyne_points/1624824510.749774000.pcd
Cat1,10mph,lr,opposite,5,1624824510.850618000,ns1,/media/batool/MULTIMODAL_DATA/Multimodal_Data/Cat1/opposite/bag_files/Cat1_10mph_lr_opposite_5/lidar_pcd/ns1/velodyne_points/1624824510.850618000.pcd
Cat1,10mph,lr,opposite,5,1624824510.951472000,ns1,/media/batool/MULTIMODAL_DATA/Multimodal_Data/Cat1/opposite/bag_files/Cat1_10mph_lr_opposite_5/lidar_pcd/ns1/velodyne_points/1624824510.951472000.pcd
Cat1,10mph,lr,opposite,5,1624824511.052353000,ns1,/media/batool/MULTIMODAL_DATA/Multimodal_Data/Cat1/opposite/bag_files/Cat1_10mph_lr_opposite_5/lidar_pcd/ns1/velodyne_points/1624824511.052353000.pcd
Cat1,10mph,lr,opposite,5,1624824511.153171000,ns1,/media/batool/MULTIMODAL_DATA/Multimodal_Data/Cat1/opposite/bag_files/Cat1_10mph_lr_opposite_5/lidar_pcd/ns1/velodyne_points/1624824511.153171000.pcd
Cat1,10mph,lr,opposite,5,1624824511.254047000,ns1,/media/batool/MULTIMODAL_DATA/Multimodal_Data/Cat1/opposite/bag_files/Cat1_10mph_lr_opposite_5/lidar_pcd/ns1/velodyne_points/1624824511.254047000.pcd
Cat1,10mph,lr,opposite,5,1624824511.354886000,ns1,/media/batool/MULTIMODAL_DATA/Multimodal_Data/Cat1/opposite/bag_files/Cat1_10mph_lr_opposite_5/lidar_pcd/ns1/velodyne_points/1624824511.354886000.pcd
Cat1,10mph,lr,opposite,5,1624824511.455804000,ns1,/media/batool/MULTIMODAL_DATA/Multimodal_Data/Cat1/opposite/bag_files/Cat1_10mph_lr_opposite_5/lidar_pcd/ns1/velodyne_points/1624824511.455804000.pcd
Cat1,10mph,lr,opposite,5,1624824511.657494000,ns1,/media/batool/MULTIMODAL_DATA/Multimodal_Data/Cat1/opposite/bag_files/Cat1_10mph_lr_opposite_5/lidar_pcd/ns1/velodyne_points/1624824511.657494000.pcd
Cat1,10mph,lr,opposite,5,1624824511.758301000,ns1,/media/batool/MULTIMODAL_DATA/Multimodal_Data/Cat1/opposite/bag_files/Cat1_10mph_lr_opposite_5/lidar_pcd/ns1/velodyne_points/1624824511.758301000.pcd
Cat1,10mph,lr,opposite,5,1624824511.859235000,ns1,/media/batool/MULTIMODAL_DATA/Multimodal_Data/Cat1/opposite/bag_files/Cat1_10mph_lr_opposite_5/lidar_pcd/ns1/velodyne_points/1624824511.859235000.pcd
Cat1,10mph,lr,opposite,5,1624824511.960032000,ns1,/media/batool/MULTIMODAL_DATA/Multimodal_Data/Cat1/opposite/bag_files/Cat1_10mph_lr_opposite_5/lidar_pcd/ns1/velodyne_points/1624824511.960032000.pcd
Cat1,10mph,lr,opposite,5,1624824512.060888000,ns1,/media/batool/MULTIMODAL_DATA/Multimodal_Data/Cat1/opposite/bag_files/Cat1_10mph_lr_opposite_5/lidar_pcd/ns1/velodyne_points/1624824512.060888000.pcd
Cat1,10mph,lr,opposite,5,1624824512.161775000,ns1,/media/batool/MULTIMODAL_DATA/Multimodal_Data/Cat1/opposite/bag_files/Cat1_10mph_lr_opposite_5/lidar_pcd/ns1/velodyne_points/1624824512.161775000.pcd
Cat1,10mph,lr,opposite,5,1624824512.262655000,ns1,/media/batool/MULTIMODAL_DATA/Multimodal_Data/Cat1/opposite/bag_files/Cat1_10mph_lr_opposite_5/lidar_pcd/ns1/velodyne_points/1624824512.262655000.pcd
Cat1,10mph,lr,opposite,5,1624824512.363501000,ns1,/media/batool/MULTIMODAL_DATA/Multimodal_Data/Cat1/opposite/bag_files/Cat1_10mph_lr_opposite_5/lidar_pcd/ns1/velodyne_points/1624824512.363501000.pcd
Cat1,10mph,lr,opposite,5,1624824512.464340000,ns1,/media/batool/MULTIMODAL_DATA/Multimodal_Data/Cat1/opposite/bag_files/Cat1_10mph_lr_opposite_5/lidar_pcd/ns1/velodyne_points/1624824512.464340000.pcd
Cat1,10mph,lr,opposite,5,1624824512.565226000,ns1,/media/batool/MULTIMODAL_DATA/Multimodal_Data/Cat1/opposite/bag_files/Cat1_10mph_lr_opposite_5/lidar_pcd/ns1/velodyne_points/1624824512.565226000.pcd
Cat1,10mph,lr,opposite,5,1624824512.666039000,ns1,/media/batool/MULTIMODAL_DATA/Multimodal_Data/Cat1/opposite/bag_files/Cat1_10mph_lr_opposite_5/lidar_pcd/ns1/velodyne_points/1624824512.666039000.pcd
Cat1,10mph,lr,opposite,5,1624824512.766935000,ns1,/media/batool/MULTIMODAL_DATA/Multimodal_Data/Cat1/opposite/bag_files/Cat1_10mph_lr_opposite_5/lidar_pcd/ns1/velodyne_points/1624824512.766935000.pcd
Cat1,10mph,lr,opposite,5,1624824512.867785000,ns1,/media/batool/MULTIMODAL_DATA/Multimodal_Data/Cat1/opposite/bag_files/Cat1_10mph_lr_opposite_5/lidar_pcd/ns1/velodyne_points/1624824512.867785000.pcd
Cat1,10mph,lr,opposite,5,1624824512.968611000,ns1,/media/batool/MULTIMODAL_DATA/Multimodal_Data/Cat1/opposite/bag_files/Cat1_10mph_lr_opposite_5/lidar_pcd/ns1/velodyne_points/1624824512.968611000.pcd
Cat1,10mph,lr,opposite,5,1624824513.170357000,ns1,/media/batool/MULTIMODAL_DATA/Multimodal_Data/Cat1/opposite/bag_files/Cat1_10mph_lr_opposite_5/lidar_pcd/ns1/velodyne_points/1624824513.170357000.pcd
Cat1,10mph,lr,opposite,5,1624824513.271214000,ns1,/media/batool/MULTIMODAL_DATA/Multimodal_Data/Cat1/opposite/bag_files/Cat1_10mph_lr_opposite_5/lidar_pcd/ns1/velodyne_points/1624824513.271214000.pcd
Cat1,10mph,lr,opposite,5,1624824513.372068000,ns1,/media/batool/MULTIMODAL_DATA/Multimodal_Data/Cat1/opposite/bag_files/Cat1_10mph_lr_opposite_5/lidar_pcd/ns1/velodyne_points/1624824513.372068000.pcd
Cat1,10mph,lr,opposite,5,1624824513.472955000,ns1,/media/batool/MULTIMODAL_DATA/Multimodal_Data/Cat1/opposite/bag_files/Cat1_10mph_lr_opposite_5/lidar_pcd/ns1/velodyne_points/1624824513.472955000.pcd
Cat1,10mph,lr,opposite,5,1624824513.573796000,ns1,/media/batool/MULTIMODAL_DATA/Multimodal_Data/Cat1/opposite/bag_files/Cat1_10mph_lr_opposite_5/lidar_pcd/ns1/velodyne_points/1624824513.573796000.pcd
Cat1,10mph,lr,opposite,5,1624824513.674644000,ns1,/media/batool/MULTIMODAL_DATA/Multimodal_Data/Cat1/opposite/bag_files/Cat1_10mph_lr_opposite_5/lidar_pcd/ns1/velodyne_points/1624824513.674644000.pcd
Cat1,10mph,lr,opposite,5,1624824513.775498000,ns1,/media/batool/MULTIMODAL_DATA/Multimodal_Data/Cat1/opposite/bag_files/Cat1_10mph_lr_opposite_5/lidar_pcd/ns1/velodyne_points/1624824513.775498000.pcd
Cat1,10mph,lr,opposite,5,1624824513.876383000,ns1,/media/batool/MULTIMODAL_DATA/Multimodal_Data/Cat1/opposite/bag_files/Cat1_10mph_lr_opposite_5/lidar_pcd/ns1/velodyne_points/1624824513.876383000.pcd
Cat1,10mph,lr,opposite,5,1624824513.977226000,ns1,/media/batool/MULTIMODAL_DATA/Multimodal_Data/Cat1/opposite/bag_files/Cat1_10mph_lr_opposite_5/lidar_pcd/ns1/velodyne_points/1624824513.977226000.pcd
Cat1,10mph,lr,opposite,5,1624824514.078066000,ns1,/media/batool/MULTIMODAL_DATA/Multimodal_Data/Cat1/opposite/bag_files/Cat1_10mph_lr_opposite_5/lidar_pcd/ns1/velodyne_points/1624824514.078066000.pcd
Cat1,10mph,lr,opposite,5,1624824514.178914000,ns1,/media/batool/MULTIMODAL_DATA/Multimodal_Data/Cat1/opposite/bag_files/Cat1_10mph_lr_opposite_5/lidar_pcd/ns1/velodyne_points/1624824514.178914000.pcd
Cat1,10mph,lr,opposite,5,1624824514.279787000,ns1,/media/batool/MULTIMODAL_DATA/Multimodal_Data/Cat1/opposite/bag_files/Cat1_10mph_lr_opposite_5/lidar_pcd/ns1/velodyne_points/1624824514.279787000.pcd
Cat1,10mph,lr,opposite,5,1624824514.380607000,ns1,/media/batool/MULTIMODAL_DATA/Multimodal_Data/Cat1/opposite/bag_files/Cat1_10mph_lr_opposite_5/lidar_pcd/ns1/velodyne_points/1624824514.380607000.pcd
Cat1,10mph,lr,opposite,5,1624824514.481462000,ns1,/media/batool/MULTIMODAL_DATA/Multimodal_Data/Cat1/opposite/bag_files/Cat1_10mph_lr_opposite_5/lidar_pcd/ns1/velodyne_points/1624824514.481462000.pcd
Cat1,10mph,lr,opposite,5,1624824514.683211000,ns1,/media/batool/MULTIMODAL_DATA/Multimodal_Data/Cat1/opposite/bag_files/Cat1_10mph_lr_opposite_5/lidar_pcd/ns1/velodyne_points/1624824514.683211000.pcd
Cat1,10mph,lr,opposite,5,1624824514.784041000,ns1,/media/batool/MULTIMODAL_DATA/Multimodal_Data/Cat1/opposite/bag_files/Cat1_10mph_lr_opposite_5/lidar_pcd/ns1/velodyne_points/1624824514.784041000.pcd
Cat1,10mph,lr,opposite,5,1624824514.884915000,ns1,/media/batool/MULTIMODAL_DATA/Multimodal_Data/Cat1/opposite/bag_files/Cat1_10mph_lr_opposite_5/lidar_pcd/ns1/velodyne_points/1624824514.884915000.pcd
Cat1,10mph,lr,opposite,5,1624824514.985781000,ns1,/media/batool/MULTIMODAL_DATA/Multimodal_Data/Cat1/opposite/bag_files/Cat1_10mph_lr_opposite_5/lidar_pcd/ns1/velodyne_points/1624824514.985781000.pcd
Cat1,10mph,lr,opposite,5,1624824515.086618000,ns1,/media/batool/MULTIMODAL_DATA/Multimodal_Data/Cat1/opposite/bag_files/Cat1_10mph_lr_opposite_5/lidar_pcd/ns1/velodyne_points/1624824515.086618000.pcd
Cat1,10mph,lr,opposite,5,1624824515.187467000,ns1,/media/batool/MULTIMODAL_DATA/Multimodal_Data/Cat1/opposite/bag_files/Cat1_10mph_lr_opposite_5/lidar_pcd/ns1/velodyne_points/1624824515.187467000.pcd
Cat1,10mph,lr,opposite,5,1624824515.288293000,ns1,/media/batool/MULTIMODAL_DATA/Multimodal_Data/Cat1/opposite/bag_files/Cat1_10mph_lr_opposite_5/lidar_pcd/ns1/velodyne_points/1624824515.288293000.pcd
Cat1,10mph,lr,opposite,5,1624824515.389200000,ns1,/media/batool/MULTIMODAL_DATA/Multimodal_Data/Cat1/opposite/bag_files/Cat1_10mph_lr_opposite_5/lidar_pcd/ns1/velodyne_points/1624824515.389200000.pcd
Cat1,10mph,lr,opposite,5,1624824515.490070000,ns1,/media/batool/MULTIMODAL_DATA/Multimodal_Data/Cat1/opposite/bag_files/Cat1_10mph_lr_opposite_5/lidar_pcd/ns1/velodyne_points/1624824515.490070000.pcd
Cat1,10mph,lr,opposite,5,1624824515.590902000,ns1,/media/batool/MULTIMODAL_DATA/Multimodal_Data/Cat1/opposite/bag_files/Cat1_10mph_lr_opposite_5/lidar_pcd/ns1/velodyne_points/1624824515.590902000.pcd
Cat1,10mph,lr,opposite,5,1624824515.691774000,ns1,/media/batool/MULTIMODAL_DATA/Multimodal_Data/Cat1/opposite/bag_files/Cat1_10mph_lr_opposite_5/lidar_pcd/ns1/velodyne_points/1624824515.691774000.pcd
Cat1,10mph,lr,opposite,5,1624824515.792635000,ns1,/media/batool/MULTIMODAL_DATA/Multimodal_Data/Cat1/opposite/bag_files/Cat1_10mph_lr_opposite_5/lidar_pcd/ns1/velodyne_points/1624824515.792635000.pcd
Cat1,10mph,lr,opposite,5,1624824515.893468000,ns1,/media/batool/MULTIMODAL_DATA/Multimodal_Data/Cat1/opposite/bag_files/Cat1_10mph_lr_opposite_5/lidar_pcd/ns1/velodyne_points/1624824515.893468000.pcd
Cat1,10mph,lr,opposite,5,1624824515.994316000,ns1,/media/batool/MULTIMODAL_DATA/Multimodal_Data/Cat1/opposite/bag_files/Cat1_10mph_lr_opposite_5/lidar_pcd/ns1/velodyne_points/1624824515.994316000.pcd
Cat1,10mph,lr,opposite,5,1624824516.196032000,ns1,/media/batool/MULTIMODAL_DATA/Multimodal_Data/Cat1/opposite/bag_files/Cat1_10mph_lr_opposite_5/lidar_pcd/ns1/velodyne_points/1624824516.196032000.pcd
Cat1,10mph,lr,opposite,5,1624824516.296945000,ns1,/media/batool/MULTIMODAL_DATA/Multimodal_Data/Cat1/opposite/bag_files/Cat1_10mph_lr_opposite_5/lidar_pcd/ns1/velodyne_points/1624824516.296945000.pcd
Cat1,10mph,lr,opposite,5,1624824516.397770000,ns1,/media/batool/MULTIMODAL_DATA/Multimodal_Data/Cat1/opposite/bag_files/Cat1_10mph_lr_opposite_5/lidar_pcd/ns1/velodyne_points/1624824516.397770000.pcd
Cat1,10mph,lr,opposite,5,1624824516.498630000,ns1,/media/batool/MULTIMODAL_DATA/Multimodal_Data/Cat1/opposite/bag_files/Cat1_10mph_lr_opposite_5/lidar_pcd/ns1/velodyne_points/1624824516.498630000.pcd
Cat1,10mph,lr,opposite,5,1624824516.599470000,ns1,/media/batool/MULTIMODAL_DATA/Multimodal_Data/Cat1/opposite/bag_files/Cat1_10mph_lr_opposite_5/lidar_pcd/ns1/velodyne_points/1624824516.599470000.pcd
Cat1,10mph,lr,opposite,5,1624824516.700328000,ns1,/media/batool/MULTIMODAL_DATA/Multimodal_Data/Cat1/opposite/bag_files/Cat1_10mph_lr_opposite_5/lidar_pcd/ns1/velodyne_points/1624824516.700328000.pcd
Cat1,10mph,lr,opposite,5,1624824516.801184000,ns1,/media/batool/MULTIMODAL_DATA/Multimodal_Data/Cat1/opposite/bag_files/Cat1_10mph_lr_opposite_5/lidar_pcd/ns1/velodyne_points/1624824516.801184000.pcd
Cat1,10mph,lr,opposite,5,1624824516.902056000,ns1,/media/batool/MULTIMODAL_DATA/Multimodal_Data/Cat1/opposite/bag_files/Cat1_10mph_lr_opposite_5/lidar_pcd/ns1/velodyne_points/1624824516.902056000.pcd
Cat1,10mph,lr,opposite,5,1624824517.002919000,ns1,/media/batool/MULTIMODAL_DATA/Multimodal_Data/Cat1/opposite/bag_files/Cat1_10mph_lr_opposite_5/lidar_pcd/ns1/velodyne_points/1624824517.002919000.pcd
Cat1,10mph,lr,opposite,5,1624824517.103792000,ns1,/media/batool/MULTIMODAL_DATA/Multimodal_Data/Cat1/opposite/bag_files/Cat1_10mph_lr_opposite_5/lidar_pcd/ns1/velodyne_points/1624824517.103792000.pcd
Cat1,10mph,lr,opposite,5,1624824517.204627000,ns1,/media/batool/MULTIMODAL_DATA/Multimodal_Data/Cat1/opposite/bag_files/Cat1_10mph_lr_opposite_5/lidar_pcd/ns1/velodyne_points/1624824517.204627000.pcd
Cat1,10mph,lr,opposite,5,1624824517.305425000,ns1,/media/batool/MULTIMODAL_DATA/Multimodal_Data/Cat1/opposite/bag_files/Cat1_10mph_lr_opposite_5/lidar_pcd/ns1/velodyne_points/1624824517.305425000.pcd
Cat1,10mph,lr,opposite,5,1624824517.406297000,ns1,/media/batool/MULTIMODAL_DATA/Multimodal_Data/Cat1/opposite/bag_files/Cat1_10mph_lr_opposite_5/lidar_pcd/ns1/velodyne_points/1624824517.406297000.pcd
Cat1,10mph,lr,opposite,5,1624824517.507222000,ns1,/media/batool/MULTIMODAL_DATA/Multimodal_Data/Cat1/opposite/bag_files/Cat1_10mph_lr_opposite_5/lidar_pcd/ns1/velodyne_points/1624824517.507222000.pcd
Cat1,10mph,lr,opposite,5,1624824517.708892000,ns1,/media/batool/MULTIMODAL_DATA/Multimodal_Data/Cat1/opposite/bag_files/Cat1_10mph_lr_opposite_5/lidar_pcd/ns1/velodyne_points/1624824517.708892000.pcd
Cat1,10mph,lr,opposite,5,1624824517.809765000,ns1,/media/batool/MULTIMODAL_DATA/Multimodal_Data/Cat1/opposite/bag_files/Cat1_10mph_lr_opposite_5/lidar_pcd/ns1/velodyne_points/1624824517.809765000.pcd
Cat1,10mph,lr,opposite,5,1624824517.910632000,ns1,/media/batool/MULTIMODAL_DATA/Multimodal_Data/Cat1/opposite/bag_files/Cat1_10mph_lr_opposite_5/lidar_pcd/ns1/velodyne_points/1624824517.910632000.pcd
Cat1,10mph,lr,opposite,5,1624824518.011446000,ns1,/media/batool/MULTIMODAL_DATA/Multimodal_Data/Cat1/opposite/bag_files/Cat1_10mph_lr_opposite_5/lidar_pcd/ns1/velodyne_points/1624824518.011446000.pcd
Cat1,10mph,lr,opposite,5,1624824518.112290000,ns1,/media/batool/MULTIMODAL_DATA/Multimodal_Data/Cat1/opposite/bag_files/Cat1_10mph_lr_opposite_5/lidar_pcd/ns1/velodyne_points/1624824518.112290000.pcd
Cat1,10mph,lr,opposite,5,1624824518.213195000,ns1,/media/batool/MULTIMODAL_DATA/Multimodal_Data/Cat1/opposite/bag_files/Cat1_10mph_lr_opposite_5/lidar_pcd/ns1/velodyne_points/1624824518.213195000.pcd
Cat1,10mph,lr,opposite,5,1624824518.314013000,ns1,/media/batool/MULTIMODAL_DATA/Multimodal_Data/Cat1/opposite/bag_files/Cat1_10mph_lr_opposite_5/lidar_pcd/ns1/velodyne_points/1624824518.314013000.pcd
Cat1,10mph,lr,opposite,5,1624824518.414870000,ns1,/media/batool/MULTIMODAL_DATA/Multimodal_Data/Cat1/opposite/bag_files/Cat1_10mph_lr_opposite_5/lidar_pcd/ns1/velodyne_points/1624824518.414870000.pcd
Cat1,10mph,lr,opposite,5,1624824518.515732000,ns1,/media/batool/MULTIMODAL_DATA/Multimodal_Data/Cat1/opposite/bag_files/Cat1_10mph_lr_opposite_5/lidar_pcd/ns1/velodyne_points/1624824518.515732000.pcd
Cat1,10mph,lr,opposite,5,1624824518.616585000,ns1,/media/batool/MULTIMODAL_DATA/Multimodal_Data/Cat1/opposite/bag_files/Cat1_10mph_lr_opposite_5/lidar_pcd/ns1/velodyne_points/1624824518.616585000.pcd
Cat1,10mph,lr,opposite,5,1624824518.717427000,ns1,/media/batool/MULTIMODAL_DATA/Multimodal_Data/Cat1/opposite/bag_files/Cat1_10mph_lr_opposite_5/lidar_pcd/ns1/velodyne_points/1624824518.717427000.pcd
Cat1,10mph,lr,opposite,5,1624824518.818320000,ns1,/media/batool/MULTIMODAL_DATA/Multimodal_Data/Cat1/opposite/bag_files/Cat1_10mph_lr_opposite_5/lidar_pcd/ns1/velodyne_points/1624824518.818320000.pcd
Cat1,10mph,lr,opposite,5,1624824518.919159000,ns1,/media/batool/MULTIMODAL_DATA/Multimodal_Data/Cat1/opposite/bag_files/Cat1_10mph_lr_opposite_5/lidar_pcd/ns1/velodyne_points/1624824518.919159000.pcd
Cat1,10mph,lr,opposite,5,1624824519.020009000,ns1,/media/batool/MULTIMODAL_DATA/Multimodal_Data/Cat1/opposite/bag_files/Cat1_10mph_lr_opposite_5/lidar_pcd/ns1/velodyne_points/1624824519.020009000.pcd
Cat1,10mph,lr,opposite,5,1624824519.221761000,ns1,/media/batool/MULTIMODAL_DATA/Multimodal_Data/Cat1/opposite/bag_files/Cat1_10mph_lr_opposite_5/lidar_pcd/ns1/velodyne_points/1624824519.221761000.pcd
Cat1,10mph,lr,opposite,5,1624824519.322579000,ns1,/media/batool/MULTIMODAL_DATA/Multimodal_Data/Cat1/opposite/bag_files/Cat1_10mph_lr_opposite_5/lidar_pcd/ns1/velodyne_points/1624824519.322579000.pcd
Cat1,10mph,lr,opposite,5,1624824519.423454000,ns1,/media/batool/MULTIMODAL_DATA/Multimodal_Data/Cat1/opposite/bag_files/Cat1_10mph_lr_opposite_5/lidar_pcd/ns1/velodyne_points/1624824519.423454000.pcd
Cat1,10mph,lr,opposite,5,1624824519.524382000,ns1,/media/batool/MULTIMODAL_DATA/Multimodal_Data/Cat1/opposite/bag_files/Cat1_10mph_lr_opposite_5/lidar_pcd/ns1/velodyne_points/1624824519.524382000.pcd
Cat1,10mph,lr,opposite,5,1624824519.625207000,ns1,/media/batool/MULTIMODAL_DATA/Multimodal_Data/Cat1/opposite/bag_files/Cat1_10mph_lr_opposite_5/lidar_pcd/ns1/velodyne_points/1624824519.625207000.pcd
Cat1,10mph,lr,opposite,5,1624824519.726046000,ns1,/media/batool/MULTIMODAL_DATA/Multimodal_Data/Cat1/opposite/bag_files/Cat1_10mph_lr_opposite_5/lidar_pcd/ns1/velodyne_points/1624824519.726046000.pcd
Cat1,10mph,lr,opposite,5,1624824519.826890000,ns1,/media/batool/MULTIMODAL_DATA/Multimodal_Data/Cat1/opposite/bag_files/Cat1_10mph_lr_opposite_5/lidar_pcd/ns1/velodyne_points/1624824519.826890000.pcd
Cat1,10mph,lr,opposite,5,1624824519.927760000,ns1,/media/batool/MULTIMODAL_DATA/Multimodal_Data/Cat1/opposite/bag_files/Cat1_10mph_lr_opposite_5/lidar_pcd/ns1/velodyne_points/1624824519.927760000.pcd
Cat1,10mph,lr,opposite,5,1624824520.028610000,ns1,/media/batool/MULTIMODAL_DATA/Multimodal_Data/Cat1/opposite/bag_files/Cat1_10mph_lr_opposite_5/lidar_pcd/ns1/velodyne_points/1624824520.028610000.pcd
Cat1,10mph,lr,opposite,5,1624824520.129450000,ns1,/media/batool/MULTIMODAL_DATA/Multimodal_Data/Cat1/opposite/bag_files/Cat1_10mph_lr_opposite_5/lidar_pcd/ns1/velodyne_points/1624824520.129450000.pcd
Cat1,10mph,lr,opposite,5,1624824520.230311000,ns1,/media/batool/MULTIMODAL_DATA/Multimodal_Data/Cat1/opposite/bag_files/Cat1_10mph_lr_opposite_5/lidar_pcd/ns1/velodyne_points/1624824520.230311000.pcd
Cat1,10mph,lr,opposite,5,1624824520.331159000,ns1,/media/batool/MULTIMODAL_DATA/Multimodal_Data/Cat1/opposite/bag_files/Cat1_10mph_lr_opposite_5/lidar_pcd/ns1/velodyne_points/1624824520.331159000.pcd
Cat1,10mph,lr,opposite,5,1624824520.431998000,ns1,/media/batool/MULTIMODAL_DATA/Multimodal_Data/Cat1/opposite/bag_files/Cat1_10mph_lr_opposite_5/lidar_pcd/ns1/velodyne_points/1624824520.431998000.pcd
Cat1,10mph,lr,opposite,5,1624824520.532901000,ns1,/media/batool/MULTIMODAL_DATA/Multimodal_Data/Cat1/opposite/bag_files/Cat1_10mph_lr_opposite_5/lidar_pcd/ns1/velodyne_points/1624824520.532901000.pcd
Cat1,10mph,lr,opposite,5,1624824520.734632000,ns1,/media/batool/MULTIMODAL_DATA/Multimodal_Data/Cat1/opposite/bag_files/Cat1_10mph_lr_opposite_5/lidar_pcd/ns1/velodyne_points/1624824520.734632000.pcd
Cat1,10mph,lr,opposite,5,1624824520.835471000,ns1,/media/batool/MULTIMODAL_DATA/Multimodal_Data/Cat1/opposite/bag_files/Cat1_10mph_lr_opposite_5/lidar_pcd/ns1/velodyne_points/1624824520.835471000.pcd
Cat1,10mph,lr,opposite,5,1624824520.936311000,ns1,/media/batool/MULTIMODAL_DATA/Multimodal_Data/Cat1/opposite/bag_files/Cat1_10mph_lr_opposite_5/lidar_pcd/ns1/velodyne_points/1624824520.936311000.pcd
Cat1,10mph,lr,opposite,5,1624824521.037166000,ns1,/media/batool/MULTIMODAL_DATA/Multimodal_Data/Cat1/opposite/bag_files/Cat1_10mph_lr_opposite_5/lidar_pcd/ns1/velodyne_points/1624824521.037166000.pcd
Cat1,10mph,lr,opposite,5,1624824521.138043000,ns1,/media/batool/MULTIMODAL_DATA/Multimodal_Data/Cat1/opposite/bag_files/Cat1_10mph_lr_opposite_5/lidar_pcd/ns1/velodyne_points/1624824521.138043000.pcd
Cat1,10mph,lr,opposite,5,1624824521.238842000,ns1,/media/batool/MULTIMODAL_DATA/Multimodal_Data/Cat1/opposite/bag_files/Cat1_10mph_lr_opposite_5/lidar_pcd/ns1/velodyne_points/1624824521.238842000.pcd
Cat1,10mph,lr,opposite,5,1624824521.339756000,ns1,/media/batool/MULTIMODAL_DATA/Multimodal_Data/Cat1/opposite/bag_files/Cat1_10mph_lr_opposite_5/lidar_pcd/ns1/velodyne_points/1624824521.339756000.pcd
Cat1,10mph,lr,opposite,5,1624824521.440614000,ns1,/media/batool/MULTIMODAL_DATA/Multimodal_Data/Cat1/opposite/bag_files/Cat1_10mph_lr_opposite_5/lidar_pcd/ns1/velodyne_points/1624824521.440614000.pcd
Cat1,10mph,lr,opposite,5,1624824521.541479000,ns1,/media/batool/MULTIMODAL_DATA/Multimodal_Data/Cat1/opposite/bag_files/Cat1_10mph_lr_opposite_5/lidar_pcd/ns1/velodyne_points/1624824521.541479000.pcd
Cat1,10mph,lr,opposite,5,1624824521.642328000,ns1,/media/batool/MULTIMODAL_DATA/Multimodal_Data/Cat1/opposite/bag_files/Cat1_10mph_lr_opposite_5/lidar_pcd/ns1/velodyne_points/1624824521.642328000.pcd
Cat1,10mph,lr,opposite,5,1624824521.743183000,ns1,/media/batool/MULTIMODAL_DATA/Multimodal_Data/Cat1/opposite/bag_files/Cat1_10mph_lr_opposite_5/lidar_pcd/ns1/velodyne_points/1624824521.743183000.pcd
Cat1,10mph,lr,opposite,5,1624824521.844017000,ns1,/media/batool/MULTIMODAL_DATA/Multimodal_Data/Cat1/opposite/bag_files/Cat1_10mph_lr_opposite_5/lidar_pcd/ns1/velodyne_points/1624824521.844017000.pcd
Cat1,10mph,lr,opposite,5,1624824521.944914000,ns1,/media/batool/MULTIMODAL_DATA/Multimodal_Data/Cat1/opposite/bag_files/Cat1_10mph_lr_opposite_5/lidar_pcd/ns1/velodyne_points/1624824521.944914000.pcd
Cat1,10mph,lr,opposite,5,1624824522.045752000,ns1,/media/batool/MULTIMODAL_DATA/Multimodal_Data/Cat1/opposite/bag_files/Cat1_10mph_lr_opposite_5/lidar_pcd/ns1/velodyne_points/1624824522.045752000.pcd
Cat1,10mph,lr,opposite,5,1624824522.247443000,ns1,/media/batool/MULTIMODAL_DATA/Multimodal_Data/Cat1/opposite/bag_files/Cat1_10mph_lr_opposite_5/lidar_pcd/ns1/velodyne_points/1624824522.247443000.pcd
Cat1,10mph,lr,opposite,5,1624824522.348289000,ns1,/media/batool/MULTIMODAL_DATA/Multimodal_Data/Cat1/opposite/bag_files/Cat1_10mph_lr_opposite_5/lidar_pcd/ns1/velodyne_points/1624824522.348289000.pcd
Cat1,10mph,lr,opposite,5,1624824522.449150000,ns1,/media/batool/MULTIMODAL_DATA/Multimodal_Data/Cat1/opposite/bag_files/Cat1_10mph_lr_opposite_5/lidar_pcd/ns1/velodyne_points/1624824522.449150000.pcd
Cat1,10mph,lr,opposite,5,1624824522.550024000,ns1,/media/batool/MULTIMODAL_DATA/Multimodal_Data/Cat1/opposite/bag_files/Cat1_10mph_lr_opposite_5/lidar_pcd/ns1/velodyne_points/1624824522.550024000.pcd
Cat1,10mph,lr,opposite,5,1624824522.650874000,ns1,/media/batool/MULTIMODAL_DATA/Multimodal_Data/Cat1/opposite/bag_files/Cat1_10mph_lr_opposite_5/lidar_pcd/ns1/velodyne_points/1624824522.650874000.pcd
Cat1,10mph,lr,opposite,5,1624824522.751774000,ns1,/media/batool/MULTIMODAL_DATA/Multimodal_Data/Cat1/opposite/bag_files/Cat1_10mph_lr_opposite_5/lidar_pcd/ns1/velodyne_points/1624824522.751774000.pcd
Cat1,10mph,lr,opposite,5,1624824522.852590000,ns1,/media/batool/MULTIMODAL_DATA/Multimodal_Data/Cat1/opposite/bag_files/Cat1_10mph_lr_opposite_5/lidar_pcd/ns1/velodyne_points/1624824522.852590000.pcd
Cat1,10mph,lr,opposite,5,1624824522.953466000,ns1,/media/batool/MULTIMODAL_DATA/Multimodal_Data/Cat1/opposite/bag_files/Cat1_10mph_lr_opposite_5/lidar_pcd/ns1/velodyne_points/1624824522.953466000.pcd
Cat1,10mph,lr,opposite,5,1624824523.054309000,ns1,/media/batool/MULTIMODAL_DATA/Multimodal_Data/Cat1/opposite/bag_files/Cat1_10mph_lr_opposite_5/lidar_pcd/ns1/velodyne_points/1624824523.054309000.pcd
Cat1,10mph,lr,opposite,5,1624824523.155135000,ns1,/media/batool/MULTIMODAL_DATA/Multimodal_Data/Cat1/opposite/bag_files/Cat1_10mph_lr_opposite_5/lidar_pcd/ns1/velodyne_points/1624824523.155135000.pcd
Cat1,10mph,lr,opposite,5,1624824523.256016000,ns1,/media/batool/MULTIMODAL_DATA/Multimodal_Data/Cat1/opposite/bag_files/Cat1_10mph_lr_opposite_5/lidar_pcd/ns1/velodyne_points/1624824523.256016000.pcd
Cat1,10mph,lr,opposite,5,1624824523.356873000,ns1,/media/batool/MULTIMODAL_DATA/Multimodal_Data/Cat1/opposite/bag_files/Cat1_10mph_lr_opposite_5/lidar_pcd/ns1/velodyne_points/1624824523.356873000.pcd
Cat1,10mph,lr,opposite,5,1624824523.457750000,ns1,/media/batool/MULTIMODAL_DATA/Multimodal_Data/Cat1/opposite/bag_files/Cat1_10mph_lr_opposite_5/lidar_pcd/ns1/velodyne_points/1624824523.457750000.pcd
Cat1,10mph,lr,opposite,5,1624824523.558631000,ns1,/media/batool/MULTIMODAL_DATA/Multimodal_Data/Cat1/opposite/bag_files/Cat1_10mph_lr_opposite_5/lidar_pcd/ns1/velodyne_points/1624824523.558631000.pcd
Cat1,10mph,lr,opposite,5,1624824523.760317000,ns1,/media/batool/MULTIMODAL_DATA/Multimodal_Data/Cat1/opposite/bag_files/Cat1_10mph_lr_opposite_5/lidar_pcd/ns1/velodyne_points/1624824523.760317000.pcd
Cat1,10mph,lr,opposite,5,1624824523.861191000,ns1,/media/batool/MULTIMODAL_DATA/Multimodal_Data/Cat1/opposite/bag_files/Cat1_10mph_lr_opposite_5/lidar_pcd/ns1/velodyne_points/1624824523.861191000.pcd
Cat1,10mph,lr,opposite,5,1624824523.961990000,ns1,/media/batool/MULTIMODAL_DATA/Multimodal_Data/Cat1/opposite/bag_files/Cat1_10mph_lr_opposite_5/lidar_pcd/ns1/velodyne_points/1624824523.961990000.pcd
Cat1,10mph,lr,opposite,5,1624824524.062831000,ns1,/media/batool/MULTIMODAL_DATA/Multimodal_Data/Cat1/opposite/bag_files/Cat1_10mph_lr_opposite_5/lidar_pcd/ns1/velodyne_points/1624824524.062831000.pcd
Cat1,10mph,lr,opposite,5,1624824524.163753000,ns1,/media/batool/MULTIMODAL_DATA/Multimodal_Data/Cat1/opposite/bag_files/Cat1_10mph_lr_opposite_5/lidar_pcd/ns1/velodyne_points/1624824524.163753000.pcd
Cat1,10mph,lr,opposite,5,1624824524.264564000,ns1,/media/batool/MULTIMODAL_DATA/Multimodal_Data/Cat1/opposite/bag_files/Cat1_10mph_lr_opposite_5/lidar_pcd/ns1/velodyne_points/1624824524.264564000.pcd
Cat1,10mph,lr,opposite,5,1624824524.365442000,ns1,/media/batool/MULTIMODAL_DATA/Multimodal_Data/Cat1/opposite/bag_files/Cat1_10mph_lr_opposite_5/lidar_pcd/ns1/velodyne_points/1624824524.365442000.pcd
Cat1,10mph,lr,opposite,5,1624824524.466311000,ns1,/media/batool/MULTIMODAL_DATA/Multimodal_Data/Cat1/opposite/bag_files/Cat1_10mph_lr_opposite_5/lidar_pcd/ns1/velodyne_points/1624824524.466311000.pcd
Cat1,10mph,lr,opposite,5,1624824524.567163000,ns1,/media/batool/MULTIMODAL_DATA/Multimodal_Data/Cat1/opposite/bag_files/Cat1_10mph_lr_opposite_5/lidar_pcd/ns1/velodyne_points/1624824524.567163000.pcd
Cat1,10mph,lr,opposite,5,1624824524.668015000,ns1,/media/batool/MULTIMODAL_DATA/Multimodal_Data/Cat1/opposite/bag_files/Cat1_10mph_lr_opposite_5/lidar_pcd/ns1/velodyne_points/1624824524.668015000.pcd
Cat1,10mph,lr,opposite,5,1624824524.768885000,ns1,/media/batool/MULTIMODAL_DATA/Multimodal_Data/Cat1/opposite/bag_files/Cat1_10mph_lr_opposite_5/lidar_pcd/ns1/velodyne_points/1624824524.768885000.pcd
Cat1,10mph,lr,opposite,5,1624824524.869747000,ns1,/media/batool/MULTIMODAL_DATA/Multimodal_Data/Cat1/opposite/bag_files/Cat1_10mph_lr_opposite_5/lidar_pcd/ns1/velodyne_points/1624824524.869747000.pcd
Cat1,10mph,lr,opposite,5,1624824524.970597000,ns1,/media/batool/MULTIMODAL_DATA/Multimodal_Data/Cat1/opposite/bag_files/Cat1_10mph_lr_opposite_5/lidar_pcd/ns1/velodyne_points/1624824524.970597000.pcd
Cat1,10mph,lr,opposite,5,1624824525.071437000,ns1,/media/batool/MULTIMODAL_DATA/Multimodal_Data/Cat1/opposite/bag_files/Cat1_10mph_lr_opposite_5/lidar_pcd/ns1/velodyne_points/1624824525.071437000.pcd
Cat1,10mph,lr,opposite,5,1624824525.273142000,ns1,/media/batool/MULTIMODAL_DATA/Multimodal_Data/Cat1/opposite/bag_files/Cat1_10mph_lr_opposite_5/lidar_pcd/ns1/velodyne_points/1624824525.273142000.pcd
Cat1,10mph,lr,opposite,5,1624824525.373976000,ns1,/media/batool/MULTIMODAL_DATA/Multimodal_Data/Cat1/opposite/bag_files/Cat1_10mph_lr_opposite_5/lidar_pcd/ns1/velodyne_points/1624824525.373976000.pcd
Cat1,10mph,lr,opposite,5,1624824525.474828000,ns1,/media/batool/MULTIMODAL_DATA/Multimodal_Data/Cat1/opposite/bag_files/Cat1_10mph_lr_opposite_5/lidar_pcd/ns1/velodyne_points/1624824525.474828000.pcd
Cat1,10mph,lr,opposite,5,1624824525.575702000,ns1,/media/batool/MULTIMODAL_DATA/Multimodal_Data/Cat1/opposite/bag_files/Cat1_10mph_lr_opposite_5/lidar_pcd/ns1/velodyne_points/1624824525.575702000.pcd
Cat1,10mph,lr,opposite,5,1624824525.676557000,ns1,/media/batool/MULTIMODAL_DATA/Multimodal_Data/Cat1/opposite/bag_files/Cat1_10mph_lr_opposite_5/lidar_pcd/ns1/velodyne_points/1624824525.676557000.pcd
Cat1,10mph,lr,opposite,5,1624824525.777434000,ns1,/media/batool/MULTIMODAL_DATA/Multimodal_Data/Cat1/opposite/bag_files/Cat1_10mph_lr_opposite_5/lidar_pcd/ns1/velodyne_points/1624824525.777434000.pcd
Cat1,10mph,lr,opposite,5,1624824525.878281000,ns1,/media/batool/MULTIMODAL_DATA/Multimodal_Data/Cat1/opposite/bag_files/Cat1_10mph_lr_opposite_5/lidar_pcd/ns1/velodyne_points/1624824525.878281000.pcd
Cat1,10mph,lr,opposite,5,1624824525.979140000,ns1,/media/batool/MULTIMODAL_DATA/Multimodal_Data/Cat1/opposite/bag_files/Cat1_10mph_lr_opposite_5/lidar_pcd/ns1/velodyne_points/1624824525.979140000.pcd
Cat1,10mph,lr,opposite,5,1624824526.079989000,ns1,/media/batool/MULTIMODAL_DATA/Multimodal_Data/Cat1/opposite/bag_files/Cat1_10mph_lr_opposite_5/lidar_pcd/ns1/velodyne_points/1624824526.079989000.pcd
Cat1,10mph,lr,opposite,5,1624824526.180870000,ns1,/media/batool/MULTIMODAL_DATA/Multimodal_Data/Cat1/opposite/bag_files/Cat1_10mph_lr_opposite_5/lidar_pcd/ns1/velodyne_points/1624824526.180870000.pcd
Cat1,10mph,lr,opposite,5,1624824526.281735000,ns1,/media/batool/MULTIMODAL_DATA/Multimodal_Data/Cat1/opposite/bag_files/Cat1_10mph_lr_opposite_5/lidar_pcd/ns1/velodyne_points/1624824526.281735000.pcd
Cat1,10mph,lr,opposite,5,1624824526.382554000,ns1,/media/batool/MULTIMODAL_DATA/Multimodal_Data/Cat1/opposite/bag_files/Cat1_10mph_lr_opposite_5/lidar_pcd/ns1/velodyne_points/1624824526.382554000.pcd
Cat1,10mph,lr,opposite,5,1624824526.483413000,ns1,/media/batool/MULTIMODAL_DATA/Multimodal_Data/Cat1/opposite/bag_files/Cat1_10mph_lr_opposite_5/lidar_pcd/ns1/velodyne_points/1624824526.483413000.pcd
Cat1,10mph,lr,opposite,5,1624824526.584315000,ns1,/media/batool/MULTIMODAL_DATA/Multimodal_Data/Cat1/opposite/bag_files/Cat1_10mph_lr_opposite_5/lidar_pcd/ns1/velodyne_points/1624824526.584315000.pcd
Cat1,10mph,lr,opposite,5,1624824526.786019000,ns1,/media/batool/MULTIMODAL_DATA/Multimodal_Data/Cat1/opposite/bag_files/Cat1_10mph_lr_opposite_5/lidar_pcd/ns1/velodyne_points/1624824526.786019000.pcd
Cat1,10mph,lr,opposite,5,1624824526.886821000,ns1,/media/batool/MULTIMODAL_DATA/Multimodal_Data/Cat1/opposite/bag_files/Cat1_10mph_lr_opposite_5/lidar_pcd/ns1/velodyne_points/1624824526.886821000.pcd
Cat1,10mph,lr,opposite,5,1624824526.987714000,ns1,/media/batool/MULTIMODAL_DATA/Multimodal_Data/Cat1/opposite/bag_files/Cat1_10mph_lr_opposite_5/lidar_pcd/ns1/velodyne_points/1624824526.987714000.pcd
Cat1,10mph,lr,opposite,5,1624824527.088581000,ns1,/media/batool/MULTIMODAL_DATA/Multimodal_Data/Cat1/opposite/bag_files/Cat1_10mph_lr_opposite_5/lidar_pcd/ns1/velodyne_points/1624824527.088581000.pcd
Cat1,10mph,lr,opposite,5,1624824527.189490000,ns1,/media/batool/MULTIMODAL_DATA/Multimodal_Data/Cat1/opposite/bag_files/Cat1_10mph_lr_opposite_5/lidar_pcd/ns1/velodyne_points/1624824527.189490000.pcd
Cat1,10mph,lr,opposite,5,1624824527.290292000,ns1,/media/batool/MULTIMODAL_DATA/Multimodal_Data/Cat1/opposite/bag_files/Cat1_10mph_lr_opposite_5/lidar_pcd/ns1/velodyne_points/1624824527.290292000.pcd
Cat1,10mph,lr,opposite,5,1624824527.391120000,ns1,/media/batool/MULTIMODAL_DATA/Multimodal_Data/Cat1/opposite/bag_files/Cat1_10mph_lr_opposite_5/lidar_pcd/ns1/velodyne_points/1624824527.391120000.pcd
Cat1,10mph,lr,opposite,5,1624824527.491976000,ns1,/media/batool/MULTIMODAL_DATA/Multimodal_Data/Cat1/opposite/bag_files/Cat1_10mph_lr_opposite_5/lidar_pcd/ns1/velodyne_points/1624824527.491976000.pcd
Cat1,10mph,lr,opposite,5,1624824527.592874000,ns1,/media/batool/MULTIMODAL_DATA/Multimodal_Data/Cat1/opposite/bag_files/Cat1_10mph_lr_opposite_5/lidar_pcd/ns1/velodyne_points/1624824527.592874000.pcd
Cat1,10mph,lr,opposite,5,1624824527.693720000,ns1,/media/batool/MULTIMODAL_DATA/Multimodal_Data/Cat1/opposite/bag_files/Cat1_10mph_lr_opposite_5/lidar_pcd/ns1/velodyne_points/1624824527.693720000.pcd
Cat1,10mph,lr,opposite,5,1624824527.794570000,ns1,/media/batool/MULTIMODAL_DATA/Multimodal_Data/Cat1/opposite/bag_files/Cat1_10mph_lr_opposite_5/lidar_pcd/ns1/velodyne_points/1624824527.794570000.pcd
Cat1,10mph,lr,opposite,5,1624824527.895445000,ns1,/media/batool/MULTIMODAL_DATA/Multimodal_Data/Cat1/opposite/bag_files/Cat1_10mph_lr_opposite_5/lidar_pcd/ns1/velodyne_points/1624824527.895445000.pcd
Cat1,10mph,lr,opposite,5,1624824527.996266000,ns1,/media/batool/MULTIMODAL_DATA/Multimodal_Data/Cat1/opposite/bag_files/Cat1_10mph_lr_opposite_5/lidar_pcd/ns1/velodyne_points/1624824527.996266000.pcd
Cat1,10mph,lr,opposite,5,1624824528.097138000,ns1,/media/batool/MULTIMODAL_DATA/Multimodal_Data/Cat1/opposite/bag_files/Cat1_10mph_lr_opposite_5/lidar_pcd/ns1/velodyne_points/1624824528.097138000.pcd
Cat1,10mph,lr,opposite,5,1624824528.298875000,ns1,/media/batool/MULTIMODAL_DATA/Multimodal_Data/Cat1/opposite/bag_files/Cat1_10mph_lr_opposite_5/lidar_pcd/ns1/velodyne_points/1624824528.298875000.pcd
Cat1,10mph,lr,opposite,5,1624824528.399710000,ns1,/media/batool/MULTIMODAL_DATA/Multimodal_Data/Cat1/opposite/bag_files/Cat1_10mph_lr_opposite_5/lidar_pcd/ns1/velodyne_points/1624824528.399710000.pcd
Cat1,10mph,lr,opposite,5,1624824528.500587000,ns1,/media/batool/MULTIMODAL_DATA/Multimodal_Data/Cat1/opposite/bag_files/Cat1_10mph_lr_opposite_5/lidar_pcd/ns1/velodyne_points/1624824528.500587000.pcd
Cat1,10mph,lr,opposite,5,1624824528.601447000,ns1,/media/batool/MULTIMODAL_DATA/Multimodal_Data/Cat1/opposite/bag_files/Cat1_10mph_lr_opposite_5/lidar_pcd/ns1/velodyne_points/1624824528.601447000.pcd
Cat1,10mph,lr,opposite,5,1624824528.702277000,ns1,/media/batool/MULTIMODAL_DATA/Multimodal_Data/Cat1/opposite/bag_files/Cat1_10mph_lr_opposite_5/lidar_pcd/ns1/velodyne_points/1624824528.702277000.pcd
Cat1,10mph,lr,opposite,5,1624824528.803129000,ns1,/media/batool/MULTIMODAL_DATA/Multimodal_Data/Cat1/opposite/bag_files/Cat1_10mph_lr_opposite_5/lidar_pcd/ns1/velodyne_points/1624824528.803129000.pcd
Cat1,10mph,lr,opposite,5,1624824528.903969000,ns1,/media/batool/MULTIMODAL_DATA/Multimodal_Data/Cat1/opposite/bag_files/Cat1_10mph_lr_opposite_5/lidar_pcd/ns1/velodyne_points/1624824528.903969000.pcd
Cat1,10mph,lr,opposite,5,1624824529.004874000,ns1,/media/batool/MULTIMODAL_DATA/Multimodal_Data/Cat1/opposite/bag_files/Cat1_10mph_lr_opposite_5/lidar_pcd/ns1/velodyne_points/1624824529.004874000.pcd
Cat1,10mph,lr,opposite,5,1624824529.105729000,ns1,/media/batool/MULTIMODAL_DATA/Multimodal_Data/Cat1/opposite/bag_files/Cat1_10mph_lr_opposite_5/lidar_pcd/ns1/velodyne_points/1624824529.105729000.pcd
Cat1,10mph,lr,opposite,5,1624824529.206615000,ns1,/media/batool/MULTIMODAL_DATA/Multimodal_Data/Cat1/opposite/bag_files/Cat1_10mph_lr_opposite_5/lidar_pcd/ns1/velodyne_points/1624824529.206615000.pcd
Cat1,10mph,lr,opposite,5,1624824529.307426000,ns1,/media/batool/MULTIMODAL_DATA/Multimodal_Data/Cat1/opposite/bag_files/Cat1_10mph_lr_opposite_5/lidar_pcd/ns1/velodyne_points/1624824529.307426000.pcd
Cat1,10mph,lr,opposite,5,1624824529.408280000,ns1,/media/batool/MULTIMODAL_DATA/Multimodal_Data/Cat1/opposite/bag_files/Cat1_10mph_lr_opposite_5/lidar_pcd/ns1/velodyne_points/1624824529.408280000.pcd
Cat1,10mph,lr,opposite,5,1624824529.509153000,ns1,/media/batool/MULTIMODAL_DATA/Multimodal_Data/Cat1/opposite/bag_files/Cat1_10mph_lr_opposite_5/lidar_pcd/ns1/velodyne_points/1624824529.509153000.pcd
Cat1,10mph,lr,opposite,5,1624824529.610014000,ns1,/media/batool/MULTIMODAL_DATA/Multimodal_Data/Cat1/opposite/bag_files/Cat1_10mph_lr_opposite_5/lidar_pcd/ns1/velodyne_points/1624824529.610014000.pcd
Cat1,10mph,lr,opposite,5,1624824529.710858000,ns1,/media/batool/MULTIMODAL_DATA/Multimodal_Data/Cat1/opposite/bag_files/Cat1_10mph_lr_opposite_5/lidar_pcd/ns1/velodyne_points/1624824529.710858000.pcd
Cat1,10mph,lr,opposite,5,1624824529.811732000,ns1,/media/batool/MULTIMODAL_DATA/Multimodal_Data/Cat1/opposite/bag_files/Cat1_10mph_lr_opposite_5/lidar_pcd/ns1/velodyne_points/1624824529.811732000.pcd
Cat1,10mph,lr,opposite,5,1624824529.912587000,ns1,/media/batool/MULTIMODAL_DATA/Multimodal_Data/Cat1/opposite/bag_files/Cat1_10mph_lr_opposite_5/lidar_pcd/ns1/velodyne_points/1624824529.912587000.pcd
Cat1,10mph,lr,opposite,5,1624824530.013414000,ns1,/media/batool/MULTIMODAL_DATA/Multimodal_Data/Cat1/opposite/bag_files/Cat1_10mph_lr_opposite_5/lidar_pcd/ns1/velodyne_points/1624824530.013414000.pcd
