Category,speed,direction,lane,episode,Time header,Image_path
Cat1,10mph,lr,opposite,3,1624824320.915968,/media/batool/MULTIMODAL_DATA/Multimodal_Data/Cat1/opposite/bag_files/Cat1_10mph_lr_opposite_3/camera_images/1624824320.915968.jpg
Cat1,10mph,lr,opposite,3,1624824320.9493012,/media/batool/MULTIMODAL_DATA/Multimodal_Data/Cat1/opposite/bag_files/Cat1_10mph_lr_opposite_3/camera_images/1624824320.9493012.jpg
Cat1,10mph,lr,opposite,3,1624824320.9826345,/media/batool/MULTIMODAL_DATA/Multimodal_Data/Cat1/opposite/bag_files/Cat1_10mph_lr_opposite_3/camera_images/1624824320.9826345.jpg
Cat1,10mph,lr,opposite,3,1624824321.0159678,/media/batool/MULTIMODAL_DATA/Multimodal_Data/Cat1/opposite/bag_files/Cat1_10mph_lr_opposite_3/camera_images/1624824321.0159678.jpg
Cat1,10mph,lr,opposite,3,1624824321.0493011,/media/batool/MULTIMODAL_DATA/Multimodal_Data/Cat1/opposite/bag_files/Cat1_10mph_lr_opposite_3/camera_images/1624824321.0493011.jpg
Cat1,10mph,lr,opposite,3,1624824321.0826344,/media/batool/MULTIMODAL_DATA/Multimodal_Data/Cat1/opposite/bag_files/Cat1_10mph_lr_opposite_3/camera_images/1624824321.0826344.jpg
Cat1,10mph,lr,opposite,3,1624824321.1159678,/media/batool/MULTIMODAL_DATA/Multimodal_Data/Cat1/opposite/bag_files/Cat1_10mph_lr_opposite_3/camera_images/1624824321.1159678.jpg
Cat1,10mph,lr,opposite,3,1624824321.149301,/media/batool/MULTIMODAL_DATA/Multimodal_Data/Cat1/opposite/bag_files/Cat1_10mph_lr_opposite_3/camera_images/1624824321.149301.jpg
Cat1,10mph,lr,opposite,3,1624824321.1826344,/media/batool/MULTIMODAL_DATA/Multimodal_Data/Cat1/opposite/bag_files/Cat1_10mph_lr_opposite_3/camera_images/1624824321.1826344.jpg
Cat1,10mph,lr,opposite,3,1624824321.2159677,/media/batool/MULTIMODAL_DATA/Multimodal_Data/Cat1/opposite/bag_files/Cat1_10mph_lr_opposite_3/camera_images/1624824321.2159677.jpg
Cat1,10mph,lr,opposite,3,1624824321.249301,/media/batool/MULTIMODAL_DATA/Multimodal_Data/Cat1/opposite/bag_files/Cat1_10mph_lr_opposite_3/camera_images/1624824321.249301.jpg
Cat1,10mph,lr,opposite,3,1624824321.2826343,/media/batool/MULTIMODAL_DATA/Multimodal_Data/Cat1/opposite/bag_files/Cat1_10mph_lr_opposite_3/camera_images/1624824321.2826343.jpg
Cat1,10mph,lr,opposite,3,1624824321.3159676,/media/batool/MULTIMODAL_DATA/Multimodal_Data/Cat1/opposite/bag_files/Cat1_10mph_lr_opposite_3/camera_images/1624824321.3159676.jpg
Cat1,10mph,lr,opposite,3,1624824321.3493009,/media/batool/MULTIMODAL_DATA/Multimodal_Data/Cat1/opposite/bag_files/Cat1_10mph_lr_opposite_3/camera_images/1624824321.3493009.jpg
Cat1,10mph,lr,opposite,3,1624824321.3826342,/media/batool/MULTIMODAL_DATA/Multimodal_Data/Cat1/opposite/bag_files/Cat1_10mph_lr_opposite_3/camera_images/1624824321.3826342.jpg
Cat1,10mph,lr,opposite,3,1624824321.4493008,/media/batool/MULTIMODAL_DATA/Multimodal_Data/Cat1/opposite/bag_files/Cat1_10mph_lr_opposite_3/camera_images/1624824321.4493008.jpg
Cat1,10mph,lr,opposite,3,1624824321.482634,/media/batool/MULTIMODAL_DATA/Multimodal_Data/Cat1/opposite/bag_files/Cat1_10mph_lr_opposite_3/camera_images/1624824321.482634.jpg
Cat1,10mph,lr,opposite,3,1624824321.5159674,/media/batool/MULTIMODAL_DATA/Multimodal_Data/Cat1/opposite/bag_files/Cat1_10mph_lr_opposite_3/camera_images/1624824321.5159674.jpg
Cat1,10mph,lr,opposite,3,1624824321.5493007,/media/batool/MULTIMODAL_DATA/Multimodal_Data/Cat1/opposite/bag_files/Cat1_10mph_lr_opposite_3/camera_images/1624824321.5493007.jpg
Cat1,10mph,lr,opposite,3,1624824321.582634,/media/batool/MULTIMODAL_DATA/Multimodal_Data/Cat1/opposite/bag_files/Cat1_10mph_lr_opposite_3/camera_images/1624824321.582634.jpg
Cat1,10mph,lr,opposite,3,1624824321.6159673,/media/batool/MULTIMODAL_DATA/Multimodal_Data/Cat1/opposite/bag_files/Cat1_10mph_lr_opposite_3/camera_images/1624824321.6159673.jpg
Cat1,10mph,lr,opposite,3,1624824321.6493006,/media/batool/MULTIMODAL_DATA/Multimodal_Data/Cat1/opposite/bag_files/Cat1_10mph_lr_opposite_3/camera_images/1624824321.6493006.jpg
Cat1,10mph,lr,opposite,3,1624824321.6826339,/media/batool/MULTIMODAL_DATA/Multimodal_Data/Cat1/opposite/bag_files/Cat1_10mph_lr_opposite_3/camera_images/1624824321.6826339.jpg
Cat1,10mph,lr,opposite,3,1624824321.7159672,/media/batool/MULTIMODAL_DATA/Multimodal_Data/Cat1/opposite/bag_files/Cat1_10mph_lr_opposite_3/camera_images/1624824321.7159672.jpg
Cat1,10mph,lr,opposite,3,1624824321.7493005,/media/batool/MULTIMODAL_DATA/Multimodal_Data/Cat1/opposite/bag_files/Cat1_10mph_lr_opposite_3/camera_images/1624824321.7493005.jpg
Cat1,10mph,lr,opposite,3,1624824321.7826338,/media/batool/MULTIMODAL_DATA/Multimodal_Data/Cat1/opposite/bag_files/Cat1_10mph_lr_opposite_3/camera_images/1624824321.7826338.jpg
Cat1,10mph,lr,opposite,3,1624824321.815967,/media/batool/MULTIMODAL_DATA/Multimodal_Data/Cat1/opposite/bag_files/Cat1_10mph_lr_opposite_3/camera_images/1624824321.815967.jpg
Cat1,10mph,lr,opposite,3,1624824321.8493004,/media/batool/MULTIMODAL_DATA/Multimodal_Data/Cat1/opposite/bag_files/Cat1_10mph_lr_opposite_3/camera_images/1624824321.8493004.jpg
Cat1,10mph,lr,opposite,3,1624824321.8826337,/media/batool/MULTIMODAL_DATA/Multimodal_Data/Cat1/opposite/bag_files/Cat1_10mph_lr_opposite_3/camera_images/1624824321.8826337.jpg
Cat1,10mph,lr,opposite,3,1624824321.915967,/media/batool/MULTIMODAL_DATA/Multimodal_Data/Cat1/opposite/bag_files/Cat1_10mph_lr_opposite_3/camera_images/1624824321.915967.jpg
Cat1,10mph,lr,opposite,3,1624824321.9826336,/media/batool/MULTIMODAL_DATA/Multimodal_Data/Cat1/opposite/bag_files/Cat1_10mph_lr_opposite_3/camera_images/1624824321.9826336.jpg
Cat1,10mph,lr,opposite,3,1624824322.015967,/media/batool/MULTIMODAL_DATA/Multimodal_Data/Cat1/opposite/bag_files/Cat1_10mph_lr_opposite_3/camera_images/1624824322.015967.jpg
Cat1,10mph,lr,opposite,3,1624824322.0493002,/media/batool/MULTIMODAL_DATA/Multimodal_Data/Cat1/opposite/bag_files/Cat1_10mph_lr_opposite_3/camera_images/1624824322.0493002.jpg
Cat1,10mph,lr,opposite,3,1624824322.0826335,/media/batool/MULTIMODAL_DATA/Multimodal_Data/Cat1/opposite/bag_files/Cat1_10mph_lr_opposite_3/camera_images/1624824322.0826335.jpg
Cat1,10mph,lr,opposite,3,1624824322.1159668,/media/batool/MULTIMODAL_DATA/Multimodal_Data/Cat1/opposite/bag_files/Cat1_10mph_lr_opposite_3/camera_images/1624824322.1159668.jpg
Cat1,10mph,lr,opposite,3,1624824322.1493,/media/batool/MULTIMODAL_DATA/Multimodal_Data/Cat1/opposite/bag_files/Cat1_10mph_lr_opposite_3/camera_images/1624824322.1493.jpg
Cat1,10mph,lr,opposite,3,1624824322.1826334,/media/batool/MULTIMODAL_DATA/Multimodal_Data/Cat1/opposite/bag_files/Cat1_10mph_lr_opposite_3/camera_images/1624824322.1826334.jpg
Cat1,10mph,lr,opposite,3,1624824322.2159667,/media/batool/MULTIMODAL_DATA/Multimodal_Data/Cat1/opposite/bag_files/Cat1_10mph_lr_opposite_3/camera_images/1624824322.2159667.jpg
Cat1,10mph,lr,opposite,3,1624824322.2493,/media/batool/MULTIMODAL_DATA/Multimodal_Data/Cat1/opposite/bag_files/Cat1_10mph_lr_opposite_3/camera_images/1624824322.2493.jpg
Cat1,10mph,lr,opposite,3,1624824322.2826333,/media/batool/MULTIMODAL_DATA/Multimodal_Data/Cat1/opposite/bag_files/Cat1_10mph_lr_opposite_3/camera_images/1624824322.2826333.jpg
Cat1,10mph,lr,opposite,3,1624824322.3159666,/media/batool/MULTIMODAL_DATA/Multimodal_Data/Cat1/opposite/bag_files/Cat1_10mph_lr_opposite_3/camera_images/1624824322.3159666.jpg
Cat1,10mph,lr,opposite,3,1624824322.3493,/media/batool/MULTIMODAL_DATA/Multimodal_Data/Cat1/opposite/bag_files/Cat1_10mph_lr_opposite_3/camera_images/1624824322.3493.jpg
Cat1,10mph,lr,opposite,3,1624824322.3826332,/media/batool/MULTIMODAL_DATA/Multimodal_Data/Cat1/opposite/bag_files/Cat1_10mph_lr_opposite_3/camera_images/1624824322.3826332.jpg
Cat1,10mph,lr,opposite,3,1624824322.4159665,/media/batool/MULTIMODAL_DATA/Multimodal_Data/Cat1/opposite/bag_files/Cat1_10mph_lr_opposite_3/camera_images/1624824322.4159665.jpg
Cat1,10mph,lr,opposite,3,1624824322.4492998,/media/batool/MULTIMODAL_DATA/Multimodal_Data/Cat1/opposite/bag_files/Cat1_10mph_lr_opposite_3/camera_images/1624824322.4492998.jpg
Cat1,10mph,lr,opposite,3,1624824322.5159664,/media/batool/MULTIMODAL_DATA/Multimodal_Data/Cat1/opposite/bag_files/Cat1_10mph_lr_opposite_3/camera_images/1624824322.5159664.jpg
Cat1,10mph,lr,opposite,3,1624824322.5492997,/media/batool/MULTIMODAL_DATA/Multimodal_Data/Cat1/opposite/bag_files/Cat1_10mph_lr_opposite_3/camera_images/1624824322.5492997.jpg
Cat1,10mph,lr,opposite,3,1624824322.582633,/media/batool/MULTIMODAL_DATA/Multimodal_Data/Cat1/opposite/bag_files/Cat1_10mph_lr_opposite_3/camera_images/1624824322.582633.jpg
Cat1,10mph,lr,opposite,3,1624824322.6159663,/media/batool/MULTIMODAL_DATA/Multimodal_Data/Cat1/opposite/bag_files/Cat1_10mph_lr_opposite_3/camera_images/1624824322.6159663.jpg
Cat1,10mph,lr,opposite,3,1624824322.6492996,/media/batool/MULTIMODAL_DATA/Multimodal_Data/Cat1/opposite/bag_files/Cat1_10mph_lr_opposite_3/camera_images/1624824322.6492996.jpg
Cat1,10mph,lr,opposite,3,1624824322.682633,/media/batool/MULTIMODAL_DATA/Multimodal_Data/Cat1/opposite/bag_files/Cat1_10mph_lr_opposite_3/camera_images/1624824322.682633.jpg
Cat1,10mph,lr,opposite,3,1624824322.7159662,/media/batool/MULTIMODAL_DATA/Multimodal_Data/Cat1/opposite/bag_files/Cat1_10mph_lr_opposite_3/camera_images/1624824322.7159662.jpg
Cat1,10mph,lr,opposite,3,1624824322.7492995,/media/batool/MULTIMODAL_DATA/Multimodal_Data/Cat1/opposite/bag_files/Cat1_10mph_lr_opposite_3/camera_images/1624824322.7492995.jpg
Cat1,10mph,lr,opposite,3,1624824322.7826328,/media/batool/MULTIMODAL_DATA/Multimodal_Data/Cat1/opposite/bag_files/Cat1_10mph_lr_opposite_3/camera_images/1624824322.7826328.jpg
Cat1,10mph,lr,opposite,3,1624824322.8159661,/media/batool/MULTIMODAL_DATA/Multimodal_Data/Cat1/opposite/bag_files/Cat1_10mph_lr_opposite_3/camera_images/1624824322.8159661.jpg
Cat1,10mph,lr,opposite,3,1624824322.8492994,/media/batool/MULTIMODAL_DATA/Multimodal_Data/Cat1/opposite/bag_files/Cat1_10mph_lr_opposite_3/camera_images/1624824322.8492994.jpg
Cat1,10mph,lr,opposite,3,1624824322.8826327,/media/batool/MULTIMODAL_DATA/Multimodal_Data/Cat1/opposite/bag_files/Cat1_10mph_lr_opposite_3/camera_images/1624824322.8826327.jpg
Cat1,10mph,lr,opposite,3,1624824322.915966,/media/batool/MULTIMODAL_DATA/Multimodal_Data/Cat1/opposite/bag_files/Cat1_10mph_lr_opposite_3/camera_images/1624824322.915966.jpg
Cat1,10mph,lr,opposite,3,1624824322.9492993,/media/batool/MULTIMODAL_DATA/Multimodal_Data/Cat1/opposite/bag_files/Cat1_10mph_lr_opposite_3/camera_images/1624824322.9492993.jpg
Cat1,10mph,lr,opposite,3,1624824322.9826326,/media/batool/MULTIMODAL_DATA/Multimodal_Data/Cat1/opposite/bag_files/Cat1_10mph_lr_opposite_3/camera_images/1624824322.9826326.jpg
Cat1,10mph,lr,opposite,3,1624824321.4159675,/media/batool/MULTIMODAL_DATA/Multimodal_Data/Cat1/opposite/bag_files/Cat1_10mph_lr_opposite_3/camera_images/1624824321.4159675.jpg
Cat1,10mph,lr,opposite,3,1624824321.9493003,/media/batool/MULTIMODAL_DATA/Multimodal_Data/Cat1/opposite/bag_files/Cat1_10mph_lr_opposite_3/camera_images/1624824321.9493003.jpg
Cat1,10mph,lr,opposite,3,1624824322.482633,/media/batool/MULTIMODAL_DATA/Multimodal_Data/Cat1/opposite/bag_files/Cat1_10mph_lr_opposite_3/camera_images/1624824322.482633.jpg
Cat1,10mph,lr,opposite,3,1624824323.015966,/media/batool/MULTIMODAL_DATA/Multimodal_Data/Cat1/opposite/bag_files/Cat1_10mph_lr_opposite_3/camera_images/1624824323.015966.jpg
Cat1,10mph,lr,opposite,3,1624824323.5492988,/media/batool/MULTIMODAL_DATA/Multimodal_Data/Cat1/opposite/bag_files/Cat1_10mph_lr_opposite_3/camera_images/1624824323.5492988.jpg
Cat1,10mph,lr,opposite,3,1624824324.0826316,/media/batool/MULTIMODAL_DATA/Multimodal_Data/Cat1/opposite/bag_files/Cat1_10mph_lr_opposite_3/camera_images/1624824324.0826316.jpg
Cat1,10mph,lr,opposite,3,1624824324.6159644,/media/batool/MULTIMODAL_DATA/Multimodal_Data/Cat1/opposite/bag_files/Cat1_10mph_lr_opposite_3/camera_images/1624824324.6159644.jpg
Cat1,10mph,lr,opposite,3,1624824325.1492972,/media/batool/MULTIMODAL_DATA/Multimodal_Data/Cat1/opposite/bag_files/Cat1_10mph_lr_opposite_3/camera_images/1624824325.1492972.jpg
Cat1,10mph,lr,opposite,3,1624824325.68263,/media/batool/MULTIMODAL_DATA/Multimodal_Data/Cat1/opposite/bag_files/Cat1_10mph_lr_opposite_3/camera_images/1624824325.68263.jpg
Cat1,10mph,lr,opposite,3,1624824326.215963,/media/batool/MULTIMODAL_DATA/Multimodal_Data/Cat1/opposite/bag_files/Cat1_10mph_lr_opposite_3/camera_images/1624824326.215963.jpg
Cat1,10mph,lr,opposite,3,1624824326.7492957,/media/batool/MULTIMODAL_DATA/Multimodal_Data/Cat1/opposite/bag_files/Cat1_10mph_lr_opposite_3/camera_images/1624824326.7492957.jpg
Cat1,10mph,lr,opposite,3,1624824327.2826285,/media/batool/MULTIMODAL_DATA/Multimodal_Data/Cat1/opposite/bag_files/Cat1_10mph_lr_opposite_3/camera_images/1624824327.2826285.jpg
Cat1,10mph,lr,opposite,3,1624824327.8159614,/media/batool/MULTIMODAL_DATA/Multimodal_Data/Cat1/opposite/bag_files/Cat1_10mph_lr_opposite_3/camera_images/1624824327.8159614.jpg
Cat1,10mph,lr,opposite,3,1624824328.3492942,/media/batool/MULTIMODAL_DATA/Multimodal_Data/Cat1/opposite/bag_files/Cat1_10mph_lr_opposite_3/camera_images/1624824328.3492942.jpg
Cat1,10mph,lr,opposite,3,1624824328.882627,/media/batool/MULTIMODAL_DATA/Multimodal_Data/Cat1/opposite/bag_files/Cat1_10mph_lr_opposite_3/camera_images/1624824328.882627.jpg
Cat1,10mph,lr,opposite,3,1624824329.4159598,/media/batool/MULTIMODAL_DATA/Multimodal_Data/Cat1/opposite/bag_files/Cat1_10mph_lr_opposite_3/camera_images/1624824329.4159598.jpg
Cat1,10mph,lr,opposite,3,1624824329.9492927,/media/batool/MULTIMODAL_DATA/Multimodal_Data/Cat1/opposite/bag_files/Cat1_10mph_lr_opposite_3/camera_images/1624824329.9492927.jpg
Cat1,10mph,lr,opposite,3,1624824330.4826255,/media/batool/MULTIMODAL_DATA/Multimodal_Data/Cat1/opposite/bag_files/Cat1_10mph_lr_opposite_3/camera_images/1624824330.4826255.jpg
Cat1,10mph,lr,opposite,3,1624824331.0159583,/media/batool/MULTIMODAL_DATA/Multimodal_Data/Cat1/opposite/bag_files/Cat1_10mph_lr_opposite_3/camera_images/1624824331.0159583.jpg
Cat1,10mph,lr,opposite,3,1624824331.5492911,/media/batool/MULTIMODAL_DATA/Multimodal_Data/Cat1/opposite/bag_files/Cat1_10mph_lr_opposite_3/camera_images/1624824331.5492911.jpg
Cat1,10mph,lr,opposite,3,1624824332.082624,/media/batool/MULTIMODAL_DATA/Multimodal_Data/Cat1/opposite/bag_files/Cat1_10mph_lr_opposite_3/camera_images/1624824332.082624.jpg
Cat1,10mph,lr,opposite,3,1624824332.6159568,/media/batool/MULTIMODAL_DATA/Multimodal_Data/Cat1/opposite/bag_files/Cat1_10mph_lr_opposite_3/camera_images/1624824332.6159568.jpg
Cat1,10mph,lr,opposite,3,1624824333.1492896,/media/batool/MULTIMODAL_DATA/Multimodal_Data/Cat1/opposite/bag_files/Cat1_10mph_lr_opposite_3/camera_images/1624824333.1492896.jpg
Cat1,10mph,lr,opposite,3,1624824333.6826224,/media/batool/MULTIMODAL_DATA/Multimodal_Data/Cat1/opposite/bag_files/Cat1_10mph_lr_opposite_3/camera_images/1624824333.6826224.jpg
Cat1,10mph,lr,opposite,3,1624824334.2159553,/media/batool/MULTIMODAL_DATA/Multimodal_Data/Cat1/opposite/bag_files/Cat1_10mph_lr_opposite_3/camera_images/1624824334.2159553.jpg
Cat1,10mph,lr,opposite,3,1624824334.749288,/media/batool/MULTIMODAL_DATA/Multimodal_Data/Cat1/opposite/bag_files/Cat1_10mph_lr_opposite_3/camera_images/1624824334.749288.jpg
Cat1,10mph,lr,opposite,3,1624824335.282621,/media/batool/MULTIMODAL_DATA/Multimodal_Data/Cat1/opposite/bag_files/Cat1_10mph_lr_opposite_3/camera_images/1624824335.282621.jpg
Cat1,10mph,lr,opposite,3,1624824323.0492992,/media/batool/MULTIMODAL_DATA/Multimodal_Data/Cat1/opposite/bag_files/Cat1_10mph_lr_opposite_3/camera_images/1624824323.0492992.jpg
Cat1,10mph,lr,opposite,3,1624824323.0826325,/media/batool/MULTIMODAL_DATA/Multimodal_Data/Cat1/opposite/bag_files/Cat1_10mph_lr_opposite_3/camera_images/1624824323.0826325.jpg
Cat1,10mph,lr,opposite,3,1624824323.1159658,/media/batool/MULTIMODAL_DATA/Multimodal_Data/Cat1/opposite/bag_files/Cat1_10mph_lr_opposite_3/camera_images/1624824323.1159658.jpg
Cat1,10mph,lr,opposite,3,1624824323.1492991,/media/batool/MULTIMODAL_DATA/Multimodal_Data/Cat1/opposite/bag_files/Cat1_10mph_lr_opposite_3/camera_images/1624824323.1492991.jpg
Cat1,10mph,lr,opposite,3,1624824323.1826324,/media/batool/MULTIMODAL_DATA/Multimodal_Data/Cat1/opposite/bag_files/Cat1_10mph_lr_opposite_3/camera_images/1624824323.1826324.jpg
Cat1,10mph,lr,opposite,3,1624824323.2159657,/media/batool/MULTIMODAL_DATA/Multimodal_Data/Cat1/opposite/bag_files/Cat1_10mph_lr_opposite_3/camera_images/1624824323.2159657.jpg
Cat1,10mph,lr,opposite,3,1624824323.249299,/media/batool/MULTIMODAL_DATA/Multimodal_Data/Cat1/opposite/bag_files/Cat1_10mph_lr_opposite_3/camera_images/1624824323.249299.jpg
Cat1,10mph,lr,opposite,3,1624824323.2826324,/media/batool/MULTIMODAL_DATA/Multimodal_Data/Cat1/opposite/bag_files/Cat1_10mph_lr_opposite_3/camera_images/1624824323.2826324.jpg
Cat1,10mph,lr,opposite,3,1624824323.3159657,/media/batool/MULTIMODAL_DATA/Multimodal_Data/Cat1/opposite/bag_files/Cat1_10mph_lr_opposite_3/camera_images/1624824323.3159657.jpg
Cat1,10mph,lr,opposite,3,1624824323.349299,/media/batool/MULTIMODAL_DATA/Multimodal_Data/Cat1/opposite/bag_files/Cat1_10mph_lr_opposite_3/camera_images/1624824323.349299.jpg
Cat1,10mph,lr,opposite,3,1624824323.3826323,/media/batool/MULTIMODAL_DATA/Multimodal_Data/Cat1/opposite/bag_files/Cat1_10mph_lr_opposite_3/camera_images/1624824323.3826323.jpg
Cat1,10mph,lr,opposite,3,1624824323.4159656,/media/batool/MULTIMODAL_DATA/Multimodal_Data/Cat1/opposite/bag_files/Cat1_10mph_lr_opposite_3/camera_images/1624824323.4159656.jpg
Cat1,10mph,lr,opposite,3,1624824323.4492989,/media/batool/MULTIMODAL_DATA/Multimodal_Data/Cat1/opposite/bag_files/Cat1_10mph_lr_opposite_3/camera_images/1624824323.4492989.jpg
Cat1,10mph,lr,opposite,3,1624824323.4826322,/media/batool/MULTIMODAL_DATA/Multimodal_Data/Cat1/opposite/bag_files/Cat1_10mph_lr_opposite_3/camera_images/1624824323.4826322.jpg
Cat1,10mph,lr,opposite,3,1624824323.5159655,/media/batool/MULTIMODAL_DATA/Multimodal_Data/Cat1/opposite/bag_files/Cat1_10mph_lr_opposite_3/camera_images/1624824323.5159655.jpg
Cat1,10mph,lr,opposite,3,1624824323.582632,/media/batool/MULTIMODAL_DATA/Multimodal_Data/Cat1/opposite/bag_files/Cat1_10mph_lr_opposite_3/camera_images/1624824323.582632.jpg
Cat1,10mph,lr,opposite,3,1624824323.6159654,/media/batool/MULTIMODAL_DATA/Multimodal_Data/Cat1/opposite/bag_files/Cat1_10mph_lr_opposite_3/camera_images/1624824323.6159654.jpg
Cat1,10mph,lr,opposite,3,1624824323.6492987,/media/batool/MULTIMODAL_DATA/Multimodal_Data/Cat1/opposite/bag_files/Cat1_10mph_lr_opposite_3/camera_images/1624824323.6492987.jpg
Cat1,10mph,lr,opposite,3,1624824323.682632,/media/batool/MULTIMODAL_DATA/Multimodal_Data/Cat1/opposite/bag_files/Cat1_10mph_lr_opposite_3/camera_images/1624824323.682632.jpg
Cat1,10mph,lr,opposite,3,1624824323.7159653,/media/batool/MULTIMODAL_DATA/Multimodal_Data/Cat1/opposite/bag_files/Cat1_10mph_lr_opposite_3/camera_images/1624824323.7159653.jpg
Cat1,10mph,lr,opposite,3,1624824323.7492986,/media/batool/MULTIMODAL_DATA/Multimodal_Data/Cat1/opposite/bag_files/Cat1_10mph_lr_opposite_3/camera_images/1624824323.7492986.jpg
Cat1,10mph,lr,opposite,3,1624824323.7826319,/media/batool/MULTIMODAL_DATA/Multimodal_Data/Cat1/opposite/bag_files/Cat1_10mph_lr_opposite_3/camera_images/1624824323.7826319.jpg
Cat1,10mph,lr,opposite,3,1624824323.8159652,/media/batool/MULTIMODAL_DATA/Multimodal_Data/Cat1/opposite/bag_files/Cat1_10mph_lr_opposite_3/camera_images/1624824323.8159652.jpg
Cat1,10mph,lr,opposite,3,1624824323.8492985,/media/batool/MULTIMODAL_DATA/Multimodal_Data/Cat1/opposite/bag_files/Cat1_10mph_lr_opposite_3/camera_images/1624824323.8492985.jpg
Cat1,10mph,lr,opposite,3,1624824323.8826318,/media/batool/MULTIMODAL_DATA/Multimodal_Data/Cat1/opposite/bag_files/Cat1_10mph_lr_opposite_3/camera_images/1624824323.8826318.jpg
Cat1,10mph,lr,opposite,3,1624824323.915965,/media/batool/MULTIMODAL_DATA/Multimodal_Data/Cat1/opposite/bag_files/Cat1_10mph_lr_opposite_3/camera_images/1624824323.915965.jpg
Cat1,10mph,lr,opposite,3,1624824323.9492984,/media/batool/MULTIMODAL_DATA/Multimodal_Data/Cat1/opposite/bag_files/Cat1_10mph_lr_opposite_3/camera_images/1624824323.9492984.jpg
Cat1,10mph,lr,opposite,3,1624824323.9826317,/media/batool/MULTIMODAL_DATA/Multimodal_Data/Cat1/opposite/bag_files/Cat1_10mph_lr_opposite_3/camera_images/1624824323.9826317.jpg
Cat1,10mph,lr,opposite,3,1624824324.015965,/media/batool/MULTIMODAL_DATA/Multimodal_Data/Cat1/opposite/bag_files/Cat1_10mph_lr_opposite_3/camera_images/1624824324.015965.jpg
Cat1,10mph,lr,opposite,3,1624824324.0492983,/media/batool/MULTIMODAL_DATA/Multimodal_Data/Cat1/opposite/bag_files/Cat1_10mph_lr_opposite_3/camera_images/1624824324.0492983.jpg
Cat1,10mph,lr,opposite,3,1624824324.115965,/media/batool/MULTIMODAL_DATA/Multimodal_Data/Cat1/opposite/bag_files/Cat1_10mph_lr_opposite_3/camera_images/1624824324.115965.jpg
Cat1,10mph,lr,opposite,3,1624824324.1492982,/media/batool/MULTIMODAL_DATA/Multimodal_Data/Cat1/opposite/bag_files/Cat1_10mph_lr_opposite_3/camera_images/1624824324.1492982.jpg
Cat1,10mph,lr,opposite,3,1624824324.1826315,/media/batool/MULTIMODAL_DATA/Multimodal_Data/Cat1/opposite/bag_files/Cat1_10mph_lr_opposite_3/camera_images/1624824324.1826315.jpg
Cat1,10mph,lr,opposite,3,1624824324.2159648,/media/batool/MULTIMODAL_DATA/Multimodal_Data/Cat1/opposite/bag_files/Cat1_10mph_lr_opposite_3/camera_images/1624824324.2159648.jpg
Cat1,10mph,lr,opposite,3,1624824324.249298,/media/batool/MULTIMODAL_DATA/Multimodal_Data/Cat1/opposite/bag_files/Cat1_10mph_lr_opposite_3/camera_images/1624824324.249298.jpg
Cat1,10mph,lr,opposite,3,1624824324.2826314,/media/batool/MULTIMODAL_DATA/Multimodal_Data/Cat1/opposite/bag_files/Cat1_10mph_lr_opposite_3/camera_images/1624824324.2826314.jpg
Cat1,10mph,lr,opposite,3,1624824324.3159647,/media/batool/MULTIMODAL_DATA/Multimodal_Data/Cat1/opposite/bag_files/Cat1_10mph_lr_opposite_3/camera_images/1624824324.3159647.jpg
Cat1,10mph,lr,opposite,3,1624824324.349298,/media/batool/MULTIMODAL_DATA/Multimodal_Data/Cat1/opposite/bag_files/Cat1_10mph_lr_opposite_3/camera_images/1624824324.349298.jpg
Cat1,10mph,lr,opposite,3,1624824324.3826313,/media/batool/MULTIMODAL_DATA/Multimodal_Data/Cat1/opposite/bag_files/Cat1_10mph_lr_opposite_3/camera_images/1624824324.3826313.jpg
Cat1,10mph,lr,opposite,3,1624824324.4159646,/media/batool/MULTIMODAL_DATA/Multimodal_Data/Cat1/opposite/bag_files/Cat1_10mph_lr_opposite_3/camera_images/1624824324.4159646.jpg
Cat1,10mph,lr,opposite,3,1624824324.449298,/media/batool/MULTIMODAL_DATA/Multimodal_Data/Cat1/opposite/bag_files/Cat1_10mph_lr_opposite_3/camera_images/1624824324.449298.jpg
Cat1,10mph,lr,opposite,3,1624824324.4826312,/media/batool/MULTIMODAL_DATA/Multimodal_Data/Cat1/opposite/bag_files/Cat1_10mph_lr_opposite_3/camera_images/1624824324.4826312.jpg
Cat1,10mph,lr,opposite,3,1624824324.5159645,/media/batool/MULTIMODAL_DATA/Multimodal_Data/Cat1/opposite/bag_files/Cat1_10mph_lr_opposite_3/camera_images/1624824324.5159645.jpg
Cat1,10mph,lr,opposite,3,1624824324.5492978,/media/batool/MULTIMODAL_DATA/Multimodal_Data/Cat1/opposite/bag_files/Cat1_10mph_lr_opposite_3/camera_images/1624824324.5492978.jpg
Cat1,10mph,lr,opposite,3,1624824324.582631,/media/batool/MULTIMODAL_DATA/Multimodal_Data/Cat1/opposite/bag_files/Cat1_10mph_lr_opposite_3/camera_images/1624824324.582631.jpg
Cat1,10mph,lr,opposite,3,1624824324.6492977,/media/batool/MULTIMODAL_DATA/Multimodal_Data/Cat1/opposite/bag_files/Cat1_10mph_lr_opposite_3/camera_images/1624824324.6492977.jpg
Cat1,10mph,lr,opposite,3,1624824324.682631,/media/batool/MULTIMODAL_DATA/Multimodal_Data/Cat1/opposite/bag_files/Cat1_10mph_lr_opposite_3/camera_images/1624824324.682631.jpg
Cat1,10mph,lr,opposite,3,1624824324.7159643,/media/batool/MULTIMODAL_DATA/Multimodal_Data/Cat1/opposite/bag_files/Cat1_10mph_lr_opposite_3/camera_images/1624824324.7159643.jpg
Cat1,10mph,lr,opposite,3,1624824324.7492976,/media/batool/MULTIMODAL_DATA/Multimodal_Data/Cat1/opposite/bag_files/Cat1_10mph_lr_opposite_3/camera_images/1624824324.7492976.jpg
Cat1,10mph,lr,opposite,3,1624824324.782631,/media/batool/MULTIMODAL_DATA/Multimodal_Data/Cat1/opposite/bag_files/Cat1_10mph_lr_opposite_3/camera_images/1624824324.782631.jpg
Cat1,10mph,lr,opposite,3,1624824324.8159642,/media/batool/MULTIMODAL_DATA/Multimodal_Data/Cat1/opposite/bag_files/Cat1_10mph_lr_opposite_3/camera_images/1624824324.8159642.jpg
Cat1,10mph,lr,opposite,3,1624824324.8492975,/media/batool/MULTIMODAL_DATA/Multimodal_Data/Cat1/opposite/bag_files/Cat1_10mph_lr_opposite_3/camera_images/1624824324.8492975.jpg
Cat1,10mph,lr,opposite,3,1624824324.8826308,/media/batool/MULTIMODAL_DATA/Multimodal_Data/Cat1/opposite/bag_files/Cat1_10mph_lr_opposite_3/camera_images/1624824324.8826308.jpg
Cat1,10mph,lr,opposite,3,1624824324.9159641,/media/batool/MULTIMODAL_DATA/Multimodal_Data/Cat1/opposite/bag_files/Cat1_10mph_lr_opposite_3/camera_images/1624824324.9159641.jpg
Cat1,10mph,lr,opposite,3,1624824324.9492974,/media/batool/MULTIMODAL_DATA/Multimodal_Data/Cat1/opposite/bag_files/Cat1_10mph_lr_opposite_3/camera_images/1624824324.9492974.jpg
Cat1,10mph,lr,opposite,3,1624824324.9826307,/media/batool/MULTIMODAL_DATA/Multimodal_Data/Cat1/opposite/bag_files/Cat1_10mph_lr_opposite_3/camera_images/1624824324.9826307.jpg
Cat1,10mph,lr,opposite,3,1624824325.015964,/media/batool/MULTIMODAL_DATA/Multimodal_Data/Cat1/opposite/bag_files/Cat1_10mph_lr_opposite_3/camera_images/1624824325.015964.jpg
Cat1,10mph,lr,opposite,3,1624824325.0492973,/media/batool/MULTIMODAL_DATA/Multimodal_Data/Cat1/opposite/bag_files/Cat1_10mph_lr_opposite_3/camera_images/1624824325.0492973.jpg
Cat1,10mph,lr,opposite,3,1624824325.0826306,/media/batool/MULTIMODAL_DATA/Multimodal_Data/Cat1/opposite/bag_files/Cat1_10mph_lr_opposite_3/camera_images/1624824325.0826306.jpg
Cat1,10mph,lr,opposite,3,1624824325.115964,/media/batool/MULTIMODAL_DATA/Multimodal_Data/Cat1/opposite/bag_files/Cat1_10mph_lr_opposite_3/camera_images/1624824325.115964.jpg
Cat1,10mph,lr,opposite,3,1624824325.1826305,/media/batool/MULTIMODAL_DATA/Multimodal_Data/Cat1/opposite/bag_files/Cat1_10mph_lr_opposite_3/camera_images/1624824325.1826305.jpg
Cat1,10mph,lr,opposite,3,1624824325.2159638,/media/batool/MULTIMODAL_DATA/Multimodal_Data/Cat1/opposite/bag_files/Cat1_10mph_lr_opposite_3/camera_images/1624824325.2159638.jpg
Cat1,10mph,lr,opposite,3,1624824325.2492971,/media/batool/MULTIMODAL_DATA/Multimodal_Data/Cat1/opposite/bag_files/Cat1_10mph_lr_opposite_3/camera_images/1624824325.2492971.jpg
Cat1,10mph,lr,opposite,3,1624824325.2826304,/media/batool/MULTIMODAL_DATA/Multimodal_Data/Cat1/opposite/bag_files/Cat1_10mph_lr_opposite_3/camera_images/1624824325.2826304.jpg
Cat1,10mph,lr,opposite,3,1624824325.3159637,/media/batool/MULTIMODAL_DATA/Multimodal_Data/Cat1/opposite/bag_files/Cat1_10mph_lr_opposite_3/camera_images/1624824325.3159637.jpg
Cat1,10mph,lr,opposite,3,1624824325.349297,/media/batool/MULTIMODAL_DATA/Multimodal_Data/Cat1/opposite/bag_files/Cat1_10mph_lr_opposite_3/camera_images/1624824325.349297.jpg
Cat1,10mph,lr,opposite,3,1624824325.3826303,/media/batool/MULTIMODAL_DATA/Multimodal_Data/Cat1/opposite/bag_files/Cat1_10mph_lr_opposite_3/camera_images/1624824325.3826303.jpg
Cat1,10mph,lr,opposite,3,1624824325.4159636,/media/batool/MULTIMODAL_DATA/Multimodal_Data/Cat1/opposite/bag_files/Cat1_10mph_lr_opposite_3/camera_images/1624824325.4159636.jpg
Cat1,10mph,lr,opposite,3,1624824325.449297,/media/batool/MULTIMODAL_DATA/Multimodal_Data/Cat1/opposite/bag_files/Cat1_10mph_lr_opposite_3/camera_images/1624824325.449297.jpg
Cat1,10mph,lr,opposite,3,1624824325.4826303,/media/batool/MULTIMODAL_DATA/Multimodal_Data/Cat1/opposite/bag_files/Cat1_10mph_lr_opposite_3/camera_images/1624824325.4826303.jpg
Cat1,10mph,lr,opposite,3,1624824325.5159636,/media/batool/MULTIMODAL_DATA/Multimodal_Data/Cat1/opposite/bag_files/Cat1_10mph_lr_opposite_3/camera_images/1624824325.5159636.jpg
Cat1,10mph,lr,opposite,3,1624824325.5492969,/media/batool/MULTIMODAL_DATA/Multimodal_Data/Cat1/opposite/bag_files/Cat1_10mph_lr_opposite_3/camera_images/1624824325.5492969.jpg
Cat1,10mph,lr,opposite,3,1624824325.5826302,/media/batool/MULTIMODAL_DATA/Multimodal_Data/Cat1/opposite/bag_files/Cat1_10mph_lr_opposite_3/camera_images/1624824325.5826302.jpg
Cat1,10mph,lr,opposite,3,1624824325.6159635,/media/batool/MULTIMODAL_DATA/Multimodal_Data/Cat1/opposite/bag_files/Cat1_10mph_lr_opposite_3/camera_images/1624824325.6159635.jpg
Cat1,10mph,lr,opposite,3,1624824325.6492968,/media/batool/MULTIMODAL_DATA/Multimodal_Data/Cat1/opposite/bag_files/Cat1_10mph_lr_opposite_3/camera_images/1624824325.6492968.jpg
Cat1,10mph,lr,opposite,3,1624824325.7159634,/media/batool/MULTIMODAL_DATA/Multimodal_Data/Cat1/opposite/bag_files/Cat1_10mph_lr_opposite_3/camera_images/1624824325.7159634.jpg
Cat1,10mph,lr,opposite,3,1624824325.7492967,/media/batool/MULTIMODAL_DATA/Multimodal_Data/Cat1/opposite/bag_files/Cat1_10mph_lr_opposite_3/camera_images/1624824325.7492967.jpg
Cat1,10mph,lr,opposite,3,1624824325.78263,/media/batool/MULTIMODAL_DATA/Multimodal_Data/Cat1/opposite/bag_files/Cat1_10mph_lr_opposite_3/camera_images/1624824325.78263.jpg
Cat1,10mph,lr,opposite,3,1624824325.8159633,/media/batool/MULTIMODAL_DATA/Multimodal_Data/Cat1/opposite/bag_files/Cat1_10mph_lr_opposite_3/camera_images/1624824325.8159633.jpg
Cat1,10mph,lr,opposite,3,1624824325.8492966,/media/batool/MULTIMODAL_DATA/Multimodal_Data/Cat1/opposite/bag_files/Cat1_10mph_lr_opposite_3/camera_images/1624824325.8492966.jpg
Cat1,10mph,lr,opposite,3,1624824325.8826299,/media/batool/MULTIMODAL_DATA/Multimodal_Data/Cat1/opposite/bag_files/Cat1_10mph_lr_opposite_3/camera_images/1624824325.8826299.jpg
Cat1,10mph,lr,opposite,3,1624824325.9159632,/media/batool/MULTIMODAL_DATA/Multimodal_Data/Cat1/opposite/bag_files/Cat1_10mph_lr_opposite_3/camera_images/1624824325.9159632.jpg
Cat1,10mph,lr,opposite,3,1624824325.9492965,/media/batool/MULTIMODAL_DATA/Multimodal_Data/Cat1/opposite/bag_files/Cat1_10mph_lr_opposite_3/camera_images/1624824325.9492965.jpg
Cat1,10mph,lr,opposite,3,1624824325.9826298,/media/batool/MULTIMODAL_DATA/Multimodal_Data/Cat1/opposite/bag_files/Cat1_10mph_lr_opposite_3/camera_images/1624824325.9826298.jpg
Cat1,10mph,lr,opposite,3,1624824326.015963,/media/batool/MULTIMODAL_DATA/Multimodal_Data/Cat1/opposite/bag_files/Cat1_10mph_lr_opposite_3/camera_images/1624824326.015963.jpg
Cat1,10mph,lr,opposite,3,1624824326.0492964,/media/batool/MULTIMODAL_DATA/Multimodal_Data/Cat1/opposite/bag_files/Cat1_10mph_lr_opposite_3/camera_images/1624824326.0492964.jpg
Cat1,10mph,lr,opposite,3,1624824326.0826297,/media/batool/MULTIMODAL_DATA/Multimodal_Data/Cat1/opposite/bag_files/Cat1_10mph_lr_opposite_3/camera_images/1624824326.0826297.jpg
Cat1,10mph,lr,opposite,3,1624824326.115963,/media/batool/MULTIMODAL_DATA/Multimodal_Data/Cat1/opposite/bag_files/Cat1_10mph_lr_opposite_3/camera_images/1624824326.115963.jpg
Cat1,10mph,lr,opposite,3,1624824326.1492963,/media/batool/MULTIMODAL_DATA/Multimodal_Data/Cat1/opposite/bag_files/Cat1_10mph_lr_opposite_3/camera_images/1624824326.1492963.jpg
Cat1,10mph,lr,opposite,3,1624824326.1826296,/media/batool/MULTIMODAL_DATA/Multimodal_Data/Cat1/opposite/bag_files/Cat1_10mph_lr_opposite_3/camera_images/1624824326.1826296.jpg
Cat1,10mph,lr,opposite,3,1624824326.2492962,/media/batool/MULTIMODAL_DATA/Multimodal_Data/Cat1/opposite/bag_files/Cat1_10mph_lr_opposite_3/camera_images/1624824326.2492962.jpg
Cat1,10mph,lr,opposite,3,1624824326.2826295,/media/batool/MULTIMODAL_DATA/Multimodal_Data/Cat1/opposite/bag_files/Cat1_10mph_lr_opposite_3/camera_images/1624824326.2826295.jpg
Cat1,10mph,lr,opposite,3,1624824326.3159628,/media/batool/MULTIMODAL_DATA/Multimodal_Data/Cat1/opposite/bag_files/Cat1_10mph_lr_opposite_3/camera_images/1624824326.3159628.jpg
Cat1,10mph,lr,opposite,3,1624824326.349296,/media/batool/MULTIMODAL_DATA/Multimodal_Data/Cat1/opposite/bag_files/Cat1_10mph_lr_opposite_3/camera_images/1624824326.349296.jpg
Cat1,10mph,lr,opposite,3,1624824326.3826294,/media/batool/MULTIMODAL_DATA/Multimodal_Data/Cat1/opposite/bag_files/Cat1_10mph_lr_opposite_3/camera_images/1624824326.3826294.jpg
Cat1,10mph,lr,opposite,3,1624824326.4159627,/media/batool/MULTIMODAL_DATA/Multimodal_Data/Cat1/opposite/bag_files/Cat1_10mph_lr_opposite_3/camera_images/1624824326.4159627.jpg
Cat1,10mph,lr,opposite,3,1624824326.449296,/media/batool/MULTIMODAL_DATA/Multimodal_Data/Cat1/opposite/bag_files/Cat1_10mph_lr_opposite_3/camera_images/1624824326.449296.jpg
Cat1,10mph,lr,opposite,3,1624824326.4826293,/media/batool/MULTIMODAL_DATA/Multimodal_Data/Cat1/opposite/bag_files/Cat1_10mph_lr_opposite_3/camera_images/1624824326.4826293.jpg
Cat1,10mph,lr,opposite,3,1624824326.5159626,/media/batool/MULTIMODAL_DATA/Multimodal_Data/Cat1/opposite/bag_files/Cat1_10mph_lr_opposite_3/camera_images/1624824326.5159626.jpg
Cat1,10mph,lr,opposite,3,1624824326.549296,/media/batool/MULTIMODAL_DATA/Multimodal_Data/Cat1/opposite/bag_files/Cat1_10mph_lr_opposite_3/camera_images/1624824326.549296.jpg
Cat1,10mph,lr,opposite,3,1624824326.5826292,/media/batool/MULTIMODAL_DATA/Multimodal_Data/Cat1/opposite/bag_files/Cat1_10mph_lr_opposite_3/camera_images/1624824326.5826292.jpg
Cat1,10mph,lr,opposite,3,1624824326.6159625,/media/batool/MULTIMODAL_DATA/Multimodal_Data/Cat1/opposite/bag_files/Cat1_10mph_lr_opposite_3/camera_images/1624824326.6159625.jpg
Cat1,10mph,lr,opposite,3,1624824326.6492958,/media/batool/MULTIMODAL_DATA/Multimodal_Data/Cat1/opposite/bag_files/Cat1_10mph_lr_opposite_3/camera_images/1624824326.6492958.jpg
Cat1,10mph,lr,opposite,3,1624824326.682629,/media/batool/MULTIMODAL_DATA/Multimodal_Data/Cat1/opposite/bag_files/Cat1_10mph_lr_opposite_3/camera_images/1624824326.682629.jpg
Cat1,10mph,lr,opposite,3,1624824326.7159624,/media/batool/MULTIMODAL_DATA/Multimodal_Data/Cat1/opposite/bag_files/Cat1_10mph_lr_opposite_3/camera_images/1624824326.7159624.jpg
Cat1,10mph,lr,opposite,3,1624824326.782629,/media/batool/MULTIMODAL_DATA/Multimodal_Data/Cat1/opposite/bag_files/Cat1_10mph_lr_opposite_3/camera_images/1624824326.782629.jpg
Cat1,10mph,lr,opposite,3,1624824326.8159623,/media/batool/MULTIMODAL_DATA/Multimodal_Data/Cat1/opposite/bag_files/Cat1_10mph_lr_opposite_3/camera_images/1624824326.8159623.jpg
Cat1,10mph,lr,opposite,3,1624824326.8492956,/media/batool/MULTIMODAL_DATA/Multimodal_Data/Cat1/opposite/bag_files/Cat1_10mph_lr_opposite_3/camera_images/1624824326.8492956.jpg
Cat1,10mph,lr,opposite,3,1624824326.882629,/media/batool/MULTIMODAL_DATA/Multimodal_Data/Cat1/opposite/bag_files/Cat1_10mph_lr_opposite_3/camera_images/1624824326.882629.jpg
Cat1,10mph,lr,opposite,3,1624824326.9159622,/media/batool/MULTIMODAL_DATA/Multimodal_Data/Cat1/opposite/bag_files/Cat1_10mph_lr_opposite_3/camera_images/1624824326.9159622.jpg
Cat1,10mph,lr,opposite,3,1624824326.9492955,/media/batool/MULTIMODAL_DATA/Multimodal_Data/Cat1/opposite/bag_files/Cat1_10mph_lr_opposite_3/camera_images/1624824326.9492955.jpg
Cat1,10mph,lr,opposite,3,1624824326.9826288,/media/batool/MULTIMODAL_DATA/Multimodal_Data/Cat1/opposite/bag_files/Cat1_10mph_lr_opposite_3/camera_images/1624824326.9826288.jpg
Cat1,10mph,lr,opposite,3,1624824327.0159621,/media/batool/MULTIMODAL_DATA/Multimodal_Data/Cat1/opposite/bag_files/Cat1_10mph_lr_opposite_3/camera_images/1624824327.0159621.jpg
Cat1,10mph,lr,opposite,3,1624824327.0492954,/media/batool/MULTIMODAL_DATA/Multimodal_Data/Cat1/opposite/bag_files/Cat1_10mph_lr_opposite_3/camera_images/1624824327.0492954.jpg
Cat1,10mph,lr,opposite,3,1624824327.0826287,/media/batool/MULTIMODAL_DATA/Multimodal_Data/Cat1/opposite/bag_files/Cat1_10mph_lr_opposite_3/camera_images/1624824327.0826287.jpg
Cat1,10mph,lr,opposite,3,1624824327.115962,/media/batool/MULTIMODAL_DATA/Multimodal_Data/Cat1/opposite/bag_files/Cat1_10mph_lr_opposite_3/camera_images/1624824327.115962.jpg
Cat1,10mph,lr,opposite,3,1624824327.1492953,/media/batool/MULTIMODAL_DATA/Multimodal_Data/Cat1/opposite/bag_files/Cat1_10mph_lr_opposite_3/camera_images/1624824327.1492953.jpg
Cat1,10mph,lr,opposite,3,1624824327.1826286,/media/batool/MULTIMODAL_DATA/Multimodal_Data/Cat1/opposite/bag_files/Cat1_10mph_lr_opposite_3/camera_images/1624824327.1826286.jpg
Cat1,10mph,lr,opposite,3,1624824327.215962,/media/batool/MULTIMODAL_DATA/Multimodal_Data/Cat1/opposite/bag_files/Cat1_10mph_lr_opposite_3/camera_images/1624824327.215962.jpg
Cat1,10mph,lr,opposite,3,1624824327.2492952,/media/batool/MULTIMODAL_DATA/Multimodal_Data/Cat1/opposite/bag_files/Cat1_10mph_lr_opposite_3/camera_images/1624824327.2492952.jpg
Cat1,10mph,lr,opposite,3,1624824327.3159618,/media/batool/MULTIMODAL_DATA/Multimodal_Data/Cat1/opposite/bag_files/Cat1_10mph_lr_opposite_3/camera_images/1624824327.3159618.jpg
Cat1,10mph,lr,opposite,3,1624824327.3492951,/media/batool/MULTIMODAL_DATA/Multimodal_Data/Cat1/opposite/bag_files/Cat1_10mph_lr_opposite_3/camera_images/1624824327.3492951.jpg
Cat1,10mph,lr,opposite,3,1624824327.3826284,/media/batool/MULTIMODAL_DATA/Multimodal_Data/Cat1/opposite/bag_files/Cat1_10mph_lr_opposite_3/camera_images/1624824327.3826284.jpg
Cat1,10mph,lr,opposite,3,1624824327.4159617,/media/batool/MULTIMODAL_DATA/Multimodal_Data/Cat1/opposite/bag_files/Cat1_10mph_lr_opposite_3/camera_images/1624824327.4159617.jpg
Cat1,10mph,lr,opposite,3,1624824327.449295,/media/batool/MULTIMODAL_DATA/Multimodal_Data/Cat1/opposite/bag_files/Cat1_10mph_lr_opposite_3/camera_images/1624824327.449295.jpg
Cat1,10mph,lr,opposite,3,1624824327.4826283,/media/batool/MULTIMODAL_DATA/Multimodal_Data/Cat1/opposite/bag_files/Cat1_10mph_lr_opposite_3/camera_images/1624824327.4826283.jpg
Cat1,10mph,lr,opposite,3,1624824327.5159616,/media/batool/MULTIMODAL_DATA/Multimodal_Data/Cat1/opposite/bag_files/Cat1_10mph_lr_opposite_3/camera_images/1624824327.5159616.jpg
Cat1,10mph,lr,opposite,3,1624824327.549295,/media/batool/MULTIMODAL_DATA/Multimodal_Data/Cat1/opposite/bag_files/Cat1_10mph_lr_opposite_3/camera_images/1624824327.549295.jpg
Cat1,10mph,lr,opposite,3,1624824327.5826283,/media/batool/MULTIMODAL_DATA/Multimodal_Data/Cat1/opposite/bag_files/Cat1_10mph_lr_opposite_3/camera_images/1624824327.5826283.jpg
Cat1,10mph,lr,opposite,3,1624824327.6159616,/media/batool/MULTIMODAL_DATA/Multimodal_Data/Cat1/opposite/bag_files/Cat1_10mph_lr_opposite_3/camera_images/1624824327.6159616.jpg
Cat1,10mph,lr,opposite,3,1624824327.6492949,/media/batool/MULTIMODAL_DATA/Multimodal_Data/Cat1/opposite/bag_files/Cat1_10mph_lr_opposite_3/camera_images/1624824327.6492949.jpg
Cat1,10mph,lr,opposite,3,1624824327.6826282,/media/batool/MULTIMODAL_DATA/Multimodal_Data/Cat1/opposite/bag_files/Cat1_10mph_lr_opposite_3/camera_images/1624824327.6826282.jpg
Cat1,10mph,lr,opposite,3,1624824327.7159615,/media/batool/MULTIMODAL_DATA/Multimodal_Data/Cat1/opposite/bag_files/Cat1_10mph_lr_opposite_3/camera_images/1624824327.7159615.jpg
Cat1,10mph,lr,opposite,3,1624824327.7492948,/media/batool/MULTIMODAL_DATA/Multimodal_Data/Cat1/opposite/bag_files/Cat1_10mph_lr_opposite_3/camera_images/1624824327.7492948.jpg
Cat1,10mph,lr,opposite,3,1624824327.782628,/media/batool/MULTIMODAL_DATA/Multimodal_Data/Cat1/opposite/bag_files/Cat1_10mph_lr_opposite_3/camera_images/1624824327.782628.jpg
Cat1,10mph,lr,opposite,3,1624824327.8492947,/media/batool/MULTIMODAL_DATA/Multimodal_Data/Cat1/opposite/bag_files/Cat1_10mph_lr_opposite_3/camera_images/1624824327.8492947.jpg
Cat1,10mph,lr,opposite,3,1624824327.882628,/media/batool/MULTIMODAL_DATA/Multimodal_Data/Cat1/opposite/bag_files/Cat1_10mph_lr_opposite_3/camera_images/1624824327.882628.jpg
Cat1,10mph,lr,opposite,3,1624824327.9159613,/media/batool/MULTIMODAL_DATA/Multimodal_Data/Cat1/opposite/bag_files/Cat1_10mph_lr_opposite_3/camera_images/1624824327.9159613.jpg
Cat1,10mph,lr,opposite,3,1624824327.9492946,/media/batool/MULTIMODAL_DATA/Multimodal_Data/Cat1/opposite/bag_files/Cat1_10mph_lr_opposite_3/camera_images/1624824327.9492946.jpg
Cat1,10mph,lr,opposite,3,1624824327.9826279,/media/batool/MULTIMODAL_DATA/Multimodal_Data/Cat1/opposite/bag_files/Cat1_10mph_lr_opposite_3/camera_images/1624824327.9826279.jpg
Cat1,10mph,lr,opposite,3,1624824328.0159612,/media/batool/MULTIMODAL_DATA/Multimodal_Data/Cat1/opposite/bag_files/Cat1_10mph_lr_opposite_3/camera_images/1624824328.0159612.jpg
Cat1,10mph,lr,opposite,3,1624824328.0492945,/media/batool/MULTIMODAL_DATA/Multimodal_Data/Cat1/opposite/bag_files/Cat1_10mph_lr_opposite_3/camera_images/1624824328.0492945.jpg
Cat1,10mph,lr,opposite,3,1624824328.0826278,/media/batool/MULTIMODAL_DATA/Multimodal_Data/Cat1/opposite/bag_files/Cat1_10mph_lr_opposite_3/camera_images/1624824328.0826278.jpg
Cat1,10mph,lr,opposite,3,1624824328.115961,/media/batool/MULTIMODAL_DATA/Multimodal_Data/Cat1/opposite/bag_files/Cat1_10mph_lr_opposite_3/camera_images/1624824328.115961.jpg
Cat1,10mph,lr,opposite,3,1624824328.1492944,/media/batool/MULTIMODAL_DATA/Multimodal_Data/Cat1/opposite/bag_files/Cat1_10mph_lr_opposite_3/camera_images/1624824328.1492944.jpg
Cat1,10mph,lr,opposite,3,1624824328.1826277,/media/batool/MULTIMODAL_DATA/Multimodal_Data/Cat1/opposite/bag_files/Cat1_10mph_lr_opposite_3/camera_images/1624824328.1826277.jpg
Cat1,10mph,lr,opposite,3,1624824328.215961,/media/batool/MULTIMODAL_DATA/Multimodal_Data/Cat1/opposite/bag_files/Cat1_10mph_lr_opposite_3/camera_images/1624824328.215961.jpg
Cat1,10mph,lr,opposite,3,1624824328.2492943,/media/batool/MULTIMODAL_DATA/Multimodal_Data/Cat1/opposite/bag_files/Cat1_10mph_lr_opposite_3/camera_images/1624824328.2492943.jpg
Cat1,10mph,lr,opposite,3,1624824328.2826276,/media/batool/MULTIMODAL_DATA/Multimodal_Data/Cat1/opposite/bag_files/Cat1_10mph_lr_opposite_3/camera_images/1624824328.2826276.jpg
Cat1,10mph,lr,opposite,3,1624824328.315961,/media/batool/MULTIMODAL_DATA/Multimodal_Data/Cat1/opposite/bag_files/Cat1_10mph_lr_opposite_3/camera_images/1624824328.315961.jpg
Cat1,10mph,lr,opposite,3,1624824328.3826275,/media/batool/MULTIMODAL_DATA/Multimodal_Data/Cat1/opposite/bag_files/Cat1_10mph_lr_opposite_3/camera_images/1624824328.3826275.jpg
Cat1,10mph,lr,opposite,3,1624824328.4159608,/media/batool/MULTIMODAL_DATA/Multimodal_Data/Cat1/opposite/bag_files/Cat1_10mph_lr_opposite_3/camera_images/1624824328.4159608.jpg
Cat1,10mph,lr,opposite,3,1624824328.449294,/media/batool/MULTIMODAL_DATA/Multimodal_Data/Cat1/opposite/bag_files/Cat1_10mph_lr_opposite_3/camera_images/1624824328.449294.jpg
Cat1,10mph,lr,opposite,3,1624824328.4826274,/media/batool/MULTIMODAL_DATA/Multimodal_Data/Cat1/opposite/bag_files/Cat1_10mph_lr_opposite_3/camera_images/1624824328.4826274.jpg
Cat1,10mph,lr,opposite,3,1624824328.5159607,/media/batool/MULTIMODAL_DATA/Multimodal_Data/Cat1/opposite/bag_files/Cat1_10mph_lr_opposite_3/camera_images/1624824328.5159607.jpg
Cat1,10mph,lr,opposite,3,1624824328.549294,/media/batool/MULTIMODAL_DATA/Multimodal_Data/Cat1/opposite/bag_files/Cat1_10mph_lr_opposite_3/camera_images/1624824328.549294.jpg
Cat1,10mph,lr,opposite,3,1624824328.5826273,/media/batool/MULTIMODAL_DATA/Multimodal_Data/Cat1/opposite/bag_files/Cat1_10mph_lr_opposite_3/camera_images/1624824328.5826273.jpg
Cat1,10mph,lr,opposite,3,1624824328.6159606,/media/batool/MULTIMODAL_DATA/Multimodal_Data/Cat1/opposite/bag_files/Cat1_10mph_lr_opposite_3/camera_images/1624824328.6159606.jpg
Cat1,10mph,lr,opposite,3,1624824328.649294,/media/batool/MULTIMODAL_DATA/Multimodal_Data/Cat1/opposite/bag_files/Cat1_10mph_lr_opposite_3/camera_images/1624824328.649294.jpg
Cat1,10mph,lr,opposite,3,1624824328.6826272,/media/batool/MULTIMODAL_DATA/Multimodal_Data/Cat1/opposite/bag_files/Cat1_10mph_lr_opposite_3/camera_images/1624824328.6826272.jpg
Cat1,10mph,lr,opposite,3,1624824328.7159605,/media/batool/MULTIMODAL_DATA/Multimodal_Data/Cat1/opposite/bag_files/Cat1_10mph_lr_opposite_3/camera_images/1624824328.7159605.jpg
Cat1,10mph,lr,opposite,3,1624824328.7492938,/media/batool/MULTIMODAL_DATA/Multimodal_Data/Cat1/opposite/bag_files/Cat1_10mph_lr_opposite_3/camera_images/1624824328.7492938.jpg
Cat1,10mph,lr,opposite,3,1624824328.782627,/media/batool/MULTIMODAL_DATA/Multimodal_Data/Cat1/opposite/bag_files/Cat1_10mph_lr_opposite_3/camera_images/1624824328.782627.jpg
Cat1,10mph,lr,opposite,3,1624824328.8159604,/media/batool/MULTIMODAL_DATA/Multimodal_Data/Cat1/opposite/bag_files/Cat1_10mph_lr_opposite_3/camera_images/1624824328.8159604.jpg
Cat1,10mph,lr,opposite,3,1624824328.8492937,/media/batool/MULTIMODAL_DATA/Multimodal_Data/Cat1/opposite/bag_files/Cat1_10mph_lr_opposite_3/camera_images/1624824328.8492937.jpg
Cat1,10mph,lr,opposite,3,1624824328.9159603,/media/batool/MULTIMODAL_DATA/Multimodal_Data/Cat1/opposite/bag_files/Cat1_10mph_lr_opposite_3/camera_images/1624824328.9159603.jpg
Cat1,10mph,lr,opposite,3,1624824328.9492936,/media/batool/MULTIMODAL_DATA/Multimodal_Data/Cat1/opposite/bag_files/Cat1_10mph_lr_opposite_3/camera_images/1624824328.9492936.jpg
Cat1,10mph,lr,opposite,3,1624824328.982627,/media/batool/MULTIMODAL_DATA/Multimodal_Data/Cat1/opposite/bag_files/Cat1_10mph_lr_opposite_3/camera_images/1624824328.982627.jpg
Cat1,10mph,lr,opposite,3,1624824329.0159602,/media/batool/MULTIMODAL_DATA/Multimodal_Data/Cat1/opposite/bag_files/Cat1_10mph_lr_opposite_3/camera_images/1624824329.0159602.jpg
Cat1,10mph,lr,opposite,3,1624824329.0492935,/media/batool/MULTIMODAL_DATA/Multimodal_Data/Cat1/opposite/bag_files/Cat1_10mph_lr_opposite_3/camera_images/1624824329.0492935.jpg
Cat1,10mph,lr,opposite,3,1624824329.0826268,/media/batool/MULTIMODAL_DATA/Multimodal_Data/Cat1/opposite/bag_files/Cat1_10mph_lr_opposite_3/camera_images/1624824329.0826268.jpg
Cat1,10mph,lr,opposite,3,1624824329.1159601,/media/batool/MULTIMODAL_DATA/Multimodal_Data/Cat1/opposite/bag_files/Cat1_10mph_lr_opposite_3/camera_images/1624824329.1159601.jpg
Cat1,10mph,lr,opposite,3,1624824329.1492934,/media/batool/MULTIMODAL_DATA/Multimodal_Data/Cat1/opposite/bag_files/Cat1_10mph_lr_opposite_3/camera_images/1624824329.1492934.jpg
Cat1,10mph,lr,opposite,3,1624824329.1826267,/media/batool/MULTIMODAL_DATA/Multimodal_Data/Cat1/opposite/bag_files/Cat1_10mph_lr_opposite_3/camera_images/1624824329.1826267.jpg
Cat1,10mph,lr,opposite,3,1624824329.21596,/media/batool/MULTIMODAL_DATA/Multimodal_Data/Cat1/opposite/bag_files/Cat1_10mph_lr_opposite_3/camera_images/1624824329.21596.jpg
Cat1,10mph,lr,opposite,3,1624824329.2492933,/media/batool/MULTIMODAL_DATA/Multimodal_Data/Cat1/opposite/bag_files/Cat1_10mph_lr_opposite_3/camera_images/1624824329.2492933.jpg
Cat1,10mph,lr,opposite,3,1624824329.2826266,/media/batool/MULTIMODAL_DATA/Multimodal_Data/Cat1/opposite/bag_files/Cat1_10mph_lr_opposite_3/camera_images/1624824329.2826266.jpg
Cat1,10mph,lr,opposite,3,1624824329.31596,/media/batool/MULTIMODAL_DATA/Multimodal_Data/Cat1/opposite/bag_files/Cat1_10mph_lr_opposite_3/camera_images/1624824329.31596.jpg
Cat1,10mph,lr,opposite,3,1624824329.3492932,/media/batool/MULTIMODAL_DATA/Multimodal_Data/Cat1/opposite/bag_files/Cat1_10mph_lr_opposite_3/camera_images/1624824329.3492932.jpg
Cat1,10mph,lr,opposite,3,1624824329.3826265,/media/batool/MULTIMODAL_DATA/Multimodal_Data/Cat1/opposite/bag_files/Cat1_10mph_lr_opposite_3/camera_images/1624824329.3826265.jpg
Cat1,10mph,lr,opposite,3,1624824329.4492931,/media/batool/MULTIMODAL_DATA/Multimodal_Data/Cat1/opposite/bag_files/Cat1_10mph_lr_opposite_3/camera_images/1624824329.4492931.jpg
Cat1,10mph,lr,opposite,3,1624824329.4826264,/media/batool/MULTIMODAL_DATA/Multimodal_Data/Cat1/opposite/bag_files/Cat1_10mph_lr_opposite_3/camera_images/1624824329.4826264.jpg
Cat1,10mph,lr,opposite,3,1624824329.5159597,/media/batool/MULTIMODAL_DATA/Multimodal_Data/Cat1/opposite/bag_files/Cat1_10mph_lr_opposite_3/camera_images/1624824329.5159597.jpg
Cat1,10mph,lr,opposite,3,1624824329.549293,/media/batool/MULTIMODAL_DATA/Multimodal_Data/Cat1/opposite/bag_files/Cat1_10mph_lr_opposite_3/camera_images/1624824329.549293.jpg
Cat1,10mph,lr,opposite,3,1624824329.5826263,/media/batool/MULTIMODAL_DATA/Multimodal_Data/Cat1/opposite/bag_files/Cat1_10mph_lr_opposite_3/camera_images/1624824329.5826263.jpg
Cat1,10mph,lr,opposite,3,1624824329.6159596,/media/batool/MULTIMODAL_DATA/Multimodal_Data/Cat1/opposite/bag_files/Cat1_10mph_lr_opposite_3/camera_images/1624824329.6159596.jpg
Cat1,10mph,lr,opposite,3,1624824329.649293,/media/batool/MULTIMODAL_DATA/Multimodal_Data/Cat1/opposite/bag_files/Cat1_10mph_lr_opposite_3/camera_images/1624824329.649293.jpg
Cat1,10mph,lr,opposite,3,1624824329.6826262,/media/batool/MULTIMODAL_DATA/Multimodal_Data/Cat1/opposite/bag_files/Cat1_10mph_lr_opposite_3/camera_images/1624824329.6826262.jpg
Cat1,10mph,lr,opposite,3,1624824329.7159595,/media/batool/MULTIMODAL_DATA/Multimodal_Data/Cat1/opposite/bag_files/Cat1_10mph_lr_opposite_3/camera_images/1624824329.7159595.jpg
Cat1,10mph,lr,opposite,3,1624824329.7492929,/media/batool/MULTIMODAL_DATA/Multimodal_Data/Cat1/opposite/bag_files/Cat1_10mph_lr_opposite_3/camera_images/1624824329.7492929.jpg
Cat1,10mph,lr,opposite,3,1624824329.7826262,/media/batool/MULTIMODAL_DATA/Multimodal_Data/Cat1/opposite/bag_files/Cat1_10mph_lr_opposite_3/camera_images/1624824329.7826262.jpg
Cat1,10mph,lr,opposite,3,1624824329.8159595,/media/batool/MULTIMODAL_DATA/Multimodal_Data/Cat1/opposite/bag_files/Cat1_10mph_lr_opposite_3/camera_images/1624824329.8159595.jpg
Cat1,10mph,lr,opposite,3,1624824329.8492928,/media/batool/MULTIMODAL_DATA/Multimodal_Data/Cat1/opposite/bag_files/Cat1_10mph_lr_opposite_3/camera_images/1624824329.8492928.jpg
Cat1,10mph,lr,opposite,3,1624824329.882626,/media/batool/MULTIMODAL_DATA/Multimodal_Data/Cat1/opposite/bag_files/Cat1_10mph_lr_opposite_3/camera_images/1624824329.882626.jpg
Cat1,10mph,lr,opposite,3,1624824329.9159594,/media/batool/MULTIMODAL_DATA/Multimodal_Data/Cat1/opposite/bag_files/Cat1_10mph_lr_opposite_3/camera_images/1624824329.9159594.jpg
Cat1,10mph,lr,opposite,3,1624824329.982626,/media/batool/MULTIMODAL_DATA/Multimodal_Data/Cat1/opposite/bag_files/Cat1_10mph_lr_opposite_3/camera_images/1624824329.982626.jpg
Cat1,10mph,lr,opposite,3,1624824330.0159593,/media/batool/MULTIMODAL_DATA/Multimodal_Data/Cat1/opposite/bag_files/Cat1_10mph_lr_opposite_3/camera_images/1624824330.0159593.jpg
Cat1,10mph,lr,opposite,3,1624824330.0492926,/media/batool/MULTIMODAL_DATA/Multimodal_Data/Cat1/opposite/bag_files/Cat1_10mph_lr_opposite_3/camera_images/1624824330.0492926.jpg
Cat1,10mph,lr,opposite,3,1624824330.0826259,/media/batool/MULTIMODAL_DATA/Multimodal_Data/Cat1/opposite/bag_files/Cat1_10mph_lr_opposite_3/camera_images/1624824330.0826259.jpg
Cat1,10mph,lr,opposite,3,1624824330.1159592,/media/batool/MULTIMODAL_DATA/Multimodal_Data/Cat1/opposite/bag_files/Cat1_10mph_lr_opposite_3/camera_images/1624824330.1159592.jpg
Cat1,10mph,lr,opposite,3,1624824330.1492925,/media/batool/MULTIMODAL_DATA/Multimodal_Data/Cat1/opposite/bag_files/Cat1_10mph_lr_opposite_3/camera_images/1624824330.1492925.jpg
Cat1,10mph,lr,opposite,3,1624824330.1826258,/media/batool/MULTIMODAL_DATA/Multimodal_Data/Cat1/opposite/bag_files/Cat1_10mph_lr_opposite_3/camera_images/1624824330.1826258.jpg
Cat1,10mph,lr,opposite,3,1624824330.215959,/media/batool/MULTIMODAL_DATA/Multimodal_Data/Cat1/opposite/bag_files/Cat1_10mph_lr_opposite_3/camera_images/1624824330.215959.jpg
Cat1,10mph,lr,opposite,3,1624824330.2492924,/media/batool/MULTIMODAL_DATA/Multimodal_Data/Cat1/opposite/bag_files/Cat1_10mph_lr_opposite_3/camera_images/1624824330.2492924.jpg
Cat1,10mph,lr,opposite,3,1624824330.2826257,/media/batool/MULTIMODAL_DATA/Multimodal_Data/Cat1/opposite/bag_files/Cat1_10mph_lr_opposite_3/camera_images/1624824330.2826257.jpg
Cat1,10mph,lr,opposite,3,1624824330.315959,/media/batool/MULTIMODAL_DATA/Multimodal_Data/Cat1/opposite/bag_files/Cat1_10mph_lr_opposite_3/camera_images/1624824330.315959.jpg
Cat1,10mph,lr,opposite,3,1624824330.3492923,/media/batool/MULTIMODAL_DATA/Multimodal_Data/Cat1/opposite/bag_files/Cat1_10mph_lr_opposite_3/camera_images/1624824330.3492923.jpg
Cat1,10mph,lr,opposite,3,1624824330.3826256,/media/batool/MULTIMODAL_DATA/Multimodal_Data/Cat1/opposite/bag_files/Cat1_10mph_lr_opposite_3/camera_images/1624824330.3826256.jpg
Cat1,10mph,lr,opposite,3,1624824330.415959,/media/batool/MULTIMODAL_DATA/Multimodal_Data/Cat1/opposite/bag_files/Cat1_10mph_lr_opposite_3/camera_images/1624824330.415959.jpg
Cat1,10mph,lr,opposite,3,1624824330.4492922,/media/batool/MULTIMODAL_DATA/Multimodal_Data/Cat1/opposite/bag_files/Cat1_10mph_lr_opposite_3/camera_images/1624824330.4492922.jpg
Cat1,10mph,lr,opposite,3,1624824330.5159588,/media/batool/MULTIMODAL_DATA/Multimodal_Data/Cat1/opposite/bag_files/Cat1_10mph_lr_opposite_3/camera_images/1624824330.5159588.jpg
Cat1,10mph,lr,opposite,3,1624824330.549292,/media/batool/MULTIMODAL_DATA/Multimodal_Data/Cat1/opposite/bag_files/Cat1_10mph_lr_opposite_3/camera_images/1624824330.549292.jpg
Cat1,10mph,lr,opposite,3,1624824330.5826254,/media/batool/MULTIMODAL_DATA/Multimodal_Data/Cat1/opposite/bag_files/Cat1_10mph_lr_opposite_3/camera_images/1624824330.5826254.jpg
Cat1,10mph,lr,opposite,3,1624824330.6159587,/media/batool/MULTIMODAL_DATA/Multimodal_Data/Cat1/opposite/bag_files/Cat1_10mph_lr_opposite_3/camera_images/1624824330.6159587.jpg
Cat1,10mph,lr,opposite,3,1624824330.649292,/media/batool/MULTIMODAL_DATA/Multimodal_Data/Cat1/opposite/bag_files/Cat1_10mph_lr_opposite_3/camera_images/1624824330.649292.jpg
Cat1,10mph,lr,opposite,3,1624824330.6826253,/media/batool/MULTIMODAL_DATA/Multimodal_Data/Cat1/opposite/bag_files/Cat1_10mph_lr_opposite_3/camera_images/1624824330.6826253.jpg
Cat1,10mph,lr,opposite,3,1624824330.7159586,/media/batool/MULTIMODAL_DATA/Multimodal_Data/Cat1/opposite/bag_files/Cat1_10mph_lr_opposite_3/camera_images/1624824330.7159586.jpg
Cat1,10mph,lr,opposite,3,1624824330.749292,/media/batool/MULTIMODAL_DATA/Multimodal_Data/Cat1/opposite/bag_files/Cat1_10mph_lr_opposite_3/camera_images/1624824330.749292.jpg
Cat1,10mph,lr,opposite,3,1624824330.7826252,/media/batool/MULTIMODAL_DATA/Multimodal_Data/Cat1/opposite/bag_files/Cat1_10mph_lr_opposite_3/camera_images/1624824330.7826252.jpg
Cat1,10mph,lr,opposite,3,1624824330.8159585,/media/batool/MULTIMODAL_DATA/Multimodal_Data/Cat1/opposite/bag_files/Cat1_10mph_lr_opposite_3/camera_images/1624824330.8159585.jpg
Cat1,10mph,lr,opposite,3,1624824330.8492918,/media/batool/MULTIMODAL_DATA/Multimodal_Data/Cat1/opposite/bag_files/Cat1_10mph_lr_opposite_3/camera_images/1624824330.8492918.jpg
Cat1,10mph,lr,opposite,3,1624824330.882625,/media/batool/MULTIMODAL_DATA/Multimodal_Data/Cat1/opposite/bag_files/Cat1_10mph_lr_opposite_3/camera_images/1624824330.882625.jpg
Cat1,10mph,lr,opposite,3,1624824330.9159584,/media/batool/MULTIMODAL_DATA/Multimodal_Data/Cat1/opposite/bag_files/Cat1_10mph_lr_opposite_3/camera_images/1624824330.9159584.jpg
Cat1,10mph,lr,opposite,3,1624824330.9492917,/media/batool/MULTIMODAL_DATA/Multimodal_Data/Cat1/opposite/bag_files/Cat1_10mph_lr_opposite_3/camera_images/1624824330.9492917.jpg
Cat1,10mph,lr,opposite,3,1624824330.982625,/media/batool/MULTIMODAL_DATA/Multimodal_Data/Cat1/opposite/bag_files/Cat1_10mph_lr_opposite_3/camera_images/1624824330.982625.jpg
Cat1,10mph,lr,opposite,3,1624824331.0492916,/media/batool/MULTIMODAL_DATA/Multimodal_Data/Cat1/opposite/bag_files/Cat1_10mph_lr_opposite_3/camera_images/1624824331.0492916.jpg
Cat1,10mph,lr,opposite,3,1624824331.082625,/media/batool/MULTIMODAL_DATA/Multimodal_Data/Cat1/opposite/bag_files/Cat1_10mph_lr_opposite_3/camera_images/1624824331.082625.jpg
Cat1,10mph,lr,opposite,3,1624824331.1159582,/media/batool/MULTIMODAL_DATA/Multimodal_Data/Cat1/opposite/bag_files/Cat1_10mph_lr_opposite_3/camera_images/1624824331.1159582.jpg
Cat1,10mph,lr,opposite,3,1624824331.1492915,/media/batool/MULTIMODAL_DATA/Multimodal_Data/Cat1/opposite/bag_files/Cat1_10mph_lr_opposite_3/camera_images/1624824331.1492915.jpg
Cat1,10mph,lr,opposite,3,1624824331.1826248,/media/batool/MULTIMODAL_DATA/Multimodal_Data/Cat1/opposite/bag_files/Cat1_10mph_lr_opposite_3/camera_images/1624824331.1826248.jpg
Cat1,10mph,lr,opposite,3,1624824331.215958,/media/batool/MULTIMODAL_DATA/Multimodal_Data/Cat1/opposite/bag_files/Cat1_10mph_lr_opposite_3/camera_images/1624824331.215958.jpg
Cat1,10mph,lr,opposite,3,1624824331.2492914,/media/batool/MULTIMODAL_DATA/Multimodal_Data/Cat1/opposite/bag_files/Cat1_10mph_lr_opposite_3/camera_images/1624824331.2492914.jpg
Cat1,10mph,lr,opposite,3,1624824331.2826247,/media/batool/MULTIMODAL_DATA/Multimodal_Data/Cat1/opposite/bag_files/Cat1_10mph_lr_opposite_3/camera_images/1624824331.2826247.jpg
Cat1,10mph,lr,opposite,3,1624824331.315958,/media/batool/MULTIMODAL_DATA/Multimodal_Data/Cat1/opposite/bag_files/Cat1_10mph_lr_opposite_3/camera_images/1624824331.315958.jpg
Cat1,10mph,lr,opposite,3,1624824331.3492913,/media/batool/MULTIMODAL_DATA/Multimodal_Data/Cat1/opposite/bag_files/Cat1_10mph_lr_opposite_3/camera_images/1624824331.3492913.jpg
Cat1,10mph,lr,opposite,3,1624824331.3826246,/media/batool/MULTIMODAL_DATA/Multimodal_Data/Cat1/opposite/bag_files/Cat1_10mph_lr_opposite_3/camera_images/1624824331.3826246.jpg
Cat1,10mph,lr,opposite,3,1624824331.415958,/media/batool/MULTIMODAL_DATA/Multimodal_Data/Cat1/opposite/bag_files/Cat1_10mph_lr_opposite_3/camera_images/1624824331.415958.jpg
Cat1,10mph,lr,opposite,3,1624824331.4492912,/media/batool/MULTIMODAL_DATA/Multimodal_Data/Cat1/opposite/bag_files/Cat1_10mph_lr_opposite_3/camera_images/1624824331.4492912.jpg
Cat1,10mph,lr,opposite,3,1624824331.4826245,/media/batool/MULTIMODAL_DATA/Multimodal_Data/Cat1/opposite/bag_files/Cat1_10mph_lr_opposite_3/camera_images/1624824331.4826245.jpg
Cat1,10mph,lr,opposite,3,1624824331.5159578,/media/batool/MULTIMODAL_DATA/Multimodal_Data/Cat1/opposite/bag_files/Cat1_10mph_lr_opposite_3/camera_images/1624824331.5159578.jpg
Cat1,10mph,lr,opposite,3,1624824331.5826244,/media/batool/MULTIMODAL_DATA/Multimodal_Data/Cat1/opposite/bag_files/Cat1_10mph_lr_opposite_3/camera_images/1624824331.5826244.jpg
Cat1,10mph,lr,opposite,3,1624824331.6159577,/media/batool/MULTIMODAL_DATA/Multimodal_Data/Cat1/opposite/bag_files/Cat1_10mph_lr_opposite_3/camera_images/1624824331.6159577.jpg
Cat1,10mph,lr,opposite,3,1624824331.649291,/media/batool/MULTIMODAL_DATA/Multimodal_Data/Cat1/opposite/bag_files/Cat1_10mph_lr_opposite_3/camera_images/1624824331.649291.jpg
Cat1,10mph,lr,opposite,3,1624824331.6826243,/media/batool/MULTIMODAL_DATA/Multimodal_Data/Cat1/opposite/bag_files/Cat1_10mph_lr_opposite_3/camera_images/1624824331.6826243.jpg
Cat1,10mph,lr,opposite,3,1624824331.7159576,/media/batool/MULTIMODAL_DATA/Multimodal_Data/Cat1/opposite/bag_files/Cat1_10mph_lr_opposite_3/camera_images/1624824331.7159576.jpg
Cat1,10mph,lr,opposite,3,1624824331.749291,/media/batool/MULTIMODAL_DATA/Multimodal_Data/Cat1/opposite/bag_files/Cat1_10mph_lr_opposite_3/camera_images/1624824331.749291.jpg
Cat1,10mph,lr,opposite,3,1624824331.7826242,/media/batool/MULTIMODAL_DATA/Multimodal_Data/Cat1/opposite/bag_files/Cat1_10mph_lr_opposite_3/camera_images/1624824331.7826242.jpg
Cat1,10mph,lr,opposite,3,1624824331.8159575,/media/batool/MULTIMODAL_DATA/Multimodal_Data/Cat1/opposite/bag_files/Cat1_10mph_lr_opposite_3/camera_images/1624824331.8159575.jpg
Cat1,10mph,lr,opposite,3,1624824331.8492908,/media/batool/MULTIMODAL_DATA/Multimodal_Data/Cat1/opposite/bag_files/Cat1_10mph_lr_opposite_3/camera_images/1624824331.8492908.jpg
Cat1,10mph,lr,opposite,3,1624824331.8826241,/media/batool/MULTIMODAL_DATA/Multimodal_Data/Cat1/opposite/bag_files/Cat1_10mph_lr_opposite_3/camera_images/1624824331.8826241.jpg
Cat1,10mph,lr,opposite,3,1624824331.9159575,/media/batool/MULTIMODAL_DATA/Multimodal_Data/Cat1/opposite/bag_files/Cat1_10mph_lr_opposite_3/camera_images/1624824331.9159575.jpg
Cat1,10mph,lr,opposite,3,1624824331.9492908,/media/batool/MULTIMODAL_DATA/Multimodal_Data/Cat1/opposite/bag_files/Cat1_10mph_lr_opposite_3/camera_images/1624824331.9492908.jpg
Cat1,10mph,lr,opposite,3,1624824331.982624,/media/batool/MULTIMODAL_DATA/Multimodal_Data/Cat1/opposite/bag_files/Cat1_10mph_lr_opposite_3/camera_images/1624824331.982624.jpg
Cat1,10mph,lr,opposite,3,1624824332.0159574,/media/batool/MULTIMODAL_DATA/Multimodal_Data/Cat1/opposite/bag_files/Cat1_10mph_lr_opposite_3/camera_images/1624824332.0159574.jpg
Cat1,10mph,lr,opposite,3,1624824332.0492907,/media/batool/MULTIMODAL_DATA/Multimodal_Data/Cat1/opposite/bag_files/Cat1_10mph_lr_opposite_3/camera_images/1624824332.0492907.jpg
Cat1,10mph,lr,opposite,3,1624824332.1159573,/media/batool/MULTIMODAL_DATA/Multimodal_Data/Cat1/opposite/bag_files/Cat1_10mph_lr_opposite_3/camera_images/1624824332.1159573.jpg
Cat1,10mph,lr,opposite,3,1624824332.1492906,/media/batool/MULTIMODAL_DATA/Multimodal_Data/Cat1/opposite/bag_files/Cat1_10mph_lr_opposite_3/camera_images/1624824332.1492906.jpg
Cat1,10mph,lr,opposite,3,1624824332.1826239,/media/batool/MULTIMODAL_DATA/Multimodal_Data/Cat1/opposite/bag_files/Cat1_10mph_lr_opposite_3/camera_images/1624824332.1826239.jpg
Cat1,10mph,lr,opposite,3,1624824332.2159572,/media/batool/MULTIMODAL_DATA/Multimodal_Data/Cat1/opposite/bag_files/Cat1_10mph_lr_opposite_3/camera_images/1624824332.2159572.jpg
Cat1,10mph,lr,opposite,3,1624824332.2492905,/media/batool/MULTIMODAL_DATA/Multimodal_Data/Cat1/opposite/bag_files/Cat1_10mph_lr_opposite_3/camera_images/1624824332.2492905.jpg
Cat1,10mph,lr,opposite,3,1624824332.2826238,/media/batool/MULTIMODAL_DATA/Multimodal_Data/Cat1/opposite/bag_files/Cat1_10mph_lr_opposite_3/camera_images/1624824332.2826238.jpg
Cat1,10mph,lr,opposite,3,1624824332.315957,/media/batool/MULTIMODAL_DATA/Multimodal_Data/Cat1/opposite/bag_files/Cat1_10mph_lr_opposite_3/camera_images/1624824332.315957.jpg
Cat1,10mph,lr,opposite,3,1624824332.3492904,/media/batool/MULTIMODAL_DATA/Multimodal_Data/Cat1/opposite/bag_files/Cat1_10mph_lr_opposite_3/camera_images/1624824332.3492904.jpg
Cat1,10mph,lr,opposite,3,1624824332.3826237,/media/batool/MULTIMODAL_DATA/Multimodal_Data/Cat1/opposite/bag_files/Cat1_10mph_lr_opposite_3/camera_images/1624824332.3826237.jpg
Cat1,10mph,lr,opposite,3,1624824332.415957,/media/batool/MULTIMODAL_DATA/Multimodal_Data/Cat1/opposite/bag_files/Cat1_10mph_lr_opposite_3/camera_images/1624824332.415957.jpg
Cat1,10mph,lr,opposite,3,1624824332.4492903,/media/batool/MULTIMODAL_DATA/Multimodal_Data/Cat1/opposite/bag_files/Cat1_10mph_lr_opposite_3/camera_images/1624824332.4492903.jpg
Cat1,10mph,lr,opposite,3,1624824332.4826236,/media/batool/MULTIMODAL_DATA/Multimodal_Data/Cat1/opposite/bag_files/Cat1_10mph_lr_opposite_3/camera_images/1624824332.4826236.jpg
Cat1,10mph,lr,opposite,3,1624824332.5159569,/media/batool/MULTIMODAL_DATA/Multimodal_Data/Cat1/opposite/bag_files/Cat1_10mph_lr_opposite_3/camera_images/1624824332.5159569.jpg
Cat1,10mph,lr,opposite,3,1624824332.5492902,/media/batool/MULTIMODAL_DATA/Multimodal_Data/Cat1/opposite/bag_files/Cat1_10mph_lr_opposite_3/camera_images/1624824332.5492902.jpg
Cat1,10mph,lr,opposite,3,1624824332.5826235,/media/batool/MULTIMODAL_DATA/Multimodal_Data/Cat1/opposite/bag_files/Cat1_10mph_lr_opposite_3/camera_images/1624824332.5826235.jpg
Cat1,10mph,lr,opposite,3,1624824332.64929,/media/batool/MULTIMODAL_DATA/Multimodal_Data/Cat1/opposite/bag_files/Cat1_10mph_lr_opposite_3/camera_images/1624824332.64929.jpg
Cat1,10mph,lr,opposite,3,1624824332.6826234,/media/batool/MULTIMODAL_DATA/Multimodal_Data/Cat1/opposite/bag_files/Cat1_10mph_lr_opposite_3/camera_images/1624824332.6826234.jpg
Cat1,10mph,lr,opposite,3,1624824332.7159567,/media/batool/MULTIMODAL_DATA/Multimodal_Data/Cat1/opposite/bag_files/Cat1_10mph_lr_opposite_3/camera_images/1624824332.7159567.jpg
Cat1,10mph,lr,opposite,3,1624824332.74929,/media/batool/MULTIMODAL_DATA/Multimodal_Data/Cat1/opposite/bag_files/Cat1_10mph_lr_opposite_3/camera_images/1624824332.74929.jpg
Cat1,10mph,lr,opposite,3,1624824332.7826233,/media/batool/MULTIMODAL_DATA/Multimodal_Data/Cat1/opposite/bag_files/Cat1_10mph_lr_opposite_3/camera_images/1624824332.7826233.jpg
Cat1,10mph,lr,opposite,3,1624824332.8159566,/media/batool/MULTIMODAL_DATA/Multimodal_Data/Cat1/opposite/bag_files/Cat1_10mph_lr_opposite_3/camera_images/1624824332.8159566.jpg
Cat1,10mph,lr,opposite,3,1624824332.84929,/media/batool/MULTIMODAL_DATA/Multimodal_Data/Cat1/opposite/bag_files/Cat1_10mph_lr_opposite_3/camera_images/1624824332.84929.jpg
Cat1,10mph,lr,opposite,3,1624824332.8826232,/media/batool/MULTIMODAL_DATA/Multimodal_Data/Cat1/opposite/bag_files/Cat1_10mph_lr_opposite_3/camera_images/1624824332.8826232.jpg
Cat1,10mph,lr,opposite,3,1624824332.9159565,/media/batool/MULTIMODAL_DATA/Multimodal_Data/Cat1/opposite/bag_files/Cat1_10mph_lr_opposite_3/camera_images/1624824332.9159565.jpg
Cat1,10mph,lr,opposite,3,1624824332.9492898,/media/batool/MULTIMODAL_DATA/Multimodal_Data/Cat1/opposite/bag_files/Cat1_10mph_lr_opposite_3/camera_images/1624824332.9492898.jpg
Cat1,10mph,lr,opposite,3,1624824332.982623,/media/batool/MULTIMODAL_DATA/Multimodal_Data/Cat1/opposite/bag_files/Cat1_10mph_lr_opposite_3/camera_images/1624824332.982623.jpg
Cat1,10mph,lr,opposite,3,1624824333.0159564,/media/batool/MULTIMODAL_DATA/Multimodal_Data/Cat1/opposite/bag_files/Cat1_10mph_lr_opposite_3/camera_images/1624824333.0159564.jpg
Cat1,10mph,lr,opposite,3,1624824333.0492897,/media/batool/MULTIMODAL_DATA/Multimodal_Data/Cat1/opposite/bag_files/Cat1_10mph_lr_opposite_3/camera_images/1624824333.0492897.jpg
Cat1,10mph,lr,opposite,3,1624824333.082623,/media/batool/MULTIMODAL_DATA/Multimodal_Data/Cat1/opposite/bag_files/Cat1_10mph_lr_opposite_3/camera_images/1624824333.082623.jpg
Cat1,10mph,lr,opposite,3,1624824333.1159563,/media/batool/MULTIMODAL_DATA/Multimodal_Data/Cat1/opposite/bag_files/Cat1_10mph_lr_opposite_3/camera_images/1624824333.1159563.jpg
Cat1,10mph,lr,opposite,3,1624824333.182623,/media/batool/MULTIMODAL_DATA/Multimodal_Data/Cat1/opposite/bag_files/Cat1_10mph_lr_opposite_3/camera_images/1624824333.182623.jpg
Cat1,10mph,lr,opposite,3,1624824333.2159562,/media/batool/MULTIMODAL_DATA/Multimodal_Data/Cat1/opposite/bag_files/Cat1_10mph_lr_opposite_3/camera_images/1624824333.2159562.jpg
Cat1,10mph,lr,opposite,3,1624824333.2492895,/media/batool/MULTIMODAL_DATA/Multimodal_Data/Cat1/opposite/bag_files/Cat1_10mph_lr_opposite_3/camera_images/1624824333.2492895.jpg
Cat1,10mph,lr,opposite,3,1624824333.2826228,/media/batool/MULTIMODAL_DATA/Multimodal_Data/Cat1/opposite/bag_files/Cat1_10mph_lr_opposite_3/camera_images/1624824333.2826228.jpg
Cat1,10mph,lr,opposite,3,1624824333.315956,/media/batool/MULTIMODAL_DATA/Multimodal_Data/Cat1/opposite/bag_files/Cat1_10mph_lr_opposite_3/camera_images/1624824333.315956.jpg
Cat1,10mph,lr,opposite,3,1624824333.3492894,/media/batool/MULTIMODAL_DATA/Multimodal_Data/Cat1/opposite/bag_files/Cat1_10mph_lr_opposite_3/camera_images/1624824333.3492894.jpg
Cat1,10mph,lr,opposite,3,1624824333.3826227,/media/batool/MULTIMODAL_DATA/Multimodal_Data/Cat1/opposite/bag_files/Cat1_10mph_lr_opposite_3/camera_images/1624824333.3826227.jpg
Cat1,10mph,lr,opposite,3,1624824333.415956,/media/batool/MULTIMODAL_DATA/Multimodal_Data/Cat1/opposite/bag_files/Cat1_10mph_lr_opposite_3/camera_images/1624824333.415956.jpg
Cat1,10mph,lr,opposite,3,1624824333.4492893,/media/batool/MULTIMODAL_DATA/Multimodal_Data/Cat1/opposite/bag_files/Cat1_10mph_lr_opposite_3/camera_images/1624824333.4492893.jpg
Cat1,10mph,lr,opposite,3,1624824333.4826226,/media/batool/MULTIMODAL_DATA/Multimodal_Data/Cat1/opposite/bag_files/Cat1_10mph_lr_opposite_3/camera_images/1624824333.4826226.jpg
Cat1,10mph,lr,opposite,3,1624824333.515956,/media/batool/MULTIMODAL_DATA/Multimodal_Data/Cat1/opposite/bag_files/Cat1_10mph_lr_opposite_3/camera_images/1624824333.515956.jpg
Cat1,10mph,lr,opposite,3,1624824333.5492892,/media/batool/MULTIMODAL_DATA/Multimodal_Data/Cat1/opposite/bag_files/Cat1_10mph_lr_opposite_3/camera_images/1624824333.5492892.jpg
Cat1,10mph,lr,opposite,3,1624824333.5826225,/media/batool/MULTIMODAL_DATA/Multimodal_Data/Cat1/opposite/bag_files/Cat1_10mph_lr_opposite_3/camera_images/1624824333.5826225.jpg
Cat1,10mph,lr,opposite,3,1624824333.6159558,/media/batool/MULTIMODAL_DATA/Multimodal_Data/Cat1/opposite/bag_files/Cat1_10mph_lr_opposite_3/camera_images/1624824333.6159558.jpg
Cat1,10mph,lr,opposite,3,1624824333.6492891,/media/batool/MULTIMODAL_DATA/Multimodal_Data/Cat1/opposite/bag_files/Cat1_10mph_lr_opposite_3/camera_images/1624824333.6492891.jpg
Cat1,10mph,lr,opposite,3,1624824333.7159557,/media/batool/MULTIMODAL_DATA/Multimodal_Data/Cat1/opposite/bag_files/Cat1_10mph_lr_opposite_3/camera_images/1624824333.7159557.jpg
Cat1,10mph,lr,opposite,3,1624824333.749289,/media/batool/MULTIMODAL_DATA/Multimodal_Data/Cat1/opposite/bag_files/Cat1_10mph_lr_opposite_3/camera_images/1624824333.749289.jpg
Cat1,10mph,lr,opposite,3,1624824333.7826223,/media/batool/MULTIMODAL_DATA/Multimodal_Data/Cat1/opposite/bag_files/Cat1_10mph_lr_opposite_3/camera_images/1624824333.7826223.jpg
Cat1,10mph,lr,opposite,3,1624824333.8159556,/media/batool/MULTIMODAL_DATA/Multimodal_Data/Cat1/opposite/bag_files/Cat1_10mph_lr_opposite_3/camera_images/1624824333.8159556.jpg
Cat1,10mph,lr,opposite,3,1624824333.849289,/media/batool/MULTIMODAL_DATA/Multimodal_Data/Cat1/opposite/bag_files/Cat1_10mph_lr_opposite_3/camera_images/1624824333.849289.jpg
Cat1,10mph,lr,opposite,3,1624824333.8826222,/media/batool/MULTIMODAL_DATA/Multimodal_Data/Cat1/opposite/bag_files/Cat1_10mph_lr_opposite_3/camera_images/1624824333.8826222.jpg
Cat1,10mph,lr,opposite,3,1624824333.9159555,/media/batool/MULTIMODAL_DATA/Multimodal_Data/Cat1/opposite/bag_files/Cat1_10mph_lr_opposite_3/camera_images/1624824333.9159555.jpg
Cat1,10mph,lr,opposite,3,1624824333.9492888,/media/batool/MULTIMODAL_DATA/Multimodal_Data/Cat1/opposite/bag_files/Cat1_10mph_lr_opposite_3/camera_images/1624824333.9492888.jpg
Cat1,10mph,lr,opposite,3,1624824333.9826221,/media/batool/MULTIMODAL_DATA/Multimodal_Data/Cat1/opposite/bag_files/Cat1_10mph_lr_opposite_3/camera_images/1624824333.9826221.jpg
Cat1,10mph,lr,opposite,3,1624824334.0159554,/media/batool/MULTIMODAL_DATA/Multimodal_Data/Cat1/opposite/bag_files/Cat1_10mph_lr_opposite_3/camera_images/1624824334.0159554.jpg
Cat1,10mph,lr,opposite,3,1624824334.0492887,/media/batool/MULTIMODAL_DATA/Multimodal_Data/Cat1/opposite/bag_files/Cat1_10mph_lr_opposite_3/camera_images/1624824334.0492887.jpg
Cat1,10mph,lr,opposite,3,1624824334.082622,/media/batool/MULTIMODAL_DATA/Multimodal_Data/Cat1/opposite/bag_files/Cat1_10mph_lr_opposite_3/camera_images/1624824334.082622.jpg
Cat1,10mph,lr,opposite,3,1624824334.1159554,/media/batool/MULTIMODAL_DATA/Multimodal_Data/Cat1/opposite/bag_files/Cat1_10mph_lr_opposite_3/camera_images/1624824334.1159554.jpg
Cat1,10mph,lr,opposite,3,1624824334.1492887,/media/batool/MULTIMODAL_DATA/Multimodal_Data/Cat1/opposite/bag_files/Cat1_10mph_lr_opposite_3/camera_images/1624824334.1492887.jpg
Cat1,10mph,lr,opposite,3,1624824334.182622,/media/batool/MULTIMODAL_DATA/Multimodal_Data/Cat1/opposite/bag_files/Cat1_10mph_lr_opposite_3/camera_images/1624824334.182622.jpg
Cat1,10mph,lr,opposite,3,1624824334.2492886,/media/batool/MULTIMODAL_DATA/Multimodal_Data/Cat1/opposite/bag_files/Cat1_10mph_lr_opposite_3/camera_images/1624824334.2492886.jpg
Cat1,10mph,lr,opposite,3,1624824334.2826219,/media/batool/MULTIMODAL_DATA/Multimodal_Data/Cat1/opposite/bag_files/Cat1_10mph_lr_opposite_3/camera_images/1624824334.2826219.jpg
Cat1,10mph,lr,opposite,3,1624824334.3159552,/media/batool/MULTIMODAL_DATA/Multimodal_Data/Cat1/opposite/bag_files/Cat1_10mph_lr_opposite_3/camera_images/1624824334.3159552.jpg
Cat1,10mph,lr,opposite,3,1624824334.3492885,/media/batool/MULTIMODAL_DATA/Multimodal_Data/Cat1/opposite/bag_files/Cat1_10mph_lr_opposite_3/camera_images/1624824334.3492885.jpg
Cat1,10mph,lr,opposite,3,1624824334.3826218,/media/batool/MULTIMODAL_DATA/Multimodal_Data/Cat1/opposite/bag_files/Cat1_10mph_lr_opposite_3/camera_images/1624824334.3826218.jpg
Cat1,10mph,lr,opposite,3,1624824334.415955,/media/batool/MULTIMODAL_DATA/Multimodal_Data/Cat1/opposite/bag_files/Cat1_10mph_lr_opposite_3/camera_images/1624824334.415955.jpg
Cat1,10mph,lr,opposite,3,1624824334.4492884,/media/batool/MULTIMODAL_DATA/Multimodal_Data/Cat1/opposite/bag_files/Cat1_10mph_lr_opposite_3/camera_images/1624824334.4492884.jpg
Cat1,10mph,lr,opposite,3,1624824334.4826217,/media/batool/MULTIMODAL_DATA/Multimodal_Data/Cat1/opposite/bag_files/Cat1_10mph_lr_opposite_3/camera_images/1624824334.4826217.jpg
Cat1,10mph,lr,opposite,3,1624824334.515955,/media/batool/MULTIMODAL_DATA/Multimodal_Data/Cat1/opposite/bag_files/Cat1_10mph_lr_opposite_3/camera_images/1624824334.515955.jpg
Cat1,10mph,lr,opposite,3,1624824334.5492883,/media/batool/MULTIMODAL_DATA/Multimodal_Data/Cat1/opposite/bag_files/Cat1_10mph_lr_opposite_3/camera_images/1624824334.5492883.jpg
Cat1,10mph,lr,opposite,3,1624824334.5826216,/media/batool/MULTIMODAL_DATA/Multimodal_Data/Cat1/opposite/bag_files/Cat1_10mph_lr_opposite_3/camera_images/1624824334.5826216.jpg
Cat1,10mph,lr,opposite,3,1624824334.6159549,/media/batool/MULTIMODAL_DATA/Multimodal_Data/Cat1/opposite/bag_files/Cat1_10mph_lr_opposite_3/camera_images/1624824334.6159549.jpg
Cat1,10mph,lr,opposite,3,1624824334.6492882,/media/batool/MULTIMODAL_DATA/Multimodal_Data/Cat1/opposite/bag_files/Cat1_10mph_lr_opposite_3/camera_images/1624824334.6492882.jpg
Cat1,10mph,lr,opposite,3,1624824334.6826215,/media/batool/MULTIMODAL_DATA/Multimodal_Data/Cat1/opposite/bag_files/Cat1_10mph_lr_opposite_3/camera_images/1624824334.6826215.jpg
Cat1,10mph,lr,opposite,3,1624824334.7159548,/media/batool/MULTIMODAL_DATA/Multimodal_Data/Cat1/opposite/bag_files/Cat1_10mph_lr_opposite_3/camera_images/1624824334.7159548.jpg
Cat1,10mph,lr,opposite,3,1624824334.7826214,/media/batool/MULTIMODAL_DATA/Multimodal_Data/Cat1/opposite/bag_files/Cat1_10mph_lr_opposite_3/camera_images/1624824334.7826214.jpg
Cat1,10mph,lr,opposite,3,1624824334.8159547,/media/batool/MULTIMODAL_DATA/Multimodal_Data/Cat1/opposite/bag_files/Cat1_10mph_lr_opposite_3/camera_images/1624824334.8159547.jpg
Cat1,10mph,lr,opposite,3,1624824334.849288,/media/batool/MULTIMODAL_DATA/Multimodal_Data/Cat1/opposite/bag_files/Cat1_10mph_lr_opposite_3/camera_images/1624824334.849288.jpg
Cat1,10mph,lr,opposite,3,1624824334.8826213,/media/batool/MULTIMODAL_DATA/Multimodal_Data/Cat1/opposite/bag_files/Cat1_10mph_lr_opposite_3/camera_images/1624824334.8826213.jpg
Cat1,10mph,lr,opposite,3,1624824334.9159546,/media/batool/MULTIMODAL_DATA/Multimodal_Data/Cat1/opposite/bag_files/Cat1_10mph_lr_opposite_3/camera_images/1624824334.9159546.jpg
Cat1,10mph,lr,opposite,3,1624824334.949288,/media/batool/MULTIMODAL_DATA/Multimodal_Data/Cat1/opposite/bag_files/Cat1_10mph_lr_opposite_3/camera_images/1624824334.949288.jpg
Cat1,10mph,lr,opposite,3,1624824334.9826212,/media/batool/MULTIMODAL_DATA/Multimodal_Data/Cat1/opposite/bag_files/Cat1_10mph_lr_opposite_3/camera_images/1624824334.9826212.jpg
Cat1,10mph,lr,opposite,3,1624824335.0159545,/media/batool/MULTIMODAL_DATA/Multimodal_Data/Cat1/opposite/bag_files/Cat1_10mph_lr_opposite_3/camera_images/1624824335.0159545.jpg
Cat1,10mph,lr,opposite,3,1624824335.0492878,/media/batool/MULTIMODAL_DATA/Multimodal_Data/Cat1/opposite/bag_files/Cat1_10mph_lr_opposite_3/camera_images/1624824335.0492878.jpg
Cat1,10mph,lr,opposite,3,1624824335.082621,/media/batool/MULTIMODAL_DATA/Multimodal_Data/Cat1/opposite/bag_files/Cat1_10mph_lr_opposite_3/camera_images/1624824335.082621.jpg
Cat1,10mph,lr,opposite,3,1624824335.1159544,/media/batool/MULTIMODAL_DATA/Multimodal_Data/Cat1/opposite/bag_files/Cat1_10mph_lr_opposite_3/camera_images/1624824335.1159544.jpg
Cat1,10mph,lr,opposite,3,1624824335.1492877,/media/batool/MULTIMODAL_DATA/Multimodal_Data/Cat1/opposite/bag_files/Cat1_10mph_lr_opposite_3/camera_images/1624824335.1492877.jpg
Cat1,10mph,lr,opposite,3,1624824335.182621,/media/batool/MULTIMODAL_DATA/Multimodal_Data/Cat1/opposite/bag_files/Cat1_10mph_lr_opposite_3/camera_images/1624824335.182621.jpg
Cat1,10mph,lr,opposite,3,1624824335.2159543,/media/batool/MULTIMODAL_DATA/Multimodal_Data/Cat1/opposite/bag_files/Cat1_10mph_lr_opposite_3/camera_images/1624824335.2159543.jpg
Cat1,10mph,lr,opposite,3,1624824335.2492876,/media/batool/MULTIMODAL_DATA/Multimodal_Data/Cat1/opposite/bag_files/Cat1_10mph_lr_opposite_3/camera_images/1624824335.2492876.jpg
Cat1,10mph,lr,opposite,3,1624824335.3159542,/media/batool/MULTIMODAL_DATA/Multimodal_Data/Cat1/opposite/bag_files/Cat1_10mph_lr_opposite_3/camera_images/1624824335.3159542.jpg
Cat1,10mph,lr,opposite,3,1624824335.3492875,/media/batool/MULTIMODAL_DATA/Multimodal_Data/Cat1/opposite/bag_files/Cat1_10mph_lr_opposite_3/camera_images/1624824335.3492875.jpg
Cat1,10mph,lr,opposite,3,1624824335.3826208,/media/batool/MULTIMODAL_DATA/Multimodal_Data/Cat1/opposite/bag_files/Cat1_10mph_lr_opposite_3/camera_images/1624824335.3826208.jpg
Cat1,10mph,lr,opposite,3,1624824335.415954,/media/batool/MULTIMODAL_DATA/Multimodal_Data/Cat1/opposite/bag_files/Cat1_10mph_lr_opposite_3/camera_images/1624824335.415954.jpg
Cat1,10mph,lr,opposite,3,1624824335.4492874,/media/batool/MULTIMODAL_DATA/Multimodal_Data/Cat1/opposite/bag_files/Cat1_10mph_lr_opposite_3/camera_images/1624824335.4492874.jpg
Cat1,10mph,lr,opposite,3,1624824335.4826207,/media/batool/MULTIMODAL_DATA/Multimodal_Data/Cat1/opposite/bag_files/Cat1_10mph_lr_opposite_3/camera_images/1624824335.4826207.jpg
Cat1,10mph,lr,opposite,3,1624824335.515954,/media/batool/MULTIMODAL_DATA/Multimodal_Data/Cat1/opposite/bag_files/Cat1_10mph_lr_opposite_3/camera_images/1624824335.515954.jpg
Cat1,10mph,lr,opposite,3,1624824335.5492873,/media/batool/MULTIMODAL_DATA/Multimodal_Data/Cat1/opposite/bag_files/Cat1_10mph_lr_opposite_3/camera_images/1624824335.5492873.jpg
Cat1,10mph,lr,opposite,3,1624824335.5826206,/media/batool/MULTIMODAL_DATA/Multimodal_Data/Cat1/opposite/bag_files/Cat1_10mph_lr_opposite_3/camera_images/1624824335.5826206.jpg
Cat1,10mph,lr,opposite,3,1624824335.615954,/media/batool/MULTIMODAL_DATA/Multimodal_Data/Cat1/opposite/bag_files/Cat1_10mph_lr_opposite_3/camera_images/1624824335.615954.jpg
Cat1,10mph,lr,opposite,3,1624824335.6492872,/media/batool/MULTIMODAL_DATA/Multimodal_Data/Cat1/opposite/bag_files/Cat1_10mph_lr_opposite_3/camera_images/1624824335.6492872.jpg
Cat1,10mph,lr,opposite,3,1624824335.6826205,/media/batool/MULTIMODAL_DATA/Multimodal_Data/Cat1/opposite/bag_files/Cat1_10mph_lr_opposite_3/camera_images/1624824335.6826205.jpg
Cat1,10mph,lr,opposite,3,1624824335.7159538,/media/batool/MULTIMODAL_DATA/Multimodal_Data/Cat1/opposite/bag_files/Cat1_10mph_lr_opposite_3/camera_images/1624824335.7159538.jpg
Cat1,10mph,lr,opposite,3,1624824335.7492871,/media/batool/MULTIMODAL_DATA/Multimodal_Data/Cat1/opposite/bag_files/Cat1_10mph_lr_opposite_3/camera_images/1624824335.7492871.jpg
Cat1,10mph,lr,opposite,3,1624824335.7826204,/media/batool/MULTIMODAL_DATA/Multimodal_Data/Cat1/opposite/bag_files/Cat1_10mph_lr_opposite_3/camera_images/1624824335.7826204.jpg
Cat1,10mph,lr,opposite,3,1624824335.8159537,/media/batool/MULTIMODAL_DATA/Multimodal_Data/Cat1/opposite/bag_files/Cat1_10mph_lr_opposite_3/camera_images/1624824335.8159537.jpg
Cat1,10mph,lr,opposite,3,1624824335.849287,/media/batool/MULTIMODAL_DATA/Multimodal_Data/Cat1/opposite/bag_files/Cat1_10mph_lr_opposite_3/camera_images/1624824335.849287.jpg
Cat1,10mph,lr,opposite,3,1624824335.8826203,/media/batool/MULTIMODAL_DATA/Multimodal_Data/Cat1/opposite/bag_files/Cat1_10mph_lr_opposite_3/camera_images/1624824335.8826203.jpg
Cat1,10mph,lr,opposite,3,1624824335.9159536,/media/batool/MULTIMODAL_DATA/Multimodal_Data/Cat1/opposite/bag_files/Cat1_10mph_lr_opposite_3/camera_images/1624824335.9159536.jpg
Cat1,10mph,lr,opposite,3,1624824335.949287,/media/batool/MULTIMODAL_DATA/Multimodal_Data/Cat1/opposite/bag_files/Cat1_10mph_lr_opposite_3/camera_images/1624824335.949287.jpg
Cat1,10mph,lr,opposite,3,1624824335.9826202,/media/batool/MULTIMODAL_DATA/Multimodal_Data/Cat1/opposite/bag_files/Cat1_10mph_lr_opposite_3/camera_images/1624824335.9826202.jpg
