Category,speed,direction,lane,episode,Time header,lidar number,path to the file
Cat1,10mph,lr,opposite,3,1624824319.222713000,ns1,/media/batool/MULTIMODAL_DATA/Multimodal_Data/Cat1/opposite/bag_files/Cat1_10mph_lr_opposite_3/lidar_pcd/ns1/velodyne_points/1624824319.222713000.pcd
Cat1,10mph,lr,opposite,3,1624824319.323570000,ns1,/media/batool/MULTIMODAL_DATA/Multimodal_Data/Cat1/opposite/bag_files/Cat1_10mph_lr_opposite_3/lidar_pcd/ns1/velodyne_points/1624824319.323570000.pcd
Cat1,10mph,lr,opposite,3,1624824319.424456000,ns1,/media/batool/MULTIMODAL_DATA/Multimodal_Data/Cat1/opposite/bag_files/Cat1_10mph_lr_opposite_3/lidar_pcd/ns1/velodyne_points/1624824319.424456000.pcd
Cat1,10mph,lr,opposite,3,1624824319.525254000,ns1,/media/batool/MULTIMODAL_DATA/Multimodal_Data/Cat1/opposite/bag_files/Cat1_10mph_lr_opposite_3/lidar_pcd/ns1/velodyne_points/1624824319.525254000.pcd
Cat1,10mph,lr,opposite,3,1624824319.626110000,ns1,/media/batool/MULTIMODAL_DATA/Multimodal_Data/Cat1/opposite/bag_files/Cat1_10mph_lr_opposite_3/lidar_pcd/ns1/velodyne_points/1624824319.626110000.pcd
Cat1,10mph,lr,opposite,3,1624824319.727009000,ns1,/media/batool/MULTIMODAL_DATA/Multimodal_Data/Cat1/opposite/bag_files/Cat1_10mph_lr_opposite_3/lidar_pcd/ns1/velodyne_points/1624824319.727009000.pcd
Cat1,10mph,lr,opposite,3,1624824319.827841000,ns1,/media/batool/MULTIMODAL_DATA/Multimodal_Data/Cat1/opposite/bag_files/Cat1_10mph_lr_opposite_3/lidar_pcd/ns1/velodyne_points/1624824319.827841000.pcd
Cat1,10mph,lr,opposite,3,1624824319.928733000,ns1,/media/batool/MULTIMODAL_DATA/Multimodal_Data/Cat1/opposite/bag_files/Cat1_10mph_lr_opposite_3/lidar_pcd/ns1/velodyne_points/1624824319.928733000.pcd
Cat1,10mph,lr,opposite,3,1624824320.029602000,ns1,/media/batool/MULTIMODAL_DATA/Multimodal_Data/Cat1/opposite/bag_files/Cat1_10mph_lr_opposite_3/lidar_pcd/ns1/velodyne_points/1624824320.029602000.pcd
Cat1,10mph,lr,opposite,3,1624824320.130450000,ns1,/media/batool/MULTIMODAL_DATA/Multimodal_Data/Cat1/opposite/bag_files/Cat1_10mph_lr_opposite_3/lidar_pcd/ns1/velodyne_points/1624824320.130450000.pcd
Cat1,10mph,lr,opposite,3,1624824320.231312000,ns1,/media/batool/MULTIMODAL_DATA/Multimodal_Data/Cat1/opposite/bag_files/Cat1_10mph_lr_opposite_3/lidar_pcd/ns1/velodyne_points/1624824320.231312000.pcd
Cat1,10mph,lr,opposite,3,1624824320.332168000,ns1,/media/batool/MULTIMODAL_DATA/Multimodal_Data/Cat1/opposite/bag_files/Cat1_10mph_lr_opposite_3/lidar_pcd/ns1/velodyne_points/1624824320.332168000.pcd
Cat1,10mph,lr,opposite,3,1624824320.433008000,ns1,/media/batool/MULTIMODAL_DATA/Multimodal_Data/Cat1/opposite/bag_files/Cat1_10mph_lr_opposite_3/lidar_pcd/ns1/velodyne_points/1624824320.433008000.pcd
Cat1,10mph,lr,opposite,3,1624824320.533880000,ns1,/media/batool/MULTIMODAL_DATA/Multimodal_Data/Cat1/opposite/bag_files/Cat1_10mph_lr_opposite_3/lidar_pcd/ns1/velodyne_points/1624824320.533880000.pcd
Cat1,10mph,lr,opposite,3,1624824320.735591000,ns1,/media/batool/MULTIMODAL_DATA/Multimodal_Data/Cat1/opposite/bag_files/Cat1_10mph_lr_opposite_3/lidar_pcd/ns1/velodyne_points/1624824320.735591000.pcd
Cat1,10mph,lr,opposite,3,1624824320.836451000,ns1,/media/batool/MULTIMODAL_DATA/Multimodal_Data/Cat1/opposite/bag_files/Cat1_10mph_lr_opposite_3/lidar_pcd/ns1/velodyne_points/1624824320.836451000.pcd
Cat1,10mph,lr,opposite,3,1624824320.937267000,ns1,/media/batool/MULTIMODAL_DATA/Multimodal_Data/Cat1/opposite/bag_files/Cat1_10mph_lr_opposite_3/lidar_pcd/ns1/velodyne_points/1624824320.937267000.pcd
Cat1,10mph,lr,opposite,3,1624824321.038157000,ns1,/media/batool/MULTIMODAL_DATA/Multimodal_Data/Cat1/opposite/bag_files/Cat1_10mph_lr_opposite_3/lidar_pcd/ns1/velodyne_points/1624824321.038157000.pcd
Cat1,10mph,lr,opposite,3,1624824321.139000000,ns1,/media/batool/MULTIMODAL_DATA/Multimodal_Data/Cat1/opposite/bag_files/Cat1_10mph_lr_opposite_3/lidar_pcd/ns1/velodyne_points/1624824321.139000000.pcd
Cat1,10mph,lr,opposite,3,1624824321.239864000,ns1,/media/batool/MULTIMODAL_DATA/Multimodal_Data/Cat1/opposite/bag_files/Cat1_10mph_lr_opposite_3/lidar_pcd/ns1/velodyne_points/1624824321.239864000.pcd
Cat1,10mph,lr,opposite,3,1624824321.340730000,ns1,/media/batool/MULTIMODAL_DATA/Multimodal_Data/Cat1/opposite/bag_files/Cat1_10mph_lr_opposite_3/lidar_pcd/ns1/velodyne_points/1624824321.340730000.pcd
Cat1,10mph,lr,opposite,3,1624824321.441634000,ns1,/media/batool/MULTIMODAL_DATA/Multimodal_Data/Cat1/opposite/bag_files/Cat1_10mph_lr_opposite_3/lidar_pcd/ns1/velodyne_points/1624824321.441634000.pcd
Cat1,10mph,lr,opposite,3,1624824321.542425000,ns1,/media/batool/MULTIMODAL_DATA/Multimodal_Data/Cat1/opposite/bag_files/Cat1_10mph_lr_opposite_3/lidar_pcd/ns1/velodyne_points/1624824321.542425000.pcd
Cat1,10mph,lr,opposite,3,1624824321.643270000,ns1,/media/batool/MULTIMODAL_DATA/Multimodal_Data/Cat1/opposite/bag_files/Cat1_10mph_lr_opposite_3/lidar_pcd/ns1/velodyne_points/1624824321.643270000.pcd
Cat1,10mph,lr,opposite,3,1624824321.744135000,ns1,/media/batool/MULTIMODAL_DATA/Multimodal_Data/Cat1/opposite/bag_files/Cat1_10mph_lr_opposite_3/lidar_pcd/ns1/velodyne_points/1624824321.744135000.pcd
Cat1,10mph,lr,opposite,3,1624824321.845056000,ns1,/media/batool/MULTIMODAL_DATA/Multimodal_Data/Cat1/opposite/bag_files/Cat1_10mph_lr_opposite_3/lidar_pcd/ns1/velodyne_points/1624824321.845056000.pcd
Cat1,10mph,lr,opposite,3,1624824321.945877000,ns1,/media/batool/MULTIMODAL_DATA/Multimodal_Data/Cat1/opposite/bag_files/Cat1_10mph_lr_opposite_3/lidar_pcd/ns1/velodyne_points/1624824321.945877000.pcd
Cat1,10mph,lr,opposite,3,1624824322.046727000,ns1,/media/batool/MULTIMODAL_DATA/Multimodal_Data/Cat1/opposite/bag_files/Cat1_10mph_lr_opposite_3/lidar_pcd/ns1/velodyne_points/1624824322.046727000.pcd
Cat1,10mph,lr,opposite,3,1624824322.248441000,ns1,/media/batool/MULTIMODAL_DATA/Multimodal_Data/Cat1/opposite/bag_files/Cat1_10mph_lr_opposite_3/lidar_pcd/ns1/velodyne_points/1624824322.248441000.pcd
Cat1,10mph,lr,opposite,3,1624824322.349265000,ns1,/media/batool/MULTIMODAL_DATA/Multimodal_Data/Cat1/opposite/bag_files/Cat1_10mph_lr_opposite_3/lidar_pcd/ns1/velodyne_points/1624824322.349265000.pcd
Cat1,10mph,lr,opposite,3,1624824322.450155000,ns1,/media/batool/MULTIMODAL_DATA/Multimodal_Data/Cat1/opposite/bag_files/Cat1_10mph_lr_opposite_3/lidar_pcd/ns1/velodyne_points/1624824322.450155000.pcd
Cat1,10mph,lr,opposite,3,1624824322.550978000,ns1,/media/batool/MULTIMODAL_DATA/Multimodal_Data/Cat1/opposite/bag_files/Cat1_10mph_lr_opposite_3/lidar_pcd/ns1/velodyne_points/1624824322.550978000.pcd
Cat1,10mph,lr,opposite,3,1624824322.651869000,ns1,/media/batool/MULTIMODAL_DATA/Multimodal_Data/Cat1/opposite/bag_files/Cat1_10mph_lr_opposite_3/lidar_pcd/ns1/velodyne_points/1624824322.651869000.pcd
Cat1,10mph,lr,opposite,3,1624824322.752713000,ns1,/media/batool/MULTIMODAL_DATA/Multimodal_Data/Cat1/opposite/bag_files/Cat1_10mph_lr_opposite_3/lidar_pcd/ns1/velodyne_points/1624824322.752713000.pcd
Cat1,10mph,lr,opposite,3,1624824322.853588000,ns1,/media/batool/MULTIMODAL_DATA/Multimodal_Data/Cat1/opposite/bag_files/Cat1_10mph_lr_opposite_3/lidar_pcd/ns1/velodyne_points/1624824322.853588000.pcd
Cat1,10mph,lr,opposite,3,1624824322.954439000,ns1,/media/batool/MULTIMODAL_DATA/Multimodal_Data/Cat1/opposite/bag_files/Cat1_10mph_lr_opposite_3/lidar_pcd/ns1/velodyne_points/1624824322.954439000.pcd
Cat1,10mph,lr,opposite,3,1624824323.055296000,ns1,/media/batool/MULTIMODAL_DATA/Multimodal_Data/Cat1/opposite/bag_files/Cat1_10mph_lr_opposite_3/lidar_pcd/ns1/velodyne_points/1624824323.055296000.pcd
Cat1,10mph,lr,opposite,3,1624824323.156158000,ns1,/media/batool/MULTIMODAL_DATA/Multimodal_Data/Cat1/opposite/bag_files/Cat1_10mph_lr_opposite_3/lidar_pcd/ns1/velodyne_points/1624824323.156158000.pcd
Cat1,10mph,lr,opposite,3,1624824323.256992000,ns1,/media/batool/MULTIMODAL_DATA/Multimodal_Data/Cat1/opposite/bag_files/Cat1_10mph_lr_opposite_3/lidar_pcd/ns1/velodyne_points/1624824323.256992000.pcd
Cat1,10mph,lr,opposite,3,1624824323.357867000,ns1,/media/batool/MULTIMODAL_DATA/Multimodal_Data/Cat1/opposite/bag_files/Cat1_10mph_lr_opposite_3/lidar_pcd/ns1/velodyne_points/1624824323.357867000.pcd
Cat1,10mph,lr,opposite,3,1624824323.458724000,ns1,/media/batool/MULTIMODAL_DATA/Multimodal_Data/Cat1/opposite/bag_files/Cat1_10mph_lr_opposite_3/lidar_pcd/ns1/velodyne_points/1624824323.458724000.pcd
Cat1,10mph,lr,opposite,3,1624824323.559582000,ns1,/media/batool/MULTIMODAL_DATA/Multimodal_Data/Cat1/opposite/bag_files/Cat1_10mph_lr_opposite_3/lidar_pcd/ns1/velodyne_points/1624824323.559582000.pcd
Cat1,10mph,lr,opposite,3,1624824323.761279000,ns1,/media/batool/MULTIMODAL_DATA/Multimodal_Data/Cat1/opposite/bag_files/Cat1_10mph_lr_opposite_3/lidar_pcd/ns1/velodyne_points/1624824323.761279000.pcd
Cat1,10mph,lr,opposite,3,1624824323.862152000,ns1,/media/batool/MULTIMODAL_DATA/Multimodal_Data/Cat1/opposite/bag_files/Cat1_10mph_lr_opposite_3/lidar_pcd/ns1/velodyne_points/1624824323.862152000.pcd
Cat1,10mph,lr,opposite,3,1624824323.962977000,ns1,/media/batool/MULTIMODAL_DATA/Multimodal_Data/Cat1/opposite/bag_files/Cat1_10mph_lr_opposite_3/lidar_pcd/ns1/velodyne_points/1624824323.962977000.pcd
Cat1,10mph,lr,opposite,3,1624824324.063873000,ns1,/media/batool/MULTIMODAL_DATA/Multimodal_Data/Cat1/opposite/bag_files/Cat1_10mph_lr_opposite_3/lidar_pcd/ns1/velodyne_points/1624824324.063873000.pcd
Cat1,10mph,lr,opposite,3,1624824324.164709000,ns1,/media/batool/MULTIMODAL_DATA/Multimodal_Data/Cat1/opposite/bag_files/Cat1_10mph_lr_opposite_3/lidar_pcd/ns1/velodyne_points/1624824324.164709000.pcd
Cat1,10mph,lr,opposite,3,1624824324.265573000,ns1,/media/batool/MULTIMODAL_DATA/Multimodal_Data/Cat1/opposite/bag_files/Cat1_10mph_lr_opposite_3/lidar_pcd/ns1/velodyne_points/1624824324.265573000.pcd
Cat1,10mph,lr,opposite,3,1624824324.366407000,ns1,/media/batool/MULTIMODAL_DATA/Multimodal_Data/Cat1/opposite/bag_files/Cat1_10mph_lr_opposite_3/lidar_pcd/ns1/velodyne_points/1624824324.366407000.pcd
Cat1,10mph,lr,opposite,3,1624824324.467295000,ns1,/media/batool/MULTIMODAL_DATA/Multimodal_Data/Cat1/opposite/bag_files/Cat1_10mph_lr_opposite_3/lidar_pcd/ns1/velodyne_points/1624824324.467295000.pcd
Cat1,10mph,lr,opposite,3,1624824324.568094000,ns1,/media/batool/MULTIMODAL_DATA/Multimodal_Data/Cat1/opposite/bag_files/Cat1_10mph_lr_opposite_3/lidar_pcd/ns1/velodyne_points/1624824324.568094000.pcd
Cat1,10mph,lr,opposite,3,1624824324.668950000,ns1,/media/batool/MULTIMODAL_DATA/Multimodal_Data/Cat1/opposite/bag_files/Cat1_10mph_lr_opposite_3/lidar_pcd/ns1/velodyne_points/1624824324.668950000.pcd
Cat1,10mph,lr,opposite,3,1624824324.769807000,ns1,/media/batool/MULTIMODAL_DATA/Multimodal_Data/Cat1/opposite/bag_files/Cat1_10mph_lr_opposite_3/lidar_pcd/ns1/velodyne_points/1624824324.769807000.pcd
Cat1,10mph,lr,opposite,3,1624824324.870662000,ns1,/media/batool/MULTIMODAL_DATA/Multimodal_Data/Cat1/opposite/bag_files/Cat1_10mph_lr_opposite_3/lidar_pcd/ns1/velodyne_points/1624824324.870662000.pcd
Cat1,10mph,lr,opposite,3,1624824324.971518000,ns1,/media/batool/MULTIMODAL_DATA/Multimodal_Data/Cat1/opposite/bag_files/Cat1_10mph_lr_opposite_3/lidar_pcd/ns1/velodyne_points/1624824324.971518000.pcd
Cat1,10mph,lr,opposite,3,1624824325.072430000,ns1,/media/batool/MULTIMODAL_DATA/Multimodal_Data/Cat1/opposite/bag_files/Cat1_10mph_lr_opposite_3/lidar_pcd/ns1/velodyne_points/1624824325.072430000.pcd
Cat1,10mph,lr,opposite,3,1624824320.634683000,ns1,/media/batool/MULTIMODAL_DATA/Multimodal_Data/Cat1/opposite/bag_files/Cat1_10mph_lr_opposite_3/lidar_pcd/ns1/velodyne_points/1624824320.634683000.pcd
Cat1,10mph,lr,opposite,3,1624824322.147582000,ns1,/media/batool/MULTIMODAL_DATA/Multimodal_Data/Cat1/opposite/bag_files/Cat1_10mph_lr_opposite_3/lidar_pcd/ns1/velodyne_points/1624824322.147582000.pcd
Cat1,10mph,lr,opposite,3,1624824323.660388000,ns1,/media/batool/MULTIMODAL_DATA/Multimodal_Data/Cat1/opposite/bag_files/Cat1_10mph_lr_opposite_3/lidar_pcd/ns1/velodyne_points/1624824323.660388000.pcd
Cat1,10mph,lr,opposite,3,1624824325.173263000,ns1,/media/batool/MULTIMODAL_DATA/Multimodal_Data/Cat1/opposite/bag_files/Cat1_10mph_lr_opposite_3/lidar_pcd/ns1/velodyne_points/1624824325.173263000.pcd
Cat1,10mph,lr,opposite,3,1624824326.686139000,ns1,/media/batool/MULTIMODAL_DATA/Multimodal_Data/Cat1/opposite/bag_files/Cat1_10mph_lr_opposite_3/lidar_pcd/ns1/velodyne_points/1624824326.686139000.pcd
Cat1,10mph,lr,opposite,3,1624824328.198991000,ns1,/media/batool/MULTIMODAL_DATA/Multimodal_Data/Cat1/opposite/bag_files/Cat1_10mph_lr_opposite_3/lidar_pcd/ns1/velodyne_points/1624824328.198991000.pcd
Cat1,10mph,lr,opposite,3,1624824329.711813000,ns1,/media/batool/MULTIMODAL_DATA/Multimodal_Data/Cat1/opposite/bag_files/Cat1_10mph_lr_opposite_3/lidar_pcd/ns1/velodyne_points/1624824329.711813000.pcd
Cat1,10mph,lr,opposite,3,1624824331.224654000,ns1,/media/batool/MULTIMODAL_DATA/Multimodal_Data/Cat1/opposite/bag_files/Cat1_10mph_lr_opposite_3/lidar_pcd/ns1/velodyne_points/1624824331.224654000.pcd
Cat1,10mph,lr,opposite,3,1624824332.737517000,ns1,/media/batool/MULTIMODAL_DATA/Multimodal_Data/Cat1/opposite/bag_files/Cat1_10mph_lr_opposite_3/lidar_pcd/ns1/velodyne_points/1624824332.737517000.pcd
Cat1,10mph,lr,opposite,3,1624824334.250363000,ns1,/media/batool/MULTIMODAL_DATA/Multimodal_Data/Cat1/opposite/bag_files/Cat1_10mph_lr_opposite_3/lidar_pcd/ns1/velodyne_points/1624824334.250363000.pcd
Cat1,10mph,lr,opposite,3,1624824335.763259000,ns1,/media/batool/MULTIMODAL_DATA/Multimodal_Data/Cat1/opposite/bag_files/Cat1_10mph_lr_opposite_3/lidar_pcd/ns1/velodyne_points/1624824335.763259000.pcd
Cat1,10mph,lr,opposite,3,1624824337.276086000,ns1,/media/batool/MULTIMODAL_DATA/Multimodal_Data/Cat1/opposite/bag_files/Cat1_10mph_lr_opposite_3/lidar_pcd/ns1/velodyne_points/1624824337.276086000.pcd
Cat1,10mph,lr,opposite,3,1624824338.788943000,ns1,/media/batool/MULTIMODAL_DATA/Multimodal_Data/Cat1/opposite/bag_files/Cat1_10mph_lr_opposite_3/lidar_pcd/ns1/velodyne_points/1624824338.788943000.pcd
Cat1,10mph,lr,opposite,3,1624824340.301771000,ns1,/media/batool/MULTIMODAL_DATA/Multimodal_Data/Cat1/opposite/bag_files/Cat1_10mph_lr_opposite_3/lidar_pcd/ns1/velodyne_points/1624824340.301771000.pcd
Cat1,10mph,lr,opposite,3,1624824341.814658000,ns1,/media/batool/MULTIMODAL_DATA/Multimodal_Data/Cat1/opposite/bag_files/Cat1_10mph_lr_opposite_3/lidar_pcd/ns1/velodyne_points/1624824341.814658000.pcd
Cat1,10mph,lr,opposite,3,1624824325.274140000,ns1,/media/batool/MULTIMODAL_DATA/Multimodal_Data/Cat1/opposite/bag_files/Cat1_10mph_lr_opposite_3/lidar_pcd/ns1/velodyne_points/1624824325.274140000.pcd
Cat1,10mph,lr,opposite,3,1624824325.375004000,ns1,/media/batool/MULTIMODAL_DATA/Multimodal_Data/Cat1/opposite/bag_files/Cat1_10mph_lr_opposite_3/lidar_pcd/ns1/velodyne_points/1624824325.375004000.pcd
Cat1,10mph,lr,opposite,3,1624824325.475881000,ns1,/media/batool/MULTIMODAL_DATA/Multimodal_Data/Cat1/opposite/bag_files/Cat1_10mph_lr_opposite_3/lidar_pcd/ns1/velodyne_points/1624824325.475881000.pcd
Cat1,10mph,lr,opposite,3,1624824325.576713000,ns1,/media/batool/MULTIMODAL_DATA/Multimodal_Data/Cat1/opposite/bag_files/Cat1_10mph_lr_opposite_3/lidar_pcd/ns1/velodyne_points/1624824325.576713000.pcd
Cat1,10mph,lr,opposite,3,1624824325.677571000,ns1,/media/batool/MULTIMODAL_DATA/Multimodal_Data/Cat1/opposite/bag_files/Cat1_10mph_lr_opposite_3/lidar_pcd/ns1/velodyne_points/1624824325.677571000.pcd
Cat1,10mph,lr,opposite,3,1624824325.778410000,ns1,/media/batool/MULTIMODAL_DATA/Multimodal_Data/Cat1/opposite/bag_files/Cat1_10mph_lr_opposite_3/lidar_pcd/ns1/velodyne_points/1624824325.778410000.pcd
Cat1,10mph,lr,opposite,3,1624824325.879285000,ns1,/media/batool/MULTIMODAL_DATA/Multimodal_Data/Cat1/opposite/bag_files/Cat1_10mph_lr_opposite_3/lidar_pcd/ns1/velodyne_points/1624824325.879285000.pcd
Cat1,10mph,lr,opposite,3,1624824325.980135000,ns1,/media/batool/MULTIMODAL_DATA/Multimodal_Data/Cat1/opposite/bag_files/Cat1_10mph_lr_opposite_3/lidar_pcd/ns1/velodyne_points/1624824325.980135000.pcd
Cat1,10mph,lr,opposite,3,1624824326.080964000,ns1,/media/batool/MULTIMODAL_DATA/Multimodal_Data/Cat1/opposite/bag_files/Cat1_10mph_lr_opposite_3/lidar_pcd/ns1/velodyne_points/1624824326.080964000.pcd
Cat1,10mph,lr,opposite,3,1624824326.181861000,ns1,/media/batool/MULTIMODAL_DATA/Multimodal_Data/Cat1/opposite/bag_files/Cat1_10mph_lr_opposite_3/lidar_pcd/ns1/velodyne_points/1624824326.181861000.pcd
Cat1,10mph,lr,opposite,3,1624824326.282731000,ns1,/media/batool/MULTIMODAL_DATA/Multimodal_Data/Cat1/opposite/bag_files/Cat1_10mph_lr_opposite_3/lidar_pcd/ns1/velodyne_points/1624824326.282731000.pcd
Cat1,10mph,lr,opposite,3,1624824326.383569000,ns1,/media/batool/MULTIMODAL_DATA/Multimodal_Data/Cat1/opposite/bag_files/Cat1_10mph_lr_opposite_3/lidar_pcd/ns1/velodyne_points/1624824326.383569000.pcd
Cat1,10mph,lr,opposite,3,1624824326.484416000,ns1,/media/batool/MULTIMODAL_DATA/Multimodal_Data/Cat1/opposite/bag_files/Cat1_10mph_lr_opposite_3/lidar_pcd/ns1/velodyne_points/1624824326.484416000.pcd
Cat1,10mph,lr,opposite,3,1624824326.585283000,ns1,/media/batool/MULTIMODAL_DATA/Multimodal_Data/Cat1/opposite/bag_files/Cat1_10mph_lr_opposite_3/lidar_pcd/ns1/velodyne_points/1624824326.585283000.pcd
Cat1,10mph,lr,opposite,3,1624824326.786998000,ns1,/media/batool/MULTIMODAL_DATA/Multimodal_Data/Cat1/opposite/bag_files/Cat1_10mph_lr_opposite_3/lidar_pcd/ns1/velodyne_points/1624824326.786998000.pcd
Cat1,10mph,lr,opposite,3,1624824326.887811000,ns1,/media/batool/MULTIMODAL_DATA/Multimodal_Data/Cat1/opposite/bag_files/Cat1_10mph_lr_opposite_3/lidar_pcd/ns1/velodyne_points/1624824326.887811000.pcd
Cat1,10mph,lr,opposite,3,1624824326.988710000,ns1,/media/batool/MULTIMODAL_DATA/Multimodal_Data/Cat1/opposite/bag_files/Cat1_10mph_lr_opposite_3/lidar_pcd/ns1/velodyne_points/1624824326.988710000.pcd
Cat1,10mph,lr,opposite,3,1624824327.089566000,ns1,/media/batool/MULTIMODAL_DATA/Multimodal_Data/Cat1/opposite/bag_files/Cat1_10mph_lr_opposite_3/lidar_pcd/ns1/velodyne_points/1624824327.089566000.pcd
Cat1,10mph,lr,opposite,3,1624824327.190398000,ns1,/media/batool/MULTIMODAL_DATA/Multimodal_Data/Cat1/opposite/bag_files/Cat1_10mph_lr_opposite_3/lidar_pcd/ns1/velodyne_points/1624824327.190398000.pcd
Cat1,10mph,lr,opposite,3,1624824327.291280000,ns1,/media/batool/MULTIMODAL_DATA/Multimodal_Data/Cat1/opposite/bag_files/Cat1_10mph_lr_opposite_3/lidar_pcd/ns1/velodyne_points/1624824327.291280000.pcd
Cat1,10mph,lr,opposite,3,1624824327.392121000,ns1,/media/batool/MULTIMODAL_DATA/Multimodal_Data/Cat1/opposite/bag_files/Cat1_10mph_lr_opposite_3/lidar_pcd/ns1/velodyne_points/1624824327.392121000.pcd
Cat1,10mph,lr,opposite,3,1624824327.493008000,ns1,/media/batool/MULTIMODAL_DATA/Multimodal_Data/Cat1/opposite/bag_files/Cat1_10mph_lr_opposite_3/lidar_pcd/ns1/velodyne_points/1624824327.493008000.pcd
Cat1,10mph,lr,opposite,3,1624824327.593856000,ns1,/media/batool/MULTIMODAL_DATA/Multimodal_Data/Cat1/opposite/bag_files/Cat1_10mph_lr_opposite_3/lidar_pcd/ns1/velodyne_points/1624824327.593856000.pcd
Cat1,10mph,lr,opposite,3,1624824327.694692000,ns1,/media/batool/MULTIMODAL_DATA/Multimodal_Data/Cat1/opposite/bag_files/Cat1_10mph_lr_opposite_3/lidar_pcd/ns1/velodyne_points/1624824327.694692000.pcd
Cat1,10mph,lr,opposite,3,1624824327.795525000,ns1,/media/batool/MULTIMODAL_DATA/Multimodal_Data/Cat1/opposite/bag_files/Cat1_10mph_lr_opposite_3/lidar_pcd/ns1/velodyne_points/1624824327.795525000.pcd
Cat1,10mph,lr,opposite,3,1624824327.896420000,ns1,/media/batool/MULTIMODAL_DATA/Multimodal_Data/Cat1/opposite/bag_files/Cat1_10mph_lr_opposite_3/lidar_pcd/ns1/velodyne_points/1624824327.896420000.pcd
Cat1,10mph,lr,opposite,3,1624824327.997267000,ns1,/media/batool/MULTIMODAL_DATA/Multimodal_Data/Cat1/opposite/bag_files/Cat1_10mph_lr_opposite_3/lidar_pcd/ns1/velodyne_points/1624824327.997267000.pcd
Cat1,10mph,lr,opposite,3,1624824328.098139000,ns1,/media/batool/MULTIMODAL_DATA/Multimodal_Data/Cat1/opposite/bag_files/Cat1_10mph_lr_opposite_3/lidar_pcd/ns1/velodyne_points/1624824328.098139000.pcd
Cat1,10mph,lr,opposite,3,1624824328.299926000,ns1,/media/batool/MULTIMODAL_DATA/Multimodal_Data/Cat1/opposite/bag_files/Cat1_10mph_lr_opposite_3/lidar_pcd/ns1/velodyne_points/1624824328.299926000.pcd
Cat1,10mph,lr,opposite,3,1624824328.400707000,ns1,/media/batool/MULTIMODAL_DATA/Multimodal_Data/Cat1/opposite/bag_files/Cat1_10mph_lr_opposite_3/lidar_pcd/ns1/velodyne_points/1624824328.400707000.pcd
Cat1,10mph,lr,opposite,3,1624824328.501568000,ns1,/media/batool/MULTIMODAL_DATA/Multimodal_Data/Cat1/opposite/bag_files/Cat1_10mph_lr_opposite_3/lidar_pcd/ns1/velodyne_points/1624824328.501568000.pcd
Cat1,10mph,lr,opposite,3,1624824328.602421000,ns1,/media/batool/MULTIMODAL_DATA/Multimodal_Data/Cat1/opposite/bag_files/Cat1_10mph_lr_opposite_3/lidar_pcd/ns1/velodyne_points/1624824328.602421000.pcd
Cat1,10mph,lr,opposite,3,1624824328.703279000,ns1,/media/batool/MULTIMODAL_DATA/Multimodal_Data/Cat1/opposite/bag_files/Cat1_10mph_lr_opposite_3/lidar_pcd/ns1/velodyne_points/1624824328.703279000.pcd
Cat1,10mph,lr,opposite,3,1624824328.804114000,ns1,/media/batool/MULTIMODAL_DATA/Multimodal_Data/Cat1/opposite/bag_files/Cat1_10mph_lr_opposite_3/lidar_pcd/ns1/velodyne_points/1624824328.804114000.pcd
Cat1,10mph,lr,opposite,3,1624824328.904993000,ns1,/media/batool/MULTIMODAL_DATA/Multimodal_Data/Cat1/opposite/bag_files/Cat1_10mph_lr_opposite_3/lidar_pcd/ns1/velodyne_points/1624824328.904993000.pcd
Cat1,10mph,lr,opposite,3,1624824329.005844000,ns1,/media/batool/MULTIMODAL_DATA/Multimodal_Data/Cat1/opposite/bag_files/Cat1_10mph_lr_opposite_3/lidar_pcd/ns1/velodyne_points/1624824329.005844000.pcd
Cat1,10mph,lr,opposite,3,1624824329.106687000,ns1,/media/batool/MULTIMODAL_DATA/Multimodal_Data/Cat1/opposite/bag_files/Cat1_10mph_lr_opposite_3/lidar_pcd/ns1/velodyne_points/1624824329.106687000.pcd
Cat1,10mph,lr,opposite,3,1624824329.207544000,ns1,/media/batool/MULTIMODAL_DATA/Multimodal_Data/Cat1/opposite/bag_files/Cat1_10mph_lr_opposite_3/lidar_pcd/ns1/velodyne_points/1624824329.207544000.pcd
Cat1,10mph,lr,opposite,3,1624824329.308424000,ns1,/media/batool/MULTIMODAL_DATA/Multimodal_Data/Cat1/opposite/bag_files/Cat1_10mph_lr_opposite_3/lidar_pcd/ns1/velodyne_points/1624824329.308424000.pcd
Cat1,10mph,lr,opposite,3,1624824329.409259000,ns1,/media/batool/MULTIMODAL_DATA/Multimodal_Data/Cat1/opposite/bag_files/Cat1_10mph_lr_opposite_3/lidar_pcd/ns1/velodyne_points/1624824329.409259000.pcd
Cat1,10mph,lr,opposite,3,1624824329.510150000,ns1,/media/batool/MULTIMODAL_DATA/Multimodal_Data/Cat1/opposite/bag_files/Cat1_10mph_lr_opposite_3/lidar_pcd/ns1/velodyne_points/1624824329.510150000.pcd
Cat1,10mph,lr,opposite,3,1624824329.610979000,ns1,/media/batool/MULTIMODAL_DATA/Multimodal_Data/Cat1/opposite/bag_files/Cat1_10mph_lr_opposite_3/lidar_pcd/ns1/velodyne_points/1624824329.610979000.pcd
Cat1,10mph,lr,opposite,3,1624824329.812700000,ns1,/media/batool/MULTIMODAL_DATA/Multimodal_Data/Cat1/opposite/bag_files/Cat1_10mph_lr_opposite_3/lidar_pcd/ns1/velodyne_points/1624824329.812700000.pcd
Cat1,10mph,lr,opposite,3,1624824329.913561000,ns1,/media/batool/MULTIMODAL_DATA/Multimodal_Data/Cat1/opposite/bag_files/Cat1_10mph_lr_opposite_3/lidar_pcd/ns1/velodyne_points/1624824329.913561000.pcd
Cat1,10mph,lr,opposite,3,1624824330.014411000,ns1,/media/batool/MULTIMODAL_DATA/Multimodal_Data/Cat1/opposite/bag_files/Cat1_10mph_lr_opposite_3/lidar_pcd/ns1/velodyne_points/1624824330.014411000.pcd
Cat1,10mph,lr,opposite,3,1624824330.115256000,ns1,/media/batool/MULTIMODAL_DATA/Multimodal_Data/Cat1/opposite/bag_files/Cat1_10mph_lr_opposite_3/lidar_pcd/ns1/velodyne_points/1624824330.115256000.pcd
Cat1,10mph,lr,opposite,3,1624824330.216104000,ns1,/media/batool/MULTIMODAL_DATA/Multimodal_Data/Cat1/opposite/bag_files/Cat1_10mph_lr_opposite_3/lidar_pcd/ns1/velodyne_points/1624824330.216104000.pcd
Cat1,10mph,lr,opposite,3,1624824330.316986000,ns1,/media/batool/MULTIMODAL_DATA/Multimodal_Data/Cat1/opposite/bag_files/Cat1_10mph_lr_opposite_3/lidar_pcd/ns1/velodyne_points/1624824330.316986000.pcd
Cat1,10mph,lr,opposite,3,1624824330.417815000,ns1,/media/batool/MULTIMODAL_DATA/Multimodal_Data/Cat1/opposite/bag_files/Cat1_10mph_lr_opposite_3/lidar_pcd/ns1/velodyne_points/1624824330.417815000.pcd
Cat1,10mph,lr,opposite,3,1624824330.518697000,ns1,/media/batool/MULTIMODAL_DATA/Multimodal_Data/Cat1/opposite/bag_files/Cat1_10mph_lr_opposite_3/lidar_pcd/ns1/velodyne_points/1624824330.518697000.pcd
Cat1,10mph,lr,opposite,3,1624824330.619558000,ns1,/media/batool/MULTIMODAL_DATA/Multimodal_Data/Cat1/opposite/bag_files/Cat1_10mph_lr_opposite_3/lidar_pcd/ns1/velodyne_points/1624824330.619558000.pcd
Cat1,10mph,lr,opposite,3,1624824330.720379000,ns1,/media/batool/MULTIMODAL_DATA/Multimodal_Data/Cat1/opposite/bag_files/Cat1_10mph_lr_opposite_3/lidar_pcd/ns1/velodyne_points/1624824330.720379000.pcd
Cat1,10mph,lr,opposite,3,1624824330.821223000,ns1,/media/batool/MULTIMODAL_DATA/Multimodal_Data/Cat1/opposite/bag_files/Cat1_10mph_lr_opposite_3/lidar_pcd/ns1/velodyne_points/1624824330.821223000.pcd
Cat1,10mph,lr,opposite,3,1624824330.922063000,ns1,/media/batool/MULTIMODAL_DATA/Multimodal_Data/Cat1/opposite/bag_files/Cat1_10mph_lr_opposite_3/lidar_pcd/ns1/velodyne_points/1624824330.922063000.pcd
Cat1,10mph,lr,opposite,3,1624824331.022971000,ns1,/media/batool/MULTIMODAL_DATA/Multimodal_Data/Cat1/opposite/bag_files/Cat1_10mph_lr_opposite_3/lidar_pcd/ns1/velodyne_points/1624824331.022971000.pcd
Cat1,10mph,lr,opposite,3,1624824331.123799000,ns1,/media/batool/MULTIMODAL_DATA/Multimodal_Data/Cat1/opposite/bag_files/Cat1_10mph_lr_opposite_3/lidar_pcd/ns1/velodyne_points/1624824331.123799000.pcd
Cat1,10mph,lr,opposite,3,1624824331.325512000,ns1,/media/batool/MULTIMODAL_DATA/Multimodal_Data/Cat1/opposite/bag_files/Cat1_10mph_lr_opposite_3/lidar_pcd/ns1/velodyne_points/1624824331.325512000.pcd
Cat1,10mph,lr,opposite,3,1624824331.426369000,ns1,/media/batool/MULTIMODAL_DATA/Multimodal_Data/Cat1/opposite/bag_files/Cat1_10mph_lr_opposite_3/lidar_pcd/ns1/velodyne_points/1624824331.426369000.pcd
Cat1,10mph,lr,opposite,3,1624824331.527242000,ns1,/media/batool/MULTIMODAL_DATA/Multimodal_Data/Cat1/opposite/bag_files/Cat1_10mph_lr_opposite_3/lidar_pcd/ns1/velodyne_points/1624824331.527242000.pcd
Cat1,10mph,lr,opposite,3,1624824331.628065000,ns1,/media/batool/MULTIMODAL_DATA/Multimodal_Data/Cat1/opposite/bag_files/Cat1_10mph_lr_opposite_3/lidar_pcd/ns1/velodyne_points/1624824331.628065000.pcd
Cat1,10mph,lr,opposite,3,1624824331.728918000,ns1,/media/batool/MULTIMODAL_DATA/Multimodal_Data/Cat1/opposite/bag_files/Cat1_10mph_lr_opposite_3/lidar_pcd/ns1/velodyne_points/1624824331.728918000.pcd
Cat1,10mph,lr,opposite,3,1624824331.829784000,ns1,/media/batool/MULTIMODAL_DATA/Multimodal_Data/Cat1/opposite/bag_files/Cat1_10mph_lr_opposite_3/lidar_pcd/ns1/velodyne_points/1624824331.829784000.pcd
Cat1,10mph,lr,opposite,3,1624824331.930662000,ns1,/media/batool/MULTIMODAL_DATA/Multimodal_Data/Cat1/opposite/bag_files/Cat1_10mph_lr_opposite_3/lidar_pcd/ns1/velodyne_points/1624824331.930662000.pcd
Cat1,10mph,lr,opposite,3,1624824332.031521000,ns1,/media/batool/MULTIMODAL_DATA/Multimodal_Data/Cat1/opposite/bag_files/Cat1_10mph_lr_opposite_3/lidar_pcd/ns1/velodyne_points/1624824332.031521000.pcd
Cat1,10mph,lr,opposite,3,1624824332.132352000,ns1,/media/batool/MULTIMODAL_DATA/Multimodal_Data/Cat1/opposite/bag_files/Cat1_10mph_lr_opposite_3/lidar_pcd/ns1/velodyne_points/1624824332.132352000.pcd
Cat1,10mph,lr,opposite,3,1624824332.233208000,ns1,/media/batool/MULTIMODAL_DATA/Multimodal_Data/Cat1/opposite/bag_files/Cat1_10mph_lr_opposite_3/lidar_pcd/ns1/velodyne_points/1624824332.233208000.pcd
Cat1,10mph,lr,opposite,3,1624824332.334171000,ns1,/media/batool/MULTIMODAL_DATA/Multimodal_Data/Cat1/opposite/bag_files/Cat1_10mph_lr_opposite_3/lidar_pcd/ns1/velodyne_points/1624824332.334171000.pcd
Cat1,10mph,lr,opposite,3,1624824332.434979000,ns1,/media/batool/MULTIMODAL_DATA/Multimodal_Data/Cat1/opposite/bag_files/Cat1_10mph_lr_opposite_3/lidar_pcd/ns1/velodyne_points/1624824332.434979000.pcd
Cat1,10mph,lr,opposite,3,1624824332.535794000,ns1,/media/batool/MULTIMODAL_DATA/Multimodal_Data/Cat1/opposite/bag_files/Cat1_10mph_lr_opposite_3/lidar_pcd/ns1/velodyne_points/1624824332.535794000.pcd
Cat1,10mph,lr,opposite,3,1624824332.636674000,ns1,/media/batool/MULTIMODAL_DATA/Multimodal_Data/Cat1/opposite/bag_files/Cat1_10mph_lr_opposite_3/lidar_pcd/ns1/velodyne_points/1624824332.636674000.pcd
Cat1,10mph,lr,opposite,3,1624824332.838346000,ns1,/media/batool/MULTIMODAL_DATA/Multimodal_Data/Cat1/opposite/bag_files/Cat1_10mph_lr_opposite_3/lidar_pcd/ns1/velodyne_points/1624824332.838346000.pcd
Cat1,10mph,lr,opposite,3,1624824332.939202000,ns1,/media/batool/MULTIMODAL_DATA/Multimodal_Data/Cat1/opposite/bag_files/Cat1_10mph_lr_opposite_3/lidar_pcd/ns1/velodyne_points/1624824332.939202000.pcd
Cat1,10mph,lr,opposite,3,1624824333.040089000,ns1,/media/batool/MULTIMODAL_DATA/Multimodal_Data/Cat1/opposite/bag_files/Cat1_10mph_lr_opposite_3/lidar_pcd/ns1/velodyne_points/1624824333.040089000.pcd
Cat1,10mph,lr,opposite,3,1624824333.141022000,ns1,/media/batool/MULTIMODAL_DATA/Multimodal_Data/Cat1/opposite/bag_files/Cat1_10mph_lr_opposite_3/lidar_pcd/ns1/velodyne_points/1624824333.141022000.pcd
Cat1,10mph,lr,opposite,3,1624824333.241802000,ns1,/media/batool/MULTIMODAL_DATA/Multimodal_Data/Cat1/opposite/bag_files/Cat1_10mph_lr_opposite_3/lidar_pcd/ns1/velodyne_points/1624824333.241802000.pcd
Cat1,10mph,lr,opposite,3,1624824333.342689000,ns1,/media/batool/MULTIMODAL_DATA/Multimodal_Data/Cat1/opposite/bag_files/Cat1_10mph_lr_opposite_3/lidar_pcd/ns1/velodyne_points/1624824333.342689000.pcd
Cat1,10mph,lr,opposite,3,1624824333.443518000,ns1,/media/batool/MULTIMODAL_DATA/Multimodal_Data/Cat1/opposite/bag_files/Cat1_10mph_lr_opposite_3/lidar_pcd/ns1/velodyne_points/1624824333.443518000.pcd
Cat1,10mph,lr,opposite,3,1624824333.544390000,ns1,/media/batool/MULTIMODAL_DATA/Multimodal_Data/Cat1/opposite/bag_files/Cat1_10mph_lr_opposite_3/lidar_pcd/ns1/velodyne_points/1624824333.544390000.pcd
Cat1,10mph,lr,opposite,3,1624824333.645247000,ns1,/media/batool/MULTIMODAL_DATA/Multimodal_Data/Cat1/opposite/bag_files/Cat1_10mph_lr_opposite_3/lidar_pcd/ns1/velodyne_points/1624824333.645247000.pcd
Cat1,10mph,lr,opposite,3,1624824333.746061000,ns1,/media/batool/MULTIMODAL_DATA/Multimodal_Data/Cat1/opposite/bag_files/Cat1_10mph_lr_opposite_3/lidar_pcd/ns1/velodyne_points/1624824333.746061000.pcd
Cat1,10mph,lr,opposite,3,1624824333.846971000,ns1,/media/batool/MULTIMODAL_DATA/Multimodal_Data/Cat1/opposite/bag_files/Cat1_10mph_lr_opposite_3/lidar_pcd/ns1/velodyne_points/1624824333.846971000.pcd
Cat1,10mph,lr,opposite,3,1624824333.947829000,ns1,/media/batool/MULTIMODAL_DATA/Multimodal_Data/Cat1/opposite/bag_files/Cat1_10mph_lr_opposite_3/lidar_pcd/ns1/velodyne_points/1624824333.947829000.pcd
Cat1,10mph,lr,opposite,3,1624824334.048675000,ns1,/media/batool/MULTIMODAL_DATA/Multimodal_Data/Cat1/opposite/bag_files/Cat1_10mph_lr_opposite_3/lidar_pcd/ns1/velodyne_points/1624824334.048675000.pcd
Cat1,10mph,lr,opposite,3,1624824334.149507000,ns1,/media/batool/MULTIMODAL_DATA/Multimodal_Data/Cat1/opposite/bag_files/Cat1_10mph_lr_opposite_3/lidar_pcd/ns1/velodyne_points/1624824334.149507000.pcd
Cat1,10mph,lr,opposite,3,1624824334.351254000,ns1,/media/batool/MULTIMODAL_DATA/Multimodal_Data/Cat1/opposite/bag_files/Cat1_10mph_lr_opposite_3/lidar_pcd/ns1/velodyne_points/1624824334.351254000.pcd
Cat1,10mph,lr,opposite,3,1624824334.452097000,ns1,/media/batool/MULTIMODAL_DATA/Multimodal_Data/Cat1/opposite/bag_files/Cat1_10mph_lr_opposite_3/lidar_pcd/ns1/velodyne_points/1624824334.452097000.pcd
Cat1,10mph,lr,opposite,3,1624824334.552957000,ns1,/media/batool/MULTIMODAL_DATA/Multimodal_Data/Cat1/opposite/bag_files/Cat1_10mph_lr_opposite_3/lidar_pcd/ns1/velodyne_points/1624824334.552957000.pcd
Cat1,10mph,lr,opposite,3,1624824334.653828000,ns1,/media/batool/MULTIMODAL_DATA/Multimodal_Data/Cat1/opposite/bag_files/Cat1_10mph_lr_opposite_3/lidar_pcd/ns1/velodyne_points/1624824334.653828000.pcd
Cat1,10mph,lr,opposite,3,1624824334.754669000,ns1,/media/batool/MULTIMODAL_DATA/Multimodal_Data/Cat1/opposite/bag_files/Cat1_10mph_lr_opposite_3/lidar_pcd/ns1/velodyne_points/1624824334.754669000.pcd
Cat1,10mph,lr,opposite,3,1624824334.855537000,ns1,/media/batool/MULTIMODAL_DATA/Multimodal_Data/Cat1/opposite/bag_files/Cat1_10mph_lr_opposite_3/lidar_pcd/ns1/velodyne_points/1624824334.855537000.pcd
Cat1,10mph,lr,opposite,3,1624824334.956396000,ns1,/media/batool/MULTIMODAL_DATA/Multimodal_Data/Cat1/opposite/bag_files/Cat1_10mph_lr_opposite_3/lidar_pcd/ns1/velodyne_points/1624824334.956396000.pcd
Cat1,10mph,lr,opposite,3,1624824335.057239000,ns1,/media/batool/MULTIMODAL_DATA/Multimodal_Data/Cat1/opposite/bag_files/Cat1_10mph_lr_opposite_3/lidar_pcd/ns1/velodyne_points/1624824335.057239000.pcd
Cat1,10mph,lr,opposite,3,1624824335.158115000,ns1,/media/batool/MULTIMODAL_DATA/Multimodal_Data/Cat1/opposite/bag_files/Cat1_10mph_lr_opposite_3/lidar_pcd/ns1/velodyne_points/1624824335.158115000.pcd
Cat1,10mph,lr,opposite,3,1624824335.258967000,ns1,/media/batool/MULTIMODAL_DATA/Multimodal_Data/Cat1/opposite/bag_files/Cat1_10mph_lr_opposite_3/lidar_pcd/ns1/velodyne_points/1624824335.258967000.pcd
Cat1,10mph,lr,opposite,3,1624824335.359817000,ns1,/media/batool/MULTIMODAL_DATA/Multimodal_Data/Cat1/opposite/bag_files/Cat1_10mph_lr_opposite_3/lidar_pcd/ns1/velodyne_points/1624824335.359817000.pcd
Cat1,10mph,lr,opposite,3,1624824335.460667000,ns1,/media/batool/MULTIMODAL_DATA/Multimodal_Data/Cat1/opposite/bag_files/Cat1_10mph_lr_opposite_3/lidar_pcd/ns1/velodyne_points/1624824335.460667000.pcd
Cat1,10mph,lr,opposite,3,1624824335.561541000,ns1,/media/batool/MULTIMODAL_DATA/Multimodal_Data/Cat1/opposite/bag_files/Cat1_10mph_lr_opposite_3/lidar_pcd/ns1/velodyne_points/1624824335.561541000.pcd
Cat1,10mph,lr,opposite,3,1624824335.662364000,ns1,/media/batool/MULTIMODAL_DATA/Multimodal_Data/Cat1/opposite/bag_files/Cat1_10mph_lr_opposite_3/lidar_pcd/ns1/velodyne_points/1624824335.662364000.pcd
Cat1,10mph,lr,opposite,3,1624824335.864078000,ns1,/media/batool/MULTIMODAL_DATA/Multimodal_Data/Cat1/opposite/bag_files/Cat1_10mph_lr_opposite_3/lidar_pcd/ns1/velodyne_points/1624824335.864078000.pcd
Cat1,10mph,lr,opposite,3,1624824335.964956000,ns1,/media/batool/MULTIMODAL_DATA/Multimodal_Data/Cat1/opposite/bag_files/Cat1_10mph_lr_opposite_3/lidar_pcd/ns1/velodyne_points/1624824335.964956000.pcd
Cat1,10mph,lr,opposite,3,1624824336.065824000,ns1,/media/batool/MULTIMODAL_DATA/Multimodal_Data/Cat1/opposite/bag_files/Cat1_10mph_lr_opposite_3/lidar_pcd/ns1/velodyne_points/1624824336.065824000.pcd
Cat1,10mph,lr,opposite,3,1624824336.166678000,ns1,/media/batool/MULTIMODAL_DATA/Multimodal_Data/Cat1/opposite/bag_files/Cat1_10mph_lr_opposite_3/lidar_pcd/ns1/velodyne_points/1624824336.166678000.pcd
Cat1,10mph,lr,opposite,3,1624824336.267536000,ns1,/media/batool/MULTIMODAL_DATA/Multimodal_Data/Cat1/opposite/bag_files/Cat1_10mph_lr_opposite_3/lidar_pcd/ns1/velodyne_points/1624824336.267536000.pcd
Cat1,10mph,lr,opposite,3,1624824336.368368000,ns1,/media/batool/MULTIMODAL_DATA/Multimodal_Data/Cat1/opposite/bag_files/Cat1_10mph_lr_opposite_3/lidar_pcd/ns1/velodyne_points/1624824336.368368000.pcd
Cat1,10mph,lr,opposite,3,1624824336.469224000,ns1,/media/batool/MULTIMODAL_DATA/Multimodal_Data/Cat1/opposite/bag_files/Cat1_10mph_lr_opposite_3/lidar_pcd/ns1/velodyne_points/1624824336.469224000.pcd
Cat1,10mph,lr,opposite,3,1624824336.570107000,ns1,/media/batool/MULTIMODAL_DATA/Multimodal_Data/Cat1/opposite/bag_files/Cat1_10mph_lr_opposite_3/lidar_pcd/ns1/velodyne_points/1624824336.570107000.pcd
Cat1,10mph,lr,opposite,3,1624824336.670960000,ns1,/media/batool/MULTIMODAL_DATA/Multimodal_Data/Cat1/opposite/bag_files/Cat1_10mph_lr_opposite_3/lidar_pcd/ns1/velodyne_points/1624824336.670960000.pcd
Cat1,10mph,lr,opposite,3,1624824336.771819000,ns1,/media/batool/MULTIMODAL_DATA/Multimodal_Data/Cat1/opposite/bag_files/Cat1_10mph_lr_opposite_3/lidar_pcd/ns1/velodyne_points/1624824336.771819000.pcd
Cat1,10mph,lr,opposite,3,1624824336.872679000,ns1,/media/batool/MULTIMODAL_DATA/Multimodal_Data/Cat1/opposite/bag_files/Cat1_10mph_lr_opposite_3/lidar_pcd/ns1/velodyne_points/1624824336.872679000.pcd
Cat1,10mph,lr,opposite,3,1624824336.973537000,ns1,/media/batool/MULTIMODAL_DATA/Multimodal_Data/Cat1/opposite/bag_files/Cat1_10mph_lr_opposite_3/lidar_pcd/ns1/velodyne_points/1624824336.973537000.pcd
Cat1,10mph,lr,opposite,3,1624824337.074389000,ns1,/media/batool/MULTIMODAL_DATA/Multimodal_Data/Cat1/opposite/bag_files/Cat1_10mph_lr_opposite_3/lidar_pcd/ns1/velodyne_points/1624824337.074389000.pcd
Cat1,10mph,lr,opposite,3,1624824337.175255000,ns1,/media/batool/MULTIMODAL_DATA/Multimodal_Data/Cat1/opposite/bag_files/Cat1_10mph_lr_opposite_3/lidar_pcd/ns1/velodyne_points/1624824337.175255000.pcd
Cat1,10mph,lr,opposite,3,1624824337.376925000,ns1,/media/batool/MULTIMODAL_DATA/Multimodal_Data/Cat1/opposite/bag_files/Cat1_10mph_lr_opposite_3/lidar_pcd/ns1/velodyne_points/1624824337.376925000.pcd
Cat1,10mph,lr,opposite,3,1624824337.477818000,ns1,/media/batool/MULTIMODAL_DATA/Multimodal_Data/Cat1/opposite/bag_files/Cat1_10mph_lr_opposite_3/lidar_pcd/ns1/velodyne_points/1624824337.477818000.pcd
Cat1,10mph,lr,opposite,3,1624824337.578680000,ns1,/media/batool/MULTIMODAL_DATA/Multimodal_Data/Cat1/opposite/bag_files/Cat1_10mph_lr_opposite_3/lidar_pcd/ns1/velodyne_points/1624824337.578680000.pcd
Cat1,10mph,lr,opposite,3,1624824337.679474000,ns1,/media/batool/MULTIMODAL_DATA/Multimodal_Data/Cat1/opposite/bag_files/Cat1_10mph_lr_opposite_3/lidar_pcd/ns1/velodyne_points/1624824337.679474000.pcd
Cat1,10mph,lr,opposite,3,1624824337.780386000,ns1,/media/batool/MULTIMODAL_DATA/Multimodal_Data/Cat1/opposite/bag_files/Cat1_10mph_lr_opposite_3/lidar_pcd/ns1/velodyne_points/1624824337.780386000.pcd
Cat1,10mph,lr,opposite,3,1624824337.881227000,ns1,/media/batool/MULTIMODAL_DATA/Multimodal_Data/Cat1/opposite/bag_files/Cat1_10mph_lr_opposite_3/lidar_pcd/ns1/velodyne_points/1624824337.881227000.pcd
Cat1,10mph,lr,opposite,3,1624824337.982100000,ns1,/media/batool/MULTIMODAL_DATA/Multimodal_Data/Cat1/opposite/bag_files/Cat1_10mph_lr_opposite_3/lidar_pcd/ns1/velodyne_points/1624824337.982100000.pcd
Cat1,10mph,lr,opposite,3,1624824338.082919000,ns1,/media/batool/MULTIMODAL_DATA/Multimodal_Data/Cat1/opposite/bag_files/Cat1_10mph_lr_opposite_3/lidar_pcd/ns1/velodyne_points/1624824338.082919000.pcd
Cat1,10mph,lr,opposite,3,1624824338.183799000,ns1,/media/batool/MULTIMODAL_DATA/Multimodal_Data/Cat1/opposite/bag_files/Cat1_10mph_lr_opposite_3/lidar_pcd/ns1/velodyne_points/1624824338.183799000.pcd
Cat1,10mph,lr,opposite,3,1624824338.284620000,ns1,/media/batool/MULTIMODAL_DATA/Multimodal_Data/Cat1/opposite/bag_files/Cat1_10mph_lr_opposite_3/lidar_pcd/ns1/velodyne_points/1624824338.284620000.pcd
Cat1,10mph,lr,opposite,3,1624824338.385480000,ns1,/media/batool/MULTIMODAL_DATA/Multimodal_Data/Cat1/opposite/bag_files/Cat1_10mph_lr_opposite_3/lidar_pcd/ns1/velodyne_points/1624824338.385480000.pcd
Cat1,10mph,lr,opposite,3,1624824338.486384000,ns1,/media/batool/MULTIMODAL_DATA/Multimodal_Data/Cat1/opposite/bag_files/Cat1_10mph_lr_opposite_3/lidar_pcd/ns1/velodyne_points/1624824338.486384000.pcd
Cat1,10mph,lr,opposite,3,1624824338.587243000,ns1,/media/batool/MULTIMODAL_DATA/Multimodal_Data/Cat1/opposite/bag_files/Cat1_10mph_lr_opposite_3/lidar_pcd/ns1/velodyne_points/1624824338.587243000.pcd
Cat1,10mph,lr,opposite,3,1624824338.688082000,ns1,/media/batool/MULTIMODAL_DATA/Multimodal_Data/Cat1/opposite/bag_files/Cat1_10mph_lr_opposite_3/lidar_pcd/ns1/velodyne_points/1624824338.688082000.pcd
Cat1,10mph,lr,opposite,3,1624824338.889811000,ns1,/media/batool/MULTIMODAL_DATA/Multimodal_Data/Cat1/opposite/bag_files/Cat1_10mph_lr_opposite_3/lidar_pcd/ns1/velodyne_points/1624824338.889811000.pcd
Cat1,10mph,lr,opposite,3,1624824338.990663000,ns1,/media/batool/MULTIMODAL_DATA/Multimodal_Data/Cat1/opposite/bag_files/Cat1_10mph_lr_opposite_3/lidar_pcd/ns1/velodyne_points/1624824338.990663000.pcd
Cat1,10mph,lr,opposite,3,1624824339.091530000,ns1,/media/batool/MULTIMODAL_DATA/Multimodal_Data/Cat1/opposite/bag_files/Cat1_10mph_lr_opposite_3/lidar_pcd/ns1/velodyne_points/1624824339.091530000.pcd
Cat1,10mph,lr,opposite,3,1624824339.192352000,ns1,/media/batool/MULTIMODAL_DATA/Multimodal_Data/Cat1/opposite/bag_files/Cat1_10mph_lr_opposite_3/lidar_pcd/ns1/velodyne_points/1624824339.192352000.pcd
Cat1,10mph,lr,opposite,3,1624824339.293222000,ns1,/media/batool/MULTIMODAL_DATA/Multimodal_Data/Cat1/opposite/bag_files/Cat1_10mph_lr_opposite_3/lidar_pcd/ns1/velodyne_points/1624824339.293222000.pcd
Cat1,10mph,lr,opposite,3,1624824339.394065000,ns1,/media/batool/MULTIMODAL_DATA/Multimodal_Data/Cat1/opposite/bag_files/Cat1_10mph_lr_opposite_3/lidar_pcd/ns1/velodyne_points/1624824339.394065000.pcd
Cat1,10mph,lr,opposite,3,1624824339.494935000,ns1,/media/batool/MULTIMODAL_DATA/Multimodal_Data/Cat1/opposite/bag_files/Cat1_10mph_lr_opposite_3/lidar_pcd/ns1/velodyne_points/1624824339.494935000.pcd
Cat1,10mph,lr,opposite,3,1624824339.595880000,ns1,/media/batool/MULTIMODAL_DATA/Multimodal_Data/Cat1/opposite/bag_files/Cat1_10mph_lr_opposite_3/lidar_pcd/ns1/velodyne_points/1624824339.595880000.pcd
Cat1,10mph,lr,opposite,3,1624824339.696650000,ns1,/media/batool/MULTIMODAL_DATA/Multimodal_Data/Cat1/opposite/bag_files/Cat1_10mph_lr_opposite_3/lidar_pcd/ns1/velodyne_points/1624824339.696650000.pcd
Cat1,10mph,lr,opposite,3,1624824339.797500000,ns1,/media/batool/MULTIMODAL_DATA/Multimodal_Data/Cat1/opposite/bag_files/Cat1_10mph_lr_opposite_3/lidar_pcd/ns1/velodyne_points/1624824339.797500000.pcd
Cat1,10mph,lr,opposite,3,1624824339.898380000,ns1,/media/batool/MULTIMODAL_DATA/Multimodal_Data/Cat1/opposite/bag_files/Cat1_10mph_lr_opposite_3/lidar_pcd/ns1/velodyne_points/1624824339.898380000.pcd
Cat1,10mph,lr,opposite,3,1624824339.999235000,ns1,/media/batool/MULTIMODAL_DATA/Multimodal_Data/Cat1/opposite/bag_files/Cat1_10mph_lr_opposite_3/lidar_pcd/ns1/velodyne_points/1624824339.999235000.pcd
Cat1,10mph,lr,opposite,3,1624824340.100069000,ns1,/media/batool/MULTIMODAL_DATA/Multimodal_Data/Cat1/opposite/bag_files/Cat1_10mph_lr_opposite_3/lidar_pcd/ns1/velodyne_points/1624824340.100069000.pcd
Cat1,10mph,lr,opposite,3,1624824340.200932000,ns1,/media/batool/MULTIMODAL_DATA/Multimodal_Data/Cat1/opposite/bag_files/Cat1_10mph_lr_opposite_3/lidar_pcd/ns1/velodyne_points/1624824340.200932000.pcd
Cat1,10mph,lr,opposite,3,1624824340.402609000,ns1,/media/batool/MULTIMODAL_DATA/Multimodal_Data/Cat1/opposite/bag_files/Cat1_10mph_lr_opposite_3/lidar_pcd/ns1/velodyne_points/1624824340.402609000.pcd
Cat1,10mph,lr,opposite,3,1624824340.503486000,ns1,/media/batool/MULTIMODAL_DATA/Multimodal_Data/Cat1/opposite/bag_files/Cat1_10mph_lr_opposite_3/lidar_pcd/ns1/velodyne_points/1624824340.503486000.pcd
Cat1,10mph,lr,opposite,3,1624824340.604339000,ns1,/media/batool/MULTIMODAL_DATA/Multimodal_Data/Cat1/opposite/bag_files/Cat1_10mph_lr_opposite_3/lidar_pcd/ns1/velodyne_points/1624824340.604339000.pcd
Cat1,10mph,lr,opposite,3,1624824340.705219000,ns1,/media/batool/MULTIMODAL_DATA/Multimodal_Data/Cat1/opposite/bag_files/Cat1_10mph_lr_opposite_3/lidar_pcd/ns1/velodyne_points/1624824340.705219000.pcd
Cat1,10mph,lr,opposite,3,1624824340.806098000,ns1,/media/batool/MULTIMODAL_DATA/Multimodal_Data/Cat1/opposite/bag_files/Cat1_10mph_lr_opposite_3/lidar_pcd/ns1/velodyne_points/1624824340.806098000.pcd
Cat1,10mph,lr,opposite,3,1624824340.906938000,ns1,/media/batool/MULTIMODAL_DATA/Multimodal_Data/Cat1/opposite/bag_files/Cat1_10mph_lr_opposite_3/lidar_pcd/ns1/velodyne_points/1624824340.906938000.pcd
Cat1,10mph,lr,opposite,3,1624824341.007774000,ns1,/media/batool/MULTIMODAL_DATA/Multimodal_Data/Cat1/opposite/bag_files/Cat1_10mph_lr_opposite_3/lidar_pcd/ns1/velodyne_points/1624824341.007774000.pcd
Cat1,10mph,lr,opposite,3,1624824341.108629000,ns1,/media/batool/MULTIMODAL_DATA/Multimodal_Data/Cat1/opposite/bag_files/Cat1_10mph_lr_opposite_3/lidar_pcd/ns1/velodyne_points/1624824341.108629000.pcd
Cat1,10mph,lr,opposite,3,1624824341.209569000,ns1,/media/batool/MULTIMODAL_DATA/Multimodal_Data/Cat1/opposite/bag_files/Cat1_10mph_lr_opposite_3/lidar_pcd/ns1/velodyne_points/1624824341.209569000.pcd
Cat1,10mph,lr,opposite,3,1624824341.310374000,ns1,/media/batool/MULTIMODAL_DATA/Multimodal_Data/Cat1/opposite/bag_files/Cat1_10mph_lr_opposite_3/lidar_pcd/ns1/velodyne_points/1624824341.310374000.pcd
Cat1,10mph,lr,opposite,3,1624824341.411232000,ns1,/media/batool/MULTIMODAL_DATA/Multimodal_Data/Cat1/opposite/bag_files/Cat1_10mph_lr_opposite_3/lidar_pcd/ns1/velodyne_points/1624824341.411232000.pcd
Cat1,10mph,lr,opposite,3,1624824341.512064000,ns1,/media/batool/MULTIMODAL_DATA/Multimodal_Data/Cat1/opposite/bag_files/Cat1_10mph_lr_opposite_3/lidar_pcd/ns1/velodyne_points/1624824341.512064000.pcd
Cat1,10mph,lr,opposite,3,1624824341.612926000,ns1,/media/batool/MULTIMODAL_DATA/Multimodal_Data/Cat1/opposite/bag_files/Cat1_10mph_lr_opposite_3/lidar_pcd/ns1/velodyne_points/1624824341.612926000.pcd
Cat1,10mph,lr,opposite,3,1624824341.713749000,ns1,/media/batool/MULTIMODAL_DATA/Multimodal_Data/Cat1/opposite/bag_files/Cat1_10mph_lr_opposite_3/lidar_pcd/ns1/velodyne_points/1624824341.713749000.pcd
Cat1,10mph,lr,opposite,3,1624824341.915461000,ns1,/media/batool/MULTIMODAL_DATA/Multimodal_Data/Cat1/opposite/bag_files/Cat1_10mph_lr_opposite_3/lidar_pcd/ns1/velodyne_points/1624824341.915461000.pcd
Cat1,10mph,lr,opposite,3,1624824342.016395000,ns1,/media/batool/MULTIMODAL_DATA/Multimodal_Data/Cat1/opposite/bag_files/Cat1_10mph_lr_opposite_3/lidar_pcd/ns1/velodyne_points/1624824342.016395000.pcd
Cat1,10mph,lr,opposite,3,1624824342.117208000,ns1,/media/batool/MULTIMODAL_DATA/Multimodal_Data/Cat1/opposite/bag_files/Cat1_10mph_lr_opposite_3/lidar_pcd/ns1/velodyne_points/1624824342.117208000.pcd
Cat1,10mph,lr,opposite,3,1624824342.218085000,ns1,/media/batool/MULTIMODAL_DATA/Multimodal_Data/Cat1/opposite/bag_files/Cat1_10mph_lr_opposite_3/lidar_pcd/ns1/velodyne_points/1624824342.218085000.pcd
Cat1,10mph,lr,opposite,3,1624824342.318908000,ns1,/media/batool/MULTIMODAL_DATA/Multimodal_Data/Cat1/opposite/bag_files/Cat1_10mph_lr_opposite_3/lidar_pcd/ns1/velodyne_points/1624824342.318908000.pcd
Cat1,10mph,lr,opposite,3,1624824342.419831000,ns1,/media/batool/MULTIMODAL_DATA/Multimodal_Data/Cat1/opposite/bag_files/Cat1_10mph_lr_opposite_3/lidar_pcd/ns1/velodyne_points/1624824342.419831000.pcd
Cat1,10mph,lr,opposite,3,1624824342.520633000,ns1,/media/batool/MULTIMODAL_DATA/Multimodal_Data/Cat1/opposite/bag_files/Cat1_10mph_lr_opposite_3/lidar_pcd/ns1/velodyne_points/1624824342.520633000.pcd
Cat1,10mph,lr,opposite,3,1624824342.621491000,ns1,/media/batool/MULTIMODAL_DATA/Multimodal_Data/Cat1/opposite/bag_files/Cat1_10mph_lr_opposite_3/lidar_pcd/ns1/velodyne_points/1624824342.621491000.pcd
Cat1,10mph,lr,opposite,3,1624824342.722346000,ns1,/media/batool/MULTIMODAL_DATA/Multimodal_Data/Cat1/opposite/bag_files/Cat1_10mph_lr_opposite_3/lidar_pcd/ns1/velodyne_points/1624824342.722346000.pcd
Cat1,10mph,lr,opposite,3,1624824342.823193000,ns1,/media/batool/MULTIMODAL_DATA/Multimodal_Data/Cat1/opposite/bag_files/Cat1_10mph_lr_opposite_3/lidar_pcd/ns1/velodyne_points/1624824342.823193000.pcd
Cat1,10mph,lr,opposite,3,1624824342.924038000,ns1,/media/batool/MULTIMODAL_DATA/Multimodal_Data/Cat1/opposite/bag_files/Cat1_10mph_lr_opposite_3/lidar_pcd/ns1/velodyne_points/1624824342.924038000.pcd
Cat1,10mph,lr,opposite,3,1624824343.024926000,ns1,/media/batool/MULTIMODAL_DATA/Multimodal_Data/Cat1/opposite/bag_files/Cat1_10mph_lr_opposite_3/lidar_pcd/ns1/velodyne_points/1624824343.024926000.pcd
Cat1,10mph,lr,opposite,3,1624824343.125797000,ns1,/media/batool/MULTIMODAL_DATA/Multimodal_Data/Cat1/opposite/bag_files/Cat1_10mph_lr_opposite_3/lidar_pcd/ns1/velodyne_points/1624824343.125797000.pcd
Cat1,10mph,lr,opposite,3,1624824343.226667000,ns1,/media/batool/MULTIMODAL_DATA/Multimodal_Data/Cat1/opposite/bag_files/Cat1_10mph_lr_opposite_3/lidar_pcd/ns1/velodyne_points/1624824343.226667000.pcd
Cat1,10mph,lr,opposite,3,1624824343.327511000,ns1,/media/batool/MULTIMODAL_DATA/Multimodal_Data/Cat1/opposite/bag_files/Cat1_10mph_lr_opposite_3/lidar_pcd/ns1/velodyne_points/1624824343.327511000.pcd
Cat1,10mph,lr,opposite,3,1624824343.428325000,ns1,/media/batool/MULTIMODAL_DATA/Multimodal_Data/Cat1/opposite/bag_files/Cat1_10mph_lr_opposite_3/lidar_pcd/ns1/velodyne_points/1624824343.428325000.pcd
Cat1,10mph,lr,opposite,3,1624824343.529164000,ns1,/media/batool/MULTIMODAL_DATA/Multimodal_Data/Cat1/opposite/bag_files/Cat1_10mph_lr_opposite_3/lidar_pcd/ns1/velodyne_points/1624824343.529164000.pcd
Cat1,10mph,lr,opposite,3,1624824343.630075000,ns1,/media/batool/MULTIMODAL_DATA/Multimodal_Data/Cat1/opposite/bag_files/Cat1_10mph_lr_opposite_3/lidar_pcd/ns1/velodyne_points/1624824343.630075000.pcd
Cat1,10mph,lr,opposite,3,1624824343.730918000,ns1,/media/batool/MULTIMODAL_DATA/Multimodal_Data/Cat1/opposite/bag_files/Cat1_10mph_lr_opposite_3/lidar_pcd/ns1/velodyne_points/1624824343.730918000.pcd
Cat1,10mph,lr,opposite,3,1624824343.831752000,ns1,/media/batool/MULTIMODAL_DATA/Multimodal_Data/Cat1/opposite/bag_files/Cat1_10mph_lr_opposite_3/lidar_pcd/ns1/velodyne_points/1624824343.831752000.pcd
