Category,speed,direction,lane,episode,Time header,Image_path
Cat3,15mph,lr,opposite,1,1625003593.778383,/media/batool/MULTIMODAL_DATA/Multimodal_Data/Cat3/static_in_front/bag_files/Cat3_15mph_lr_opposite_1/camera_images/1625003593.778383.jpg
Cat3,15mph,lr,opposite,1,1625003593.8117163,/media/batool/MULTIMODAL_DATA/Multimodal_Data/Cat3/static_in_front/bag_files/Cat3_15mph_lr_opposite_1/camera_images/1625003593.8117163.jpg
Cat3,15mph,lr,opposite,1,1625003593.8450496,/media/batool/MULTIMODAL_DATA/Multimodal_Data/Cat3/static_in_front/bag_files/Cat3_15mph_lr_opposite_1/camera_images/1625003593.8450496.jpg
Cat3,15mph,lr,opposite,1,1625003593.878383,/media/batool/MULTIMODAL_DATA/Multimodal_Data/Cat3/static_in_front/bag_files/Cat3_15mph_lr_opposite_1/camera_images/1625003593.878383.jpg
Cat3,15mph,lr,opposite,1,1625003593.9117162,/media/batool/MULTIMODAL_DATA/Multimodal_Data/Cat3/static_in_front/bag_files/Cat3_15mph_lr_opposite_1/camera_images/1625003593.9117162.jpg
Cat3,15mph,lr,opposite,1,1625003593.9450495,/media/batool/MULTIMODAL_DATA/Multimodal_Data/Cat3/static_in_front/bag_files/Cat3_15mph_lr_opposite_1/camera_images/1625003593.9450495.jpg
Cat3,15mph,lr,opposite,1,1625003593.9783828,/media/batool/MULTIMODAL_DATA/Multimodal_Data/Cat3/static_in_front/bag_files/Cat3_15mph_lr_opposite_1/camera_images/1625003593.9783828.jpg
Cat3,15mph,lr,opposite,1,1625003594.0117161,/media/batool/MULTIMODAL_DATA/Multimodal_Data/Cat3/static_in_front/bag_files/Cat3_15mph_lr_opposite_1/camera_images/1625003594.0117161.jpg
Cat3,15mph,lr,opposite,1,1625003594.0450494,/media/batool/MULTIMODAL_DATA/Multimodal_Data/Cat3/static_in_front/bag_files/Cat3_15mph_lr_opposite_1/camera_images/1625003594.0450494.jpg
Cat3,15mph,lr,opposite,1,1625003594.0783827,/media/batool/MULTIMODAL_DATA/Multimodal_Data/Cat3/static_in_front/bag_files/Cat3_15mph_lr_opposite_1/camera_images/1625003594.0783827.jpg
Cat3,15mph,lr,opposite,1,1625003594.111716,/media/batool/MULTIMODAL_DATA/Multimodal_Data/Cat3/static_in_front/bag_files/Cat3_15mph_lr_opposite_1/camera_images/1625003594.111716.jpg
Cat3,15mph,lr,opposite,1,1625003594.1450493,/media/batool/MULTIMODAL_DATA/Multimodal_Data/Cat3/static_in_front/bag_files/Cat3_15mph_lr_opposite_1/camera_images/1625003594.1450493.jpg
Cat3,15mph,lr,opposite,1,1625003594.1783826,/media/batool/MULTIMODAL_DATA/Multimodal_Data/Cat3/static_in_front/bag_files/Cat3_15mph_lr_opposite_1/camera_images/1625003594.1783826.jpg
Cat3,15mph,lr,opposite,1,1625003594.211716,/media/batool/MULTIMODAL_DATA/Multimodal_Data/Cat3/static_in_front/bag_files/Cat3_15mph_lr_opposite_1/camera_images/1625003594.211716.jpg
Cat3,15mph,lr,opposite,1,1625003594.2450492,/media/batool/MULTIMODAL_DATA/Multimodal_Data/Cat3/static_in_front/bag_files/Cat3_15mph_lr_opposite_1/camera_images/1625003594.2450492.jpg
Cat3,15mph,lr,opposite,1,1625003594.3117158,/media/batool/MULTIMODAL_DATA/Multimodal_Data/Cat3/static_in_front/bag_files/Cat3_15mph_lr_opposite_1/camera_images/1625003594.3117158.jpg
Cat3,15mph,lr,opposite,1,1625003594.3450491,/media/batool/MULTIMODAL_DATA/Multimodal_Data/Cat3/static_in_front/bag_files/Cat3_15mph_lr_opposite_1/camera_images/1625003594.3450491.jpg
Cat3,15mph,lr,opposite,1,1625003594.3783824,/media/batool/MULTIMODAL_DATA/Multimodal_Data/Cat3/static_in_front/bag_files/Cat3_15mph_lr_opposite_1/camera_images/1625003594.3783824.jpg
Cat3,15mph,lr,opposite,1,1625003594.4117157,/media/batool/MULTIMODAL_DATA/Multimodal_Data/Cat3/static_in_front/bag_files/Cat3_15mph_lr_opposite_1/camera_images/1625003594.4117157.jpg
Cat3,15mph,lr,opposite,1,1625003594.445049,/media/batool/MULTIMODAL_DATA/Multimodal_Data/Cat3/static_in_front/bag_files/Cat3_15mph_lr_opposite_1/camera_images/1625003594.445049.jpg
Cat3,15mph,lr,opposite,1,1625003594.4783823,/media/batool/MULTIMODAL_DATA/Multimodal_Data/Cat3/static_in_front/bag_files/Cat3_15mph_lr_opposite_1/camera_images/1625003594.4783823.jpg
Cat3,15mph,lr,opposite,1,1625003594.5117157,/media/batool/MULTIMODAL_DATA/Multimodal_Data/Cat3/static_in_front/bag_files/Cat3_15mph_lr_opposite_1/camera_images/1625003594.5117157.jpg
Cat3,15mph,lr,opposite,1,1625003594.545049,/media/batool/MULTIMODAL_DATA/Multimodal_Data/Cat3/static_in_front/bag_files/Cat3_15mph_lr_opposite_1/camera_images/1625003594.545049.jpg
Cat3,15mph,lr,opposite,1,1625003594.5783823,/media/batool/MULTIMODAL_DATA/Multimodal_Data/Cat3/static_in_front/bag_files/Cat3_15mph_lr_opposite_1/camera_images/1625003594.5783823.jpg
Cat3,15mph,lr,opposite,1,1625003594.6117156,/media/batool/MULTIMODAL_DATA/Multimodal_Data/Cat3/static_in_front/bag_files/Cat3_15mph_lr_opposite_1/camera_images/1625003594.6117156.jpg
Cat3,15mph,lr,opposite,1,1625003594.6450489,/media/batool/MULTIMODAL_DATA/Multimodal_Data/Cat3/static_in_front/bag_files/Cat3_15mph_lr_opposite_1/camera_images/1625003594.6450489.jpg
Cat3,15mph,lr,opposite,1,1625003594.6783822,/media/batool/MULTIMODAL_DATA/Multimodal_Data/Cat3/static_in_front/bag_files/Cat3_15mph_lr_opposite_1/camera_images/1625003594.6783822.jpg
Cat3,15mph,lr,opposite,1,1625003594.7117155,/media/batool/MULTIMODAL_DATA/Multimodal_Data/Cat3/static_in_front/bag_files/Cat3_15mph_lr_opposite_1/camera_images/1625003594.7117155.jpg
Cat3,15mph,lr,opposite,1,1625003594.7450488,/media/batool/MULTIMODAL_DATA/Multimodal_Data/Cat3/static_in_front/bag_files/Cat3_15mph_lr_opposite_1/camera_images/1625003594.7450488.jpg
Cat3,15mph,lr,opposite,1,1625003594.778382,/media/batool/MULTIMODAL_DATA/Multimodal_Data/Cat3/static_in_front/bag_files/Cat3_15mph_lr_opposite_1/camera_images/1625003594.778382.jpg
Cat3,15mph,lr,opposite,1,1625003594.8450487,/media/batool/MULTIMODAL_DATA/Multimodal_Data/Cat3/static_in_front/bag_files/Cat3_15mph_lr_opposite_1/camera_images/1625003594.8450487.jpg
Cat3,15mph,lr,opposite,1,1625003594.878382,/media/batool/MULTIMODAL_DATA/Multimodal_Data/Cat3/static_in_front/bag_files/Cat3_15mph_lr_opposite_1/camera_images/1625003594.878382.jpg
Cat3,15mph,lr,opposite,1,1625003594.9117153,/media/batool/MULTIMODAL_DATA/Multimodal_Data/Cat3/static_in_front/bag_files/Cat3_15mph_lr_opposite_1/camera_images/1625003594.9117153.jpg
Cat3,15mph,lr,opposite,1,1625003594.9450486,/media/batool/MULTIMODAL_DATA/Multimodal_Data/Cat3/static_in_front/bag_files/Cat3_15mph_lr_opposite_1/camera_images/1625003594.9450486.jpg
Cat3,15mph,lr,opposite,1,1625003594.9783819,/media/batool/MULTIMODAL_DATA/Multimodal_Data/Cat3/static_in_front/bag_files/Cat3_15mph_lr_opposite_1/camera_images/1625003594.9783819.jpg
Cat3,15mph,lr,opposite,1,1625003595.0117152,/media/batool/MULTIMODAL_DATA/Multimodal_Data/Cat3/static_in_front/bag_files/Cat3_15mph_lr_opposite_1/camera_images/1625003595.0117152.jpg
Cat3,15mph,lr,opposite,1,1625003595.0450485,/media/batool/MULTIMODAL_DATA/Multimodal_Data/Cat3/static_in_front/bag_files/Cat3_15mph_lr_opposite_1/camera_images/1625003595.0450485.jpg
Cat3,15mph,lr,opposite,1,1625003595.0783818,/media/batool/MULTIMODAL_DATA/Multimodal_Data/Cat3/static_in_front/bag_files/Cat3_15mph_lr_opposite_1/camera_images/1625003595.0783818.jpg
Cat3,15mph,lr,opposite,1,1625003595.111715,/media/batool/MULTIMODAL_DATA/Multimodal_Data/Cat3/static_in_front/bag_files/Cat3_15mph_lr_opposite_1/camera_images/1625003595.111715.jpg
Cat3,15mph,lr,opposite,1,1625003595.1450484,/media/batool/MULTIMODAL_DATA/Multimodal_Data/Cat3/static_in_front/bag_files/Cat3_15mph_lr_opposite_1/camera_images/1625003595.1450484.jpg
Cat3,15mph,lr,opposite,1,1625003595.1783817,/media/batool/MULTIMODAL_DATA/Multimodal_Data/Cat3/static_in_front/bag_files/Cat3_15mph_lr_opposite_1/camera_images/1625003595.1783817.jpg
Cat3,15mph,lr,opposite,1,1625003595.211715,/media/batool/MULTIMODAL_DATA/Multimodal_Data/Cat3/static_in_front/bag_files/Cat3_15mph_lr_opposite_1/camera_images/1625003595.211715.jpg
Cat3,15mph,lr,opposite,1,1625003595.2450483,/media/batool/MULTIMODAL_DATA/Multimodal_Data/Cat3/static_in_front/bag_files/Cat3_15mph_lr_opposite_1/camera_images/1625003595.2450483.jpg
Cat3,15mph,lr,opposite,1,1625003595.2783816,/media/batool/MULTIMODAL_DATA/Multimodal_Data/Cat3/static_in_front/bag_files/Cat3_15mph_lr_opposite_1/camera_images/1625003595.2783816.jpg
Cat3,15mph,lr,opposite,1,1625003595.311715,/media/batool/MULTIMODAL_DATA/Multimodal_Data/Cat3/static_in_front/bag_files/Cat3_15mph_lr_opposite_1/camera_images/1625003595.311715.jpg
Cat3,15mph,lr,opposite,1,1625003595.3783815,/media/batool/MULTIMODAL_DATA/Multimodal_Data/Cat3/static_in_front/bag_files/Cat3_15mph_lr_opposite_1/camera_images/1625003595.3783815.jpg
Cat3,15mph,lr,opposite,1,1625003595.4117148,/media/batool/MULTIMODAL_DATA/Multimodal_Data/Cat3/static_in_front/bag_files/Cat3_15mph_lr_opposite_1/camera_images/1625003595.4117148.jpg
Cat3,15mph,lr,opposite,1,1625003595.445048,/media/batool/MULTIMODAL_DATA/Multimodal_Data/Cat3/static_in_front/bag_files/Cat3_15mph_lr_opposite_1/camera_images/1625003595.445048.jpg
Cat3,15mph,lr,opposite,1,1625003595.4783814,/media/batool/MULTIMODAL_DATA/Multimodal_Data/Cat3/static_in_front/bag_files/Cat3_15mph_lr_opposite_1/camera_images/1625003595.4783814.jpg
Cat3,15mph,lr,opposite,1,1625003595.5117147,/media/batool/MULTIMODAL_DATA/Multimodal_Data/Cat3/static_in_front/bag_files/Cat3_15mph_lr_opposite_1/camera_images/1625003595.5117147.jpg
Cat3,15mph,lr,opposite,1,1625003595.545048,/media/batool/MULTIMODAL_DATA/Multimodal_Data/Cat3/static_in_front/bag_files/Cat3_15mph_lr_opposite_1/camera_images/1625003595.545048.jpg
Cat3,15mph,lr,opposite,1,1625003595.5783813,/media/batool/MULTIMODAL_DATA/Multimodal_Data/Cat3/static_in_front/bag_files/Cat3_15mph_lr_opposite_1/camera_images/1625003595.5783813.jpg
Cat3,15mph,lr,opposite,1,1625003595.6117146,/media/batool/MULTIMODAL_DATA/Multimodal_Data/Cat3/static_in_front/bag_files/Cat3_15mph_lr_opposite_1/camera_images/1625003595.6117146.jpg
Cat3,15mph,lr,opposite,1,1625003595.645048,/media/batool/MULTIMODAL_DATA/Multimodal_Data/Cat3/static_in_front/bag_files/Cat3_15mph_lr_opposite_1/camera_images/1625003595.645048.jpg
Cat3,15mph,lr,opposite,1,1625003595.6783812,/media/batool/MULTIMODAL_DATA/Multimodal_Data/Cat3/static_in_front/bag_files/Cat3_15mph_lr_opposite_1/camera_images/1625003595.6783812.jpg
Cat3,15mph,lr,opposite,1,1625003595.7117145,/media/batool/MULTIMODAL_DATA/Multimodal_Data/Cat3/static_in_front/bag_files/Cat3_15mph_lr_opposite_1/camera_images/1625003595.7117145.jpg
Cat3,15mph,lr,opposite,1,1625003595.7450478,/media/batool/MULTIMODAL_DATA/Multimodal_Data/Cat3/static_in_front/bag_files/Cat3_15mph_lr_opposite_1/camera_images/1625003595.7450478.jpg
Cat3,15mph,lr,opposite,1,1625003595.778381,/media/batool/MULTIMODAL_DATA/Multimodal_Data/Cat3/static_in_front/bag_files/Cat3_15mph_lr_opposite_1/camera_images/1625003595.778381.jpg
Cat3,15mph,lr,opposite,1,1625003595.8117144,/media/batool/MULTIMODAL_DATA/Multimodal_Data/Cat3/static_in_front/bag_files/Cat3_15mph_lr_opposite_1/camera_images/1625003595.8117144.jpg
Cat3,15mph,lr,opposite,1,1625003595.8450477,/media/batool/MULTIMODAL_DATA/Multimodal_Data/Cat3/static_in_front/bag_files/Cat3_15mph_lr_opposite_1/camera_images/1625003595.8450477.jpg
Cat3,15mph,lr,opposite,1,1625003594.2783825,/media/batool/MULTIMODAL_DATA/Multimodal_Data/Cat3/static_in_front/bag_files/Cat3_15mph_lr_opposite_1/camera_images/1625003594.2783825.jpg
Cat3,15mph,lr,opposite,1,1625003594.8117154,/media/batool/MULTIMODAL_DATA/Multimodal_Data/Cat3/static_in_front/bag_files/Cat3_15mph_lr_opposite_1/camera_images/1625003594.8117154.jpg
Cat3,15mph,lr,opposite,1,1625003595.3450482,/media/batool/MULTIMODAL_DATA/Multimodal_Data/Cat3/static_in_front/bag_files/Cat3_15mph_lr_opposite_1/camera_images/1625003595.3450482.jpg
Cat3,15mph,lr,opposite,1,1625003595.878381,/media/batool/MULTIMODAL_DATA/Multimodal_Data/Cat3/static_in_front/bag_files/Cat3_15mph_lr_opposite_1/camera_images/1625003595.878381.jpg
Cat3,15mph,lr,opposite,1,1625003596.4117138,/media/batool/MULTIMODAL_DATA/Multimodal_Data/Cat3/static_in_front/bag_files/Cat3_15mph_lr_opposite_1/camera_images/1625003596.4117138.jpg
Cat3,15mph,lr,opposite,1,1625003596.9450467,/media/batool/MULTIMODAL_DATA/Multimodal_Data/Cat3/static_in_front/bag_files/Cat3_15mph_lr_opposite_1/camera_images/1625003596.9450467.jpg
Cat3,15mph,lr,opposite,1,1625003597.4783795,/media/batool/MULTIMODAL_DATA/Multimodal_Data/Cat3/static_in_front/bag_files/Cat3_15mph_lr_opposite_1/camera_images/1625003597.4783795.jpg
Cat3,15mph,lr,opposite,1,1625003598.0117123,/media/batool/MULTIMODAL_DATA/Multimodal_Data/Cat3/static_in_front/bag_files/Cat3_15mph_lr_opposite_1/camera_images/1625003598.0117123.jpg
Cat3,15mph,lr,opposite,1,1625003598.5450451,/media/batool/MULTIMODAL_DATA/Multimodal_Data/Cat3/static_in_front/bag_files/Cat3_15mph_lr_opposite_1/camera_images/1625003598.5450451.jpg
Cat3,15mph,lr,opposite,1,1625003599.078378,/media/batool/MULTIMODAL_DATA/Multimodal_Data/Cat3/static_in_front/bag_files/Cat3_15mph_lr_opposite_1/camera_images/1625003599.078378.jpg
Cat3,15mph,lr,opposite,1,1625003599.6117108,/media/batool/MULTIMODAL_DATA/Multimodal_Data/Cat3/static_in_front/bag_files/Cat3_15mph_lr_opposite_1/camera_images/1625003599.6117108.jpg
Cat3,15mph,lr,opposite,1,1625003600.1450436,/media/batool/MULTIMODAL_DATA/Multimodal_Data/Cat3/static_in_front/bag_files/Cat3_15mph_lr_opposite_1/camera_images/1625003600.1450436.jpg
Cat3,15mph,lr,opposite,1,1625003600.6783764,/media/batool/MULTIMODAL_DATA/Multimodal_Data/Cat3/static_in_front/bag_files/Cat3_15mph_lr_opposite_1/camera_images/1625003600.6783764.jpg
Cat3,15mph,lr,opposite,1,1625003601.2117093,/media/batool/MULTIMODAL_DATA/Multimodal_Data/Cat3/static_in_front/bag_files/Cat3_15mph_lr_opposite_1/camera_images/1625003601.2117093.jpg
Cat3,15mph,lr,opposite,1,1625003601.745042,/media/batool/MULTIMODAL_DATA/Multimodal_Data/Cat3/static_in_front/bag_files/Cat3_15mph_lr_opposite_1/camera_images/1625003601.745042.jpg
Cat3,15mph,lr,opposite,1,1625003602.278375,/media/batool/MULTIMODAL_DATA/Multimodal_Data/Cat3/static_in_front/bag_files/Cat3_15mph_lr_opposite_1/camera_images/1625003602.278375.jpg
Cat3,15mph,lr,opposite,1,1625003602.8117077,/media/batool/MULTIMODAL_DATA/Multimodal_Data/Cat3/static_in_front/bag_files/Cat3_15mph_lr_opposite_1/camera_images/1625003602.8117077.jpg
Cat3,15mph,lr,opposite,1,1625003603.3450406,/media/batool/MULTIMODAL_DATA/Multimodal_Data/Cat3/static_in_front/bag_files/Cat3_15mph_lr_opposite_1/camera_images/1625003603.3450406.jpg
Cat3,15mph,lr,opposite,1,1625003603.8783734,/media/batool/MULTIMODAL_DATA/Multimodal_Data/Cat3/static_in_front/bag_files/Cat3_15mph_lr_opposite_1/camera_images/1625003603.8783734.jpg
Cat3,15mph,lr,opposite,1,1625003604.4117062,/media/batool/MULTIMODAL_DATA/Multimodal_Data/Cat3/static_in_front/bag_files/Cat3_15mph_lr_opposite_1/camera_images/1625003604.4117062.jpg
Cat3,15mph,lr,opposite,1,1625003604.945039,/media/batool/MULTIMODAL_DATA/Multimodal_Data/Cat3/static_in_front/bag_files/Cat3_15mph_lr_opposite_1/camera_images/1625003604.945039.jpg
Cat3,15mph,lr,opposite,1,1625003605.4783719,/media/batool/MULTIMODAL_DATA/Multimodal_Data/Cat3/static_in_front/bag_files/Cat3_15mph_lr_opposite_1/camera_images/1625003605.4783719.jpg
Cat3,15mph,lr,opposite,1,1625003606.0117047,/media/batool/MULTIMODAL_DATA/Multimodal_Data/Cat3/static_in_front/bag_files/Cat3_15mph_lr_opposite_1/camera_images/1625003606.0117047.jpg
Cat3,15mph,lr,opposite,1,1625003606.5450375,/media/batool/MULTIMODAL_DATA/Multimodal_Data/Cat3/static_in_front/bag_files/Cat3_15mph_lr_opposite_1/camera_images/1625003606.5450375.jpg
Cat3,15mph,lr,opposite,1,1625003607.0783703,/media/batool/MULTIMODAL_DATA/Multimodal_Data/Cat3/static_in_front/bag_files/Cat3_15mph_lr_opposite_1/camera_images/1625003607.0783703.jpg
Cat3,15mph,lr,opposite,1,1625003607.6117032,/media/batool/MULTIMODAL_DATA/Multimodal_Data/Cat3/static_in_front/bag_files/Cat3_15mph_lr_opposite_1/camera_images/1625003607.6117032.jpg
Cat3,15mph,lr,opposite,1,1625003608.145036,/media/batool/MULTIMODAL_DATA/Multimodal_Data/Cat3/static_in_front/bag_files/Cat3_15mph_lr_opposite_1/camera_images/1625003608.145036.jpg
Cat3,15mph,lr,opposite,1,1625003595.9117143,/media/batool/MULTIMODAL_DATA/Multimodal_Data/Cat3/static_in_front/bag_files/Cat3_15mph_lr_opposite_1/camera_images/1625003595.9117143.jpg
Cat3,15mph,lr,opposite,1,1625003595.9450476,/media/batool/MULTIMODAL_DATA/Multimodal_Data/Cat3/static_in_front/bag_files/Cat3_15mph_lr_opposite_1/camera_images/1625003595.9450476.jpg
Cat3,15mph,lr,opposite,1,1625003595.978381,/media/batool/MULTIMODAL_DATA/Multimodal_Data/Cat3/static_in_front/bag_files/Cat3_15mph_lr_opposite_1/camera_images/1625003595.978381.jpg
Cat3,15mph,lr,opposite,1,1625003596.0117142,/media/batool/MULTIMODAL_DATA/Multimodal_Data/Cat3/static_in_front/bag_files/Cat3_15mph_lr_opposite_1/camera_images/1625003596.0117142.jpg
Cat3,15mph,lr,opposite,1,1625003596.0450475,/media/batool/MULTIMODAL_DATA/Multimodal_Data/Cat3/static_in_front/bag_files/Cat3_15mph_lr_opposite_1/camera_images/1625003596.0450475.jpg
Cat3,15mph,lr,opposite,1,1625003596.0783808,/media/batool/MULTIMODAL_DATA/Multimodal_Data/Cat3/static_in_front/bag_files/Cat3_15mph_lr_opposite_1/camera_images/1625003596.0783808.jpg
Cat3,15mph,lr,opposite,1,1625003596.1117141,/media/batool/MULTIMODAL_DATA/Multimodal_Data/Cat3/static_in_front/bag_files/Cat3_15mph_lr_opposite_1/camera_images/1625003596.1117141.jpg
Cat3,15mph,lr,opposite,1,1625003596.1450474,/media/batool/MULTIMODAL_DATA/Multimodal_Data/Cat3/static_in_front/bag_files/Cat3_15mph_lr_opposite_1/camera_images/1625003596.1450474.jpg
Cat3,15mph,lr,opposite,1,1625003596.1783807,/media/batool/MULTIMODAL_DATA/Multimodal_Data/Cat3/static_in_front/bag_files/Cat3_15mph_lr_opposite_1/camera_images/1625003596.1783807.jpg
Cat3,15mph,lr,opposite,1,1625003596.211714,/media/batool/MULTIMODAL_DATA/Multimodal_Data/Cat3/static_in_front/bag_files/Cat3_15mph_lr_opposite_1/camera_images/1625003596.211714.jpg
Cat3,15mph,lr,opposite,1,1625003596.2450473,/media/batool/MULTIMODAL_DATA/Multimodal_Data/Cat3/static_in_front/bag_files/Cat3_15mph_lr_opposite_1/camera_images/1625003596.2450473.jpg
Cat3,15mph,lr,opposite,1,1625003596.2783806,/media/batool/MULTIMODAL_DATA/Multimodal_Data/Cat3/static_in_front/bag_files/Cat3_15mph_lr_opposite_1/camera_images/1625003596.2783806.jpg
Cat3,15mph,lr,opposite,1,1625003596.311714,/media/batool/MULTIMODAL_DATA/Multimodal_Data/Cat3/static_in_front/bag_files/Cat3_15mph_lr_opposite_1/camera_images/1625003596.311714.jpg
Cat3,15mph,lr,opposite,1,1625003596.3450472,/media/batool/MULTIMODAL_DATA/Multimodal_Data/Cat3/static_in_front/bag_files/Cat3_15mph_lr_opposite_1/camera_images/1625003596.3450472.jpg
Cat3,15mph,lr,opposite,1,1625003596.3783805,/media/batool/MULTIMODAL_DATA/Multimodal_Data/Cat3/static_in_front/bag_files/Cat3_15mph_lr_opposite_1/camera_images/1625003596.3783805.jpg
Cat3,15mph,lr,opposite,1,1625003596.4450471,/media/batool/MULTIMODAL_DATA/Multimodal_Data/Cat3/static_in_front/bag_files/Cat3_15mph_lr_opposite_1/camera_images/1625003596.4450471.jpg
Cat3,15mph,lr,opposite,1,1625003596.4783804,/media/batool/MULTIMODAL_DATA/Multimodal_Data/Cat3/static_in_front/bag_files/Cat3_15mph_lr_opposite_1/camera_images/1625003596.4783804.jpg
Cat3,15mph,lr,opposite,1,1625003596.5117137,/media/batool/MULTIMODAL_DATA/Multimodal_Data/Cat3/static_in_front/bag_files/Cat3_15mph_lr_opposite_1/camera_images/1625003596.5117137.jpg
Cat3,15mph,lr,opposite,1,1625003596.545047,/media/batool/MULTIMODAL_DATA/Multimodal_Data/Cat3/static_in_front/bag_files/Cat3_15mph_lr_opposite_1/camera_images/1625003596.545047.jpg
Cat3,15mph,lr,opposite,1,1625003596.5783803,/media/batool/MULTIMODAL_DATA/Multimodal_Data/Cat3/static_in_front/bag_files/Cat3_15mph_lr_opposite_1/camera_images/1625003596.5783803.jpg
Cat3,15mph,lr,opposite,1,1625003596.6117136,/media/batool/MULTIMODAL_DATA/Multimodal_Data/Cat3/static_in_front/bag_files/Cat3_15mph_lr_opposite_1/camera_images/1625003596.6117136.jpg
Cat3,15mph,lr,opposite,1,1625003596.645047,/media/batool/MULTIMODAL_DATA/Multimodal_Data/Cat3/static_in_front/bag_files/Cat3_15mph_lr_opposite_1/camera_images/1625003596.645047.jpg
Cat3,15mph,lr,opposite,1,1625003596.6783803,/media/batool/MULTIMODAL_DATA/Multimodal_Data/Cat3/static_in_front/bag_files/Cat3_15mph_lr_opposite_1/camera_images/1625003596.6783803.jpg
Cat3,15mph,lr,opposite,1,1625003596.7117136,/media/batool/MULTIMODAL_DATA/Multimodal_Data/Cat3/static_in_front/bag_files/Cat3_15mph_lr_opposite_1/camera_images/1625003596.7117136.jpg
Cat3,15mph,lr,opposite,1,1625003596.7450469,/media/batool/MULTIMODAL_DATA/Multimodal_Data/Cat3/static_in_front/bag_files/Cat3_15mph_lr_opposite_1/camera_images/1625003596.7450469.jpg
Cat3,15mph,lr,opposite,1,1625003596.7783802,/media/batool/MULTIMODAL_DATA/Multimodal_Data/Cat3/static_in_front/bag_files/Cat3_15mph_lr_opposite_1/camera_images/1625003596.7783802.jpg
Cat3,15mph,lr,opposite,1,1625003596.8117135,/media/batool/MULTIMODAL_DATA/Multimodal_Data/Cat3/static_in_front/bag_files/Cat3_15mph_lr_opposite_1/camera_images/1625003596.8117135.jpg
Cat3,15mph,lr,opposite,1,1625003596.8450468,/media/batool/MULTIMODAL_DATA/Multimodal_Data/Cat3/static_in_front/bag_files/Cat3_15mph_lr_opposite_1/camera_images/1625003596.8450468.jpg
Cat3,15mph,lr,opposite,1,1625003596.87838,/media/batool/MULTIMODAL_DATA/Multimodal_Data/Cat3/static_in_front/bag_files/Cat3_15mph_lr_opposite_1/camera_images/1625003596.87838.jpg
Cat3,15mph,lr,opposite,1,1625003596.9117134,/media/batool/MULTIMODAL_DATA/Multimodal_Data/Cat3/static_in_front/bag_files/Cat3_15mph_lr_opposite_1/camera_images/1625003596.9117134.jpg
Cat3,15mph,lr,opposite,1,1625003596.97838,/media/batool/MULTIMODAL_DATA/Multimodal_Data/Cat3/static_in_front/bag_files/Cat3_15mph_lr_opposite_1/camera_images/1625003596.97838.jpg
Cat3,15mph,lr,opposite,1,1625003597.0117133,/media/batool/MULTIMODAL_DATA/Multimodal_Data/Cat3/static_in_front/bag_files/Cat3_15mph_lr_opposite_1/camera_images/1625003597.0117133.jpg
Cat3,15mph,lr,opposite,1,1625003597.0450466,/media/batool/MULTIMODAL_DATA/Multimodal_Data/Cat3/static_in_front/bag_files/Cat3_15mph_lr_opposite_1/camera_images/1625003597.0450466.jpg
Cat3,15mph,lr,opposite,1,1625003597.0783799,/media/batool/MULTIMODAL_DATA/Multimodal_Data/Cat3/static_in_front/bag_files/Cat3_15mph_lr_opposite_1/camera_images/1625003597.0783799.jpg
Cat3,15mph,lr,opposite,1,1625003597.1117132,/media/batool/MULTIMODAL_DATA/Multimodal_Data/Cat3/static_in_front/bag_files/Cat3_15mph_lr_opposite_1/camera_images/1625003597.1117132.jpg
Cat3,15mph,lr,opposite,1,1625003597.1450465,/media/batool/MULTIMODAL_DATA/Multimodal_Data/Cat3/static_in_front/bag_files/Cat3_15mph_lr_opposite_1/camera_images/1625003597.1450465.jpg
Cat3,15mph,lr,opposite,1,1625003597.1783798,/media/batool/MULTIMODAL_DATA/Multimodal_Data/Cat3/static_in_front/bag_files/Cat3_15mph_lr_opposite_1/camera_images/1625003597.1783798.jpg
Cat3,15mph,lr,opposite,1,1625003597.211713,/media/batool/MULTIMODAL_DATA/Multimodal_Data/Cat3/static_in_front/bag_files/Cat3_15mph_lr_opposite_1/camera_images/1625003597.211713.jpg
Cat3,15mph,lr,opposite,1,1625003597.2450464,/media/batool/MULTIMODAL_DATA/Multimodal_Data/Cat3/static_in_front/bag_files/Cat3_15mph_lr_opposite_1/camera_images/1625003597.2450464.jpg
Cat3,15mph,lr,opposite,1,1625003597.2783797,/media/batool/MULTIMODAL_DATA/Multimodal_Data/Cat3/static_in_front/bag_files/Cat3_15mph_lr_opposite_1/camera_images/1625003597.2783797.jpg
Cat3,15mph,lr,opposite,1,1625003597.311713,/media/batool/MULTIMODAL_DATA/Multimodal_Data/Cat3/static_in_front/bag_files/Cat3_15mph_lr_opposite_1/camera_images/1625003597.311713.jpg
Cat3,15mph,lr,opposite,1,1625003597.3450463,/media/batool/MULTIMODAL_DATA/Multimodal_Data/Cat3/static_in_front/bag_files/Cat3_15mph_lr_opposite_1/camera_images/1625003597.3450463.jpg
Cat3,15mph,lr,opposite,1,1625003597.3783796,/media/batool/MULTIMODAL_DATA/Multimodal_Data/Cat3/static_in_front/bag_files/Cat3_15mph_lr_opposite_1/camera_images/1625003597.3783796.jpg
Cat3,15mph,lr,opposite,1,1625003597.411713,/media/batool/MULTIMODAL_DATA/Multimodal_Data/Cat3/static_in_front/bag_files/Cat3_15mph_lr_opposite_1/camera_images/1625003597.411713.jpg
Cat3,15mph,lr,opposite,1,1625003597.4450462,/media/batool/MULTIMODAL_DATA/Multimodal_Data/Cat3/static_in_front/bag_files/Cat3_15mph_lr_opposite_1/camera_images/1625003597.4450462.jpg
Cat3,15mph,lr,opposite,1,1625003597.5117128,/media/batool/MULTIMODAL_DATA/Multimodal_Data/Cat3/static_in_front/bag_files/Cat3_15mph_lr_opposite_1/camera_images/1625003597.5117128.jpg
Cat3,15mph,lr,opposite,1,1625003597.545046,/media/batool/MULTIMODAL_DATA/Multimodal_Data/Cat3/static_in_front/bag_files/Cat3_15mph_lr_opposite_1/camera_images/1625003597.545046.jpg
Cat3,15mph,lr,opposite,1,1625003597.5783794,/media/batool/MULTIMODAL_DATA/Multimodal_Data/Cat3/static_in_front/bag_files/Cat3_15mph_lr_opposite_1/camera_images/1625003597.5783794.jpg
Cat3,15mph,lr,opposite,1,1625003597.6117127,/media/batool/MULTIMODAL_DATA/Multimodal_Data/Cat3/static_in_front/bag_files/Cat3_15mph_lr_opposite_1/camera_images/1625003597.6117127.jpg
Cat3,15mph,lr,opposite,1,1625003597.645046,/media/batool/MULTIMODAL_DATA/Multimodal_Data/Cat3/static_in_front/bag_files/Cat3_15mph_lr_opposite_1/camera_images/1625003597.645046.jpg
Cat3,15mph,lr,opposite,1,1625003597.6783793,/media/batool/MULTIMODAL_DATA/Multimodal_Data/Cat3/static_in_front/bag_files/Cat3_15mph_lr_opposite_1/camera_images/1625003597.6783793.jpg
Cat3,15mph,lr,opposite,1,1625003597.7117126,/media/batool/MULTIMODAL_DATA/Multimodal_Data/Cat3/static_in_front/bag_files/Cat3_15mph_lr_opposite_1/camera_images/1625003597.7117126.jpg
Cat3,15mph,lr,opposite,1,1625003597.745046,/media/batool/MULTIMODAL_DATA/Multimodal_Data/Cat3/static_in_front/bag_files/Cat3_15mph_lr_opposite_1/camera_images/1625003597.745046.jpg
Cat3,15mph,lr,opposite,1,1625003597.7783792,/media/batool/MULTIMODAL_DATA/Multimodal_Data/Cat3/static_in_front/bag_files/Cat3_15mph_lr_opposite_1/camera_images/1625003597.7783792.jpg
Cat3,15mph,lr,opposite,1,1625003597.8117125,/media/batool/MULTIMODAL_DATA/Multimodal_Data/Cat3/static_in_front/bag_files/Cat3_15mph_lr_opposite_1/camera_images/1625003597.8117125.jpg
Cat3,15mph,lr,opposite,1,1625003597.8450458,/media/batool/MULTIMODAL_DATA/Multimodal_Data/Cat3/static_in_front/bag_files/Cat3_15mph_lr_opposite_1/camera_images/1625003597.8450458.jpg
Cat3,15mph,lr,opposite,1,1625003597.878379,/media/batool/MULTIMODAL_DATA/Multimodal_Data/Cat3/static_in_front/bag_files/Cat3_15mph_lr_opposite_1/camera_images/1625003597.878379.jpg
Cat3,15mph,lr,opposite,1,1625003597.9117124,/media/batool/MULTIMODAL_DATA/Multimodal_Data/Cat3/static_in_front/bag_files/Cat3_15mph_lr_opposite_1/camera_images/1625003597.9117124.jpg
Cat3,15mph,lr,opposite,1,1625003597.9450457,/media/batool/MULTIMODAL_DATA/Multimodal_Data/Cat3/static_in_front/bag_files/Cat3_15mph_lr_opposite_1/camera_images/1625003597.9450457.jpg
Cat3,15mph,lr,opposite,1,1625003597.978379,/media/batool/MULTIMODAL_DATA/Multimodal_Data/Cat3/static_in_front/bag_files/Cat3_15mph_lr_opposite_1/camera_images/1625003597.978379.jpg
Cat3,15mph,lr,opposite,1,1625003598.0450456,/media/batool/MULTIMODAL_DATA/Multimodal_Data/Cat3/static_in_front/bag_files/Cat3_15mph_lr_opposite_1/camera_images/1625003598.0450456.jpg
Cat3,15mph,lr,opposite,1,1625003598.078379,/media/batool/MULTIMODAL_DATA/Multimodal_Data/Cat3/static_in_front/bag_files/Cat3_15mph_lr_opposite_1/camera_images/1625003598.078379.jpg
Cat3,15mph,lr,opposite,1,1625003598.1117122,/media/batool/MULTIMODAL_DATA/Multimodal_Data/Cat3/static_in_front/bag_files/Cat3_15mph_lr_opposite_1/camera_images/1625003598.1117122.jpg
Cat3,15mph,lr,opposite,1,1625003598.1450455,/media/batool/MULTIMODAL_DATA/Multimodal_Data/Cat3/static_in_front/bag_files/Cat3_15mph_lr_opposite_1/camera_images/1625003598.1450455.jpg
Cat3,15mph,lr,opposite,1,1625003598.1783788,/media/batool/MULTIMODAL_DATA/Multimodal_Data/Cat3/static_in_front/bag_files/Cat3_15mph_lr_opposite_1/camera_images/1625003598.1783788.jpg
Cat3,15mph,lr,opposite,1,1625003598.2117121,/media/batool/MULTIMODAL_DATA/Multimodal_Data/Cat3/static_in_front/bag_files/Cat3_15mph_lr_opposite_1/camera_images/1625003598.2117121.jpg
Cat3,15mph,lr,opposite,1,1625003598.2450454,/media/batool/MULTIMODAL_DATA/Multimodal_Data/Cat3/static_in_front/bag_files/Cat3_15mph_lr_opposite_1/camera_images/1625003598.2450454.jpg
Cat3,15mph,lr,opposite,1,1625003598.2783787,/media/batool/MULTIMODAL_DATA/Multimodal_Data/Cat3/static_in_front/bag_files/Cat3_15mph_lr_opposite_1/camera_images/1625003598.2783787.jpg
Cat3,15mph,lr,opposite,1,1625003598.311712,/media/batool/MULTIMODAL_DATA/Multimodal_Data/Cat3/static_in_front/bag_files/Cat3_15mph_lr_opposite_1/camera_images/1625003598.311712.jpg
Cat3,15mph,lr,opposite,1,1625003598.3450453,/media/batool/MULTIMODAL_DATA/Multimodal_Data/Cat3/static_in_front/bag_files/Cat3_15mph_lr_opposite_1/camera_images/1625003598.3450453.jpg
Cat3,15mph,lr,opposite,1,1625003598.3783786,/media/batool/MULTIMODAL_DATA/Multimodal_Data/Cat3/static_in_front/bag_files/Cat3_15mph_lr_opposite_1/camera_images/1625003598.3783786.jpg
Cat3,15mph,lr,opposite,1,1625003598.411712,/media/batool/MULTIMODAL_DATA/Multimodal_Data/Cat3/static_in_front/bag_files/Cat3_15mph_lr_opposite_1/camera_images/1625003598.411712.jpg
Cat3,15mph,lr,opposite,1,1625003598.4450452,/media/batool/MULTIMODAL_DATA/Multimodal_Data/Cat3/static_in_front/bag_files/Cat3_15mph_lr_opposite_1/camera_images/1625003598.4450452.jpg
Cat3,15mph,lr,opposite,1,1625003598.4783785,/media/batool/MULTIMODAL_DATA/Multimodal_Data/Cat3/static_in_front/bag_files/Cat3_15mph_lr_opposite_1/camera_images/1625003598.4783785.jpg
Cat3,15mph,lr,opposite,1,1625003598.5117118,/media/batool/MULTIMODAL_DATA/Multimodal_Data/Cat3/static_in_front/bag_files/Cat3_15mph_lr_opposite_1/camera_images/1625003598.5117118.jpg
Cat3,15mph,lr,opposite,1,1625003598.5783784,/media/batool/MULTIMODAL_DATA/Multimodal_Data/Cat3/static_in_front/bag_files/Cat3_15mph_lr_opposite_1/camera_images/1625003598.5783784.jpg
Cat3,15mph,lr,opposite,1,1625003598.6117117,/media/batool/MULTIMODAL_DATA/Multimodal_Data/Cat3/static_in_front/bag_files/Cat3_15mph_lr_opposite_1/camera_images/1625003598.6117117.jpg
Cat3,15mph,lr,opposite,1,1625003598.645045,/media/batool/MULTIMODAL_DATA/Multimodal_Data/Cat3/static_in_front/bag_files/Cat3_15mph_lr_opposite_1/camera_images/1625003598.645045.jpg
Cat3,15mph,lr,opposite,1,1625003598.6783783,/media/batool/MULTIMODAL_DATA/Multimodal_Data/Cat3/static_in_front/bag_files/Cat3_15mph_lr_opposite_1/camera_images/1625003598.6783783.jpg
Cat3,15mph,lr,opposite,1,1625003598.7117116,/media/batool/MULTIMODAL_DATA/Multimodal_Data/Cat3/static_in_front/bag_files/Cat3_15mph_lr_opposite_1/camera_images/1625003598.7117116.jpg
Cat3,15mph,lr,opposite,1,1625003598.745045,/media/batool/MULTIMODAL_DATA/Multimodal_Data/Cat3/static_in_front/bag_files/Cat3_15mph_lr_opposite_1/camera_images/1625003598.745045.jpg
Cat3,15mph,lr,opposite,1,1625003598.7783782,/media/batool/MULTIMODAL_DATA/Multimodal_Data/Cat3/static_in_front/bag_files/Cat3_15mph_lr_opposite_1/camera_images/1625003598.7783782.jpg
Cat3,15mph,lr,opposite,1,1625003598.8117115,/media/batool/MULTIMODAL_DATA/Multimodal_Data/Cat3/static_in_front/bag_files/Cat3_15mph_lr_opposite_1/camera_images/1625003598.8117115.jpg
Cat3,15mph,lr,opposite,1,1625003598.8450449,/media/batool/MULTIMODAL_DATA/Multimodal_Data/Cat3/static_in_front/bag_files/Cat3_15mph_lr_opposite_1/camera_images/1625003598.8450449.jpg
Cat3,15mph,lr,opposite,1,1625003598.8783782,/media/batool/MULTIMODAL_DATA/Multimodal_Data/Cat3/static_in_front/bag_files/Cat3_15mph_lr_opposite_1/camera_images/1625003598.8783782.jpg
Cat3,15mph,lr,opposite,1,1625003598.9117115,/media/batool/MULTIMODAL_DATA/Multimodal_Data/Cat3/static_in_front/bag_files/Cat3_15mph_lr_opposite_1/camera_images/1625003598.9117115.jpg
Cat3,15mph,lr,opposite,1,1625003598.9450448,/media/batool/MULTIMODAL_DATA/Multimodal_Data/Cat3/static_in_front/bag_files/Cat3_15mph_lr_opposite_1/camera_images/1625003598.9450448.jpg
Cat3,15mph,lr,opposite,1,1625003598.978378,/media/batool/MULTIMODAL_DATA/Multimodal_Data/Cat3/static_in_front/bag_files/Cat3_15mph_lr_opposite_1/camera_images/1625003598.978378.jpg
Cat3,15mph,lr,opposite,1,1625003599.0117114,/media/batool/MULTIMODAL_DATA/Multimodal_Data/Cat3/static_in_front/bag_files/Cat3_15mph_lr_opposite_1/camera_images/1625003599.0117114.jpg
Cat3,15mph,lr,opposite,1,1625003599.0450447,/media/batool/MULTIMODAL_DATA/Multimodal_Data/Cat3/static_in_front/bag_files/Cat3_15mph_lr_opposite_1/camera_images/1625003599.0450447.jpg
Cat3,15mph,lr,opposite,1,1625003599.1117113,/media/batool/MULTIMODAL_DATA/Multimodal_Data/Cat3/static_in_front/bag_files/Cat3_15mph_lr_opposite_1/camera_images/1625003599.1117113.jpg
Cat3,15mph,lr,opposite,1,1625003599.1450446,/media/batool/MULTIMODAL_DATA/Multimodal_Data/Cat3/static_in_front/bag_files/Cat3_15mph_lr_opposite_1/camera_images/1625003599.1450446.jpg
Cat3,15mph,lr,opposite,1,1625003599.1783779,/media/batool/MULTIMODAL_DATA/Multimodal_Data/Cat3/static_in_front/bag_files/Cat3_15mph_lr_opposite_1/camera_images/1625003599.1783779.jpg
Cat3,15mph,lr,opposite,1,1625003599.2117112,/media/batool/MULTIMODAL_DATA/Multimodal_Data/Cat3/static_in_front/bag_files/Cat3_15mph_lr_opposite_1/camera_images/1625003599.2117112.jpg
Cat3,15mph,lr,opposite,1,1625003599.2450445,/media/batool/MULTIMODAL_DATA/Multimodal_Data/Cat3/static_in_front/bag_files/Cat3_15mph_lr_opposite_1/camera_images/1625003599.2450445.jpg
Cat3,15mph,lr,opposite,1,1625003599.2783778,/media/batool/MULTIMODAL_DATA/Multimodal_Data/Cat3/static_in_front/bag_files/Cat3_15mph_lr_opposite_1/camera_images/1625003599.2783778.jpg
Cat3,15mph,lr,opposite,1,1625003599.311711,/media/batool/MULTIMODAL_DATA/Multimodal_Data/Cat3/static_in_front/bag_files/Cat3_15mph_lr_opposite_1/camera_images/1625003599.311711.jpg
Cat3,15mph,lr,opposite,1,1625003599.3450444,/media/batool/MULTIMODAL_DATA/Multimodal_Data/Cat3/static_in_front/bag_files/Cat3_15mph_lr_opposite_1/camera_images/1625003599.3450444.jpg
Cat3,15mph,lr,opposite,1,1625003599.3783777,/media/batool/MULTIMODAL_DATA/Multimodal_Data/Cat3/static_in_front/bag_files/Cat3_15mph_lr_opposite_1/camera_images/1625003599.3783777.jpg
Cat3,15mph,lr,opposite,1,1625003599.411711,/media/batool/MULTIMODAL_DATA/Multimodal_Data/Cat3/static_in_front/bag_files/Cat3_15mph_lr_opposite_1/camera_images/1625003599.411711.jpg
Cat3,15mph,lr,opposite,1,1625003599.4450443,/media/batool/MULTIMODAL_DATA/Multimodal_Data/Cat3/static_in_front/bag_files/Cat3_15mph_lr_opposite_1/camera_images/1625003599.4450443.jpg
Cat3,15mph,lr,opposite,1,1625003599.4783776,/media/batool/MULTIMODAL_DATA/Multimodal_Data/Cat3/static_in_front/bag_files/Cat3_15mph_lr_opposite_1/camera_images/1625003599.4783776.jpg
Cat3,15mph,lr,opposite,1,1625003599.511711,/media/batool/MULTIMODAL_DATA/Multimodal_Data/Cat3/static_in_front/bag_files/Cat3_15mph_lr_opposite_1/camera_images/1625003599.511711.jpg
Cat3,15mph,lr,opposite,1,1625003599.5450442,/media/batool/MULTIMODAL_DATA/Multimodal_Data/Cat3/static_in_front/bag_files/Cat3_15mph_lr_opposite_1/camera_images/1625003599.5450442.jpg
Cat3,15mph,lr,opposite,1,1625003599.5783775,/media/batool/MULTIMODAL_DATA/Multimodal_Data/Cat3/static_in_front/bag_files/Cat3_15mph_lr_opposite_1/camera_images/1625003599.5783775.jpg
Cat3,15mph,lr,opposite,1,1625003599.645044,/media/batool/MULTIMODAL_DATA/Multimodal_Data/Cat3/static_in_front/bag_files/Cat3_15mph_lr_opposite_1/camera_images/1625003599.645044.jpg
Cat3,15mph,lr,opposite,1,1625003599.6783774,/media/batool/MULTIMODAL_DATA/Multimodal_Data/Cat3/static_in_front/bag_files/Cat3_15mph_lr_opposite_1/camera_images/1625003599.6783774.jpg
Cat3,15mph,lr,opposite,1,1625003599.7117107,/media/batool/MULTIMODAL_DATA/Multimodal_Data/Cat3/static_in_front/bag_files/Cat3_15mph_lr_opposite_1/camera_images/1625003599.7117107.jpg
Cat3,15mph,lr,opposite,1,1625003599.745044,/media/batool/MULTIMODAL_DATA/Multimodal_Data/Cat3/static_in_front/bag_files/Cat3_15mph_lr_opposite_1/camera_images/1625003599.745044.jpg
Cat3,15mph,lr,opposite,1,1625003599.7783773,/media/batool/MULTIMODAL_DATA/Multimodal_Data/Cat3/static_in_front/bag_files/Cat3_15mph_lr_opposite_1/camera_images/1625003599.7783773.jpg
Cat3,15mph,lr,opposite,1,1625003599.8117106,/media/batool/MULTIMODAL_DATA/Multimodal_Data/Cat3/static_in_front/bag_files/Cat3_15mph_lr_opposite_1/camera_images/1625003599.8117106.jpg
Cat3,15mph,lr,opposite,1,1625003599.845044,/media/batool/MULTIMODAL_DATA/Multimodal_Data/Cat3/static_in_front/bag_files/Cat3_15mph_lr_opposite_1/camera_images/1625003599.845044.jpg
Cat3,15mph,lr,opposite,1,1625003599.8783772,/media/batool/MULTIMODAL_DATA/Multimodal_Data/Cat3/static_in_front/bag_files/Cat3_15mph_lr_opposite_1/camera_images/1625003599.8783772.jpg
Cat3,15mph,lr,opposite,1,1625003599.9117105,/media/batool/MULTIMODAL_DATA/Multimodal_Data/Cat3/static_in_front/bag_files/Cat3_15mph_lr_opposite_1/camera_images/1625003599.9117105.jpg
Cat3,15mph,lr,opposite,1,1625003599.9450438,/media/batool/MULTIMODAL_DATA/Multimodal_Data/Cat3/static_in_front/bag_files/Cat3_15mph_lr_opposite_1/camera_images/1625003599.9450438.jpg
Cat3,15mph,lr,opposite,1,1625003599.978377,/media/batool/MULTIMODAL_DATA/Multimodal_Data/Cat3/static_in_front/bag_files/Cat3_15mph_lr_opposite_1/camera_images/1625003599.978377.jpg
Cat3,15mph,lr,opposite,1,1625003600.0117104,/media/batool/MULTIMODAL_DATA/Multimodal_Data/Cat3/static_in_front/bag_files/Cat3_15mph_lr_opposite_1/camera_images/1625003600.0117104.jpg
Cat3,15mph,lr,opposite,1,1625003600.0450437,/media/batool/MULTIMODAL_DATA/Multimodal_Data/Cat3/static_in_front/bag_files/Cat3_15mph_lr_opposite_1/camera_images/1625003600.0450437.jpg
Cat3,15mph,lr,opposite,1,1625003600.078377,/media/batool/MULTIMODAL_DATA/Multimodal_Data/Cat3/static_in_front/bag_files/Cat3_15mph_lr_opposite_1/camera_images/1625003600.078377.jpg
Cat3,15mph,lr,opposite,1,1625003600.1117103,/media/batool/MULTIMODAL_DATA/Multimodal_Data/Cat3/static_in_front/bag_files/Cat3_15mph_lr_opposite_1/camera_images/1625003600.1117103.jpg
Cat3,15mph,lr,opposite,1,1625003600.178377,/media/batool/MULTIMODAL_DATA/Multimodal_Data/Cat3/static_in_front/bag_files/Cat3_15mph_lr_opposite_1/camera_images/1625003600.178377.jpg
Cat3,15mph,lr,opposite,1,1625003600.2117102,/media/batool/MULTIMODAL_DATA/Multimodal_Data/Cat3/static_in_front/bag_files/Cat3_15mph_lr_opposite_1/camera_images/1625003600.2117102.jpg
Cat3,15mph,lr,opposite,1,1625003600.2450435,/media/batool/MULTIMODAL_DATA/Multimodal_Data/Cat3/static_in_front/bag_files/Cat3_15mph_lr_opposite_1/camera_images/1625003600.2450435.jpg
Cat3,15mph,lr,opposite,1,1625003600.2783768,/media/batool/MULTIMODAL_DATA/Multimodal_Data/Cat3/static_in_front/bag_files/Cat3_15mph_lr_opposite_1/camera_images/1625003600.2783768.jpg
Cat3,15mph,lr,opposite,1,1625003600.3117101,/media/batool/MULTIMODAL_DATA/Multimodal_Data/Cat3/static_in_front/bag_files/Cat3_15mph_lr_opposite_1/camera_images/1625003600.3117101.jpg
Cat3,15mph,lr,opposite,1,1625003600.3450434,/media/batool/MULTIMODAL_DATA/Multimodal_Data/Cat3/static_in_front/bag_files/Cat3_15mph_lr_opposite_1/camera_images/1625003600.3450434.jpg
Cat3,15mph,lr,opposite,1,1625003600.3783767,/media/batool/MULTIMODAL_DATA/Multimodal_Data/Cat3/static_in_front/bag_files/Cat3_15mph_lr_opposite_1/camera_images/1625003600.3783767.jpg
Cat3,15mph,lr,opposite,1,1625003600.41171,/media/batool/MULTIMODAL_DATA/Multimodal_Data/Cat3/static_in_front/bag_files/Cat3_15mph_lr_opposite_1/camera_images/1625003600.41171.jpg
Cat3,15mph,lr,opposite,1,1625003600.4450433,/media/batool/MULTIMODAL_DATA/Multimodal_Data/Cat3/static_in_front/bag_files/Cat3_15mph_lr_opposite_1/camera_images/1625003600.4450433.jpg
Cat3,15mph,lr,opposite,1,1625003600.4783766,/media/batool/MULTIMODAL_DATA/Multimodal_Data/Cat3/static_in_front/bag_files/Cat3_15mph_lr_opposite_1/camera_images/1625003600.4783766.jpg
Cat3,15mph,lr,opposite,1,1625003600.51171,/media/batool/MULTIMODAL_DATA/Multimodal_Data/Cat3/static_in_front/bag_files/Cat3_15mph_lr_opposite_1/camera_images/1625003600.51171.jpg
Cat3,15mph,lr,opposite,1,1625003600.5450432,/media/batool/MULTIMODAL_DATA/Multimodal_Data/Cat3/static_in_front/bag_files/Cat3_15mph_lr_opposite_1/camera_images/1625003600.5450432.jpg
Cat3,15mph,lr,opposite,1,1625003600.5783765,/media/batool/MULTIMODAL_DATA/Multimodal_Data/Cat3/static_in_front/bag_files/Cat3_15mph_lr_opposite_1/camera_images/1625003600.5783765.jpg
Cat3,15mph,lr,opposite,1,1625003600.6117098,/media/batool/MULTIMODAL_DATA/Multimodal_Data/Cat3/static_in_front/bag_files/Cat3_15mph_lr_opposite_1/camera_images/1625003600.6117098.jpg
Cat3,15mph,lr,opposite,1,1625003600.6450431,/media/batool/MULTIMODAL_DATA/Multimodal_Data/Cat3/static_in_front/bag_files/Cat3_15mph_lr_opposite_1/camera_images/1625003600.6450431.jpg
Cat3,15mph,lr,opposite,1,1625003600.7117097,/media/batool/MULTIMODAL_DATA/Multimodal_Data/Cat3/static_in_front/bag_files/Cat3_15mph_lr_opposite_1/camera_images/1625003600.7117097.jpg
Cat3,15mph,lr,opposite,1,1625003600.745043,/media/batool/MULTIMODAL_DATA/Multimodal_Data/Cat3/static_in_front/bag_files/Cat3_15mph_lr_opposite_1/camera_images/1625003600.745043.jpg
Cat3,15mph,lr,opposite,1,1625003600.7783763,/media/batool/MULTIMODAL_DATA/Multimodal_Data/Cat3/static_in_front/bag_files/Cat3_15mph_lr_opposite_1/camera_images/1625003600.7783763.jpg
Cat3,15mph,lr,opposite,1,1625003600.8117096,/media/batool/MULTIMODAL_DATA/Multimodal_Data/Cat3/static_in_front/bag_files/Cat3_15mph_lr_opposite_1/camera_images/1625003600.8117096.jpg
Cat3,15mph,lr,opposite,1,1625003600.845043,/media/batool/MULTIMODAL_DATA/Multimodal_Data/Cat3/static_in_front/bag_files/Cat3_15mph_lr_opposite_1/camera_images/1625003600.845043.jpg
Cat3,15mph,lr,opposite,1,1625003600.8783762,/media/batool/MULTIMODAL_DATA/Multimodal_Data/Cat3/static_in_front/bag_files/Cat3_15mph_lr_opposite_1/camera_images/1625003600.8783762.jpg
Cat3,15mph,lr,opposite,1,1625003600.9117095,/media/batool/MULTIMODAL_DATA/Multimodal_Data/Cat3/static_in_front/bag_files/Cat3_15mph_lr_opposite_1/camera_images/1625003600.9117095.jpg
Cat3,15mph,lr,opposite,1,1625003600.9450428,/media/batool/MULTIMODAL_DATA/Multimodal_Data/Cat3/static_in_front/bag_files/Cat3_15mph_lr_opposite_1/camera_images/1625003600.9450428.jpg
Cat3,15mph,lr,opposite,1,1625003600.9783762,/media/batool/MULTIMODAL_DATA/Multimodal_Data/Cat3/static_in_front/bag_files/Cat3_15mph_lr_opposite_1/camera_images/1625003600.9783762.jpg
Cat3,15mph,lr,opposite,1,1625003601.0117095,/media/batool/MULTIMODAL_DATA/Multimodal_Data/Cat3/static_in_front/bag_files/Cat3_15mph_lr_opposite_1/camera_images/1625003601.0117095.jpg
Cat3,15mph,lr,opposite,1,1625003601.0450428,/media/batool/MULTIMODAL_DATA/Multimodal_Data/Cat3/static_in_front/bag_files/Cat3_15mph_lr_opposite_1/camera_images/1625003601.0450428.jpg
Cat3,15mph,lr,opposite,1,1625003601.078376,/media/batool/MULTIMODAL_DATA/Multimodal_Data/Cat3/static_in_front/bag_files/Cat3_15mph_lr_opposite_1/camera_images/1625003601.078376.jpg
Cat3,15mph,lr,opposite,1,1625003601.1117094,/media/batool/MULTIMODAL_DATA/Multimodal_Data/Cat3/static_in_front/bag_files/Cat3_15mph_lr_opposite_1/camera_images/1625003601.1117094.jpg
Cat3,15mph,lr,opposite,1,1625003601.1450427,/media/batool/MULTIMODAL_DATA/Multimodal_Data/Cat3/static_in_front/bag_files/Cat3_15mph_lr_opposite_1/camera_images/1625003601.1450427.jpg
Cat3,15mph,lr,opposite,1,1625003601.178376,/media/batool/MULTIMODAL_DATA/Multimodal_Data/Cat3/static_in_front/bag_files/Cat3_15mph_lr_opposite_1/camera_images/1625003601.178376.jpg
Cat3,15mph,lr,opposite,1,1625003601.2450426,/media/batool/MULTIMODAL_DATA/Multimodal_Data/Cat3/static_in_front/bag_files/Cat3_15mph_lr_opposite_1/camera_images/1625003601.2450426.jpg
Cat3,15mph,lr,opposite,1,1625003601.2783759,/media/batool/MULTIMODAL_DATA/Multimodal_Data/Cat3/static_in_front/bag_files/Cat3_15mph_lr_opposite_1/camera_images/1625003601.2783759.jpg
Cat3,15mph,lr,opposite,1,1625003601.3117092,/media/batool/MULTIMODAL_DATA/Multimodal_Data/Cat3/static_in_front/bag_files/Cat3_15mph_lr_opposite_1/camera_images/1625003601.3117092.jpg
Cat3,15mph,lr,opposite,1,1625003601.3450425,/media/batool/MULTIMODAL_DATA/Multimodal_Data/Cat3/static_in_front/bag_files/Cat3_15mph_lr_opposite_1/camera_images/1625003601.3450425.jpg
Cat3,15mph,lr,opposite,1,1625003601.3783758,/media/batool/MULTIMODAL_DATA/Multimodal_Data/Cat3/static_in_front/bag_files/Cat3_15mph_lr_opposite_1/camera_images/1625003601.3783758.jpg
Cat3,15mph,lr,opposite,1,1625003601.411709,/media/batool/MULTIMODAL_DATA/Multimodal_Data/Cat3/static_in_front/bag_files/Cat3_15mph_lr_opposite_1/camera_images/1625003601.411709.jpg
Cat3,15mph,lr,opposite,1,1625003601.4450424,/media/batool/MULTIMODAL_DATA/Multimodal_Data/Cat3/static_in_front/bag_files/Cat3_15mph_lr_opposite_1/camera_images/1625003601.4450424.jpg
Cat3,15mph,lr,opposite,1,1625003601.4783757,/media/batool/MULTIMODAL_DATA/Multimodal_Data/Cat3/static_in_front/bag_files/Cat3_15mph_lr_opposite_1/camera_images/1625003601.4783757.jpg
Cat3,15mph,lr,opposite,1,1625003601.511709,/media/batool/MULTIMODAL_DATA/Multimodal_Data/Cat3/static_in_front/bag_files/Cat3_15mph_lr_opposite_1/camera_images/1625003601.511709.jpg
Cat3,15mph,lr,opposite,1,1625003601.5450423,/media/batool/MULTIMODAL_DATA/Multimodal_Data/Cat3/static_in_front/bag_files/Cat3_15mph_lr_opposite_1/camera_images/1625003601.5450423.jpg
Cat3,15mph,lr,opposite,1,1625003601.5783756,/media/batool/MULTIMODAL_DATA/Multimodal_Data/Cat3/static_in_front/bag_files/Cat3_15mph_lr_opposite_1/camera_images/1625003601.5783756.jpg
Cat3,15mph,lr,opposite,1,1625003601.6117089,/media/batool/MULTIMODAL_DATA/Multimodal_Data/Cat3/static_in_front/bag_files/Cat3_15mph_lr_opposite_1/camera_images/1625003601.6117089.jpg
Cat3,15mph,lr,opposite,1,1625003601.6450422,/media/batool/MULTIMODAL_DATA/Multimodal_Data/Cat3/static_in_front/bag_files/Cat3_15mph_lr_opposite_1/camera_images/1625003601.6450422.jpg
Cat3,15mph,lr,opposite,1,1625003601.6783755,/media/batool/MULTIMODAL_DATA/Multimodal_Data/Cat3/static_in_front/bag_files/Cat3_15mph_lr_opposite_1/camera_images/1625003601.6783755.jpg
Cat3,15mph,lr,opposite,1,1625003601.7117088,/media/batool/MULTIMODAL_DATA/Multimodal_Data/Cat3/static_in_front/bag_files/Cat3_15mph_lr_opposite_1/camera_images/1625003601.7117088.jpg
Cat3,15mph,lr,opposite,1,1625003601.7783754,/media/batool/MULTIMODAL_DATA/Multimodal_Data/Cat3/static_in_front/bag_files/Cat3_15mph_lr_opposite_1/camera_images/1625003601.7783754.jpg
Cat3,15mph,lr,opposite,1,1625003601.8117087,/media/batool/MULTIMODAL_DATA/Multimodal_Data/Cat3/static_in_front/bag_files/Cat3_15mph_lr_opposite_1/camera_images/1625003601.8117087.jpg
Cat3,15mph,lr,opposite,1,1625003601.845042,/media/batool/MULTIMODAL_DATA/Multimodal_Data/Cat3/static_in_front/bag_files/Cat3_15mph_lr_opposite_1/camera_images/1625003601.845042.jpg
Cat3,15mph,lr,opposite,1,1625003601.8783753,/media/batool/MULTIMODAL_DATA/Multimodal_Data/Cat3/static_in_front/bag_files/Cat3_15mph_lr_opposite_1/camera_images/1625003601.8783753.jpg
Cat3,15mph,lr,opposite,1,1625003601.9117086,/media/batool/MULTIMODAL_DATA/Multimodal_Data/Cat3/static_in_front/bag_files/Cat3_15mph_lr_opposite_1/camera_images/1625003601.9117086.jpg
Cat3,15mph,lr,opposite,1,1625003601.945042,/media/batool/MULTIMODAL_DATA/Multimodal_Data/Cat3/static_in_front/bag_files/Cat3_15mph_lr_opposite_1/camera_images/1625003601.945042.jpg
Cat3,15mph,lr,opposite,1,1625003601.9783752,/media/batool/MULTIMODAL_DATA/Multimodal_Data/Cat3/static_in_front/bag_files/Cat3_15mph_lr_opposite_1/camera_images/1625003601.9783752.jpg
Cat3,15mph,lr,opposite,1,1625003602.0117085,/media/batool/MULTIMODAL_DATA/Multimodal_Data/Cat3/static_in_front/bag_files/Cat3_15mph_lr_opposite_1/camera_images/1625003602.0117085.jpg
Cat3,15mph,lr,opposite,1,1625003602.0450418,/media/batool/MULTIMODAL_DATA/Multimodal_Data/Cat3/static_in_front/bag_files/Cat3_15mph_lr_opposite_1/camera_images/1625003602.0450418.jpg
Cat3,15mph,lr,opposite,1,1625003602.078375,/media/batool/MULTIMODAL_DATA/Multimodal_Data/Cat3/static_in_front/bag_files/Cat3_15mph_lr_opposite_1/camera_images/1625003602.078375.jpg
Cat3,15mph,lr,opposite,1,1625003602.1117084,/media/batool/MULTIMODAL_DATA/Multimodal_Data/Cat3/static_in_front/bag_files/Cat3_15mph_lr_opposite_1/camera_images/1625003602.1117084.jpg
Cat3,15mph,lr,opposite,1,1625003602.1450417,/media/batool/MULTIMODAL_DATA/Multimodal_Data/Cat3/static_in_front/bag_files/Cat3_15mph_lr_opposite_1/camera_images/1625003602.1450417.jpg
Cat3,15mph,lr,opposite,1,1625003602.178375,/media/batool/MULTIMODAL_DATA/Multimodal_Data/Cat3/static_in_front/bag_files/Cat3_15mph_lr_opposite_1/camera_images/1625003602.178375.jpg
Cat3,15mph,lr,opposite,1,1625003602.2117083,/media/batool/MULTIMODAL_DATA/Multimodal_Data/Cat3/static_in_front/bag_files/Cat3_15mph_lr_opposite_1/camera_images/1625003602.2117083.jpg
Cat3,15mph,lr,opposite,1,1625003602.2450416,/media/batool/MULTIMODAL_DATA/Multimodal_Data/Cat3/static_in_front/bag_files/Cat3_15mph_lr_opposite_1/camera_images/1625003602.2450416.jpg
Cat3,15mph,lr,opposite,1,1625003602.3117082,/media/batool/MULTIMODAL_DATA/Multimodal_Data/Cat3/static_in_front/bag_files/Cat3_15mph_lr_opposite_1/camera_images/1625003602.3117082.jpg
Cat3,15mph,lr,opposite,1,1625003602.3450415,/media/batool/MULTIMODAL_DATA/Multimodal_Data/Cat3/static_in_front/bag_files/Cat3_15mph_lr_opposite_1/camera_images/1625003602.3450415.jpg
Cat3,15mph,lr,opposite,1,1625003602.3783748,/media/batool/MULTIMODAL_DATA/Multimodal_Data/Cat3/static_in_front/bag_files/Cat3_15mph_lr_opposite_1/camera_images/1625003602.3783748.jpg
Cat3,15mph,lr,opposite,1,1625003602.411708,/media/batool/MULTIMODAL_DATA/Multimodal_Data/Cat3/static_in_front/bag_files/Cat3_15mph_lr_opposite_1/camera_images/1625003602.411708.jpg
Cat3,15mph,lr,opposite,1,1625003602.4450414,/media/batool/MULTIMODAL_DATA/Multimodal_Data/Cat3/static_in_front/bag_files/Cat3_15mph_lr_opposite_1/camera_images/1625003602.4450414.jpg
Cat3,15mph,lr,opposite,1,1625003602.4783747,/media/batool/MULTIMODAL_DATA/Multimodal_Data/Cat3/static_in_front/bag_files/Cat3_15mph_lr_opposite_1/camera_images/1625003602.4783747.jpg
Cat3,15mph,lr,opposite,1,1625003602.511708,/media/batool/MULTIMODAL_DATA/Multimodal_Data/Cat3/static_in_front/bag_files/Cat3_15mph_lr_opposite_1/camera_images/1625003602.511708.jpg
Cat3,15mph,lr,opposite,1,1625003602.5450413,/media/batool/MULTIMODAL_DATA/Multimodal_Data/Cat3/static_in_front/bag_files/Cat3_15mph_lr_opposite_1/camera_images/1625003602.5450413.jpg
Cat3,15mph,lr,opposite,1,1625003602.5783746,/media/batool/MULTIMODAL_DATA/Multimodal_Data/Cat3/static_in_front/bag_files/Cat3_15mph_lr_opposite_1/camera_images/1625003602.5783746.jpg
Cat3,15mph,lr,opposite,1,1625003602.611708,/media/batool/MULTIMODAL_DATA/Multimodal_Data/Cat3/static_in_front/bag_files/Cat3_15mph_lr_opposite_1/camera_images/1625003602.611708.jpg
Cat3,15mph,lr,opposite,1,1625003602.6450412,/media/batool/MULTIMODAL_DATA/Multimodal_Data/Cat3/static_in_front/bag_files/Cat3_15mph_lr_opposite_1/camera_images/1625003602.6450412.jpg
Cat3,15mph,lr,opposite,1,1625003602.6783745,/media/batool/MULTIMODAL_DATA/Multimodal_Data/Cat3/static_in_front/bag_files/Cat3_15mph_lr_opposite_1/camera_images/1625003602.6783745.jpg
Cat3,15mph,lr,opposite,1,1625003602.7117078,/media/batool/MULTIMODAL_DATA/Multimodal_Data/Cat3/static_in_front/bag_files/Cat3_15mph_lr_opposite_1/camera_images/1625003602.7117078.jpg
Cat3,15mph,lr,opposite,1,1625003602.7450411,/media/batool/MULTIMODAL_DATA/Multimodal_Data/Cat3/static_in_front/bag_files/Cat3_15mph_lr_opposite_1/camera_images/1625003602.7450411.jpg
Cat3,15mph,lr,opposite,1,1625003602.7783744,/media/batool/MULTIMODAL_DATA/Multimodal_Data/Cat3/static_in_front/bag_files/Cat3_15mph_lr_opposite_1/camera_images/1625003602.7783744.jpg
Cat3,15mph,lr,opposite,1,1625003602.845041,/media/batool/MULTIMODAL_DATA/Multimodal_Data/Cat3/static_in_front/bag_files/Cat3_15mph_lr_opposite_1/camera_images/1625003602.845041.jpg
Cat3,15mph,lr,opposite,1,1625003602.8783743,/media/batool/MULTIMODAL_DATA/Multimodal_Data/Cat3/static_in_front/bag_files/Cat3_15mph_lr_opposite_1/camera_images/1625003602.8783743.jpg
Cat3,15mph,lr,opposite,1,1625003602.9117076,/media/batool/MULTIMODAL_DATA/Multimodal_Data/Cat3/static_in_front/bag_files/Cat3_15mph_lr_opposite_1/camera_images/1625003602.9117076.jpg
Cat3,15mph,lr,opposite,1,1625003602.945041,/media/batool/MULTIMODAL_DATA/Multimodal_Data/Cat3/static_in_front/bag_files/Cat3_15mph_lr_opposite_1/camera_images/1625003602.945041.jpg
Cat3,15mph,lr,opposite,1,1625003602.9783742,/media/batool/MULTIMODAL_DATA/Multimodal_Data/Cat3/static_in_front/bag_files/Cat3_15mph_lr_opposite_1/camera_images/1625003602.9783742.jpg
Cat3,15mph,lr,opposite,1,1625003603.0117075,/media/batool/MULTIMODAL_DATA/Multimodal_Data/Cat3/static_in_front/bag_files/Cat3_15mph_lr_opposite_1/camera_images/1625003603.0117075.jpg
Cat3,15mph,lr,opposite,1,1625003603.0450408,/media/batool/MULTIMODAL_DATA/Multimodal_Data/Cat3/static_in_front/bag_files/Cat3_15mph_lr_opposite_1/camera_images/1625003603.0450408.jpg
Cat3,15mph,lr,opposite,1,1625003603.0783741,/media/batool/MULTIMODAL_DATA/Multimodal_Data/Cat3/static_in_front/bag_files/Cat3_15mph_lr_opposite_1/camera_images/1625003603.0783741.jpg
Cat3,15mph,lr,opposite,1,1625003603.1117074,/media/batool/MULTIMODAL_DATA/Multimodal_Data/Cat3/static_in_front/bag_files/Cat3_15mph_lr_opposite_1/camera_images/1625003603.1117074.jpg
Cat3,15mph,lr,opposite,1,1625003603.1450408,/media/batool/MULTIMODAL_DATA/Multimodal_Data/Cat3/static_in_front/bag_files/Cat3_15mph_lr_opposite_1/camera_images/1625003603.1450408.jpg
Cat3,15mph,lr,opposite,1,1625003603.178374,/media/batool/MULTIMODAL_DATA/Multimodal_Data/Cat3/static_in_front/bag_files/Cat3_15mph_lr_opposite_1/camera_images/1625003603.178374.jpg
Cat3,15mph,lr,opposite,1,1625003603.2117074,/media/batool/MULTIMODAL_DATA/Multimodal_Data/Cat3/static_in_front/bag_files/Cat3_15mph_lr_opposite_1/camera_images/1625003603.2117074.jpg
Cat3,15mph,lr,opposite,1,1625003603.2450407,/media/batool/MULTIMODAL_DATA/Multimodal_Data/Cat3/static_in_front/bag_files/Cat3_15mph_lr_opposite_1/camera_images/1625003603.2450407.jpg
Cat3,15mph,lr,opposite,1,1625003603.278374,/media/batool/MULTIMODAL_DATA/Multimodal_Data/Cat3/static_in_front/bag_files/Cat3_15mph_lr_opposite_1/camera_images/1625003603.278374.jpg
Cat3,15mph,lr,opposite,1,1625003603.3117073,/media/batool/MULTIMODAL_DATA/Multimodal_Data/Cat3/static_in_front/bag_files/Cat3_15mph_lr_opposite_1/camera_images/1625003603.3117073.jpg
Cat3,15mph,lr,opposite,1,1625003603.3783739,/media/batool/MULTIMODAL_DATA/Multimodal_Data/Cat3/static_in_front/bag_files/Cat3_15mph_lr_opposite_1/camera_images/1625003603.3783739.jpg
Cat3,15mph,lr,opposite,1,1625003603.4117072,/media/batool/MULTIMODAL_DATA/Multimodal_Data/Cat3/static_in_front/bag_files/Cat3_15mph_lr_opposite_1/camera_images/1625003603.4117072.jpg
Cat3,15mph,lr,opposite,1,1625003603.4450405,/media/batool/MULTIMODAL_DATA/Multimodal_Data/Cat3/static_in_front/bag_files/Cat3_15mph_lr_opposite_1/camera_images/1625003603.4450405.jpg
Cat3,15mph,lr,opposite,1,1625003603.4783738,/media/batool/MULTIMODAL_DATA/Multimodal_Data/Cat3/static_in_front/bag_files/Cat3_15mph_lr_opposite_1/camera_images/1625003603.4783738.jpg
Cat3,15mph,lr,opposite,1,1625003603.511707,/media/batool/MULTIMODAL_DATA/Multimodal_Data/Cat3/static_in_front/bag_files/Cat3_15mph_lr_opposite_1/camera_images/1625003603.511707.jpg
Cat3,15mph,lr,opposite,1,1625003603.5450404,/media/batool/MULTIMODAL_DATA/Multimodal_Data/Cat3/static_in_front/bag_files/Cat3_15mph_lr_opposite_1/camera_images/1625003603.5450404.jpg
Cat3,15mph,lr,opposite,1,1625003603.5783737,/media/batool/MULTIMODAL_DATA/Multimodal_Data/Cat3/static_in_front/bag_files/Cat3_15mph_lr_opposite_1/camera_images/1625003603.5783737.jpg
Cat3,15mph,lr,opposite,1,1625003603.611707,/media/batool/MULTIMODAL_DATA/Multimodal_Data/Cat3/static_in_front/bag_files/Cat3_15mph_lr_opposite_1/camera_images/1625003603.611707.jpg
Cat3,15mph,lr,opposite,1,1625003603.6450403,/media/batool/MULTIMODAL_DATA/Multimodal_Data/Cat3/static_in_front/bag_files/Cat3_15mph_lr_opposite_1/camera_images/1625003603.6450403.jpg
Cat3,15mph,lr,opposite,1,1625003603.6783736,/media/batool/MULTIMODAL_DATA/Multimodal_Data/Cat3/static_in_front/bag_files/Cat3_15mph_lr_opposite_1/camera_images/1625003603.6783736.jpg
Cat3,15mph,lr,opposite,1,1625003603.7117069,/media/batool/MULTIMODAL_DATA/Multimodal_Data/Cat3/static_in_front/bag_files/Cat3_15mph_lr_opposite_1/camera_images/1625003603.7117069.jpg
Cat3,15mph,lr,opposite,1,1625003603.7450402,/media/batool/MULTIMODAL_DATA/Multimodal_Data/Cat3/static_in_front/bag_files/Cat3_15mph_lr_opposite_1/camera_images/1625003603.7450402.jpg
Cat3,15mph,lr,opposite,1,1625003603.7783735,/media/batool/MULTIMODAL_DATA/Multimodal_Data/Cat3/static_in_front/bag_files/Cat3_15mph_lr_opposite_1/camera_images/1625003603.7783735.jpg
Cat3,15mph,lr,opposite,1,1625003603.8117068,/media/batool/MULTIMODAL_DATA/Multimodal_Data/Cat3/static_in_front/bag_files/Cat3_15mph_lr_opposite_1/camera_images/1625003603.8117068.jpg
Cat3,15mph,lr,opposite,1,1625003603.84504,/media/batool/MULTIMODAL_DATA/Multimodal_Data/Cat3/static_in_front/bag_files/Cat3_15mph_lr_opposite_1/camera_images/1625003603.84504.jpg
Cat3,15mph,lr,opposite,1,1625003603.9117067,/media/batool/MULTIMODAL_DATA/Multimodal_Data/Cat3/static_in_front/bag_files/Cat3_15mph_lr_opposite_1/camera_images/1625003603.9117067.jpg
Cat3,15mph,lr,opposite,1,1625003603.94504,/media/batool/MULTIMODAL_DATA/Multimodal_Data/Cat3/static_in_front/bag_files/Cat3_15mph_lr_opposite_1/camera_images/1625003603.94504.jpg
Cat3,15mph,lr,opposite,1,1625003603.9783733,/media/batool/MULTIMODAL_DATA/Multimodal_Data/Cat3/static_in_front/bag_files/Cat3_15mph_lr_opposite_1/camera_images/1625003603.9783733.jpg
Cat3,15mph,lr,opposite,1,1625003604.0117066,/media/batool/MULTIMODAL_DATA/Multimodal_Data/Cat3/static_in_front/bag_files/Cat3_15mph_lr_opposite_1/camera_images/1625003604.0117066.jpg
Cat3,15mph,lr,opposite,1,1625003604.04504,/media/batool/MULTIMODAL_DATA/Multimodal_Data/Cat3/static_in_front/bag_files/Cat3_15mph_lr_opposite_1/camera_images/1625003604.04504.jpg
Cat3,15mph,lr,opposite,1,1625003604.0783732,/media/batool/MULTIMODAL_DATA/Multimodal_Data/Cat3/static_in_front/bag_files/Cat3_15mph_lr_opposite_1/camera_images/1625003604.0783732.jpg
Cat3,15mph,lr,opposite,1,1625003604.1117065,/media/batool/MULTIMODAL_DATA/Multimodal_Data/Cat3/static_in_front/bag_files/Cat3_15mph_lr_opposite_1/camera_images/1625003604.1117065.jpg
Cat3,15mph,lr,opposite,1,1625003604.1450398,/media/batool/MULTIMODAL_DATA/Multimodal_Data/Cat3/static_in_front/bag_files/Cat3_15mph_lr_opposite_1/camera_images/1625003604.1450398.jpg
Cat3,15mph,lr,opposite,1,1625003604.178373,/media/batool/MULTIMODAL_DATA/Multimodal_Data/Cat3/static_in_front/bag_files/Cat3_15mph_lr_opposite_1/camera_images/1625003604.178373.jpg
Cat3,15mph,lr,opposite,1,1625003604.2117064,/media/batool/MULTIMODAL_DATA/Multimodal_Data/Cat3/static_in_front/bag_files/Cat3_15mph_lr_opposite_1/camera_images/1625003604.2117064.jpg
Cat3,15mph,lr,opposite,1,1625003604.2450397,/media/batool/MULTIMODAL_DATA/Multimodal_Data/Cat3/static_in_front/bag_files/Cat3_15mph_lr_opposite_1/camera_images/1625003604.2450397.jpg
Cat3,15mph,lr,opposite,1,1625003604.278373,/media/batool/MULTIMODAL_DATA/Multimodal_Data/Cat3/static_in_front/bag_files/Cat3_15mph_lr_opposite_1/camera_images/1625003604.278373.jpg
Cat3,15mph,lr,opposite,1,1625003604.3117063,/media/batool/MULTIMODAL_DATA/Multimodal_Data/Cat3/static_in_front/bag_files/Cat3_15mph_lr_opposite_1/camera_images/1625003604.3117063.jpg
Cat3,15mph,lr,opposite,1,1625003604.3450396,/media/batool/MULTIMODAL_DATA/Multimodal_Data/Cat3/static_in_front/bag_files/Cat3_15mph_lr_opposite_1/camera_images/1625003604.3450396.jpg
Cat3,15mph,lr,opposite,1,1625003604.378373,/media/batool/MULTIMODAL_DATA/Multimodal_Data/Cat3/static_in_front/bag_files/Cat3_15mph_lr_opposite_1/camera_images/1625003604.378373.jpg
Cat3,15mph,lr,opposite,1,1625003604.4450395,/media/batool/MULTIMODAL_DATA/Multimodal_Data/Cat3/static_in_front/bag_files/Cat3_15mph_lr_opposite_1/camera_images/1625003604.4450395.jpg
Cat3,15mph,lr,opposite,1,1625003604.4783728,/media/batool/MULTIMODAL_DATA/Multimodal_Data/Cat3/static_in_front/bag_files/Cat3_15mph_lr_opposite_1/camera_images/1625003604.4783728.jpg
Cat3,15mph,lr,opposite,1,1625003604.511706,/media/batool/MULTIMODAL_DATA/Multimodal_Data/Cat3/static_in_front/bag_files/Cat3_15mph_lr_opposite_1/camera_images/1625003604.511706.jpg
Cat3,15mph,lr,opposite,1,1625003604.5450394,/media/batool/MULTIMODAL_DATA/Multimodal_Data/Cat3/static_in_front/bag_files/Cat3_15mph_lr_opposite_1/camera_images/1625003604.5450394.jpg
Cat3,15mph,lr,opposite,1,1625003604.5783727,/media/batool/MULTIMODAL_DATA/Multimodal_Data/Cat3/static_in_front/bag_files/Cat3_15mph_lr_opposite_1/camera_images/1625003604.5783727.jpg
Cat3,15mph,lr,opposite,1,1625003604.611706,/media/batool/MULTIMODAL_DATA/Multimodal_Data/Cat3/static_in_front/bag_files/Cat3_15mph_lr_opposite_1/camera_images/1625003604.611706.jpg
Cat3,15mph,lr,opposite,1,1625003604.6450393,/media/batool/MULTIMODAL_DATA/Multimodal_Data/Cat3/static_in_front/bag_files/Cat3_15mph_lr_opposite_1/camera_images/1625003604.6450393.jpg
Cat3,15mph,lr,opposite,1,1625003604.6783726,/media/batool/MULTIMODAL_DATA/Multimodal_Data/Cat3/static_in_front/bag_files/Cat3_15mph_lr_opposite_1/camera_images/1625003604.6783726.jpg
Cat3,15mph,lr,opposite,1,1625003604.711706,/media/batool/MULTIMODAL_DATA/Multimodal_Data/Cat3/static_in_front/bag_files/Cat3_15mph_lr_opposite_1/camera_images/1625003604.711706.jpg
Cat3,15mph,lr,opposite,1,1625003604.7450392,/media/batool/MULTIMODAL_DATA/Multimodal_Data/Cat3/static_in_front/bag_files/Cat3_15mph_lr_opposite_1/camera_images/1625003604.7450392.jpg
Cat3,15mph,lr,opposite,1,1625003604.7783725,/media/batool/MULTIMODAL_DATA/Multimodal_Data/Cat3/static_in_front/bag_files/Cat3_15mph_lr_opposite_1/camera_images/1625003604.7783725.jpg
Cat3,15mph,lr,opposite,1,1625003604.8117058,/media/batool/MULTIMODAL_DATA/Multimodal_Data/Cat3/static_in_front/bag_files/Cat3_15mph_lr_opposite_1/camera_images/1625003604.8117058.jpg
Cat3,15mph,lr,opposite,1,1625003604.8450391,/media/batool/MULTIMODAL_DATA/Multimodal_Data/Cat3/static_in_front/bag_files/Cat3_15mph_lr_opposite_1/camera_images/1625003604.8450391.jpg
Cat3,15mph,lr,opposite,1,1625003604.8783724,/media/batool/MULTIMODAL_DATA/Multimodal_Data/Cat3/static_in_front/bag_files/Cat3_15mph_lr_opposite_1/camera_images/1625003604.8783724.jpg
Cat3,15mph,lr,opposite,1,1625003604.9117057,/media/batool/MULTIMODAL_DATA/Multimodal_Data/Cat3/static_in_front/bag_files/Cat3_15mph_lr_opposite_1/camera_images/1625003604.9117057.jpg
Cat3,15mph,lr,opposite,1,1625003604.9783723,/media/batool/MULTIMODAL_DATA/Multimodal_Data/Cat3/static_in_front/bag_files/Cat3_15mph_lr_opposite_1/camera_images/1625003604.9783723.jpg
Cat3,15mph,lr,opposite,1,1625003605.0117056,/media/batool/MULTIMODAL_DATA/Multimodal_Data/Cat3/static_in_front/bag_files/Cat3_15mph_lr_opposite_1/camera_images/1625003605.0117056.jpg
Cat3,15mph,lr,opposite,1,1625003605.045039,/media/batool/MULTIMODAL_DATA/Multimodal_Data/Cat3/static_in_front/bag_files/Cat3_15mph_lr_opposite_1/camera_images/1625003605.045039.jpg
Cat3,15mph,lr,opposite,1,1625003605.0783722,/media/batool/MULTIMODAL_DATA/Multimodal_Data/Cat3/static_in_front/bag_files/Cat3_15mph_lr_opposite_1/camera_images/1625003605.0783722.jpg
Cat3,15mph,lr,opposite,1,1625003605.1117055,/media/batool/MULTIMODAL_DATA/Multimodal_Data/Cat3/static_in_front/bag_files/Cat3_15mph_lr_opposite_1/camera_images/1625003605.1117055.jpg
Cat3,15mph,lr,opposite,1,1625003605.1450388,/media/batool/MULTIMODAL_DATA/Multimodal_Data/Cat3/static_in_front/bag_files/Cat3_15mph_lr_opposite_1/camera_images/1625003605.1450388.jpg
Cat3,15mph,lr,opposite,1,1625003605.1783721,/media/batool/MULTIMODAL_DATA/Multimodal_Data/Cat3/static_in_front/bag_files/Cat3_15mph_lr_opposite_1/camera_images/1625003605.1783721.jpg
Cat3,15mph,lr,opposite,1,1625003605.2117054,/media/batool/MULTIMODAL_DATA/Multimodal_Data/Cat3/static_in_front/bag_files/Cat3_15mph_lr_opposite_1/camera_images/1625003605.2117054.jpg
Cat3,15mph,lr,opposite,1,1625003605.2450387,/media/batool/MULTIMODAL_DATA/Multimodal_Data/Cat3/static_in_front/bag_files/Cat3_15mph_lr_opposite_1/camera_images/1625003605.2450387.jpg
Cat3,15mph,lr,opposite,1,1625003605.278372,/media/batool/MULTIMODAL_DATA/Multimodal_Data/Cat3/static_in_front/bag_files/Cat3_15mph_lr_opposite_1/camera_images/1625003605.278372.jpg
Cat3,15mph,lr,opposite,1,1625003605.3117054,/media/batool/MULTIMODAL_DATA/Multimodal_Data/Cat3/static_in_front/bag_files/Cat3_15mph_lr_opposite_1/camera_images/1625003605.3117054.jpg
Cat3,15mph,lr,opposite,1,1625003605.3450387,/media/batool/MULTIMODAL_DATA/Multimodal_Data/Cat3/static_in_front/bag_files/Cat3_15mph_lr_opposite_1/camera_images/1625003605.3450387.jpg
Cat3,15mph,lr,opposite,1,1625003605.378372,/media/batool/MULTIMODAL_DATA/Multimodal_Data/Cat3/static_in_front/bag_files/Cat3_15mph_lr_opposite_1/camera_images/1625003605.378372.jpg
Cat3,15mph,lr,opposite,1,1625003605.4117053,/media/batool/MULTIMODAL_DATA/Multimodal_Data/Cat3/static_in_front/bag_files/Cat3_15mph_lr_opposite_1/camera_images/1625003605.4117053.jpg
Cat3,15mph,lr,opposite,1,1625003605.4450386,/media/batool/MULTIMODAL_DATA/Multimodal_Data/Cat3/static_in_front/bag_files/Cat3_15mph_lr_opposite_1/camera_images/1625003605.4450386.jpg
Cat3,15mph,lr,opposite,1,1625003605.5117052,/media/batool/MULTIMODAL_DATA/Multimodal_Data/Cat3/static_in_front/bag_files/Cat3_15mph_lr_opposite_1/camera_images/1625003605.5117052.jpg
Cat3,15mph,lr,opposite,1,1625003605.5450385,/media/batool/MULTIMODAL_DATA/Multimodal_Data/Cat3/static_in_front/bag_files/Cat3_15mph_lr_opposite_1/camera_images/1625003605.5450385.jpg
Cat3,15mph,lr,opposite,1,1625003605.5783718,/media/batool/MULTIMODAL_DATA/Multimodal_Data/Cat3/static_in_front/bag_files/Cat3_15mph_lr_opposite_1/camera_images/1625003605.5783718.jpg
Cat3,15mph,lr,opposite,1,1625003605.611705,/media/batool/MULTIMODAL_DATA/Multimodal_Data/Cat3/static_in_front/bag_files/Cat3_15mph_lr_opposite_1/camera_images/1625003605.611705.jpg
Cat3,15mph,lr,opposite,1,1625003605.6450384,/media/batool/MULTIMODAL_DATA/Multimodal_Data/Cat3/static_in_front/bag_files/Cat3_15mph_lr_opposite_1/camera_images/1625003605.6450384.jpg
Cat3,15mph,lr,opposite,1,1625003605.6783717,/media/batool/MULTIMODAL_DATA/Multimodal_Data/Cat3/static_in_front/bag_files/Cat3_15mph_lr_opposite_1/camera_images/1625003605.6783717.jpg
Cat3,15mph,lr,opposite,1,1625003605.711705,/media/batool/MULTIMODAL_DATA/Multimodal_Data/Cat3/static_in_front/bag_files/Cat3_15mph_lr_opposite_1/camera_images/1625003605.711705.jpg
Cat3,15mph,lr,opposite,1,1625003605.7450383,/media/batool/MULTIMODAL_DATA/Multimodal_Data/Cat3/static_in_front/bag_files/Cat3_15mph_lr_opposite_1/camera_images/1625003605.7450383.jpg
Cat3,15mph,lr,opposite,1,1625003605.7783716,/media/batool/MULTIMODAL_DATA/Multimodal_Data/Cat3/static_in_front/bag_files/Cat3_15mph_lr_opposite_1/camera_images/1625003605.7783716.jpg
Cat3,15mph,lr,opposite,1,1625003605.8117049,/media/batool/MULTIMODAL_DATA/Multimodal_Data/Cat3/static_in_front/bag_files/Cat3_15mph_lr_opposite_1/camera_images/1625003605.8117049.jpg
Cat3,15mph,lr,opposite,1,1625003605.8450382,/media/batool/MULTIMODAL_DATA/Multimodal_Data/Cat3/static_in_front/bag_files/Cat3_15mph_lr_opposite_1/camera_images/1625003605.8450382.jpg
Cat3,15mph,lr,opposite,1,1625003605.8783715,/media/batool/MULTIMODAL_DATA/Multimodal_Data/Cat3/static_in_front/bag_files/Cat3_15mph_lr_opposite_1/camera_images/1625003605.8783715.jpg
Cat3,15mph,lr,opposite,1,1625003605.9117048,/media/batool/MULTIMODAL_DATA/Multimodal_Data/Cat3/static_in_front/bag_files/Cat3_15mph_lr_opposite_1/camera_images/1625003605.9117048.jpg
Cat3,15mph,lr,opposite,1,1625003605.945038,/media/batool/MULTIMODAL_DATA/Multimodal_Data/Cat3/static_in_front/bag_files/Cat3_15mph_lr_opposite_1/camera_images/1625003605.945038.jpg
Cat3,15mph,lr,opposite,1,1625003605.9783714,/media/batool/MULTIMODAL_DATA/Multimodal_Data/Cat3/static_in_front/bag_files/Cat3_15mph_lr_opposite_1/camera_images/1625003605.9783714.jpg
Cat3,15mph,lr,opposite,1,1625003606.045038,/media/batool/MULTIMODAL_DATA/Multimodal_Data/Cat3/static_in_front/bag_files/Cat3_15mph_lr_opposite_1/camera_images/1625003606.045038.jpg
Cat3,15mph,lr,opposite,1,1625003606.0783713,/media/batool/MULTIMODAL_DATA/Multimodal_Data/Cat3/static_in_front/bag_files/Cat3_15mph_lr_opposite_1/camera_images/1625003606.0783713.jpg
Cat3,15mph,lr,opposite,1,1625003606.1117046,/media/batool/MULTIMODAL_DATA/Multimodal_Data/Cat3/static_in_front/bag_files/Cat3_15mph_lr_opposite_1/camera_images/1625003606.1117046.jpg
Cat3,15mph,lr,opposite,1,1625003606.145038,/media/batool/MULTIMODAL_DATA/Multimodal_Data/Cat3/static_in_front/bag_files/Cat3_15mph_lr_opposite_1/camera_images/1625003606.145038.jpg
Cat3,15mph,lr,opposite,1,1625003606.1783712,/media/batool/MULTIMODAL_DATA/Multimodal_Data/Cat3/static_in_front/bag_files/Cat3_15mph_lr_opposite_1/camera_images/1625003606.1783712.jpg
Cat3,15mph,lr,opposite,1,1625003606.2117045,/media/batool/MULTIMODAL_DATA/Multimodal_Data/Cat3/static_in_front/bag_files/Cat3_15mph_lr_opposite_1/camera_images/1625003606.2117045.jpg
Cat3,15mph,lr,opposite,1,1625003606.2450378,/media/batool/MULTIMODAL_DATA/Multimodal_Data/Cat3/static_in_front/bag_files/Cat3_15mph_lr_opposite_1/camera_images/1625003606.2450378.jpg
Cat3,15mph,lr,opposite,1,1625003606.278371,/media/batool/MULTIMODAL_DATA/Multimodal_Data/Cat3/static_in_front/bag_files/Cat3_15mph_lr_opposite_1/camera_images/1625003606.278371.jpg
Cat3,15mph,lr,opposite,1,1625003606.3117044,/media/batool/MULTIMODAL_DATA/Multimodal_Data/Cat3/static_in_front/bag_files/Cat3_15mph_lr_opposite_1/camera_images/1625003606.3117044.jpg
Cat3,15mph,lr,opposite,1,1625003606.3450377,/media/batool/MULTIMODAL_DATA/Multimodal_Data/Cat3/static_in_front/bag_files/Cat3_15mph_lr_opposite_1/camera_images/1625003606.3450377.jpg
Cat3,15mph,lr,opposite,1,1625003606.378371,/media/batool/MULTIMODAL_DATA/Multimodal_Data/Cat3/static_in_front/bag_files/Cat3_15mph_lr_opposite_1/camera_images/1625003606.378371.jpg
Cat3,15mph,lr,opposite,1,1625003606.4117043,/media/batool/MULTIMODAL_DATA/Multimodal_Data/Cat3/static_in_front/bag_files/Cat3_15mph_lr_opposite_1/camera_images/1625003606.4117043.jpg
Cat3,15mph,lr,opposite,1,1625003606.4450376,/media/batool/MULTIMODAL_DATA/Multimodal_Data/Cat3/static_in_front/bag_files/Cat3_15mph_lr_opposite_1/camera_images/1625003606.4450376.jpg
Cat3,15mph,lr,opposite,1,1625003606.478371,/media/batool/MULTIMODAL_DATA/Multimodal_Data/Cat3/static_in_front/bag_files/Cat3_15mph_lr_opposite_1/camera_images/1625003606.478371.jpg
Cat3,15mph,lr,opposite,1,1625003606.5117042,/media/batool/MULTIMODAL_DATA/Multimodal_Data/Cat3/static_in_front/bag_files/Cat3_15mph_lr_opposite_1/camera_images/1625003606.5117042.jpg
Cat3,15mph,lr,opposite,1,1625003606.5783708,/media/batool/MULTIMODAL_DATA/Multimodal_Data/Cat3/static_in_front/bag_files/Cat3_15mph_lr_opposite_1/camera_images/1625003606.5783708.jpg
Cat3,15mph,lr,opposite,1,1625003606.611704,/media/batool/MULTIMODAL_DATA/Multimodal_Data/Cat3/static_in_front/bag_files/Cat3_15mph_lr_opposite_1/camera_images/1625003606.611704.jpg
Cat3,15mph,lr,opposite,1,1625003606.6450374,/media/batool/MULTIMODAL_DATA/Multimodal_Data/Cat3/static_in_front/bag_files/Cat3_15mph_lr_opposite_1/camera_images/1625003606.6450374.jpg
Cat3,15mph,lr,opposite,1,1625003606.6783707,/media/batool/MULTIMODAL_DATA/Multimodal_Data/Cat3/static_in_front/bag_files/Cat3_15mph_lr_opposite_1/camera_images/1625003606.6783707.jpg
Cat3,15mph,lr,opposite,1,1625003606.711704,/media/batool/MULTIMODAL_DATA/Multimodal_Data/Cat3/static_in_front/bag_files/Cat3_15mph_lr_opposite_1/camera_images/1625003606.711704.jpg
Cat3,15mph,lr,opposite,1,1625003606.7450373,/media/batool/MULTIMODAL_DATA/Multimodal_Data/Cat3/static_in_front/bag_files/Cat3_15mph_lr_opposite_1/camera_images/1625003606.7450373.jpg
Cat3,15mph,lr,opposite,1,1625003606.7783706,/media/batool/MULTIMODAL_DATA/Multimodal_Data/Cat3/static_in_front/bag_files/Cat3_15mph_lr_opposite_1/camera_images/1625003606.7783706.jpg
Cat3,15mph,lr,opposite,1,1625003606.811704,/media/batool/MULTIMODAL_DATA/Multimodal_Data/Cat3/static_in_front/bag_files/Cat3_15mph_lr_opposite_1/camera_images/1625003606.811704.jpg
Cat3,15mph,lr,opposite,1,1625003606.8450372,/media/batool/MULTIMODAL_DATA/Multimodal_Data/Cat3/static_in_front/bag_files/Cat3_15mph_lr_opposite_1/camera_images/1625003606.8450372.jpg
Cat3,15mph,lr,opposite,1,1625003606.8783705,/media/batool/MULTIMODAL_DATA/Multimodal_Data/Cat3/static_in_front/bag_files/Cat3_15mph_lr_opposite_1/camera_images/1625003606.8783705.jpg
Cat3,15mph,lr,opposite,1,1625003606.9117038,/media/batool/MULTIMODAL_DATA/Multimodal_Data/Cat3/static_in_front/bag_files/Cat3_15mph_lr_opposite_1/camera_images/1625003606.9117038.jpg
Cat3,15mph,lr,opposite,1,1625003606.9450371,/media/batool/MULTIMODAL_DATA/Multimodal_Data/Cat3/static_in_front/bag_files/Cat3_15mph_lr_opposite_1/camera_images/1625003606.9450371.jpg
Cat3,15mph,lr,opposite,1,1625003606.9783704,/media/batool/MULTIMODAL_DATA/Multimodal_Data/Cat3/static_in_front/bag_files/Cat3_15mph_lr_opposite_1/camera_images/1625003606.9783704.jpg
Cat3,15mph,lr,opposite,1,1625003607.0117037,/media/batool/MULTIMODAL_DATA/Multimodal_Data/Cat3/static_in_front/bag_files/Cat3_15mph_lr_opposite_1/camera_images/1625003607.0117037.jpg
Cat3,15mph,lr,opposite,1,1625003607.045037,/media/batool/MULTIMODAL_DATA/Multimodal_Data/Cat3/static_in_front/bag_files/Cat3_15mph_lr_opposite_1/camera_images/1625003607.045037.jpg
Cat3,15mph,lr,opposite,1,1625003607.1117036,/media/batool/MULTIMODAL_DATA/Multimodal_Data/Cat3/static_in_front/bag_files/Cat3_15mph_lr_opposite_1/camera_images/1625003607.1117036.jpg
Cat3,15mph,lr,opposite,1,1625003607.145037,/media/batool/MULTIMODAL_DATA/Multimodal_Data/Cat3/static_in_front/bag_files/Cat3_15mph_lr_opposite_1/camera_images/1625003607.145037.jpg
Cat3,15mph,lr,opposite,1,1625003607.1783702,/media/batool/MULTIMODAL_DATA/Multimodal_Data/Cat3/static_in_front/bag_files/Cat3_15mph_lr_opposite_1/camera_images/1625003607.1783702.jpg
Cat3,15mph,lr,opposite,1,1625003607.2117035,/media/batool/MULTIMODAL_DATA/Multimodal_Data/Cat3/static_in_front/bag_files/Cat3_15mph_lr_opposite_1/camera_images/1625003607.2117035.jpg
Cat3,15mph,lr,opposite,1,1625003607.2450368,/media/batool/MULTIMODAL_DATA/Multimodal_Data/Cat3/static_in_front/bag_files/Cat3_15mph_lr_opposite_1/camera_images/1625003607.2450368.jpg
Cat3,15mph,lr,opposite,1,1625003607.2783701,/media/batool/MULTIMODAL_DATA/Multimodal_Data/Cat3/static_in_front/bag_files/Cat3_15mph_lr_opposite_1/camera_images/1625003607.2783701.jpg
Cat3,15mph,lr,opposite,1,1625003607.3117034,/media/batool/MULTIMODAL_DATA/Multimodal_Data/Cat3/static_in_front/bag_files/Cat3_15mph_lr_opposite_1/camera_images/1625003607.3117034.jpg
Cat3,15mph,lr,opposite,1,1625003607.3450367,/media/batool/MULTIMODAL_DATA/Multimodal_Data/Cat3/static_in_front/bag_files/Cat3_15mph_lr_opposite_1/camera_images/1625003607.3450367.jpg
Cat3,15mph,lr,opposite,1,1625003607.37837,/media/batool/MULTIMODAL_DATA/Multimodal_Data/Cat3/static_in_front/bag_files/Cat3_15mph_lr_opposite_1/camera_images/1625003607.37837.jpg
Cat3,15mph,lr,opposite,1,1625003607.4117033,/media/batool/MULTIMODAL_DATA/Multimodal_Data/Cat3/static_in_front/bag_files/Cat3_15mph_lr_opposite_1/camera_images/1625003607.4117033.jpg
Cat3,15mph,lr,opposite,1,1625003607.4450366,/media/batool/MULTIMODAL_DATA/Multimodal_Data/Cat3/static_in_front/bag_files/Cat3_15mph_lr_opposite_1/camera_images/1625003607.4450366.jpg
Cat3,15mph,lr,opposite,1,1625003607.47837,/media/batool/MULTIMODAL_DATA/Multimodal_Data/Cat3/static_in_front/bag_files/Cat3_15mph_lr_opposite_1/camera_images/1625003607.47837.jpg
Cat3,15mph,lr,opposite,1,1625003607.5117033,/media/batool/MULTIMODAL_DATA/Multimodal_Data/Cat3/static_in_front/bag_files/Cat3_15mph_lr_opposite_1/camera_images/1625003607.5117033.jpg
Cat3,15mph,lr,opposite,1,1625003607.5450366,/media/batool/MULTIMODAL_DATA/Multimodal_Data/Cat3/static_in_front/bag_files/Cat3_15mph_lr_opposite_1/camera_images/1625003607.5450366.jpg
Cat3,15mph,lr,opposite,1,1625003607.5783699,/media/batool/MULTIMODAL_DATA/Multimodal_Data/Cat3/static_in_front/bag_files/Cat3_15mph_lr_opposite_1/camera_images/1625003607.5783699.jpg
Cat3,15mph,lr,opposite,1,1625003607.6450365,/media/batool/MULTIMODAL_DATA/Multimodal_Data/Cat3/static_in_front/bag_files/Cat3_15mph_lr_opposite_1/camera_images/1625003607.6450365.jpg
Cat3,15mph,lr,opposite,1,1625003607.6783698,/media/batool/MULTIMODAL_DATA/Multimodal_Data/Cat3/static_in_front/bag_files/Cat3_15mph_lr_opposite_1/camera_images/1625003607.6783698.jpg
Cat3,15mph,lr,opposite,1,1625003607.711703,/media/batool/MULTIMODAL_DATA/Multimodal_Data/Cat3/static_in_front/bag_files/Cat3_15mph_lr_opposite_1/camera_images/1625003607.711703.jpg
Cat3,15mph,lr,opposite,1,1625003607.7450364,/media/batool/MULTIMODAL_DATA/Multimodal_Data/Cat3/static_in_front/bag_files/Cat3_15mph_lr_opposite_1/camera_images/1625003607.7450364.jpg
Cat3,15mph,lr,opposite,1,1625003607.7783697,/media/batool/MULTIMODAL_DATA/Multimodal_Data/Cat3/static_in_front/bag_files/Cat3_15mph_lr_opposite_1/camera_images/1625003607.7783697.jpg
Cat3,15mph,lr,opposite,1,1625003607.811703,/media/batool/MULTIMODAL_DATA/Multimodal_Data/Cat3/static_in_front/bag_files/Cat3_15mph_lr_opposite_1/camera_images/1625003607.811703.jpg
Cat3,15mph,lr,opposite,1,1625003607.8450363,/media/batool/MULTIMODAL_DATA/Multimodal_Data/Cat3/static_in_front/bag_files/Cat3_15mph_lr_opposite_1/camera_images/1625003607.8450363.jpg
Cat3,15mph,lr,opposite,1,1625003607.8783696,/media/batool/MULTIMODAL_DATA/Multimodal_Data/Cat3/static_in_front/bag_files/Cat3_15mph_lr_opposite_1/camera_images/1625003607.8783696.jpg
Cat3,15mph,lr,opposite,1,1625003607.9117029,/media/batool/MULTIMODAL_DATA/Multimodal_Data/Cat3/static_in_front/bag_files/Cat3_15mph_lr_opposite_1/camera_images/1625003607.9117029.jpg
Cat3,15mph,lr,opposite,1,1625003607.9450362,/media/batool/MULTIMODAL_DATA/Multimodal_Data/Cat3/static_in_front/bag_files/Cat3_15mph_lr_opposite_1/camera_images/1625003607.9450362.jpg
Cat3,15mph,lr,opposite,1,1625003607.9783695,/media/batool/MULTIMODAL_DATA/Multimodal_Data/Cat3/static_in_front/bag_files/Cat3_15mph_lr_opposite_1/camera_images/1625003607.9783695.jpg
Cat3,15mph,lr,opposite,1,1625003608.0117028,/media/batool/MULTIMODAL_DATA/Multimodal_Data/Cat3/static_in_front/bag_files/Cat3_15mph_lr_opposite_1/camera_images/1625003608.0117028.jpg
Cat3,15mph,lr,opposite,1,1625003608.045036,/media/batool/MULTIMODAL_DATA/Multimodal_Data/Cat3/static_in_front/bag_files/Cat3_15mph_lr_opposite_1/camera_images/1625003608.045036.jpg
Cat3,15mph,lr,opposite,1,1625003608.0783694,/media/batool/MULTIMODAL_DATA/Multimodal_Data/Cat3/static_in_front/bag_files/Cat3_15mph_lr_opposite_1/camera_images/1625003608.0783694.jpg
Cat3,15mph,lr,opposite,1,1625003608.1117027,/media/batool/MULTIMODAL_DATA/Multimodal_Data/Cat3/static_in_front/bag_files/Cat3_15mph_lr_opposite_1/camera_images/1625003608.1117027.jpg
Cat3,15mph,lr,opposite,1,1625003608.1783693,/media/batool/MULTIMODAL_DATA/Multimodal_Data/Cat3/static_in_front/bag_files/Cat3_15mph_lr_opposite_1/camera_images/1625003608.1783693.jpg
Cat3,15mph,lr,opposite,1,1625003608.2117026,/media/batool/MULTIMODAL_DATA/Multimodal_Data/Cat3/static_in_front/bag_files/Cat3_15mph_lr_opposite_1/camera_images/1625003608.2117026.jpg
Cat3,15mph,lr,opposite,1,1625003608.245036,/media/batool/MULTIMODAL_DATA/Multimodal_Data/Cat3/static_in_front/bag_files/Cat3_15mph_lr_opposite_1/camera_images/1625003608.245036.jpg
Cat3,15mph,lr,opposite,1,1625003608.2783692,/media/batool/MULTIMODAL_DATA/Multimodal_Data/Cat3/static_in_front/bag_files/Cat3_15mph_lr_opposite_1/camera_images/1625003608.2783692.jpg
Cat3,15mph,lr,opposite,1,1625003608.3117025,/media/batool/MULTIMODAL_DATA/Multimodal_Data/Cat3/static_in_front/bag_files/Cat3_15mph_lr_opposite_1/camera_images/1625003608.3117025.jpg
Cat3,15mph,lr,opposite,1,1625003608.3450358,/media/batool/MULTIMODAL_DATA/Multimodal_Data/Cat3/static_in_front/bag_files/Cat3_15mph_lr_opposite_1/camera_images/1625003608.3450358.jpg
Cat3,15mph,lr,opposite,1,1625003608.378369,/media/batool/MULTIMODAL_DATA/Multimodal_Data/Cat3/static_in_front/bag_files/Cat3_15mph_lr_opposite_1/camera_images/1625003608.378369.jpg
Cat3,15mph,lr,opposite,1,1625003608.4117024,/media/batool/MULTIMODAL_DATA/Multimodal_Data/Cat3/static_in_front/bag_files/Cat3_15mph_lr_opposite_1/camera_images/1625003608.4117024.jpg
Cat3,15mph,lr,opposite,1,1625003608.4450357,/media/batool/MULTIMODAL_DATA/Multimodal_Data/Cat3/static_in_front/bag_files/Cat3_15mph_lr_opposite_1/camera_images/1625003608.4450357.jpg
Cat3,15mph,lr,opposite,1,1625003608.478369,/media/batool/MULTIMODAL_DATA/Multimodal_Data/Cat3/static_in_front/bag_files/Cat3_15mph_lr_opposite_1/camera_images/1625003608.478369.jpg
Cat3,15mph,lr,opposite,1,1625003608.5117023,/media/batool/MULTIMODAL_DATA/Multimodal_Data/Cat3/static_in_front/bag_files/Cat3_15mph_lr_opposite_1/camera_images/1625003608.5117023.jpg
Cat3,15mph,lr,opposite,1,1625003608.5450356,/media/batool/MULTIMODAL_DATA/Multimodal_Data/Cat3/static_in_front/bag_files/Cat3_15mph_lr_opposite_1/camera_images/1625003608.5450356.jpg
Cat3,15mph,lr,opposite,1,1625003608.578369,/media/batool/MULTIMODAL_DATA/Multimodal_Data/Cat3/static_in_front/bag_files/Cat3_15mph_lr_opposite_1/camera_images/1625003608.578369.jpg
Cat3,15mph,lr,opposite,1,1625003608.6117022,/media/batool/MULTIMODAL_DATA/Multimodal_Data/Cat3/static_in_front/bag_files/Cat3_15mph_lr_opposite_1/camera_images/1625003608.6117022.jpg
Cat3,15mph,lr,opposite,1,1625003608.6450355,/media/batool/MULTIMODAL_DATA/Multimodal_Data/Cat3/static_in_front/bag_files/Cat3_15mph_lr_opposite_1/camera_images/1625003608.6450355.jpg
Cat3,15mph,lr,opposite,1,1625003608.6783688,/media/batool/MULTIMODAL_DATA/Multimodal_Data/Cat3/static_in_front/bag_files/Cat3_15mph_lr_opposite_1/camera_images/1625003608.6783688.jpg
Cat3,15mph,lr,opposite,1,1625003608.711702,/media/batool/MULTIMODAL_DATA/Multimodal_Data/Cat3/static_in_front/bag_files/Cat3_15mph_lr_opposite_1/camera_images/1625003608.711702.jpg
Cat3,15mph,lr,opposite,1,1625003608.7450354,/media/batool/MULTIMODAL_DATA/Multimodal_Data/Cat3/static_in_front/bag_files/Cat3_15mph_lr_opposite_1/camera_images/1625003608.7450354.jpg
Cat3,15mph,lr,opposite,1,1625003608.7783687,/media/batool/MULTIMODAL_DATA/Multimodal_Data/Cat3/static_in_front/bag_files/Cat3_15mph_lr_opposite_1/camera_images/1625003608.7783687.jpg
Cat3,15mph,lr,opposite,1,1625003608.811702,/media/batool/MULTIMODAL_DATA/Multimodal_Data/Cat3/static_in_front/bag_files/Cat3_15mph_lr_opposite_1/camera_images/1625003608.811702.jpg
Cat3,15mph,lr,opposite,1,1625003608.8450353,/media/batool/MULTIMODAL_DATA/Multimodal_Data/Cat3/static_in_front/bag_files/Cat3_15mph_lr_opposite_1/camera_images/1625003608.8450353.jpg
Cat3,15mph,lr,opposite,1,1625003608.8783686,/media/batool/MULTIMODAL_DATA/Multimodal_Data/Cat3/static_in_front/bag_files/Cat3_15mph_lr_opposite_1/camera_images/1625003608.8783686.jpg
