Category,speed,direction,lane,episode,Time header,lidar number,path to the file
Cat3,15mph,lr,opposite,1,1625003592.686478000,ns1,/media/batool/MULTIMODAL_DATA/Multimodal_Data/Cat3/static_in_front/bag_files/Cat3_15mph_lr_opposite_1/lidar_pcd/ns1/velodyne_points/1625003592.686478000.pcd
Cat3,15mph,lr,opposite,1,1625003592.787318000,ns1,/media/batool/MULTIMODAL_DATA/Multimodal_Data/Cat3/static_in_front/bag_files/Cat3_15mph_lr_opposite_1/lidar_pcd/ns1/velodyne_points/1625003592.787318000.pcd
Cat3,15mph,lr,opposite,1,1625003592.888146000,ns1,/media/batool/MULTIMODAL_DATA/Multimodal_Data/Cat3/static_in_front/bag_files/Cat3_15mph_lr_opposite_1/lidar_pcd/ns1/velodyne_points/1625003592.888146000.pcd
Cat3,15mph,lr,opposite,1,1625003592.989017000,ns1,/media/batool/MULTIMODAL_DATA/Multimodal_Data/Cat3/static_in_front/bag_files/Cat3_15mph_lr_opposite_1/lidar_pcd/ns1/velodyne_points/1625003592.989017000.pcd
Cat3,15mph,lr,opposite,1,1625003593.089880000,ns1,/media/batool/MULTIMODAL_DATA/Multimodal_Data/Cat3/static_in_front/bag_files/Cat3_15mph_lr_opposite_1/lidar_pcd/ns1/velodyne_points/1625003593.089880000.pcd
Cat3,15mph,lr,opposite,1,1625003593.190734000,ns1,/media/batool/MULTIMODAL_DATA/Multimodal_Data/Cat3/static_in_front/bag_files/Cat3_15mph_lr_opposite_1/lidar_pcd/ns1/velodyne_points/1625003593.190734000.pcd
Cat3,15mph,lr,opposite,1,1625003593.291599000,ns1,/media/batool/MULTIMODAL_DATA/Multimodal_Data/Cat3/static_in_front/bag_files/Cat3_15mph_lr_opposite_1/lidar_pcd/ns1/velodyne_points/1625003593.291599000.pcd
Cat3,15mph,lr,opposite,1,1625003593.392443000,ns1,/media/batool/MULTIMODAL_DATA/Multimodal_Data/Cat3/static_in_front/bag_files/Cat3_15mph_lr_opposite_1/lidar_pcd/ns1/velodyne_points/1625003593.392443000.pcd
Cat3,15mph,lr,opposite,1,1625003593.493325000,ns1,/media/batool/MULTIMODAL_DATA/Multimodal_Data/Cat3/static_in_front/bag_files/Cat3_15mph_lr_opposite_1/lidar_pcd/ns1/velodyne_points/1625003593.493325000.pcd
Cat3,15mph,lr,opposite,1,1625003593.594155000,ns1,/media/batool/MULTIMODAL_DATA/Multimodal_Data/Cat3/static_in_front/bag_files/Cat3_15mph_lr_opposite_1/lidar_pcd/ns1/velodyne_points/1625003593.594155000.pcd
Cat3,15mph,lr,opposite,1,1625003593.695073000,ns1,/media/batool/MULTIMODAL_DATA/Multimodal_Data/Cat3/static_in_front/bag_files/Cat3_15mph_lr_opposite_1/lidar_pcd/ns1/velodyne_points/1625003593.695073000.pcd
Cat3,15mph,lr,opposite,1,1625003593.795953000,ns1,/media/batool/MULTIMODAL_DATA/Multimodal_Data/Cat3/static_in_front/bag_files/Cat3_15mph_lr_opposite_1/lidar_pcd/ns1/velodyne_points/1625003593.795953000.pcd
Cat3,15mph,lr,opposite,1,1625003593.896766000,ns1,/media/batool/MULTIMODAL_DATA/Multimodal_Data/Cat3/static_in_front/bag_files/Cat3_15mph_lr_opposite_1/lidar_pcd/ns1/velodyne_points/1625003593.896766000.pcd
Cat3,15mph,lr,opposite,1,1625003593.997607000,ns1,/media/batool/MULTIMODAL_DATA/Multimodal_Data/Cat3/static_in_front/bag_files/Cat3_15mph_lr_opposite_1/lidar_pcd/ns1/velodyne_points/1625003593.997607000.pcd
Cat3,15mph,lr,opposite,1,1625003594.199418000,ns1,/media/batool/MULTIMODAL_DATA/Multimodal_Data/Cat3/static_in_front/bag_files/Cat3_15mph_lr_opposite_1/lidar_pcd/ns1/velodyne_points/1625003594.199418000.pcd
Cat3,15mph,lr,opposite,1,1625003594.300169000,ns1,/media/batool/MULTIMODAL_DATA/Multimodal_Data/Cat3/static_in_front/bag_files/Cat3_15mph_lr_opposite_1/lidar_pcd/ns1/velodyne_points/1625003594.300169000.pcd
Cat3,15mph,lr,opposite,1,1625003594.401061000,ns1,/media/batool/MULTIMODAL_DATA/Multimodal_Data/Cat3/static_in_front/bag_files/Cat3_15mph_lr_opposite_1/lidar_pcd/ns1/velodyne_points/1625003594.401061000.pcd
Cat3,15mph,lr,opposite,1,1625003594.502435000,ns1,/media/batool/MULTIMODAL_DATA/Multimodal_Data/Cat3/static_in_front/bag_files/Cat3_15mph_lr_opposite_1/lidar_pcd/ns1/velodyne_points/1625003594.502435000.pcd
Cat3,15mph,lr,opposite,1,1625003594.602817000,ns1,/media/batool/MULTIMODAL_DATA/Multimodal_Data/Cat3/static_in_front/bag_files/Cat3_15mph_lr_opposite_1/lidar_pcd/ns1/velodyne_points/1625003594.602817000.pcd
Cat3,15mph,lr,opposite,1,1625003594.703614000,ns1,/media/batool/MULTIMODAL_DATA/Multimodal_Data/Cat3/static_in_front/bag_files/Cat3_15mph_lr_opposite_1/lidar_pcd/ns1/velodyne_points/1625003594.703614000.pcd
Cat3,15mph,lr,opposite,1,1625003594.804462000,ns1,/media/batool/MULTIMODAL_DATA/Multimodal_Data/Cat3/static_in_front/bag_files/Cat3_15mph_lr_opposite_1/lidar_pcd/ns1/velodyne_points/1625003594.804462000.pcd
Cat3,15mph,lr,opposite,1,1625003594.905375000,ns1,/media/batool/MULTIMODAL_DATA/Multimodal_Data/Cat3/static_in_front/bag_files/Cat3_15mph_lr_opposite_1/lidar_pcd/ns1/velodyne_points/1625003594.905375000.pcd
Cat3,15mph,lr,opposite,1,1625003595.006186000,ns1,/media/batool/MULTIMODAL_DATA/Multimodal_Data/Cat3/static_in_front/bag_files/Cat3_15mph_lr_opposite_1/lidar_pcd/ns1/velodyne_points/1625003595.006186000.pcd
Cat3,15mph,lr,opposite,1,1625003595.107036000,ns1,/media/batool/MULTIMODAL_DATA/Multimodal_Data/Cat3/static_in_front/bag_files/Cat3_15mph_lr_opposite_1/lidar_pcd/ns1/velodyne_points/1625003595.107036000.pcd
Cat3,15mph,lr,opposite,1,1625003595.207890000,ns1,/media/batool/MULTIMODAL_DATA/Multimodal_Data/Cat3/static_in_front/bag_files/Cat3_15mph_lr_opposite_1/lidar_pcd/ns1/velodyne_points/1625003595.207890000.pcd
Cat3,15mph,lr,opposite,1,1625003595.308764000,ns1,/media/batool/MULTIMODAL_DATA/Multimodal_Data/Cat3/static_in_front/bag_files/Cat3_15mph_lr_opposite_1/lidar_pcd/ns1/velodyne_points/1625003595.308764000.pcd
Cat3,15mph,lr,opposite,1,1625003595.409610000,ns1,/media/batool/MULTIMODAL_DATA/Multimodal_Data/Cat3/static_in_front/bag_files/Cat3_15mph_lr_opposite_1/lidar_pcd/ns1/velodyne_points/1625003595.409610000.pcd
Cat3,15mph,lr,opposite,1,1625003595.510474000,ns1,/media/batool/MULTIMODAL_DATA/Multimodal_Data/Cat3/static_in_front/bag_files/Cat3_15mph_lr_opposite_1/lidar_pcd/ns1/velodyne_points/1625003595.510474000.pcd
Cat3,15mph,lr,opposite,1,1625003595.712160000,ns1,/media/batool/MULTIMODAL_DATA/Multimodal_Data/Cat3/static_in_front/bag_files/Cat3_15mph_lr_opposite_1/lidar_pcd/ns1/velodyne_points/1625003595.712160000.pcd
Cat3,15mph,lr,opposite,1,1625003595.813047000,ns1,/media/batool/MULTIMODAL_DATA/Multimodal_Data/Cat3/static_in_front/bag_files/Cat3_15mph_lr_opposite_1/lidar_pcd/ns1/velodyne_points/1625003595.813047000.pcd
Cat3,15mph,lr,opposite,1,1625003595.913912000,ns1,/media/batool/MULTIMODAL_DATA/Multimodal_Data/Cat3/static_in_front/bag_files/Cat3_15mph_lr_opposite_1/lidar_pcd/ns1/velodyne_points/1625003595.913912000.pcd
Cat3,15mph,lr,opposite,1,1625003596.014734000,ns1,/media/batool/MULTIMODAL_DATA/Multimodal_Data/Cat3/static_in_front/bag_files/Cat3_15mph_lr_opposite_1/lidar_pcd/ns1/velodyne_points/1625003596.014734000.pcd
Cat3,15mph,lr,opposite,1,1625003596.115578000,ns1,/media/batool/MULTIMODAL_DATA/Multimodal_Data/Cat3/static_in_front/bag_files/Cat3_15mph_lr_opposite_1/lidar_pcd/ns1/velodyne_points/1625003596.115578000.pcd
Cat3,15mph,lr,opposite,1,1625003596.216524000,ns1,/media/batool/MULTIMODAL_DATA/Multimodal_Data/Cat3/static_in_front/bag_files/Cat3_15mph_lr_opposite_1/lidar_pcd/ns1/velodyne_points/1625003596.216524000.pcd
Cat3,15mph,lr,opposite,1,1625003596.317302000,ns1,/media/batool/MULTIMODAL_DATA/Multimodal_Data/Cat3/static_in_front/bag_files/Cat3_15mph_lr_opposite_1/lidar_pcd/ns1/velodyne_points/1625003596.317302000.pcd
Cat3,15mph,lr,opposite,1,1625003596.418183000,ns1,/media/batool/MULTIMODAL_DATA/Multimodal_Data/Cat3/static_in_front/bag_files/Cat3_15mph_lr_opposite_1/lidar_pcd/ns1/velodyne_points/1625003596.418183000.pcd
Cat3,15mph,lr,opposite,1,1625003596.519027000,ns1,/media/batool/MULTIMODAL_DATA/Multimodal_Data/Cat3/static_in_front/bag_files/Cat3_15mph_lr_opposite_1/lidar_pcd/ns1/velodyne_points/1625003596.519027000.pcd
Cat3,15mph,lr,opposite,1,1625003596.619856000,ns1,/media/batool/MULTIMODAL_DATA/Multimodal_Data/Cat3/static_in_front/bag_files/Cat3_15mph_lr_opposite_1/lidar_pcd/ns1/velodyne_points/1625003596.619856000.pcd
Cat3,15mph,lr,opposite,1,1625003596.720753000,ns1,/media/batool/MULTIMODAL_DATA/Multimodal_Data/Cat3/static_in_front/bag_files/Cat3_15mph_lr_opposite_1/lidar_pcd/ns1/velodyne_points/1625003596.720753000.pcd
Cat3,15mph,lr,opposite,1,1625003596.821608000,ns1,/media/batool/MULTIMODAL_DATA/Multimodal_Data/Cat3/static_in_front/bag_files/Cat3_15mph_lr_opposite_1/lidar_pcd/ns1/velodyne_points/1625003596.821608000.pcd
Cat3,15mph,lr,opposite,1,1625003596.922475000,ns1,/media/batool/MULTIMODAL_DATA/Multimodal_Data/Cat3/static_in_front/bag_files/Cat3_15mph_lr_opposite_1/lidar_pcd/ns1/velodyne_points/1625003596.922475000.pcd
Cat3,15mph,lr,opposite,1,1625003597.023333000,ns1,/media/batool/MULTIMODAL_DATA/Multimodal_Data/Cat3/static_in_front/bag_files/Cat3_15mph_lr_opposite_1/lidar_pcd/ns1/velodyne_points/1625003597.023333000.pcd
Cat3,15mph,lr,opposite,1,1625003597.225076000,ns1,/media/batool/MULTIMODAL_DATA/Multimodal_Data/Cat3/static_in_front/bag_files/Cat3_15mph_lr_opposite_1/lidar_pcd/ns1/velodyne_points/1625003597.225076000.pcd
Cat3,15mph,lr,opposite,1,1625003597.325856000,ns1,/media/batool/MULTIMODAL_DATA/Multimodal_Data/Cat3/static_in_front/bag_files/Cat3_15mph_lr_opposite_1/lidar_pcd/ns1/velodyne_points/1625003597.325856000.pcd
Cat3,15mph,lr,opposite,1,1625003597.426755000,ns1,/media/batool/MULTIMODAL_DATA/Multimodal_Data/Cat3/static_in_front/bag_files/Cat3_15mph_lr_opposite_1/lidar_pcd/ns1/velodyne_points/1625003597.426755000.pcd
Cat3,15mph,lr,opposite,1,1625003597.527582000,ns1,/media/batool/MULTIMODAL_DATA/Multimodal_Data/Cat3/static_in_front/bag_files/Cat3_15mph_lr_opposite_1/lidar_pcd/ns1/velodyne_points/1625003597.527582000.pcd
Cat3,15mph,lr,opposite,1,1625003597.628436000,ns1,/media/batool/MULTIMODAL_DATA/Multimodal_Data/Cat3/static_in_front/bag_files/Cat3_15mph_lr_opposite_1/lidar_pcd/ns1/velodyne_points/1625003597.628436000.pcd
Cat3,15mph,lr,opposite,1,1625003597.729368000,ns1,/media/batool/MULTIMODAL_DATA/Multimodal_Data/Cat3/static_in_front/bag_files/Cat3_15mph_lr_opposite_1/lidar_pcd/ns1/velodyne_points/1625003597.729368000.pcd
Cat3,15mph,lr,opposite,1,1625003597.830196000,ns1,/media/batool/MULTIMODAL_DATA/Multimodal_Data/Cat3/static_in_front/bag_files/Cat3_15mph_lr_opposite_1/lidar_pcd/ns1/velodyne_points/1625003597.830196000.pcd
Cat3,15mph,lr,opposite,1,1625003597.931035000,ns1,/media/batool/MULTIMODAL_DATA/Multimodal_Data/Cat3/static_in_front/bag_files/Cat3_15mph_lr_opposite_1/lidar_pcd/ns1/velodyne_points/1625003597.931035000.pcd
Cat3,15mph,lr,opposite,1,1625003598.031894000,ns1,/media/batool/MULTIMODAL_DATA/Multimodal_Data/Cat3/static_in_front/bag_files/Cat3_15mph_lr_opposite_1/lidar_pcd/ns1/velodyne_points/1625003598.031894000.pcd
Cat3,15mph,lr,opposite,1,1625003598.132744000,ns1,/media/batool/MULTIMODAL_DATA/Multimodal_Data/Cat3/static_in_front/bag_files/Cat3_15mph_lr_opposite_1/lidar_pcd/ns1/velodyne_points/1625003598.132744000.pcd
Cat3,15mph,lr,opposite,1,1625003598.233603000,ns1,/media/batool/MULTIMODAL_DATA/Multimodal_Data/Cat3/static_in_front/bag_files/Cat3_15mph_lr_opposite_1/lidar_pcd/ns1/velodyne_points/1625003598.233603000.pcd
Cat3,15mph,lr,opposite,1,1625003598.334435000,ns1,/media/batool/MULTIMODAL_DATA/Multimodal_Data/Cat3/static_in_front/bag_files/Cat3_15mph_lr_opposite_1/lidar_pcd/ns1/velodyne_points/1625003598.334435000.pcd
Cat3,15mph,lr,opposite,1,1625003598.435331000,ns1,/media/batool/MULTIMODAL_DATA/Multimodal_Data/Cat3/static_in_front/bag_files/Cat3_15mph_lr_opposite_1/lidar_pcd/ns1/velodyne_points/1625003598.435331000.pcd
Cat3,15mph,lr,opposite,1,1625003598.536148000,ns1,/media/batool/MULTIMODAL_DATA/Multimodal_Data/Cat3/static_in_front/bag_files/Cat3_15mph_lr_opposite_1/lidar_pcd/ns1/velodyne_points/1625003598.536148000.pcd
Cat3,15mph,lr,opposite,1,1625003594.098488000,ns1,/media/batool/MULTIMODAL_DATA/Multimodal_Data/Cat3/static_in_front/bag_files/Cat3_15mph_lr_opposite_1/lidar_pcd/ns1/velodyne_points/1625003594.098488000.pcd
Cat3,15mph,lr,opposite,1,1625003595.611330000,ns1,/media/batool/MULTIMODAL_DATA/Multimodal_Data/Cat3/static_in_front/bag_files/Cat3_15mph_lr_opposite_1/lidar_pcd/ns1/velodyne_points/1625003595.611330000.pcd
Cat3,15mph,lr,opposite,1,1625003597.124164000,ns1,/media/batool/MULTIMODAL_DATA/Multimodal_Data/Cat3/static_in_front/bag_files/Cat3_15mph_lr_opposite_1/lidar_pcd/ns1/velodyne_points/1625003597.124164000.pcd
Cat3,15mph,lr,opposite,1,1625003598.637004000,ns1,/media/batool/MULTIMODAL_DATA/Multimodal_Data/Cat3/static_in_front/bag_files/Cat3_15mph_lr_opposite_1/lidar_pcd/ns1/velodyne_points/1625003598.637004000.pcd
Cat3,15mph,lr,opposite,1,1625003600.149846000,ns1,/media/batool/MULTIMODAL_DATA/Multimodal_Data/Cat3/static_in_front/bag_files/Cat3_15mph_lr_opposite_1/lidar_pcd/ns1/velodyne_points/1625003600.149846000.pcd
Cat3,15mph,lr,opposite,1,1625003601.662705000,ns1,/media/batool/MULTIMODAL_DATA/Multimodal_Data/Cat3/static_in_front/bag_files/Cat3_15mph_lr_opposite_1/lidar_pcd/ns1/velodyne_points/1625003601.662705000.pcd
Cat3,15mph,lr,opposite,1,1625003603.175581000,ns1,/media/batool/MULTIMODAL_DATA/Multimodal_Data/Cat3/static_in_front/bag_files/Cat3_15mph_lr_opposite_1/lidar_pcd/ns1/velodyne_points/1625003603.175581000.pcd
Cat3,15mph,lr,opposite,1,1625003605.495289000,ns1,/media/batool/MULTIMODAL_DATA/Multimodal_Data/Cat3/static_in_front/bag_files/Cat3_15mph_lr_opposite_1/lidar_pcd/ns1/velodyne_points/1625003605.495289000.pcd
Cat3,15mph,lr,opposite,1,1625003607.008144000,ns1,/media/batool/MULTIMODAL_DATA/Multimodal_Data/Cat3/static_in_front/bag_files/Cat3_15mph_lr_opposite_1/lidar_pcd/ns1/velodyne_points/1625003607.008144000.pcd
Cat3,15mph,lr,opposite,1,1625003608.520984000,ns1,/media/batool/MULTIMODAL_DATA/Multimodal_Data/Cat3/static_in_front/bag_files/Cat3_15mph_lr_opposite_1/lidar_pcd/ns1/velodyne_points/1625003608.520984000.pcd
Cat3,15mph,lr,opposite,1,1625003610.033811000,ns1,/media/batool/MULTIMODAL_DATA/Multimodal_Data/Cat3/static_in_front/bag_files/Cat3_15mph_lr_opposite_1/lidar_pcd/ns1/velodyne_points/1625003610.033811000.pcd
Cat3,15mph,lr,opposite,1,1625003611.546764000,ns1,/media/batool/MULTIMODAL_DATA/Multimodal_Data/Cat3/static_in_front/bag_files/Cat3_15mph_lr_opposite_1/lidar_pcd/ns1/velodyne_points/1625003611.546764000.pcd
Cat3,15mph,lr,opposite,1,1625003613.160402000,ns1,/media/batool/MULTIMODAL_DATA/Multimodal_Data/Cat3/static_in_front/bag_files/Cat3_15mph_lr_opposite_1/lidar_pcd/ns1/velodyne_points/1625003613.160402000.pcd
Cat3,15mph,lr,opposite,1,1625003614.673291000,ns1,/media/batool/MULTIMODAL_DATA/Multimodal_Data/Cat3/static_in_front/bag_files/Cat3_15mph_lr_opposite_1/lidar_pcd/ns1/velodyne_points/1625003614.673291000.pcd
Cat3,15mph,lr,opposite,1,1625003616.186096000,ns1,/media/batool/MULTIMODAL_DATA/Multimodal_Data/Cat3/static_in_front/bag_files/Cat3_15mph_lr_opposite_1/lidar_pcd/ns1/velodyne_points/1625003616.186096000.pcd
Cat3,15mph,lr,opposite,1,1625003617.698956000,ns1,/media/batool/MULTIMODAL_DATA/Multimodal_Data/Cat3/static_in_front/bag_files/Cat3_15mph_lr_opposite_1/lidar_pcd/ns1/velodyne_points/1625003617.698956000.pcd
Cat3,15mph,lr,opposite,1,1625003619.211803000,ns1,/media/batool/MULTIMODAL_DATA/Multimodal_Data/Cat3/static_in_front/bag_files/Cat3_15mph_lr_opposite_1/lidar_pcd/ns1/velodyne_points/1625003619.211803000.pcd
Cat3,15mph,lr,opposite,1,1625003598.737903000,ns1,/media/batool/MULTIMODAL_DATA/Multimodal_Data/Cat3/static_in_front/bag_files/Cat3_15mph_lr_opposite_1/lidar_pcd/ns1/velodyne_points/1625003598.737903000.pcd
Cat3,15mph,lr,opposite,1,1625003598.838760000,ns1,/media/batool/MULTIMODAL_DATA/Multimodal_Data/Cat3/static_in_front/bag_files/Cat3_15mph_lr_opposite_1/lidar_pcd/ns1/velodyne_points/1625003598.838760000.pcd
Cat3,15mph,lr,opposite,1,1625003598.939663000,ns1,/media/batool/MULTIMODAL_DATA/Multimodal_Data/Cat3/static_in_front/bag_files/Cat3_15mph_lr_opposite_1/lidar_pcd/ns1/velodyne_points/1625003598.939663000.pcd
Cat3,15mph,lr,opposite,1,1625003599.040428000,ns1,/media/batool/MULTIMODAL_DATA/Multimodal_Data/Cat3/static_in_front/bag_files/Cat3_15mph_lr_opposite_1/lidar_pcd/ns1/velodyne_points/1625003599.040428000.pcd
Cat3,15mph,lr,opposite,1,1625003599.141321000,ns1,/media/batool/MULTIMODAL_DATA/Multimodal_Data/Cat3/static_in_front/bag_files/Cat3_15mph_lr_opposite_1/lidar_pcd/ns1/velodyne_points/1625003599.141321000.pcd
Cat3,15mph,lr,opposite,1,1625003599.242170000,ns1,/media/batool/MULTIMODAL_DATA/Multimodal_Data/Cat3/static_in_front/bag_files/Cat3_15mph_lr_opposite_1/lidar_pcd/ns1/velodyne_points/1625003599.242170000.pcd
Cat3,15mph,lr,opposite,1,1625003599.343075000,ns1,/media/batool/MULTIMODAL_DATA/Multimodal_Data/Cat3/static_in_front/bag_files/Cat3_15mph_lr_opposite_1/lidar_pcd/ns1/velodyne_points/1625003599.343075000.pcd
Cat3,15mph,lr,opposite,1,1625003599.443871000,ns1,/media/batool/MULTIMODAL_DATA/Multimodal_Data/Cat3/static_in_front/bag_files/Cat3_15mph_lr_opposite_1/lidar_pcd/ns1/velodyne_points/1625003599.443871000.pcd
Cat3,15mph,lr,opposite,1,1625003599.544739000,ns1,/media/batool/MULTIMODAL_DATA/Multimodal_Data/Cat3/static_in_front/bag_files/Cat3_15mph_lr_opposite_1/lidar_pcd/ns1/velodyne_points/1625003599.544739000.pcd
Cat3,15mph,lr,opposite,1,1625003599.645593000,ns1,/media/batool/MULTIMODAL_DATA/Multimodal_Data/Cat3/static_in_front/bag_files/Cat3_15mph_lr_opposite_1/lidar_pcd/ns1/velodyne_points/1625003599.645593000.pcd
Cat3,15mph,lr,opposite,1,1625003599.746425000,ns1,/media/batool/MULTIMODAL_DATA/Multimodal_Data/Cat3/static_in_front/bag_files/Cat3_15mph_lr_opposite_1/lidar_pcd/ns1/velodyne_points/1625003599.746425000.pcd
Cat3,15mph,lr,opposite,1,1625003599.847304000,ns1,/media/batool/MULTIMODAL_DATA/Multimodal_Data/Cat3/static_in_front/bag_files/Cat3_15mph_lr_opposite_1/lidar_pcd/ns1/velodyne_points/1625003599.847304000.pcd
Cat3,15mph,lr,opposite,1,1625003599.948178000,ns1,/media/batool/MULTIMODAL_DATA/Multimodal_Data/Cat3/static_in_front/bag_files/Cat3_15mph_lr_opposite_1/lidar_pcd/ns1/velodyne_points/1625003599.948178000.pcd
Cat3,15mph,lr,opposite,1,1625003600.049035000,ns1,/media/batool/MULTIMODAL_DATA/Multimodal_Data/Cat3/static_in_front/bag_files/Cat3_15mph_lr_opposite_1/lidar_pcd/ns1/velodyne_points/1625003600.049035000.pcd
Cat3,15mph,lr,opposite,1,1625003600.250750000,ns1,/media/batool/MULTIMODAL_DATA/Multimodal_Data/Cat3/static_in_front/bag_files/Cat3_15mph_lr_opposite_1/lidar_pcd/ns1/velodyne_points/1625003600.250750000.pcd
Cat3,15mph,lr,opposite,1,1625003600.351590000,ns1,/media/batool/MULTIMODAL_DATA/Multimodal_Data/Cat3/static_in_front/bag_files/Cat3_15mph_lr_opposite_1/lidar_pcd/ns1/velodyne_points/1625003600.351590000.pcd
Cat3,15mph,lr,opposite,1,1625003600.452471000,ns1,/media/batool/MULTIMODAL_DATA/Multimodal_Data/Cat3/static_in_front/bag_files/Cat3_15mph_lr_opposite_1/lidar_pcd/ns1/velodyne_points/1625003600.452471000.pcd
Cat3,15mph,lr,opposite,1,1625003600.553364000,ns1,/media/batool/MULTIMODAL_DATA/Multimodal_Data/Cat3/static_in_front/bag_files/Cat3_15mph_lr_opposite_1/lidar_pcd/ns1/velodyne_points/1625003600.553364000.pcd
Cat3,15mph,lr,opposite,1,1625003600.654181000,ns1,/media/batool/MULTIMODAL_DATA/Multimodal_Data/Cat3/static_in_front/bag_files/Cat3_15mph_lr_opposite_1/lidar_pcd/ns1/velodyne_points/1625003600.654181000.pcd
Cat3,15mph,lr,opposite,1,1625003600.755044000,ns1,/media/batool/MULTIMODAL_DATA/Multimodal_Data/Cat3/static_in_front/bag_files/Cat3_15mph_lr_opposite_1/lidar_pcd/ns1/velodyne_points/1625003600.755044000.pcd
Cat3,15mph,lr,opposite,1,1625003600.855867000,ns1,/media/batool/MULTIMODAL_DATA/Multimodal_Data/Cat3/static_in_front/bag_files/Cat3_15mph_lr_opposite_1/lidar_pcd/ns1/velodyne_points/1625003600.855867000.pcd
Cat3,15mph,lr,opposite,1,1625003600.956751000,ns1,/media/batool/MULTIMODAL_DATA/Multimodal_Data/Cat3/static_in_front/bag_files/Cat3_15mph_lr_opposite_1/lidar_pcd/ns1/velodyne_points/1625003600.956751000.pcd
Cat3,15mph,lr,opposite,1,1625003601.057606000,ns1,/media/batool/MULTIMODAL_DATA/Multimodal_Data/Cat3/static_in_front/bag_files/Cat3_15mph_lr_opposite_1/lidar_pcd/ns1/velodyne_points/1625003601.057606000.pcd
Cat3,15mph,lr,opposite,1,1625003601.158431000,ns1,/media/batool/MULTIMODAL_DATA/Multimodal_Data/Cat3/static_in_front/bag_files/Cat3_15mph_lr_opposite_1/lidar_pcd/ns1/velodyne_points/1625003601.158431000.pcd
Cat3,15mph,lr,opposite,1,1625003601.259323000,ns1,/media/batool/MULTIMODAL_DATA/Multimodal_Data/Cat3/static_in_front/bag_files/Cat3_15mph_lr_opposite_1/lidar_pcd/ns1/velodyne_points/1625003601.259323000.pcd
Cat3,15mph,lr,opposite,1,1625003601.360173000,ns1,/media/batool/MULTIMODAL_DATA/Multimodal_Data/Cat3/static_in_front/bag_files/Cat3_15mph_lr_opposite_1/lidar_pcd/ns1/velodyne_points/1625003601.360173000.pcd
Cat3,15mph,lr,opposite,1,1625003601.460993000,ns1,/media/batool/MULTIMODAL_DATA/Multimodal_Data/Cat3/static_in_front/bag_files/Cat3_15mph_lr_opposite_1/lidar_pcd/ns1/velodyne_points/1625003601.460993000.pcd
Cat3,15mph,lr,opposite,1,1625003601.561863000,ns1,/media/batool/MULTIMODAL_DATA/Multimodal_Data/Cat3/static_in_front/bag_files/Cat3_15mph_lr_opposite_1/lidar_pcd/ns1/velodyne_points/1625003601.561863000.pcd
Cat3,15mph,lr,opposite,1,1625003601.763576000,ns1,/media/batool/MULTIMODAL_DATA/Multimodal_Data/Cat3/static_in_front/bag_files/Cat3_15mph_lr_opposite_1/lidar_pcd/ns1/velodyne_points/1625003601.763576000.pcd
Cat3,15mph,lr,opposite,1,1625003601.864424000,ns1,/media/batool/MULTIMODAL_DATA/Multimodal_Data/Cat3/static_in_front/bag_files/Cat3_15mph_lr_opposite_1/lidar_pcd/ns1/velodyne_points/1625003601.864424000.pcd
Cat3,15mph,lr,opposite,1,1625003601.965291000,ns1,/media/batool/MULTIMODAL_DATA/Multimodal_Data/Cat3/static_in_front/bag_files/Cat3_15mph_lr_opposite_1/lidar_pcd/ns1/velodyne_points/1625003601.965291000.pcd
Cat3,15mph,lr,opposite,1,1625003602.066163000,ns1,/media/batool/MULTIMODAL_DATA/Multimodal_Data/Cat3/static_in_front/bag_files/Cat3_15mph_lr_opposite_1/lidar_pcd/ns1/velodyne_points/1625003602.066163000.pcd
Cat3,15mph,lr,opposite,1,1625003602.166990000,ns1,/media/batool/MULTIMODAL_DATA/Multimodal_Data/Cat3/static_in_front/bag_files/Cat3_15mph_lr_opposite_1/lidar_pcd/ns1/velodyne_points/1625003602.166990000.pcd
Cat3,15mph,lr,opposite,1,1625003602.267875000,ns1,/media/batool/MULTIMODAL_DATA/Multimodal_Data/Cat3/static_in_front/bag_files/Cat3_15mph_lr_opposite_1/lidar_pcd/ns1/velodyne_points/1625003602.267875000.pcd
Cat3,15mph,lr,opposite,1,1625003602.368723000,ns1,/media/batool/MULTIMODAL_DATA/Multimodal_Data/Cat3/static_in_front/bag_files/Cat3_15mph_lr_opposite_1/lidar_pcd/ns1/velodyne_points/1625003602.368723000.pcd
Cat3,15mph,lr,opposite,1,1625003602.469567000,ns1,/media/batool/MULTIMODAL_DATA/Multimodal_Data/Cat3/static_in_front/bag_files/Cat3_15mph_lr_opposite_1/lidar_pcd/ns1/velodyne_points/1625003602.469567000.pcd
Cat3,15mph,lr,opposite,1,1625003602.570433000,ns1,/media/batool/MULTIMODAL_DATA/Multimodal_Data/Cat3/static_in_front/bag_files/Cat3_15mph_lr_opposite_1/lidar_pcd/ns1/velodyne_points/1625003602.570433000.pcd
Cat3,15mph,lr,opposite,1,1625003602.671284000,ns1,/media/batool/MULTIMODAL_DATA/Multimodal_Data/Cat3/static_in_front/bag_files/Cat3_15mph_lr_opposite_1/lidar_pcd/ns1/velodyne_points/1625003602.671284000.pcd
Cat3,15mph,lr,opposite,1,1625003602.772152000,ns1,/media/batool/MULTIMODAL_DATA/Multimodal_Data/Cat3/static_in_front/bag_files/Cat3_15mph_lr_opposite_1/lidar_pcd/ns1/velodyne_points/1625003602.772152000.pcd
Cat3,15mph,lr,opposite,1,1625003602.872983000,ns1,/media/batool/MULTIMODAL_DATA/Multimodal_Data/Cat3/static_in_front/bag_files/Cat3_15mph_lr_opposite_1/lidar_pcd/ns1/velodyne_points/1625003602.872983000.pcd
Cat3,15mph,lr,opposite,1,1625003602.973888000,ns1,/media/batool/MULTIMODAL_DATA/Multimodal_Data/Cat3/static_in_front/bag_files/Cat3_15mph_lr_opposite_1/lidar_pcd/ns1/velodyne_points/1625003602.973888000.pcd
Cat3,15mph,lr,opposite,1,1625003603.074704000,ns1,/media/batool/MULTIMODAL_DATA/Multimodal_Data/Cat3/static_in_front/bag_files/Cat3_15mph_lr_opposite_1/lidar_pcd/ns1/velodyne_points/1625003603.074704000.pcd
Cat3,15mph,lr,opposite,1,1625003603.276406000,ns1,/media/batool/MULTIMODAL_DATA/Multimodal_Data/Cat3/static_in_front/bag_files/Cat3_15mph_lr_opposite_1/lidar_pcd/ns1/velodyne_points/1625003603.276406000.pcd
Cat3,15mph,lr,opposite,1,1625003603.377307000,ns1,/media/batool/MULTIMODAL_DATA/Multimodal_Data/Cat3/static_in_front/bag_files/Cat3_15mph_lr_opposite_1/lidar_pcd/ns1/velodyne_points/1625003603.377307000.pcd
Cat3,15mph,lr,opposite,1,1625003603.478141000,ns1,/media/batool/MULTIMODAL_DATA/Multimodal_Data/Cat3/static_in_front/bag_files/Cat3_15mph_lr_opposite_1/lidar_pcd/ns1/velodyne_points/1625003603.478141000.pcd
Cat3,15mph,lr,opposite,1,1625003603.579026000,ns1,/media/batool/MULTIMODAL_DATA/Multimodal_Data/Cat3/static_in_front/bag_files/Cat3_15mph_lr_opposite_1/lidar_pcd/ns1/velodyne_points/1625003603.579026000.pcd
Cat3,15mph,lr,opposite,1,1625003603.679865000,ns1,/media/batool/MULTIMODAL_DATA/Multimodal_Data/Cat3/static_in_front/bag_files/Cat3_15mph_lr_opposite_1/lidar_pcd/ns1/velodyne_points/1625003603.679865000.pcd
Cat3,15mph,lr,opposite,1,1625003604.587597000,ns1,/media/batool/MULTIMODAL_DATA/Multimodal_Data/Cat3/static_in_front/bag_files/Cat3_15mph_lr_opposite_1/lidar_pcd/ns1/velodyne_points/1625003604.587597000.pcd
Cat3,15mph,lr,opposite,1,1625003604.688451000,ns1,/media/batool/MULTIMODAL_DATA/Multimodal_Data/Cat3/static_in_front/bag_files/Cat3_15mph_lr_opposite_1/lidar_pcd/ns1/velodyne_points/1625003604.688451000.pcd
Cat3,15mph,lr,opposite,1,1625003604.789295000,ns1,/media/batool/MULTIMODAL_DATA/Multimodal_Data/Cat3/static_in_front/bag_files/Cat3_15mph_lr_opposite_1/lidar_pcd/ns1/velodyne_points/1625003604.789295000.pcd
Cat3,15mph,lr,opposite,1,1625003604.890146000,ns1,/media/batool/MULTIMODAL_DATA/Multimodal_Data/Cat3/static_in_front/bag_files/Cat3_15mph_lr_opposite_1/lidar_pcd/ns1/velodyne_points/1625003604.890146000.pcd
Cat3,15mph,lr,opposite,1,1625003604.991020000,ns1,/media/batool/MULTIMODAL_DATA/Multimodal_Data/Cat3/static_in_front/bag_files/Cat3_15mph_lr_opposite_1/lidar_pcd/ns1/velodyne_points/1625003604.991020000.pcd
Cat3,15mph,lr,opposite,1,1625003605.091852000,ns1,/media/batool/MULTIMODAL_DATA/Multimodal_Data/Cat3/static_in_front/bag_files/Cat3_15mph_lr_opposite_1/lidar_pcd/ns1/velodyne_points/1625003605.091852000.pcd
Cat3,15mph,lr,opposite,1,1625003605.192706000,ns1,/media/batool/MULTIMODAL_DATA/Multimodal_Data/Cat3/static_in_front/bag_files/Cat3_15mph_lr_opposite_1/lidar_pcd/ns1/velodyne_points/1625003605.192706000.pcd
Cat3,15mph,lr,opposite,1,1625003605.293575000,ns1,/media/batool/MULTIMODAL_DATA/Multimodal_Data/Cat3/static_in_front/bag_files/Cat3_15mph_lr_opposite_1/lidar_pcd/ns1/velodyne_points/1625003605.293575000.pcd
Cat3,15mph,lr,opposite,1,1625003605.394415000,ns1,/media/batool/MULTIMODAL_DATA/Multimodal_Data/Cat3/static_in_front/bag_files/Cat3_15mph_lr_opposite_1/lidar_pcd/ns1/velodyne_points/1625003605.394415000.pcd
Cat3,15mph,lr,opposite,1,1625003605.596147000,ns1,/media/batool/MULTIMODAL_DATA/Multimodal_Data/Cat3/static_in_front/bag_files/Cat3_15mph_lr_opposite_1/lidar_pcd/ns1/velodyne_points/1625003605.596147000.pcd
Cat3,15mph,lr,opposite,1,1625003605.697010000,ns1,/media/batool/MULTIMODAL_DATA/Multimodal_Data/Cat3/static_in_front/bag_files/Cat3_15mph_lr_opposite_1/lidar_pcd/ns1/velodyne_points/1625003605.697010000.pcd
Cat3,15mph,lr,opposite,1,1625003605.797831000,ns1,/media/batool/MULTIMODAL_DATA/Multimodal_Data/Cat3/static_in_front/bag_files/Cat3_15mph_lr_opposite_1/lidar_pcd/ns1/velodyne_points/1625003605.797831000.pcd
Cat3,15mph,lr,opposite,1,1625003605.898705000,ns1,/media/batool/MULTIMODAL_DATA/Multimodal_Data/Cat3/static_in_front/bag_files/Cat3_15mph_lr_opposite_1/lidar_pcd/ns1/velodyne_points/1625003605.898705000.pcd
Cat3,15mph,lr,opposite,1,1625003605.999586000,ns1,/media/batool/MULTIMODAL_DATA/Multimodal_Data/Cat3/static_in_front/bag_files/Cat3_15mph_lr_opposite_1/lidar_pcd/ns1/velodyne_points/1625003605.999586000.pcd
Cat3,15mph,lr,opposite,1,1625003606.100424000,ns1,/media/batool/MULTIMODAL_DATA/Multimodal_Data/Cat3/static_in_front/bag_files/Cat3_15mph_lr_opposite_1/lidar_pcd/ns1/velodyne_points/1625003606.100424000.pcd
Cat3,15mph,lr,opposite,1,1625003606.201284000,ns1,/media/batool/MULTIMODAL_DATA/Multimodal_Data/Cat3/static_in_front/bag_files/Cat3_15mph_lr_opposite_1/lidar_pcd/ns1/velodyne_points/1625003606.201284000.pcd
Cat3,15mph,lr,opposite,1,1625003606.302134000,ns1,/media/batool/MULTIMODAL_DATA/Multimodal_Data/Cat3/static_in_front/bag_files/Cat3_15mph_lr_opposite_1/lidar_pcd/ns1/velodyne_points/1625003606.302134000.pcd
Cat3,15mph,lr,opposite,1,1625003606.402966000,ns1,/media/batool/MULTIMODAL_DATA/Multimodal_Data/Cat3/static_in_front/bag_files/Cat3_15mph_lr_opposite_1/lidar_pcd/ns1/velodyne_points/1625003606.402966000.pcd
Cat3,15mph,lr,opposite,1,1625003606.503869000,ns1,/media/batool/MULTIMODAL_DATA/Multimodal_Data/Cat3/static_in_front/bag_files/Cat3_15mph_lr_opposite_1/lidar_pcd/ns1/velodyne_points/1625003606.503869000.pcd
Cat3,15mph,lr,opposite,1,1625003606.604719000,ns1,/media/batool/MULTIMODAL_DATA/Multimodal_Data/Cat3/static_in_front/bag_files/Cat3_15mph_lr_opposite_1/lidar_pcd/ns1/velodyne_points/1625003606.604719000.pcd
Cat3,15mph,lr,opposite,1,1625003606.705600000,ns1,/media/batool/MULTIMODAL_DATA/Multimodal_Data/Cat3/static_in_front/bag_files/Cat3_15mph_lr_opposite_1/lidar_pcd/ns1/velodyne_points/1625003606.705600000.pcd
Cat3,15mph,lr,opposite,1,1625003606.806412000,ns1,/media/batool/MULTIMODAL_DATA/Multimodal_Data/Cat3/static_in_front/bag_files/Cat3_15mph_lr_opposite_1/lidar_pcd/ns1/velodyne_points/1625003606.806412000.pcd
Cat3,15mph,lr,opposite,1,1625003606.907258000,ns1,/media/batool/MULTIMODAL_DATA/Multimodal_Data/Cat3/static_in_front/bag_files/Cat3_15mph_lr_opposite_1/lidar_pcd/ns1/velodyne_points/1625003606.907258000.pcd
Cat3,15mph,lr,opposite,1,1625003607.108981000,ns1,/media/batool/MULTIMODAL_DATA/Multimodal_Data/Cat3/static_in_front/bag_files/Cat3_15mph_lr_opposite_1/lidar_pcd/ns1/velodyne_points/1625003607.108981000.pcd
Cat3,15mph,lr,opposite,1,1625003607.209855000,ns1,/media/batool/MULTIMODAL_DATA/Multimodal_Data/Cat3/static_in_front/bag_files/Cat3_15mph_lr_opposite_1/lidar_pcd/ns1/velodyne_points/1625003607.209855000.pcd
Cat3,15mph,lr,opposite,1,1625003607.310717000,ns1,/media/batool/MULTIMODAL_DATA/Multimodal_Data/Cat3/static_in_front/bag_files/Cat3_15mph_lr_opposite_1/lidar_pcd/ns1/velodyne_points/1625003607.310717000.pcd
Cat3,15mph,lr,opposite,1,1625003607.411583000,ns1,/media/batool/MULTIMODAL_DATA/Multimodal_Data/Cat3/static_in_front/bag_files/Cat3_15mph_lr_opposite_1/lidar_pcd/ns1/velodyne_points/1625003607.411583000.pcd
Cat3,15mph,lr,opposite,1,1625003607.512477000,ns1,/media/batool/MULTIMODAL_DATA/Multimodal_Data/Cat3/static_in_front/bag_files/Cat3_15mph_lr_opposite_1/lidar_pcd/ns1/velodyne_points/1625003607.512477000.pcd
Cat3,15mph,lr,opposite,1,1625003607.613297000,ns1,/media/batool/MULTIMODAL_DATA/Multimodal_Data/Cat3/static_in_front/bag_files/Cat3_15mph_lr_opposite_1/lidar_pcd/ns1/velodyne_points/1625003607.613297000.pcd
Cat3,15mph,lr,opposite,1,1625003607.714179000,ns1,/media/batool/MULTIMODAL_DATA/Multimodal_Data/Cat3/static_in_front/bag_files/Cat3_15mph_lr_opposite_1/lidar_pcd/ns1/velodyne_points/1625003607.714179000.pcd
Cat3,15mph,lr,opposite,1,1625003607.815003000,ns1,/media/batool/MULTIMODAL_DATA/Multimodal_Data/Cat3/static_in_front/bag_files/Cat3_15mph_lr_opposite_1/lidar_pcd/ns1/velodyne_points/1625003607.815003000.pcd
Cat3,15mph,lr,opposite,1,1625003607.915872000,ns1,/media/batool/MULTIMODAL_DATA/Multimodal_Data/Cat3/static_in_front/bag_files/Cat3_15mph_lr_opposite_1/lidar_pcd/ns1/velodyne_points/1625003607.915872000.pcd
Cat3,15mph,lr,opposite,1,1625003608.016694000,ns1,/media/batool/MULTIMODAL_DATA/Multimodal_Data/Cat3/static_in_front/bag_files/Cat3_15mph_lr_opposite_1/lidar_pcd/ns1/velodyne_points/1625003608.016694000.pcd
Cat3,15mph,lr,opposite,1,1625003608.117545000,ns1,/media/batool/MULTIMODAL_DATA/Multimodal_Data/Cat3/static_in_front/bag_files/Cat3_15mph_lr_opposite_1/lidar_pcd/ns1/velodyne_points/1625003608.117545000.pcd
Cat3,15mph,lr,opposite,1,1625003608.218398000,ns1,/media/batool/MULTIMODAL_DATA/Multimodal_Data/Cat3/static_in_front/bag_files/Cat3_15mph_lr_opposite_1/lidar_pcd/ns1/velodyne_points/1625003608.218398000.pcd
Cat3,15mph,lr,opposite,1,1625003608.319263000,ns1,/media/batool/MULTIMODAL_DATA/Multimodal_Data/Cat3/static_in_front/bag_files/Cat3_15mph_lr_opposite_1/lidar_pcd/ns1/velodyne_points/1625003608.319263000.pcd
Cat3,15mph,lr,opposite,1,1625003608.420106000,ns1,/media/batool/MULTIMODAL_DATA/Multimodal_Data/Cat3/static_in_front/bag_files/Cat3_15mph_lr_opposite_1/lidar_pcd/ns1/velodyne_points/1625003608.420106000.pcd
Cat3,15mph,lr,opposite,1,1625003608.621854000,ns1,/media/batool/MULTIMODAL_DATA/Multimodal_Data/Cat3/static_in_front/bag_files/Cat3_15mph_lr_opposite_1/lidar_pcd/ns1/velodyne_points/1625003608.621854000.pcd
Cat3,15mph,lr,opposite,1,1625003608.722743000,ns1,/media/batool/MULTIMODAL_DATA/Multimodal_Data/Cat3/static_in_front/bag_files/Cat3_15mph_lr_opposite_1/lidar_pcd/ns1/velodyne_points/1625003608.722743000.pcd
Cat3,15mph,lr,opposite,1,1625003608.823555000,ns1,/media/batool/MULTIMODAL_DATA/Multimodal_Data/Cat3/static_in_front/bag_files/Cat3_15mph_lr_opposite_1/lidar_pcd/ns1/velodyne_points/1625003608.823555000.pcd
Cat3,15mph,lr,opposite,1,1625003608.924438000,ns1,/media/batool/MULTIMODAL_DATA/Multimodal_Data/Cat3/static_in_front/bag_files/Cat3_15mph_lr_opposite_1/lidar_pcd/ns1/velodyne_points/1625003608.924438000.pcd
Cat3,15mph,lr,opposite,1,1625003609.025295000,ns1,/media/batool/MULTIMODAL_DATA/Multimodal_Data/Cat3/static_in_front/bag_files/Cat3_15mph_lr_opposite_1/lidar_pcd/ns1/velodyne_points/1625003609.025295000.pcd
Cat3,15mph,lr,opposite,1,1625003609.126111000,ns1,/media/batool/MULTIMODAL_DATA/Multimodal_Data/Cat3/static_in_front/bag_files/Cat3_15mph_lr_opposite_1/lidar_pcd/ns1/velodyne_points/1625003609.126111000.pcd
Cat3,15mph,lr,opposite,1,1625003609.226961000,ns1,/media/batool/MULTIMODAL_DATA/Multimodal_Data/Cat3/static_in_front/bag_files/Cat3_15mph_lr_opposite_1/lidar_pcd/ns1/velodyne_points/1625003609.226961000.pcd
Cat3,15mph,lr,opposite,1,1625003609.327827000,ns1,/media/batool/MULTIMODAL_DATA/Multimodal_Data/Cat3/static_in_front/bag_files/Cat3_15mph_lr_opposite_1/lidar_pcd/ns1/velodyne_points/1625003609.327827000.pcd
Cat3,15mph,lr,opposite,1,1625003609.428763000,ns1,/media/batool/MULTIMODAL_DATA/Multimodal_Data/Cat3/static_in_front/bag_files/Cat3_15mph_lr_opposite_1/lidar_pcd/ns1/velodyne_points/1625003609.428763000.pcd
Cat3,15mph,lr,opposite,1,1625003609.529538000,ns1,/media/batool/MULTIMODAL_DATA/Multimodal_Data/Cat3/static_in_front/bag_files/Cat3_15mph_lr_opposite_1/lidar_pcd/ns1/velodyne_points/1625003609.529538000.pcd
Cat3,15mph,lr,opposite,1,1625003609.630408000,ns1,/media/batool/MULTIMODAL_DATA/Multimodal_Data/Cat3/static_in_front/bag_files/Cat3_15mph_lr_opposite_1/lidar_pcd/ns1/velodyne_points/1625003609.630408000.pcd
Cat3,15mph,lr,opposite,1,1625003609.731288000,ns1,/media/batool/MULTIMODAL_DATA/Multimodal_Data/Cat3/static_in_front/bag_files/Cat3_15mph_lr_opposite_1/lidar_pcd/ns1/velodyne_points/1625003609.731288000.pcd
Cat3,15mph,lr,opposite,1,1625003609.832147000,ns1,/media/batool/MULTIMODAL_DATA/Multimodal_Data/Cat3/static_in_front/bag_files/Cat3_15mph_lr_opposite_1/lidar_pcd/ns1/velodyne_points/1625003609.832147000.pcd
Cat3,15mph,lr,opposite,1,1625003609.932964000,ns1,/media/batool/MULTIMODAL_DATA/Multimodal_Data/Cat3/static_in_front/bag_files/Cat3_15mph_lr_opposite_1/lidar_pcd/ns1/velodyne_points/1625003609.932964000.pcd
Cat3,15mph,lr,opposite,1,1625003610.134708000,ns1,/media/batool/MULTIMODAL_DATA/Multimodal_Data/Cat3/static_in_front/bag_files/Cat3_15mph_lr_opposite_1/lidar_pcd/ns1/velodyne_points/1625003610.134708000.pcd
Cat3,15mph,lr,opposite,1,1625003610.235565000,ns1,/media/batool/MULTIMODAL_DATA/Multimodal_Data/Cat3/static_in_front/bag_files/Cat3_15mph_lr_opposite_1/lidar_pcd/ns1/velodyne_points/1625003610.235565000.pcd
Cat3,15mph,lr,opposite,1,1625003610.336393000,ns1,/media/batool/MULTIMODAL_DATA/Multimodal_Data/Cat3/static_in_front/bag_files/Cat3_15mph_lr_opposite_1/lidar_pcd/ns1/velodyne_points/1625003610.336393000.pcd
Cat3,15mph,lr,opposite,1,1625003610.437259000,ns1,/media/batool/MULTIMODAL_DATA/Multimodal_Data/Cat3/static_in_front/bag_files/Cat3_15mph_lr_opposite_1/lidar_pcd/ns1/velodyne_points/1625003610.437259000.pcd
Cat3,15mph,lr,opposite,1,1625003610.538129000,ns1,/media/batool/MULTIMODAL_DATA/Multimodal_Data/Cat3/static_in_front/bag_files/Cat3_15mph_lr_opposite_1/lidar_pcd/ns1/velodyne_points/1625003610.538129000.pcd
Cat3,15mph,lr,opposite,1,1625003610.639002000,ns1,/media/batool/MULTIMODAL_DATA/Multimodal_Data/Cat3/static_in_front/bag_files/Cat3_15mph_lr_opposite_1/lidar_pcd/ns1/velodyne_points/1625003610.639002000.pcd
Cat3,15mph,lr,opposite,1,1625003610.739850000,ns1,/media/batool/MULTIMODAL_DATA/Multimodal_Data/Cat3/static_in_front/bag_files/Cat3_15mph_lr_opposite_1/lidar_pcd/ns1/velodyne_points/1625003610.739850000.pcd
Cat3,15mph,lr,opposite,1,1625003610.840697000,ns1,/media/batool/MULTIMODAL_DATA/Multimodal_Data/Cat3/static_in_front/bag_files/Cat3_15mph_lr_opposite_1/lidar_pcd/ns1/velodyne_points/1625003610.840697000.pcd
Cat3,15mph,lr,opposite,1,1625003610.941535000,ns1,/media/batool/MULTIMODAL_DATA/Multimodal_Data/Cat3/static_in_front/bag_files/Cat3_15mph_lr_opposite_1/lidar_pcd/ns1/velodyne_points/1625003610.941535000.pcd
Cat3,15mph,lr,opposite,1,1625003611.042411000,ns1,/media/batool/MULTIMODAL_DATA/Multimodal_Data/Cat3/static_in_front/bag_files/Cat3_15mph_lr_opposite_1/lidar_pcd/ns1/velodyne_points/1625003611.042411000.pcd
Cat3,15mph,lr,opposite,1,1625003611.143284000,ns1,/media/batool/MULTIMODAL_DATA/Multimodal_Data/Cat3/static_in_front/bag_files/Cat3_15mph_lr_opposite_1/lidar_pcd/ns1/velodyne_points/1625003611.143284000.pcd
Cat3,15mph,lr,opposite,1,1625003611.244147000,ns1,/media/batool/MULTIMODAL_DATA/Multimodal_Data/Cat3/static_in_front/bag_files/Cat3_15mph_lr_opposite_1/lidar_pcd/ns1/velodyne_points/1625003611.244147000.pcd
Cat3,15mph,lr,opposite,1,1625003611.344992000,ns1,/media/batool/MULTIMODAL_DATA/Multimodal_Data/Cat3/static_in_front/bag_files/Cat3_15mph_lr_opposite_1/lidar_pcd/ns1/velodyne_points/1625003611.344992000.pcd
Cat3,15mph,lr,opposite,1,1625003611.445899000,ns1,/media/batool/MULTIMODAL_DATA/Multimodal_Data/Cat3/static_in_front/bag_files/Cat3_15mph_lr_opposite_1/lidar_pcd/ns1/velodyne_points/1625003611.445899000.pcd
Cat3,15mph,lr,opposite,1,1625003611.647553000,ns1,/media/batool/MULTIMODAL_DATA/Multimodal_Data/Cat3/static_in_front/bag_files/Cat3_15mph_lr_opposite_1/lidar_pcd/ns1/velodyne_points/1625003611.647553000.pcd
Cat3,15mph,lr,opposite,1,1625003611.748429000,ns1,/media/batool/MULTIMODAL_DATA/Multimodal_Data/Cat3/static_in_front/bag_files/Cat3_15mph_lr_opposite_1/lidar_pcd/ns1/velodyne_points/1625003611.748429000.pcd
Cat3,15mph,lr,opposite,1,1625003611.849283000,ns1,/media/batool/MULTIMODAL_DATA/Multimodal_Data/Cat3/static_in_front/bag_files/Cat3_15mph_lr_opposite_1/lidar_pcd/ns1/velodyne_points/1625003611.849283000.pcd
Cat3,15mph,lr,opposite,1,1625003611.950144000,ns1,/media/batool/MULTIMODAL_DATA/Multimodal_Data/Cat3/static_in_front/bag_files/Cat3_15mph_lr_opposite_1/lidar_pcd/ns1/velodyne_points/1625003611.950144000.pcd
Cat3,15mph,lr,opposite,1,1625003612.151826000,ns1,/media/batool/MULTIMODAL_DATA/Multimodal_Data/Cat3/static_in_front/bag_files/Cat3_15mph_lr_opposite_1/lidar_pcd/ns1/velodyne_points/1625003612.151826000.pcd
Cat3,15mph,lr,opposite,1,1625003612.252725000,ns1,/media/batool/MULTIMODAL_DATA/Multimodal_Data/Cat3/static_in_front/bag_files/Cat3_15mph_lr_opposite_1/lidar_pcd/ns1/velodyne_points/1625003612.252725000.pcd
Cat3,15mph,lr,opposite,1,1625003612.353564000,ns1,/media/batool/MULTIMODAL_DATA/Multimodal_Data/Cat3/static_in_front/bag_files/Cat3_15mph_lr_opposite_1/lidar_pcd/ns1/velodyne_points/1625003612.353564000.pcd
Cat3,15mph,lr,opposite,1,1625003612.454409000,ns1,/media/batool/MULTIMODAL_DATA/Multimodal_Data/Cat3/static_in_front/bag_files/Cat3_15mph_lr_opposite_1/lidar_pcd/ns1/velodyne_points/1625003612.454409000.pcd
Cat3,15mph,lr,opposite,1,1625003612.555268000,ns1,/media/batool/MULTIMODAL_DATA/Multimodal_Data/Cat3/static_in_front/bag_files/Cat3_15mph_lr_opposite_1/lidar_pcd/ns1/velodyne_points/1625003612.555268000.pcd
Cat3,15mph,lr,opposite,1,1625003612.656105000,ns1,/media/batool/MULTIMODAL_DATA/Multimodal_Data/Cat3/static_in_front/bag_files/Cat3_15mph_lr_opposite_1/lidar_pcd/ns1/velodyne_points/1625003612.656105000.pcd
Cat3,15mph,lr,opposite,1,1625003612.756974000,ns1,/media/batool/MULTIMODAL_DATA/Multimodal_Data/Cat3/static_in_front/bag_files/Cat3_15mph_lr_opposite_1/lidar_pcd/ns1/velodyne_points/1625003612.756974000.pcd
Cat3,15mph,lr,opposite,1,1625003612.857851000,ns1,/media/batool/MULTIMODAL_DATA/Multimodal_Data/Cat3/static_in_front/bag_files/Cat3_15mph_lr_opposite_1/lidar_pcd/ns1/velodyne_points/1625003612.857851000.pcd
Cat3,15mph,lr,opposite,1,1625003612.958706000,ns1,/media/batool/MULTIMODAL_DATA/Multimodal_Data/Cat3/static_in_front/bag_files/Cat3_15mph_lr_opposite_1/lidar_pcd/ns1/velodyne_points/1625003612.958706000.pcd
Cat3,15mph,lr,opposite,1,1625003613.059572000,ns1,/media/batool/MULTIMODAL_DATA/Multimodal_Data/Cat3/static_in_front/bag_files/Cat3_15mph_lr_opposite_1/lidar_pcd/ns1/velodyne_points/1625003613.059572000.pcd
Cat3,15mph,lr,opposite,1,1625003613.261266000,ns1,/media/batool/MULTIMODAL_DATA/Multimodal_Data/Cat3/static_in_front/bag_files/Cat3_15mph_lr_opposite_1/lidar_pcd/ns1/velodyne_points/1625003613.261266000.pcd
Cat3,15mph,lr,opposite,1,1625003613.362120000,ns1,/media/batool/MULTIMODAL_DATA/Multimodal_Data/Cat3/static_in_front/bag_files/Cat3_15mph_lr_opposite_1/lidar_pcd/ns1/velodyne_points/1625003613.362120000.pcd
Cat3,15mph,lr,opposite,1,1625003613.462954000,ns1,/media/batool/MULTIMODAL_DATA/Multimodal_Data/Cat3/static_in_front/bag_files/Cat3_15mph_lr_opposite_1/lidar_pcd/ns1/velodyne_points/1625003613.462954000.pcd
Cat3,15mph,lr,opposite,1,1625003613.563846000,ns1,/media/batool/MULTIMODAL_DATA/Multimodal_Data/Cat3/static_in_front/bag_files/Cat3_15mph_lr_opposite_1/lidar_pcd/ns1/velodyne_points/1625003613.563846000.pcd
Cat3,15mph,lr,opposite,1,1625003613.664672000,ns1,/media/batool/MULTIMODAL_DATA/Multimodal_Data/Cat3/static_in_front/bag_files/Cat3_15mph_lr_opposite_1/lidar_pcd/ns1/velodyne_points/1625003613.664672000.pcd
Cat3,15mph,lr,opposite,1,1625003613.765533000,ns1,/media/batool/MULTIMODAL_DATA/Multimodal_Data/Cat3/static_in_front/bag_files/Cat3_15mph_lr_opposite_1/lidar_pcd/ns1/velodyne_points/1625003613.765533000.pcd
Cat3,15mph,lr,opposite,1,1625003613.866367000,ns1,/media/batool/MULTIMODAL_DATA/Multimodal_Data/Cat3/static_in_front/bag_files/Cat3_15mph_lr_opposite_1/lidar_pcd/ns1/velodyne_points/1625003613.866367000.pcd
Cat3,15mph,lr,opposite,1,1625003613.967254000,ns1,/media/batool/MULTIMODAL_DATA/Multimodal_Data/Cat3/static_in_front/bag_files/Cat3_15mph_lr_opposite_1/lidar_pcd/ns1/velodyne_points/1625003613.967254000.pcd
Cat3,15mph,lr,opposite,1,1625003614.068129000,ns1,/media/batool/MULTIMODAL_DATA/Multimodal_Data/Cat3/static_in_front/bag_files/Cat3_15mph_lr_opposite_1/lidar_pcd/ns1/velodyne_points/1625003614.068129000.pcd
Cat3,15mph,lr,opposite,1,1625003614.169000000,ns1,/media/batool/MULTIMODAL_DATA/Multimodal_Data/Cat3/static_in_front/bag_files/Cat3_15mph_lr_opposite_1/lidar_pcd/ns1/velodyne_points/1625003614.169000000.pcd
Cat3,15mph,lr,opposite,1,1625003614.269845000,ns1,/media/batool/MULTIMODAL_DATA/Multimodal_Data/Cat3/static_in_front/bag_files/Cat3_15mph_lr_opposite_1/lidar_pcd/ns1/velodyne_points/1625003614.269845000.pcd
Cat3,15mph,lr,opposite,1,1625003614.370704000,ns1,/media/batool/MULTIMODAL_DATA/Multimodal_Data/Cat3/static_in_front/bag_files/Cat3_15mph_lr_opposite_1/lidar_pcd/ns1/velodyne_points/1625003614.370704000.pcd
Cat3,15mph,lr,opposite,1,1625003614.471544000,ns1,/media/batool/MULTIMODAL_DATA/Multimodal_Data/Cat3/static_in_front/bag_files/Cat3_15mph_lr_opposite_1/lidar_pcd/ns1/velodyne_points/1625003614.471544000.pcd
Cat3,15mph,lr,opposite,1,1625003614.572415000,ns1,/media/batool/MULTIMODAL_DATA/Multimodal_Data/Cat3/static_in_front/bag_files/Cat3_15mph_lr_opposite_1/lidar_pcd/ns1/velodyne_points/1625003614.572415000.pcd
Cat3,15mph,lr,opposite,1,1625003614.774128000,ns1,/media/batool/MULTIMODAL_DATA/Multimodal_Data/Cat3/static_in_front/bag_files/Cat3_15mph_lr_opposite_1/lidar_pcd/ns1/velodyne_points/1625003614.774128000.pcd
Cat3,15mph,lr,opposite,1,1625003614.875011000,ns1,/media/batool/MULTIMODAL_DATA/Multimodal_Data/Cat3/static_in_front/bag_files/Cat3_15mph_lr_opposite_1/lidar_pcd/ns1/velodyne_points/1625003614.875011000.pcd
Cat3,15mph,lr,opposite,1,1625003614.975840000,ns1,/media/batool/MULTIMODAL_DATA/Multimodal_Data/Cat3/static_in_front/bag_files/Cat3_15mph_lr_opposite_1/lidar_pcd/ns1/velodyne_points/1625003614.975840000.pcd
Cat3,15mph,lr,opposite,1,1625003615.076673000,ns1,/media/batool/MULTIMODAL_DATA/Multimodal_Data/Cat3/static_in_front/bag_files/Cat3_15mph_lr_opposite_1/lidar_pcd/ns1/velodyne_points/1625003615.076673000.pcd
Cat3,15mph,lr,opposite,1,1625003615.177593000,ns1,/media/batool/MULTIMODAL_DATA/Multimodal_Data/Cat3/static_in_front/bag_files/Cat3_15mph_lr_opposite_1/lidar_pcd/ns1/velodyne_points/1625003615.177593000.pcd
Cat3,15mph,lr,opposite,1,1625003615.278391000,ns1,/media/batool/MULTIMODAL_DATA/Multimodal_Data/Cat3/static_in_front/bag_files/Cat3_15mph_lr_opposite_1/lidar_pcd/ns1/velodyne_points/1625003615.278391000.pcd
Cat3,15mph,lr,opposite,1,1625003615.379221000,ns1,/media/batool/MULTIMODAL_DATA/Multimodal_Data/Cat3/static_in_front/bag_files/Cat3_15mph_lr_opposite_1/lidar_pcd/ns1/velodyne_points/1625003615.379221000.pcd
Cat3,15mph,lr,opposite,1,1625003615.480112000,ns1,/media/batool/MULTIMODAL_DATA/Multimodal_Data/Cat3/static_in_front/bag_files/Cat3_15mph_lr_opposite_1/lidar_pcd/ns1/velodyne_points/1625003615.480112000.pcd
Cat3,15mph,lr,opposite,1,1625003615.580994000,ns1,/media/batool/MULTIMODAL_DATA/Multimodal_Data/Cat3/static_in_front/bag_files/Cat3_15mph_lr_opposite_1/lidar_pcd/ns1/velodyne_points/1625003615.580994000.pcd
Cat3,15mph,lr,opposite,1,1625003615.681809000,ns1,/media/batool/MULTIMODAL_DATA/Multimodal_Data/Cat3/static_in_front/bag_files/Cat3_15mph_lr_opposite_1/lidar_pcd/ns1/velodyne_points/1625003615.681809000.pcd
Cat3,15mph,lr,opposite,1,1625003615.782659000,ns1,/media/batool/MULTIMODAL_DATA/Multimodal_Data/Cat3/static_in_front/bag_files/Cat3_15mph_lr_opposite_1/lidar_pcd/ns1/velodyne_points/1625003615.782659000.pcd
Cat3,15mph,lr,opposite,1,1625003615.883545000,ns1,/media/batool/MULTIMODAL_DATA/Multimodal_Data/Cat3/static_in_front/bag_files/Cat3_15mph_lr_opposite_1/lidar_pcd/ns1/velodyne_points/1625003615.883545000.pcd
Cat3,15mph,lr,opposite,1,1625003615.984426000,ns1,/media/batool/MULTIMODAL_DATA/Multimodal_Data/Cat3/static_in_front/bag_files/Cat3_15mph_lr_opposite_1/lidar_pcd/ns1/velodyne_points/1625003615.984426000.pcd
Cat3,15mph,lr,opposite,1,1625003616.085232000,ns1,/media/batool/MULTIMODAL_DATA/Multimodal_Data/Cat3/static_in_front/bag_files/Cat3_15mph_lr_opposite_1/lidar_pcd/ns1/velodyne_points/1625003616.085232000.pcd
Cat3,15mph,lr,opposite,1,1625003616.286949000,ns1,/media/batool/MULTIMODAL_DATA/Multimodal_Data/Cat3/static_in_front/bag_files/Cat3_15mph_lr_opposite_1/lidar_pcd/ns1/velodyne_points/1625003616.286949000.pcd
Cat3,15mph,lr,opposite,1,1625003616.387830000,ns1,/media/batool/MULTIMODAL_DATA/Multimodal_Data/Cat3/static_in_front/bag_files/Cat3_15mph_lr_opposite_1/lidar_pcd/ns1/velodyne_points/1625003616.387830000.pcd
Cat3,15mph,lr,opposite,1,1625003616.488686000,ns1,/media/batool/MULTIMODAL_DATA/Multimodal_Data/Cat3/static_in_front/bag_files/Cat3_15mph_lr_opposite_1/lidar_pcd/ns1/velodyne_points/1625003616.488686000.pcd
Cat3,15mph,lr,opposite,1,1625003616.589490000,ns1,/media/batool/MULTIMODAL_DATA/Multimodal_Data/Cat3/static_in_front/bag_files/Cat3_15mph_lr_opposite_1/lidar_pcd/ns1/velodyne_points/1625003616.589490000.pcd
Cat3,15mph,lr,opposite,1,1625003616.690381000,ns1,/media/batool/MULTIMODAL_DATA/Multimodal_Data/Cat3/static_in_front/bag_files/Cat3_15mph_lr_opposite_1/lidar_pcd/ns1/velodyne_points/1625003616.690381000.pcd
Cat3,15mph,lr,opposite,1,1625003616.791262000,ns1,/media/batool/MULTIMODAL_DATA/Multimodal_Data/Cat3/static_in_front/bag_files/Cat3_15mph_lr_opposite_1/lidar_pcd/ns1/velodyne_points/1625003616.791262000.pcd
Cat3,15mph,lr,opposite,1,1625003616.892079000,ns1,/media/batool/MULTIMODAL_DATA/Multimodal_Data/Cat3/static_in_front/bag_files/Cat3_15mph_lr_opposite_1/lidar_pcd/ns1/velodyne_points/1625003616.892079000.pcd
Cat3,15mph,lr,opposite,1,1625003616.992994000,ns1,/media/batool/MULTIMODAL_DATA/Multimodal_Data/Cat3/static_in_front/bag_files/Cat3_15mph_lr_opposite_1/lidar_pcd/ns1/velodyne_points/1625003616.992994000.pcd
Cat3,15mph,lr,opposite,1,1625003617.093792000,ns1,/media/batool/MULTIMODAL_DATA/Multimodal_Data/Cat3/static_in_front/bag_files/Cat3_15mph_lr_opposite_1/lidar_pcd/ns1/velodyne_points/1625003617.093792000.pcd
Cat3,15mph,lr,opposite,1,1625003617.194677000,ns1,/media/batool/MULTIMODAL_DATA/Multimodal_Data/Cat3/static_in_front/bag_files/Cat3_15mph_lr_opposite_1/lidar_pcd/ns1/velodyne_points/1625003617.194677000.pcd
Cat3,15mph,lr,opposite,1,1625003617.295535000,ns1,/media/batool/MULTIMODAL_DATA/Multimodal_Data/Cat3/static_in_front/bag_files/Cat3_15mph_lr_opposite_1/lidar_pcd/ns1/velodyne_points/1625003617.295535000.pcd
Cat3,15mph,lr,opposite,1,1625003617.396364000,ns1,/media/batool/MULTIMODAL_DATA/Multimodal_Data/Cat3/static_in_front/bag_files/Cat3_15mph_lr_opposite_1/lidar_pcd/ns1/velodyne_points/1625003617.396364000.pcd
Cat3,15mph,lr,opposite,1,1625003617.497221000,ns1,/media/batool/MULTIMODAL_DATA/Multimodal_Data/Cat3/static_in_front/bag_files/Cat3_15mph_lr_opposite_1/lidar_pcd/ns1/velodyne_points/1625003617.497221000.pcd
Cat3,15mph,lr,opposite,1,1625003617.598078000,ns1,/media/batool/MULTIMODAL_DATA/Multimodal_Data/Cat3/static_in_front/bag_files/Cat3_15mph_lr_opposite_1/lidar_pcd/ns1/velodyne_points/1625003617.598078000.pcd
Cat3,15mph,lr,opposite,1,1625003617.799791000,ns1,/media/batool/MULTIMODAL_DATA/Multimodal_Data/Cat3/static_in_front/bag_files/Cat3_15mph_lr_opposite_1/lidar_pcd/ns1/velodyne_points/1625003617.799791000.pcd
Cat3,15mph,lr,opposite,1,1625003617.900634000,ns1,/media/batool/MULTIMODAL_DATA/Multimodal_Data/Cat3/static_in_front/bag_files/Cat3_15mph_lr_opposite_1/lidar_pcd/ns1/velodyne_points/1625003617.900634000.pcd
Cat3,15mph,lr,opposite,1,1625003618.001558000,ns1,/media/batool/MULTIMODAL_DATA/Multimodal_Data/Cat3/static_in_front/bag_files/Cat3_15mph_lr_opposite_1/lidar_pcd/ns1/velodyne_points/1625003618.001558000.pcd
Cat3,15mph,lr,opposite,1,1625003618.102356000,ns1,/media/batool/MULTIMODAL_DATA/Multimodal_Data/Cat3/static_in_front/bag_files/Cat3_15mph_lr_opposite_1/lidar_pcd/ns1/velodyne_points/1625003618.102356000.pcd
Cat3,15mph,lr,opposite,1,1625003618.203238000,ns1,/media/batool/MULTIMODAL_DATA/Multimodal_Data/Cat3/static_in_front/bag_files/Cat3_15mph_lr_opposite_1/lidar_pcd/ns1/velodyne_points/1625003618.203238000.pcd
Cat3,15mph,lr,opposite,1,1625003618.304102000,ns1,/media/batool/MULTIMODAL_DATA/Multimodal_Data/Cat3/static_in_front/bag_files/Cat3_15mph_lr_opposite_1/lidar_pcd/ns1/velodyne_points/1625003618.304102000.pcd
Cat3,15mph,lr,opposite,1,1625003618.404925000,ns1,/media/batool/MULTIMODAL_DATA/Multimodal_Data/Cat3/static_in_front/bag_files/Cat3_15mph_lr_opposite_1/lidar_pcd/ns1/velodyne_points/1625003618.404925000.pcd
Cat3,15mph,lr,opposite,1,1625003618.505767000,ns1,/media/batool/MULTIMODAL_DATA/Multimodal_Data/Cat3/static_in_front/bag_files/Cat3_15mph_lr_opposite_1/lidar_pcd/ns1/velodyne_points/1625003618.505767000.pcd
Cat3,15mph,lr,opposite,1,1625003618.606663000,ns1,/media/batool/MULTIMODAL_DATA/Multimodal_Data/Cat3/static_in_front/bag_files/Cat3_15mph_lr_opposite_1/lidar_pcd/ns1/velodyne_points/1625003618.606663000.pcd
Cat3,15mph,lr,opposite,1,1625003618.707525000,ns1,/media/batool/MULTIMODAL_DATA/Multimodal_Data/Cat3/static_in_front/bag_files/Cat3_15mph_lr_opposite_1/lidar_pcd/ns1/velodyne_points/1625003618.707525000.pcd
Cat3,15mph,lr,opposite,1,1625003618.808380000,ns1,/media/batool/MULTIMODAL_DATA/Multimodal_Data/Cat3/static_in_front/bag_files/Cat3_15mph_lr_opposite_1/lidar_pcd/ns1/velodyne_points/1625003618.808380000.pcd
Cat3,15mph,lr,opposite,1,1625003618.909236000,ns1,/media/batool/MULTIMODAL_DATA/Multimodal_Data/Cat3/static_in_front/bag_files/Cat3_15mph_lr_opposite_1/lidar_pcd/ns1/velodyne_points/1625003618.909236000.pcd
Cat3,15mph,lr,opposite,1,1625003619.010091000,ns1,/media/batool/MULTIMODAL_DATA/Multimodal_Data/Cat3/static_in_front/bag_files/Cat3_15mph_lr_opposite_1/lidar_pcd/ns1/velodyne_points/1625003619.010091000.pcd
Cat3,15mph,lr,opposite,1,1625003619.110954000,ns1,/media/batool/MULTIMODAL_DATA/Multimodal_Data/Cat3/static_in_front/bag_files/Cat3_15mph_lr_opposite_1/lidar_pcd/ns1/velodyne_points/1625003619.110954000.pcd
Cat3,15mph,lr,opposite,1,1625003619.312679000,ns1,/media/batool/MULTIMODAL_DATA/Multimodal_Data/Cat3/static_in_front/bag_files/Cat3_15mph_lr_opposite_1/lidar_pcd/ns1/velodyne_points/1625003619.312679000.pcd
Cat3,15mph,lr,opposite,1,1625003619.413535000,ns1,/media/batool/MULTIMODAL_DATA/Multimodal_Data/Cat3/static_in_front/bag_files/Cat3_15mph_lr_opposite_1/lidar_pcd/ns1/velodyne_points/1625003619.413535000.pcd
Cat3,15mph,lr,opposite,1,1625003619.514335000,ns1,/media/batool/MULTIMODAL_DATA/Multimodal_Data/Cat3/static_in_front/bag_files/Cat3_15mph_lr_opposite_1/lidar_pcd/ns1/velodyne_points/1625003619.514335000.pcd
Cat3,15mph,lr,opposite,1,1625003619.615247000,ns1,/media/batool/MULTIMODAL_DATA/Multimodal_Data/Cat3/static_in_front/bag_files/Cat3_15mph_lr_opposite_1/lidar_pcd/ns1/velodyne_points/1625003619.615247000.pcd
Cat3,15mph,lr,opposite,1,1625003619.716095000,ns1,/media/batool/MULTIMODAL_DATA/Multimodal_Data/Cat3/static_in_front/bag_files/Cat3_15mph_lr_opposite_1/lidar_pcd/ns1/velodyne_points/1625003619.716095000.pcd
Cat3,15mph,lr,opposite,1,1625003619.816952000,ns1,/media/batool/MULTIMODAL_DATA/Multimodal_Data/Cat3/static_in_front/bag_files/Cat3_15mph_lr_opposite_1/lidar_pcd/ns1/velodyne_points/1625003619.816952000.pcd
Cat3,15mph,lr,opposite,1,1625003619.917801000,ns1,/media/batool/MULTIMODAL_DATA/Multimodal_Data/Cat3/static_in_front/bag_files/Cat3_15mph_lr_opposite_1/lidar_pcd/ns1/velodyne_points/1625003619.917801000.pcd
Cat3,15mph,lr,opposite,1,1625003620.018703000,ns1,/media/batool/MULTIMODAL_DATA/Multimodal_Data/Cat3/static_in_front/bag_files/Cat3_15mph_lr_opposite_1/lidar_pcd/ns1/velodyne_points/1625003620.018703000.pcd
Cat3,15mph,lr,opposite,1,1625003620.119518000,ns1,/media/batool/MULTIMODAL_DATA/Multimodal_Data/Cat3/static_in_front/bag_files/Cat3_15mph_lr_opposite_1/lidar_pcd/ns1/velodyne_points/1625003620.119518000.pcd
Cat3,15mph,lr,opposite,1,1625003620.220375000,ns1,/media/batool/MULTIMODAL_DATA/Multimodal_Data/Cat3/static_in_front/bag_files/Cat3_15mph_lr_opposite_1/lidar_pcd/ns1/velodyne_points/1625003620.220375000.pcd
Cat3,15mph,lr,opposite,1,1625003620.321263000,ns1,/media/batool/MULTIMODAL_DATA/Multimodal_Data/Cat3/static_in_front/bag_files/Cat3_15mph_lr_opposite_1/lidar_pcd/ns1/velodyne_points/1625003620.321263000.pcd
Cat3,15mph,lr,opposite,1,1625003620.422103000,ns1,/media/batool/MULTIMODAL_DATA/Multimodal_Data/Cat3/static_in_front/bag_files/Cat3_15mph_lr_opposite_1/lidar_pcd/ns1/velodyne_points/1625003620.422103000.pcd
Cat3,15mph,lr,opposite,1,1625003620.522964000,ns1,/media/batool/MULTIMODAL_DATA/Multimodal_Data/Cat3/static_in_front/bag_files/Cat3_15mph_lr_opposite_1/lidar_pcd/ns1/velodyne_points/1625003620.522964000.pcd
Cat3,15mph,lr,opposite,1,1625003620.623816000,ns1,/media/batool/MULTIMODAL_DATA/Multimodal_Data/Cat3/static_in_front/bag_files/Cat3_15mph_lr_opposite_1/lidar_pcd/ns1/velodyne_points/1625003620.623816000.pcd
Cat3,15mph,lr,opposite,1,1625003620.724665000,ns1,/media/batool/MULTIMODAL_DATA/Multimodal_Data/Cat3/static_in_front/bag_files/Cat3_15mph_lr_opposite_1/lidar_pcd/ns1/velodyne_points/1625003620.724665000.pcd
Cat3,15mph,lr,opposite,1,1625003620.825535000,ns1,/media/batool/MULTIMODAL_DATA/Multimodal_Data/Cat3/static_in_front/bag_files/Cat3_15mph_lr_opposite_1/lidar_pcd/ns1/velodyne_points/1625003620.825535000.pcd
Cat3,15mph,lr,opposite,1,1625003620.926372000,ns1,/media/batool/MULTIMODAL_DATA/Multimodal_Data/Cat3/static_in_front/bag_files/Cat3_15mph_lr_opposite_1/lidar_pcd/ns1/velodyne_points/1625003620.926372000.pcd
Cat3,15mph,lr,opposite,1,1625003621.027245000,ns1,/media/batool/MULTIMODAL_DATA/Multimodal_Data/Cat3/static_in_front/bag_files/Cat3_15mph_lr_opposite_1/lidar_pcd/ns1/velodyne_points/1625003621.027245000.pcd
Cat3,15mph,lr,opposite,1,1625003621.128088000,ns1,/media/batool/MULTIMODAL_DATA/Multimodal_Data/Cat3/static_in_front/bag_files/Cat3_15mph_lr_opposite_1/lidar_pcd/ns1/velodyne_points/1625003621.128088000.pcd
Cat3,15mph,lr,opposite,1,1625003621.228981000,ns1,/media/batool/MULTIMODAL_DATA/Multimodal_Data/Cat3/static_in_front/bag_files/Cat3_15mph_lr_opposite_1/lidar_pcd/ns1/velodyne_points/1625003621.228981000.pcd
Cat3,15mph,lr,opposite,1,1625003621.329805000,ns1,/media/batool/MULTIMODAL_DATA/Multimodal_Data/Cat3/static_in_front/bag_files/Cat3_15mph_lr_opposite_1/lidar_pcd/ns1/velodyne_points/1625003621.329805000.pcd
Cat3,15mph,lr,opposite,1,1625003621.430651000,ns1,/media/batool/MULTIMODAL_DATA/Multimodal_Data/Cat3/static_in_front/bag_files/Cat3_15mph_lr_opposite_1/lidar_pcd/ns1/velodyne_points/1625003621.430651000.pcd
Cat3,15mph,lr,opposite,1,1625003621.531512000,ns1,/media/batool/MULTIMODAL_DATA/Multimodal_Data/Cat3/static_in_front/bag_files/Cat3_15mph_lr_opposite_1/lidar_pcd/ns1/velodyne_points/1625003621.531512000.pcd
Cat3,15mph,lr,opposite,1,1625003621.632371000,ns1,/media/batool/MULTIMODAL_DATA/Multimodal_Data/Cat3/static_in_front/bag_files/Cat3_15mph_lr_opposite_1/lidar_pcd/ns1/velodyne_points/1625003621.632371000.pcd
Cat3,15mph,lr,opposite,1,1625003621.733226000,ns1,/media/batool/MULTIMODAL_DATA/Multimodal_Data/Cat3/static_in_front/bag_files/Cat3_15mph_lr_opposite_1/lidar_pcd/ns1/velodyne_points/1625003621.733226000.pcd
Cat3,15mph,lr,opposite,1,1625003621.834099000,ns1,/media/batool/MULTIMODAL_DATA/Multimodal_Data/Cat3/static_in_front/bag_files/Cat3_15mph_lr_opposite_1/lidar_pcd/ns1/velodyne_points/1625003621.834099000.pcd
