Category,speed,direction,lane,episode,Time header,Image_path
Cat1,15mph,lr,opposite,2,1624827748.918223,/media/batool/MULTIMODAL_DATA/Multimodal_Data/Cat1/opposite/bag_files/Cat1_15mph_lr_opposite_2/camera_images/1624827748.918223.jpg
Cat1,15mph,lr,opposite,2,1624827748.9515562,/media/batool/MULTIMODAL_DATA/Multimodal_Data/Cat1/opposite/bag_files/Cat1_15mph_lr_opposite_2/camera_images/1624827748.9515562.jpg
Cat1,15mph,lr,opposite,2,1624827748.9848895,/media/batool/MULTIMODAL_DATA/Multimodal_Data/Cat1/opposite/bag_files/Cat1_15mph_lr_opposite_2/camera_images/1624827748.9848895.jpg
Cat1,15mph,lr,opposite,2,1624827749.0182228,/media/batool/MULTIMODAL_DATA/Multimodal_Data/Cat1/opposite/bag_files/Cat1_15mph_lr_opposite_2/camera_images/1624827749.0182228.jpg
Cat1,15mph,lr,opposite,2,1624827749.051556,/media/batool/MULTIMODAL_DATA/Multimodal_Data/Cat1/opposite/bag_files/Cat1_15mph_lr_opposite_2/camera_images/1624827749.051556.jpg
Cat1,15mph,lr,opposite,2,1624827749.0848894,/media/batool/MULTIMODAL_DATA/Multimodal_Data/Cat1/opposite/bag_files/Cat1_15mph_lr_opposite_2/camera_images/1624827749.0848894.jpg
Cat1,15mph,lr,opposite,2,1624827749.1182227,/media/batool/MULTIMODAL_DATA/Multimodal_Data/Cat1/opposite/bag_files/Cat1_15mph_lr_opposite_2/camera_images/1624827749.1182227.jpg
Cat1,15mph,lr,opposite,2,1624827749.151556,/media/batool/MULTIMODAL_DATA/Multimodal_Data/Cat1/opposite/bag_files/Cat1_15mph_lr_opposite_2/camera_images/1624827749.151556.jpg
Cat1,15mph,lr,opposite,2,1624827749.1848893,/media/batool/MULTIMODAL_DATA/Multimodal_Data/Cat1/opposite/bag_files/Cat1_15mph_lr_opposite_2/camera_images/1624827749.1848893.jpg
Cat1,15mph,lr,opposite,2,1624827749.2182226,/media/batool/MULTIMODAL_DATA/Multimodal_Data/Cat1/opposite/bag_files/Cat1_15mph_lr_opposite_2/camera_images/1624827749.2182226.jpg
Cat1,15mph,lr,opposite,2,1624827749.251556,/media/batool/MULTIMODAL_DATA/Multimodal_Data/Cat1/opposite/bag_files/Cat1_15mph_lr_opposite_2/camera_images/1624827749.251556.jpg
Cat1,15mph,lr,opposite,2,1624827749.2848892,/media/batool/MULTIMODAL_DATA/Multimodal_Data/Cat1/opposite/bag_files/Cat1_15mph_lr_opposite_2/camera_images/1624827749.2848892.jpg
Cat1,15mph,lr,opposite,2,1624827749.3182225,/media/batool/MULTIMODAL_DATA/Multimodal_Data/Cat1/opposite/bag_files/Cat1_15mph_lr_opposite_2/camera_images/1624827749.3182225.jpg
Cat1,15mph,lr,opposite,2,1624827749.3515558,/media/batool/MULTIMODAL_DATA/Multimodal_Data/Cat1/opposite/bag_files/Cat1_15mph_lr_opposite_2/camera_images/1624827749.3515558.jpg
Cat1,15mph,lr,opposite,2,1624827749.3848891,/media/batool/MULTIMODAL_DATA/Multimodal_Data/Cat1/opposite/bag_files/Cat1_15mph_lr_opposite_2/camera_images/1624827749.3848891.jpg
Cat1,15mph,lr,opposite,2,1624827749.4515557,/media/batool/MULTIMODAL_DATA/Multimodal_Data/Cat1/opposite/bag_files/Cat1_15mph_lr_opposite_2/camera_images/1624827749.4515557.jpg
Cat1,15mph,lr,opposite,2,1624827749.484889,/media/batool/MULTIMODAL_DATA/Multimodal_Data/Cat1/opposite/bag_files/Cat1_15mph_lr_opposite_2/camera_images/1624827749.484889.jpg
Cat1,15mph,lr,opposite,2,1624827749.5182223,/media/batool/MULTIMODAL_DATA/Multimodal_Data/Cat1/opposite/bag_files/Cat1_15mph_lr_opposite_2/camera_images/1624827749.5182223.jpg
Cat1,15mph,lr,opposite,2,1624827749.5515556,/media/batool/MULTIMODAL_DATA/Multimodal_Data/Cat1/opposite/bag_files/Cat1_15mph_lr_opposite_2/camera_images/1624827749.5515556.jpg
Cat1,15mph,lr,opposite,2,1624827749.584889,/media/batool/MULTIMODAL_DATA/Multimodal_Data/Cat1/opposite/bag_files/Cat1_15mph_lr_opposite_2/camera_images/1624827749.584889.jpg
Cat1,15mph,lr,opposite,2,1624827749.6182222,/media/batool/MULTIMODAL_DATA/Multimodal_Data/Cat1/opposite/bag_files/Cat1_15mph_lr_opposite_2/camera_images/1624827749.6182222.jpg
Cat1,15mph,lr,opposite,2,1624827749.6515555,/media/batool/MULTIMODAL_DATA/Multimodal_Data/Cat1/opposite/bag_files/Cat1_15mph_lr_opposite_2/camera_images/1624827749.6515555.jpg
Cat1,15mph,lr,opposite,2,1624827749.6848888,/media/batool/MULTIMODAL_DATA/Multimodal_Data/Cat1/opposite/bag_files/Cat1_15mph_lr_opposite_2/camera_images/1624827749.6848888.jpg
Cat1,15mph,lr,opposite,2,1624827749.7182221,/media/batool/MULTIMODAL_DATA/Multimodal_Data/Cat1/opposite/bag_files/Cat1_15mph_lr_opposite_2/camera_images/1624827749.7182221.jpg
Cat1,15mph,lr,opposite,2,1624827749.7515554,/media/batool/MULTIMODAL_DATA/Multimodal_Data/Cat1/opposite/bag_files/Cat1_15mph_lr_opposite_2/camera_images/1624827749.7515554.jpg
Cat1,15mph,lr,opposite,2,1624827749.7848887,/media/batool/MULTIMODAL_DATA/Multimodal_Data/Cat1/opposite/bag_files/Cat1_15mph_lr_opposite_2/camera_images/1624827749.7848887.jpg
Cat1,15mph,lr,opposite,2,1624827749.818222,/media/batool/MULTIMODAL_DATA/Multimodal_Data/Cat1/opposite/bag_files/Cat1_15mph_lr_opposite_2/camera_images/1624827749.818222.jpg
Cat1,15mph,lr,opposite,2,1624827749.8515553,/media/batool/MULTIMODAL_DATA/Multimodal_Data/Cat1/opposite/bag_files/Cat1_15mph_lr_opposite_2/camera_images/1624827749.8515553.jpg
Cat1,15mph,lr,opposite,2,1624827749.8848886,/media/batool/MULTIMODAL_DATA/Multimodal_Data/Cat1/opposite/bag_files/Cat1_15mph_lr_opposite_2/camera_images/1624827749.8848886.jpg
Cat1,15mph,lr,opposite,2,1624827749.918222,/media/batool/MULTIMODAL_DATA/Multimodal_Data/Cat1/opposite/bag_files/Cat1_15mph_lr_opposite_2/camera_images/1624827749.918222.jpg
Cat1,15mph,lr,opposite,2,1624827749.9848886,/media/batool/MULTIMODAL_DATA/Multimodal_Data/Cat1/opposite/bag_files/Cat1_15mph_lr_opposite_2/camera_images/1624827749.9848886.jpg
Cat1,15mph,lr,opposite,2,1624827750.0182219,/media/batool/MULTIMODAL_DATA/Multimodal_Data/Cat1/opposite/bag_files/Cat1_15mph_lr_opposite_2/camera_images/1624827750.0182219.jpg
Cat1,15mph,lr,opposite,2,1624827750.0515552,/media/batool/MULTIMODAL_DATA/Multimodal_Data/Cat1/opposite/bag_files/Cat1_15mph_lr_opposite_2/camera_images/1624827750.0515552.jpg
Cat1,15mph,lr,opposite,2,1624827750.0848885,/media/batool/MULTIMODAL_DATA/Multimodal_Data/Cat1/opposite/bag_files/Cat1_15mph_lr_opposite_2/camera_images/1624827750.0848885.jpg
Cat1,15mph,lr,opposite,2,1624827750.1182218,/media/batool/MULTIMODAL_DATA/Multimodal_Data/Cat1/opposite/bag_files/Cat1_15mph_lr_opposite_2/camera_images/1624827750.1182218.jpg
Cat1,15mph,lr,opposite,2,1624827750.151555,/media/batool/MULTIMODAL_DATA/Multimodal_Data/Cat1/opposite/bag_files/Cat1_15mph_lr_opposite_2/camera_images/1624827750.151555.jpg
Cat1,15mph,lr,opposite,2,1624827750.1848884,/media/batool/MULTIMODAL_DATA/Multimodal_Data/Cat1/opposite/bag_files/Cat1_15mph_lr_opposite_2/camera_images/1624827750.1848884.jpg
Cat1,15mph,lr,opposite,2,1624827750.2182217,/media/batool/MULTIMODAL_DATA/Multimodal_Data/Cat1/opposite/bag_files/Cat1_15mph_lr_opposite_2/camera_images/1624827750.2182217.jpg
Cat1,15mph,lr,opposite,2,1624827750.251555,/media/batool/MULTIMODAL_DATA/Multimodal_Data/Cat1/opposite/bag_files/Cat1_15mph_lr_opposite_2/camera_images/1624827750.251555.jpg
Cat1,15mph,lr,opposite,2,1624827750.2848883,/media/batool/MULTIMODAL_DATA/Multimodal_Data/Cat1/opposite/bag_files/Cat1_15mph_lr_opposite_2/camera_images/1624827750.2848883.jpg
Cat1,15mph,lr,opposite,2,1624827750.3182216,/media/batool/MULTIMODAL_DATA/Multimodal_Data/Cat1/opposite/bag_files/Cat1_15mph_lr_opposite_2/camera_images/1624827750.3182216.jpg
Cat1,15mph,lr,opposite,2,1624827750.3515549,/media/batool/MULTIMODAL_DATA/Multimodal_Data/Cat1/opposite/bag_files/Cat1_15mph_lr_opposite_2/camera_images/1624827750.3515549.jpg
Cat1,15mph,lr,opposite,2,1624827750.3848882,/media/batool/MULTIMODAL_DATA/Multimodal_Data/Cat1/opposite/bag_files/Cat1_15mph_lr_opposite_2/camera_images/1624827750.3848882.jpg
Cat1,15mph,lr,opposite,2,1624827750.4182215,/media/batool/MULTIMODAL_DATA/Multimodal_Data/Cat1/opposite/bag_files/Cat1_15mph_lr_opposite_2/camera_images/1624827750.4182215.jpg
Cat1,15mph,lr,opposite,2,1624827750.4515548,/media/batool/MULTIMODAL_DATA/Multimodal_Data/Cat1/opposite/bag_files/Cat1_15mph_lr_opposite_2/camera_images/1624827750.4515548.jpg
Cat1,15mph,lr,opposite,2,1624827750.5182214,/media/batool/MULTIMODAL_DATA/Multimodal_Data/Cat1/opposite/bag_files/Cat1_15mph_lr_opposite_2/camera_images/1624827750.5182214.jpg
Cat1,15mph,lr,opposite,2,1624827750.5515547,/media/batool/MULTIMODAL_DATA/Multimodal_Data/Cat1/opposite/bag_files/Cat1_15mph_lr_opposite_2/camera_images/1624827750.5515547.jpg
Cat1,15mph,lr,opposite,2,1624827750.584888,/media/batool/MULTIMODAL_DATA/Multimodal_Data/Cat1/opposite/bag_files/Cat1_15mph_lr_opposite_2/camera_images/1624827750.584888.jpg
Cat1,15mph,lr,opposite,2,1624827750.6182213,/media/batool/MULTIMODAL_DATA/Multimodal_Data/Cat1/opposite/bag_files/Cat1_15mph_lr_opposite_2/camera_images/1624827750.6182213.jpg
Cat1,15mph,lr,opposite,2,1624827750.6515546,/media/batool/MULTIMODAL_DATA/Multimodal_Data/Cat1/opposite/bag_files/Cat1_15mph_lr_opposite_2/camera_images/1624827750.6515546.jpg
Cat1,15mph,lr,opposite,2,1624827750.684888,/media/batool/MULTIMODAL_DATA/Multimodal_Data/Cat1/opposite/bag_files/Cat1_15mph_lr_opposite_2/camera_images/1624827750.684888.jpg
Cat1,15mph,lr,opposite,2,1624827750.7182212,/media/batool/MULTIMODAL_DATA/Multimodal_Data/Cat1/opposite/bag_files/Cat1_15mph_lr_opposite_2/camera_images/1624827750.7182212.jpg
Cat1,15mph,lr,opposite,2,1624827750.7515545,/media/batool/MULTIMODAL_DATA/Multimodal_Data/Cat1/opposite/bag_files/Cat1_15mph_lr_opposite_2/camera_images/1624827750.7515545.jpg
Cat1,15mph,lr,opposite,2,1624827750.7848878,/media/batool/MULTIMODAL_DATA/Multimodal_Data/Cat1/opposite/bag_files/Cat1_15mph_lr_opposite_2/camera_images/1624827750.7848878.jpg
Cat1,15mph,lr,opposite,2,1624827750.818221,/media/batool/MULTIMODAL_DATA/Multimodal_Data/Cat1/opposite/bag_files/Cat1_15mph_lr_opposite_2/camera_images/1624827750.818221.jpg
Cat1,15mph,lr,opposite,2,1624827750.8515544,/media/batool/MULTIMODAL_DATA/Multimodal_Data/Cat1/opposite/bag_files/Cat1_15mph_lr_opposite_2/camera_images/1624827750.8515544.jpg
Cat1,15mph,lr,opposite,2,1624827750.8848877,/media/batool/MULTIMODAL_DATA/Multimodal_Data/Cat1/opposite/bag_files/Cat1_15mph_lr_opposite_2/camera_images/1624827750.8848877.jpg
Cat1,15mph,lr,opposite,2,1624827750.918221,/media/batool/MULTIMODAL_DATA/Multimodal_Data/Cat1/opposite/bag_files/Cat1_15mph_lr_opposite_2/camera_images/1624827750.918221.jpg
Cat1,15mph,lr,opposite,2,1624827750.9515543,/media/batool/MULTIMODAL_DATA/Multimodal_Data/Cat1/opposite/bag_files/Cat1_15mph_lr_opposite_2/camera_images/1624827750.9515543.jpg
Cat1,15mph,lr,opposite,2,1624827750.9848876,/media/batool/MULTIMODAL_DATA/Multimodal_Data/Cat1/opposite/bag_files/Cat1_15mph_lr_opposite_2/camera_images/1624827750.9848876.jpg
Cat1,15mph,lr,opposite,2,1624827749.4182224,/media/batool/MULTIMODAL_DATA/Multimodal_Data/Cat1/opposite/bag_files/Cat1_15mph_lr_opposite_2/camera_images/1624827749.4182224.jpg
Cat1,15mph,lr,opposite,2,1624827749.9515553,/media/batool/MULTIMODAL_DATA/Multimodal_Data/Cat1/opposite/bag_files/Cat1_15mph_lr_opposite_2/camera_images/1624827749.9515553.jpg
Cat1,15mph,lr,opposite,2,1624827750.484888,/media/batool/MULTIMODAL_DATA/Multimodal_Data/Cat1/opposite/bag_files/Cat1_15mph_lr_opposite_2/camera_images/1624827750.484888.jpg
Cat1,15mph,lr,opposite,2,1624827751.018221,/media/batool/MULTIMODAL_DATA/Multimodal_Data/Cat1/opposite/bag_files/Cat1_15mph_lr_opposite_2/camera_images/1624827751.018221.jpg
Cat1,15mph,lr,opposite,2,1624827751.5515537,/media/batool/MULTIMODAL_DATA/Multimodal_Data/Cat1/opposite/bag_files/Cat1_15mph_lr_opposite_2/camera_images/1624827751.5515537.jpg
Cat1,15mph,lr,opposite,2,1624827752.0848866,/media/batool/MULTIMODAL_DATA/Multimodal_Data/Cat1/opposite/bag_files/Cat1_15mph_lr_opposite_2/camera_images/1624827752.0848866.jpg
Cat1,15mph,lr,opposite,2,1624827752.6182194,/media/batool/MULTIMODAL_DATA/Multimodal_Data/Cat1/opposite/bag_files/Cat1_15mph_lr_opposite_2/camera_images/1624827752.6182194.jpg
Cat1,15mph,lr,opposite,2,1624827753.1515522,/media/batool/MULTIMODAL_DATA/Multimodal_Data/Cat1/opposite/bag_files/Cat1_15mph_lr_opposite_2/camera_images/1624827753.1515522.jpg
Cat1,15mph,lr,opposite,2,1624827753.684885,/media/batool/MULTIMODAL_DATA/Multimodal_Data/Cat1/opposite/bag_files/Cat1_15mph_lr_opposite_2/camera_images/1624827753.684885.jpg
Cat1,15mph,lr,opposite,2,1624827754.2182178,/media/batool/MULTIMODAL_DATA/Multimodal_Data/Cat1/opposite/bag_files/Cat1_15mph_lr_opposite_2/camera_images/1624827754.2182178.jpg
Cat1,15mph,lr,opposite,2,1624827754.7515507,/media/batool/MULTIMODAL_DATA/Multimodal_Data/Cat1/opposite/bag_files/Cat1_15mph_lr_opposite_2/camera_images/1624827754.7515507.jpg
Cat1,15mph,lr,opposite,2,1624827755.2848835,/media/batool/MULTIMODAL_DATA/Multimodal_Data/Cat1/opposite/bag_files/Cat1_15mph_lr_opposite_2/camera_images/1624827755.2848835.jpg
Cat1,15mph,lr,opposite,2,1624827755.8182163,/media/batool/MULTIMODAL_DATA/Multimodal_Data/Cat1/opposite/bag_files/Cat1_15mph_lr_opposite_2/camera_images/1624827755.8182163.jpg
Cat1,15mph,lr,opposite,2,1624827756.3515491,/media/batool/MULTIMODAL_DATA/Multimodal_Data/Cat1/opposite/bag_files/Cat1_15mph_lr_opposite_2/camera_images/1624827756.3515491.jpg
Cat1,15mph,lr,opposite,2,1624827756.884882,/media/batool/MULTIMODAL_DATA/Multimodal_Data/Cat1/opposite/bag_files/Cat1_15mph_lr_opposite_2/camera_images/1624827756.884882.jpg
Cat1,15mph,lr,opposite,2,1624827757.4182148,/media/batool/MULTIMODAL_DATA/Multimodal_Data/Cat1/opposite/bag_files/Cat1_15mph_lr_opposite_2/camera_images/1624827757.4182148.jpg
Cat1,15mph,lr,opposite,2,1624827757.9515476,/media/batool/MULTIMODAL_DATA/Multimodal_Data/Cat1/opposite/bag_files/Cat1_15mph_lr_opposite_2/camera_images/1624827757.9515476.jpg
Cat1,15mph,lr,opposite,2,1624827758.4848804,/media/batool/MULTIMODAL_DATA/Multimodal_Data/Cat1/opposite/bag_files/Cat1_15mph_lr_opposite_2/camera_images/1624827758.4848804.jpg
Cat1,15mph,lr,opposite,2,1624827759.0182133,/media/batool/MULTIMODAL_DATA/Multimodal_Data/Cat1/opposite/bag_files/Cat1_15mph_lr_opposite_2/camera_images/1624827759.0182133.jpg
Cat1,15mph,lr,opposite,2,1624827759.551546,/media/batool/MULTIMODAL_DATA/Multimodal_Data/Cat1/opposite/bag_files/Cat1_15mph_lr_opposite_2/camera_images/1624827759.551546.jpg
Cat1,15mph,lr,opposite,2,1624827760.084879,/media/batool/MULTIMODAL_DATA/Multimodal_Data/Cat1/opposite/bag_files/Cat1_15mph_lr_opposite_2/camera_images/1624827760.084879.jpg
Cat1,15mph,lr,opposite,2,1624827760.6182117,/media/batool/MULTIMODAL_DATA/Multimodal_Data/Cat1/opposite/bag_files/Cat1_15mph_lr_opposite_2/camera_images/1624827760.6182117.jpg
Cat1,15mph,lr,opposite,2,1624827761.1515446,/media/batool/MULTIMODAL_DATA/Multimodal_Data/Cat1/opposite/bag_files/Cat1_15mph_lr_opposite_2/camera_images/1624827761.1515446.jpg
Cat1,15mph,lr,opposite,2,1624827761.6848774,/media/batool/MULTIMODAL_DATA/Multimodal_Data/Cat1/opposite/bag_files/Cat1_15mph_lr_opposite_2/camera_images/1624827761.6848774.jpg
Cat1,15mph,lr,opposite,2,1624827762.2182102,/media/batool/MULTIMODAL_DATA/Multimodal_Data/Cat1/opposite/bag_files/Cat1_15mph_lr_opposite_2/camera_images/1624827762.2182102.jpg
Cat1,15mph,lr,opposite,2,1624827762.751543,/media/batool/MULTIMODAL_DATA/Multimodal_Data/Cat1/opposite/bag_files/Cat1_15mph_lr_opposite_2/camera_images/1624827762.751543.jpg
Cat1,15mph,lr,opposite,2,1624827763.2848759,/media/batool/MULTIMODAL_DATA/Multimodal_Data/Cat1/opposite/bag_files/Cat1_15mph_lr_opposite_2/camera_images/1624827763.2848759.jpg
Cat1,15mph,lr,opposite,2,1624827751.0515542,/media/batool/MULTIMODAL_DATA/Multimodal_Data/Cat1/opposite/bag_files/Cat1_15mph_lr_opposite_2/camera_images/1624827751.0515542.jpg
Cat1,15mph,lr,opposite,2,1624827751.0848875,/media/batool/MULTIMODAL_DATA/Multimodal_Data/Cat1/opposite/bag_files/Cat1_15mph_lr_opposite_2/camera_images/1624827751.0848875.jpg
Cat1,15mph,lr,opposite,2,1624827751.1182208,/media/batool/MULTIMODAL_DATA/Multimodal_Data/Cat1/opposite/bag_files/Cat1_15mph_lr_opposite_2/camera_images/1624827751.1182208.jpg
Cat1,15mph,lr,opposite,2,1624827751.151554,/media/batool/MULTIMODAL_DATA/Multimodal_Data/Cat1/opposite/bag_files/Cat1_15mph_lr_opposite_2/camera_images/1624827751.151554.jpg
Cat1,15mph,lr,opposite,2,1624827751.1848874,/media/batool/MULTIMODAL_DATA/Multimodal_Data/Cat1/opposite/bag_files/Cat1_15mph_lr_opposite_2/camera_images/1624827751.1848874.jpg
Cat1,15mph,lr,opposite,2,1624827751.2182207,/media/batool/MULTIMODAL_DATA/Multimodal_Data/Cat1/opposite/bag_files/Cat1_15mph_lr_opposite_2/camera_images/1624827751.2182207.jpg
Cat1,15mph,lr,opposite,2,1624827751.251554,/media/batool/MULTIMODAL_DATA/Multimodal_Data/Cat1/opposite/bag_files/Cat1_15mph_lr_opposite_2/camera_images/1624827751.251554.jpg
Cat1,15mph,lr,opposite,2,1624827751.2848873,/media/batool/MULTIMODAL_DATA/Multimodal_Data/Cat1/opposite/bag_files/Cat1_15mph_lr_opposite_2/camera_images/1624827751.2848873.jpg
Cat1,15mph,lr,opposite,2,1624827751.3182206,/media/batool/MULTIMODAL_DATA/Multimodal_Data/Cat1/opposite/bag_files/Cat1_15mph_lr_opposite_2/camera_images/1624827751.3182206.jpg
Cat1,15mph,lr,opposite,2,1624827751.351554,/media/batool/MULTIMODAL_DATA/Multimodal_Data/Cat1/opposite/bag_files/Cat1_15mph_lr_opposite_2/camera_images/1624827751.351554.jpg
Cat1,15mph,lr,opposite,2,1624827751.3848872,/media/batool/MULTIMODAL_DATA/Multimodal_Data/Cat1/opposite/bag_files/Cat1_15mph_lr_opposite_2/camera_images/1624827751.3848872.jpg
Cat1,15mph,lr,opposite,2,1624827751.4182205,/media/batool/MULTIMODAL_DATA/Multimodal_Data/Cat1/opposite/bag_files/Cat1_15mph_lr_opposite_2/camera_images/1624827751.4182205.jpg
Cat1,15mph,lr,opposite,2,1624827751.4515538,/media/batool/MULTIMODAL_DATA/Multimodal_Data/Cat1/opposite/bag_files/Cat1_15mph_lr_opposite_2/camera_images/1624827751.4515538.jpg
Cat1,15mph,lr,opposite,2,1624827751.4848871,/media/batool/MULTIMODAL_DATA/Multimodal_Data/Cat1/opposite/bag_files/Cat1_15mph_lr_opposite_2/camera_images/1624827751.4848871.jpg
Cat1,15mph,lr,opposite,2,1624827751.5182204,/media/batool/MULTIMODAL_DATA/Multimodal_Data/Cat1/opposite/bag_files/Cat1_15mph_lr_opposite_2/camera_images/1624827751.5182204.jpg
Cat1,15mph,lr,opposite,2,1624827751.584887,/media/batool/MULTIMODAL_DATA/Multimodal_Data/Cat1/opposite/bag_files/Cat1_15mph_lr_opposite_2/camera_images/1624827751.584887.jpg
Cat1,15mph,lr,opposite,2,1624827751.6182203,/media/batool/MULTIMODAL_DATA/Multimodal_Data/Cat1/opposite/bag_files/Cat1_15mph_lr_opposite_2/camera_images/1624827751.6182203.jpg
Cat1,15mph,lr,opposite,2,1624827751.6515536,/media/batool/MULTIMODAL_DATA/Multimodal_Data/Cat1/opposite/bag_files/Cat1_15mph_lr_opposite_2/camera_images/1624827751.6515536.jpg
Cat1,15mph,lr,opposite,2,1624827751.684887,/media/batool/MULTIMODAL_DATA/Multimodal_Data/Cat1/opposite/bag_files/Cat1_15mph_lr_opposite_2/camera_images/1624827751.684887.jpg
Cat1,15mph,lr,opposite,2,1624827751.7182202,/media/batool/MULTIMODAL_DATA/Multimodal_Data/Cat1/opposite/bag_files/Cat1_15mph_lr_opposite_2/camera_images/1624827751.7182202.jpg
Cat1,15mph,lr,opposite,2,1624827751.7515535,/media/batool/MULTIMODAL_DATA/Multimodal_Data/Cat1/opposite/bag_files/Cat1_15mph_lr_opposite_2/camera_images/1624827751.7515535.jpg
Cat1,15mph,lr,opposite,2,1624827751.7848868,/media/batool/MULTIMODAL_DATA/Multimodal_Data/Cat1/opposite/bag_files/Cat1_15mph_lr_opposite_2/camera_images/1624827751.7848868.jpg
Cat1,15mph,lr,opposite,2,1624827751.8182201,/media/batool/MULTIMODAL_DATA/Multimodal_Data/Cat1/opposite/bag_files/Cat1_15mph_lr_opposite_2/camera_images/1624827751.8182201.jpg
Cat1,15mph,lr,opposite,2,1624827751.8515534,/media/batool/MULTIMODAL_DATA/Multimodal_Data/Cat1/opposite/bag_files/Cat1_15mph_lr_opposite_2/camera_images/1624827751.8515534.jpg
Cat1,15mph,lr,opposite,2,1624827751.8848867,/media/batool/MULTIMODAL_DATA/Multimodal_Data/Cat1/opposite/bag_files/Cat1_15mph_lr_opposite_2/camera_images/1624827751.8848867.jpg
Cat1,15mph,lr,opposite,2,1624827751.91822,/media/batool/MULTIMODAL_DATA/Multimodal_Data/Cat1/opposite/bag_files/Cat1_15mph_lr_opposite_2/camera_images/1624827751.91822.jpg
Cat1,15mph,lr,opposite,2,1624827751.9515533,/media/batool/MULTIMODAL_DATA/Multimodal_Data/Cat1/opposite/bag_files/Cat1_15mph_lr_opposite_2/camera_images/1624827751.9515533.jpg
Cat1,15mph,lr,opposite,2,1624827751.9848866,/media/batool/MULTIMODAL_DATA/Multimodal_Data/Cat1/opposite/bag_files/Cat1_15mph_lr_opposite_2/camera_images/1624827751.9848866.jpg
Cat1,15mph,lr,opposite,2,1624827752.01822,/media/batool/MULTIMODAL_DATA/Multimodal_Data/Cat1/opposite/bag_files/Cat1_15mph_lr_opposite_2/camera_images/1624827752.01822.jpg
Cat1,15mph,lr,opposite,2,1624827752.0515532,/media/batool/MULTIMODAL_DATA/Multimodal_Data/Cat1/opposite/bag_files/Cat1_15mph_lr_opposite_2/camera_images/1624827752.0515532.jpg
Cat1,15mph,lr,opposite,2,1624827752.1182199,/media/batool/MULTIMODAL_DATA/Multimodal_Data/Cat1/opposite/bag_files/Cat1_15mph_lr_opposite_2/camera_images/1624827752.1182199.jpg
Cat1,15mph,lr,opposite,2,1624827752.1515532,/media/batool/MULTIMODAL_DATA/Multimodal_Data/Cat1/opposite/bag_files/Cat1_15mph_lr_opposite_2/camera_images/1624827752.1515532.jpg
Cat1,15mph,lr,opposite,2,1624827752.1848865,/media/batool/MULTIMODAL_DATA/Multimodal_Data/Cat1/opposite/bag_files/Cat1_15mph_lr_opposite_2/camera_images/1624827752.1848865.jpg
Cat1,15mph,lr,opposite,2,1624827752.2182198,/media/batool/MULTIMODAL_DATA/Multimodal_Data/Cat1/opposite/bag_files/Cat1_15mph_lr_opposite_2/camera_images/1624827752.2182198.jpg
Cat1,15mph,lr,opposite,2,1624827752.251553,/media/batool/MULTIMODAL_DATA/Multimodal_Data/Cat1/opposite/bag_files/Cat1_15mph_lr_opposite_2/camera_images/1624827752.251553.jpg
Cat1,15mph,lr,opposite,2,1624827752.2848864,/media/batool/MULTIMODAL_DATA/Multimodal_Data/Cat1/opposite/bag_files/Cat1_15mph_lr_opposite_2/camera_images/1624827752.2848864.jpg
Cat1,15mph,lr,opposite,2,1624827752.3182197,/media/batool/MULTIMODAL_DATA/Multimodal_Data/Cat1/opposite/bag_files/Cat1_15mph_lr_opposite_2/camera_images/1624827752.3182197.jpg
Cat1,15mph,lr,opposite,2,1624827752.351553,/media/batool/MULTIMODAL_DATA/Multimodal_Data/Cat1/opposite/bag_files/Cat1_15mph_lr_opposite_2/camera_images/1624827752.351553.jpg
Cat1,15mph,lr,opposite,2,1624827752.3848863,/media/batool/MULTIMODAL_DATA/Multimodal_Data/Cat1/opposite/bag_files/Cat1_15mph_lr_opposite_2/camera_images/1624827752.3848863.jpg
Cat1,15mph,lr,opposite,2,1624827752.4182196,/media/batool/MULTIMODAL_DATA/Multimodal_Data/Cat1/opposite/bag_files/Cat1_15mph_lr_opposite_2/camera_images/1624827752.4182196.jpg
Cat1,15mph,lr,opposite,2,1624827752.4515529,/media/batool/MULTIMODAL_DATA/Multimodal_Data/Cat1/opposite/bag_files/Cat1_15mph_lr_opposite_2/camera_images/1624827752.4515529.jpg
Cat1,15mph,lr,opposite,2,1624827752.4848862,/media/batool/MULTIMODAL_DATA/Multimodal_Data/Cat1/opposite/bag_files/Cat1_15mph_lr_opposite_2/camera_images/1624827752.4848862.jpg
Cat1,15mph,lr,opposite,2,1624827752.5182195,/media/batool/MULTIMODAL_DATA/Multimodal_Data/Cat1/opposite/bag_files/Cat1_15mph_lr_opposite_2/camera_images/1624827752.5182195.jpg
Cat1,15mph,lr,opposite,2,1624827752.5515528,/media/batool/MULTIMODAL_DATA/Multimodal_Data/Cat1/opposite/bag_files/Cat1_15mph_lr_opposite_2/camera_images/1624827752.5515528.jpg
Cat1,15mph,lr,opposite,2,1624827752.584886,/media/batool/MULTIMODAL_DATA/Multimodal_Data/Cat1/opposite/bag_files/Cat1_15mph_lr_opposite_2/camera_images/1624827752.584886.jpg
Cat1,15mph,lr,opposite,2,1624827752.6515527,/media/batool/MULTIMODAL_DATA/Multimodal_Data/Cat1/opposite/bag_files/Cat1_15mph_lr_opposite_2/camera_images/1624827752.6515527.jpg
Cat1,15mph,lr,opposite,2,1624827752.684886,/media/batool/MULTIMODAL_DATA/Multimodal_Data/Cat1/opposite/bag_files/Cat1_15mph_lr_opposite_2/camera_images/1624827752.684886.jpg
Cat1,15mph,lr,opposite,2,1624827752.7182193,/media/batool/MULTIMODAL_DATA/Multimodal_Data/Cat1/opposite/bag_files/Cat1_15mph_lr_opposite_2/camera_images/1624827752.7182193.jpg
Cat1,15mph,lr,opposite,2,1624827752.7515526,/media/batool/MULTIMODAL_DATA/Multimodal_Data/Cat1/opposite/bag_files/Cat1_15mph_lr_opposite_2/camera_images/1624827752.7515526.jpg
Cat1,15mph,lr,opposite,2,1624827752.784886,/media/batool/MULTIMODAL_DATA/Multimodal_Data/Cat1/opposite/bag_files/Cat1_15mph_lr_opposite_2/camera_images/1624827752.784886.jpg
Cat1,15mph,lr,opposite,2,1624827752.8182192,/media/batool/MULTIMODAL_DATA/Multimodal_Data/Cat1/opposite/bag_files/Cat1_15mph_lr_opposite_2/camera_images/1624827752.8182192.jpg
Cat1,15mph,lr,opposite,2,1624827752.8515525,/media/batool/MULTIMODAL_DATA/Multimodal_Data/Cat1/opposite/bag_files/Cat1_15mph_lr_opposite_2/camera_images/1624827752.8515525.jpg
Cat1,15mph,lr,opposite,2,1624827752.8848858,/media/batool/MULTIMODAL_DATA/Multimodal_Data/Cat1/opposite/bag_files/Cat1_15mph_lr_opposite_2/camera_images/1624827752.8848858.jpg
Cat1,15mph,lr,opposite,2,1624827752.918219,/media/batool/MULTIMODAL_DATA/Multimodal_Data/Cat1/opposite/bag_files/Cat1_15mph_lr_opposite_2/camera_images/1624827752.918219.jpg
Cat1,15mph,lr,opposite,2,1624827752.9515524,/media/batool/MULTIMODAL_DATA/Multimodal_Data/Cat1/opposite/bag_files/Cat1_15mph_lr_opposite_2/camera_images/1624827752.9515524.jpg
Cat1,15mph,lr,opposite,2,1624827752.9848857,/media/batool/MULTIMODAL_DATA/Multimodal_Data/Cat1/opposite/bag_files/Cat1_15mph_lr_opposite_2/camera_images/1624827752.9848857.jpg
Cat1,15mph,lr,opposite,2,1624827753.018219,/media/batool/MULTIMODAL_DATA/Multimodal_Data/Cat1/opposite/bag_files/Cat1_15mph_lr_opposite_2/camera_images/1624827753.018219.jpg
Cat1,15mph,lr,opposite,2,1624827753.0515523,/media/batool/MULTIMODAL_DATA/Multimodal_Data/Cat1/opposite/bag_files/Cat1_15mph_lr_opposite_2/camera_images/1624827753.0515523.jpg
Cat1,15mph,lr,opposite,2,1624827753.0848856,/media/batool/MULTIMODAL_DATA/Multimodal_Data/Cat1/opposite/bag_files/Cat1_15mph_lr_opposite_2/camera_images/1624827753.0848856.jpg
Cat1,15mph,lr,opposite,2,1624827753.118219,/media/batool/MULTIMODAL_DATA/Multimodal_Data/Cat1/opposite/bag_files/Cat1_15mph_lr_opposite_2/camera_images/1624827753.118219.jpg
Cat1,15mph,lr,opposite,2,1624827753.1848855,/media/batool/MULTIMODAL_DATA/Multimodal_Data/Cat1/opposite/bag_files/Cat1_15mph_lr_opposite_2/camera_images/1624827753.1848855.jpg
Cat1,15mph,lr,opposite,2,1624827753.2182188,/media/batool/MULTIMODAL_DATA/Multimodal_Data/Cat1/opposite/bag_files/Cat1_15mph_lr_opposite_2/camera_images/1624827753.2182188.jpg
Cat1,15mph,lr,opposite,2,1624827753.251552,/media/batool/MULTIMODAL_DATA/Multimodal_Data/Cat1/opposite/bag_files/Cat1_15mph_lr_opposite_2/camera_images/1624827753.251552.jpg
Cat1,15mph,lr,opposite,2,1624827753.2848854,/media/batool/MULTIMODAL_DATA/Multimodal_Data/Cat1/opposite/bag_files/Cat1_15mph_lr_opposite_2/camera_images/1624827753.2848854.jpg
Cat1,15mph,lr,opposite,2,1624827753.3182187,/media/batool/MULTIMODAL_DATA/Multimodal_Data/Cat1/opposite/bag_files/Cat1_15mph_lr_opposite_2/camera_images/1624827753.3182187.jpg
Cat1,15mph,lr,opposite,2,1624827753.351552,/media/batool/MULTIMODAL_DATA/Multimodal_Data/Cat1/opposite/bag_files/Cat1_15mph_lr_opposite_2/camera_images/1624827753.351552.jpg
Cat1,15mph,lr,opposite,2,1624827753.3848853,/media/batool/MULTIMODAL_DATA/Multimodal_Data/Cat1/opposite/bag_files/Cat1_15mph_lr_opposite_2/camera_images/1624827753.3848853.jpg
Cat1,15mph,lr,opposite,2,1624827753.4182186,/media/batool/MULTIMODAL_DATA/Multimodal_Data/Cat1/opposite/bag_files/Cat1_15mph_lr_opposite_2/camera_images/1624827753.4182186.jpg
Cat1,15mph,lr,opposite,2,1624827753.451552,/media/batool/MULTIMODAL_DATA/Multimodal_Data/Cat1/opposite/bag_files/Cat1_15mph_lr_opposite_2/camera_images/1624827753.451552.jpg
Cat1,15mph,lr,opposite,2,1624827753.4848852,/media/batool/MULTIMODAL_DATA/Multimodal_Data/Cat1/opposite/bag_files/Cat1_15mph_lr_opposite_2/camera_images/1624827753.4848852.jpg
Cat1,15mph,lr,opposite,2,1624827753.5182185,/media/batool/MULTIMODAL_DATA/Multimodal_Data/Cat1/opposite/bag_files/Cat1_15mph_lr_opposite_2/camera_images/1624827753.5182185.jpg
Cat1,15mph,lr,opposite,2,1624827753.5515518,/media/batool/MULTIMODAL_DATA/Multimodal_Data/Cat1/opposite/bag_files/Cat1_15mph_lr_opposite_2/camera_images/1624827753.5515518.jpg
Cat1,15mph,lr,opposite,2,1624827753.5848851,/media/batool/MULTIMODAL_DATA/Multimodal_Data/Cat1/opposite/bag_files/Cat1_15mph_lr_opposite_2/camera_images/1624827753.5848851.jpg
Cat1,15mph,lr,opposite,2,1624827753.6182184,/media/batool/MULTIMODAL_DATA/Multimodal_Data/Cat1/opposite/bag_files/Cat1_15mph_lr_opposite_2/camera_images/1624827753.6182184.jpg
Cat1,15mph,lr,opposite,2,1624827753.6515517,/media/batool/MULTIMODAL_DATA/Multimodal_Data/Cat1/opposite/bag_files/Cat1_15mph_lr_opposite_2/camera_images/1624827753.6515517.jpg
Cat1,15mph,lr,opposite,2,1624827753.7182183,/media/batool/MULTIMODAL_DATA/Multimodal_Data/Cat1/opposite/bag_files/Cat1_15mph_lr_opposite_2/camera_images/1624827753.7182183.jpg
Cat1,15mph,lr,opposite,2,1624827753.7515516,/media/batool/MULTIMODAL_DATA/Multimodal_Data/Cat1/opposite/bag_files/Cat1_15mph_lr_opposite_2/camera_images/1624827753.7515516.jpg
Cat1,15mph,lr,opposite,2,1624827753.784885,/media/batool/MULTIMODAL_DATA/Multimodal_Data/Cat1/opposite/bag_files/Cat1_15mph_lr_opposite_2/camera_images/1624827753.784885.jpg
Cat1,15mph,lr,opposite,2,1624827753.8182182,/media/batool/MULTIMODAL_DATA/Multimodal_Data/Cat1/opposite/bag_files/Cat1_15mph_lr_opposite_2/camera_images/1624827753.8182182.jpg
Cat1,15mph,lr,opposite,2,1624827753.8515515,/media/batool/MULTIMODAL_DATA/Multimodal_Data/Cat1/opposite/bag_files/Cat1_15mph_lr_opposite_2/camera_images/1624827753.8515515.jpg
Cat1,15mph,lr,opposite,2,1624827753.8848848,/media/batool/MULTIMODAL_DATA/Multimodal_Data/Cat1/opposite/bag_files/Cat1_15mph_lr_opposite_2/camera_images/1624827753.8848848.jpg
Cat1,15mph,lr,opposite,2,1624827753.9182181,/media/batool/MULTIMODAL_DATA/Multimodal_Data/Cat1/opposite/bag_files/Cat1_15mph_lr_opposite_2/camera_images/1624827753.9182181.jpg
Cat1,15mph,lr,opposite,2,1624827753.9515514,/media/batool/MULTIMODAL_DATA/Multimodal_Data/Cat1/opposite/bag_files/Cat1_15mph_lr_opposite_2/camera_images/1624827753.9515514.jpg
Cat1,15mph,lr,opposite,2,1624827753.9848847,/media/batool/MULTIMODAL_DATA/Multimodal_Data/Cat1/opposite/bag_files/Cat1_15mph_lr_opposite_2/camera_images/1624827753.9848847.jpg
Cat1,15mph,lr,opposite,2,1624827754.018218,/media/batool/MULTIMODAL_DATA/Multimodal_Data/Cat1/opposite/bag_files/Cat1_15mph_lr_opposite_2/camera_images/1624827754.018218.jpg
Cat1,15mph,lr,opposite,2,1624827754.0515513,/media/batool/MULTIMODAL_DATA/Multimodal_Data/Cat1/opposite/bag_files/Cat1_15mph_lr_opposite_2/camera_images/1624827754.0515513.jpg
Cat1,15mph,lr,opposite,2,1624827754.0848846,/media/batool/MULTIMODAL_DATA/Multimodal_Data/Cat1/opposite/bag_files/Cat1_15mph_lr_opposite_2/camera_images/1624827754.0848846.jpg
Cat1,15mph,lr,opposite,2,1624827754.118218,/media/batool/MULTIMODAL_DATA/Multimodal_Data/Cat1/opposite/bag_files/Cat1_15mph_lr_opposite_2/camera_images/1624827754.118218.jpg
Cat1,15mph,lr,opposite,2,1624827754.1515512,/media/batool/MULTIMODAL_DATA/Multimodal_Data/Cat1/opposite/bag_files/Cat1_15mph_lr_opposite_2/camera_images/1624827754.1515512.jpg
Cat1,15mph,lr,opposite,2,1624827754.1848845,/media/batool/MULTIMODAL_DATA/Multimodal_Data/Cat1/opposite/bag_files/Cat1_15mph_lr_opposite_2/camera_images/1624827754.1848845.jpg
Cat1,15mph,lr,opposite,2,1624827754.2515512,/media/batool/MULTIMODAL_DATA/Multimodal_Data/Cat1/opposite/bag_files/Cat1_15mph_lr_opposite_2/camera_images/1624827754.2515512.jpg
Cat1,15mph,lr,opposite,2,1624827754.2848845,/media/batool/MULTIMODAL_DATA/Multimodal_Data/Cat1/opposite/bag_files/Cat1_15mph_lr_opposite_2/camera_images/1624827754.2848845.jpg
Cat1,15mph,lr,opposite,2,1624827754.3182178,/media/batool/MULTIMODAL_DATA/Multimodal_Data/Cat1/opposite/bag_files/Cat1_15mph_lr_opposite_2/camera_images/1624827754.3182178.jpg
Cat1,15mph,lr,opposite,2,1624827754.351551,/media/batool/MULTIMODAL_DATA/Multimodal_Data/Cat1/opposite/bag_files/Cat1_15mph_lr_opposite_2/camera_images/1624827754.351551.jpg
Cat1,15mph,lr,opposite,2,1624827754.3848844,/media/batool/MULTIMODAL_DATA/Multimodal_Data/Cat1/opposite/bag_files/Cat1_15mph_lr_opposite_2/camera_images/1624827754.3848844.jpg
Cat1,15mph,lr,opposite,2,1624827754.4182177,/media/batool/MULTIMODAL_DATA/Multimodal_Data/Cat1/opposite/bag_files/Cat1_15mph_lr_opposite_2/camera_images/1624827754.4182177.jpg
Cat1,15mph,lr,opposite,2,1624827754.451551,/media/batool/MULTIMODAL_DATA/Multimodal_Data/Cat1/opposite/bag_files/Cat1_15mph_lr_opposite_2/camera_images/1624827754.451551.jpg
Cat1,15mph,lr,opposite,2,1624827754.4848843,/media/batool/MULTIMODAL_DATA/Multimodal_Data/Cat1/opposite/bag_files/Cat1_15mph_lr_opposite_2/camera_images/1624827754.4848843.jpg
Cat1,15mph,lr,opposite,2,1624827754.5182176,/media/batool/MULTIMODAL_DATA/Multimodal_Data/Cat1/opposite/bag_files/Cat1_15mph_lr_opposite_2/camera_images/1624827754.5182176.jpg
Cat1,15mph,lr,opposite,2,1624827754.5515509,/media/batool/MULTIMODAL_DATA/Multimodal_Data/Cat1/opposite/bag_files/Cat1_15mph_lr_opposite_2/camera_images/1624827754.5515509.jpg
Cat1,15mph,lr,opposite,2,1624827754.5848842,/media/batool/MULTIMODAL_DATA/Multimodal_Data/Cat1/opposite/bag_files/Cat1_15mph_lr_opposite_2/camera_images/1624827754.5848842.jpg
Cat1,15mph,lr,opposite,2,1624827754.6182175,/media/batool/MULTIMODAL_DATA/Multimodal_Data/Cat1/opposite/bag_files/Cat1_15mph_lr_opposite_2/camera_images/1624827754.6182175.jpg
Cat1,15mph,lr,opposite,2,1624827754.6515508,/media/batool/MULTIMODAL_DATA/Multimodal_Data/Cat1/opposite/bag_files/Cat1_15mph_lr_opposite_2/camera_images/1624827754.6515508.jpg
Cat1,15mph,lr,opposite,2,1624827754.684884,/media/batool/MULTIMODAL_DATA/Multimodal_Data/Cat1/opposite/bag_files/Cat1_15mph_lr_opposite_2/camera_images/1624827754.684884.jpg
Cat1,15mph,lr,opposite,2,1624827754.7182174,/media/batool/MULTIMODAL_DATA/Multimodal_Data/Cat1/opposite/bag_files/Cat1_15mph_lr_opposite_2/camera_images/1624827754.7182174.jpg
Cat1,15mph,lr,opposite,2,1624827754.784884,/media/batool/MULTIMODAL_DATA/Multimodal_Data/Cat1/opposite/bag_files/Cat1_15mph_lr_opposite_2/camera_images/1624827754.784884.jpg
Cat1,15mph,lr,opposite,2,1624827754.8182173,/media/batool/MULTIMODAL_DATA/Multimodal_Data/Cat1/opposite/bag_files/Cat1_15mph_lr_opposite_2/camera_images/1624827754.8182173.jpg
Cat1,15mph,lr,opposite,2,1624827754.8515506,/media/batool/MULTIMODAL_DATA/Multimodal_Data/Cat1/opposite/bag_files/Cat1_15mph_lr_opposite_2/camera_images/1624827754.8515506.jpg
Cat1,15mph,lr,opposite,2,1624827754.8848839,/media/batool/MULTIMODAL_DATA/Multimodal_Data/Cat1/opposite/bag_files/Cat1_15mph_lr_opposite_2/camera_images/1624827754.8848839.jpg
Cat1,15mph,lr,opposite,2,1624827754.9182172,/media/batool/MULTIMODAL_DATA/Multimodal_Data/Cat1/opposite/bag_files/Cat1_15mph_lr_opposite_2/camera_images/1624827754.9182172.jpg
Cat1,15mph,lr,opposite,2,1624827754.9515505,/media/batool/MULTIMODAL_DATA/Multimodal_Data/Cat1/opposite/bag_files/Cat1_15mph_lr_opposite_2/camera_images/1624827754.9515505.jpg
Cat1,15mph,lr,opposite,2,1624827754.9848838,/media/batool/MULTIMODAL_DATA/Multimodal_Data/Cat1/opposite/bag_files/Cat1_15mph_lr_opposite_2/camera_images/1624827754.9848838.jpg
Cat1,15mph,lr,opposite,2,1624827755.018217,/media/batool/MULTIMODAL_DATA/Multimodal_Data/Cat1/opposite/bag_files/Cat1_15mph_lr_opposite_2/camera_images/1624827755.018217.jpg
Cat1,15mph,lr,opposite,2,1624827755.0515504,/media/batool/MULTIMODAL_DATA/Multimodal_Data/Cat1/opposite/bag_files/Cat1_15mph_lr_opposite_2/camera_images/1624827755.0515504.jpg
Cat1,15mph,lr,opposite,2,1624827755.0848837,/media/batool/MULTIMODAL_DATA/Multimodal_Data/Cat1/opposite/bag_files/Cat1_15mph_lr_opposite_2/camera_images/1624827755.0848837.jpg
Cat1,15mph,lr,opposite,2,1624827755.118217,/media/batool/MULTIMODAL_DATA/Multimodal_Data/Cat1/opposite/bag_files/Cat1_15mph_lr_opposite_2/camera_images/1624827755.118217.jpg
Cat1,15mph,lr,opposite,2,1624827755.1515503,/media/batool/MULTIMODAL_DATA/Multimodal_Data/Cat1/opposite/bag_files/Cat1_15mph_lr_opposite_2/camera_images/1624827755.1515503.jpg
Cat1,15mph,lr,opposite,2,1624827755.1848836,/media/batool/MULTIMODAL_DATA/Multimodal_Data/Cat1/opposite/bag_files/Cat1_15mph_lr_opposite_2/camera_images/1624827755.1848836.jpg
Cat1,15mph,lr,opposite,2,1624827755.218217,/media/batool/MULTIMODAL_DATA/Multimodal_Data/Cat1/opposite/bag_files/Cat1_15mph_lr_opposite_2/camera_images/1624827755.218217.jpg
Cat1,15mph,lr,opposite,2,1624827755.2515502,/media/batool/MULTIMODAL_DATA/Multimodal_Data/Cat1/opposite/bag_files/Cat1_15mph_lr_opposite_2/camera_images/1624827755.2515502.jpg
Cat1,15mph,lr,opposite,2,1624827755.3182168,/media/batool/MULTIMODAL_DATA/Multimodal_Data/Cat1/opposite/bag_files/Cat1_15mph_lr_opposite_2/camera_images/1624827755.3182168.jpg
Cat1,15mph,lr,opposite,2,1624827755.35155,/media/batool/MULTIMODAL_DATA/Multimodal_Data/Cat1/opposite/bag_files/Cat1_15mph_lr_opposite_2/camera_images/1624827755.35155.jpg
Cat1,15mph,lr,opposite,2,1624827755.3848834,/media/batool/MULTIMODAL_DATA/Multimodal_Data/Cat1/opposite/bag_files/Cat1_15mph_lr_opposite_2/camera_images/1624827755.3848834.jpg
Cat1,15mph,lr,opposite,2,1624827755.4182167,/media/batool/MULTIMODAL_DATA/Multimodal_Data/Cat1/opposite/bag_files/Cat1_15mph_lr_opposite_2/camera_images/1624827755.4182167.jpg
Cat1,15mph,lr,opposite,2,1624827755.45155,/media/batool/MULTIMODAL_DATA/Multimodal_Data/Cat1/opposite/bag_files/Cat1_15mph_lr_opposite_2/camera_images/1624827755.45155.jpg
Cat1,15mph,lr,opposite,2,1624827755.4848833,/media/batool/MULTIMODAL_DATA/Multimodal_Data/Cat1/opposite/bag_files/Cat1_15mph_lr_opposite_2/camera_images/1624827755.4848833.jpg
Cat1,15mph,lr,opposite,2,1624827755.5182166,/media/batool/MULTIMODAL_DATA/Multimodal_Data/Cat1/opposite/bag_files/Cat1_15mph_lr_opposite_2/camera_images/1624827755.5182166.jpg
Cat1,15mph,lr,opposite,2,1624827755.55155,/media/batool/MULTIMODAL_DATA/Multimodal_Data/Cat1/opposite/bag_files/Cat1_15mph_lr_opposite_2/camera_images/1624827755.55155.jpg
Cat1,15mph,lr,opposite,2,1624827755.5848832,/media/batool/MULTIMODAL_DATA/Multimodal_Data/Cat1/opposite/bag_files/Cat1_15mph_lr_opposite_2/camera_images/1624827755.5848832.jpg
Cat1,15mph,lr,opposite,2,1624827755.6182165,/media/batool/MULTIMODAL_DATA/Multimodal_Data/Cat1/opposite/bag_files/Cat1_15mph_lr_opposite_2/camera_images/1624827755.6182165.jpg
Cat1,15mph,lr,opposite,2,1624827755.6515498,/media/batool/MULTIMODAL_DATA/Multimodal_Data/Cat1/opposite/bag_files/Cat1_15mph_lr_opposite_2/camera_images/1624827755.6515498.jpg
Cat1,15mph,lr,opposite,2,1624827755.684883,/media/batool/MULTIMODAL_DATA/Multimodal_Data/Cat1/opposite/bag_files/Cat1_15mph_lr_opposite_2/camera_images/1624827755.684883.jpg
Cat1,15mph,lr,opposite,2,1624827755.7182164,/media/batool/MULTIMODAL_DATA/Multimodal_Data/Cat1/opposite/bag_files/Cat1_15mph_lr_opposite_2/camera_images/1624827755.7182164.jpg
Cat1,15mph,lr,opposite,2,1624827755.7515497,/media/batool/MULTIMODAL_DATA/Multimodal_Data/Cat1/opposite/bag_files/Cat1_15mph_lr_opposite_2/camera_images/1624827755.7515497.jpg
Cat1,15mph,lr,opposite,2,1624827755.784883,/media/batool/MULTIMODAL_DATA/Multimodal_Data/Cat1/opposite/bag_files/Cat1_15mph_lr_opposite_2/camera_images/1624827755.784883.jpg
Cat1,15mph,lr,opposite,2,1624827755.8515496,/media/batool/MULTIMODAL_DATA/Multimodal_Data/Cat1/opposite/bag_files/Cat1_15mph_lr_opposite_2/camera_images/1624827755.8515496.jpg
Cat1,15mph,lr,opposite,2,1624827755.884883,/media/batool/MULTIMODAL_DATA/Multimodal_Data/Cat1/opposite/bag_files/Cat1_15mph_lr_opposite_2/camera_images/1624827755.884883.jpg
Cat1,15mph,lr,opposite,2,1624827755.9182162,/media/batool/MULTIMODAL_DATA/Multimodal_Data/Cat1/opposite/bag_files/Cat1_15mph_lr_opposite_2/camera_images/1624827755.9182162.jpg
Cat1,15mph,lr,opposite,2,1624827755.9515495,/media/batool/MULTIMODAL_DATA/Multimodal_Data/Cat1/opposite/bag_files/Cat1_15mph_lr_opposite_2/camera_images/1624827755.9515495.jpg
Cat1,15mph,lr,opposite,2,1624827755.9848828,/media/batool/MULTIMODAL_DATA/Multimodal_Data/Cat1/opposite/bag_files/Cat1_15mph_lr_opposite_2/camera_images/1624827755.9848828.jpg
Cat1,15mph,lr,opposite,2,1624827756.0182161,/media/batool/MULTIMODAL_DATA/Multimodal_Data/Cat1/opposite/bag_files/Cat1_15mph_lr_opposite_2/camera_images/1624827756.0182161.jpg
Cat1,15mph,lr,opposite,2,1624827756.0515494,/media/batool/MULTIMODAL_DATA/Multimodal_Data/Cat1/opposite/bag_files/Cat1_15mph_lr_opposite_2/camera_images/1624827756.0515494.jpg
Cat1,15mph,lr,opposite,2,1624827756.0848827,/media/batool/MULTIMODAL_DATA/Multimodal_Data/Cat1/opposite/bag_files/Cat1_15mph_lr_opposite_2/camera_images/1624827756.0848827.jpg
Cat1,15mph,lr,opposite,2,1624827756.118216,/media/batool/MULTIMODAL_DATA/Multimodal_Data/Cat1/opposite/bag_files/Cat1_15mph_lr_opposite_2/camera_images/1624827756.118216.jpg
Cat1,15mph,lr,opposite,2,1624827756.1515493,/media/batool/MULTIMODAL_DATA/Multimodal_Data/Cat1/opposite/bag_files/Cat1_15mph_lr_opposite_2/camera_images/1624827756.1515493.jpg
Cat1,15mph,lr,opposite,2,1624827756.1848826,/media/batool/MULTIMODAL_DATA/Multimodal_Data/Cat1/opposite/bag_files/Cat1_15mph_lr_opposite_2/camera_images/1624827756.1848826.jpg
Cat1,15mph,lr,opposite,2,1624827756.218216,/media/batool/MULTIMODAL_DATA/Multimodal_Data/Cat1/opposite/bag_files/Cat1_15mph_lr_opposite_2/camera_images/1624827756.218216.jpg
Cat1,15mph,lr,opposite,2,1624827756.2515492,/media/batool/MULTIMODAL_DATA/Multimodal_Data/Cat1/opposite/bag_files/Cat1_15mph_lr_opposite_2/camera_images/1624827756.2515492.jpg
Cat1,15mph,lr,opposite,2,1624827756.2848825,/media/batool/MULTIMODAL_DATA/Multimodal_Data/Cat1/opposite/bag_files/Cat1_15mph_lr_opposite_2/camera_images/1624827756.2848825.jpg
Cat1,15mph,lr,opposite,2,1624827756.3182158,/media/batool/MULTIMODAL_DATA/Multimodal_Data/Cat1/opposite/bag_files/Cat1_15mph_lr_opposite_2/camera_images/1624827756.3182158.jpg
Cat1,15mph,lr,opposite,2,1624827756.3848825,/media/batool/MULTIMODAL_DATA/Multimodal_Data/Cat1/opposite/bag_files/Cat1_15mph_lr_opposite_2/camera_images/1624827756.3848825.jpg
Cat1,15mph,lr,opposite,2,1624827756.4182158,/media/batool/MULTIMODAL_DATA/Multimodal_Data/Cat1/opposite/bag_files/Cat1_15mph_lr_opposite_2/camera_images/1624827756.4182158.jpg
Cat1,15mph,lr,opposite,2,1624827756.451549,/media/batool/MULTIMODAL_DATA/Multimodal_Data/Cat1/opposite/bag_files/Cat1_15mph_lr_opposite_2/camera_images/1624827756.451549.jpg
Cat1,15mph,lr,opposite,2,1624827756.4848824,/media/batool/MULTIMODAL_DATA/Multimodal_Data/Cat1/opposite/bag_files/Cat1_15mph_lr_opposite_2/camera_images/1624827756.4848824.jpg
Cat1,15mph,lr,opposite,2,1624827756.5182157,/media/batool/MULTIMODAL_DATA/Multimodal_Data/Cat1/opposite/bag_files/Cat1_15mph_lr_opposite_2/camera_images/1624827756.5182157.jpg
Cat1,15mph,lr,opposite,2,1624827756.551549,/media/batool/MULTIMODAL_DATA/Multimodal_Data/Cat1/opposite/bag_files/Cat1_15mph_lr_opposite_2/camera_images/1624827756.551549.jpg
Cat1,15mph,lr,opposite,2,1624827756.5848823,/media/batool/MULTIMODAL_DATA/Multimodal_Data/Cat1/opposite/bag_files/Cat1_15mph_lr_opposite_2/camera_images/1624827756.5848823.jpg
Cat1,15mph,lr,opposite,2,1624827756.6182156,/media/batool/MULTIMODAL_DATA/Multimodal_Data/Cat1/opposite/bag_files/Cat1_15mph_lr_opposite_2/camera_images/1624827756.6182156.jpg
Cat1,15mph,lr,opposite,2,1624827756.6515489,/media/batool/MULTIMODAL_DATA/Multimodal_Data/Cat1/opposite/bag_files/Cat1_15mph_lr_opposite_2/camera_images/1624827756.6515489.jpg
Cat1,15mph,lr,opposite,2,1624827756.6848822,/media/batool/MULTIMODAL_DATA/Multimodal_Data/Cat1/opposite/bag_files/Cat1_15mph_lr_opposite_2/camera_images/1624827756.6848822.jpg
Cat1,15mph,lr,opposite,2,1624827756.7182155,/media/batool/MULTIMODAL_DATA/Multimodal_Data/Cat1/opposite/bag_files/Cat1_15mph_lr_opposite_2/camera_images/1624827756.7182155.jpg
Cat1,15mph,lr,opposite,2,1624827756.7515488,/media/batool/MULTIMODAL_DATA/Multimodal_Data/Cat1/opposite/bag_files/Cat1_15mph_lr_opposite_2/camera_images/1624827756.7515488.jpg
Cat1,15mph,lr,opposite,2,1624827756.784882,/media/batool/MULTIMODAL_DATA/Multimodal_Data/Cat1/opposite/bag_files/Cat1_15mph_lr_opposite_2/camera_images/1624827756.784882.jpg
Cat1,15mph,lr,opposite,2,1624827756.8182154,/media/batool/MULTIMODAL_DATA/Multimodal_Data/Cat1/opposite/bag_files/Cat1_15mph_lr_opposite_2/camera_images/1624827756.8182154.jpg
Cat1,15mph,lr,opposite,2,1624827756.8515487,/media/batool/MULTIMODAL_DATA/Multimodal_Data/Cat1/opposite/bag_files/Cat1_15mph_lr_opposite_2/camera_images/1624827756.8515487.jpg
Cat1,15mph,lr,opposite,2,1624827756.9182153,/media/batool/MULTIMODAL_DATA/Multimodal_Data/Cat1/opposite/bag_files/Cat1_15mph_lr_opposite_2/camera_images/1624827756.9182153.jpg
Cat1,15mph,lr,opposite,2,1624827756.9515486,/media/batool/MULTIMODAL_DATA/Multimodal_Data/Cat1/opposite/bag_files/Cat1_15mph_lr_opposite_2/camera_images/1624827756.9515486.jpg
Cat1,15mph,lr,opposite,2,1624827756.9848819,/media/batool/MULTIMODAL_DATA/Multimodal_Data/Cat1/opposite/bag_files/Cat1_15mph_lr_opposite_2/camera_images/1624827756.9848819.jpg
Cat1,15mph,lr,opposite,2,1624827757.0182152,/media/batool/MULTIMODAL_DATA/Multimodal_Data/Cat1/opposite/bag_files/Cat1_15mph_lr_opposite_2/camera_images/1624827757.0182152.jpg
Cat1,15mph,lr,opposite,2,1624827757.0515485,/media/batool/MULTIMODAL_DATA/Multimodal_Data/Cat1/opposite/bag_files/Cat1_15mph_lr_opposite_2/camera_images/1624827757.0515485.jpg
Cat1,15mph,lr,opposite,2,1624827757.0848818,/media/batool/MULTIMODAL_DATA/Multimodal_Data/Cat1/opposite/bag_files/Cat1_15mph_lr_opposite_2/camera_images/1624827757.0848818.jpg
Cat1,15mph,lr,opposite,2,1624827757.118215,/media/batool/MULTIMODAL_DATA/Multimodal_Data/Cat1/opposite/bag_files/Cat1_15mph_lr_opposite_2/camera_images/1624827757.118215.jpg
Cat1,15mph,lr,opposite,2,1624827757.1515484,/media/batool/MULTIMODAL_DATA/Multimodal_Data/Cat1/opposite/bag_files/Cat1_15mph_lr_opposite_2/camera_images/1624827757.1515484.jpg
Cat1,15mph,lr,opposite,2,1624827757.1848817,/media/batool/MULTIMODAL_DATA/Multimodal_Data/Cat1/opposite/bag_files/Cat1_15mph_lr_opposite_2/camera_images/1624827757.1848817.jpg
Cat1,15mph,lr,opposite,2,1624827757.218215,/media/batool/MULTIMODAL_DATA/Multimodal_Data/Cat1/opposite/bag_files/Cat1_15mph_lr_opposite_2/camera_images/1624827757.218215.jpg
Cat1,15mph,lr,opposite,2,1624827757.2515483,/media/batool/MULTIMODAL_DATA/Multimodal_Data/Cat1/opposite/bag_files/Cat1_15mph_lr_opposite_2/camera_images/1624827757.2515483.jpg
Cat1,15mph,lr,opposite,2,1624827757.2848816,/media/batool/MULTIMODAL_DATA/Multimodal_Data/Cat1/opposite/bag_files/Cat1_15mph_lr_opposite_2/camera_images/1624827757.2848816.jpg
Cat1,15mph,lr,opposite,2,1624827757.318215,/media/batool/MULTIMODAL_DATA/Multimodal_Data/Cat1/opposite/bag_files/Cat1_15mph_lr_opposite_2/camera_images/1624827757.318215.jpg
Cat1,15mph,lr,opposite,2,1624827757.3515482,/media/batool/MULTIMODAL_DATA/Multimodal_Data/Cat1/opposite/bag_files/Cat1_15mph_lr_opposite_2/camera_images/1624827757.3515482.jpg
Cat1,15mph,lr,opposite,2,1624827757.3848815,/media/batool/MULTIMODAL_DATA/Multimodal_Data/Cat1/opposite/bag_files/Cat1_15mph_lr_opposite_2/camera_images/1624827757.3848815.jpg
Cat1,15mph,lr,opposite,2,1624827757.451548,/media/batool/MULTIMODAL_DATA/Multimodal_Data/Cat1/opposite/bag_files/Cat1_15mph_lr_opposite_2/camera_images/1624827757.451548.jpg
Cat1,15mph,lr,opposite,2,1624827757.4848814,/media/batool/MULTIMODAL_DATA/Multimodal_Data/Cat1/opposite/bag_files/Cat1_15mph_lr_opposite_2/camera_images/1624827757.4848814.jpg
Cat1,15mph,lr,opposite,2,1624827757.5182147,/media/batool/MULTIMODAL_DATA/Multimodal_Data/Cat1/opposite/bag_files/Cat1_15mph_lr_opposite_2/camera_images/1624827757.5182147.jpg
Cat1,15mph,lr,opposite,2,1624827757.551548,/media/batool/MULTIMODAL_DATA/Multimodal_Data/Cat1/opposite/bag_files/Cat1_15mph_lr_opposite_2/camera_images/1624827757.551548.jpg
Cat1,15mph,lr,opposite,2,1624827757.5848813,/media/batool/MULTIMODAL_DATA/Multimodal_Data/Cat1/opposite/bag_files/Cat1_15mph_lr_opposite_2/camera_images/1624827757.5848813.jpg
Cat1,15mph,lr,opposite,2,1624827757.6182146,/media/batool/MULTIMODAL_DATA/Multimodal_Data/Cat1/opposite/bag_files/Cat1_15mph_lr_opposite_2/camera_images/1624827757.6182146.jpg
Cat1,15mph,lr,opposite,2,1624827757.651548,/media/batool/MULTIMODAL_DATA/Multimodal_Data/Cat1/opposite/bag_files/Cat1_15mph_lr_opposite_2/camera_images/1624827757.651548.jpg
Cat1,15mph,lr,opposite,2,1624827757.6848812,/media/batool/MULTIMODAL_DATA/Multimodal_Data/Cat1/opposite/bag_files/Cat1_15mph_lr_opposite_2/camera_images/1624827757.6848812.jpg
Cat1,15mph,lr,opposite,2,1624827757.7182145,/media/batool/MULTIMODAL_DATA/Multimodal_Data/Cat1/opposite/bag_files/Cat1_15mph_lr_opposite_2/camera_images/1624827757.7182145.jpg
Cat1,15mph,lr,opposite,2,1624827757.7515478,/media/batool/MULTIMODAL_DATA/Multimodal_Data/Cat1/opposite/bag_files/Cat1_15mph_lr_opposite_2/camera_images/1624827757.7515478.jpg
Cat1,15mph,lr,opposite,2,1624827757.784881,/media/batool/MULTIMODAL_DATA/Multimodal_Data/Cat1/opposite/bag_files/Cat1_15mph_lr_opposite_2/camera_images/1624827757.784881.jpg
Cat1,15mph,lr,opposite,2,1624827757.8182144,/media/batool/MULTIMODAL_DATA/Multimodal_Data/Cat1/opposite/bag_files/Cat1_15mph_lr_opposite_2/camera_images/1624827757.8182144.jpg
Cat1,15mph,lr,opposite,2,1624827757.8515477,/media/batool/MULTIMODAL_DATA/Multimodal_Data/Cat1/opposite/bag_files/Cat1_15mph_lr_opposite_2/camera_images/1624827757.8515477.jpg
Cat1,15mph,lr,opposite,2,1624827757.884881,/media/batool/MULTIMODAL_DATA/Multimodal_Data/Cat1/opposite/bag_files/Cat1_15mph_lr_opposite_2/camera_images/1624827757.884881.jpg
Cat1,15mph,lr,opposite,2,1624827757.9182143,/media/batool/MULTIMODAL_DATA/Multimodal_Data/Cat1/opposite/bag_files/Cat1_15mph_lr_opposite_2/camera_images/1624827757.9182143.jpg
Cat1,15mph,lr,opposite,2,1624827757.984881,/media/batool/MULTIMODAL_DATA/Multimodal_Data/Cat1/opposite/bag_files/Cat1_15mph_lr_opposite_2/camera_images/1624827757.984881.jpg
Cat1,15mph,lr,opposite,2,1624827758.0182142,/media/batool/MULTIMODAL_DATA/Multimodal_Data/Cat1/opposite/bag_files/Cat1_15mph_lr_opposite_2/camera_images/1624827758.0182142.jpg
Cat1,15mph,lr,opposite,2,1624827758.0515475,/media/batool/MULTIMODAL_DATA/Multimodal_Data/Cat1/opposite/bag_files/Cat1_15mph_lr_opposite_2/camera_images/1624827758.0515475.jpg
Cat1,15mph,lr,opposite,2,1624827758.0848808,/media/batool/MULTIMODAL_DATA/Multimodal_Data/Cat1/opposite/bag_files/Cat1_15mph_lr_opposite_2/camera_images/1624827758.0848808.jpg
Cat1,15mph,lr,opposite,2,1624827758.1182141,/media/batool/MULTIMODAL_DATA/Multimodal_Data/Cat1/opposite/bag_files/Cat1_15mph_lr_opposite_2/camera_images/1624827758.1182141.jpg
Cat1,15mph,lr,opposite,2,1624827758.1515474,/media/batool/MULTIMODAL_DATA/Multimodal_Data/Cat1/opposite/bag_files/Cat1_15mph_lr_opposite_2/camera_images/1624827758.1515474.jpg
Cat1,15mph,lr,opposite,2,1624827758.1848807,/media/batool/MULTIMODAL_DATA/Multimodal_Data/Cat1/opposite/bag_files/Cat1_15mph_lr_opposite_2/camera_images/1624827758.1848807.jpg
Cat1,15mph,lr,opposite,2,1624827758.218214,/media/batool/MULTIMODAL_DATA/Multimodal_Data/Cat1/opposite/bag_files/Cat1_15mph_lr_opposite_2/camera_images/1624827758.218214.jpg
Cat1,15mph,lr,opposite,2,1624827758.2515473,/media/batool/MULTIMODAL_DATA/Multimodal_Data/Cat1/opposite/bag_files/Cat1_15mph_lr_opposite_2/camera_images/1624827758.2515473.jpg
Cat1,15mph,lr,opposite,2,1624827758.2848806,/media/batool/MULTIMODAL_DATA/Multimodal_Data/Cat1/opposite/bag_files/Cat1_15mph_lr_opposite_2/camera_images/1624827758.2848806.jpg
Cat1,15mph,lr,opposite,2,1624827758.318214,/media/batool/MULTIMODAL_DATA/Multimodal_Data/Cat1/opposite/bag_files/Cat1_15mph_lr_opposite_2/camera_images/1624827758.318214.jpg
Cat1,15mph,lr,opposite,2,1624827758.3515472,/media/batool/MULTIMODAL_DATA/Multimodal_Data/Cat1/opposite/bag_files/Cat1_15mph_lr_opposite_2/camera_images/1624827758.3515472.jpg
Cat1,15mph,lr,opposite,2,1624827758.3848805,/media/batool/MULTIMODAL_DATA/Multimodal_Data/Cat1/opposite/bag_files/Cat1_15mph_lr_opposite_2/camera_images/1624827758.3848805.jpg
Cat1,15mph,lr,opposite,2,1624827758.4182138,/media/batool/MULTIMODAL_DATA/Multimodal_Data/Cat1/opposite/bag_files/Cat1_15mph_lr_opposite_2/camera_images/1624827758.4182138.jpg
Cat1,15mph,lr,opposite,2,1624827758.4515471,/media/batool/MULTIMODAL_DATA/Multimodal_Data/Cat1/opposite/bag_files/Cat1_15mph_lr_opposite_2/camera_images/1624827758.4515471.jpg
Cat1,15mph,lr,opposite,2,1624827758.5182137,/media/batool/MULTIMODAL_DATA/Multimodal_Data/Cat1/opposite/bag_files/Cat1_15mph_lr_opposite_2/camera_images/1624827758.5182137.jpg
Cat1,15mph,lr,opposite,2,1624827758.551547,/media/batool/MULTIMODAL_DATA/Multimodal_Data/Cat1/opposite/bag_files/Cat1_15mph_lr_opposite_2/camera_images/1624827758.551547.jpg
Cat1,15mph,lr,opposite,2,1624827758.5848804,/media/batool/MULTIMODAL_DATA/Multimodal_Data/Cat1/opposite/bag_files/Cat1_15mph_lr_opposite_2/camera_images/1624827758.5848804.jpg
Cat1,15mph,lr,opposite,2,1624827758.6182137,/media/batool/MULTIMODAL_DATA/Multimodal_Data/Cat1/opposite/bag_files/Cat1_15mph_lr_opposite_2/camera_images/1624827758.6182137.jpg
Cat1,15mph,lr,opposite,2,1624827758.651547,/media/batool/MULTIMODAL_DATA/Multimodal_Data/Cat1/opposite/bag_files/Cat1_15mph_lr_opposite_2/camera_images/1624827758.651547.jpg
Cat1,15mph,lr,opposite,2,1624827758.6848803,/media/batool/MULTIMODAL_DATA/Multimodal_Data/Cat1/opposite/bag_files/Cat1_15mph_lr_opposite_2/camera_images/1624827758.6848803.jpg
Cat1,15mph,lr,opposite,2,1624827758.7182136,/media/batool/MULTIMODAL_DATA/Multimodal_Data/Cat1/opposite/bag_files/Cat1_15mph_lr_opposite_2/camera_images/1624827758.7182136.jpg
Cat1,15mph,lr,opposite,2,1624827758.7515469,/media/batool/MULTIMODAL_DATA/Multimodal_Data/Cat1/opposite/bag_files/Cat1_15mph_lr_opposite_2/camera_images/1624827758.7515469.jpg
Cat1,15mph,lr,opposite,2,1624827758.7848802,/media/batool/MULTIMODAL_DATA/Multimodal_Data/Cat1/opposite/bag_files/Cat1_15mph_lr_opposite_2/camera_images/1624827758.7848802.jpg
Cat1,15mph,lr,opposite,2,1624827758.8182135,/media/batool/MULTIMODAL_DATA/Multimodal_Data/Cat1/opposite/bag_files/Cat1_15mph_lr_opposite_2/camera_images/1624827758.8182135.jpg
Cat1,15mph,lr,opposite,2,1624827758.8515468,/media/batool/MULTIMODAL_DATA/Multimodal_Data/Cat1/opposite/bag_files/Cat1_15mph_lr_opposite_2/camera_images/1624827758.8515468.jpg
Cat1,15mph,lr,opposite,2,1624827758.88488,/media/batool/MULTIMODAL_DATA/Multimodal_Data/Cat1/opposite/bag_files/Cat1_15mph_lr_opposite_2/camera_images/1624827758.88488.jpg
Cat1,15mph,lr,opposite,2,1624827758.9182134,/media/batool/MULTIMODAL_DATA/Multimodal_Data/Cat1/opposite/bag_files/Cat1_15mph_lr_opposite_2/camera_images/1624827758.9182134.jpg
Cat1,15mph,lr,opposite,2,1624827758.9515467,/media/batool/MULTIMODAL_DATA/Multimodal_Data/Cat1/opposite/bag_files/Cat1_15mph_lr_opposite_2/camera_images/1624827758.9515467.jpg
Cat1,15mph,lr,opposite,2,1624827758.98488,/media/batool/MULTIMODAL_DATA/Multimodal_Data/Cat1/opposite/bag_files/Cat1_15mph_lr_opposite_2/camera_images/1624827758.98488.jpg
Cat1,15mph,lr,opposite,2,1624827759.0515466,/media/batool/MULTIMODAL_DATA/Multimodal_Data/Cat1/opposite/bag_files/Cat1_15mph_lr_opposite_2/camera_images/1624827759.0515466.jpg
Cat1,15mph,lr,opposite,2,1624827759.0848799,/media/batool/MULTIMODAL_DATA/Multimodal_Data/Cat1/opposite/bag_files/Cat1_15mph_lr_opposite_2/camera_images/1624827759.0848799.jpg
Cat1,15mph,lr,opposite,2,1624827759.1182132,/media/batool/MULTIMODAL_DATA/Multimodal_Data/Cat1/opposite/bag_files/Cat1_15mph_lr_opposite_2/camera_images/1624827759.1182132.jpg
Cat1,15mph,lr,opposite,2,1624827759.1515465,/media/batool/MULTIMODAL_DATA/Multimodal_Data/Cat1/opposite/bag_files/Cat1_15mph_lr_opposite_2/camera_images/1624827759.1515465.jpg
Cat1,15mph,lr,opposite,2,1624827759.1848798,/media/batool/MULTIMODAL_DATA/Multimodal_Data/Cat1/opposite/bag_files/Cat1_15mph_lr_opposite_2/camera_images/1624827759.1848798.jpg
Cat1,15mph,lr,opposite,2,1624827759.218213,/media/batool/MULTIMODAL_DATA/Multimodal_Data/Cat1/opposite/bag_files/Cat1_15mph_lr_opposite_2/camera_images/1624827759.218213.jpg
Cat1,15mph,lr,opposite,2,1624827759.2515464,/media/batool/MULTIMODAL_DATA/Multimodal_Data/Cat1/opposite/bag_files/Cat1_15mph_lr_opposite_2/camera_images/1624827759.2515464.jpg
Cat1,15mph,lr,opposite,2,1624827759.2848797,/media/batool/MULTIMODAL_DATA/Multimodal_Data/Cat1/opposite/bag_files/Cat1_15mph_lr_opposite_2/camera_images/1624827759.2848797.jpg
Cat1,15mph,lr,opposite,2,1624827759.318213,/media/batool/MULTIMODAL_DATA/Multimodal_Data/Cat1/opposite/bag_files/Cat1_15mph_lr_opposite_2/camera_images/1624827759.318213.jpg
Cat1,15mph,lr,opposite,2,1624827759.3515463,/media/batool/MULTIMODAL_DATA/Multimodal_Data/Cat1/opposite/bag_files/Cat1_15mph_lr_opposite_2/camera_images/1624827759.3515463.jpg
Cat1,15mph,lr,opposite,2,1624827759.3848796,/media/batool/MULTIMODAL_DATA/Multimodal_Data/Cat1/opposite/bag_files/Cat1_15mph_lr_opposite_2/camera_images/1624827759.3848796.jpg
Cat1,15mph,lr,opposite,2,1624827759.418213,/media/batool/MULTIMODAL_DATA/Multimodal_Data/Cat1/opposite/bag_files/Cat1_15mph_lr_opposite_2/camera_images/1624827759.418213.jpg
Cat1,15mph,lr,opposite,2,1624827759.4515462,/media/batool/MULTIMODAL_DATA/Multimodal_Data/Cat1/opposite/bag_files/Cat1_15mph_lr_opposite_2/camera_images/1624827759.4515462.jpg
Cat1,15mph,lr,opposite,2,1624827759.4848795,/media/batool/MULTIMODAL_DATA/Multimodal_Data/Cat1/opposite/bag_files/Cat1_15mph_lr_opposite_2/camera_images/1624827759.4848795.jpg
Cat1,15mph,lr,opposite,2,1624827759.5182128,/media/batool/MULTIMODAL_DATA/Multimodal_Data/Cat1/opposite/bag_files/Cat1_15mph_lr_opposite_2/camera_images/1624827759.5182128.jpg
Cat1,15mph,lr,opposite,2,1624827759.5848794,/media/batool/MULTIMODAL_DATA/Multimodal_Data/Cat1/opposite/bag_files/Cat1_15mph_lr_opposite_2/camera_images/1624827759.5848794.jpg
Cat1,15mph,lr,opposite,2,1624827759.6182127,/media/batool/MULTIMODAL_DATA/Multimodal_Data/Cat1/opposite/bag_files/Cat1_15mph_lr_opposite_2/camera_images/1624827759.6182127.jpg
Cat1,15mph,lr,opposite,2,1624827759.651546,/media/batool/MULTIMODAL_DATA/Multimodal_Data/Cat1/opposite/bag_files/Cat1_15mph_lr_opposite_2/camera_images/1624827759.651546.jpg
Cat1,15mph,lr,opposite,2,1624827759.6848793,/media/batool/MULTIMODAL_DATA/Multimodal_Data/Cat1/opposite/bag_files/Cat1_15mph_lr_opposite_2/camera_images/1624827759.6848793.jpg
Cat1,15mph,lr,opposite,2,1624827759.7182126,/media/batool/MULTIMODAL_DATA/Multimodal_Data/Cat1/opposite/bag_files/Cat1_15mph_lr_opposite_2/camera_images/1624827759.7182126.jpg
Cat1,15mph,lr,opposite,2,1624827759.751546,/media/batool/MULTIMODAL_DATA/Multimodal_Data/Cat1/opposite/bag_files/Cat1_15mph_lr_opposite_2/camera_images/1624827759.751546.jpg
Cat1,15mph,lr,opposite,2,1624827759.7848792,/media/batool/MULTIMODAL_DATA/Multimodal_Data/Cat1/opposite/bag_files/Cat1_15mph_lr_opposite_2/camera_images/1624827759.7848792.jpg
Cat1,15mph,lr,opposite,2,1624827759.8182125,/media/batool/MULTIMODAL_DATA/Multimodal_Data/Cat1/opposite/bag_files/Cat1_15mph_lr_opposite_2/camera_images/1624827759.8182125.jpg
Cat1,15mph,lr,opposite,2,1624827759.8515458,/media/batool/MULTIMODAL_DATA/Multimodal_Data/Cat1/opposite/bag_files/Cat1_15mph_lr_opposite_2/camera_images/1624827759.8515458.jpg
Cat1,15mph,lr,opposite,2,1624827759.884879,/media/batool/MULTIMODAL_DATA/Multimodal_Data/Cat1/opposite/bag_files/Cat1_15mph_lr_opposite_2/camera_images/1624827759.884879.jpg
Cat1,15mph,lr,opposite,2,1624827759.9182124,/media/batool/MULTIMODAL_DATA/Multimodal_Data/Cat1/opposite/bag_files/Cat1_15mph_lr_opposite_2/camera_images/1624827759.9182124.jpg
Cat1,15mph,lr,opposite,2,1624827759.9515457,/media/batool/MULTIMODAL_DATA/Multimodal_Data/Cat1/opposite/bag_files/Cat1_15mph_lr_opposite_2/camera_images/1624827759.9515457.jpg
Cat1,15mph,lr,opposite,2,1624827759.984879,/media/batool/MULTIMODAL_DATA/Multimodal_Data/Cat1/opposite/bag_files/Cat1_15mph_lr_opposite_2/camera_images/1624827759.984879.jpg
Cat1,15mph,lr,opposite,2,1624827760.0182123,/media/batool/MULTIMODAL_DATA/Multimodal_Data/Cat1/opposite/bag_files/Cat1_15mph_lr_opposite_2/camera_images/1624827760.0182123.jpg
Cat1,15mph,lr,opposite,2,1624827760.0515456,/media/batool/MULTIMODAL_DATA/Multimodal_Data/Cat1/opposite/bag_files/Cat1_15mph_lr_opposite_2/camera_images/1624827760.0515456.jpg
Cat1,15mph,lr,opposite,2,1624827760.1182122,/media/batool/MULTIMODAL_DATA/Multimodal_Data/Cat1/opposite/bag_files/Cat1_15mph_lr_opposite_2/camera_images/1624827760.1182122.jpg
Cat1,15mph,lr,opposite,2,1624827760.1515455,/media/batool/MULTIMODAL_DATA/Multimodal_Data/Cat1/opposite/bag_files/Cat1_15mph_lr_opposite_2/camera_images/1624827760.1515455.jpg
Cat1,15mph,lr,opposite,2,1624827760.1848788,/media/batool/MULTIMODAL_DATA/Multimodal_Data/Cat1/opposite/bag_files/Cat1_15mph_lr_opposite_2/camera_images/1624827760.1848788.jpg
Cat1,15mph,lr,opposite,2,1624827760.2182121,/media/batool/MULTIMODAL_DATA/Multimodal_Data/Cat1/opposite/bag_files/Cat1_15mph_lr_opposite_2/camera_images/1624827760.2182121.jpg
Cat1,15mph,lr,opposite,2,1624827760.2515454,/media/batool/MULTIMODAL_DATA/Multimodal_Data/Cat1/opposite/bag_files/Cat1_15mph_lr_opposite_2/camera_images/1624827760.2515454.jpg
Cat1,15mph,lr,opposite,2,1624827760.2848787,/media/batool/MULTIMODAL_DATA/Multimodal_Data/Cat1/opposite/bag_files/Cat1_15mph_lr_opposite_2/camera_images/1624827760.2848787.jpg
Cat1,15mph,lr,opposite,2,1624827760.318212,/media/batool/MULTIMODAL_DATA/Multimodal_Data/Cat1/opposite/bag_files/Cat1_15mph_lr_opposite_2/camera_images/1624827760.318212.jpg
Cat1,15mph,lr,opposite,2,1624827760.3515453,/media/batool/MULTIMODAL_DATA/Multimodal_Data/Cat1/opposite/bag_files/Cat1_15mph_lr_opposite_2/camera_images/1624827760.3515453.jpg
Cat1,15mph,lr,opposite,2,1624827760.3848786,/media/batool/MULTIMODAL_DATA/Multimodal_Data/Cat1/opposite/bag_files/Cat1_15mph_lr_opposite_2/camera_images/1624827760.3848786.jpg
Cat1,15mph,lr,opposite,2,1624827760.418212,/media/batool/MULTIMODAL_DATA/Multimodal_Data/Cat1/opposite/bag_files/Cat1_15mph_lr_opposite_2/camera_images/1624827760.418212.jpg
Cat1,15mph,lr,opposite,2,1624827760.4515452,/media/batool/MULTIMODAL_DATA/Multimodal_Data/Cat1/opposite/bag_files/Cat1_15mph_lr_opposite_2/camera_images/1624827760.4515452.jpg
Cat1,15mph,lr,opposite,2,1624827760.4848785,/media/batool/MULTIMODAL_DATA/Multimodal_Data/Cat1/opposite/bag_files/Cat1_15mph_lr_opposite_2/camera_images/1624827760.4848785.jpg
Cat1,15mph,lr,opposite,2,1624827760.5182118,/media/batool/MULTIMODAL_DATA/Multimodal_Data/Cat1/opposite/bag_files/Cat1_15mph_lr_opposite_2/camera_images/1624827760.5182118.jpg
Cat1,15mph,lr,opposite,2,1624827760.5515451,/media/batool/MULTIMODAL_DATA/Multimodal_Data/Cat1/opposite/bag_files/Cat1_15mph_lr_opposite_2/camera_images/1624827760.5515451.jpg
Cat1,15mph,lr,opposite,2,1624827760.5848784,/media/batool/MULTIMODAL_DATA/Multimodal_Data/Cat1/opposite/bag_files/Cat1_15mph_lr_opposite_2/camera_images/1624827760.5848784.jpg
Cat1,15mph,lr,opposite,2,1624827760.651545,/media/batool/MULTIMODAL_DATA/Multimodal_Data/Cat1/opposite/bag_files/Cat1_15mph_lr_opposite_2/camera_images/1624827760.651545.jpg
Cat1,15mph,lr,opposite,2,1624827760.6848783,/media/batool/MULTIMODAL_DATA/Multimodal_Data/Cat1/opposite/bag_files/Cat1_15mph_lr_opposite_2/camera_images/1624827760.6848783.jpg
Cat1,15mph,lr,opposite,2,1624827760.7182117,/media/batool/MULTIMODAL_DATA/Multimodal_Data/Cat1/opposite/bag_files/Cat1_15mph_lr_opposite_2/camera_images/1624827760.7182117.jpg
Cat1,15mph,lr,opposite,2,1624827760.751545,/media/batool/MULTIMODAL_DATA/Multimodal_Data/Cat1/opposite/bag_files/Cat1_15mph_lr_opposite_2/camera_images/1624827760.751545.jpg
Cat1,15mph,lr,opposite,2,1624827760.7848783,/media/batool/MULTIMODAL_DATA/Multimodal_Data/Cat1/opposite/bag_files/Cat1_15mph_lr_opposite_2/camera_images/1624827760.7848783.jpg
Cat1,15mph,lr,opposite,2,1624827760.8182116,/media/batool/MULTIMODAL_DATA/Multimodal_Data/Cat1/opposite/bag_files/Cat1_15mph_lr_opposite_2/camera_images/1624827760.8182116.jpg
Cat1,15mph,lr,opposite,2,1624827760.8515449,/media/batool/MULTIMODAL_DATA/Multimodal_Data/Cat1/opposite/bag_files/Cat1_15mph_lr_opposite_2/camera_images/1624827760.8515449.jpg
Cat1,15mph,lr,opposite,2,1624827760.8848782,/media/batool/MULTIMODAL_DATA/Multimodal_Data/Cat1/opposite/bag_files/Cat1_15mph_lr_opposite_2/camera_images/1624827760.8848782.jpg
Cat1,15mph,lr,opposite,2,1624827760.9182115,/media/batool/MULTIMODAL_DATA/Multimodal_Data/Cat1/opposite/bag_files/Cat1_15mph_lr_opposite_2/camera_images/1624827760.9182115.jpg
Cat1,15mph,lr,opposite,2,1624827760.9515448,/media/batool/MULTIMODAL_DATA/Multimodal_Data/Cat1/opposite/bag_files/Cat1_15mph_lr_opposite_2/camera_images/1624827760.9515448.jpg
Cat1,15mph,lr,opposite,2,1624827760.984878,/media/batool/MULTIMODAL_DATA/Multimodal_Data/Cat1/opposite/bag_files/Cat1_15mph_lr_opposite_2/camera_images/1624827760.984878.jpg
Cat1,15mph,lr,opposite,2,1624827761.0182114,/media/batool/MULTIMODAL_DATA/Multimodal_Data/Cat1/opposite/bag_files/Cat1_15mph_lr_opposite_2/camera_images/1624827761.0182114.jpg
Cat1,15mph,lr,opposite,2,1624827761.0515447,/media/batool/MULTIMODAL_DATA/Multimodal_Data/Cat1/opposite/bag_files/Cat1_15mph_lr_opposite_2/camera_images/1624827761.0515447.jpg
Cat1,15mph,lr,opposite,2,1624827761.084878,/media/batool/MULTIMODAL_DATA/Multimodal_Data/Cat1/opposite/bag_files/Cat1_15mph_lr_opposite_2/camera_images/1624827761.084878.jpg
Cat1,15mph,lr,opposite,2,1624827761.1182113,/media/batool/MULTIMODAL_DATA/Multimodal_Data/Cat1/opposite/bag_files/Cat1_15mph_lr_opposite_2/camera_images/1624827761.1182113.jpg
Cat1,15mph,lr,opposite,2,1624827761.1848779,/media/batool/MULTIMODAL_DATA/Multimodal_Data/Cat1/opposite/bag_files/Cat1_15mph_lr_opposite_2/camera_images/1624827761.1848779.jpg
Cat1,15mph,lr,opposite,2,1624827761.2182112,/media/batool/MULTIMODAL_DATA/Multimodal_Data/Cat1/opposite/bag_files/Cat1_15mph_lr_opposite_2/camera_images/1624827761.2182112.jpg
Cat1,15mph,lr,opposite,2,1624827761.2515445,/media/batool/MULTIMODAL_DATA/Multimodal_Data/Cat1/opposite/bag_files/Cat1_15mph_lr_opposite_2/camera_images/1624827761.2515445.jpg
Cat1,15mph,lr,opposite,2,1624827761.2848778,/media/batool/MULTIMODAL_DATA/Multimodal_Data/Cat1/opposite/bag_files/Cat1_15mph_lr_opposite_2/camera_images/1624827761.2848778.jpg
Cat1,15mph,lr,opposite,2,1624827761.318211,/media/batool/MULTIMODAL_DATA/Multimodal_Data/Cat1/opposite/bag_files/Cat1_15mph_lr_opposite_2/camera_images/1624827761.318211.jpg
Cat1,15mph,lr,opposite,2,1624827761.3515444,/media/batool/MULTIMODAL_DATA/Multimodal_Data/Cat1/opposite/bag_files/Cat1_15mph_lr_opposite_2/camera_images/1624827761.3515444.jpg
Cat1,15mph,lr,opposite,2,1624827761.3848777,/media/batool/MULTIMODAL_DATA/Multimodal_Data/Cat1/opposite/bag_files/Cat1_15mph_lr_opposite_2/camera_images/1624827761.3848777.jpg
Cat1,15mph,lr,opposite,2,1624827761.418211,/media/batool/MULTIMODAL_DATA/Multimodal_Data/Cat1/opposite/bag_files/Cat1_15mph_lr_opposite_2/camera_images/1624827761.418211.jpg
Cat1,15mph,lr,opposite,2,1624827761.4515443,/media/batool/MULTIMODAL_DATA/Multimodal_Data/Cat1/opposite/bag_files/Cat1_15mph_lr_opposite_2/camera_images/1624827761.4515443.jpg
Cat1,15mph,lr,opposite,2,1624827761.4848776,/media/batool/MULTIMODAL_DATA/Multimodal_Data/Cat1/opposite/bag_files/Cat1_15mph_lr_opposite_2/camera_images/1624827761.4848776.jpg
Cat1,15mph,lr,opposite,2,1624827761.518211,/media/batool/MULTIMODAL_DATA/Multimodal_Data/Cat1/opposite/bag_files/Cat1_15mph_lr_opposite_2/camera_images/1624827761.518211.jpg
Cat1,15mph,lr,opposite,2,1624827761.5515442,/media/batool/MULTIMODAL_DATA/Multimodal_Data/Cat1/opposite/bag_files/Cat1_15mph_lr_opposite_2/camera_images/1624827761.5515442.jpg
Cat1,15mph,lr,opposite,2,1624827761.5848775,/media/batool/MULTIMODAL_DATA/Multimodal_Data/Cat1/opposite/bag_files/Cat1_15mph_lr_opposite_2/camera_images/1624827761.5848775.jpg
Cat1,15mph,lr,opposite,2,1624827761.6182108,/media/batool/MULTIMODAL_DATA/Multimodal_Data/Cat1/opposite/bag_files/Cat1_15mph_lr_opposite_2/camera_images/1624827761.6182108.jpg
Cat1,15mph,lr,opposite,2,1624827761.651544,/media/batool/MULTIMODAL_DATA/Multimodal_Data/Cat1/opposite/bag_files/Cat1_15mph_lr_opposite_2/camera_images/1624827761.651544.jpg
Cat1,15mph,lr,opposite,2,1624827761.7182107,/media/batool/MULTIMODAL_DATA/Multimodal_Data/Cat1/opposite/bag_files/Cat1_15mph_lr_opposite_2/camera_images/1624827761.7182107.jpg
Cat1,15mph,lr,opposite,2,1624827761.751544,/media/batool/MULTIMODAL_DATA/Multimodal_Data/Cat1/opposite/bag_files/Cat1_15mph_lr_opposite_2/camera_images/1624827761.751544.jpg
Cat1,15mph,lr,opposite,2,1624827761.7848773,/media/batool/MULTIMODAL_DATA/Multimodal_Data/Cat1/opposite/bag_files/Cat1_15mph_lr_opposite_2/camera_images/1624827761.7848773.jpg
Cat1,15mph,lr,opposite,2,1624827761.8182106,/media/batool/MULTIMODAL_DATA/Multimodal_Data/Cat1/opposite/bag_files/Cat1_15mph_lr_opposite_2/camera_images/1624827761.8182106.jpg
Cat1,15mph,lr,opposite,2,1624827761.851544,/media/batool/MULTIMODAL_DATA/Multimodal_Data/Cat1/opposite/bag_files/Cat1_15mph_lr_opposite_2/camera_images/1624827761.851544.jpg
Cat1,15mph,lr,opposite,2,1624827761.8848772,/media/batool/MULTIMODAL_DATA/Multimodal_Data/Cat1/opposite/bag_files/Cat1_15mph_lr_opposite_2/camera_images/1624827761.8848772.jpg
Cat1,15mph,lr,opposite,2,1624827761.9182105,/media/batool/MULTIMODAL_DATA/Multimodal_Data/Cat1/opposite/bag_files/Cat1_15mph_lr_opposite_2/camera_images/1624827761.9182105.jpg
Cat1,15mph,lr,opposite,2,1624827761.9515438,/media/batool/MULTIMODAL_DATA/Multimodal_Data/Cat1/opposite/bag_files/Cat1_15mph_lr_opposite_2/camera_images/1624827761.9515438.jpg
Cat1,15mph,lr,opposite,2,1624827761.984877,/media/batool/MULTIMODAL_DATA/Multimodal_Data/Cat1/opposite/bag_files/Cat1_15mph_lr_opposite_2/camera_images/1624827761.984877.jpg
Cat1,15mph,lr,opposite,2,1624827762.0182104,/media/batool/MULTIMODAL_DATA/Multimodal_Data/Cat1/opposite/bag_files/Cat1_15mph_lr_opposite_2/camera_images/1624827762.0182104.jpg
Cat1,15mph,lr,opposite,2,1624827762.0515437,/media/batool/MULTIMODAL_DATA/Multimodal_Data/Cat1/opposite/bag_files/Cat1_15mph_lr_opposite_2/camera_images/1624827762.0515437.jpg
Cat1,15mph,lr,opposite,2,1624827762.084877,/media/batool/MULTIMODAL_DATA/Multimodal_Data/Cat1/opposite/bag_files/Cat1_15mph_lr_opposite_2/camera_images/1624827762.084877.jpg
Cat1,15mph,lr,opposite,2,1624827762.1182103,/media/batool/MULTIMODAL_DATA/Multimodal_Data/Cat1/opposite/bag_files/Cat1_15mph_lr_opposite_2/camera_images/1624827762.1182103.jpg
Cat1,15mph,lr,opposite,2,1624827762.1515436,/media/batool/MULTIMODAL_DATA/Multimodal_Data/Cat1/opposite/bag_files/Cat1_15mph_lr_opposite_2/camera_images/1624827762.1515436.jpg
Cat1,15mph,lr,opposite,2,1624827762.184877,/media/batool/MULTIMODAL_DATA/Multimodal_Data/Cat1/opposite/bag_files/Cat1_15mph_lr_opposite_2/camera_images/1624827762.184877.jpg
Cat1,15mph,lr,opposite,2,1624827762.2515435,/media/batool/MULTIMODAL_DATA/Multimodal_Data/Cat1/opposite/bag_files/Cat1_15mph_lr_opposite_2/camera_images/1624827762.2515435.jpg
Cat1,15mph,lr,opposite,2,1624827762.2848768,/media/batool/MULTIMODAL_DATA/Multimodal_Data/Cat1/opposite/bag_files/Cat1_15mph_lr_opposite_2/camera_images/1624827762.2848768.jpg
Cat1,15mph,lr,opposite,2,1624827762.3182101,/media/batool/MULTIMODAL_DATA/Multimodal_Data/Cat1/opposite/bag_files/Cat1_15mph_lr_opposite_2/camera_images/1624827762.3182101.jpg
Cat1,15mph,lr,opposite,2,1624827762.3515434,/media/batool/MULTIMODAL_DATA/Multimodal_Data/Cat1/opposite/bag_files/Cat1_15mph_lr_opposite_2/camera_images/1624827762.3515434.jpg
Cat1,15mph,lr,opposite,2,1624827762.3848767,/media/batool/MULTIMODAL_DATA/Multimodal_Data/Cat1/opposite/bag_files/Cat1_15mph_lr_opposite_2/camera_images/1624827762.3848767.jpg
Cat1,15mph,lr,opposite,2,1624827762.41821,/media/batool/MULTIMODAL_DATA/Multimodal_Data/Cat1/opposite/bag_files/Cat1_15mph_lr_opposite_2/camera_images/1624827762.41821.jpg
Cat1,15mph,lr,opposite,2,1624827762.4515433,/media/batool/MULTIMODAL_DATA/Multimodal_Data/Cat1/opposite/bag_files/Cat1_15mph_lr_opposite_2/camera_images/1624827762.4515433.jpg
Cat1,15mph,lr,opposite,2,1624827762.4848766,/media/batool/MULTIMODAL_DATA/Multimodal_Data/Cat1/opposite/bag_files/Cat1_15mph_lr_opposite_2/camera_images/1624827762.4848766.jpg
Cat1,15mph,lr,opposite,2,1624827762.51821,/media/batool/MULTIMODAL_DATA/Multimodal_Data/Cat1/opposite/bag_files/Cat1_15mph_lr_opposite_2/camera_images/1624827762.51821.jpg
Cat1,15mph,lr,opposite,2,1624827762.5515432,/media/batool/MULTIMODAL_DATA/Multimodal_Data/Cat1/opposite/bag_files/Cat1_15mph_lr_opposite_2/camera_images/1624827762.5515432.jpg
Cat1,15mph,lr,opposite,2,1624827762.5848765,/media/batool/MULTIMODAL_DATA/Multimodal_Data/Cat1/opposite/bag_files/Cat1_15mph_lr_opposite_2/camera_images/1624827762.5848765.jpg
Cat1,15mph,lr,opposite,2,1624827762.6182098,/media/batool/MULTIMODAL_DATA/Multimodal_Data/Cat1/opposite/bag_files/Cat1_15mph_lr_opposite_2/camera_images/1624827762.6182098.jpg
Cat1,15mph,lr,opposite,2,1624827762.6515431,/media/batool/MULTIMODAL_DATA/Multimodal_Data/Cat1/opposite/bag_files/Cat1_15mph_lr_opposite_2/camera_images/1624827762.6515431.jpg
Cat1,15mph,lr,opposite,2,1624827762.6848764,/media/batool/MULTIMODAL_DATA/Multimodal_Data/Cat1/opposite/bag_files/Cat1_15mph_lr_opposite_2/camera_images/1624827762.6848764.jpg
Cat1,15mph,lr,opposite,2,1624827762.7182097,/media/batool/MULTIMODAL_DATA/Multimodal_Data/Cat1/opposite/bag_files/Cat1_15mph_lr_opposite_2/camera_images/1624827762.7182097.jpg
Cat1,15mph,lr,opposite,2,1624827762.7848763,/media/batool/MULTIMODAL_DATA/Multimodal_Data/Cat1/opposite/bag_files/Cat1_15mph_lr_opposite_2/camera_images/1624827762.7848763.jpg
Cat1,15mph,lr,opposite,2,1624827762.8182096,/media/batool/MULTIMODAL_DATA/Multimodal_Data/Cat1/opposite/bag_files/Cat1_15mph_lr_opposite_2/camera_images/1624827762.8182096.jpg
Cat1,15mph,lr,opposite,2,1624827762.851543,/media/batool/MULTIMODAL_DATA/Multimodal_Data/Cat1/opposite/bag_files/Cat1_15mph_lr_opposite_2/camera_images/1624827762.851543.jpg
Cat1,15mph,lr,opposite,2,1624827762.8848763,/media/batool/MULTIMODAL_DATA/Multimodal_Data/Cat1/opposite/bag_files/Cat1_15mph_lr_opposite_2/camera_images/1624827762.8848763.jpg
Cat1,15mph,lr,opposite,2,1624827762.9182096,/media/batool/MULTIMODAL_DATA/Multimodal_Data/Cat1/opposite/bag_files/Cat1_15mph_lr_opposite_2/camera_images/1624827762.9182096.jpg
Cat1,15mph,lr,opposite,2,1624827762.9515429,/media/batool/MULTIMODAL_DATA/Multimodal_Data/Cat1/opposite/bag_files/Cat1_15mph_lr_opposite_2/camera_images/1624827762.9515429.jpg
Cat1,15mph,lr,opposite,2,1624827762.9848762,/media/batool/MULTIMODAL_DATA/Multimodal_Data/Cat1/opposite/bag_files/Cat1_15mph_lr_opposite_2/camera_images/1624827762.9848762.jpg
Cat1,15mph,lr,opposite,2,1624827763.0182095,/media/batool/MULTIMODAL_DATA/Multimodal_Data/Cat1/opposite/bag_files/Cat1_15mph_lr_opposite_2/camera_images/1624827763.0182095.jpg
Cat1,15mph,lr,opposite,2,1624827763.0515428,/media/batool/MULTIMODAL_DATA/Multimodal_Data/Cat1/opposite/bag_files/Cat1_15mph_lr_opposite_2/camera_images/1624827763.0515428.jpg
Cat1,15mph,lr,opposite,2,1624827763.084876,/media/batool/MULTIMODAL_DATA/Multimodal_Data/Cat1/opposite/bag_files/Cat1_15mph_lr_opposite_2/camera_images/1624827763.084876.jpg
Cat1,15mph,lr,opposite,2,1624827763.1182094,/media/batool/MULTIMODAL_DATA/Multimodal_Data/Cat1/opposite/bag_files/Cat1_15mph_lr_opposite_2/camera_images/1624827763.1182094.jpg
Cat1,15mph,lr,opposite,2,1624827763.1515427,/media/batool/MULTIMODAL_DATA/Multimodal_Data/Cat1/opposite/bag_files/Cat1_15mph_lr_opposite_2/camera_images/1624827763.1515427.jpg
Cat1,15mph,lr,opposite,2,1624827763.184876,/media/batool/MULTIMODAL_DATA/Multimodal_Data/Cat1/opposite/bag_files/Cat1_15mph_lr_opposite_2/camera_images/1624827763.184876.jpg
Cat1,15mph,lr,opposite,2,1624827763.2182093,/media/batool/MULTIMODAL_DATA/Multimodal_Data/Cat1/opposite/bag_files/Cat1_15mph_lr_opposite_2/camera_images/1624827763.2182093.jpg
Cat1,15mph,lr,opposite,2,1624827763.2515426,/media/batool/MULTIMODAL_DATA/Multimodal_Data/Cat1/opposite/bag_files/Cat1_15mph_lr_opposite_2/camera_images/1624827763.2515426.jpg
Cat1,15mph,lr,opposite,2,1624827763.3182092,/media/batool/MULTIMODAL_DATA/Multimodal_Data/Cat1/opposite/bag_files/Cat1_15mph_lr_opposite_2/camera_images/1624827763.3182092.jpg
Cat1,15mph,lr,opposite,2,1624827763.3515425,/media/batool/MULTIMODAL_DATA/Multimodal_Data/Cat1/opposite/bag_files/Cat1_15mph_lr_opposite_2/camera_images/1624827763.3515425.jpg
Cat1,15mph,lr,opposite,2,1624827763.3848758,/media/batool/MULTIMODAL_DATA/Multimodal_Data/Cat1/opposite/bag_files/Cat1_15mph_lr_opposite_2/camera_images/1624827763.3848758.jpg
Cat1,15mph,lr,opposite,2,1624827763.418209,/media/batool/MULTIMODAL_DATA/Multimodal_Data/Cat1/opposite/bag_files/Cat1_15mph_lr_opposite_2/camera_images/1624827763.418209.jpg
Cat1,15mph,lr,opposite,2,1624827763.4515424,/media/batool/MULTIMODAL_DATA/Multimodal_Data/Cat1/opposite/bag_files/Cat1_15mph_lr_opposite_2/camera_images/1624827763.4515424.jpg
Cat1,15mph,lr,opposite,2,1624827763.4848757,/media/batool/MULTIMODAL_DATA/Multimodal_Data/Cat1/opposite/bag_files/Cat1_15mph_lr_opposite_2/camera_images/1624827763.4848757.jpg
Cat1,15mph,lr,opposite,2,1624827763.518209,/media/batool/MULTIMODAL_DATA/Multimodal_Data/Cat1/opposite/bag_files/Cat1_15mph_lr_opposite_2/camera_images/1624827763.518209.jpg
Cat1,15mph,lr,opposite,2,1624827763.5515423,/media/batool/MULTIMODAL_DATA/Multimodal_Data/Cat1/opposite/bag_files/Cat1_15mph_lr_opposite_2/camera_images/1624827763.5515423.jpg
Cat1,15mph,lr,opposite,2,1624827763.5848756,/media/batool/MULTIMODAL_DATA/Multimodal_Data/Cat1/opposite/bag_files/Cat1_15mph_lr_opposite_2/camera_images/1624827763.5848756.jpg
Cat1,15mph,lr,opposite,2,1624827763.618209,/media/batool/MULTIMODAL_DATA/Multimodal_Data/Cat1/opposite/bag_files/Cat1_15mph_lr_opposite_2/camera_images/1624827763.618209.jpg
Cat1,15mph,lr,opposite,2,1624827763.6515422,/media/batool/MULTIMODAL_DATA/Multimodal_Data/Cat1/opposite/bag_files/Cat1_15mph_lr_opposite_2/camera_images/1624827763.6515422.jpg
Cat1,15mph,lr,opposite,2,1624827763.6848755,/media/batool/MULTIMODAL_DATA/Multimodal_Data/Cat1/opposite/bag_files/Cat1_15mph_lr_opposite_2/camera_images/1624827763.6848755.jpg
Cat1,15mph,lr,opposite,2,1624827763.7182088,/media/batool/MULTIMODAL_DATA/Multimodal_Data/Cat1/opposite/bag_files/Cat1_15mph_lr_opposite_2/camera_images/1624827763.7182088.jpg
Cat1,15mph,lr,opposite,2,1624827763.751542,/media/batool/MULTIMODAL_DATA/Multimodal_Data/Cat1/opposite/bag_files/Cat1_15mph_lr_opposite_2/camera_images/1624827763.751542.jpg
Cat1,15mph,lr,opposite,2,1624827763.7848754,/media/batool/MULTIMODAL_DATA/Multimodal_Data/Cat1/opposite/bag_files/Cat1_15mph_lr_opposite_2/camera_images/1624827763.7848754.jpg
Cat1,15mph,lr,opposite,2,1624827763.8182087,/media/batool/MULTIMODAL_DATA/Multimodal_Data/Cat1/opposite/bag_files/Cat1_15mph_lr_opposite_2/camera_images/1624827763.8182087.jpg
Cat1,15mph,lr,opposite,2,1624827763.851542,/media/batool/MULTIMODAL_DATA/Multimodal_Data/Cat1/opposite/bag_files/Cat1_15mph_lr_opposite_2/camera_images/1624827763.851542.jpg
Cat1,15mph,lr,opposite,2,1624827763.8848753,/media/batool/MULTIMODAL_DATA/Multimodal_Data/Cat1/opposite/bag_files/Cat1_15mph_lr_opposite_2/camera_images/1624827763.8848753.jpg
Cat1,15mph,lr,opposite,2,1624827763.9182086,/media/batool/MULTIMODAL_DATA/Multimodal_Data/Cat1/opposite/bag_files/Cat1_15mph_lr_opposite_2/camera_images/1624827763.9182086.jpg
Cat1,15mph,lr,opposite,2,1624827763.951542,/media/batool/MULTIMODAL_DATA/Multimodal_Data/Cat1/opposite/bag_files/Cat1_15mph_lr_opposite_2/camera_images/1624827763.951542.jpg
Cat1,15mph,lr,opposite,2,1624827763.9848752,/media/batool/MULTIMODAL_DATA/Multimodal_Data/Cat1/opposite/bag_files/Cat1_15mph_lr_opposite_2/camera_images/1624827763.9848752.jpg
Cat1,15mph,lr,opposite,2,1624827764.0182085,/media/batool/MULTIMODAL_DATA/Multimodal_Data/Cat1/opposite/bag_files/Cat1_15mph_lr_opposite_2/camera_images/1624827764.0182085.jpg
